x,y
5.994755484645659,-1.0080287101341463
5.982952775538423,-1.0089770488881697
5.971888601754175,-1.0107871908535928
5.961807173027587,-1.0155200158148037
5.9541781485208,-1.0208754024012427
5.947387668306062,-1.0263091737969634
5.941069095994199,-1.0341316556704352
5.936225368078168,-1.04301741887947
5.932723328755466,-1.052539190943233
5.92960738813681,-1.0623932356633745
5.9289818214889385,-1.0741204198930743
5.929692891103188,-1.086495769464078
5.932253513438899,-1.0977002437223697
5.937451282264954,-1.1104150256348597
5.943462416440574,-1.1238732518280625
5.951939075377067,-1.1383257250392977
5.960978322580031,-1.153688016828121
5.971271469175794,-1.1724857843323864
5.983727009607378,-1.1929270108097523
5.996777944723674,-1.2138679219312853
6.011607212084976,-1.2378297840158032
6.02872848940148,-1.2614805288501278
6.046148017381328,-1.2851400997827442
6.064958424845836,-1.3095518867222224
6.084989225320778,-1.334505693199077
6.106077106935927,-1.3603768723033893
6.128227514137624,-1.3851054877384117
6.150990976727742,-1.4104601545911881
6.174884232233139,-1.4369019723162237
6.200663601389426,-1.4628907122972186
6.224655082879049,-1.4878740951962843
6.249578467354009,-1.5128848762971563
6.276344161651683,-1.5375339270427009
6.3011129989919406,-1.5608709998335897
6.326737480638387,-1.5846562460479343
6.352623078376565,-1.607758766173121
6.377945136070299,-1.630839646742063
6.4039697882366955,-1.6534522626937416
6.430408695345415,-1.676060075620835
6.457141932653043,-1.6980591582690958
6.483789661921814,-1.7193631461695413
6.510678031712851,-1.7405443341810716
6.537736879002059,-1.7596791280086714
6.5649208911307175,-1.7780584118849994
6.591919788113037,-1.7955534056092846
6.621109116251944,-1.8130695237232346
6.650107522503445,-1.8285838526470068
6.678153478592806,-1.8430397685961541
6.70775552464168,-1.8566662106961354
6.739248196205146,-1.8700572757433207
6.76852572916789,-1.8804800816525793
6.797571313075002,-1.8892418770788122
6.826329697052103,-1.8966873853000727
6.85648588260963,-1.9031561650367326
6.8857826405857,-1.9069919068411425
6.914205974926811,-1.9092844967411202
6.9449714989026265,-1.910575939731496
6.975295231997715,-1.9099243872144398
7.004768427452307,-1.9085633240106037
7.036186878149136,-1.9049028194574604
7.068224201255322,-1.8997488210281541
7.099300873108772,-1.893705174215885
7.131685172462953,-1.88561297149357
7.16297676854029,-1.8759032374825897
7.1936802976633505,-1.864803498583481
7.224159234566031,-1.8504658714551983
7.25331118994267,-1.834077900387621
7.2821326316993344,-1.8155483453539218
7.3075227635816855,-1.793654484616458
7.33118246853636,-1.7695588620864888
7.354211643936071,-1.743122279691864
7.373018068384153,-1.7154143351123412
7.38842068882799,-1.684240712580826
7.4033432636619425,-1.6526968324659272
7.414937948942488,-1.6208826262010856
7.425319769875526,-1.58797927427614
7.433528804859409,-1.5542037258800265
7.441086867465563,-1.521001170641942
7.448405195608406,-1.4869950187308925
7.454327535094346,-1.450997769791168
7.461154528657351,-1.4152929893511013
7.469558721815204,-1.3806835249538445
7.476761958922868,-1.345297878621489
7.484762767487731,-1.3105814170605536
7.493585045430395,-1.2760065974608628
7.502732672053415,-1.2423429562636523
7.512706778726108,-1.2083987948363866
7.523258762968828,-1.1749583425249557
7.533341204573007,-1.1420287992021922
7.5436959600763025,-1.1092283721681135
7.554255060868579,-1.075811462773173
7.563861496713087,-1.043817387264564
7.573704160047652,-1.012232336950257
7.58144298713061,-0.9792950509332583
7.58935828255691,-0.9480755254097292
7.595915959098153,-0.9166450579039925
7.5990281287440995,-0.8851833453625488
7.6022754001830135,-0.854064480193095
7.604378127233263,-0.824782234220536
7.603480417572468,-0.7950629235339894
7.600970553345602,-0.7650093282454533
7.597206943517826,-0.7365250650931732
7.592457812290611,-0.7093154560972369
7.5843836152935795,-0.6813281272764343
7.573995860226341,-0.654400772367139
7.562952706483188,-0.6289386046116442
7.550383394785478,-0.6047127337192181
7.534828555130761,-0.5785973046219547
7.5181585905773805,-0.5531627867654945
7.499292509958121,-0.5301251291614264
7.477348950490434,-0.5063513310278406
7.455866900908912,-0.4843147564316285
7.430021409919682,-0.46501906349726807
7.403703598551646,-0.44542799170874997
7.377013658259897,-0.4274794546491361
7.347200322232887,-0.41108697508616665
7.319090335768127,-0.3967164668462141
7.290023162920039,-0.3815558538249985
7.261317849086237,-0.3667446746586331
7.234755268158228,-0.35500041485468103
7.207546779429645,-0.34352526413180146
7.181323367874841,-0.3323268265758186
7.159043366568056,-0.32547688319761997
7.137244383188076,-0.319531502501434
7.116668808064027,-0.314145921607034
7.097711950762979,-0.3085096778202668
7.081242425610889,-0.3062096215457358
7.065288065830832,-0.3046176779630341
7.050235747415941,-0.30302538451252126
7.035114959976531,-0.30422236167458966
7.02252563135943,-0.30877451405570444
7.009783443552591,-0.3129486596887167
6.996940134625262,-0.3182947738907292
6.986274437631602,-0.32632359957158125
6.9753555238474005,-0.33367374593798393
6.96555068862337,-0.34224580060857734
6.957842404862168,-0.35215997057522536
6.949569172297659,-0.3616124413613906
6.942789094785923,-0.3717250591671249
6.936118123966422,-0.38170649835372494
6.929130222953211,-0.3933597669452108
6.924028938245597,-0.4050197890441083
6.918238832341158,-0.4161941600513172
6.9144115703311915,-0.42939414135925874
6.911397468358448,-0.44221020950922973
6.9088465026566475,-0.4549745134349038
6.906613880990804,-0.46681100806676656
6.9047161206959515,-0.4792941554659728
6.9018984643853205,-0.4902395075281329
6.898004256275201,-0.5000762798460602
6.895116185484303,-0.5108729438468861
6.891777390715834,-0.5212051766035277
6.88898813691463,-0.5305751508735992
6.885769819760833,-0.5389441267413426
6.882789112595488,-0.5474270212935085
6.881507824132476,-0.5555995558462893
6.877588252911568,-0.5613047532453982
6.876107604524001,-0.5694383228003411
6.875587442280964,-0.5776941361280777
6.8750589564538975,-0.5847173125830235
6.876555540752819,-0.5935738511143553
6.878315731288749,-0.6020964957462167
6.883156736162443,-0.6093196617378899
6.889000548974054,-0.6177267928492961
6.895951940289642,-0.6256362456661934
6.9053391401594,-0.6329860705722911
6.915023441338734,-0.6401792585407226
6.9253635835880125,-0.6491145143751172
6.936680494926426,-0.6587941253444701
6.9487525200679405,-0.6685412576792601
6.95977124978653,-0.6791097396913207
6.971980596613786,-0.6916461280469917
6.98522544582931,-0.7043009840393388
6.997127616067884,-0.7176649791539592
7.009948780147892,-0.731799686119925
7.022865307858495,-0.7471459740562679
7.036668626275881,-0.7624995015333158
7.050657845117845,-0.7777177336618502
7.063960418971184,-0.792886000685447
7.080219462230131,-0.8096544326568125
7.095127505373616,-0.8235810282652645
7.108141448932019,-0.8367768481980502
7.122970681979951,-0.8512112880924981
7.135873948661588,-0.8628495677319548
7.14866625373262,-0.8757883947335855
7.15950127038786,-0.8868984585833375
7.169495984621896,-0.8974403078354732
7.1789209917064545,-0.908977172225985
7.187085624855732,-0.9192683099283854
7.194807431529141,-0.9294461842336733
7.202826349628438,-0.9387554371365875
7.209530234508339,-0.9472940945444619
7.215490941793192,-0.9559458521512174
7.221372348769725,-0.9644278238816828
7.2253799091368185,-0.9719801776649838
7.228171115456091,-0.9792275679076788
7.23273254312261,-0.9876193190075219
7.237214506264832,-0.9954062827791956
7.24093324423436,-1.001987194444422
7.246446766333448,-1.0096032818436893
7.252442534765781,-1.0170608014147582
7.2590228738907445,-1.0246257964749101
7.264377810226256,-1.0316987977103416
7.271932280553849,-1.0409529667367288
7.2809605823873715,-1.050470784560373
7.2872216443350535,-1.0580540780063208
7.296289049900123,-1.0675442604640542
7.304209978140298,-1.0758550317478013
7.311096078488436,-1.0849111924018735
7.316948537073874,-1.0930733252457174
7.321328267305673,-1.098295946410062
7.324446029647596,-1.1045745106402545
7.3238418346785235,-1.108597666388076
7.3206768056583105,-1.1087747551079437
7.315683460127488,-1.1101663425616906
7.307551742200968,-1.1094643454533342
7.294916453803327,-1.1064488189406558
7.280256790360862,-1.1040656562385474
7.263819045121808,-1.101185429359461
7.243927879667797,-1.096917796100825
7.224076667763741,-1.0929830297139622
7.202649486178257,-1.0878472672287005
7.176971465836829,-1.0801337902349784
7.151415759241428,-1.0712778984640943
7.12455460809392,-1.0611099557059784
7.095093727543014,-1.0500943662650521
7.063076342229288,-1.0367258354738529
7.0294872499934735,-1.0215864028109825
6.994891210897872,-1.0071023995897823
6.957204680736097,-0.9900859927764559
6.916650812751478,-0.9707995255932776
6.8760041103560035,-0.9516219878875215
6.833723599837094,-0.9319216164023966
6.789536504886662,-0.9114178856744906
6.743256717543876,-0.8898244342615205
6.697996922226471,-0.8693858146167556
6.649973008541101,-0.8497242804113615
6.601641368743633,-0.8295244458204222
6.5530398675996695,-0.8096910316545614
6.503256110729932,-0.7913789516240931
6.453037883891195,-0.772752425814113
6.40240894088631,-0.7545550223508215
6.352415080953352,-0.7393204323299455
6.301285523268596,-0.723180550785828
6.250623153156294,-0.7074258481283189
6.2012542133976725,-0.6940655912617731
6.150850510664268,-0.6810254109404277
6.099529508827237,-0.6680025869579
6.0500377188880226,-0.656736199541211
6.000995804373565,-0.6471823271947258
5.951786259794424,-0.6375223974657808
5.903242185273452,-0.6266612833931821
5.855379777485166,-0.6172611436042296
5.808775374248691,-0.6082158401281136
5.762489297218095,-0.5979504645943287
5.718171421548436,-0.5893658018384157
5.675228097409062,-0.5814142886176494
5.634218509941608,-0.5742931372830944
5.5940434545138515,-0.5656158511699291
5.556496962461148,-0.5579200309426967
5.520644129477916,-0.5526022869987054
5.485862848159547,-0.5455437283880679
5.4545112613157665,-0.5405974612528183
5.425205058057333,-0.5399139514022929
5.397516167573084,-0.5382330172002635
5.372683904550623,-0.5385853875847362
5.350290322898746,-0.541212661916592
5.329156685632156,-0.5433785660304349
5.309467163351305,-0.5459596624954666
5.291034116940122,-0.5494185341126737
5.274171340559345,-0.5539619652258743
5.2576103838718495,-0.558876230363713
5.242563091271509,-0.5646617345738556
5.227907279447272,-0.5713468004604879
5.21431637624618,-0.5796553171572714
5.202597465011424,-0.5878725980670351
5.190837045173861,-0.5968973986955882
5.180727996317568,-0.6086557928567593
5.171958957737317,-0.6204454115380179
5.163922853469432,-0.6329672244007598
5.158046994466674,-0.6476251153373576
5.154914186558942,-0.6623182758691493
5.150726855808786,-0.6756066356022099
5.148502662277738,-0.689630049907246
5.148671834275034,-0.7043941810094272
5.148441002260897,-0.7187914456233402
5.149774168155323,-0.7314858170946847
5.1525512349082065,-0.7443187830407323
5.155140027108096,-0.7571796550453461
5.160398835396339,-0.7686122280161134
5.165879463619442,-0.780526303277158
5.171838035618737,-0.7919681485239335
5.179401973504018,-0.8017128902941755
5.187019041964456,-0.8110705741865267
5.19603037801416,-0.821743449516568
5.206177297791022,-0.8317323217869861
5.216715622948517,-0.840164875325907
5.229469941193321,-0.8494859784292217
5.244388725265396,-0.8592576567238526
5.259735304792232,-0.8675578104383637
5.277209948535205,-0.8751927066448717
5.296248493435342,-0.8842197957938565
5.319596253836901,-0.895401909556242
5.344985894997305,-0.9052311360194363
5.370441418578428,-0.9161969117706662
5.40070295278566,-0.9301154289376424
5.431045131550591,-0.9420479274438117
5.462292077479939,-0.9554529060062209
5.496526397469379,-0.9702077787426793
5.532389866147005,-0.9859105736614105
5.570170417448938,-1.002194499072828
5.608654847376421,-1.0186525437883511
5.648806901677347,-1.035919434843041
5.690939925359148,-1.0531646857171635
5.733407906322305,-1.0698067230161634
5.775826757616071,-1.086596945282996
5.820352395370544,-1.1020812207546389
5.865806455688696,-1.1163463954791328
5.909840731330036,-1.13019113062711
5.955810593090703,-1.1431116822936271
6.000278396668524,-1.1543473048870436
6.043388148705343,-1.165179892281742
6.087481687809448,-1.1768848156133855
6.130816069890362,-1.1877674454050016
6.172574176045059,-1.1980941717141727
6.212910693274706,-1.2077934197135087
6.253081170190754,-1.2173373012786006
6.292101737102122,-1.2252463440378947
6.328224837165543,-1.231960067699143
6.362799457123019,-1.2372479210099965
6.395950856659083,-1.243659651936684
6.426274677087097,-1.2499278223315236
6.454557747571408,-1.2578067286174806
6.481734732041207,-1.2667902442676666
6.508137606133527,-1.2757588323775735
6.5322711644928555,-1.2847184799093447
6.555743951964263,-1.2942947925965222
6.577821967408473,-1.3042880298171147
6.600224530091613,-1.314094603669908
6.620657854027752,-1.323976682888817
6.640441303051836,-1.3339592392023625
6.660240263969269,-1.3441258493170667
6.677623628593099,-1.3530834925363364
6.695500720772735,-1.3623265397174105
6.712254781924365,-1.3703217056193033
6.725962883781174,-1.3765609983003466
6.739533362327765,-1.3834311580435137
6.751025129778213,-1.3892442833986638
6.759987623336546,-1.3937785736965522
6.766415500131121,-1.3981662073083043
6.770900468326597,-1.4028036235324515
6.773480185347094,-1.406356157698536
6.770762682486466,-1.4064848582035812
6.764226730117475,-1.4060131534156821
6.757290360681481,-1.4045682109684794
6.745786774575461,-1.4007993545294213
6.731532738930431,-1.3959924539824369
6.715088506152651,-1.3888104341918561
6.697285571963538,-1.3820559933103538
6.677221295447106,-1.374165108987909
6.65628530875199,-1.364309669564428
6.63583412175677,-1.3542945143807168
6.613858891460783,-1.3439641301015393
6.591627442836493,-1.3320053822039146
6.569682888186511,-1.3201044770977448
6.54795013815392,-1.3095930143848071
6.526077779567015,-1.2991814264367216
6.504590800331355,-1.288553435936201
6.484588703262362,-1.2794545385112313
6.4638559987857205,-1.2704520317354047
6.442831515606362,-1.260642731328479
6.42386887435552,-1.2517100171796791
6.403455603325038,-1.242485199714306
6.382966960428944,-1.2329823759175573
6.363156137852472,-1.2226012917849303
6.343627240108073,-1.2140941118240705
6.32446186817563,-1.2059943439443623
6.305256764518022,-1.1967520937138398
6.287194029498289,-1.1879590510572788
6.27075565819256,-1.1812872249510615
6.254593465887995,-1.1733454921187605
6.238464316989304,-1.1652229706014192
6.225355892736189,-1.158211143729946
6.213054987103998,-1.1511616086953267
6.200340065421456,-1.143678232881232
6.190375767109667,-1.1359619033088906
6.180855934257357,-1.1280538996068175
6.172516529796478,-1.1197722918788215
6.165616744644767,-1.110338553942117
6.159382735466237,-1.100473342951421
6.153869411507285,-1.0907648801281289
6.148631877344623,-1.0793323165549897
6.144850754757512,-1.0688515228621869
6.141875078937278,-1.058752141469145
6.139713408027766,-1.0480661596398415
6.1388010954075005,-1.0368060927793574
6.13888926327081,-1.0258747548172755
6.139427659175971,-1.0146266396728214
6.1398039604741586,-1.0019883043438975
6.1420465094795675,-0.9895688192500175
6.143935700385562,-0.9780176660313458
6.14590337709888,-0.9656656660994853
6.148918803740527,-0.9533556148603706
6.152581767721795,-0.9425342173551619
6.156878422009165,-0.9318218693076652
6.159581321911489,-0.9191483322300364
6.162852746647699,-0.9085062696467023
6.167164095527664,-0.8992089510632021
6.168912950208516,-0.8881610036159523
6.1710576783834865,-0.8776802195441434
6.171211426245129,-0.8678339273503906
6.169529298739752,-0.8583126423713966
6.167890630220734,-0.8486387246556227
6.163890957422536,-0.83930506779287
6.158692528715646,-0.8308897941702822
6.1527150888575965,-0.8207587168179307
6.1446976872910595,-0.8105664667265517
6.135283101334879,-0.8016871848195366
6.125250191996834,-0.7916449268954842
6.113644710295606,-0.7805665933397005
6.102461754064342,-0.7714342747428775
6.090802867253531,-0.7618334550800808
6.07926793510132,-0.7510116380892726
6.067946400953731,-0.7406869050991759
6.057062391722415,-0.7310607717827928
6.046734440229493,-0.7201935578676173
6.035839916684946,-0.7079031597572162
6.0246298978541,-0.6963791430609612
6.01460689592408,-0.6856280631017662
6.003952854280365,-0.6724553659852367
5.9927216405103145,-0.6587549544808344
5.982282922581723,-0.646315396753478
5.971825221205254,-0.6309984033055952
5.9603695309707545,-0.6137339255219129
5.94839446895317,-0.5961412835816136
5.936957632721686,-0.5785258999097375
5.9259956275229175,-0.5597332236474643
5.914022204956868,-0.540141782363973
5.900978044720058,-0.5210526502484116
5.888183176002728,-0.5017023180512651
5.8753827009318975,-0.4814436815711183
5.86208362036954,-0.46155228635185386
5.8485105819255,-0.4416040255479662
5.835154104956983,-0.4201633891917214
5.821045449074187,-0.39816635282142626
5.808036189765328,-0.3778732127448929
5.795124865815522,-0.35638630486857564
5.781821329167448,-0.334042656302194
5.76966641695707,-0.31366583563059913
5.757636967969118,-0.2931033994494144
5.745984608635755,-0.2715890581175826
5.7345832514025,-0.2507223973366185
5.724510373492628,-0.2307293134307547
5.715523839703391,-0.2103143074741328
5.705816569669408,-0.18977720407042964
5.697401473683893,-0.1700878119702335
5.69135096134384,-0.15093944971799372
5.685321319947174,-0.13133941960721715
5.680865418759192,-0.11180966424911518
5.678052743072174,-0.09224531812311276
5.677312573245847,-0.07363478834568654
5.677993078746567,-0.055321770901211875
5.681411414128839,-0.038094469765384886
5.686278340739585,-0.021319367681462496
5.694844112848813,-0.007557667978641305
5.7076320173644834,0.00366189310832748
5.722699481359994,0.014964881881039706
5.741353595808909,0.024230369735635575
5.760925220517392,0.03393078034147367
5.784783620577332,0.04153417220673562
5.811575787110786,0.04775942544469219
5.838177488113866,0.05463957106604991
5.867504829740981,0.060588817068871176
5.8978097936800635,0.06635471965974941
5.928334457926722,0.07287968034827909
5.9585977758958295,0.07931076617101449
5.98899415271124,0.08545574645291744
6.019736233895974,0.09002778745014349
6.049173969801251,0.09571129886081978
6.07699464022369,0.10047002436742743
6.104690379890509,0.10467405812931357
6.132529331063215,0.10947866732270677
6.156457423387374,0.11528851996579467
6.178956778619913,0.12048486338118715
6.202588438086376,0.125307695619008
6.2216271032108725,0.13016268161813266
6.237589701579981,0.13418423299804755
6.2544133994856,0.13728040146392997
6.269108704504688,0.1387493053079851
6.28334878900258,0.13985234032798038
6.295868312663149,0.14112052728007007
6.308273578007003,0.14081746532134515
6.320235995436523,0.14027085952575796
6.330388047772091,0.13947591770538323
6.3412861582618305,0.13663648339463344
6.351374405011021,0.13469059092335528
6.359698904758257,0.13141643955831037
6.369600137512765,0.12666755157651333
6.379473758928343,0.12207526824107565
6.389122665685816,0.11786589438204484
6.399295358809534,0.1142805064927843
6.41132175285977,0.10999353760305614
6.423812311603001,0.10605497483526075
6.435694142076788,0.10276941288505344
6.447516683806667,0.10008311065880779
6.461440384371722,0.09568202754699334
6.474196761873744,0.0921238023484473
6.4856609092037125,0.08946664283943494
6.498451314292944,0.08549473228408751
6.5101712775266245,0.0812940446711705
6.520464130553887,0.07769623659187139
6.531224563667341,0.07416182771684467
6.539194766708697,0.07152934433042768
6.548396793202491,0.0679468386165503
6.554551112474797,0.06884145064180858
6.5567795205233805,0.07171978589176042
6.5587596500635525,0.07319675625578873
6.557086235513312,0.07808180587407867
6.5550044991077225,0.0813749389766322
6.5505449557360835,0.08414668804641452
6.543433231457226,0.08862833921640996
6.536850191422915,0.09286658348727156
6.529752644202172,0.09578002764175886
6.521605879891377,0.09828900698046483
6.514351459398267,0.09998361468603907
6.507974315594843,0.10125653202957166
6.502779009265554,0.10058169981944232
6.499289476008401,0.10041553083717344
6.496815400677181,0.10052560037927016
6.497123180153168,0.09952006263710657
6.499982316433935,0.0974769082650965
6.502377497279078,0.09652593854081179
6.5088831953964155,0.09408647803678719
6.518466131009873,0.09030455884671719
6.527116275929642,0.08677095489829947
6.538669302475994,0.08314191921348325
6.552565495433373,0.0790072268227813
6.565156877024417,0.07398183553559858
6.579384296974588,0.07004420987263416
6.593105248665893,0.06637730781246566
6.607922767174179,0.060769401282459175
6.622973832840353,0.05562120385686801
6.638090834027458,0.0517058861601776
6.653300121403594,0.04617120576162096
6.668565254899256,0.04080808162657126
6.684026457591641,0.03539094298191625
6.700476227684371,0.030176492984026658
6.716791810605432,0.02431541976759349
6.732498426960422,0.018798567704469082
6.748733653168776,0.013619339157766005
6.765109026159916,0.006667538105295828
6.780551438710083,-0.0006383018771558769
6.795270089339211,-0.007440430321951435
6.809194561598436,-0.015182854787497157
6.8250493869774695,-0.025457367823584653
6.840034353683859,-0.03459822342574104
6.8539538589234414,-0.04342086289152479
6.869850582080907,-0.05396331711642789
6.884787310550914,-0.06409358552429704
6.899485110432069,-0.07344898694402627
6.914697030170355,-0.08362028250131115
6.928848874996016,-0.09403067945788002
6.943991155436084,-0.10491253098286024
6.95807178957915,-0.11523852931937717
6.971491896052806,-0.12718114469667902
6.985810029872971,-0.13996423833073174
6.9994574638190095,-0.1519292380701822
7.013665098536624,-0.16539374871337617
7.0288036683374004,-0.17964212647706237
7.043513738578976,-0.19238215173060078
7.058701695146546,-0.20510905274476693
7.074537960533184,-0.21926872094251795
7.089310920017394,-0.23183063188476302
7.104578704837862,-0.24354750710821316
7.118980170009165,-0.2555964656086141
7.133413837696741,-0.26742247053886953
7.1477100824420905,-0.2784624511785647
7.160673484424094,-0.28897379884347624
7.174141668906492,-0.30127804860956037
7.188192432750468,-0.3133800192307635
7.20120593909713,-0.3247589390404869
7.213592187293991,-0.3367271775813346
7.226981651591253,-0.34962155875508955
7.2403711485519775,-0.3622617067359152
7.253407701387216,-0.3748229971345942
7.267095545220834,-0.3871304837320687
7.281634674925873,-0.39979778547598194
7.296184933408411,-0.4105154035042608
7.309037842179102,-0.4206842158567205
7.321997020376138,-0.43100564910719275
7.3346644089139925,-0.43909647614536784
7.343962761510045,-0.4457926402600886
7.35369845309824,-0.4532849408943979
7.3613106227034235,-0.45967343781238185
7.364720633193847,-0.46494183240519205
7.368979138641495,-0.471419143473643
7.370866738539357,-0.47685592627506845
7.369637035532429,-0.4809940164518449
7.369031760333908,-0.4856344489166395
7.366560620669708,-0.4907545566459955
7.363449991266577,-0.49531717811583137
7.358816907449382,-0.4988195540846029
7.353579486650416,-0.5035728353979931
7.349744325758099,-0.5085473891758882
7.344117358192468,-0.5116493983762526
7.337460985827522,-0.5138619657331119
7.332686711545093,-0.5172124574330248
7.327927899460533,-0.5199900699291643
7.3224444097728485,-0.5221047072476283
7.317649264538447,-0.5250800386932505
7.313946481890866,-0.5279155990453318
7.310529947374673,-0.5298959189770538
7.3062080346991785,-0.5310143462018301
7.301757157191496,-0.5317044883617152
7.2983931361597225,-0.5327172383578592
7.294482093354061,-0.5329121175030592
7.290387653280915,-0.5334100490586268
7.287388653360517,-0.5345763006319154
7.282515250135813,-0.5339353530054859
7.278785329995468,-0.5341971213425765
7.276212219960916,-0.5352416164420584
7.272309344646085,-0.5355617837611016
7.268651031103913,-0.5358160236437989
7.265474851107018,-0.5366131976572605
7.261899499789013,-0.5375136389216252
7.257390096444745,-0.5381413442816039
7.251817845764909,-0.5377695155723791
7.245840149530342,-0.5379718389534539
7.239590473169049,-0.5377870633859247
7.228766789386617,-0.5357678972526942
7.216669212206452,-0.5334079858556607
7.205735715996877,-0.5316966664681014
7.190561998523436,-0.5284739995498032
7.17306580480211,-0.5242587458808177
7.15685490316881,-0.5201176291256452
7.138511872925966,-0.5157314584767195
7.119263580449286,-0.5111129634286201
7.099747607108539,-0.505288230748558
7.08077247193227,-0.5005745209961683
7.061455264285053,-0.4966167893464098
7.041851640187934,-0.49218779030839294
7.025579396275121,-0.48936495248949174
7.0094749779973045,-0.485998251595448
6.995281763668345,-0.4822636714512877
6.986099442896875,-0.47896871135418567
6.975850186337036,-0.47440291049751215
6.9676758066448965,-0.47056410449050146
6.962762020942364,-0.46668185693821856
6.957914963155597,-0.46271333339760456
6.953968155889491,-0.4586983482531913
6.9502985790324265,-0.4537229382062841
6.9474499213858225,-0.4490977958334134
6.944806637304961,-0.44480202678654096
6.940693444154127,-0.43945879065589577
6.93551099067633,-0.43334320702759627
6.931241563046903,-0.4290679996960451
6.925702515952141,-0.42465048688878243
6.917906768790621,-0.4187724203882951
6.910822550721642,-0.4134077555349834
6.902917501299494,-0.40803699762308404
6.892942393386334,-0.40153622157499147
6.882246070639429,-0.3949248432605428
6.871265800514755,-0.388942897610891
6.860253171916822,-0.38407453495450766
6.848891960283822,-0.37807829682027144
6.836422951210737,-0.37288157263919225
6.824994087004885,-0.3688395399358092
6.812396818011591,-0.36335925058607416
6.800250049741331,-0.3582961309814369
6.787294859852024,-0.3531333327968075
6.772711229830233,-0.3470879805769493
6.758213124354524,-0.340109630440439
6.7436770485495074,-0.33366194864199694
6.7283692935916655,-0.32765974219446065
6.71297443765261,-0.32036904392756327
6.697791485728441,-0.3126477711311082
6.682622451810549,-0.3064515224138071
6.667571232769611,-0.29969127309717686
6.651731293539771,-0.2911001095937037
6.6382768565810535,-0.28458980048306054
6.626352580601306,-0.2793596188333835
6.613127366752268,-0.2727970871787431
6.601620394325975,-0.267059758316967
6.5921251676172945,-0.26336781592865993
6.582271420013028,-0.2601208852914574
6.5742803396246865,-0.25692254157603545
6.5667037171093545,-0.25380484683267607
6.560455766085127,-0.2536084767696569
6.555821913506502,-0.2525100127738792
6.551623342646757,-0.25061966740717717
6.547721718244319,-0.2506096842360636
6.544911271332477,-0.25081659867775685
6.541895413928826,-0.25113144529802195
6.539344398033876,-0.25280439320070613
6.536019725887061,-0.25523191913027715
6.532812684080906,-0.25723149824686564
6.530212730363054,-0.25939471872196773
6.526909799548819,-0.262858238095475
6.523186128431737,-0.26539985748649636
6.520279205886414,-0.26767502261167525
6.517042322526741,-0.2706115895764726
6.514265415526215,-0.27445037231593294
6.5113054850366145,-0.2764574604689028
6.508082728069848,-0.27866226335311967
6.507076607660457,-0.28330972297985174
6.505735683944151,-0.28720356344439246
6.5035227524313,-0.29019566020469173
6.502983096369542,-0.29515077706769743
6.502431268254742,-0.3003411864256101
6.502175314214183,-0.30507718806086176
6.502204697491049,-0.31038589167237157
6.503220776824148,-0.3169801020644932
6.504764414629846,-0.32392737114332104
6.506196005641967,-0.3295586893185011
6.507142819049081,-0.33568419531885413
6.509779297865971,-0.34254618407192017
6.511436173985092,-0.3480669778175567
6.5130413027955,-0.3543169660728915
6.516364330102232,-0.3618645795558603
6.519504242894821,-0.3685413817218331
6.522422561985361,-0.3749265945551817
6.52636617042007,-0.38195660811317295
6.529829343877306,-0.3884434696706993
6.533219754591653,-0.39405477615901113
6.536726019467155,-0.40013990719673714
6.540672920531808,-0.4075691746788077
6.545264697296154,-0.4144572238169418
6.549498830631038,-0.4205807521709066
6.554298556888505,-0.4284261825099013
6.561276467048604,-0.43578468984865454
6.567535263082683,-0.44181790713726116
6.574219463807336,-0.4483074020186599
6.583884175290094,-0.4548216866608367
6.5938302663331525,-0.4602983035422843
6.603914104571266,-0.46470881518566837
6.615461383582825,-0.46860012090269004
6.62762899181828,-0.47276282409496945
6.640967717505602,-0.4750426837071614
6.6554050647312435,-0.47758187919077794
6.670736972869425,-0.48093865436846234
6.6886033671076675,-0.4833540669199237
6.706499425111809,-0.4853707196144071
6.725738232894106,-0.48816639688485836
6.745721691615539,-0.4900218691223146
6.76524210367824,-0.4907686274111436
6.785433711523407,-0.4928182557134272
6.806124742528029,-0.4942765972686973
6.826705584310437,-0.4944657328801099
6.8476204829534835,-0.49513484566323335
6.8687530112832835,-0.4967805766028918
6.890481692183367,-0.4985715625285578
6.9115783576596765,-0.49960981163535084
6.932440741132888,-0.5017234158700824
6.9548693224627725,-0.5050806426023632
6.975916806550057,-0.507017706256906
6.995199815195287,-0.5090187103912805
7.016249113443714,-0.512286041326897
7.036193852308016,-0.5149707622846722
7.054291373889749,-0.5174260359485173
7.07105210994871,-0.5182035803706623
7.087778489205312,-0.5187586365353266
7.102971691107249,-0.5174978241101961
7.115178722546887,-0.5117006999569507
7.126367369417731,-0.5069857469888848
7.134441236424456,-0.500751877337222
7.138991871442347,-0.49048064426037397
7.141924225286826,-0.48156610047873066
7.143415783798235,-0.4706962607894936
7.141003623081558,-0.4584718224685794
7.136510511153631,-0.4467820905246167
7.131839463091729,-0.4345545611975149
7.125203396433135,-0.4233929259488637
7.117035598363064,-0.41096113915694743
7.1090365682235666,-0.3983049264058972
7.099922562540766,-0.38598876306258273
7.089386121768099,-0.372241514867118
7.078126088677574,-0.35665402846576877
7.068285825620535,-0.34145100311774346
7.058640125202582,-0.3252350030797815
7.046232165372888,-0.3071044059062262
7.035212542179469,-0.2880458907364676
7.025051441866019,-0.27037421335816175
7.012845771108448,-0.25138870517846407
7.000667488730965,-0.23062160931405057
6.9885570458386255,-0.21129538572897733
6.975675946194923,-0.1929870375406351
6.962695853984681,-0.17360906911660948
6.94819117330654,-0.15387544935798875
6.932691463767618,-0.1347586842244481
6.916474065715794,-0.11513688308749886
6.89814979063075,-0.09531233576016859
6.8784073434528015,-0.07590437727970438
6.857958166405871,-0.05709979228114823
6.8363192231821595,-0.03894661282472911
6.814432790632244,-0.0212761496883488
6.792376174834834,-0.003677408341119842
6.768609983798216,0.013038795915475233
6.74493617505758,0.029480852464296263
6.720945828992251,0.045794824234026366
6.6955374679453135,0.061478279935413126
6.66921988749537,0.07790559177346072
6.6434012176282025,0.0941022871235662
6.618673018051717,0.10900075937826702
6.5929968811908966,0.12510797152668443
6.566785303562823,0.14192293660921027
6.543425756671123,0.15706973642275932
6.519519178257267,0.17255139086582752
6.49556683555674,0.18882999347654286
6.474321008322348,0.2045362247576783
6.4538492138669845,0.21833841531758613
6.43448188143172,0.23146920818273087
6.416776475709223,0.24384581328813995
6.401631609291096,0.2521723311653061
6.3884020985162335,0.2603103909711146
6.378708041783133,0.2677764863024347
6.3714580638527485,0.2732650184073952
6.3656282782791,0.2788547437394962
6.361149929945139,0.2833014181692242
6.358249612245393,0.28816674239939877
6.3573222951944155,0.292426880541342
6.35675924427302,0.2960030005118713
6.357213339712645,0.3013117534014827
6.359567485812231,0.304886236407963
6.361717923152498,0.3073470562441065
6.364527543677276,0.3099986173097588
6.36833259454385,0.31221630513650533
6.372049338473434,0.31187236493965637
6.375756729192056,0.3103355258803329
6.379079079497253,0.3090415439425495
6.38331093611852,0.3066021335140216
6.387574295568153,0.30206323874399005
6.391585213733248,0.2984906858985699
6.395003454661796,0.2943103526851493
6.398519985563874,0.2880011204943106
6.402741062701678,0.28126611986191613
6.40729448905324,0.2752170629643058
6.41212033484363,0.26758106871036536
6.418726805027646,0.25802334902055635
6.426510828587251,0.24894344792712375
6.434848582660057,0.23968701194998618
6.44349370457425,0.22993986192466578
6.454568418218455,0.21985734424454656
6.4653200174683025,0.21091392134185596
6.476942830742406,0.20209497068068932
6.489746928497745,0.19220654245335003
6.501815736330418,0.18364370332011995
6.515552396875346,0.17492445991691294
6.529899718992344,0.16497021098868792
6.544524596839765,0.15508309126751968
6.560487989581044,0.14649246018053586
6.576711496947231,0.13762447305225653
6.592961275191686,0.12804672557244484
6.609076894690162,0.11992999052299823
6.624712705769048,0.11239878434793524
6.64064939603879,0.10329094503315708
6.655130223389508,0.0950770245041359
6.6686848855669645,0.0882311157698853
6.681879159371147,0.08043808436646448
6.694113466938826,0.07223649655474446
6.70559810444296,0.0656123354693124
6.714892188247107,0.05991009054181402
6.723208050559255,0.054151489125094494
6.730492123115596,0.048829549827960214
6.736199523270085,0.04413732865541393
6.739863789623104,0.04016612774465781
6.742922491020912,0.03495789534348789
6.746081865383748,0.031053044765295402
6.748095984845905,0.027788831813893647
6.750956283498315,0.02421001548020991
6.753731477835672,0.02118895991212943
6.756106039557322,0.018360361762895402
6.75850118431966,0.014944225353488716
6.761032766776549,0.011475265094263757
6.763636478549075,0.008281611932749861
6.766781101529031,0.005376095463950194
6.770569439864798,0.0011545069725071994
6.775412882660521,-0.0026907615651109193
6.779895320919027,-0.005508288609164742
6.784221331710166,-0.009727158860164231
6.789939079628723,-0.015197390023118216
6.794715299443501,-0.020129801144189597
6.7979675930300685,-0.02519480168110546
6.802729034623921,-0.03217700744451287
6.807348045647869,-0.03857053240607343
6.810177235555354,-0.044218422816978416
6.812358026258975,-0.05045354934186869
6.813694150236482,-0.05554213414682206
6.814383986217297,-0.06013813158851088
6.813167664773353,-0.06431496489912107
6.8115784609999865,-0.06803663894481193
6.810967957817123,-0.07236071563074341
6.808107689797991,-0.07615634431378826
6.804928001097436,-0.08001190127975856
6.803481395246094,-0.08455470359513616
6.801121553287062,-0.08787595255149758
6.799315618614413,-0.09213387321767319
6.79780205870612,-0.09551929134637192
6.7957152746602425,-0.09804585623920163
6.792814182059086,-0.09980591136120287
6.789097515141133,-0.10129155550579223
6.785762795020285,-0.10322786271110582
6.781442355631731,-0.10441787050785255
6.775484274613288,-0.10547077214433613
6.770466671765339,-0.10769489529373559
6.766760653048502,-0.10980986641646016
6.761713523813534,-0.11084313494776936
6.757155188703388,-0.1127285075842804
6.754277683892001,-0.11490866227515277
6.750910307356676,-0.11658378292507524
6.747644051249327,-0.11926284409229863
6.746338703812053,-0.12278957374071199
6.745931816323293,-0.12802287137094362
6.746756438926967,-0.13335208758587686
6.7474437999765495,-0.13796494406787538
6.750121176511189,-0.1442809362743484
6.753586375673556,-0.14986286031197613
6.755720826826246,-0.15526123428872868
6.7590470930985065,-0.1612217928647177
6.762016321524833,-0.16772910398286203
6.763743175313541,-0.17350806932268545
6.765506037664845,-0.1796826301629421
6.766494169501579,-0.1860987980471221
6.765983191377761,-0.1922931268106863
6.764821999429033,-0.1982904193774297
6.762965190809767,-0.2047509035160021
6.760191807509755,-0.21112961796812185
6.755650591037517,-0.21675843139834075
6.749896555458013,-0.2225676128083253
6.744715641005367,-0.22919453874345677
6.73723209830767,-0.23480288294459112
6.728540821881626,-0.23932828720488558
6.72100853458397,-0.24436121965726204
6.711751719136698,-0.248519832337441
6.701131382477204,-0.2516338858223488
6.6912880015539935,-0.25336178435093865
6.6812121807301965,-0.2548175215370392
6.671334569079027,-0.25637744521125483
6.660835211473978,-0.2561916165413663
6.650555678411761,-0.2563794464959432
6.640857304141376,-0.2581052932170403
6.6306010907273345,-0.25859735618616386
6.6205652781875095,-0.2586479492956172
6.6118738880245385,-0.25970080163422493
6.601372875088915,-0.26010394166877127
6.59123621474938,-0.2607878544222446
6.582923375684331,-0.2623717864818624
6.573234975608091,-0.26511232593876255
6.5645137118983,-0.268793599448398
6.557557199141156,-0.2735395150552172
6.552187833470269,-0.2804658453765117
6.5478854486376505,-0.2886398344280839
6.544903171619178,-0.29635503823833237
6.5441340418384195,-0.30606338935076255
6.544321252525402,-0.3172127738020371
6.544449347665184,-0.32816778558052206
6.546366693669454,-0.33974277335458863
6.549662481964961,-0.3525334086253403
6.553046078996712,-0.3651093253973116
6.556711658959602,-0.3772292935758196
6.562257797838836,-0.3895958805234226
6.5679573527119635,-0.4017675007424547
6.573499798963591,-0.4129855367131094
6.579819392450491,-0.4231991798683775
6.586988525006669,-0.4344810852676062
6.594532534623803,-0.44604071351259733
6.602597043129773,-0.4565190158906108
6.611890126658669,-0.4675639445142935
6.622051872391559,-0.47948502628519196
6.63239663195328,-0.4902838092513966
6.643818004999569,-0.5015572070927528
6.656081092883113,-0.5124709948151782
6.668331924545309,-0.5222019059247653
6.681781940495169,-0.5319045168194263
6.69583770242657,-0.5411642639232583
6.709867942192726,-0.5507818497250027
6.72357494419928,-0.5583129706480817
6.737157244782594,-0.5654318479401507
6.751138082924493,-0.5730693021772361
6.764569787791199,-0.5788739675713345
6.777940719862252,-0.5838393746974451
6.79162660018567,-0.5894285707634092
6.805691488029706,-0.5957137911017061
6.81896868821494,-0.6011996322623177
6.8325578653723245,-0.6069690816641482
6.846705355466377,-0.6148010987352358
6.86113267294621,-0.6228450848546876
6.87518286342637,-0.6300679897333958
6.888413826662523,-0.6387811668842991
6.902312896272792,-0.648308350049283
6.916075334534967,-0.6558190095447358
6.928665771946763,-0.6636378763169853
6.941596011067135,-0.6724145426631479
6.953574778386634,-0.6795885406540544
6.96496577931845,-0.6865034758009302
6.976492460774067,-0.694198506525912
6.986428116965328,-0.7000210498194878
6.9971220338280915,-0.7047725281324685
7.006659020695439,-0.7085609538304939
7.015492472426012,-0.7125953550032615
7.023545899247725,-0.7145866355347978
7.030221604961147,-0.714973538656382
7.036561459158178,-0.7167544484677754
7.042887264079204,-0.7173141228874157
7.047844709134309,-0.7161062146713348
7.051577641392778,-0.7145108326619755
7.056370905318678,-0.7133166647152065
7.060216091633224,-0.7110023537905797
7.062825760566346,-0.7075447783493783
7.066082557004826,-0.7051539117411066
7.069256787357758,-0.7026994625753638
7.0720858769581705,-0.6998272106665544
7.074356841154538,-0.6964665639761113
7.076111909764163,-0.6942755311991751
7.078657677923129,-0.6912540077590127
7.08003563913532,-0.6866072110888443
7.080764606036891,-0.6833149124486546
7.082066547516078,-0.6798882591927929
7.082078978943769,-0.6747211951523776
7.0819731338838805,-0.670552270890027
7.082109730253621,-0.6662855903508301
7.08197591279508,-0.6619639878070682
7.082311587357319,-0.6582447675857931
7.082525208271596,-0.654348960093226
7.083020506621149,-0.650636157281802
7.083776740001762,-0.6452065516896947
7.084387170472929,-0.6400582370339292
7.086017565402777,-0.6355548829107486
7.087834811529049,-0.6300691407436295
7.088683453292271,-0.6249429384792597
7.090071413969751,-0.6212491434860618
7.092981629537856,-0.6182638453996202
7.093485830704483,-0.6137666749183525
7.094967889893681,-0.6095533920535955
7.0975170203767926,-0.6060499478837204
7.098727394661986,-0.6017545062271321
7.0988110534357896,-0.59665123640132
7.0989482280235165,-0.5916760922025922
7.099274016347836,-0.586506623815355
7.098902037164352,-0.5807622343895898
7.096455736269936,-0.5744465964465193
7.094199928424387,-0.5686165068794814
7.09126678647863,-0.5623300863885795
7.086419125183069,-0.5556221823872358
7.082102140453064,-0.5484688151709385
7.077061860721597,-0.5403826228047544
7.07062321517574,-0.532329092879096
7.064099330988092,-0.5243295996970809
7.0571553793275195,-0.5159864450922469
7.048594358360603,-0.5068035328193181
7.03912614439736,-0.49713505209103914
7.02980411544,-0.48769585227515216
7.0203525114868635,-0.47769435758925083
7.008337506133706,-0.4670798665051734
6.995633837797138,-0.45541044971089606
6.983881054736327,-0.444517888245092
6.969809564467421,-0.43308612503656724
6.954357836967714,-0.42090537397002836
6.939071802412258,-0.40959149012175117
6.923288383580966,-0.3974832133078662
6.90541580388999,-0.38563867459225776
6.886391646496614,-0.3728870348998222
6.8676798777572605,-0.3603086554967489
6.848829257409189,-0.34774441748543616
6.82783367468672,-0.3344073435624609
6.807392882176658,-0.3218976176810184
6.787375872302501,-0.3098384417711149
6.766301262331962,-0.2972112539273661
6.745873873378598,-0.28522343403759637
6.726356438823683,-0.2739098534619281
6.7067876109499425,-0.2630190804070578
6.6871683888707105,-0.2521702360110443
6.669110268976659,-0.24191388916809609
6.650572989302714,-0.23252081656516513
6.632761401475566,-0.2233853219786303
6.616658747464731,-0.21551413329504798
6.601099497949873,-0.20896169619609103
6.587013901891581,-0.2030195597600963
6.572861634971467,-0.19684920207989257
6.560889898684643,-0.19183529905551325
6.551096516785693,-0.18749707568861176
6.539491194491203,-0.18193133610450798
6.530600675599585,-0.17678973065142936
6.523229707334567,-0.17265627027664307
6.51524929566612,-0.16898403082335128
6.508329155124106,-0.16486588989773363
6.5019873254048,-0.1617171236321304
6.495997943851647,-0.160696636975342
6.4899937932684955,-0.15942132648710433
6.483639390283747,-0.15827669621867363
6.479379992072964,-0.15997894564699092
6.475191167231373,-0.16171233698314438
6.471242159774223,-0.16285963078545393
6.4691971445857215,-0.16645157866544102
6.466781036546735,-0.17096349014987586
6.464787722661357,-0.17555122645273633
6.464115547463465,-0.1804713509025846
6.463387222627136,-0.187347017578593
6.463497257473188,-0.1950794524601831
6.465329808874545,-0.2025824092734882
6.468523655708361,-0.21215249628272104
6.472257546522916,-0.22308384947577883
6.476520300545419,-0.23323517202237912
6.482600414216659,-0.24370344128831692
6.490445153832747,-0.256383493165188
6.498272675206798,-0.267865944068817
6.506224587177523,-0.27822857556721386
6.5164760074940276,-0.29038194274644186
6.526865771604542,-0.30252165937403885
6.536840535370654,-0.3140275565587881
6.548002245673322,-0.3246872367483922
6.55999996932439,-0.3376468836054484
6.571916048850506,-0.35046821351567575
6.582856454824387,-0.3615156738850689
6.594392582427073,-0.37423317792716204
6.606275269529298,-0.3874391086754563
6.617736468552738,-0.39974331210793274
6.628949874079135,-0.41167275231017497
6.639818784283342,-0.4244731752298835
6.6500040931909306,-0.4361340464052172
6.659682208418051,-0.4465881084798903
6.669856368197375,-0.45751230467553305
6.678745202812773,-0.46827918027892684
6.688295566227513,-0.477689953350623
6.697202712784919,-0.4868224960284518
6.704878262110001,-0.49575749240016087
6.713359754058098,-0.5038866470884273
6.720223343830951,-0.5101584189761414
6.727727960412317,-0.5178141623375155
6.735097704986138,-0.5237516367783385
6.739969535823333,-0.5274392376360163
6.745731682786596,-0.5317853505303619
6.75175028625326,-0.5363848917600477
6.755873303615852,-0.5392677468952167
6.759414257576408,-0.541126930111242
6.762928805939871,-0.5437517908015402
6.767414392022489,-0.5465151302057721
6.771679751248625,-0.5470123180377724
6.775584351369241,-0.5467153143381625
6.779360886916832,-0.5461583362932079
6.783459010856657,-0.5438035916828926
6.78646244804037,-0.5400079260557124
6.789403862416199,-0.5367107617971894
6.79282495368308,-0.5318603352876871
6.795975907343924,-0.5259315660636863
6.798837566375483,-0.5197208795665007
6.801980149065942,-0.5130138722546025
6.8045826724152585,-0.5039867282382439
6.80695876701472,-0.49410326123287074
6.809010056849668,-0.48464424285790386
6.810120276267882,-0.474272134964514
6.810908494239312,-0.4615862830648822
6.810369128920671,-0.4486105800699449
6.809669558003516,-0.43592579875191106
6.80796588775483,-0.4210008302086089
6.8041907270200666,-0.40533501795695276
6.800895045980045,-0.39053499820167314
6.7962588687691685,-0.3747766955279999
6.790079614028798,-0.35866331580729066
6.783665240824588,-0.34267727529083203
6.776924207348245,-0.32796779966074074
6.76996924504773,-0.3121892876497226
6.762410894151699,-0.29593462519656083
6.754792339046947,-0.2808873900434196
6.74790558012904,-0.26527627540445625
6.7403381918305545,-0.24919553797555077
6.731534604795609,-0.2329093089991582
6.723852282402372,-0.2170662935409203
6.71590997289518,-0.2009775861656356
6.706563496376441,-0.18447680524117363
6.6979065859089975,-0.1688500105012128
6.6885428781745135,-0.15291674674649014
6.678568773194601,-0.13700192590289123
6.668582388507665,-0.12149390737260582
6.659150199939699,-0.10622224887240994
6.650083491093414,-0.09143069532753942
6.6409606486413715,-0.07666114642132513
6.632823726885433,-0.06357827962991702
6.625223855566938,-0.050686242566214915
6.617002814124563,-0.03805389363876081
6.609803857492031,-0.026385107661959815
6.603309441543402,-0.01537549555784902
6.596197378887618,-0.004068733858644791
6.588627009533001,0.006320525951512233
6.58214382058231,0.016066713710351847
6.575271168601946,0.025299352463251153
6.567354767737666,0.03459198618796098
6.558811749164733,0.04324338444009654
6.550657962622402,0.050175391154948
6.543649086038944,0.05634032338619498
6.534763209322499,0.06291552530846423
6.527084093953009,0.06809792433753425
6.52022491879045,0.07272877955376243
6.511897908260808,0.07717555339495298
6.504050623520513,0.08074584764258914
6.496912831143439,0.08406119184755204
6.488905963596625,0.08616039186037894
6.481059777247993,0.08764632595691987
6.474068505793873,0.08885552829031332
6.46674721262108,0.08953745479457316
6.459801369052882,0.0897569202731919
6.4527393609062145,0.08947246675760967
6.447263247960577,0.08756168626749403
6.442605518551644,0.08466393925392585
6.437407775777008,0.08081464846550401
6.435491206723841,0.0754126841763771
6.434952301895164,0.06845209738095047
6.433955797525557,0.061995995324234665
6.43477086466243,0.05502580896092231
6.437161120226698,0.047217981681154195
6.439745895651373,0.03864777957832974
6.442331798660609,0.030293892600981646
6.445748047619169,0.02127832867727193
6.450647924194461,0.010102663024197682
6.455333568016336,-0.0011144885843571775
6.45985155049769,-0.012316938624068798
6.4669524302726185,-0.02592800807577928
6.473636969569075,-0.04013046556763946
6.480920057338225,-0.05441809453267476
6.49111991158283,-0.0707932618588981
6.500621057590567,-0.08757471574147398
6.511252708705888,-0.10473184307786243
6.524009672564894,-0.12189944294612741
6.536854884297433,-0.13949139830734944
6.549673367183232,-0.15822309842382806
6.56220544506575,-0.17617059389377318
6.575180168311293,-0.19515550576066426
6.588446352068533,-0.21496645390373667
6.601057567858829,-0.2337057607131976
6.6132271162120775,-0.2528271421953099
6.626564529054588,-0.2732984536334114
6.639026803367027,-0.2930612657177495
6.650750965546217,-0.31176927706789054
6.664498198500925,-0.3309355673540832
6.677965836369782,-0.35083922225787467
6.69144998214476,-0.36924819988005136
6.704824995224795,-0.38640247292287594
6.718453545468518,-0.4044792728069428
6.7321808876195455,-0.42197197694197447
6.743910505392353,-0.4366596096078327
6.75579198349266,-0.4528188967152532
6.767100999435565,-0.4689335089916802
6.776045568530584,-0.482174287551074
6.785324117448665,-0.49541590949679554
6.793153076439089,-0.5077024068515951
6.800113335625874,-0.5200484303602861
6.805899735144515,-0.5302614152938043
6.8107273135733415,-0.5398791069003855
6.813658894122545,-0.5503045497150315
6.8157298575247856,-0.5594823288777512
6.816972775949828,-0.5675777485880347
6.817155385698015,-0.5768074509629519
6.8158657899946515,-0.5853764572519332
6.813222826135044,-0.5914626224494429
6.810565914867883,-0.5986319828264979
6.806750267066569,-0.6066718559322404
6.801313935043024,-0.6125188950835807
6.796951062578955,-0.6190804716909105
6.792900601128555,-0.6262093523797937
6.788232233218187,-0.6337379522348986
6.784051197417652,-0.6397955606988734
6.780274998489749,-0.6462221890082457
6.777109356905974,-0.6539281121677808
6.774232127027571,-0.6596821200292354
6.770851945040628,-0.6646758170320284
6.7676925881745404,-0.670408744935999
6.764333955592579,-0.6746574099481263
6.7610456437458915,-0.6782791866360393
6.75700458040832,-0.6818481097349147
6.752522877798044,-0.6849271335907534
6.7482171596035245,-0.6878247343037964
6.743178866668862,-0.6899130475315348
6.737530233436034,-0.6930645054259919
6.732322354160528,-0.6969722999563057
6.727073379049069,-0.698826145184596
6.722189652377631,-0.701765702557921
6.717296329180777,-0.7052560978529195
6.712307803645548,-0.7067662458880153
6.707531933173143,-0.7092602710090377
6.704121846344049,-0.7123733130432328
6.699870299429988,-0.7141188145656492
6.694893333761939,-0.7143104174443784
6.6912488074256515,-0.7150899008214008
6.6869832789050685,-0.7154274139033677
6.681126926305028,-0.7138380603797188
6.6744109452268425,-0.7125785354392427
6.66744516619109,-0.7118429244842854
6.659973283511562,-0.7103521586033869
6.651151117883995,-0.7085201807081309
6.643065412159815,-0.708916681238543
6.635796491877006,-0.7094784866379953
6.628764744830565,-0.7097754106781937
6.622315864355633,-0.7116837730721507
6.616042037090366,-0.7142213797950167
6.611553796564304,-0.7173216840956316
6.606544604560723,-0.7208730308138197
6.6032340930862565,-0.7270600627454746
6.601093169238464,-0.7338486508112554
6.600448656810088,-0.7405186429505872
6.601214419962626,-0.7481268904028183
6.602951528147727,-0.7569953871389727
6.60699142344933,-0.7654628024779483
6.611901948811358,-0.7735863489838756
6.617493590543405,-0.7840216840726286
6.625448324429999,-0.7944323839999459
6.633501498188892,-0.8041575017825309
6.642630539333707,-0.8153117475326475
6.653209734353061,-0.8267969263704767
6.664064220277648,-0.8382004950749086
6.674993198689497,-0.8489308599151433
6.68759835586593,-0.8595747924576722
6.701261994273058,-0.8710270624159392
6.71585636037846,-0.8803763592004976
6.730378033556698,-0.8889459524333315
6.745859892532862,-0.8985537563102567
6.763768668121758,-0.9070528869950681
6.78055746173509,-0.9142044450930842
6.7977065856622465,-0.9215507799945392
6.817175505605683,-0.9285438425258491
6.8357594267286235,-0.9344849179814223
6.8544312324502945,-0.9402056776251795
6.873587015879553,-0.945958225540488
6.891836636376384,-0.9507393885803542
6.9099577415868305,-0.9544050623480181
6.927663903485436,-0.9589142794097998
6.944596211652025,-0.9629315568493227
6.961011635493766,-0.9658246706161179
6.976031614026968,-0.9690628730877855
6.990594153056632,-0.9714987240115245
7.00390733609929,-0.9733619184804977
7.0151740594033285,-0.9749043758738997
7.02752069571755,-0.9780621148348627
7.038511906227059,-0.9815638854121022
7.048168222396406,-0.9848715101742105
7.057977261320637,-0.9887469755558342
7.068327394197507,-0.993502538046888
7.078907088843964,-0.9991014272262406
7.089365800143758,-1.0041459266913078
7.100640729415502,-1.008845816234049
7.111763849626247,-1.0141250159210111
7.122216548821551,-1.01894691649034
7.131716223099799,-1.0229594899056829
7.141622284407263,-1.028581547635616
7.150827066446942,-1.0340337921349452
7.159143394614312,-1.0400542595456477
7.167402519093887,-1.045301046902229
7.175680151625643,-1.0506905957773096
7.183344439376484,-1.056680615369519
7.190373303221653,-1.0618573984241477
7.197026976765869,-1.0672040394418039
7.202745869187516,-1.0730409924957278
7.207426056556313,-1.0783807523709943
7.212065774995955,-1.0837885401650278
7.216976421733994,-1.088834947501369
7.21992065032175,-1.0930267020959308
7.22182000238052,-1.0959469801313129
7.224247502248203,-1.0988328375676788
7.224694776462986,-1.1013184144379942
7.223714784776221,-1.1023320585427074
7.223154515906393,-1.1027587411130533
7.220866940253102,-1.1036397322037332
7.2173107123062605,-1.103444306138493
7.211827338609851,-1.1025530094571028
7.20589813071174,-1.1027224933911524
7.200072774827102,-1.1032100482273772
7.191858273867168,-1.1023190690140914
7.183918852939585,-1.1020466080884097
7.176617320758433,-1.1028178684344623
7.167381153566106,-1.102680177619497
7.158340174069551,-1.1020267486750475
7.150159789015497,-1.1015779382192563
7.141295695425088,-1.101458908852587
7.13279844762588,-1.1013214078301958
7.124251464516294,-1.1004381935473033
7.115692253789,-1.0993667209714624
7.107271961462324,-1.0980905281661266
7.099043080677313,-1.0951653276813398
7.091377503424195,-1.0924446524208467
7.083698052010905,-1.0895521944066644
7.075256090568773,-1.0852193866732267
7.068676653391467,-1.0815105465242265
7.062283471101691,-1.0779622593220881
7.055561915010112,-1.0736263084745166
7.050239264865095,-1.0689164072648534
7.0464119362058115,-1.0646230156310457
7.0434034676360024,-1.0596530298559996
7.040726464608339,-1.052734221321651
7.038828470925593,-1.0457307534207594
7.0379109148304915,-1.0397771366769224
7.038671109580492,-1.0328735187971723
7.039859785449038,-1.0241284326240896
7.042240105512553,-1.016902331407693
7.0464780061054775,-1.008988078232146
7.051327905000858,-0.9995092966640198
7.056736760014863,-0.9899700603615528
7.0627081999154235,-0.981156068847126
7.068582711346356,-0.9711972381881888
7.0750597281278305,-0.9606670757066245
7.081225480371548,-0.9510302853405139
7.087637960427707,-0.9415951273646521
7.094540576739224,-0.93071546069779
7.101027027918822,-0.920463755452199
7.107668882711488,-0.9120162326687086
7.113754855424489,-0.9019955509930128
7.120061967744064,-0.8918335261796113
7.1277277058507735,-0.8839616201478392
7.134272545097239,-0.8750059217056524
7.14075488141846,-0.8653587095782488
7.1481104583520345,-0.8560010682812388
7.156054804280359,-0.8481440320689236
7.16402744091712,-0.8397924417213128
7.172262183611563,-0.8306231026703762
7.181288273171839,-0.822639393781275
7.1911392212348355,-0.8156242598752235
7.201213333497124,-0.8066199750731992
7.21138652165759,-0.7986155945817064
7.222198952330782,-0.7918783202553553
7.23340252338383,-0.7834950405055444
7.244220405040994,-0.7747015924487002
7.254940313080975,-0.7669491050518304
7.2653330592024705,-0.7584324614197138
7.275922931565973,-0.7498093347751595
7.2868463406338595,-0.7409231303561353
7.297052782478287,-0.7331653420210464
7.307162455256965,-0.7256961990358293
7.317764565056907,-0.7178220417425349
7.327224830490983,-0.7116762609370992
7.336604027208813,-0.7055792680085676
7.3462777704828985,-0.6994397745308012
7.355030767140866,-0.693950225015828
7.363982055460799,-0.6889120707856812
7.370794590156387,-0.6833498317998996
7.3765391063042305,-0.6776149953808289
7.381795601477084,-0.6733561339857203
7.385241168809901,-0.6690768366621374
7.387973215243187,-0.6644130580767563
7.388754512173158,-0.6604841052062915
7.388671925278211,-0.6575473272718105
7.388799156729619,-0.6541832121986739
7.385585502951572,-0.6494843805327288
7.3810522498158075,-0.6463859256534047
7.377415049586257,-0.643110205100811
7.370766668221539,-0.6385585172184014
7.363583692114671,-0.6358624370798162
7.356407783834081,-0.6326459840164379
7.348231097117654,-0.6286077436176091
7.339758978662189,-0.6250034781914954
7.330118011099504,-0.621011871648055
7.320543282624262,-0.616454375851165
7.310411159925466,-0.6111451859900343
7.300232714313506,-0.6055294342037203
7.290486036236865,-0.5993139963221858
7.280515184683757,-0.5911680781141678
7.27006423424119,-0.583185619212143
7.259902175795994,-0.5752834714145916
7.249866385732065,-0.5662436055650664
7.23923506924555,-0.5569983869606158
7.229086647212322,-0.5484709128206559
7.220320549184627,-0.540535081114396
7.209936105210613,-0.5318694847101773
7.19916929911912,-0.5233943754156017
7.188634402981077,-0.515643923262725
7.179199811368478,-0.5094040019174483
7.168945619352263,-0.5021951615602808
7.157507175587782,-0.4957277410342829
7.148038221708207,-0.49107744117329044
7.138179635452809,-0.4856807639433031
7.126478614984262,-0.480855095486526
7.116445053482529,-0.47805921273162305
7.10680697597463,-0.4752764168279606
7.095516862554849,-0.4729661404143727
7.084479253176751,-0.4708915193879837
7.072407404201088,-0.46958765811227327
7.061184146909946,-0.46812423536897885
7.0492514131674024,-0.4668810666993366
7.036893181386113,-0.46594497475974894
7.0255005852613746,-0.465684382237937
7.013602694818502,-0.46572424591811085
7.0015581434795315,-0.465817322594599
6.991590051397827,-0.46764504542412166
6.979978091175818,-0.4685009150521997
6.970136135526208,-0.46952553557459137
6.9621825787507055,-0.47111285511821693
6.953643194312086,-0.4716140270762795
6.945752543748135,-0.4714214232207612
6.9380333733463635,-0.4720114529282049
6.9326666201225455,-0.4741304730798807
6.92741710555573,-0.4757853116807593
6.921045680892438,-0.47719742304877577
6.918110477933919,-0.48139106114483404
6.9168587777141415,-0.4852344133809458
6.914367684982651,-0.48824230466541246
6.914003646321802,-0.4916261337639712
6.915295654565799,-0.49502138503241505
6.916695671845609,-0.4985773845482809
6.919730895190824,-0.501310225209903
6.923653582388635,-0.5041278244822928
6.928615006030379,-0.5083993691863445
6.93415803936304,-0.5121397975990426
6.940569553439886,-0.5165626960732941
6.947652321469719,-0.5230517731038193
6.9550237313646335,-0.5293051288286235
6.9629183456250825,-0.535642813560685
6.972010203677427,-0.5438742522537446
6.981017695249456,-0.5523237460395162
6.9889723843921185,-0.560042006096356
6.998678382264111,-0.5688406756731975
7.007906855022707,-0.5777596077604833
7.014968902573968,-0.5859149318919862
7.022392872205907,-0.592930420977834
7.029708286775403,-0.6010066888177197
7.036644785845348,-0.6093248029754567
7.041603037708064,-0.6159229121921865
7.045578330941376,-0.6219145454453732
7.05031963945424,-0.6297967379665996
7.052928292950383,-0.636430455513854
7.054414153498481,-0.641744312638054
7.056320822716993,-0.6478742949460624
7.056677459263832,-0.6534562637410499
7.055586153238862,-0.6574254381062614
7.055363918793553,-0.6608787998597283
7.053990766517174,-0.664822664562673
7.052868973794862,-0.6679173199158521
7.050503148263603,-0.6698385212479192
7.048129148134087,-0.6720841102306566
7.045747083757959,-0.674565411176445
7.0423135927564475,-0.675276594718794
7.039726692023236,-0.6765415284093119
7.037440784489692,-0.6784402604256715
7.034385699156534,-0.6779982311808277
7.032812857649316,-0.678381545646458
7.0319476260713305,-0.6792065252496398
7.030617869510096,-0.6806674154884458
7.029781311506591,-0.6812809893358908
7.03014219671291,-0.682558521233761
7.030527256432655,-0.684567676774837
7.030165969285228,-0.6849579917531264
7.030102926179606,-0.6849871523194236
7.030446219875983,-0.6863906601613423
7.030304877743769,-0.6867702148419428
7.028611128703404,-0.6859751127357314
7.026577470574531,-0.6854758915694271
7.024690557176726,-0.686373980572066
7.020409706173242,-0.6860652325814564
7.016067404622355,-0.6859614125298062
7.01033589466106,-0.687378760057056
7.003132000801289,-0.6889331950317406
6.995898428310119,-0.689595701774555
6.98749906454756,-0.6904799540107653
6.978039595422097,-0.6917995488294972
6.967827076533042,-0.6916669907935112
6.9565771955464655,-0.6917244003511278
6.944080396018528,-0.6927747812665693
6.931351597610183,-0.6936012216007117
6.917717823304351,-0.6937693466508893
6.904221775203211,-0.6953964278297196
6.890223867413182,-0.6973936196140557
6.875957270388355,-0.6981162114548471
6.8621453119544915,-0.6997401220117908
6.848519910393426,-0.7029200135818874
6.834991898187294,-0.7045182812370581
6.82094958222026,-0.7052829900728119
6.806100311267532,-0.7057284907934873
6.791653730570556,-0.7062593371682089
6.7758827765684035,-0.7039241890374051
6.758121565465743,-0.7013830022870569
6.740250318890011,-0.6994215087342366
6.7221199571055195,-0.6968248787441496
6.702078567950976,-0.6931014903480376
6.6817611025788235,-0.6897973402714428
6.661571597066373,-0.6869092602907132
6.641177642380192,-0.6822791388490447
6.62011339870679,-0.6772154320791224
6.5998476559080785,-0.6727749836280512
6.580376742848893,-0.6666675381608871
6.56092523789606,-0.660324370999169
6.541837501255268,-0.6540729078112827
6.523400119597441,-0.6465982921561518
6.505340793129335,-0.6380257425294875
6.488269464942691,-0.62972817811487
6.471600334901573,-0.6219652355069741
6.455292929688797,-0.6127166439281869
6.440026876043023,-0.6027225935585122
6.425599081328602,-0.5941884600472461
6.412344767022502,-0.5854094207073096
6.3995339013289225,-0.5756798656294576
6.388135044820975,-0.5663261666688129
6.378846269571313,-0.5580831509307728
6.370886724376526,-0.5497499497184952
6.363621121286995,-0.5415069163217383
6.358938290742242,-0.5355223836104402
6.3570553651239505,-0.5313965837409945
6.356270485883398,-0.5270883628940006
6.357254093151264,-0.5231626100747777
6.360212986728969,-0.5208967814858183
6.365976301575611,-0.5192720389575272
6.372118273141235,-0.517652014152692
6.379612676436901,-0.516638179518631
6.387966644267783,-0.51571654351114
6.3974367717186835,-0.515253900551415
6.4067015643689675,-0.5142077119595209
6.416372523764276,-0.5134840963200893
6.426716733823824,-0.511826396864308
6.435174248951301,-0.5087015742671234
6.444349548795511,-0.506529590092456
6.453611381171783,-0.5027401143289051
6.460739721626895,-0.49791230688957533
6.467472104182723,-0.4939462358943524
6.474799557521764,-0.4897548440384051
6.480591095333361,-0.4855191096341214
6.485682304964325,-0.48122623985864615
6.490650861953192,-0.478140038004868
6.496917000118532,-0.47735895807394607
6.503159600766015,-0.4766171935043018
6.509476449197368,-0.47727160345771097
6.5184828092144596,-0.4782865831600193
6.529104100287629,-0.48078116275601646
6.539410468772494,-0.4831909033823663
6.551987236520436,-0.4863767530633653
6.566546624961921,-0.4907638472138548
6.58098758569311,-0.4958464872621653
6.596555388081839,-0.5015757916039987
6.613099116191624,-0.5081571057707105
6.629697617963537,-0.5162311851736854
6.646004267699543,-0.5253835744800509
6.662112470727206,-0.5339084005547755
6.67873558592252,-0.543999588067639
6.694188814731955,-0.5548291576175928
6.707992661378998,-0.5655409792004435
6.721863054378265,-0.5779155751020616
6.734346754133248,-0.5888257040214808
6.744395671373867,-0.6005794298009528
6.754322165274705,-0.6134646988011724
6.7638564094559674,-0.6258614255372539
6.770752752287204,-0.6388146811479216
6.777089918171048,-0.6509259482719598
6.782398330890005,-0.663794552701719
6.7868126421990524,-0.6768184292001158
6.79002133104948,-0.687953317605039
6.791476181943871,-0.6986653675960778
6.792741637274192,-0.7095293033122443
6.792087638759604,-0.7191624990335577
6.789430673196777,-0.7272521069731285
6.787911304566001,-0.7357111620791699
6.784886426517032,-0.7433422100597193
6.779515410779241,-0.7488542295455788
6.774587469450859,-0.7530714101510253
6.768038149529575,-0.7571066318653741
6.761472926564953,-0.7610052224464788
6.754176038449532,-0.7626417974863494
6.746978549399849,-0.7649765891977568
6.740372257131549,-0.7673531990620414
6.732849392355705,-0.7684285155851213
6.726809404057664,-0.7703544146324214
6.720836660536573,-0.7721121978021833
6.713848126094909,-0.7736423620200099
6.7079578902172985,-0.7756000206256383
6.703647724144153,-0.7785353526793435
6.69774333920164,-0.7823453972925605
6.692023010331196,-0.7854270753569471
6.687462405385628,-0.788706963463622
6.682893920336192,-0.7926928128941905
6.6783951405704025,-0.7956660131560671
6.6741781589247395,-0.7981756789462684
6.670848218679787,-0.8015205197531197
6.667974101000757,-0.805978440414537
6.663891331430939,-0.8084513149666717
6.6604079894889505,-0.8108341493779855
6.657927833109934,-0.8142470623041289
6.654515942802623,-0.8173260443313577
6.651565105964142,-0.8195699450542553
6.648444000623795,-0.8224835834818869
6.6453612363300545,-0.8260347472814031
6.64250590984492,-0.8279021337970136
6.6394921133785685,-0.8292223803387382
6.636858489979798,-0.8323731003100161
6.634127742049691,-0.8344590366082392
6.631281296761056,-0.835425118907051
6.629144463563651,-0.8373389535111928
6.627021362961243,-0.8391130126228765
6.625342385124477,-0.8413525875855898
6.625014485649626,-0.8436892037913839
6.624722639544375,-0.8465040443728016
6.624129131183882,-0.8493528029998139
6.6246073450751375,-0.8511484970002229
6.625819254620877,-0.8547694309633161
6.627414203356996,-0.85868608678483
6.628693397001936,-0.8606391859738085
6.6296033163431565,-0.863355879774751
6.632162832312252,-0.8674687189091125
6.633820014996807,-0.8701228144982547
6.634766430413158,-0.8720404659572036
6.637275826267667,-0.8760106837037057
6.638366850313907,-0.8794828990193496
6.6392913365883865,-0.8823387883844056
6.641358891139446,-0.8869435883280127
6.643169777052084,-0.8926271756582632
6.646621473833637,-0.8984550589076303
6.650739007198299,-0.9043305707247989
6.654534146669854,-0.9119257407880168
6.6595659018028295,-0.9202913649433445
6.664492305199559,-0.928090856119717
6.6704220920254285,-0.9378930397031763
6.677520923309881,-0.9480693483517248
6.6848559972399215,-0.9577544759627387
6.693040034644181,-0.9685717360708889
6.702259138072538,-0.979876983539358
6.710938951212936,-0.9903959531839582
6.720018224517791,-0.999338834647507
6.730310232844004,-1.0087324441792782
6.740361665958872,-1.0187922529093185
6.751457452859211,-1.0277873119182308
6.761095403887374,-1.0354285421469944
6.770829908158217,-1.0441215203983032
6.781418574970543,-1.0526694783499746
6.79095140648368,-1.0599440968334977
6.799490739875134,-1.0685066851299063
6.808848302886988,-1.0776306196387104
6.817304912861884,-1.0860471102403302
6.824952041289672,-1.0939051243411115
6.832591423022713,-1.1020032346272721
6.840595853388146,-1.1102449585828496
6.848163250960246,-1.1171879082119578
6.8544150457861655,-1.1242653619154153
6.861339829880603,-1.1323624163326715
6.868630880607027,-1.1386533656230513
6.875378134837364,-1.1453447885323635
6.883185861613272,-1.1536290324448353
6.891098480851168,-1.1610256935823546
6.897778877488661,-1.1679798400296015
6.905232863677493,-1.1757005189950935
6.913006491951228,-1.1831284226693728
6.919020488444281,-1.1887237263199977
6.925020497238373,-1.1938152479761528
6.930955436199174,-1.199515271087012
6.935740815804127,-1.2041100216178136
6.9392121373399585,-1.2072295281638032
6.940389305486229,-1.2108767842267714
6.9430159854750455,-1.2148175927621854
6.943163959411638,-1.2171985227079627
6.941864079272592,-1.219429565493424
6.941680101823001,-1.2216739341031682
6.939955190821466,-1.2226178335364832
6.936885456132215,-1.2227390184609686
6.932966798142227,-1.221520647536744
6.9278362967214,-1.2198735748631027
6.92206602352194,-1.217409399953036
6.913903730207515,-1.2137386058388882
6.904626253896994,-1.21048708501879
6.895834453890836,-1.2067500926695505
6.885542624036066,-1.2016332047393865
6.87483679806044,-1.1969938467343082
6.864708459940038,-1.1919562608057392
6.852389675448586,-1.1852273494956702
6.840817190935936,-1.1788330786150223
6.830287427225221,-1.1722785073279174
6.819219146311577,-1.1653092878761533
6.808389904831163,-1.1575749063401444
6.798681568039222,-1.1504783073344942
6.789375865939726,-1.1437657858196797
6.779785559592856,-1.1367200503215038
6.770047843823346,-1.1289372634605335
6.762545439236258,-1.1223904255001447
6.755682231458827,-1.116377099506445
6.7472434830778765,-1.1086309055627266
6.739708869243721,-1.1008571328919432
6.734419893200334,-1.092916955768989
6.727473269193795,-1.0840814682431772
6.71976513973298,-1.0747925383680745
6.71412584643008,-1.066363384943159
6.7081061404733,-1.0591315646131139
6.701464916792496,-1.051667840542263
6.695199678234913,-1.0443606118879254
6.6897601408764915,-1.038650894574006
6.683768580660937,-1.0323507133752468
6.677056771567297,-1.026330184029865
6.671380630867179,-1.0212387916405088
6.664953517334128,-1.015342571929912
6.658245152690787,-1.0097593532217946
6.653420233580672,-1.0049098042326055
6.648091100115234,-0.9994012875761702
6.642267407327491,-0.9947378714049651
6.63872588385129,-0.9908143564961133
6.636032380092542,-0.9877923168799865
6.633429733252965,-0.985121402469058
6.632031407461745,-0.9820043602543026
6.632409182859589,-0.9803130229672268
6.63568901166132,-0.9805132152403289
6.638345122344199,-0.9806745444518853
6.642156516295384,-0.9807259689387505
6.649531975637666,-0.9830591369016367
6.656996226388341,-0.9863997336790667
6.664662106415096,-0.9888768808789224
6.675257452983136,-0.9927789103742727
6.687050908588228,-0.9985946961098856
6.699416831082893,-1.0035730310654285
6.713271396740749,-1.0079546442661562
6.728038174802683,-1.0130616228322324
6.743993744190847,-1.0183148680708147
6.759970576098487,-1.0221583457827401
6.776163991672076,-1.0265739573537223
6.792607562542465,-1.0317152756353332
6.808544889840426,-1.036292782514091
6.824769358943604,-1.0408576664563145
6.8402239716417155,-1.0456086249703653
6.854580192702145,-1.0501844367215039
6.868418461801394,-1.053645609957099
6.881881729112437,-1.058323493426046
6.894392118832357,-1.0635695532040668
6.906182590939921,-1.0672430814625609
6.918019673715352,-1.0704154539127282
6.929804737164019,-1.0752691174560751
6.941137817682374,-1.080246653418034
6.951147983583482,-1.0829672524979297
6.961271889169114,-1.087278301994501
6.9714317386858085,-1.0928835568370636
6.9799396735853305,-1.0969986364477744
6.989064282876505,-1.1014265738656699
6.999157008300843,-1.1068468436322068
7.0076394531522395,-1.1114677959241661
7.016415588621054,-1.1145641600478116
7.02462367771452,-1.1169758099865332
7.032035830117667,-1.1205055118803315
7.039628095978809,-1.1224815337924714
7.046880899225483,-1.1238747543817627
7.053854292897017,-1.1260728131158606
7.0610466222045645,-1.1269488014379276
7.068129702013047,-1.1271472929107051
7.076151607333354,-1.1271261674230557
7.084200613642543,-1.1259671208524322
7.091710826680488,-1.124057650210333
7.100147726483409,-1.1211237250527077
7.10823890802175,-1.1189103514286174
7.115833119720087,-1.1161471073695868
7.124013579545083,-1.1121308555816136
7.13209801538039,-1.1093917298258873
7.14005868421767,-1.1062899292241608
7.1477292247179856,-1.1011715596831928
7.154181635673345,-1.0956951197365674
7.162221069790446,-1.0919096695708903
7.168608092584964,-1.0862340544326854
7.173639857156453,-1.0791236761937666
7.17955726602323,-1.0739164130833259
7.183868484820981,-1.0681547776306568
7.187864401981958,-1.0616430971483795
7.191659574347594,-1.0556767191763534
7.194902554140982,-1.0512731991299984
7.198889508622392,-1.0475590190539312
7.2023370375443925,-1.0432039604749488
7.205353539352178,-1.0408118021344344
7.2093210015391325,-1.039363579427421
7.213226141275793,-1.0369776371226997
7.216249866312164,-1.034863682873324
7.219880531604978,-1.0342170036811447
7.223396751719256,-1.0330761897407355
7.226453432870172,-1.0313520468754254
7.2301947936814415,-1.0309989529629628
7.233633376535909,-1.0298094612216449
7.235916976046875,-1.0273884029668914
7.23796632200617,-1.0251860218585849
7.239835329577786,-1.0240665733745467
7.241311938091674,-1.0220281675549268
7.239726387646366,-1.0183659452012563
7.23823271173433,-1.0159661818044803
7.237616930280158,-1.0135576408366103
7.2347579674995,-1.0099484081683654
7.231831279541639,-1.0068843183287859
7.229231551479738,-1.0040296758499545
7.226640628386664,-1.000794709130924
7.223547673221968,-0.9976165863976478
7.220218801793111,-0.9945967921455331
7.218085923169066,-0.9924811391309089
7.216742057557316,-0.9895989550430841
7.214893040958038,-0.9872342631521838
7.2137136647407045,-0.9856069250706081
7.213641924236832,-0.9840535617334752
7.212356211948497,-0.9832108380364984
7.212121083175068,-0.9841708429945528
7.2115509153568444,-0.984966783523998
7.209370890892684,-0.9866234486284268
7.208368582576025,-0.9899085564946951
7.20688980872811,-0.9937732131666757
7.2042906634419595,-0.9972117594361385
7.201669708685723,-1.0007402515623816
7.198624403471091,-1.0052343488875999
7.195430732613039,-1.009824131494708
7.191063332506911,-1.0137546368249057
7.185370135082351,-1.0189475274509256
7.181436083059264,-1.0254113259262063
7.175877243185035,-1.0303636145841941
7.168834033667571,-1.0353843792654267
7.163872083340687,-1.0417765138043429
7.158387325952772,-1.047766561158211
7.152186200857238,-1.0538945256542342
7.146053096385479,-1.0598930914789022
7.139750944620645,-1.0660228541206602
7.133951332278504,-1.0725493068261838
7.1271606438927915,-1.0778306361904533
7.1201295791024,-1.0833062459983014
7.1137805956675475,-1.0885842632488696
7.10571502488626,-1.0921081688729095
7.097146118200075,-1.0960999208130258
7.089202951294511,-1.1003350203526132
7.079774166256173,-1.103956763045082
7.070436365534772,-1.108141278706797
7.06219345686503,-1.1133383599565607
7.05310480724738,-1.118975667151772
7.044018150352945,-1.1243048179918012
7.036773051388968,-1.130487716992755
7.0297932364262845,-1.13856656656063
7.022920164212661,-1.1464559723960448
7.015709003506448,-1.1540081913412354
7.010418752677568,-1.1641833840010662
7.006038485218071,-1.1761701102663682
7.0002696528131665,-1.187842809786813
6.99538303130666,-1.2006140246786552
6.992236778924489,-1.2152564641466719
6.987656141827779,-1.2315681606548843
6.981811151629109,-1.2483462462441213
6.977542537404759,-1.2662846053516277
6.972448307389637,-1.2870607678074355
6.966505965304337,-1.3077799479490007
6.960431009372626,-1.3285096471714357
6.954786743984944,-1.3507054839970705
6.948977134004186,-1.3726908687552462
6.942148634478975,-1.393562848151071
6.936011553140027,-1.413853943378494
6.929155991540285,-1.433440827162749
6.92180404710901,-1.452882401273621
6.915601928588176,-1.470996397477836
6.908728800056363,-1.4885309635498354
6.901196740731434,-1.5052513102538914
6.895003928642265,-1.5204474608814305
6.889038898824173,-1.5359238068193724
6.8829153376078755,-1.5516132299277448
6.876785284394524,-1.5652845221998366
6.870715998676122,-1.57881137755065
6.866720782943815,-1.5926900097577725
6.861965053246534,-1.605088555464078
6.856844750220544,-1.6165266722831229
6.854135943407955,-1.6286494332833854
6.850376018670065,-1.6405458559197093
6.846035361716996,-1.6510550694188546
6.843370818489807,-1.661277195093832
6.840075036832268,-1.6718746962863604
6.837340715182235,-1.6822874319942434
6.8346219964264625,-1.6905623416528484
6.831393202790489,-1.6989340985185077
6.827950874126988,-1.7064008367108183
6.824585322043046,-1.7127476785639022
6.820141831758418,-1.7179978235772928
6.814724325411501,-1.7227266464901965
6.809687705772498,-1.7267733644469558
6.8041680600369245,-1.7296567401042047
6.79813941843961,-1.731749191472286
6.791524615298369,-1.7333576300994606
6.7842566398227,-1.7325206054147446
6.777501476591435,-1.7314181314847865
6.770064549486856,-1.7299788952205544
6.76162111777698,-1.7260740680366968
6.753414361107513,-1.7203793467875736
6.745676234886144,-1.7152626730311527
6.739091887528961,-1.7093324208207377
6.732179107667118,-1.7007627825489426
6.725530605721557,-1.6910332235449808
6.720694942856353,-1.6807834172238818
6.715316160618047,-1.6692484050929868
6.7111700246530175,-1.6544742679875082
6.7088377726933075,-1.6390869833679271
6.706676187291342,-1.6235854123793798
6.705946516077443,-1.604305060367477
6.705329436741428,-1.5844282723261645
6.704819127980577,-1.564605315578651
6.7055846645549915,-1.5430650848099896
6.706003379688056,-1.5210347066338317
6.706592807060606,-1.4999672967181563
6.7077546011698805,-1.479029406316984
6.708464823263897,-1.4570312535644243
6.708901800917151,-1.436456448354641
6.708740897953448,-1.4178644559921179
6.708371459219127,-1.3986982352571933
6.708414806098521,-1.38070420455547
6.708533192626358,-1.3649788028860912
6.707848115130096,-1.349739091072876
6.707282497145835,-1.3344656640013488
6.706741431905554,-1.3207524545544886
6.706550380400351,-1.3087983540931745
6.7059482336498295,-1.2965070225102626
6.704802460161549,-1.2841048027168602
6.704512501185305,-1.2738984351588651
6.704042722363086,-1.2642442822020348
6.703704713815617,-1.2543861397259495
6.703621336020632,-1.2456298123004734
6.703419345867811,-1.2380410005296214
6.704174052169714,-1.230857225346654
6.704855578151861,-1.2237547642666258
6.704678786503482,-1.2181314761276498
6.70595781514709,-1.2130542439066212
6.707544246255826,-1.2087814782607944
6.707569702128754,-1.204914320232435
6.709282457325532,-1.203168671681711
6.712082651724906,-1.201691827100661
6.7136225987531475,-1.2006986109638833
6.716746270931788,-1.2010618183986421
6.720433475653699,-1.2020492943916392
6.722662104706593,-1.203136301202711
6.7259318313720895,-1.206028428417725
6.729336522200898,-1.2100078662264742
6.732633557958266,-1.2139554426675876
6.736496782795818,-1.2186914400314905
6.7392793089291105,-1.2238083876359667
6.742264787375587,-1.2286467035534858
6.743510758884002,-1.2324208942443164
6.743205557417683,-1.2366648074816065
6.743424153483414,-1.2428261773104312
6.741622938242921,-1.2486418026032333
6.737645948520854,-1.2543145669905174
6.7330477828590904,-1.2617953236608657
6.727534506320863,-1.2696402176304893
6.719360504680021,-1.2772711945514876
6.7093487205767,-1.285861456863728
6.6996196899776015,-1.294770807475456
6.6894802234538115,-1.304083131370543
6.6770043457646056,-1.3135560565045517
6.664593159342579,-1.3229472590430753
6.652828007881021,-1.33154776480552
6.640159825747504,-1.3403320678016992
6.62713008081417,-1.348783898581178
6.615490964521886,-1.3556167523088731
6.603990558888368,-1.3611315422690435
6.592218051361687,-1.3661387531076319
6.581476724315032,-1.3696948553839228
6.570723581851505,-1.371354825505928
6.560369511955971,-1.3720862717311515
6.55081694741654,-1.3708317081002315
6.541445842950532,-1.3696121580673244
6.533111123190067,-1.366081166063537
6.523234645273193,-1.3604165661937417
6.51426380164976,-1.3556978464082512
6.506528926018886,-1.3496481211354652
6.496558653624558,-1.3410544150459947
6.486134041357363,-1.3322228344206213
6.476882889976613,-1.3229753423040367
6.46639920138127,-1.3132039359882015
6.455275106141627,-1.302280940466552
6.444110027630267,-1.2911189526270697
6.433450064950372,-1.2804805798511207
6.422328894864126,-1.2695463022861422
6.410615779366527,-1.2578037447855746
6.4009386527825045,-1.247027360503728
6.3918311651035955,-1.2356435478787497
6.383009355241462,-1.223780632425497
6.375660963487496,-1.211171949361078
6.369169219504746,-1.1993125655182866
6.362461372668327,-1.1870025740797783
6.357778640562545,-1.1737696187019526
6.354159988517063,-1.1611025659590504
6.35007300760599,-1.1483237097506789
6.347569685279371,-1.1350969347160504
6.346266564770287,-1.1223131122533008
6.346075354036755,-1.111212630698162
6.346062804038035,-1.0991360864469686
6.346622291368413,-1.0865117554388048
6.349522417090876,-1.0754990287110069
6.352609087702708,-1.063642343657662
6.355670739095376,-1.050302194235331
6.361299002266346,-1.0379482252811016
6.367789768071105,-1.0256845059564443
6.373520422208826,-1.0129665024559307
6.38103537657988,-0.9989699522669808
6.38971614312872,-0.9852212081108123
6.398339079510836,-0.9720492429313625
6.407504226587613,-0.9575337889513973
6.416885463070511,-0.9422259298134165
6.4267173788926275,-0.9280606455193304
6.436378218138192,-0.9137922125466673
6.445238817284218,-0.8985013985565145
6.454690988636751,-0.8836913095162403
6.463183739257363,-0.8698373602408015
6.47076951667402,-0.8553232162677467
6.4795015035694625,-0.8418691941700323
6.48643644108741,-0.8293969084212249
6.492202984630615,-0.8174606342055075
6.499128166056875,-0.8046453972389185
6.505518752671922,-0.7940008301481868
6.511441426311872,-0.7831290371889478
6.516790273125462,-0.7714526010039271
6.523612399464291,-0.7614895291469966
6.530628264547771,-0.7520455027572925
6.535673207246263,-0.7414759284147293
6.541837318210674,-0.7324379134110941
6.5491427043333035,-0.723985794519232
6.555788668403604,-0.7162553244098635
6.562624822568712,-0.7072230684024067
6.569591261339815,-0.6989086335083451
6.5761877988853525,-0.6921417948886813
6.582788524106248,-0.68472654993746
6.589346144245319,-0.6774391650441615
6.596593921805124,-0.6723855846645096
6.6037492939186535,-0.6675609304991497
6.611008085945439,-0.662708430419856
6.617915453724451,-0.6587112225221312
6.625446934239479,-0.6568757363092647
6.632945495353393,-0.6552900525340244
6.640344352094452,-0.6541494861349723
6.648686757488986,-0.6557038134288938
6.656659134058288,-0.656925624840508
6.665808768525452,-0.6578877142762326
6.675550746193918,-0.661231723244572
6.684743048359134,-0.6646994017180858
6.695662641361021,-0.6684318076286421
6.706628958675903,-0.6728788056740516
6.7193516203320796,-0.6794522396598558
6.733867180180529,-0.6857047975269057
6.748332207370003,-0.690774834283981
6.7643297774410565,-0.6979824527292968
6.7812688134150205,-0.7047949296141531
6.798533873545691,-0.710610929602374
6.816236863670192,-0.7162931589404543
6.834218033462433,-0.7223232598207666
6.853221298863143,-0.7278863798290823
6.872088565869801,-0.7321741321118993
6.889835072778959,-0.7370620740253931
6.907760083235744,-0.7422631731880438
6.925697738205955,-0.7466455245456736
6.940928103217324,-0.7506504477407518
6.956545735061205,-0.7555043882180038
6.971884394223742,-0.7608404099235222
6.984945499770491,-0.765264372354534
6.999088711742135,-0.771191850168616
7.0106930727998575,-0.7757648735144428
7.021505754325595,-0.7792230382572486
7.032492587036914,-0.7829753612603602
7.041705283019151,-0.787788067918453
7.05003826750637,-0.7908753948963795
7.057754244489842,-0.7929026968997083
7.065037467581002,-0.7972755464281391
7.0725100113840895,-0.8012609478380571
7.078780606888375,-0.8039016618107989
7.08465731214762,-0.80721229375894
7.090883286969049,-0.8108296938500746
7.096473829549864,-0.8140538505296823
7.100611395423841,-0.8160217105762783
7.104967848422641,-0.8190213149371397
7.109484967215421,-0.822289649251225
7.11382021062741,-0.823944647960386
7.117229528393067,-0.8245893443473044
7.120395547841689,-0.8257881083243845
7.12346031427212,-0.8256090349228048
7.124469525894775,-0.8227914090977355
7.124296813945483,-0.8210789955573349
7.1239122849314205,-0.8184990925103656
7.120881679202705,-0.8138167926895442
7.116174736956587,-0.8090331817689351
7.111066962207409,-0.8035911295693473
7.1035441231104715,-0.796981777908595
7.0936302734953705,-0.7900100826364848
7.082184183096843,-0.782808958768832
7.068036940428329,-0.7747499418739109
7.052153820137019,-0.7664960272550968
7.03387397935972,-0.7573802676250538
7.01415680999935,-0.7490390898132744
6.992881023381364,-0.7395346063584642
6.96684639691529,-0.7296545158033219
6.940378422245263,-0.7211244115241076
6.914133432935888,-0.7127256879806
6.884685425301073,-0.7041780453528946
6.8540627688303095,-0.6959862407616648
6.824404689316357,-0.6881406219723889
6.794413673095201,-0.681211355507545
6.763727445934621,-0.6743048959435477
6.733280224890149,-0.6678488833790253
6.705269825246687,-0.6615521712868719
6.678451919221874,-0.6551975104874486
6.650957818690281,-0.6481127942204601
6.627143820959291,-0.6419065942619615
6.603965178281948,-0.6356880794471952
6.580905766531818,-0.6292199206093262
6.561560257872002,-0.6235260107724653
6.541649584241403,-0.6171182878950724
6.523426037484235,-0.6112169811495265
6.507410147427855,-0.6056673160118663
6.491370464726801,-0.600067559319207
6.475012230787337,-0.5942001511915254
6.4589985195123365,-0.5895363070547467
6.443108912277583,-0.5850475719960107
6.427376938457709,-0.5808285974216986
6.409790377785128,-0.5763300656767989
6.391328874969957,-0.5715597231177395
6.374731801874601,-0.5678966610616423
6.357195793374467,-0.5634442154239259
6.337933107121076,-0.558315642557696
6.319377040984858,-0.5530854634021091
6.300273168239712,-0.5473278228335827
6.280054699450321,-0.5410760378655398
6.259474044829253,-0.5338113641184453
6.23979762176821,-0.5275237201389896
6.22021548923503,-0.5211674129043236
6.199046376005317,-0.5140101241556992
6.179197501320549,-0.5085421337936584
6.160101919075038,-0.5025973803688768
6.140655622489425,-0.49694001926721854
6.122857895176146,-0.49187481493337676
6.106337783000885,-0.4860107377770142
6.089122629633613,-0.48030291933264835
6.0731805888566415,-0.4740399203059181
6.059391218152224,-0.4672715054083245
6.045864344364999,-0.4612550785719271
6.033039091467005,-0.45434861178112096
6.022010949795438,-0.4474687746849093
6.011621577391254,-0.4406827938662896
6.002136983420982,-0.4339729376823221
5.9928636488018645,-0.42626104943404003
5.986530630485428,-0.417801336474628
5.981985145787086,-0.4098634965959797
5.976113146420143,-0.4000547712139932
5.9731940785640605,-0.3890117039073617
5.972058473984049,-0.37886209114235786
5.970998971427847,-0.3689772540063051
5.971004083068536,-0.35756493641173226
5.97153020351057,-0.3466442227593742
5.973616895554341,-0.3387612747549483
5.9748197308968205,-0.33036892248058425
5.9772280331149386,-0.3232452080616421
5.982125910346459,-0.31959858190159773
5.987343404866146,-0.3144740151861184
5.992564313455857,-0.30895326267624995
5.999372871970156,-0.3026893905219315
6.004915677217562,-0.296734022439808
6.010064001410434,-0.2900344564952733
6.015305754276822,-0.2841468118195922
6.018723965260749,-0.28051475820785066
6.022374490409343,-0.2772182368577958
6.027029034990581,-0.27429242486066235
6.031367370416148,-0.2720652228667257
6.036641148986774,-0.27177815765484925
6.0412452631215094,-0.27000892117272385
6.045631978519342,-0.2676498864683647
6.051954907514708,-0.26700596587506537
6.0566894296053535,-0.26481512489491843
6.061069462275826,-0.2619483690260064
6.067078510320255,-0.2592011360661571
6.073139757619388,-0.2568289004641946
6.079387488671538,-0.25445216555960115
6.086512274058406,-0.2508459986860671
6.094751849743209,-0.248417573313946
6.102798289420044,-0.24580349803366133
6.111230593255272,-0.24028192491993816
6.12187930203875,-0.2350124099638954
6.133106124388094,-0.23032154337351063
6.14654243898411,-0.22389200285229371
6.159645599310946,-0.21595213796611856
6.173995343169269,-0.20766219079602244
6.18945285678736,-0.1978475909065048
6.205633566355799,-0.1873145505770019
6.222543252391921,-0.1759346611935539
6.239600337150642,-0.16486541830434062
6.2568360386442246,-0.15286271179646563
6.274604847866374,-0.14004719896296833
6.292356354464674,-0.12794659868491218
6.310734456516485,-0.11583281623607018
6.328428133067634,-0.10291443698960545
6.3464253306958485,-0.09182568656503148
6.364806223310092,-0.08219513867339369
6.380871334147667,-0.07089476243344307
6.397320541599308,-0.06052370392452716
6.41378807761593,-0.05210782219253656
6.428922098059231,-0.04327738332519819
6.443158073322611,-0.03342179076495552
6.4567058756224585,-0.02521521268462278
6.470020098635977,-0.017514640104861742
6.482554243336829,-0.007420895209661658
6.494514880158184,0.001874936327341851
6.504664406618749,0.011208171243615382
6.5144637538319685,0.02205570326782588
6.52302010949186,0.03118305593028107
6.531192068738264,0.039497734173376875
6.539906636157784,0.04567267671472857
6.549555310972258,0.05206304989142549
6.559360965405532,0.057196792895171725
6.5707351142026225,0.06289148712210027
6.583165582132568,0.07185661598860134
6.595712395936898,0.08031750534514648
6.607805804244263,0.0888713140811517
6.620443519866199,0.09777974277101568
6.631838063837125,0.10809255559337196
6.641995521213272,0.11728769676680913
6.653586987066274,0.12457710015121783
6.664154679134998,0.1336943623623381
6.673575960048568,0.14226563495278155
6.6831144570665115,0.15029874469529167
6.691785993355435,0.157689548995381
6.69938021606636,0.16443983429225867
6.705901515972581,0.17184117290402018
6.711852430738328,0.17687138022821988
6.71739429046556,0.18156622503515943
6.721746740882846,0.18622294653443813
6.725102912548997,0.18839849981219492
6.728528035304944,0.18943051921822754
6.731585835039293,0.19123346371391356
6.731809598993088,0.1916804324675676
6.734090186573694,0.18943156834385946
6.735309488425495,0.18692691006452802
6.735479567954111,0.18289787103134714
6.7364402846488565,0.17691899243600115
6.736684276481722,0.17053877050294775
6.736783539868045,0.1635440498012821
6.73643974707422,0.15564640915838465
6.736627558596832,0.14632766910467135
6.736526418373893,0.1370034582115054
6.736032338837455,0.12785448872090974
6.735595514485534,0.11838188341386556
6.73547252105375,0.10882437699755156
6.733561159179725,0.10050853964675009
6.73114378220366,0.09092880083433212
6.729968805257568,0.08053131925023023
6.7265395033398345,0.0707662535367954
6.722689381911506,0.06103240559728521
6.71944139210373,0.05107293928636435
6.715961934786162,0.04112771777346665
6.712315900803899,0.03164715220281865
6.707499265685963,0.02336906044597087
6.702711505717772,0.015100126998138313
6.698821011331233,0.00675834594066247
6.692939319180321,-8.705707627685281e-06
6.68686241737365,-0.006329888189478645
6.681896353859136,-0.013440971180866342
6.674694355369491,-0.019770669601043494
6.666645648272768,-0.02600809885252701
6.659435693625525,-0.03199530117857935
6.650585282851423,-0.03884442881897536
6.6418058233826915,-0.047170961812893326
6.633527125851481,-0.0541389570452246
6.625566524111064,-0.0615753670825107
6.617280654428693,-0.0686882951474499
6.609162090838234,-0.07530095603101683
6.603144467701516,-0.0820012878194386
6.596684019436557,-0.08841744117088708
6.589670060794774,-0.09483019481000378
6.585052781615999,-0.10155897050001327
6.581759430571458,-0.10975892205863422
6.577723694076752,-0.11762279791624557
6.574461777651126,-0.12470582350295104
6.573416289473028,-0.1327288180172336
6.572209255265271,-0.14010806099327405
6.570138883292723,-0.14667608516098207
6.5693996698681305,-0.15265539226939864
6.5695359907392215,-0.15967221880778892
6.568987699114284,-0.1659511071019473
6.567407406858298,-0.17160626570183368
6.5670072008825295,-0.17746431709018082
6.5655643987006895,-0.18242702256259596
6.563677450432429,-0.18638164692327924
6.562430668393591,-0.1894216510231608
6.560411033710451,-0.19208346984387187
6.557719321813646,-0.19456335488908033
6.555264087994959,-0.19605048826512722
6.553269888590005,-0.19719507868595232
6.550645688497021,-0.1981703568875424
6.548306325068964,-0.19833522200972908
6.545922850156991,-0.1981656084673564
6.544819865707237,-0.19870674040302963
6.542965911274997,-0.19769973784885397
6.541522009589887,-0.19616485218016128
6.542809544537361,-0.19504154621649183
6.542846872896034,-0.1931476875294554
6.543337919222876,-0.19048698708379264
6.545217307844203,-0.18788513243200675
6.546996946255482,-0.18597220785033977
6.548877518426969,-0.18320591749257054
6.550653911170843,-0.17914290162404595
6.553133853665242,-0.17643211176115656
6.556595045041731,-0.17427058280430166
6.559245088196677,-0.1699439882866395
6.562522282308858,-0.1660807729025934
6.566856796587897,-0.16303660583559032
6.570948797977097,-0.15885622155033255
6.574872521863552,-0.15288276106269752
6.579010509892009,-0.14728813255574388
6.582420425124925,-0.14178916822237211
6.586728900131567,-0.13522658794649808
6.591198879403841,-0.1292278575631185
6.594680102503188,-0.12433311825402617
6.599047286551754,-0.11834713430811346
6.602920485756825,-0.11154896912489919
6.607576069641834,-0.10603435820114142
6.61183600653178,-0.1001934374092666
6.615543644482753,-0.09239330759878021
6.620043245601317,-0.08591855313879769
6.624302127332939,-0.08037817230297864
6.62689480753294,-0.07230125052198504
6.630434501416751,-0.0640139610982473
6.63466229038161,-0.056273266527976665
6.636615310630028,-0.04835831381305321
6.637929224927931,-0.03902289404655701
6.639706331872945,-0.029846649485879596
6.6400457969404325,-0.022165209504117215
6.640016512210066,-0.01369311647904097
6.638758504511875,-0.004309947910271072
6.637154473962672,0.003620838902806317
6.635341136891498,0.01085076659325867
6.632756734890277,0.019354818594992038
6.629749276060863,0.025945384110591645
6.625869468439491,0.031694974344088925
6.621383929990654,0.038129213986960404
6.616872544783168,0.043789591376822194
6.6113198849945425,0.04882137785484716
6.605334056888993,0.053631775946240495
6.5992584126668685,0.05891343287945486
6.592560347777961,0.0638894519399026
6.585930147221427,0.06753801594093557
6.578378914393941,0.0727579218684934
6.570435499656907,0.07782116445661928
6.564022220594345,0.08142438461946584
6.5564262932925095,0.08631308749819079
6.548163345593189,0.09205964906481466
6.5408071135047114,0.09745454400129934
6.533519600165252,0.10263319201103481
6.525645103548101,0.1089528204280879
6.517471151097326,0.11558146498340106
6.508946859700585,0.12108928979294938
6.500841036437354,0.12651719636892805
6.491565347345604,0.1332468176275026
6.481211828976658,0.1391465010571724
6.471087977704526,0.14413611472520327
6.460086168928092,0.1503378287368667
6.447405354605016,0.1573666589534325
6.435706756926075,0.1625948788836904
6.423951698967952,0.1685716597023666
6.411856052771366,0.17526841946532995
6.399003117425414,0.18183548707907057
6.3860199443981305,0.1888498157695909
6.373022341851992,0.19694486256120705
6.359337226822263,0.2042749618720192
6.345941839652255,0.21128284149242682
6.332489901495444,0.21902038171226204
6.3189037436669615,0.22679189728932544
6.3052273713594476,0.23312374301434863
6.292622302283569,0.23883156595689786
6.27941349534994,0.2454210211579033
6.26632551116857,0.25049182307461115
6.254903387035512,0.2543883941350249
6.244204361760991,0.2577302394054335
6.234490061343319,0.2606313299290716
6.2269588662308015,0.2624461172948389
6.220350184365295,0.2633401220326024
6.215751315268097,0.26457165511046193
6.210795825469632,0.26615635317024355
6.207338259910668,0.2662454614931034
6.206927089569063,0.26662422225644516
6.206249184206226,0.26765345988904676
6.206477479903494,0.26752068280045266
6.209489600691814,0.26670131357957133
6.2137438888554986,0.2652846005046983
6.219134506979412,0.2636163378938475
6.227042897149766,0.26149779630067665
6.235274592144382,0.2591431330329298
6.2459605703277115,0.2560693523055456
6.2584553042266355,0.25161883858103284
6.271292349097292,0.24706526352096758
6.2856822661149385,0.24208108497788422
6.299921684052244,0.2364772793461205
6.315871779982234,0.22953602562801284
6.332327220967949,0.22208859764250186
6.347973384965334,0.21434908077111564
6.364742424205352,0.20554465558089852
6.382309216063529,0.19559453986337955
6.398456243206156,0.1859777469146226
6.414276711972793,0.17560037100745912
6.430562534864115,0.1645615142357282
6.447455579306224,0.15251146087245662
6.463110530316337,0.14147331427857313
6.478211723764167,0.13088577532011833
6.494314587958224,0.11919682807226904
6.509931804521814,0.10822624557071192
6.523746376030088,0.09836075853779748
6.538224463320508,0.08771879078851118
6.55217905882201,0.07735027043069126
6.56480041049096,0.06705492764189404
6.577669372811513,0.056972931901181766
6.5905926604968075,0.046009599425926875
6.602445093918139,0.035048889097524176
6.6149021775209755,0.02380838151998224
6.626728393739371,0.013435630239503301
6.637947755864905,0.0018121554376823172
6.6489372214439655,-0.01012637643051506
6.659798855172726,-0.02137798963893252
6.671755904428766,-0.03389156899196437
6.682171860465922,-0.04530281474522
6.692546297487895,-0.056232970119645946
6.704371361269231,-0.06774544303214759
6.714385501310053,-0.07921019351989693
6.723114958110944,-0.0893411308967493
6.73250023099194,-0.09847286828384509
6.740983605884711,-0.10807688136732492
6.74875751342677,-0.11705627960510429
6.755214922362943,-0.12391082796527249
6.7623377516038765,-0.13086816022994188
6.769373830621925,-0.13797822908871482
6.774021567134175,-0.14256991729558666
6.778788352357686,-0.14653758672838274
6.783933053273004,-0.1508702712475218
6.786877043374381,-0.1542717349268726
6.787856300535769,-0.1556934452964464
6.7888514562562445,-0.15657433214782646
6.787411990130508,-0.15699972628901587
6.78611704068598,-0.1567106854262373
6.7835283975321365,-0.15421935455328434
6.779267600770037,-0.15034885564159906
6.775206889465249,-0.14645067587452154
6.769201035544204,-0.1399090823069833
6.763983142747439,-0.13396192074812338
6.7584311507220765,-0.12780949867031455
6.7510424555217945,-0.11903781090874042
6.7451835723949305,-0.11054313980901853
6.740041619255131,-0.10259435479485643
6.733451651831904,-0.09307933736787344
6.727756805123503,-0.08312915319202067
6.723610420903821,-0.07373912047645176
6.7198796566230525,-0.06496536191014098
6.716156648566702,-0.05486055541601332
6.712727335018298,-0.04446398698789624
6.71039371602934,-0.0359258165231367
6.709282915085107,-0.026999602576594905
6.707910973765526,-0.017459866652315234
6.707908773129984,-0.010001576312165446
6.709455203674132,-0.003799218608808437
6.7113488151882414,0.0024049207328534364
6.714124578246128,0.007931740509190426
6.718100267648954,0.011603412420644926
6.723187970448162,0.014964535032480063
6.729531089663952,0.018591913608617713
6.7360845514613725,0.021358637894949586
6.7436211128035435,0.02227902681450179
6.752927473494894,0.024629270390329153
6.762798431438166,0.027365245021735603
6.77305602989855,0.02868732113021402
6.782991988730869,0.03209659100749868
6.792627306126185,0.036823269509861305
6.8021851686738355,0.04021777817960562
6.810333756891711,0.043701846945517674
6.817657657452565,0.048779280797302246
6.824801570916953,0.053671365720176695
6.830727169958672,0.05707394680171297
6.836452870171818,0.06149101835102336
6.840856094454609,0.06637038242580535
6.844330445305636,0.06926294442231669
6.847780978901001,0.0719132162651097
6.849716903242561,0.07563672584921872
6.850583731673459,0.07757089504994129
6.851400636661567,0.07873503308230592
6.851570331511142,0.08014355682855574
6.850382069926255,0.08231629076648353
6.8496087656889255,0.08337048441996754
6.8483223607705295,0.0837379954036969
6.847307785214307,0.08422763045421729
6.846409701209085,0.08441122877547948
6.844280976357167,0.08263181259119491
6.842224259599423,0.08045848339807628
6.840373649286145,0.07868624538173331
6.838523996552705,0.07490045957259803
6.8372745105779344,0.07111811252913719
6.835484334680582,0.06810402439931845
6.833927461244602,0.06362420485813045
6.832692227271098,0.058522872587898365
6.830609116057371,0.05411065580887817
6.828680802808654,0.04892888004316844
6.827468677306106,0.04252717512970544
6.826425134952167,0.036376141729087326
6.825021241485844,0.03062099371767416
6.823955589836566,0.024279605743875943
6.824094562709544,0.016453888603585407
6.82508378639679,0.008443038357412141
6.825492801804091,0.00032043929485145065
6.826866512662393,-0.009143683953060032
6.829736361994807,-0.01939664357815334
6.832111292526903,-0.028481783858767932
6.834334243596763,-0.037595009084714665
6.837732340218225,-0.047630177771572156
6.841164131678774,-0.05678983195083624
6.843171537517785,-0.06573033821523992
6.845463982847049,-0.07484149076870912
6.847349906434844,-0.08335493122651834
6.848727498484291,-0.0908286910932462
6.84819326818606,-0.0988617034472082
6.846808957664634,-0.10761928073011559
6.845614598341774,-0.11581910423656414
6.842591905851685,-0.12516919537704344
6.840484894772782,-0.13635379829262897
6.839338045513613,-0.14742995970462278
6.837517374087868,-0.1583635894718979
6.8370142712779405,-0.17004164779300407
6.837838311644561,-0.18261838959320012
6.838833149499391,-0.19503136595094633
6.839300174527248,-0.2071606791005497
6.840602943294243,-0.22066597504568067
6.843633408315201,-0.23525653105921862
6.846435503961384,-0.24946592080145782
6.849195097397283,-0.26439475764002746
6.8543885058095615,-0.2808698846405902
6.859713175653243,-0.2970921373077997
6.863831188013508,-0.31274977282027394
6.8695723217056095,-0.3287545908725721
6.876021865691485,-0.3450021684034989
6.881520372441223,-0.3613958307320166
6.886735210640932,-0.3779727730847903
6.891507745729113,-0.3952374719462874
6.897004841889834,-0.41228481802744454
6.90181649481748,-0.4292798451510518
6.906142251982807,-0.4468231706750891
6.910506068509746,-0.463886552662218
6.912732306304578,-0.4804908184208066
6.914924560398231,-0.4970336204390638
6.917151828154145,-0.5147577216451472
6.91677395511702,-0.5319310091241108
6.9161538050153455,-0.5491498341879973
6.916016428046093,-0.5668668789072223
6.914580941562223,-0.5840761951462076
6.91145060009053,-0.600826961580147
6.908184932974176,-0.6169807029210491
6.904607466539237,-0.6335612725763523
6.899792163736473,-0.6489956764074999
6.893366902940405,-0.6627258037715605
6.887204740945348,-0.6773558623268909
6.880507642852149,-0.6910899577620941
6.871854440726301,-0.7032689923943426
6.862466340872689,-0.7149077595061174
6.853804757463029,-0.7271487187880528
6.843517612805955,-0.7384044888669722
6.832893462998922,-0.7481432256827981
6.823227991115319,-0.7571723125616108
6.812881149134988,-0.7666697693355461
6.803075433878098,-0.7756101352689774
6.79373017991385,-0.7841398706341551
6.785590418809532,-0.7938219617306176
6.778620904659589,-0.8025158445507767
6.771661320884005,-0.8106998904077144
6.767579918733154,-0.819949617464437
6.763531720521689,-0.8289988176632355
6.7589828755735155,-0.8374675702018158
6.757170485567557,-0.846341767050959
6.755242463303269,-0.8558084650485652
6.752890807948485,-0.8652355970776848
6.752309025452523,-0.8743208677637236
6.752545539322286,-0.8853624285133048
6.754129891838401,-0.8966856406210565
6.7555522186405925,-0.9065949072337928
6.756997438063689,-0.9166749322863137
6.761075940574214,-0.9292125737922784
6.76487781863512,-0.9411472685597785
6.767875442264704,-0.9521488380760573
6.773531282720542,-0.9648029297867949
6.779369425453346,-0.9784768894018783
6.784414625656429,-0.9912980680881078
6.791311189486748,-1.0040771593181979
6.797776163850893,-1.017242897386377
6.805208791832081,-1.0301761291284837
6.812362801246038,-1.0422073858835026
6.819587525927917,-1.0545305149293456
6.8274889068962095,-1.0670511412051984
6.835109341052109,-1.0779891146466607
6.844180606559103,-1.089519240552
6.853445617923022,-1.1016939248614404
6.8617924860429245,-1.1116361104134476
6.871818939586508,-1.121812633663746
6.882177812316568,-1.1325385305828495
6.891664586413253,-1.1432882714067782
6.9008982966925805,-1.1527528152134137
6.911039809244792,-1.1625048985043616
6.921165399771029,-1.1736425999667377
6.930862799106102,-1.1838516352323323
6.940106920894089,-1.1937661748866306
6.949483804466405,-1.2053286247032422
6.958617639890943,-1.2162919407310802
6.966565632711414,-1.2263948250671153
6.97468208804224,-1.23723423101344
6.983547198030546,-1.249797270826163
6.991202831900541,-1.2616412401672181
6.999206555315743,-1.2736846521542307
7.006686809317306,-1.2871567048163963
7.013602586147354,-1.3012556530792185
7.020802463234733,-1.3148101441511617
7.027391614578234,-1.3290509617291908
7.033533979670094,-1.3440280317186628
7.04025136579917,-1.3577417457314187
7.045678860275149,-1.3713547616502686
7.050674299109262,-1.3854032965722434
7.054899474366281,-1.398065769853827
7.058654974675495,-1.41000718978387
7.06229679156319,-1.4221712994890212
7.065320077390697,-1.433507965959683
7.067753544546649,-1.4427248568149886
7.069568362138397,-1.4506971941164652
7.069556148969732,-1.4572671182621595
7.068764731511544,-1.4620154226711806
7.0661605261828795,-1.4640525581905808
7.0619789493199825,-1.4654447909050206
7.05744837897269,-1.466538573704593
7.050579890563423,-1.4638197858129636
7.041758149959485,-1.4596019213903222
7.033055742142968,-1.4559561315302514
7.02338913978682,-1.4506435469688392
7.011821623068473,-1.4432353226509824
7.000067382557539,-1.4358761959575905
6.988109428723605,-1.4284946935717935
6.976978645230773,-1.4203298927103987
6.965253285013137,-1.4116225022105249
6.953086615949818,-1.403503095283974
6.9414709571925375,-1.3948966941341245
6.929805559807057,-1.3854526071770905
6.917834250401679,-1.377216837405887
6.906266343460942,-1.3685994154004868
6.894572514795013,-1.3593980488864974
6.882964361496698,-1.3512107651880452
6.8718928605803224,-1.3435211672425382
6.8599535447387,-1.3350245869056518
6.847500346011787,-1.325556875503135
6.836064466085886,-1.3176563998738589
6.823984967857265,-1.309823647044382
6.8121596718230535,-1.3010671986398894
6.799473097872421,-1.2924384219971994
6.787264396395885,-1.2854747907008228
6.776427773431585,-1.2786061282779486
6.764459255156621,-1.271165137821331
6.752874035581033,-1.2647905859129807
6.743216332332585,-1.2591334923600117
6.732997578641189,-1.2527667517044492
6.722596394390167,-1.2459528375448203
6.712751056629783,-1.238992931197957
6.703610099502219,-1.232155491828797
6.693772594981805,-1.224574258647598
6.683770646068269,-1.2166350205012393
6.673803666368859,-1.2086014685345337
6.663791809582158,-1.2002547033198538
-10.803811557891223,0.8342187198964872
-10.78312549553663,0.8379016559797431
-10.76344986843905,0.8416193932271289
-10.742327608274989,0.8469398540858811
-10.721175018198942,0.8520409673659926
-10.699239679364508,0.8549119145532417
-10.67731498449964,0.8605373856965439
-10.655930825157423,0.8671313091107091
-10.633707183647886,0.8719351895975912
-10.611036189954065,0.8761331808578725
-10.588659170097314,0.8809851488195113
-10.565447868353703,0.8843296830296306
-10.542240710151843,0.8859473053391967
-10.518763490912288,0.8884435406778756
-10.495250783319332,0.8900221966713756
-10.472955830509646,0.8904924055721949
-10.450748438764606,0.8910532125568094
-10.428522967003222,0.891074164827582
-10.40891055899207,0.8902681874421429
-10.38795383162423,0.8874319202450631
-10.3683557584569,0.8851711018070497
-10.351248115616688,0.882978620217412
-10.331737348797862,0.8787314124484488
-10.313818353967548,0.8745905485725375
-10.298005551602095,0.8715381716660694
-10.280809140287115,0.8671679485611182
-10.26424517061027,0.861222803286599
-10.247987349138036,0.8561267738407933
-10.232172428965823,0.8508334454893794
-10.217444610133875,0.8437949710208518
-10.202390846023937,0.835520689830612
-10.188883306864295,0.8267809101585173
-10.177765289931363,0.8166557907551178
-10.167004670673196,0.8035254893568962
-10.159262044650756,0.7889271061630438
-10.155119628661861,0.7736196402724149
-10.15173872534203,0.7557896156653348
-10.151289506453317,0.7375927402968734
-10.15360523630567,0.7185896788639834
-10.15841755827892,0.6979792307996151
-10.16549169878206,0.6778809053234098
-10.174275086094896,0.6567794515759046
-10.186868945208339,0.6360874321257326
-10.200094443166712,0.615007790115031
-10.213072712560633,0.5943853677555592
-10.227905058714274,0.5752796330496627
-10.244991947050012,0.5552100329047533
-10.259856407625163,0.5361746579904397
-10.276520230590474,0.5195687131305914
-10.29370182993026,0.5030216232918113
-10.308704944304326,0.4871434426229497
-10.324393624648561,0.47098115671129387
-10.339605991796894,0.4562249492422769
-10.354634473234121,0.4416144417735517
-10.369556688606275,0.42675149813594665
-10.383381375011929,0.4134525847874135
-10.398738696888191,0.40044736786833435
-10.413396885047085,0.3873363610924177
-10.425290405489031,0.3744251854442804
-10.440652895413349,0.3630865290466362
-10.455624961743524,0.35222596866505357
-10.467541961205555,0.34205760601498675
-10.481985646935716,0.3346434011143543
-10.495438628318924,0.327617384856208
-10.508000367368698,0.32191495057448954
-10.520180553705291,0.3186503703434274
-10.532226932292625,0.3153923167982669
-10.543868049895915,0.3143251333617888
-10.551659103790096,0.31535675779570105
-10.559486443728874,0.31798638112351235
-10.567455119611033,0.3225932529772455
-10.569277771782128,0.32811488603937233
-10.572267695936361,0.3347577362240864
-10.575744695190945,0.34350428532401156
-10.573968146810635,0.3525716165729546
-10.572372913597942,0.36168540202747695
-10.571377353593348,0.3734168538020855
-10.568639663418084,0.38636229230693286
-10.565560952347667,0.3991962691894697
-10.560594042819975,0.41257257260942626
-10.556629831311866,0.4288738694800653
-10.552703122453625,0.4456952756894028
-10.54452298034312,0.461787707164207
-10.538737770849568,0.48039070376286025
-10.53252549193884,0.50015711178156
-10.521738203205555,0.5193120044665783
-10.513483365691034,0.5393872938030358
-10.504476902838862,0.5603524308547851
-10.492770877329214,0.5813966729529834
-10.482158606392288,0.6018434528156171
-10.471469251883839,0.6228236413764505
-10.46028224698491,0.6449191230470303
-10.449121396032382,0.6656574340158776
-10.437142520311264,0.6866338094858664
-10.428326489666953,0.7080891357019161
-10.420034225364848,0.7282597375101767
-10.409184332199544,0.7476167310616232
-10.403032071411959,0.7674914591528144
-10.39679378455463,0.7865184654733189
-10.387677369642995,0.8036547150606654
-10.382963339891564,0.8195913807674214
-10.378604358932394,0.8359166685110886
-10.374409442237814,0.8512764410892003
-10.371861125022352,0.864504847155454
-10.369797206034118,0.8782501744318791
-10.37018326165012,0.8930980582287943
-10.369612876271232,0.9051170186285925
-10.369259922729007,0.9162182533192869
-10.372947569254197,0.9288556773187259
-10.375752730340176,0.9405729778293913
-10.376922428288559,0.9506821580196295
-10.383165202421521,0.960967444395783
-10.38805328315234,0.970006402666968
-10.393062480473752,0.9783841765170985
-10.400043787387167,0.985723474448335
-10.406375813698679,0.9919095200217319
-10.413429070422731,0.9983900640923145
-10.420284478692901,1.0023435233606663
-10.428503268370303,1.0048416691160864
-10.438087242763842,1.0078181385764398
-10.446168666288239,1.007812314782103
-10.457668313720353,1.0070116354526126
-10.470419423439207,1.0069266307117335
-10.480666991987269,1.0040342832359699
-10.494094562944028,1.0001581658735985
-10.508332578322223,0.9967506685459229
-10.521815526103369,0.9922452090231231
-10.536847915042587,0.9859282282578077
-10.55165455041321,0.9788622678830288
-10.56721669711744,0.9724449083512721
-10.58338389497711,0.9647642310025508
-10.597754255341012,0.9566668582206854
-10.613087407592039,0.9498166119387951
-10.62757020510495,0.9439332712479449
-10.639842216802395,0.9379637913260254
-10.653175615943518,0.9327692642822872
-10.6654703477887,0.928680897713975
-10.675725458293657,0.9245689433298334
-10.686560433842827,0.9207519285660142
-10.696035308213414,0.9177227107171637
-10.703885503125925,0.9152738806688323
-10.71116284322573,0.912268375054292
-10.716609921155786,0.9104139012433237
-10.722551969815845,0.9105266010983247
-10.725997662082822,0.9094300956566777
-10.726986224716335,0.9084573419283526
-10.727985618543709,0.9083244400655236
-10.727862299294921,0.907011180191878
-10.7267718717414,0.904211292509412
-10.726812199305112,0.9023366446918616
-10.726070637803177,0.9015928872041739
-10.724676730269096,0.8997506602341685
-10.723903955178269,0.8974962568784679
-10.7228300045681,0.8966188622200546
-10.722515716216204,0.8960030142880229
-10.721928620671434,0.8939774056570163
-10.72018561624705,0.8934255304461894
-10.719736307163448,0.8948665802620787
-10.719504459812324,0.894613178535641
-10.717962768226956,0.8934717184248708
-10.719246713104294,0.894320334027407
-10.718750331943529,0.8941699548525291
-10.718608809725618,0.8943423988071282
-10.72036041520834,0.8960132557549163
-10.720958354014158,0.8978176568556911
-10.723926388220697,0.8996561742153194
-10.72645012340421,0.901308848527895
-10.72957896121957,0.9036016077762342
-10.736454951132886,0.905468045250139
-10.74243304556725,0.9062515607585337
-10.749200137787678,0.907255194715661
-10.757909767462701,0.9092085017195648
-10.766555487347267,0.9091158414333741
-10.776740784159136,0.9099207905679185
-10.788530314754071,0.9118801892965404
-10.800266467176995,0.9135322108635701
-10.813406825233086,0.9150147478702733
-10.826746871107886,0.9173036816858127
-10.840869616897576,0.9211961359979631
-10.856642081898853,0.9244414582116207
-10.870909614218016,0.9269696626449022
-10.88681941405584,0.9303056782465278
-10.90626522170362,0.9339807473739634
-10.923839508112154,0.9352248876520712
-10.943053928683518,0.9370237083601631
-10.96498180511956,0.9391999643216787
-10.98542212593705,0.940601888855315
-11.007610461076007,0.9421327297599662
-11.031274283413923,0.9443809428208224
-11.054922304765217,0.9470932592663867
-11.079942166843953,0.9502406791409153
-11.104726596354208,0.9544349969396041
-11.130255928185338,0.9584285800610024
-11.157350801617898,0.9619603705034455
-11.182992698748745,0.9666249663806868
-11.210622500266828,0.9723653792830727
-11.240940894756509,0.9789884255468336
-11.268172919747828,0.9860215909575039
-11.296861340206513,0.9952652357615842
-11.327770621674206,1.005421351937872
-11.35659141294369,1.0156703399933313
-11.385838133927985,1.0270376310287257
-11.415828968878591,1.039032618817946
-11.446675787619983,1.0520482712359043
-11.476217781494912,1.064112739224618
-11.504899001950623,1.0766852014307053
-11.537043607155848,1.0911158337230131
-11.567647207893392,1.1044490073530298
-11.594895275263012,1.11858397929615
-11.625366297643504,1.1351680262101418
-11.654397653745125,1.1514944668761817
-11.680596748270657,1.1684146031517533
-11.707955635771023,1.1854843881155364
-11.733732796621034,1.2009308191802983
-11.758888181751612,1.2177330726194147
-11.782297414617634,1.2340003321330282
-11.805473350088613,1.2498990345778112
-11.828561724581272,1.2666893242030928
-11.846973924024157,1.28317530561692
-11.865653948360313,1.2998075110753444
-11.886025979411077,1.3171487709988752
-11.902798877939155,1.3317095545359392
-11.918321011144311,1.3475931654226692
-11.936540780212026,1.3637004590293729
-11.951721625475026,1.3784342962840663
-11.966010694508041,1.3927642808273837
-11.981473433569288,1.4073359524021132
-11.996450746246785,1.4221714772112573
-12.010697771323347,1.4353241612431702
-12.022754995891686,1.4477039243874574
-12.036009281155469,1.4611921867680249
-12.0491205698003,1.4739555232091814
-12.05812050999395,1.4851213414005304
-12.069925390588216,1.4975648329748712
-12.082246087258914,1.5097061257406161
-12.090381414557719,1.520928503796261
-12.099646443120037,1.5314734420500973
-12.110047657904122,1.5426397304962014
-12.118149365753268,1.5535380555912226
-12.126682747280077,1.5639767074220994
-12.134925204302776,1.5733498989328198
-12.143565838751194,1.5823718262142281
-12.152841700536225,1.5908238278235112
-12.159177921689654,1.597877781329405
-12.168211154030402,1.6055083545990465
-12.176798744018981,1.6129816220409103
-12.181979093015771,1.6186367971715412
-12.191037829548536,1.6252471109139142
-12.19907707846425,1.6317897001197397
-12.203703553479079,1.6367243689809858
-12.210572700733636,1.6410341088027853
-12.216650879674365,1.646048930867283
-12.221387454675982,1.650873247973197
-12.224206103286223,1.653526483139339
-12.226565891986596,1.6575180680147557
-12.23042325552769,1.6626733649146361
-12.231621332497193,1.667090084495133
-12.231106599775085,1.670501721637935
-12.232766610459963,1.675589858638714
-12.231550889344998,1.6804505468294266
-12.228623065150874,1.683104339245708
-12.228147863146143,1.6864721399815887
-12.224873694496955,1.6901283233129087
-12.221201129237606,1.6940600172899578
-12.218281367949919,1.6969506446905875
-12.21429398582112,1.700630445375176
-12.210890489152455,1.7049076405533417
-12.206135274693308,1.7074157710315994
-12.202138878374678,1.71065175557911
-12.198677368223512,1.7145438106126478
-12.192487704616688,1.7178666585951312
-12.187229608803431,1.7235123683617741
-12.183276318085957,1.7292293015220142
-12.175326433686111,1.7362458674324954
-12.16828976089259,1.7424753832589315
-12.160981924466912,1.7510382606823351
-12.149915610936455,1.7610140116365367
-12.136718577084306,1.7687640071662998
-12.12200341296691,1.7771210197197207
-12.106047973211776,1.78706811736258
-12.088921461116689,1.7965016603598754
-12.067970902053924,1.803933450660199
-12.046022134459628,1.812756211483966
-12.020033038229032,1.8217758479687751
-11.990030495394949,1.8270855414686131
-11.95953994279503,1.8340449823042186
-11.9278076690467,1.8380575934238066
-11.8917938581316,1.8389090770358123
-11.856149108315575,1.8395823360236834
-11.820013869813506,1.8382233374151982
-11.782987406320647,1.8376204491074295
-11.746064641357187,1.8362445158470593
-11.707391784319418,1.835299708604153
-11.668763030104845,1.8361692146951278
-11.630436368976406,1.8358168658511034
-11.590223154464374,1.8353041394128777
-11.550131650024568,1.8368899932473384
-11.508775378099362,1.836894442800358
-11.466389183146148,1.8367106281597387
-11.424597263728726,1.8360769407750632
-11.380829366699405,1.8363262927441324
-11.3369404201985,1.835845518571159
-11.292501766199875,1.8343071364021382
-11.246547658908188,1.8343887922396818
-11.20126025579039,1.833445948325182
-11.154389834012823,1.8307074856470393
-11.104882090862285,1.8261763141173533
-11.057406831867372,1.8217195597186528
-11.008950111427708,1.815494633277961
-10.957904768865323,1.8074223833109255
-10.908217331206103,1.800276996282819
-10.857868931515464,1.792703662642044
-10.80628023033264,1.7828883136028204
-10.754351788656761,1.771934961551724
-10.701101448818314,1.7602241572811055
-10.647948899955464,1.7463634584741354
-10.59296613421638,1.7311680158159943
-10.537337012120968,1.7167525690796936
-10.482896238354101,1.7007429724176546
-10.425626862730123,1.6829590749810441
-10.368564472254155,1.6648695858572744
-10.312737616910491,1.6437872047587836
-10.253489903431833,1.6207012369728022
-10.195554641542445,1.593590163725734
-10.13933081909175,1.5651366364142414
-10.08258586619935,1.5327919554173204
-10.02661976793549,1.4932100337062073
-9.971556438776135,1.4538687294671915
-9.918379933328904,1.411772852221135
-9.86787924475106,1.364673549792283
-9.815227676514288,1.3158122996325916
-9.766716169297741,1.267436440048628
-9.72231945585528,1.2179060274072058
-9.6778519325388,1.1660045328593802
-9.636899890270021,1.1164079600810974
-9.59964837462295,1.0649289692123556
-9.561248416326405,1.0159425226113903
-9.525788487076111,0.968963214989337
-9.491062476519495,0.9204634814031794
-9.456225432847578,0.8738777748898897
-9.42257130881243,0.8260448923516115
-9.387813968452665,0.7776695762277482
-9.354214146669127,0.7294151334814287
-9.323081320046326,0.6801476804162976
-9.289306736796144,0.6308429721803304
-9.258029675315557,0.5817823178807382
-9.229333392655,0.5318463695770144
-9.197957629961538,0.48218390218539786
-9.168766218839846,0.43244223043504887
-9.141585327936534,0.38466561143519623
-9.114170023577842,0.336418753878402
-9.087645423680966,0.2879717210039715
-9.06175261099028,0.2408290590042995
-9.03813498704172,0.1937938266945369
-9.014008035086418,0.14627497632839695
-8.988821608970664,0.09896086687400739
-8.967579888040781,0.05346707901354762
-8.945193938428487,0.008645023696982435
-8.920952550441068,-0.036622275734286676
-8.899831398675563,-0.08113608338586317
-8.879036082404397,-0.12543352992302528
-8.855911095330589,-0.16980037232501063
-8.835031059795451,-0.21349905993192622
-8.814951581091535,-0.25624446121601335
-8.794694856026872,-0.2976139323282385
-8.774634050855878,-0.3378908256769549
-8.755534241198212,-0.3768763221500303
-8.73892360699541,-0.4150935287055626
-8.720388199273872,-0.4515727867510267
-8.703569944688569,-0.4869135042804167
-8.689163174706573,-0.5204340511186337
-8.67235262847939,-0.5515515384320823
-8.657567576602707,-0.5812069831678223
-8.644903100679084,-0.6081135250283545
-8.629604584977763,-0.6327642564432715
-8.61557297987592,-0.6553589169078484
-8.60340367377512,-0.6727433268350267
-8.592070636903488,-0.6871354747558203
-8.58153227024425,-0.6981011095103729
-8.569597810883039,-0.705681095147426
-8.560338284790204,-0.7103596151604358
-8.552175514691797,-0.7127951805531291
-8.540651144606743,-0.71435006812427
-8.53170836875749,-0.7136280781422478
-8.524400377675464,-0.7111618358585791
-8.514816651860047,-0.7074204668679177
-8.507147674585783,-0.7030035906736205
-8.500415049527671,-0.6973600181996434
-8.493274772366256,-0.6890001911097908
-8.48660441577815,-0.6809078049939216
-8.479271287462717,-0.6726566245452147
-8.471985112529497,-0.6631896078275407
-8.465621581628728,-0.6529647116171182
-8.456879144507624,-0.6426728220881948
-8.44951448152339,-0.6321985785758013
-8.443020695353605,-0.6197377852191319
-8.433670501255111,-0.606890547358506
-8.42704966432608,-0.5941322554659808
-8.420925561192456,-0.5798965950718021
-8.41382434414063,-0.5660490008091041
-8.407719748110425,-0.55245539334966
-8.401717065850253,-0.5366768258069563
-8.396539875424851,-0.5201384622189053
-8.39112055378003,-0.5047429267000348
-8.385417116985623,-0.48927212098646244
-8.381990340357547,-0.4714339202981424
-8.37806326753523,-0.45466785405152293
-8.373539172254677,-0.43942441306145763
-8.372179506153078,-0.4222082935973701
-8.370914769665928,-0.4042820284745324
-8.36865624471567,-0.3868227774835766
-8.369805171757681,-0.3685696959597798
-8.369857762274309,-0.34850778018954853
-8.37018676852723,-0.3276497883145585
-8.371893077524458,-0.3073326287303143
-8.373091482561264,-0.2859138198488267
-8.376484143242442,-0.2630792752904472
-8.378885353351931,-0.2407527369264797
-8.381784424995999,-0.21742361268645466
-8.386615279282582,-0.19231868057553428
-8.389978355769365,-0.16812835359935377
-8.395199737585102,-0.14356043532866178
-8.401943489324994,-0.11790540299226059
-8.40751926589733,-0.09177241248774189
-8.414205760267892,-0.06546904622511819
-8.421501007293985,-0.039353784547398594
-8.428730208324474,-0.011585052524561391
-8.436900692377655,0.014977899782867591
-8.444336644636241,0.040251718250375046
-8.452596368848466,0.06773740095550008
-8.461845014551061,0.09466990295744193
-8.4690851720332,0.12020324507904408
-8.478012204406253,0.1461915229635539
-8.488307594386942,0.1725228224909183
-8.497609458157736,0.19888526767359055
-8.506986446020306,0.2235955735151871
-8.516868275263489,0.2486518395387073
-8.525522153875324,0.2735954211155074
-8.53442197169912,0.2971533616315248
-8.543263133734332,0.3221038878893374
-8.551662296622618,0.3480630701572805
-8.563374424438779,0.3747429672637362
-8.574213762236042,0.40118974717469863
-8.586279301984286,0.4268727609921388
-8.60202400102883,0.45301671750485073
-8.61696304255425,0.47455111526086435
-8.635721886780953,0.4951756180237245
-8.662307643408061,0.5128739179943755
-8.691415775967302,0.5241389253968796
-8.725032720594236,0.534585370184089
-8.768452919049746,0.5423908997594169
-8.81604526063802,0.5475324669403023
-8.86686671632693,0.5509042044439058
-8.922831288121323,0.5535332037417565
-8.981597796889089,0.5579123475811536
-9.046603335596947,0.5628420357155309
-9.113287438165651,0.5669704220575339
-9.182041236450123,0.5740636600479037
-9.254887982148155,0.5799580028712313
-9.328240695090926,0.5874590477782261
-9.403634598188072,0.5961112149120454
-9.481185442838967,0.6061083047446957
-9.560809683290099,0.6194326419751432
-9.640899082890334,0.6315440761550382
-9.721277869234008,0.6472826524892282
-9.802971078977073,0.6670820322588964
-9.88321495591061,0.684745218293615
-9.961220639611296,0.7061996504808759
-10.041538742554549,0.7300742873304075
-10.119788143495175,0.752490506759793
-10.195684227355533,0.7773075913539321
-10.273812496527585,0.8030622542983092
-10.349585372343128,0.8299461573699515
-10.422125248974536,0.8603175463398688
-10.496446179981511,0.8916004676505954
-10.566379638295757,0.9280958755654903
-10.632000784276627,0.9698893505234198
-10.696802138362756,1.0108126496067942
-10.755358320507492,1.056466660504579
-10.810581568130493,1.1028159170987237
-10.86371569164951,1.146720654740578
-10.912077016621026,1.1902611731806343
-10.958621560171114,1.2321095722937192
-11.00311185873342,1.2707567287906367
-11.042104973015086,1.3071821327928288
-11.079407441799662,1.342373070803136
-11.115734569523438,1.3757029750676237
-11.148777259362994,1.405604803202364
-11.177943192758248,1.4326925945738553
-11.207773106616298,1.4567937706730165
-11.236319382473573,1.4756630280544991
-11.25760525990752,1.4891097788253205
-11.279921587662168,1.5001988738719354
-11.300474226198055,1.508255386681828
-11.313167960650928,1.511957085635291
-11.32553193801406,1.515226357745156
-11.333423148449208,1.515642805928971
-11.33161272325652,1.5199386257358163
-11.323647348480474,1.525204017844748
-11.308877118211168,1.5310697121773682
-11.284525454583628,1.5398862481404894
-11.252796952896098,1.5513360273747143
-11.215693243991769,1.5640906637764898
-11.172521078917871,1.5800938375346636
-11.127539279970303,1.5955728922884003
-11.072960218350362,1.6096615442265827
-11.014965898673077,1.6251990443992141
-10.958778297821206,1.6401004444357214
-10.89477150756414,1.6528776917971855
-10.829773965981659,1.6622944185959136
-10.764675216535794,1.6713046472678603
-10.695383033784443,1.6771579732708526
-10.625233491694544,1.6774005697526033
-10.555371042414494,1.6777139656943953
-10.485579779472634,1.6743695833067616
-10.415282183893623,1.6659181312007916
-10.344371062000073,1.6563396953254979
-10.2768086029377,1.6422355859413602
-10.208376167949925,1.6234732718682006
-10.138504420739991,1.6027734649238732
-10.072911166445106,1.577687055546133
-10.006039713009185,1.5513610767668058
-9.93925316724525,1.5199654029615086
-9.878011450439118,1.48162750650765
-9.815808980838804,1.4424048328356696
-9.759127410129159,1.3961389986990782
-9.71017307372569,1.338831162218632
-9.661460350415304,1.2819306764651817
-9.624017413144909,1.2177577817730079
-9.592938265440564,1.1501855919870416
-9.56451922861309,1.0809701039340238
-9.549200206485136,1.0128379890605541
-9.53881048421507,0.9463017217851213
-9.530137357553617,0.8809745422993245
-9.532361174586342,0.8173311648594627
-9.538621297959857,0.7550146134102779
-9.546122779763374,0.6952467326967109
-9.55963956127802,0.6371164590780762
-9.577658485609298,0.581340601178417
-9.59555524338483,0.5285036491991627
-9.616525587047754,0.4787819329816947
-9.641613443476846,0.4332652519176328
-9.667300694279238,0.39014878443991385
-9.695734881439027,0.35000858067968954
-9.72728015647658,0.31327479364191985
-9.761402226669183,0.2807702081000308
-9.797754437572058,0.2510828640372675
-9.835139357100418,0.2209266840476377
-9.877542580907312,0.19425121752765806
-9.921735728303059,0.16743988199410462
-9.965908804562801,0.1396531170033271
-10.013568772257207,0.1087011728175042
-10.061934667118921,0.07785287653988786
-10.1115668390206,0.045274696717798886
-10.159510928663439,0.010577681227787551
-10.208269898818305,-0.023945212731990476
-10.258488866725626,-0.05812754965321173
-10.305777787798478,-0.09379051215301433
-10.352057281488682,-0.12999072320506402
-10.398607995202411,-0.16492836860875607
-10.443593264718142,-0.20018132885720086
-10.488235067087562,-0.2356467822406554
-10.53204688201813,-0.27041974631489435
-10.574243083490087,-0.30464369518277584
-10.615686282417164,-0.33968973419369003
-10.655755070844108,-0.3754503753779069
-10.695705066972865,-0.40973377644789216
-10.736461630582744,-0.4443972446637526
-10.775315815515063,-0.47878150545506704
-10.815983306206537,-0.512162567986923
-10.857060519163975,-0.5434253333311264
-10.896434701494323,-0.575811339965001
-10.937531109808589,-0.6055346891766398
-10.977487395082768,-0.6322929929377538
-11.016555000674785,-0.6595889816340409
-11.054948017994214,-0.6861032526958961
-11.089919977563408,-0.7083761552207134
-11.12477214380071,-0.7301520649009449
-11.155896222194853,-0.7499910267786197
-11.18297675742861,-0.7691211419551056
-11.208057255288836,-0.7848580926755908
-11.227447518424746,-0.7999221900462913
-11.242959027704243,-0.8160664213733679
-11.256167582279195,-0.8308429849018915
-11.264186925331405,-0.8428716924278721
-11.269825418440824,-0.8548822084955696
-11.273213455915764,-0.867543270656083
-11.273096067967051,-0.878627617346064
-11.271448975624896,-0.8889397245034535
-11.268812275618389,-0.9001791373369828
-11.262934158641423,-0.9109938309093621
-11.257593100840777,-0.9214851600943988
-11.250232984972675,-0.931807708231862
-11.238191456316873,-0.9425652383734439
-11.226725231394715,-0.9528148353362693
-11.212652379929995,-0.9656730634330459
-11.193702383195008,-0.9799414073905225
-11.176026660917808,-0.995890619490903
-11.154617700631485,-1.0121662337632171
-11.131884272431808,-1.0300978152977707
-11.109994727689768,-1.0483744387100957
-11.087220423106988,-1.0654190005597184
-11.06628992962942,-1.0835485479031808
-11.044642606302597,-1.1026771682761756
-11.023761074922104,-1.1203097379717377
-11.006644806027724,-1.1384370678420295
-10.988907136239629,-1.157507846213042
-10.970281305708609,-1.1762448137491481
-10.956632989396137,-1.1920089635534328
-10.943641344895513,-1.208679711632177
-10.930210022476617,-1.2254031615683543
-10.917867450324366,-1.2409857682599925
-10.906306778280092,-1.2564283650387629
-10.895310300630554,-1.27129693681706
-10.882919071590843,-1.2855940835064015
-10.871537991450499,-1.2986778001898498
-10.861681284614392,-1.3108775719562717
-10.848076399479025,-1.32215407849978
-10.835114363183239,-1.3323145440616473
-10.823326467784119,-1.3414730768069059
-10.809290851791562,-1.3505737957003277
-10.794736603168772,-1.3579243538854382
-10.78124757752378,-1.364230962163269
-10.766557094489153,-1.3709583840288946
-10.751388288171416,-1.3760588026655163
-10.73550984607368,-1.3801879777989141
-10.720442312495448,-1.3831543520092668
-10.70652843744992,-1.3861320739970149
-10.691116675051687,-1.3886900111702116
-10.677639239524387,-1.389246652220842
-10.66757779543479,-1.3897135053055232
-10.654935103350292,-1.391657062967154
-10.64388517981655,-1.3919452062700561
-10.637351511071483,-1.392827666462886
-10.629450805450073,-1.395457314738325
-10.622822020720577,-1.3968917235554157
-10.6201125404963,-1.3979554547036708
-10.619218969087246,-1.398213668817897
-10.619175393434743,-1.398737394083651
-10.620548021478566,-1.3994648699078447
-10.626472061445343,-1.3985906629489433
-10.63228374611128,-1.3979278619621012
-10.638117825758654,-1.3986904277055507
-10.648780563740853,-1.399242785731366
-10.661097608828406,-1.399398661995084
-10.672952333389668,-1.3983929176897165
-10.690373943127769,-1.3965416197153797
-10.70837510699172,-1.392461962781809
-10.727237600103185,-1.3878814911190205
-10.747464469200512,-1.3818197071508307
-10.767818087134684,-1.374164818659233
-10.788336274613147,-1.3661039791689988
-10.80744129963159,-1.3573675044623228
-10.825455647009539,-1.3477211887419798
-10.844944285800752,-1.3370713753337837
-10.861930084102642,-1.3269385459011007
-10.876888098800988,-1.317013873508162
-10.894347655354093,-1.3047498385070693
-10.909914387870618,-1.292577070146201
-10.922224128358446,-1.279704352132997
-10.936029738083878,-1.2663165229855695
-10.949503791310029,-1.253048684868451
-10.96112353236158,-1.238541804246121
-10.972982843401427,-1.2254010167833966
-10.985289256185302,-1.2124075622204444
-10.998057649465162,-1.1986244972939175
-11.009914794642125,-1.18587030815083
-11.022403616200615,-1.1735921979375141
-11.037125053882493,-1.1610614767599974
-11.050706731794504,-1.1490401354950397
-11.063309548282046,-1.1375645681502469
-11.078991444259636,-1.1265249231779864
-11.092176531815205,-1.1163022917473504
-11.104512012012407,-1.1067183734418433
-11.118856363060244,-1.0987996454185467
-11.132887826896177,-1.0907591314659837
-11.146649109291786,-1.0837986646963398
-11.159665176616333,-1.0781744066685763
-11.173110919238614,-1.0714229712458037
-11.186960743378217,-1.0651585993663504
-11.198080057341837,-1.0603994748219039
-11.208794669739605,-1.0551339861088291
-11.220982368381597,-1.05026149941631
-11.229862557317082,-1.0458309105434793
-11.237843641814685,-1.0427986227074921
-11.2468129749048,-1.041181572781597
-11.253017433837051,-1.0398781882005463
-11.2570665869418,-1.0402880461165598
-11.261640821191001,-1.042174015235922
-11.264665675927475,-1.0434946907417526
-11.265731760869652,-1.0451620374001627
-11.266650536649003,-1.048577246642306
-11.26765784430069,-1.051210932147205
-11.269483249911474,-1.0521369544019024
-11.269168324598846,-1.0541814718759641
-11.270129532691929,-1.0560499676380057
-11.271885306748917,-1.056395705033923
-11.271022478451771,-1.0573339687815926
-11.271668213939545,-1.0582022128862083
-11.273215215644592,-1.058012232130838
-11.273309087202367,-1.0577672720324889
-11.274347386743822,-1.0582440036536045
-11.274753459490114,-1.0589533454902202
-11.276087889350025,-1.0590303552496418
-11.27840701033909,-1.0599013270005258
-11.279358102100767,-1.0612398785891317
-11.282174951990546,-1.0615114157437782
-11.284967562091682,-1.062473942671064
-11.28587334207829,-1.0636710514473566
-11.28843243228322,-1.0655593497759197
-11.290130265270772,-1.065165063035258
-11.289636000615955,-1.06499729563787
-11.289310377033347,-1.0660755750475537
-11.28537782407286,-1.0648423754695475
-11.281426533628302,-1.0636417312893747
-11.276030003974936,-1.0620274284359268
-11.2673598474556,-1.0603661378497857
-11.257195881902202,-1.0557179463235256
-11.24265639339958,-1.048933432251304
-11.22457211322829,-1.0422719389549941
-11.204850994960157,-1.033301405519278
-11.18189537669426,-1.0244268819193378
-11.15671636499656,-1.0186375524446971
-11.131182153718624,-1.0114168587674561
-11.102666328690255,-1.0040074000283858
-11.073762473714543,-0.997837402281248
-11.04454069074366,-0.9909947324242331
-11.01385875567031,-0.982446123841461
-10.984659592029272,-0.9731638612531535
-10.955024088289196,-0.9647593902643891
-10.924717209816055,-0.9543072506465203
-10.89837547334829,-0.9414384969796888
-10.871025000812843,-0.929626489712791
-10.84288641875852,-0.9170981528328137
-10.817973527637696,-0.9025117735937018
-10.792771206637816,-0.8866606777352575
-10.768354144228725,-0.8712127970014761
-10.7449364521577,-0.8554920261772785
-10.721320318144352,-0.8385248850869255
-10.699545814014371,-0.8218052464815506
-10.677101660315738,-0.8056037504914115
-10.654373973221414,-0.787783551952122
-10.63445878485261,-0.7697635383187649
-10.612677779319272,-0.7527184957708707
-10.589932044047904,-0.7359673842057035
-10.568071468041703,-0.718559320631054
-10.54566068340398,-0.7031226410048712
-10.522725843840233,-0.6883481674700488
-10.499860970265388,-0.6744376057702959
-10.476484671435465,-0.6621949921434429
-10.453352873710301,-0.6511106091353277
-10.429279888951019,-0.6409379283724191
-10.40585224377466,-0.6302257882479779
-10.38381298845258,-0.6202310018384016
-10.359388360862923,-0.611694110116497
-10.336670130201984,-0.6025035566750554
-10.316630707031184,-0.5931813459518116
-10.294063291830422,-0.5862949448262137
-10.273803697015806,-0.580580901925608
-10.256981860340906,-0.5737078628939105
-10.240614085895201,-0.569080493925597
-10.225796784708713,-0.5642599625340803
-10.213328503834564,-0.5591680492079872
-10.204011522497623,-0.5547738265528391
-10.196480230357704,-0.5496495160794063
-10.18976259070245,-0.5461861786146155
-10.18578634705198,-0.5424944502811417
-10.185951931683844,-0.5404858521080458
-10.186854303180713,-0.5416112062469142
-10.190968947444427,-0.5422439832222378
-10.198863241879005,-0.5445661437074131
-10.205285958422925,-0.5466964884940008
-10.21436455685919,-0.5461656404612066
-10.224624261305989,-0.5468872790610485
-10.23487683362456,-0.547746389715711
-10.245642985975275,-0.547684705157377
-10.25597883358861,-0.5487833528928324
-10.268177234660312,-0.5506560846302287
-10.278967797089892,-0.5536451490912462
-10.287746921687814,-0.557132109328568
-10.298200134200735,-0.5617761411571777
-10.307516912338157,-0.5673761208603489
-10.31488737029938,-0.573403545097501
-10.322981799690787,-0.579630274929214
-10.331880547160015,-0.5871760345313995
-10.339396574150332,-0.5950847019380339
-10.34596195525135,-0.6031357436737917
-10.354393613245051,-0.6115343389784401
-10.363457052726117,-0.6198164289005578
-10.370524562349615,-0.6283097604906658
-10.377872319513754,-0.6377626757407585
-10.388027319989671,-0.646798658143055
-10.396224225513246,-0.656186359997034
-10.403418796228278,-0.6666372652995359
-10.414809093185264,-0.6765717681394533
-10.425041025820581,-0.6869633022497089
-10.433502327485034,-0.696722003025936
-10.445187895536943,-0.7056719380635053
-10.455513787919767,-0.7135149318640793
-10.464996258758479,-0.7206116829992856
-10.475261549817304,-0.7275797053189542
-10.485468379156073,-0.7330075973737311
-10.494484871864882,-0.7382383365807885
-10.500318359009295,-0.7443864187391684
-10.50719919030944,-0.7483937824720213
-10.513798897333876,-0.7514496478937405
-10.515217237703801,-0.7559940906639409
-10.517994803675043,-0.7584321716841652
-10.520940104718946,-0.7589392499380726
-10.51993876469954,-0.758376935378224
-10.517313856752509,-0.7588542046826668
-10.515341336949117,-0.7592955617110148
-10.511360220797417,-0.7582978045952915
-10.507250976965382,-0.7579330742094182
-10.50149459947398,-0.7587115701184269
-10.495398557388475,-0.7581177965256206
-10.490455879824111,-0.7569410183463664
-10.482654878613072,-0.7574828061727705
-10.476906272562731,-0.7575693324893435
-10.472173367077872,-0.757564031671574
-10.464504471841527,-0.7587365121266604
-10.460601664333655,-0.7605731806625398
-10.457444733314444,-0.7622798154770357
-10.453429172109361,-0.7635067216571938
-10.451903294429856,-0.7649922702171627
-10.450551161009825,-0.7662147009516055
-10.448759742214364,-0.7659175116943787
-10.44715447779895,-0.7661994309785366
-10.444180870288472,-0.767239164356803
-10.442791217066919,-0.7673315592903528
-10.441857492855979,-0.7670938717164602
-10.438487888167339,-0.7687532582086349
-10.436580326161987,-0.7696301843240109
-10.435812047525433,-0.7697219670295107
-10.431782274542842,-0.7705922100964813
-10.429262806432554,-0.7724125096326284
-10.427730651346828,-0.7733122890478858
-10.424284757209229,-0.7738364143087346
-10.421392949563527,-0.7768602957577281
-10.418303625110438,-0.7799214913116719
-10.416670654661312,-0.7827261238979668
-10.414519404324563,-0.7876767120667679
-10.41036385942,-0.7939407806468182
-10.409419290878802,-0.7991926518190321
-10.406787027081748,-0.8053037448225987
-10.403456577128637,-0.8117919976796709
-10.401961858848251,-0.819109084013754
-10.400698742769467,-0.8262660629458184
-10.40001610569543,-0.8341345160830165
-10.40084735120383,-0.8432034130903244
-10.401923303038739,-0.8513225216040373
-10.404170741253969,-0.8598655131172176
-10.408654554805597,-0.8700701752845561
-10.414456102172917,-0.8789037118762338
-10.421677689434304,-0.8883547682790126
-10.429894653563682,-0.8995507015714864
-10.439579560509745,-0.9101413760855857
-10.45130938588428,-0.921067322905726
-10.463241830449352,-0.9331735654894125
-10.47579549262031,-0.9475693474808882
-10.491165167616035,-0.9603222412059713
-10.506992203832478,-0.9720685667222094
-10.524179880640107,-0.9851014096491384
-10.541714722338513,-0.998033620486168
-10.558931119801423,-1.0098478267953055
-10.578247385603937,-1.0212278933088568
-10.596658695280226,-1.0335218386516047
-10.615605706490914,-1.0441732763816318
-10.63632336650357,-1.0529618864074668
-10.65683814677611,-1.061846527471816
-10.677006837183937,-1.0689668601129447
-10.697541736207643,-1.0742306618524142
-10.717262912145088,-1.0795504343276063
-10.736904051261963,-1.0838817757152126
-10.756218001203912,-1.0864089993767994
-10.775083458234846,-1.0888444124400545
-10.795266261224477,-1.091920481285842
-10.813842253202292,-1.0945056537397777
-10.833594025638474,-1.0953545808069594
-10.854625706650252,-1.0964244348653507
-10.872675235255635,-1.098543636354202
-10.891391068094036,-1.098508256920271
-10.911856638147977,-1.0979463546284065
-10.930062869023281,-1.0986368159882705
-10.948464215160268,-1.0976155602734219
-10.966505738369914,-1.0944555522352533
-10.984237231413742,-1.0908857928090085
-11.001271623971016,-1.087127593958809
-11.016522672696317,-1.0800897994752239
-11.032324903542737,-1.0723421083043991
-11.047225685840871,-1.063392711500245
-11.058505585451373,-1.0527853044018567
-11.071110425830831,-1.0406529287533615
-11.083478938866497,-1.02794773581473
-11.093299251646636,-1.0146540170321139
-11.10385762433968,-1.0009781817090995
-11.115626375578815,-0.9857569465095417
-11.125123563475602,-0.9710653331813884
-11.13404594808127,-0.9554444232271063
-11.142479839170202,-0.9380086995142731
-11.150593175272412,-0.9211843681772324
-11.157835517478668,-0.9046700184714792
-11.163324162692549,-0.887183674161283
-11.170816850839051,-0.8694886986906408
-11.177229170562612,-0.8528664965001901
-11.181102858231224,-0.8359198865586652
-11.186513668007123,-0.8182744794858732
-11.191634566256944,-0.800036197782031
-11.193791605683716,-0.7822770524890076
-11.196532628432768,-0.763454083038686
-11.199671687465058,-0.7445536748241919
-11.201590427949446,-0.7266372449951461
-11.202686444339552,-0.7094264307167918
-11.203713950861362,-0.6927256802741024
-11.20579013185619,-0.6757335413804989
-11.206459993723247,-0.6604985399699068
-11.20561875711522,-0.6458467615618364
-11.207105515527834,-0.6314598890820323
-11.206878379236443,-0.6192163869957215
-11.204199042511531,-0.6076368771921874
-11.205332274805267,-0.5966848409013752
-11.205566845422242,-0.5872480038005913
-11.204130305777808,-0.5776495118065742
-11.204598431338693,-0.5690977306584379
-11.204409108214042,-0.561543845453659
-11.203997851849849,-0.5541571775895525
-11.202602946617427,-0.5471969400736892
-11.201984449501499,-0.5401187486683455
-11.201736536228518,-0.533536037948893
-11.199918713480953,-0.5267570623317097
-11.198037572243352,-0.5199052229401475
-11.198157880538636,-0.5133806487547768
-11.194792476929644,-0.5069099511873607
-11.19068017701051,-0.5017256681993338
-11.188182954374938,-0.49671026080898845
-11.184457101616028,-0.49268770844226234
-11.17829343951077,-0.4899410397807436
-11.17174479109638,-0.488922335410083
-11.165470538275667,-0.48857349107386644
-11.15781866046737,-0.48878631030688946
-11.147530861793847,-0.49156611461439453
-11.138861809879792,-0.4946905539246308
-11.13138952526236,-0.49818383297947316
-11.119955427666394,-0.5038623917678938
-11.110324068696078,-0.5094616790925006
-11.101594456032139,-0.5157332672585285
-11.088958989942757,-0.5236556684090397
-11.077728295029008,-0.5321857789025459
-11.067547308975264,-0.5422631340982819
-11.05600026085222,-0.5534451838750987
-11.044114029462964,-0.5651165939306274
-11.032597170591991,-0.5780180545663075
-11.023000249892846,-0.5909477378555009
-11.012277076348127,-0.6049229566053071
-11.000600997525709,-0.6195365735101419
-10.990711740094145,-0.6339164990953235
-10.982220542114465,-0.6486854959362712
-10.971353728596545,-0.6658704461902507
-10.963697044903592,-0.6834273976713129
-10.957511910642431,-0.7005899317327535
-10.949274935695971,-0.7188616173979276
-10.942816324816869,-0.7383004105824589
-10.937125527146348,-0.7565122809729755
-10.931870597211905,-0.7733688394640788
-10.926647563291363,-0.7919048100196967
-10.920842996777319,-0.8106329544206752
-10.91765598976644,-0.8276953548835886
-10.913303127834496,-0.8454170791393374
-10.907759992736931,-0.8634701148935466
-10.90562258168849,-0.8803083361422818
-10.901665560803162,-0.8971940417735695
-10.89703134256446,-0.9138880413064984
-10.894362482019124,-0.9309940393181775
-10.890570787337614,-0.9462612589693868
-10.88663124186601,-0.9612799277942489
-10.88347682380279,-0.9765317452173757
-10.87933756246799,-0.9904627305568925
-10.875649314548115,-1.004241997758969
-10.871943226940159,-1.017988069287699
-10.86702083751313,-1.032447010276059
-10.863898906800898,-1.0448221807635358
-10.858625062029466,-1.0582359276989395
-10.85296734091659,-1.0733470662468427
-10.850075004094592,-1.0857401816517411
-10.845624143440102,-1.0982544038014515
-10.840617478816096,-1.1111986998221521
-10.83845965748933,-1.123740529119724
-10.836480775129866,-1.1335260108619505
-10.834966122802323,-1.1430206356427752
-10.833573568274133,-1.1530685614606417
-10.832236800180794,-1.1588368904472015
-10.83207188619286,-1.1635546864877784
-10.82823812814541,-1.1681917216597006
-10.824721559796636,-1.1696484952251849
-10.821573421115133,-1.1705569389983488
-10.816753925152959,-1.1694238147696243
-10.810755042746944,-1.1679873550374966
-10.803813595880358,-1.166208692995577
-10.795735882840749,-1.1629965407669218
-10.787341824797982,-1.1600119779846707
-10.778767290864208,-1.1570428270080009
-10.769204515539432,-1.1523194187306014
-10.759409905006484,-1.147378253667408
-10.748763926015428,-1.1431518650637644
-10.73850936797456,-1.136695879934566
-10.729887363415674,-1.12962658213976
-10.718493685025631,-1.123633125946167
-10.708182810067543,-1.1159460283562588
-10.69955550447338,-1.1065113223221335
-10.6891355029226,-1.0976099599125284
-10.67910209448967,-1.0889949520981916
-10.669702464629632,-1.0791788824315838
-10.660570178178608,-1.069336865249753
-10.651969368677246,-1.0617306804054147
-10.643557298810617,-1.0537746264362422
-10.63619084903775,-1.0456951727589432
-10.630765824002408,-1.0381974533997615
-10.624854696901794,-1.0305817210160546
-10.620822762639092,-1.0230318478298144
-10.619002294676903,-1.015748926369863
-10.617548634762251,-1.0081734872247556
-10.617311293874456,-1.001202263923934
-10.619848437801936,-0.9938886411674283
-10.623077388944976,-0.9879737575351986
-10.62748979960268,-0.9829536271467278
-10.632908787118623,-0.9773933822071904
-10.640950549637145,-0.9724207144490995
-10.649435319349795,-0.9683313715613637
-10.65731814097358,-0.9642534232235955
-10.668379829264193,-0.9583553292313075
-10.679467630531144,-0.9543541873555647
-10.688407356795148,-0.9492559775271022
-10.700037418727463,-0.9414305595507008
-10.711159628026854,-0.9349500654400127
-10.720085779833424,-0.9287277073541119
-10.729873460201695,-0.922434779023815
-10.73784461601349,-0.9161190583853415
-10.744917716155731,-0.9123361151138006
-10.751335301627666,-0.9092146689157612
-10.757204854181762,-0.9071877951736895
-10.766141157285405,-0.9080288873917179
-10.774069512988854,-0.9096040526827941
-10.7828155618536,-0.9121395863669595
-10.795296005375661,-0.9158954563703525
-10.807262360206483,-0.9203084404286437
-10.818262546993612,-0.9260627903817213
-10.83348914861691,-0.9304424648586189
-10.849374305972464,-0.9348334567597644
-10.86533141323519,-0.9401074465974142
-10.882717096040405,-0.9447098166523206
-10.900703397349606,-0.9494597755305587
-10.92009980402113,-0.9545822050358955
-10.937829057411244,-0.9604382148528212
-10.956509172481983,-0.9648588940629654
-10.977079117483544,-0.9704391364267456
-10.99414881951547,-0.9771052829763521
-11.012740006998042,-0.9825081965992124
-11.033155442122554,-0.987743240654967
-11.050991644896042,-0.9941008130958295
-11.067590203051996,-1.0011553361841916
-11.08543856139212,-1.0073900043323292
-11.101929528061408,-1.013151769632314
-11.117090354964095,-1.0194533659183402
-11.130679141694385,-1.0252215713158874
-11.143894181982246,-1.029916754623812
-11.15749888502779,-1.033819219078714
-11.166530974040484,-1.03846389467657
-11.175443901953615,-1.0425865250465882
-11.185603962452644,-1.0457589837683874
-11.189835095727137,-1.0496582303790292
-11.19394234860968,-1.0540785650276592
-11.199405704327749,-1.0580654159940168
-11.20066578675096,-1.0618588079872513
-11.201459923523949,-1.0661210660480833
-11.202647953749665,-1.070218375345796
-11.203023146990583,-1.0738957170630072
-11.20207048449402,-1.0777310036714352
-11.200338517954497,-1.081183064595079
-11.198787759102315,-1.0841183532095282
-11.196302641630407,-1.0871803969404068
-11.191703146347844,-1.0900841322920491
-11.189556211280184,-1.0931740356084405
-11.187340020868696,-1.0973039630322354
-11.181671288052494,-1.100911763583873
-11.178588287484683,-1.1047399205160982
-11.176254651042825,-1.1077784589461266
-11.173092006110128,-1.1099042932513616
-11.171368673954076,-1.1103648884132533
-11.169204968167229,-1.110871427952286
-11.168725962766217,-1.1081021504423336
-11.167187278327766,-1.1045537029313162
-11.164298407050378,-1.1018023630010176
-11.165149658238096,-1.097503531200325
-11.163557805487287,-1.0935413280109934
-11.160806466662189,-1.0892699498878646
-11.1620267922157,-1.0840303600064642
-11.161538746999152,-1.0791534758014698
-11.160426120440171,-1.0728704020131257
-11.16179566639992,-1.065373219179565
-11.162269591632805,-1.0576374294154751
-11.163075939082491,-1.04815970391378
-11.163255364313267,-1.0388018375032042
-11.16454124826178,-1.0282996684740515
-11.167084589586857,-1.0167020914250096
-11.167920503111333,-1.0044862784115034
-11.169780591341715,-0.9916606726484062
-11.173476419442894,-0.9772141370344152
-11.174909742950648,-0.9631339677307995
-11.175404952739008,-0.9480556509797686
-11.179169162628462,-0.9307583020943996
-11.181090801910262,-0.9131317184961623
-11.182406244693036,-0.8957115876075084
-11.184601418816683,-0.878948759291844
-11.187002553644236,-0.8605075906638833
-11.189733961858964,-0.8420022366146548
-11.190910859595963,-0.824610557706305
-11.193160713648705,-0.8065242546907939
-11.197030872272736,-0.7874878672750183
-11.19774306066148,-0.7698635408623242
-11.199962425159322,-0.7512551727206673
-11.20269994641639,-0.7315861214395434
-11.20152351585548,-0.7125523765670624
-11.201063446026104,-0.6932785327670646
-11.20019502107617,-0.6744032597314136
-11.197038940503116,-0.6543808839133256
-11.192759424987091,-0.6359253520384802
-11.188012273610491,-0.6185793769850718
-11.181912960123576,-0.5999395312437813
-11.177111864808362,-0.5816127233519501
-11.169757719412763,-0.5651905793083534
-11.163568676043749,-0.5467960967451261
-11.158688210716289,-0.5278213377640344
-11.15084943046246,-0.5102081262955109
-11.145416787699089,-0.49180066743536327
-11.140717651971679,-0.47329435798549263
-11.134078734773318,-0.4551257964581266
-11.129593879983496,-0.43886963701071596
-11.125379346139077,-0.42258790020424425
-11.122474219933036,-0.4049113290175459
-11.11986873355736,-0.38960902718649587
-11.116008092805057,-0.3744696462068367
-11.11309711278236,-0.35822183144244196
-11.110274756839996,-0.3418261687869114
-11.106645992129543,-0.32606746074664383
-11.103519268691148,-0.31007193519390563
-11.100188318267982,-0.2939749181596659
-11.09656932895372,-0.2783519604692671
-11.093047601564479,-0.26386465022648714
-11.088560002049993,-0.2499032561936645
-11.084547938372951,-0.2364450243100545
-11.080830735637747,-0.22495961427308292
-11.076044911500752,-0.21346981178290864
-11.07199522887545,-0.20218033211233147
-11.06749535000226,-0.19332390234213392
-11.061878894013226,-0.1846785803628229
-11.058428652370276,-0.17476457525540418
-11.05326177220481,-0.1673353508112076
-11.04591642875654,-0.16083774255426805
-11.040501157788688,-0.15468506163510048
-11.033598920669695,-0.15022712137812713
-11.026088119657555,-0.14688907195795517
-11.018942292637552,-0.14469094245455796
-11.011104116687283,-0.14175015575432012
-11.004058667914066,-0.14033831580868214
-10.996152010886135,-0.14020239414982247
-10.987638164344357,-0.13969790471115734
-10.980845974817399,-0.13856416622847578
-10.973093002082507,-0.13898461514645064
-10.964443413263602,-0.13934304625792182
-10.95717836866061,-0.13978618197842588
-10.949527737315321,-0.14119423481817286
-10.942043894062593,-0.14265819958055692
-10.935193186901262,-0.14530669199981372
-10.928959663038068,-0.14772252777193223
-10.923258636101535,-0.15114060637936388
-10.91770564818031,-0.15429938637982124
-10.912570820169893,-0.15652357473020756
-10.909390535011925,-0.1594612886697622
-10.903913695840306,-0.16323964576516145
-10.899495963994312,-0.165732763575207
-10.896779409546676,-0.1691270848312411
-10.89275124572572,-0.1732695135682722
-10.887583404426447,-0.17760872613696035
-10.884190835855685,-0.18297742963065217
-10.880278750475112,-0.18926398707973546
-10.87537544946003,-0.19634007073690402
-10.870457885225038,-0.20334399802530623
-10.865644782654877,-0.21024089022890688
-10.860380202123864,-0.21871277855105212
-10.85374778048122,-0.22767507555190236
-10.848243525032846,-0.2362855576824973
-10.845730228828714,-0.24504515713988517
-10.84013980300876,-0.25595851796167757
-10.83529992712412,-0.2667383877040311
-10.834010173743854,-0.2777687237750984
-10.829894183655574,-0.2910488075243301
-10.826126550685395,-0.30463480971810103
-10.824681947216312,-0.3186252692932871
-10.822963412724128,-0.33352420416255235
-10.822012173755805,-0.34851248713667965
-10.82061034267181,-0.36284385650824574
-10.822026326349139,-0.3770957621893591
-10.822676096325692,-0.39195897362897064
-10.822196502393131,-0.40622333130784577
-10.825765449777773,-0.4203098656758564
-10.82752115831873,-0.43540276946814305
-10.828283650698337,-0.450072870915248
-10.834015539192881,-0.46375533944188124
-10.838802239016749,-0.47752876641689346
-10.842258576524141,-0.49197936877251325
-10.848310215585718,-0.5062377268591998
-10.854564724655306,-0.5192234275784363
-10.861488387634584,-0.5320997732985653
-10.867284778973325,-0.5452985026652094
-10.873428596903612,-0.5573047917979629
-10.88214697603355,-0.5682540322064212
-10.887978121167281,-0.5812100897007642
-10.893249647877486,-0.5936954801767775
-10.902564212103218,-0.605560834993922
-10.909543225127097,-0.6187057272822213
-10.916265932331173,-0.6317115351209053
-10.92635167906953,-0.644818632211199
-10.934801708789399,-0.6563770644670206
-10.942579148022277,-0.6669179834553032
-10.951140462134608,-0.6777396894553047
-10.958939067282662,-0.686553121979925
-10.967166537281127,-0.6952737106312654
-10.972344684042188,-0.7044786936694836
-10.977954745726835,-0.7125245360921116
-10.984857827364698,-0.7207448546059088
-10.987782480256847,-0.7300185621034709
-10.99059484998699,-0.7385303331797922
-10.997089701956526,-0.7449159576580134
-10.999800791830928,-0.7512606946699659
-11.001960371405612,-0.7568991004345674
-11.006066496790805,-0.7620898493394792
-11.008019638896876,-0.7660976767824106
-11.010585094867842,-0.7711631664824047
-11.012053052111165,-0.7762305233117693
-11.015427305147808,-0.7790168692287545
-11.019165350900325,-0.7826449109569399
-11.019339866201769,-0.7869344773878105
-11.023277528332914,-0.7885728093403445
-11.027366407616928,-0.7893682514360799
-11.028132926746345,-0.7902831775673304
-11.030221816362126,-0.79093636450861
-11.034380369223241,-0.7898629196541223
-11.035776977663755,-0.7875744824474236
-11.037830161025632,-0.7855375467783098
-11.039687457041058,-0.7831688190784837
-11.041811799097891,-0.7800862071275231
-11.043119147515677,-0.7778928693059382
-11.043794398251572,-0.7754679445452681
-11.046974516750826,-0.7717558170478975
-11.047874949079134,-0.7688239337562782
-11.048444285099492,-0.7662016666592925
-11.052583512431324,-0.762922684808808
-11.05445039795722,-0.7600035878616478
-11.055630973372185,-0.7578601005456473
-11.060345431111985,-0.7547524826161542
-11.063411902436885,-0.750675861125569
-11.066595827563741,-0.7472363743274504
-11.070465392299685,-0.7447777273785804
-11.074832106875537,-0.7405902744453142
-11.080599728688632,-0.7364176244948919
-11.086105650432756,-0.7335183270633214
-11.091968676741677,-0.7302308716051998
-11.099923890898108,-0.7255485020398715
-11.106453161588274,-0.7204217203353552
-11.113218771962478,-0.7153118226277024
-11.121358534506271,-0.7094322000125293
-11.127760842118056,-0.7026834816844915
-11.135018474132762,-0.6965090785129767
-11.14322370233084,-0.6911186693424638
-11.150722787031915,-0.6848696288751862
-11.160050849200031,-0.6794411974424974
-11.169145894690814,-0.674780774704958
-11.18009567885846,-0.6693993432592393
-11.192949297650804,-0.6650539249432214
-11.204000203290654,-0.6625978287034603
-11.217583578527478,-0.65897174202573
-11.232915895672642,-0.6559585758811768
-11.24782970475707,-0.65396816638563
-11.264342303705282,-0.6528039297909467
-11.281999838933883,-0.6511838287101138
-11.300080472855363,-0.6487948794661489
-11.319895195371313,-0.647313550602016
-11.33887696024681,-0.6449387935359336
-11.358385143836127,-0.6412014317997602
-11.378240437193794,-0.6385578150485113
-11.396090051468105,-0.6364414813573126
-11.414351161557255,-0.6329137699412958
-11.432076430130047,-0.6301862046603426
-11.448541011234203,-0.6284933741923839
-11.464815398548845,-0.6262802147889553
-11.481980970893584,-0.6228431207877603
-11.496713698155563,-0.6207200160153321
-11.511727524059394,-0.6193704704424403
-11.526055527462656,-0.6169217304655963
-11.540388040250829,-0.6140669779136901
-11.554565611011288,-0.6121472568714534
-11.566867862239441,-0.6088902199008801
-11.579261225621915,-0.6051472544954339
-11.59158394067118,-0.6022059219362149
-11.60189736901664,-0.5993970319905692
-11.612393478487588,-0.595972968400267
-11.621402920973086,-0.592266858937579
-11.628847960545395,-0.5889652071317703
-11.636488442159994,-0.5844338427232593
-11.642652509816116,-0.5788090952024231
-11.648421257568188,-0.5740862589851093
-11.653434577163196,-0.5690348038227185
-11.656793043577686,-0.5625967508174144
-11.660940509894004,-0.5561948852389321
-11.663793045522157,-0.5507556234949894
-11.663283662495145,-0.545352003612839
-11.66501572147278,-0.5388425511006211
-11.665068730475207,-0.5337373359223251
-11.662257335594031,-0.5294900495496173
-11.661763389792457,-0.524393449935474
-11.660460367258173,-0.5205776938537477
-11.657848445010785,-0.5169061730857574
-11.655873739902642,-0.5138501169855098
-11.653312542575893,-0.5107653336041803
-11.65095937037463,-0.5081171675584487
-11.64809614430868,-0.5062110195042785
-11.6442912473953,-0.5045819844301188
-11.64196393485397,-0.5033254228233922
-11.638584709202732,-0.5014926861975957
-11.634731198224719,-0.4988310753078599
-11.633367630476826,-0.4952126714107248
-11.629542854737329,-0.49171574354932684
-11.623168396949788,-0.4887056204006606
-11.61786332954683,-0.48317119025353644
-11.6111653026458,-0.47793027732773824
-11.602275570046109,-0.4734031000386859
-11.591789825159955,-0.46944501014708223
-11.581491425029183,-0.4654034584180832
-11.57082342454351,-0.4624870478313946
-11.556917394765273,-0.46061713740529003
-11.544860388749044,-0.45697792184842995
-11.534682509526002,-0.45328163156530155
-11.522426763070973,-0.449276335790484
-11.509186879474708,-0.44491475590603424
-11.498433213156286,-0.4405563238711048
-11.486744509327352,-0.43612863363450544
-11.473507968621298,-0.431837718017235
-11.461451142048974,-0.42739293886568813
-11.449073525488572,-0.42357672093496024
-11.436521917351758,-0.41955772093458504
-11.424049124210976,-0.4156703953635316
-11.412821178698932,-0.4126899394604305
-11.403121659322025,-0.4094545821796217
-11.390722454326898,-0.40730628353960624
-11.38068593845065,-0.40513699982390466
-11.37298245912681,-0.40319859860265417
-11.363327076069309,-0.4031136070652246
-11.354709888342855,-0.40236082898697745
-11.350094251983355,-0.40278777342439936
-11.34525027201768,-0.40518411605807597
-11.340692028017529,-0.40762302353921326
-11.338381637835816,-0.4106866470227243
-11.337734303968778,-0.41339060577737574
-11.336331831173945,-0.41754722984700277
-11.335151905584114,-0.4218258817577913
-11.33839827230306,-0.4241534723944638
-11.340669174599237,-0.42670336218307703
-11.341066170204071,-0.42964832960315935
-11.345932306120575,-0.431142662960025
-11.349682516511733,-0.43270728127963975
-11.35092170857689,-0.4334579559388656
-11.354025864689477,-0.4343726944653504
-11.357562951218025,-0.43401267678340505
-11.360028156973982,-0.43227450771411724
-11.362823382794803,-0.4304673633686832
-11.364905261709525,-0.4287072819861541
-11.367679874015389,-0.425395922497535
-11.369577373754833,-0.42221679442581367
-11.370167335807649,-0.42009412471590635
-11.37322073204051,-0.4164122223950784
-11.373741867337403,-0.4141823330531863
-11.37406908970632,-0.41271152186748283
-11.378441167738561,-0.40984400502994894
-11.38177351615448,-0.4072881123393709
-11.384740194643221,-0.4050899957526834
-11.390371892553617,-0.4025885994150722
-11.39691927378157,-0.3972325561340021
-11.403606942151207,-0.3919595633513267
-11.410622868871002,-0.3870542029867999
-11.418977788519419,-0.37988586674250996
-11.428669907653633,-0.372256601298512
-11.43655473566386,-0.36472174759445086
-11.442709580946797,-0.3579263599614685
-11.452539532588908,-0.3494959061141981
-11.459781701743566,-0.3399882514659516
-11.464929126373509,-0.331725988657127
-11.472577114625464,-0.3230211084012162
-11.478332235198199,-0.31394133356075216
-11.483906121723544,-0.30439477398539494
-11.489658125786743,-0.2963311866388523
-11.493856276670236,-0.2868637001601562
-11.498397746906255,-0.27627430684425097
-11.501047597366012,-0.2662892642472746
-11.503614768305399,-0.254803784068795
-11.506595754116573,-0.2417393293569395
-11.505930898471231,-0.22975091812085646
-11.505773114019576,-0.21596426549568817
-11.507031666542796,-0.20112263351421042
-11.50337361631083,-0.18579927086824063
-11.499246638007556,-0.1697519460416164
-11.4960273902957,-0.1526852714072342
-11.490536474467518,-0.13394564902090833
-11.48501181096917,-0.11647009587121766
-11.478927572333756,-0.09854825875072995
-11.472017597922692,-0.07899094099161537
-11.464959407232515,-0.06030156241925451
-11.456580889734205,-0.04223937662166812
-11.449103264442293,-0.0230371867895589
-11.441177506191924,-0.003785262881520435
-11.431969384027726,0.015405280599315924
-11.424059917240703,0.03431435645791542
-11.416322785902267,0.05453220856206029
-11.407528301228608,0.07365738788651298
-11.400222197654418,0.09108898205216817
-11.392426107343345,0.108382639973918
-11.384768757714244,0.1266898258552595
-11.37782614403514,0.14394671514098514
-11.369414837191345,0.16138892608162062
-11.361148900074024,0.18119094549291787
-11.353179959268084,0.20028969440556682
-11.343009350701344,0.2188424720100946
-11.332966053012354,0.23871306804616196
-11.321035987125105,0.25726295840809654
-11.308013643089556,0.2734371082219361
-11.294848137699155,0.2898570733123088
-11.279436344615513,0.3063973096956215
-11.26367196076173,0.32016346752870706
-11.246826620195307,0.33361732154013096
-11.227592307286196,0.3469779731042944
-11.20976785374424,0.3588902480891038
-11.190215006310629,0.36999800977312486
-11.168270688625313,0.37922718594895405
-11.149704404167524,0.38940870226023205
-11.13066830637489,0.3985544397843962
-11.11061985312354,0.4060497604955304
-11.093668073387017,0.4152433685045613
-11.076663311335913,0.424286878415786
-11.06056728651012,0.43331770458589935
-11.044370199704977,0.4417720440962048
-11.028190283929257,0.45158433770084494
-11.014381508243916,0.46029637282081304
-10.99933697766511,0.46805061328794906
-10.984651367467075,0.47610751306147553
-10.972664671425301,0.48402816476593774
-10.958224068626334,0.4903261352420664
-10.94450154185992,0.49824521922355597
-10.932109239982125,0.5059221730403978
-10.916861681981546,0.51152986304029
-10.902119058411941,0.5174799204085706
-10.887394044549607,0.5235017562570982
-10.871803235128986,0.5285652973928221
-10.855671202320744,0.5309104675478304
-10.837157186131055,0.5330370562460786
-10.819456029258687,0.5350128157377194
-10.802879863995107,0.5346805264789518
-10.781924111544894,0.5327444092390294
-10.762569761465501,0.5300771110334487
-10.745958386757103,0.5256860122168328
-10.725405133993435,0.5189683565781127
-10.706414034286256,0.510545415285252
-10.690624568965152,0.5012524321929621
-10.673620480222878,0.490160484688782
-10.657579185364309,0.4783630521705293
-10.641926263730214,0.46592827458181785
-10.627342084493845,0.45300271210265314
-10.614210380061905,0.4380597301206429
-10.600277172155959,0.4227769050129933
-10.588032791606983,0.4069263962422255
-10.580312376933229,0.38951919753947806
-10.571258867498301,0.3717961560821157
-10.564976440450643,0.3544437049970556
-10.563148164429041,0.3365897075512343
-10.56118594297903,0.31884381740406686
-10.561288165341908,0.3028867106588255
-10.564694976819842,0.2873280759132434
-10.56879617038293,0.2732149527527952
-10.5728481283909,0.2610929336574728
-10.576940535195785,0.24924217354736666
-10.581984389077899,0.2402987582768857
-10.58555702615611,0.2319688875431618
-10.585497642607592,0.2227496847045456
-10.587841118333293,0.21616721836646716
-10.58772888318435,0.20942705489240787
-10.583219541329045,0.2021061336073172
-10.578813152116835,0.19590324951228796
-10.572535347361782,0.18964430177521258
-10.56200579964502,0.18292666504262067
-10.54929145968409,0.1754576458561335
-10.53662062243652,0.1685608138813682
-10.521021470825023,0.1615842582416696
-10.501433748514867,0.15496873242603662
-10.481874005556513,0.14936575390620901
-10.461862412069685,0.14424573707547114
-10.435969869090174,0.13913105045346158
-10.411272255883881,0.1350323781813594
-10.387181564825886,0.13130376678557806
-10.358185852679004,0.12747662634910722
-10.330524102190168,0.12443585063786754
-10.304394360128162,0.12174436321372482
-10.276681389565708,0.11967397491709755
-10.24832178065835,0.11703391679009274
-10.220988557623816,0.11593246271515453
-10.194743139008917,0.11539658673733028
-10.16856871070255,0.11542236319449227
-10.140790819590178,0.11631269379489498
-10.115505480064678,0.11781210617907562
-10.091364860420972,0.12137997060470834
-10.064023093870006,0.12533265486032943
-10.039513374088736,0.130483186363885
-10.016721182214624,0.13896130836473933
-9.990977485092811,0.1491025323113356
-9.966445422764098,0.15951047774882612
-9.942273424127185,0.1715238325677524
-9.917187445379355,0.1861231997858259
-9.891887925975992,0.20090517500636343
-9.865842921815785,0.2170009562668858
-9.839724544150837,0.23403370535302265
-9.814674903661816,0.2522553082607937
-9.785820853995926,0.26925599132509864
-9.757729804944299,0.2859178255712884
-9.73112392516242,0.30281047993909166
-9.701098207390169,0.3175935613902319
-9.67281411926726,0.3318203399582165
-9.646472275671009,0.34535856693588096
-9.618214958212336,0.3579457642540083
-9.593688139499822,0.3661959933303322
-9.57160202310196,0.3733342210992873
-9.552839817741244,0.38105209543018836
-9.53685512384441,0.3855167476008699
-9.521007798122348,0.3900049058454628
-9.510539134587063,0.3963017188770179
-9.500912193754043,0.40029060500474356
-9.49088903734227,0.4021723753969668
-9.485683538721071,0.40511076940028573
-9.482622670740307,0.40687697690257235
-9.479096648722688,0.40637843207484736
-9.48070475717997,0.40597224432602236
-9.484085392745191,0.405952424975452
-9.488014310006308,0.4061866597080564
-9.495063312693945,0.4054603547025772
-9.50339618252726,0.4049787511068852
-9.51301899190044,0.4043850014461729
-9.524170466472114,0.4021505780253069
-9.537819325659294,0.39862086382053624
-9.55217376386266,0.395130652403835
-9.567336599182092,0.39011906028683163
-9.584641538152551,0.3838173570623646
-9.603029699582201,0.37841978500204776
-9.62000732590153,0.37263344912397833
-9.637232965374695,0.3651992492273501
-9.655487138056419,0.3580691675316228
-9.67306252945143,0.35149669260810756
-9.691287633209157,0.3451515448220835
-9.708485327060085,0.33731111665107927
-9.725606497490293,0.33065899741000093
-9.743921089954892,0.3252985245366704
-9.759466031347026,0.3173961593282407
-9.775609952801343,0.31006197717000644
-9.792194651808796,0.30357344202516695
-9.80730315330527,0.29567884038469805
-9.821663615643565,0.2860153547241054
-9.836532886867946,0.2769846655544014
-9.850844554925612,0.26764186180915445
-9.86549169773641,0.2561035363996757
-9.879796794186358,0.24476533829824695
-9.893444186917014,0.2335695418054585
-9.909695965242285,0.22264486295329733
-9.923783746173312,0.2110802079692564
-9.937876553192098,0.20130212488813104
-9.953240419107418,0.19219845593523227
-9.965516519309686,0.18241254039988195
-9.977831473660899,0.17490391710686254
-9.990484390023573,0.16932787772973942
-10.000421197978294,0.16373489284389423
-10.010079585959613,0.1588534355292525
-10.01737851833378,0.1569482823651468
-10.023746582866853,0.15558456202335233
-10.027620679114644,0.15268391655465535
-10.02908282351746,0.15074357114799106
-10.031308823759922,0.1483524770980195
-10.033422842409358,0.1446408106418834
-10.033255757730801,0.14077677358268778
-10.03413165040738,0.13794979575844607
-10.035886863311408,0.1342434565160463
-10.035783908246902,0.12971886628305027
-10.036180471558142,0.12620189275219398
-10.036742525675553,0.12274204953426056
-10.037376338179357,0.11866409560274747
-10.037852287685785,0.11391416555248671
-10.037640135687486,0.10895204959896167
-10.039957080267229,0.1036010721849011
-10.042042315368843,0.09719362256132391
-10.042464957237591,0.09063238566672824
-10.046419712582614,0.08540247604007514
-10.0504634135373,0.07872879941317064
-10.053708276483121,0.07135200994011982
-10.060133931074592,0.06628571504411537
-10.06670320036109,0.05888017402030056
-10.073880223767327,0.050329724338309255
-10.082718113059352,0.04324834070597949
-10.092572738318523,0.035833954668922856
-10.104263798934594,0.027624720273327685
-10.115418454670627,0.018896964324250868
-10.127164237331376,0.011769288573432405
-10.14166577451757,0.004838335748270367
-10.154706294145647,-0.003297391315962057
-10.166903547126347,-0.010051309929923058
-10.180983475835077,-0.016058327709889766
-10.194266290354737,-0.02266553481368431
-10.204731698846706,-0.03043594121220694
-10.217304131310488,-0.037325871762885474
-10.229241275156953,-0.044289296796771356
-10.2403825897215,-0.0524613249293637
-10.251000820694006,-0.06065207438890378
-10.261643926321993,-0.06869285573852145
-10.27310481411933,-0.07674369482183115
-10.281082719537459,-0.08601529712143609
-10.28966300476162,-0.09496084663751528
-10.299995870953351,-0.10441758021823663
-10.306386707430429,-0.11482564201904182
-10.314211893986982,-0.12424628109016905
-10.323831178697182,-0.13448595038470657
-10.330679554742563,-0.14459829323786588
-10.336711654989427,-0.15522842779785334
-10.343211106718169,-0.16582844896533816
-10.348865611966428,-0.1763572326926243
-10.352110492579243,-0.18710208508448128
-10.353735796906054,-0.19778186844937878
-10.356578918096925,-0.20825886698324286
-10.358921354045634,-0.21818632353942333
-10.35643532156446,-0.23002141425660294
-10.35580954405543,-0.2412948483768816
-10.356668896324939,-0.2517926943300872
-10.352624599339562,-0.2627697763590446
-10.349414777285059,-0.2731233806696139
-10.347497069342037,-0.28261542657927957
-10.341915578190019,-0.2912849460704514
-10.33646413675932,-0.2993993052544935
-10.330581301692133,-0.30804929677496473
-10.323881851920232,-0.3147620221357552
-10.316046892148115,-0.32167524910956896
-10.30595819161237,-0.3279447653689383
-10.29633673447245,-0.33320376940815744
-10.28600872448778,-0.3378745410761536
-10.27350915085669,-0.3416015525780895
-10.262142357769974,-0.34485348038840336
-10.250400417176866,-0.34846384405752007
-10.236345324243665,-0.3507284977060301
-10.223699892850608,-0.3524494886550311
-10.212001358562684,-0.3534264296987879
-10.19947250503359,-0.35305380528601754
-10.186778679428693,-0.35353271863194174
-10.174430345466764,-0.3534349581538751
-10.163997352446371,-0.3528594729409582
-10.152365731518307,-0.3539798340048093
-10.140336925223687,-0.3556385534684858
-10.133540890304932,-0.3563597678123673
-10.12598097789561,-0.357682764505328
-10.117377364784268,-0.36035263416516616
-10.114390978950532,-0.3621420464226222
-10.110556764967436,-0.3639660117095552
-10.106814916820346,-0.3656031436198283
-10.105368205595774,-0.36716923200406415
-10.104088686541303,-0.36804103026465157
-10.104080469522243,-0.3680271385775673
-10.104378072898518,-0.36910989590187604
-10.105935089860939,-0.36952486561298425
-10.109605599156648,-0.36942371888512404
-10.112587098279269,-0.3696532719219434
-10.11691884704358,-0.36916551630971906
-10.12317115333244,-0.36801909283093104
-10.127443058473208,-0.3664393876135907
-10.132192319890695,-0.3660253431298151
-10.139892020332024,-0.3646579512182108
-10.146850309416775,-0.36263050794917767
-10.154250797261078,-0.3609542077850804
-10.164423345558946,-0.35985576989383367
-10.176024673359063,-0.3570649543181929
-10.188833346591593,-0.35328917513661284
-10.201793570568313,-0.35076691849130337
-10.217210371449474,-0.34485603844996493
-10.234267861638635,-0.33665850491926463
-10.248673440682671,-0.329591904893861
-10.264552474934344,-0.32049961814334377
-10.281480973828057,-0.30927923936012064
-10.29721815974375,-0.29774728010511137
-10.313658252827993,-0.2871594052506337
-10.330010154560975,-0.2763443370400411
-10.345757878788733,-0.26341826475319363
-10.361913940001513,-0.2510088541142051
-10.377433885270406,-0.238695411667881
-10.392803003532197,-0.22464412541509912
-10.408983529426164,-0.20932820631722568
-10.422238503733706,-0.19585602664958335
-10.434985369627512,-0.18062714084487497
-10.447530648078036,-0.16366808523219137
-10.457146573639108,-0.14862062467913395
-10.467333120488734,-0.13222612743973447
-10.476521187575122,-0.11456760232768766
-10.482488342463242,-0.09800345718024556
-10.487400382656475,-0.0814289425147317
-10.490647229338697,-0.06419029500586083
-10.49239945710614,-0.04580917640886453
-10.492198788255308,-0.029435925081152937
-10.489640153335275,-0.013378130250029294
-10.486781965920663,0.0038289937860145618
-10.481787769054339,0.02012165913147117
-10.474482218138153,0.035265171434961474
-10.466929591393644,0.05137724546177148
-10.456960540695082,0.06862089603042605
-10.445646810489471,0.08493967309778903
-10.433375897790638,0.10057416027778257
-10.419212572847877,0.1171923776893586
-10.405094489833102,0.1336602191020299
-10.389931145212582,0.1492160434742345
-10.37297667515732,0.16499298803514914
-10.356687507201421,0.18073093430339046
-10.33923751047621,0.19505613462533467
-10.319516313768409,0.2090170110851231
-10.302109481417464,0.22373600124621154
-10.283175956591,0.23640241789931007
-10.263142504372585,0.24837240084726994
-10.244062820252084,0.2598435339672261
-10.225016023592783,0.27090297460236107
-10.205622558681425,0.27961820802044196
-10.18683231928653,0.28758669323258357
-10.167524116127584,0.2957111542123127
-10.149941519895853,0.3020690367068486
-10.131487328819116,0.30613566723415997
-10.11222764509201,0.31088469573323646
-10.096470920633374,0.3140457643801398
-10.079354549854596,0.31486669062597716
-10.062395439437918,0.3153493975178304
-10.048669452609913,0.3148632307459328
-10.035901853833426,0.3121186218321041
-10.023929034973571,0.30736337511901207
-10.014743674446903,0.30310680941860824
-10.006662518173792,0.2979221248166342
-10.00080426832551,0.29108786346680954
-9.995243863922342,0.28352889729134834
-9.9905089176796,0.27604146547445657
-9.989413035021588,0.2675531607074057
-9.986456209982093,0.2569325474285971
-9.984201994763579,0.24767336781537097
-9.984809366072092,0.23687436697916142
-9.985224827726807,0.22450791953260657
-9.984878271243675,0.21302664768431812
-9.986314310883504,0.20056270544437368
-9.987524864155683,0.1871470945969568
-9.989554873343122,0.17326647303325388
-9.992742581338224,0.1586542828102263
-9.996768421695856,0.14483974087962384
-10.002765099480554,0.1298379711183016
-10.007968280347061,0.1156109042096861
-10.015142300197699,0.10310062835075469
-10.025514083873981,0.09050069577573862
-10.033301632732943,0.07706078995823021
-10.042717534833086,0.06484103759329245
-10.055877448381231,0.05294786922664734
-10.067099700517295,0.03966927145511138
-10.079665102207674,0.026939005023847266
-10.094708375228816,0.014872313339104291
-10.11020015029674,0.0029891725133243145
-10.125943985021317,-0.008994534122394485
-10.141976981492009,-0.021076526219133713
-10.16092388942956,-0.031631361109316726
-10.1793770833206,-0.04226104527474661
-10.196454170761012,-0.05207483125635227
-10.215902539246649,-0.06161782835210205
-10.235314629010368,-0.07051582710869266
-10.252770518542897,-0.07829248760327386
-10.271462607293829,-0.08523955009072445
-10.291515696524504,-0.09117952545393083
-10.308703626460856,-0.09731135490056902
-10.326839002092788,-0.1019536110697009
-10.345207245252801,-0.1062526207463924
-10.363263847807353,-0.10978118173835354
-10.379789064946237,-0.11298515414715359
-10.395995195199804,-0.11465169287533337
-10.414172839630846,-0.11511791878984827
-10.429804607489313,-0.11514483249157856
-10.443715455301515,-0.11561303604967041
-10.461190543544765,-0.11365654806340138
-10.476876289909919,-0.11146342608807513
-10.489130321577642,-0.1090258516210061
-10.502299304101662,-0.1049864988129748
-10.513843794345403,-0.1004233539816199
-10.524167288509004,-0.09414778471913747
-10.533487140063492,-0.08752733212693961
-10.542636835076053,-0.08043423579209787
-10.552228562581902,-0.07167398491235753
-10.5594744295384,-0.06322670769483746
-10.567301733971147,-0.054586991168451074
-10.576565627137617,-0.045350201287169926
-10.584289879435786,-0.035795967752050815
-10.5903689717136,-0.026718640196439304
-10.600250264436053,-0.01672332245791065
-10.608019409923209,-0.006508844452343232
-10.614731757083915,0.0031669700504392993
-10.622995404306021,0.012865614836154952
-10.629977005209321,0.023726787306231893
-10.63680883071992,0.034235885506773193
-10.642872441151159,0.04338440778154158
-10.65006854623998,0.05345482751122033
-10.658276599883544,0.06387972620389411
-10.663881909655915,0.07371463755661126
-10.66996663376774,0.08398757395488167
-10.67725828951683,0.09499082845632066
-10.681648887963645,0.10652661331469272
-10.68574276121569,0.11731803668779106
-10.691088807936216,0.12860332751726358
-10.69385091980634,0.14021543965813388
-10.69576233569675,0.15086293418193036
-10.69779319271935,0.16012047868589743
-10.6988139834326,0.16940616282860899
-10.698630813540712,0.17809007897384235
-10.697813492359268,0.18536929304310223
-10.697170222025298,0.19269227703892147
-10.697126972892487,0.20072682268451533
-10.694282161661208,0.20558957901217287
-10.693378236382248,0.2101591642430077
-10.693660298024799,0.2141941856471775
-10.690989874286283,0.2166253111452938
-10.690422750352951,0.2187787125894223
-10.690101148850953,0.22033768994083486
-10.689186112964249,0.22194479467373424
-10.688903171479543,0.22181234909132885
-10.68823515704024,0.2211756766983263
-10.687538529948574,0.22050628161964514
-10.687759949406352,0.21788436153145874
-10.686467540723514,0.21390516530874434
-10.68665621246458,0.21085892412263693
-10.686592432614821,0.20693761260176594
-10.68497823867562,0.20110446377508653
-10.685407026058424,0.1954008691177858
-10.685700245684108,0.18962737527204623
-10.686065768686134,0.1829447394281599
-10.686964555143387,0.1747549106504395
-10.687455179345273,0.16650436632023827
-10.688564160685686,0.158658883571732
-10.689343738539716,0.14907757078888806
-10.689419985254473,0.1380774222870866
-10.690527021435956,0.1283410498386327
-10.691693904859186,0.1168896282331431
-10.691628604453355,0.10385957966605461
-10.692830339772978,0.09180098999534403
-10.69386859025587,0.07878555432063876
-10.694572622734734,0.06457592767593191
-10.69643012373437,0.05089067429048536
-10.698105263025218,0.03792336157439516
-10.700377209249492,0.023902219759732724
-10.702862589440818,0.0093072078597017
-10.704294858224157,-0.004349211384131508
-10.70630170347679,-0.0181321783599781
-10.707443629424969,-0.034148043730651445
-10.7069021797647,-0.050194034159795016
-10.708794081771599,-0.06474305223976178
-10.709920474396565,-0.08095766226416203
-10.709346624931475,-0.09870922234445749
-10.711060081247965,-0.11510105886279977
-10.711746839558419,-0.1314515521240055
-10.712279783589175,-0.14947377480528584
-10.7131713393148,-0.16753851376371026
-10.713926969816171,-0.18428647148069474
-10.715956592918062,-0.2005588768899176
-10.71762134970063,-0.21756141415611294
-10.718599486966127,-0.23320589613401826
-10.72090312885647,-0.24862392481961296
-10.722570168666753,-0.26469952732438523
-10.723821627416395,-0.27917463281608984
-10.726291922420545,-0.2924514124619588
-10.728076524503257,-0.30566011355930783
-10.729719435196202,-0.3177191752913625
-10.7317302327682,-0.3283534434381144
-10.733186915217527,-0.33830793676565996
-10.734659234151003,-0.34788315691906957
-10.735618184644673,-0.3559766283045452
-10.736665225209753,-0.3622779615338314
-10.739219347482564,-0.3686821321289388
-10.73859269391332,-0.37488801116125725
-10.738875425142021,-0.37925940189466445
-10.741533231321455,-0.38310322276385017
-10.740395609767758,-0.3885957629529216
-10.740133690602706,-0.3925392010858106
-10.741692146189866,-0.39588520194421045
-10.74232900952005,-0.3992482337793317
-10.741835681409498,-0.4024840580587471
-10.741629378083005,-0.40540298647332906
-10.741853486481679,-0.40758561212782973
-10.742051116644973,-0.4103776537860714
-10.741318013803651,-0.41240207097783627
-10.741507811983084,-0.4132345878770258
-10.743645370390096,-0.4137026940811178
-10.743163669400838,-0.4128611956446153
-10.743820134980734,-0.4100094828434044
-10.746523492306281,-0.4065238012447604
-10.745319610757702,-0.40160189645534033
-10.745161495243961,-0.3953067917153972
-10.745587137593747,-0.3885409078370349
-10.743716056171683,-0.3814947343907452
-10.742110191489507,-0.3741804890079329
-10.739837602765137,-0.365659853389494
-10.738663150860452,-0.3560356092736123
-10.736699085943291,-0.347091202980384
-10.732007100110158,-0.3367399116675545
-10.72956535928612,-0.32508646944005876
-10.727151028907908,-0.31328322680390297
-10.72151228760549,-0.30058627947215305
-10.717963739836762,-0.2866190861787652
-10.714931253496271,-0.27212366802494914
-10.710022474755231,-0.2571102955494351
-10.705620282093852,-0.24139161867489053
-10.701979647129662,-0.22459572255126492
-10.697647113869504,-0.20555036772142296
-10.692340254538987,-0.18706041834464276
-10.685432414895555,-0.16737193391571561
-10.679876157616949,-0.1464952760183234
-10.673049639348458,-0.12588235009543305
-10.663437171429353,-0.10618950974012788
-10.656310046696415,-0.08718374672398697
-10.6467411581622,-0.06853370133284077
-10.635227202835631,-0.051291549445226126
-10.626175479976435,-0.03463072001492786
-10.61556941475277,-0.01838665392608922
-10.6046925249002,-0.002672774763894718
-10.594073132654486,0.012916678919303457
-10.583523722145495,0.028592014420746246
-10.572929725231651,0.04386861812743672
-10.560127618891869,0.057855012779693675
-10.54862398559905,0.07260407762789525
-10.538325917286716,0.08698733919421864
-10.523272419982266,0.0991727320484129
-10.509892748529387,0.11225804186205676
-10.498767469373536,0.1254248626682167
-10.485296013389762,0.13857413178801697
-10.470893102432347,0.15046172555587292
-10.458775728632535,0.16210579825089316
-10.445739993586642,0.17439387209033524
-10.432146069915904,0.18559090681858711
-10.417902025502293,0.19479990533356895
-10.404249929813721,0.20280818292242725
-10.392134621577384,0.2107122044444804
-10.377268840549904,0.21604259389476133
-10.364845153170183,0.22011707379277717
-10.354223201861158,0.22317840452791546
-10.34060381398428,0.2243734154886566
-10.330873183965442,0.223095981459374
-10.322244582639293,0.22168457945429343
-10.312778379032897,0.2188674811350895
-10.306984837922618,0.21322867480965835
-10.301069931351766,0.2073801761810794
-10.296588885701379,0.2003750243770585
-10.293681271064965,0.18988103790787197
-10.290084769114102,0.17904016573509618
-10.290028704566106,0.1667884600941966
-10.291572364686544,0.15319136134702246
-10.29202503817859,0.13696284472266096
-10.296419696032169,0.11951366466841513
-10.302590493515059,0.10309880832216013
-10.307627460860504,0.0846473626537233
-10.315278190727987,0.06468318104833225
-10.324028710171728,0.045659408582963835
-10.332717265747094,0.026222612068912843
-10.34322802310658,0.003351533493970719
-10.353779326255514,-0.019331583679145472
-10.366928284734726,-0.04185710772970252
-10.380743747860883,-0.06617454136242361
-10.393961034273518,-0.09111498022707126
-10.410763546923286,-0.11379481528216771
-10.427261469356406,-0.13616348859506566
-10.443710024671924,-0.15945182476774267
-10.463378737648924,-0.18078851890381498
-10.481806013027832,-0.20189186193804787
-10.500288069843657,-0.22389908141390458
-10.51999258852788,-0.24611909939148865
-10.53998308619277,-0.2678474633879004
-10.560651764212949,-0.2888837311702114
-10.58196429077776,-0.3110495046795025
-10.603456233500308,-0.33196132863183
-10.626101991643058,-0.3512529819775786
-10.647435694539803,-0.3708108727486486
-10.669106260911562,-0.38955097371949143
-10.691826480900597,-0.4063152624978177
-10.712272007067808,-0.4234869641236493
-10.730433459214339,-0.44083586959806825
-10.748859758842746,-0.4572763221218131
-10.765426692836494,-0.4720170470918506
-10.780360834475124,-0.48704754393349536
-10.794155177952705,-0.5024930514342495
-10.806583880749985,-0.5151241729510928
-10.819047441509534,-0.5269030271846267
-10.828029526839428,-0.5400486786865734
-10.836354616740952,-0.550830862480499
-10.845069837260283,-0.5607571962700915
-10.852516656865495,-0.5705039525971335
-10.858246031001144,-0.578974564118255
-10.863196747247606,-0.5852619506760913
-10.866742148865415,-0.5914339510849668
-10.868532145176179,-0.5965039137438173
-10.867781611501556,-0.5993009694591155
-10.866612668124965,-0.6016962610641475
-10.863415102498996,-0.6045756800577012
-10.85712739265376,-0.6051324171825978
-10.850882560221372,-0.6051565234862291
-10.84394050143586,-0.6036432933265233
-10.833293668081042,-0.6028320437521252
-10.821143213498285,-0.5987735885687128
-10.808800083267053,-0.5928696923171668
-10.792991507655572,-0.589032124942399
-10.776097579934103,-0.5831382368979982
-10.758748214128639,-0.5758100105201943
-10.740971534383464,-0.5681439802198684
-10.722536024903675,-0.5610844181545238
-10.703117315017671,-0.552363684814569
-10.684118629556492,-0.5430004110499027
-10.66533221079692,-0.5347412417024477
-10.644505491638496,-0.5261531505035116
-10.624741910282397,-0.5173433399110211
-10.60666690845056,-0.5092727935363296
-10.587290221088887,-0.5009127658684651
-10.569001034669398,-0.492459594172165
-10.551790399917198,-0.4848495289289767
-10.534083229591689,-0.477413906503157
-10.517317929522514,-0.46985678846076134
-10.50131635888911,-0.461705480100162
-10.485127549603934,-0.45363914885311035
-10.469209341782738,-0.44797897893383865
-10.453523604891888,-0.4423213287460784
-10.440144154502482,-0.4363237925433477
-10.426913562988174,-0.4340503340974366
-10.413611260050166,-0.432684123991064
-10.402798929503836,-0.4307324621447217
-10.394179149936257,-0.430557200341636
-10.38477771972551,-0.4310997590636922
-10.378068581971705,-0.4329562867901738
-10.374286279812187,-0.435392753110973
-10.370826562025487,-0.43969599686324523
-10.369565500540077,-0.4455960292503853
-10.370298988173106,-0.45133773429789625
-10.374110962369786,-0.4585213141268603
-10.378037364724406,-0.46640793363166677
-10.383423719119632,-0.4737493743239853
-10.392309450182482,-0.4815863535102505
-10.400398772281362,-0.4899199535501587
-10.406566255126355,-0.4980770929979036
-10.41715795884922,-0.5056286233639277
-10.426984768575345,-0.5136081059820439
-10.435814174853896,-0.5212434288398609
-10.446843139219116,-0.5283165596115165
-10.458205739980231,-0.5346493830424207
-10.468786676992817,-0.5407103536425797
-10.478845700728424,-0.5456265031377345
-10.490951455589302,-0.5493967619519001
-10.503667690176702,-0.5523154182769842
-10.515361142466704,-0.554907346547293
-10.527445212923476,-0.5567972238867808
-10.542254819051273,-0.559319321337415
-10.55492309576145,-0.561221624902289
-10.567849206659222,-0.5631896068181467
-10.583562111603156,-0.564963867904761
-10.59851173989441,-0.5663147040604182
-10.61152030574601,-0.5684680368987504
-10.624568536721252,-0.5701925484745665
-10.637528898983637,-0.5720839757867162
-10.650214567169494,-0.5731838866071519
-10.660367096482624,-0.5742879056784504
-10.67156340031984,-0.5749134349185266
-10.683885506802348,-0.5736750409168052
-10.691323895163142,-0.5720741904569911
-10.699606505296025,-0.5702777441978699
-10.708731527046274,-0.5672854667631205
-10.712925327941896,-0.5630441526574385
-10.717837291023333,-0.5583324664930985
-10.723180576024323,-0.5525787328204199
-10.72568248271396,-0.546759617482526
-10.727867187029073,-0.5409954489505382
-10.72902564118225,-0.5343036513241105
-10.730153113303842,-0.5264722076154538
-10.729554383251422,-0.5194170779439944
-10.726669150867858,-0.5111689961163203
-10.724430747737188,-0.5013337414845951
-10.723514123734217,-0.49023915184444256
-10.71780656597692,-0.4798760426279674
-10.713675087332055,-0.4688323379033103
-10.710833372322012,-0.45575054366525686
-10.704076670661722,-0.44191742546257023
-10.6983261559441,-0.4281251796691422
-10.692586104805496,-0.41263471098866644
-10.686134436235571,-0.39553807836003424
-10.678937353478055,-0.3788861840312825
-10.670826731841434,-0.36223938665576944
-10.664637292068814,-0.34381920083628276
-10.657048814706412,-0.3267045139313343
-10.648627477356008,-0.3100095703581746
-10.643862358982313,-0.2924653576364483
-10.637693445852225,-0.2759605096624069
-10.631136109888983,-0.25997919146224935
-10.626887034505438,-0.2452346235717187
-10.62315479274266,-0.23039072402505673
-10.619516171398198,-0.21654271081640764
-10.6180503603137,-0.20391692626095248
-10.617641609236191,-0.19070831268369154
-10.61761319408715,-0.1778228266370693
-10.618157725853694,-0.16635888307172803
-10.61834923403494,-0.15510681099935877
-10.621147291143071,-0.14175644108698907
-10.621921246015837,-0.1291366286375434
-10.62167422336702,-0.11830104432437738
-10.623089850523801,-0.1057852964910988
-10.621578324818074,-0.09354056046533972
-10.618888181840518,-0.08337721690432359
-10.616845126429906,-0.07370761801844733
-10.614205350001422,-0.06339639770067095
-10.611039994859857,-0.053532517871563504
-10.606942229489325,-0.04628808080338573
-10.602631292235705,-0.0379404098986524
-10.599296650571022,-0.029264772856761115
-10.593138269996109,-0.023581805159157455
-10.588333293246436,-0.018142804250683937
-10.584582794428561,-0.012117726438276211
-10.579852138843705,-0.007074208690696156
-10.575568844202811,-0.0029979147049214528
-10.571921685862259,0.001199844405586578
-10.56652390659291,0.005790816727375887
-10.561269026126517,0.009774902923752913
-10.555289123942348,0.013511669996312614
-10.547893804752146,0.019091594114638004
-10.54022696385396,0.02404736791178938
-10.531276151163558,0.028451598875686285
-10.522583971990967,0.034573968832892106
-10.514825881374344,0.03989209270911013
-10.503619623248492,0.042878835191499966
-10.493527231596058,0.04670346515201807
-10.484602796783737,0.0516104660073367
-10.47340675280279,0.05519164383180113
-10.463910911082758,0.0578450540533502
-10.455258218761907,0.06133798193338345
-10.44660735470388,0.06446518362318668
-10.43884413750942,0.06592104445282207
-10.429735837224525,0.06662868223277957
-10.421951306325383,0.06642572418126506
-10.415363794072475,0.06470332464633358
-10.407199242610542,0.061830295617615876
-10.400265730531475,0.057744749443596005
-10.39450376764179,0.05287918180120188
-10.387961949187364,0.04659337054479253
-10.382571354983577,0.04002049514444281
-10.37961593664025,0.03250612219678289
-10.376340289325013,0.02307975901793222
-10.374123506067582,0.013280623825689642
-10.37290313439349,0.003170761534815275
-10.373663109873007,-0.008227920129241917
-10.37463407309813,-0.020623619002551937
-10.375421585584554,-0.03302546671861721
-10.378991947238635,-0.045615544420436006
-10.38239958214876,-0.06052423991664599
-10.385280016365268,-0.0771099448023256
-10.390559279763904,-0.09266997481244724
-10.398298955155218,-0.10938667959857382
-10.406408377594506,-0.12822396994723984
-10.415797430242066,-0.1460736261298658
-10.427380533781225,-0.1636186913115666
-10.440211235322606,-0.18146887879241347
-10.453410638707085,-0.19913807949132448
-10.467419526003077,-0.2156091622267212
-10.484653262047049,-0.23264453365706117
-10.501106852519179,-0.250349376875637
-10.518024767235017,-0.267361857168152
-10.53804606964736,-0.28515503004229376
-10.5569777057428,-0.3035560010250235
-10.574697951547789,-0.32282510269993364
-10.596259753906583,-0.3421899447309835
-10.616826922824359,-0.36185454727887173
-10.63815337894503,-0.38227728257537785
-10.661469836484054,-0.4017479021615717
-10.686024992437401,-0.4207805531870059
-10.712082346059947,-0.44146512217843775
-10.737260713713184,-0.4618738716010066
-10.765245779758079,-0.4805693963198464
-10.79410080539377,-0.5006406281436779
-10.819417911958764,-0.5209980717561643
-10.84684597686291,-0.5396821350324222
-10.876527918153746,-0.5577120761403638
-10.902706261461681,-0.5770257151280553
-10.929984420027615,-0.5960411277813668
-10.958120647912576,-0.6141883047876392
-10.984332368499487,-0.6317107756427136
-11.010355419829446,-0.6495794262735567
-11.034932604155355,-0.6671233169286432
-11.060920058058546,-0.6822642741762907
-11.086607552898764,-0.6962782641598233
-11.108696784465598,-0.7107904999353473
-11.133612655390781,-0.7226428741051967
-11.157889827762272,-0.732434507321921
-11.177631291767254,-0.7424375039600936
-11.199888407673733,-0.7500950213940054
-11.221357116255463,-0.756909177885193
-11.23828257416023,-0.7614206333295239
-11.255619241786645,-0.7645367174113142
-11.272007700985435,-0.7665240987301499
-11.286737520468312,-0.7667822883760451
-11.299764157138565,-0.7660050712059756
-11.311119459373051,-0.7638246817185198
-11.323575222352064,-0.7599053841886675
-11.332835935523347,-0.7552367207764394
-11.33963357057871,-0.7504961912349132
-11.348239662033945,-0.7432662752547271
-11.355514391351052,-0.7361458985906623
-11.357909430849622,-0.7299459607626252
-11.362090958559666,-0.7230646034721048
-11.365719900767541,-0.715449585935373
-11.367240450657592,-0.7082031161086482
-11.368322858377386,-0.7022075121033379
-11.368750127508987,-0.695220128430145
-11.369853465850266,-0.6878083557952704
-11.367126721042869,-0.6819131869287121
-11.364583667782696,-0.6759471079626236
-11.364074386172339,-0.6686233049141636
-11.35895237483866,-0.661482201708731
-11.35404184875534,-0.6544275346867064
-11.351876697062863,-0.6463765634843345
-11.346553032402321,-0.6376726633814902
-11.342115540430887,-0.6291374223217915
-11.338569314514004,-0.6205784558146705
-11.333684963672034,-0.6118915117604663
-11.32825238144326,-0.6034324325180895
-11.323560932927679,-0.5950554991797113
-11.319296769805067,-0.5866688387043544
-11.31483206440766,-0.5786887461143615
-11.30962823500127,-0.5712006498955682
-11.307174043192243,-0.5633517046343616
-11.305848601577802,-0.5553049393866825
-11.301307812011368,-0.548969321326613
-11.299157710335042,-0.5426913340626348
-11.298120627016473,-0.5358183713388834
-11.29506861407502,-0.5288442549913037
-11.293136353844606,-0.523288671508753
-11.291193046142483,-0.5171934285467034
-11.290031510303342,-0.5094919773718384
-11.288761847043554,-0.5032010757421621
-11.286367002288069,-0.49720998217409734
-11.286065122150722,-0.48934985291454547
-11.28410957909427,-0.48251463611240497
-11.280784708110742,-0.47685911192720604
-11.280412811688969,-0.47115730515974796
-11.278245042531827,-0.4664286671710764
-11.275315696198335,-0.46261993481301694
-11.274064007181034,-0.45985160653823975
-11.271910687816318,-0.4565175022112609
-11.269515445288516,-0.4533896213879913
-11.267481922398604,-0.451476293479975
-11.264258912109595,-0.4489668036849801
-11.262327693048295,-0.44639245379861503
-11.259135845543641,-0.44551137969039056
-11.25546003109872,-0.4459342192198878
-11.253285302558808,-0.4442741216166543
-11.249696536482688,-0.44315531752900633
-11.245133778305728,-0.44329906909166605
-11.24243309157059,-0.44060191191112485
-11.237771879382175,-0.435998497422705
-11.232548919647165,-0.43269101408153393
-11.22769005398118,-0.4290638957521261
-11.221907013035915,-0.4230116130719484
-11.217063067269619,-0.41742915750235293
-11.210746718120586,-0.4128980448189229
-11.205167584827187,-0.40636095041933323
-11.20043092532371,-0.3989399897389167
-11.195426773768451,-0.39257740490231385
-11.190222317096541,-0.386297341703205
-11.18611385093708,-0.37920587476832335
-11.180717721499752,-0.3723784371122171
-11.175268490147335,-0.36619604144233936
-11.170237993411813,-0.3592318446372339
-11.164350828171685,-0.35225591714519244
-11.159539041995288,-0.34557459656965084
-11.154510332440166,-0.33916953032237485
-11.148209256995168,-0.3317743375275874
-11.143426016997601,-0.3247464234189832
-11.136364750597634,-0.3190922190144946
-11.129540793940464,-0.3120224317503586
-11.124601724558524,-0.3050549410382532
-11.116876273499798,-0.2997479541227371
-11.109895666081318,-0.2934102239222397
-11.104024208363535,-0.28592501211398635
-11.096738738603769,-0.2790375286347334
-11.089116445494033,-0.2737442039855362
-11.08054243803545,-0.2677722756302733
-11.07206944536766,-0.261865580726162
-11.063567184654143,-0.257464319637868
-11.05333685255188,-0.25386638381810833
-11.043353467979408,-0.24915736155816717
-11.033975637828581,-0.2452181607384391
-11.022537702329023,-0.24195370546847386
-11.011762668152734,-0.2372187907026299
-11.000522660743599,-0.2324038656266041
-10.987728538462823,-0.2285882390976017
-10.975982776977952,-0.2246337057678298
-10.964589908656857,-0.22060759798821444
-10.952916715928804,-0.21766402576898322
-10.941619114055998,-0.21513538551153263
-10.929434086717125,-0.212209581115386
-10.919416096848341,-0.21021067988714504
-10.908975487136827,-0.20992477800444959
-10.897177247528505,-0.2097266357563739
-10.887251276771552,-0.2093470611177332
-10.879290079615954,-0.21051046614397184
-10.870289424862264,-0.21304049430763863
-10.863252888575142,-0.21477716743533737
-10.85800685966159,-0.21760683690183313
-10.851828217574045,-0.2216789145300359
-10.846452684714102,-0.2254641123578387
-10.841478691687891,-0.22906993507613907
-10.836910153218607,-0.2344063030946113
-10.83175704589238,-0.24083004267577776
-10.826038607514278,-0.24695404409998795
-10.822436362927027,-0.25373218964572486
-10.817807210925428,-0.2614648584880496
-10.810376920072573,-0.2698489897217091
-10.80647739610831,-0.27813227071550883
-10.801498487367171,-0.2867594558262756
-10.793923132573596,-0.29622310746301883
-10.788447175810342,-0.3058922599187457
-10.781216986486347,-0.31598850633083425
-10.774363454095283,-0.32680643005428145
-10.76728661880326,-0.3380778593977084
-10.760396475421478,-0.3493258771254827
-10.754611605487883,-0.3612172352455241
-10.746405273221754,-0.372797262581616
-10.739703321957254,-0.3838110170237677
-10.73443064002954,-0.3947047951885936
-10.72525428252922,-0.4062485385419092
-10.717407022053925,-0.41698791693939413
-10.712351945976863,-0.42797904518433094
-10.704478862565662,-0.4401446119686319
-10.69659638097263,-0.4525975950622476
-10.69129394610083,-0.46330590130024535
-10.686382712901882,-0.47343859768611823
-10.681201041440865,-0.48398704591753683
-10.675657831061255,-0.49496513535051484
-10.672507246789007,-0.5037493337164467
-10.670169741537482,-0.5132544696592088
-10.665072097543423,-0.5242407992180408
-10.663662784983162,-0.5336763870817088
-10.663489307894684,-0.5443975296388359
-10.661326897273659,-0.5560957438926997
-10.66271074507768,-0.5662441703213804
-10.664231993990237,-0.5764233211382457
-10.664753347865894,-0.5854779126025442
-10.666559582424293,-0.5951877574385636
-10.668843032943872,-0.6038167858668161
-10.672212966506187,-0.6114196490947623
-10.674741737167036,-0.6188824293091056
-10.676518837800582,-0.6252590360853653
-10.680839499709624,-0.6298504912043269
-10.684771139363296,-0.6342496506073608
-10.685318409880356,-0.6390431493631806
-10.689638463590674,-0.6425062510348104
-10.693492742065798,-0.6453425463794414
-10.69482949794848,-0.6491440645293078
-10.699284572311411,-0.6522436846588201
-10.703105490918919,-0.6533973595613464
-10.706822916856822,-0.6546053591508703
-10.710335676865718,-0.6559780536514642
-10.713287701950932,-0.6552990881200007
-10.718569615180188,-0.6536727809929938
-10.721225090735228,-0.6534091352278285
-10.723815948458443,-0.6528190233985911
-10.729669834657587,-0.6509364254034079
-10.732083187895158,-0.6490560965156751
-10.734118589445188,-0.6471888461842418
-10.739586234251513,-0.6444102281019536
-10.742985859907588,-0.6401247082292029
-10.746673109636022,-0.6360112223588753
-10.750053420848829,-0.6315684484732755
-10.751671237260274,-0.6255372581545648
-10.752751548164854,-0.6199953764462951
-10.751422785405255,-0.6153883962998501
-10.750180891829359,-0.6101352639717622
-10.748850106437954,-0.6046724398454437
-10.743857188831731,-0.6009805645473023
-10.740449168660778,-0.5961641560325881
-10.737840335758662,-0.5908313209909681
-10.73100723082035,-0.5859438900923915
-10.725521140817236,-0.580631468352352
-10.721014725402023,-0.5745457015483847
-10.714171535713106,-0.5679249169911026
-10.707621551316908,-0.562470443277447
-10.700409216803335,-0.5569213212010796
-10.692557237806554,-0.5499579941820372
-10.684176958988234,-0.5439368117835855
-10.673755172361545,-0.5388401437213403
-10.663915449388249,-0.5324311688272119
-10.65372725596113,-0.5256861384421343
-10.642188541686455,-0.5185528688953942
-10.631806503906784,-0.510536206130748
-10.620948579678645,-0.5020565842483983
-10.609560213390289,-0.4931495739999875
-10.599313106459295,-0.4857612746505501
-10.588400803731119,-0.4773611310058074
-10.577346159504625,-0.46972359898057037
-10.566348662446778,-0.46370292035262706
-10.555089499824089,-0.4586431605725113
-10.545617944272527,-0.45384311241262965
-10.535811706911826,-0.45105656476504064
-10.525440443144536,-0.4487526962318118
-10.51616820871558,-0.44572271908473476
-10.50722891898935,-0.44270877079122173
-10.498018249382882,-0.4408991002165841
-10.490021786001938,-0.43847211812255965
-10.48234855671322,-0.4364725446684068
-10.47564328380661,-0.4367765757111774
-10.469559408723203,-0.43783014433491224
-10.464247646545157,-0.4387422613100557
-10.461425640371296,-0.4401433674275137
-10.458536323843838,-0.44278259475277526
-10.45636664454063,-0.44475110788548283
-10.456196133677489,-0.44546324749857175
-10.456671245916821,-0.44784480431643375
-10.458588409901537,-0.45117027509959096
-10.46208009489581,-0.4540925165576317
-10.465510456404429,-0.45805364624085826
-10.470022310211975,-0.4636684217401789
-10.475882246568966,-0.46858109810239584
-10.482319851706846,-0.47396914292320996
-10.491328528763784,-0.48110853737837855
-10.50051278119502,-0.48789650481962543
-10.511496223266395,-0.49324842881189923
-10.525397616844892,-0.49919981024799254
-10.539013724107594,-0.5051262042594831
-10.553820226345872,-0.5097589961600801
-10.570380859370513,-0.5136662071873477
-10.58665805460019,-0.5184629259938296
-10.603457154894466,-0.5229135134177781
-10.621123522759525,-0.52677588256663
-10.638503705495786,-0.5308900349072034
-10.656438977747117,-0.5365393726123324
-10.674089914536749,-0.5416922138249957
-10.692664027991837,-0.5461708995441524
-10.71278062755835,-0.5512622690908078
-10.73105738589243,-0.5574243111620263
-10.75059210343807,-0.5621642409138811
-10.773007138864488,-0.5663509517157019
-10.792468109097078,-0.5720040858778432
-10.812554272823162,-0.577015951646287
-10.834706430496,-0.5817804168074034
-10.854566524779798,-0.5871807102055931
-10.874180122155678,-0.5920662757594549
-10.893772610133269,-0.5961630633824698
-10.912699539598949,-0.599752070509955
-10.931204610196188,-0.6032296537513799
-10.947570306018743,-0.60540760372195
-10.963909135611464,-0.6061641878154679
-10.979505230365007,-0.606621176697033
-10.991232345315044,-0.6053929251902667
-11.003625066977719,-0.6032914072127433
-11.017303295200337,-0.6002447255401222
-11.024876336065304,-0.5969846894877557
-11.033214004412093,-0.5920198638088767
-11.041203340096304,-0.5858915856946381
-11.04447512108443,-0.5801059404004733
-11.048004207837065,-0.5739107706843809
-11.04943915418017,-0.5670703940256883
-11.050542331900871,-0.559696978483916
-11.050048376173162,-0.5532864869521142
-11.047180864970851,-0.546157937497466
-11.046401954099052,-0.537153880460181
-11.043634530394852,-0.5297849972533998
-11.036375148971116,-0.5211240691783308
-11.030774542139527,-0.5107235911838627
-11.023654982864466,-0.500874655107036
-11.013561670555314,-0.4905728113455188
-11.004439310530016,-0.4800928128617184
-10.994322995291169,-0.46988610720821566
-10.98294480154717,-0.4590832569465849
-10.969817730823832,-0.44799570867724686
-10.956880740652808,-0.43662274982242777
-10.944656238735558,-0.4253551458687778
-10.928875416292987,-0.41426569463829704
-10.913342490146587,-0.4033154377981382
-10.90056873933068,-0.39216625932839655
-10.884290125481245,-0.3831472012625291
-10.867778502646976,-0.3732398534619134
-10.854785982838404,-0.36280552747169414
-10.839729002338963,-0.35274104980356297
-10.824037711706314,-0.3431135344904587
-10.809429884350449,-0.3321023372386778
-10.79445483478905,-0.31935976701107205
-10.779160666521413,-0.307295704594417
-10.76182814046565,-0.29513119566502416
-10.746311337710575,-0.28100220098805456
-10.731092643035053,-0.2667345302511446
-10.711133173721986,-0.25409946761157226
-10.693638592939235,-0.2408833144788774
-10.676332189014435,-0.22772138812960316
-10.654885172673305,-0.21487267496496204
-10.634197773944678,-0.20315218875661756
-10.61462200211756,-0.19141787256075596
-10.592672714973512,-0.18009473520567829
-10.57154037847003,-0.16978359732346884
-10.550012447461796,-0.16059251809623618
-10.529472409875662,-0.15206341923154196
-10.510048232197397,-0.14518665666306213
-10.488892172342476,-0.14022814344042003
-10.472158418504975,-0.13541607963417923
-10.455940668634414,-0.13205065692344156
-10.437719996479544,-0.13092685726299824
-10.425476652851428,-0.13005121627618138
-10.413334140335678,-0.13061773108347582
-10.400874476364018,-0.13339789253690068
-10.39322121272222,-0.1368155836578537
-10.38568611615799,-0.1401301668559385
-10.379694530118858,-0.1432345281840154
-10.374610254253856,-0.1490320131909347
-10.370407248633423,-0.15548171841723488
-10.369111740085103,-0.16104187883517418
-10.368608871444458,-0.1698819567207276
-10.36771490558849,-0.17982323884583404
-10.372807749944439,-0.18884186706404385
-10.378047453812544,-0.19861655532780223
-10.383419127924814,-0.2092509195764409
-10.393633389093036,-0.21958178631236844
-10.403568072860935,-0.23010697405634264
-10.413741054927144,-0.24070321362626532
-10.42656380909261,-0.2526155189247953
-10.439849962217632,-0.26435552071915247
-10.454106086712592,-0.275711054459968
-10.467866480154072,-0.2887192075252524
-10.48325155599917,-0.30123231862097954
-10.49982837317537,-0.31258723767065943
-10.51410027541788,-0.3258657626510215
-10.530792016359815,-0.33788561539338163
-10.548553886739832,-0.3494712389688694
-10.564049168503217,-0.362051276848266
-10.58152624439609,-0.37533940279933986
-10.59972798569856,-0.3879647586919205
-10.617238617622572,-0.4004683122128391
-10.636221290259586,-0.4154343441387679
-10.655106738446449,-0.430016522367048
-10.674415231011455,-0.44359784216151293
-10.694625159827469,-0.45737119628442263
-10.713663277040112,-0.47197806333499975
-10.734654142266873,-0.4851718154706401
-10.755915718326094,-0.49740665074526663
-10.775866402665837,-0.5099541558638556
-10.797353704699507,-0.5219180770887781
-10.819872139558198,-0.5322849693832126
-10.841337026063089,-0.5430269352813638
-10.86472150608383,-0.5538314486467407
-10.887765601459439,-0.5646655872029803
-10.91139690918701,-0.5742575595053464
-10.93587396259194,-0.5842658967236266
-10.958694973550271,-0.5937063169639916
-10.98294932475119,-0.5999045288237153
-11.005702946629121,-0.607020317516755
-11.026377004961773,-0.6134588508700176
-11.047278327766755,-0.6181984121938977
-11.066750789993831,-0.6228946013167945
-11.084620513181198,-0.6275815519958967
-11.102082625044336,-0.6310219836051892
-11.117232623029354,-0.6321393006738771
-11.131443911051074,-0.6329973778906517
-11.145121976703527,-0.633990969723507
-11.15606120845916,-0.6327340891001585
-11.166978173583093,-0.6302159439650472
-11.176619906090826,-0.6290858442045506
-11.18212115138704,-0.6263779953118632
-11.189652979205679,-0.6214403962129367
-11.194610446320826,-0.6177860072535145
-11.196352990378497,-0.6138086869812297
-11.198790730686628,-0.6090896341760509
-11.198270734214846,-0.6040510517936767
-11.196070008886375,-0.5988350889991041
-11.193710306419664,-0.5939271883650664
-11.189208267461261,-0.587892763976627
-11.185520049317272,-0.5817428362468622
-11.180190011237157,-0.5765555299244196
-11.174194161964566,-0.5693192409036786
-11.170114549698056,-0.5622936038809941
-11.16322425909315,-0.557108232696431
-11.1571172159793,-0.5498224588108406
-11.152877327415363,-0.5433212696833205
-11.146201795388489,-0.5384350692444002
-11.140050665108058,-0.5335182050665002
-11.134996674751024,-0.528146605334723
-11.12950670070852,-0.5228870216873543
-11.124269205560998,-0.5191681369444454
-11.117708505627517,-0.514810509078785
-11.111748570473917,-0.5099407151490268
-11.108236072617451,-0.5060573808929807
-11.101656061381238,-0.5034855232095794
-11.096692999211553,-0.5003705891905731
-11.095111107561536,-0.49740722620216427
-11.090875299406182,-0.49583363496785027
-11.087863181901485,-0.49476655928561813
-11.087571154675798,-0.49381256038043464
-11.085825916088867,-0.49348192336721153
-11.084654913524787,-0.49345260309897016
-11.083672391154535,-0.49329130212395755
-11.082938741544918,-0.49216617119833483
-11.081897800597606,-0.4911858875788055
-11.079632790301684,-0.4897730627738167
-11.078005289522237,-0.4874071560185885
-11.076786521003287,-0.48551801768474345
-11.073619565203403,-0.4835672587611779
-11.071752592517168,-0.480324857128028
-11.071413320584266,-0.47712812416679073
-11.066884129234419,-0.47511041149932093
-11.064038430122725,-0.4727153815964846
-11.061884081414435,-0.4703428038346908
-11.058366258877973,-0.4700605426259367
-11.055796809024693,-0.47037059604417414
-11.053118311404463,-0.4708681001374356
-11.053368359934653,-0.4698121198560241
-11.05284315822496,-0.4694413677085032
-11.050620716893421,-0.46910668661636207
-11.052438319970632,-0.4674583117651058
-11.052949758624994,-0.4665482189895554
-11.050896631162002,-0.46598124045569295
-11.05264256606008,-0.4652533891478023
-11.053581720993925,-0.46439410328132713
-11.053539951516598,-0.4637080540108487
-11.055760857203063,-0.4628927737168324
-11.057865709332718,-0.46161220295487304
-11.060086518530879,-0.4597056293194217
-11.060938063458034,-0.45799906635776
-11.062347136060625,-0.45545333577599895
-11.065027035783306,-0.45313677099522687
-11.06394149614515,-0.4512976286675357
-11.064299663098803,-0.4483367963681258
-11.066292378050916,-0.44547902763538494
-11.06355060800116,-0.4423795645075603
-11.061952495074628,-0.43845815477565425
-11.061627386427851,-0.43370171694739573
-11.058616425116602,-0.42836978042680224
-11.054817712408074,-0.4238947890218514
-11.05094557891051,-0.4191872634379438
-11.046825186163645,-0.4133846952458948
-11.042899788998934,-0.4081296996250995
-11.03618210022089,-0.4044182599538665
-11.031071088438807,-0.39956902619505125
-11.027081286730587,-0.3940427536291635
-11.018617771744747,-0.38956992835543275
-11.011619339290592,-0.3850812277361953
-11.00643065429236,-0.3789444445628231
-10.997746496100714,-0.3727589084498031
-10.989957706017794,-0.36702787145848154
-10.982523171696432,-0.36129021057885374
-10.974318438589343,-0.35497204317648395
-10.966463084044888,-0.3498802828775141
-10.958482347161766,-0.34513272509473675
-10.950866852079134,-0.3402199470362036
-10.944574627885393,-0.33548822247833043
-10.936866490632221,-0.33294694029870936
-10.930895249961461,-0.3300623940154482
-10.92647094749494,-0.3277518972505747
-10.919597664054152,-0.32637905137865436
-10.916414259926922,-0.3247873617788839
-10.913780720791944,-0.32209169207013477
-10.909620829756529,-0.31979395243714737
-10.906860403803934,-0.3169021691676031
-10.903612841466247,-0.31293923277376506
-10.899902760039629,-0.3077461834412759
-10.89511306390845,-0.30459204961673
-10.888938944159241,-0.30191199274977415
-10.884846783780818,-0.2971965323868312
-10.879071554907824,-0.29366453774640355
-10.871385510409338,-0.2910080526942033
-10.86624421482119,-0.2869696889563715
-10.858579996625636,-0.28196532025438364
-10.849614369007302,-0.2777059247562801
-10.842174823983463,-0.27325279812378456
-10.832629161150642,-0.26775552608941156
-10.822991606694908,-0.2625281165919126
-10.813921082857602,-0.2583190340800723
-10.803939788659338,-0.2545098316781551
-10.79452971920054,-0.2507334616532768
-10.785231023397495,-0.2486608288587326
-10.77610831394575,-0.24719344695341988
-10.768341646001844,-0.2449609025563388
-10.75963296893941,-0.24378631302951517
-10.75245447479309,-0.24306101025061255
-10.746566325882602,-0.24151865435997974
-10.739489913109983,-0.24052928077344482
-10.73291840269444,-0.24041399120137635
-10.728720369182303,-0.2397522199305161
-10.724146050616831,-0.2381190993939177
-10.720890800407151,-0.23687924020343692
-10.717444622820162,-0.237259024899621
-10.715038433177371,-0.23590389853192675
-10.714305716035723,-0.2337266106112608
-10.712932676956509,-0.23258990544877473
-10.712268275917703,-0.23125969543813585
-10.713246551769613,-0.22819914204978825
-10.71404330857859,-0.22644430938968702
-10.715857015980012,-0.2260526646634089
-10.71875191067166,-0.22475273206747787
-10.722030636903092,-0.22321167280818355
-10.72629357668591,-0.222469773792681
-10.730531340679814,-0.22112106608312615
-10.734979173812853,-0.21994453834231417
-10.74154147777377,-0.2184998433858378
-10.74645554986443,-0.2177921141347724
-10.751714612419187,-0.21616285417819234
-10.759566484457428,-0.2139609307462467
-10.765068067855118,-0.21337330632344473
-10.772600892234372,-0.21159484265476913
-10.781466907936423,-0.2093592254001892
-10.788841178769298,-0.20921064730465616
-10.797865310457814,-0.20870286902114807
-10.80772461947796,-0.20831058904628733
-10.818113702897135,-0.20781070383570657
-10.830399068039705,-0.20850258515846953
-10.84192929056464,-0.2086568764624221
-10.85486770769806,-0.20796373341551938
-10.86919560225454,-0.20837246918912886
-10.881700702499804,-0.20986186957918512
-10.895443819017892,-0.21055080948812008
-10.910947401592027,-0.21139098937081963
-10.926027734330077,-0.21401292216391546
-10.94224866349252,-0.21672162662940678
-10.959577877905373,-0.21906733319996796
-10.97750790988748,-0.22199416597976834
-10.995684256021859,-0.2249660567167572
-11.01285998797822,-0.2279818413103374
