x,y
4.996045583114255,-4.936139074079516
4.998770467925189,-4.934484990438971
5.001351605541236,-4.932687024966653
5.003946257938589,-4.930880263962338
5.0062524449963535,-4.929516783998947
5.0084930864442105,-4.928087632511131
5.01086303074243,-4.926574245469094
5.012973248610545,-4.925460153388758
5.014955131208958,-4.924217092805013
5.016699669068362,-4.923128648398121
5.018457878517744,-4.922065543758946
5.020185773062396,-4.92104731787348
5.021918240136149,-4.920212163142473
5.023665232557383,-4.919470386138847
5.025457459919145,-4.918773223413565
5.027214662711877,-4.9184609725769874
5.028524049463394,-4.918440429316672
5.029962138740858,-4.918286210736245
5.031426635404048,-4.918120900608969
5.03297415720014,-4.917901511129527
5.0345209867144565,-4.9178674912397655
5.0360322859424045,-4.917971606537464
5.0369798018378225,-4.918442821333063
5.03794298751596,-4.919121090946233
5.038789883712656,-4.919932143138693
5.039645317092226,-4.9207715773442695
5.040579703425432,-4.921899874300372
5.0415354337408,-4.922956915616165
5.042008112139891,-4.924519875046053
5.042623737162855,-4.9262552006356986
5.04301585044489,-4.928168286082774
5.043332769721825,-4.93011723226195
5.043981065071367,-4.932288124776284
5.044490746985413,-4.934340317129729
5.044706092813543,-4.936684468576518
5.045004324125404,-4.9391444777613565
5.045284306196012,-4.941585143636978
5.045358426204764,-4.944075470220766
5.0452601124476795,-4.946831403354536
5.045499362874037,-4.9496283451393435
5.045617851705614,-4.952276982237544
5.045598267455677,-4.95513839618021
5.045519330576643,-4.9581880447873665
5.045245085044242,-4.9613049519472705
5.045012543467694,-4.96445006861779
5.044674701285033,-4.967756340861453
5.044364037580992,-4.970872291737338
5.043667334118811,-4.974484760398714
5.043173300503527,-4.977977444903741
5.042404987192017,-4.981555227354674
5.0416467341106825,-4.985179742029015
5.040848901966142,-4.98882130150859
5.04014560496801,-4.9924943281811505
5.039272515098383,-4.996345045473906
5.0385798546152385,-5.000212042398718
5.037728444512946,-5.004234402369356
5.036658524107228,-5.008507700760953
5.03577613550826,-5.012685352693148
5.035051335606616,-5.0169648155770545
5.034267058146405,-5.021276014753635
5.033874241575409,-5.025978191282538
5.033658695807671,-5.030782172973716
5.033194602075867,-5.035560823024287
5.032462005968928,-5.040636932862358
5.0317625586172685,-5.046036217158558
5.0312907131595646,-5.05108318894604
5.030820686785348,-5.056128363950556
5.030442179072452,-5.061264183653662
5.029970679516186,-5.066543188379584
5.02915068203707,-5.072046650155865
5.028366525996641,-5.077584877931504
5.027688950305165,-5.082957502482782
5.027376445617371,-5.088093664976743
5.02699529812667,-5.093160641767509
5.026845272831357,-5.09786920867267
5.026473313129867,-5.1027212761028125
5.026098558687083,-5.107237863462025
5.025433249017577,-5.111811659542101
5.024972694611663,-5.116253038547552
5.024381436357898,-5.120489304152339
5.023863444822165,-5.124396034610004
5.02409740589122,-5.128909591621938
5.024201473250498,-5.1330742131172995
5.024322821302717,-5.1372120545184154
5.024544012491199,-5.141153100962182
5.024669682658271,-5.144987832227401
5.024573623679998,-5.148601456329696
5.024670232514464,-5.1520566229618705
5.024946209357415,-5.155297505512605
5.024964788434222,-5.1582829669761585
5.025100702945086,-5.161071932785106
5.025493495685489,-5.163575453468976
5.0256434389058295,-5.165838066546981
5.025939955817619,-5.168018029102456
5.026240289493959,-5.170139283033575
5.026465140863562,-5.172185786540754
5.026614382504445,-5.174230350429739
5.027335253578701,-5.175657458119364
5.027828965182962,-5.176859280875372
5.028527309306252,-5.177941815919401
5.029262126618477,-5.178946827217859
5.029927870227908,-5.179883351020872
5.030628392710862,-5.180731183593889
5.03159844218806,-5.18133729683168
5.032471693899608,-5.181847361665362
5.03369267234307,-5.181991097603206
5.035502303916111,-5.182413939417623
5.03708340970888,-5.182859169347831
5.038545216675929,-5.1832410482854785
5.040026764252572,-5.183592585774524
5.041189917169479,-5.183474028889215
5.042193999642085,-5.183197488551774
5.043508833627378,-5.18256202467225
5.044863008655939,-5.181775394067786
5.046101905725175,-5.180585524512215
5.047277746918954,-5.179493753463144
5.048527285041385,-5.178354639417477
5.049576428539376,-5.177016175267533
5.05084650629646,-5.1754644185745295
5.052319096587769,-5.173793555751354
5.053592507796695,-5.171924220175924
5.054723401703257,-5.170181016807814
5.055753792797839,-5.168491544311029
5.056766867764083,-5.166784338772932
5.057806653643737,-5.16518179633193
5.058905555219558,-5.163646641975737
5.059829078334126,-5.162268567788254
5.060811234882995,-5.16101380153497
5.061945136434618,-5.159580123010183
5.0630305550155725,-5.158172566546352
5.06426801932594,-5.156806175389251
5.064603873485951,-5.154534861991883
5.064731591458313,-5.152464015184474
5.064855228424654,-5.150412054790016
5.0649576361015525,-5.1485061940319445
5.065076896815099,-5.146567539766075
5.06517659715488,-5.144609206926825
5.065373495457424,-5.142623056064074
5.06560389301573,-5.1405204119071755
5.065853887591725,-5.138437059144149
5.0661265532930635,-5.136460618072065
5.066259580574666,-5.134587204334802
5.066401728747616,-5.132722649678372
5.066635440797895,-5.130787619805064
5.067085745923255,-5.128569309192154
5.067490109455124,-5.12630492533856
5.068011292440917,-5.12401592370932
5.068208281319672,-5.12195925126414
5.06845128601504,-5.119948219406033
5.068725875794909,-5.117904662638793
5.069082538980282,-5.11575468826802
5.069398704138001,-5.113564063317076
5.069810188232408,-5.111378312066286
5.070160071260806,-5.109110925543138
5.0703306291864205,-5.106918782208699
5.0698008150883425,-5.104427042623763
5.068804965826901,-5.101462208256538
5.068062318692909,-5.098276914118143
5.067280883293042,-5.095257480709351
5.0666367884119055,-5.092121854635814
5.065811568790874,-5.089102878124849
5.064936443585694,-5.086167626182919
5.0637568806355855,-5.083587286876181
5.062601284056904,-5.080867786474075
5.0615996920430995,-5.078226569037065
5.0605839323136195,-5.075593788753008
5.05958107756541,-5.072941357402394
5.05868031001145,-5.070345012599909
5.057549039851281,-5.067897393564752
5.056343227492307,-5.065344481301273
5.05513330260825,-5.063031432830866
5.053880664317564,-5.060745943094073
5.052602026869724,-5.05846408427652
5.051397487833141,-5.056055879490148
5.050278699282467,-5.0535922721993725
5.048803228728102,-5.050473342761449
5.0472130995335585,-5.047239820986535
5.045765804935513,-5.043962114327574
5.044146551979215,-5.040876099190888
5.042437652540069,-5.0377004209787595
5.040691608831758,-5.034521888277813
5.039284897753036,-5.031513558346374
5.037729148825151,-5.028168445355055
5.036210769057845,-5.0247526057017
5.034614040102523,-5.021387357498677
5.032860222436073,-5.017925843254881
5.0311579197967315,-5.014773178160845
5.029387841064028,-5.011664268177722
5.027420184066248,-5.008623039484624
5.025603601378518,-5.005554041259799
5.023578910618885,-5.002619832257699
5.021435385708035,-4.999528860018764
5.019369685272842,-4.9966836881336905
5.017209443635374,-4.993899745549111
5.01484371189813,-4.991313275493332
5.012623464614152,-4.988813780971738
5.010157833766578,-4.986473515195553
5.007561859784372,-4.983935338691861
5.004860821937143,-4.981640465063365
5.002212811990728,-4.979247646766627
4.99898542426759,-4.976425700659936
4.995839829774695,-4.97368562959974
4.9926154876465665,-4.970996999441716
4.989286517096725,-4.96846969295548
4.986050252120231,-4.965779824405936
4.983127783446207,-4.963779426300715
4.980374046288251,-4.9615197348091264
4.977377824081342,-4.95923946382278
4.974416856247619,-4.956936314150757
4.971268126365392,-4.954824602190415
4.967977166820711,-4.952422851785864
4.964629727215738,-4.950026348248901
4.961474471190915,-4.947448446748086
4.958058298627854,-4.944609452459216
4.954808085114984,-4.941688233603721
4.951591458319902,-4.938727997932521
4.948111996388666,-4.935504765716965
4.944627444488015,-4.932300275639625
4.941107454729104,-4.9292258858953675
4.93733295428212,-4.925896881087808
4.9338558254864635,-4.92228812716922
4.93056580676019,-4.918520568656381
4.9271011527389,-4.914578183787184
4.923752813871675,-4.9106280512344025
4.919447875418819,-4.906127495839272
4.915528057498989,-4.902230381823126
4.911584341626514,-4.89830935713954
4.907630153060401,-4.894347108567
4.903835121466358,-4.890211929857454
4.9000459265808365,-4.8860825381471535
4.896367248653323,-4.881905870565504
4.892726389987728,-4.877580941082498
4.889285871847562,-4.873456419988145
4.885670626520452,-4.869482946816929
4.8822452082501275,-4.865375059055134
4.879047579145185,-4.861227151701705
4.876009539065481,-4.856981059270276
4.872890770316878,-4.852642227270764
4.8698777145839545,-4.848321723573842
4.866765873788615,-4.844150726633541
4.8636200132707845,-4.840001513334808
4.860730091554709,-4.835897773549492
4.857880362337992,-4.831709696534365
4.855041996511632,-4.827507272966599
4.852309475762915,-4.8232629205533035
4.848362504140869,-4.817864084237714
4.844577852465739,-4.81235850352955
4.840928476123078,-4.806988483188922
4.837473044964933,-4.801504835189939
4.833875377807089,-4.796176965305255
4.83081542410951,-4.791386159557635
4.827907120638129,-4.786482460962161
4.825051786783518,-4.78154375497877
4.822035902566949,-4.776518023884018
4.818971367176678,-4.7717374356941935
4.816162062560907,-4.766787813068776
4.813098732520966,-4.762018805899569
4.810236353189444,-4.757309150980517
4.807667308716752,-4.7524048946361
4.805090903163155,-4.747435452582944
4.802798962709062,-4.74262429810889
4.800518146011436,-4.737805507698357
4.798207810755739,-4.733118266329577
4.796211793899626,-4.728810997653028
4.794186661789448,-4.724522983996674
4.792185612631078,-4.720307449937546
4.790635346664977,-4.716096156598853
4.78909460623783,-4.711878752959588
4.787680487776329,-4.70747830963186
4.785493130136564,-4.702309608742187
4.783088507444735,-4.697300715515655
4.780631383842864,-4.692362450417335
4.778449875028867,-4.687701577478076
4.776146955852404,-4.683061061488142
4.7746125361337,-4.679086327881382
4.773136572290734,-4.674952022009064
4.771784201806008,-4.670914532206632
4.7704691831114365,-4.666853121399003
4.769157894097232,-4.662992000954187
4.7681274599622245,-4.659119034178045
4.766924174965236,-4.655389310957002
4.765554247976085,-4.651847710997941
4.764060771434381,-4.648429648119985
4.762768093889967,-4.644820227911811
4.761574393872648,-4.641337020084425
4.760447671321555,-4.63792402755341
4.759234744505594,-4.634495637402718
4.758057742305742,-4.631225614707302
4.75677173627931,-4.628097780567859
4.755628480354252,-4.624756702028824
4.75454112795656,-4.621330187877059
4.75346922994577,-4.617900614577044
4.752447103472445,-4.614419024487118
4.7515074018082135,-4.611020894839793
4.750105485066533,-4.607310096884636
4.749950613531422,-4.604735874444447
4.749749382620959,-4.602157596391967
4.749448103493246,-4.5994787646848305
4.749323837710773,-4.596668170656489
4.749374538055986,-4.593653599529041
4.749417126296149,-4.590631185011749
4.749530192652851,-4.587649219670999
4.749405247688458,-4.584907240303697
4.749384063838977,-4.582270169489295
4.749410049411651,-4.579504959220803
4.749461495428899,-4.576678550831667
4.749638430005926,-4.573979155796392
4.7498903550296685,-4.57127658380414
4.749992721506774,-4.5687162113391935
4.750088196703807,-4.5662113628219485
4.750119078139469,-4.56376814453266
4.750242544700003,-4.56127428485251
4.750537717376544,-4.558607265675184
4.750903671603331,-4.555947700472286
4.751032529758414,-4.55339298179058
4.751059527309404,-4.550736750568015
4.750899575800076,-4.548338536199709
4.7507428511718945,-4.545993630832146
4.750654391732921,-4.543717994833665
4.751696598831669,-4.542451387864963
4.752742675845033,-4.541146501063689
4.7538500448978045,-4.539801091762904
4.754992047441513,-4.538528979382716
4.755965399834634,-4.537509107871496
4.757016134062428,-4.536772357505329
4.758135918875502,-4.536004726368291
4.7593550197815615,-4.535179598697839
4.760723843037844,-4.534462146148295
4.761852638898285,-4.533899618217267
4.762675293549024,-4.533542523311409
4.763635611392793,-4.533243724480881
4.764654758873178,-4.532919974848428
4.766027968921712,-4.532358598247052
4.767398994150147,-4.531969622134265
4.768626239156837,-4.531522699947543
4.769774275482523,-4.531261625362133
4.770815500369346,-4.531048920216677
4.771971642145163,-4.530952711697301
4.77314562630387,-4.530910261141896
4.774352466326459,-4.530940303324972
4.775584635628848,-4.530996069759018
4.776762254273593,-4.531020478461796
4.777804218954942,-4.531155088529548
4.778800172942857,-4.531243153502908
4.780128207048443,-4.53183675890601
4.781475712249153,-4.532417247157719
4.782846700324652,-4.533128165220414
4.784431493313289,-4.533827512258018
4.785930416061645,-4.534584322748769
4.787315986852609,-4.535489315155699
4.788666884392034,-4.53641770440265
4.789832213761726,-4.537470380720409
4.791150801089541,-4.53843568440132
4.792478500912758,-4.539456013820266
4.794069692924037,-4.540299617950291
4.795567889712908,-4.541183384893755
4.796900521922489,-4.542103079795909
4.798108296499041,-4.5431007650530555
4.7993328087999,-4.544164658777602
4.800890603371651,-4.545497451508538
4.802481510112779,-4.546933003745285
4.8040841238456835,-4.548346839472301
4.805294690947586,-4.550023076793895
4.806478013936621,-4.551627085072253
4.80781308558969,-4.5533180761144205
4.809336787424202,-4.554980000369855
4.810764196701172,-4.556808365005771
4.8123614894298505,-4.558797682359637
4.813753149896831,-4.560805089650072
4.815112191609219,-4.562929836869644
4.816563245455291,-4.565147805481502
4.817929104858664,-4.56742200231881
4.8191652276513555,-4.569554335206953
4.820644746149339,-4.571694746159192
4.821968294236048,-4.573606090658454
4.823114650165606,-4.575783646265465
4.8241441763427355,-4.578028749962523
4.82497350655898,-4.58020061849972
4.825999251611327,-4.582077052008825
4.827309768476133,-4.584022607059011
4.828601887999625,-4.5858040677609875
4.829962263474239,-4.587739171329579
4.831044623788889,-4.58991921420619
4.8318860330394156,-4.592147130863236
4.833191308666784,-4.594748273409503
4.834469975099189,-4.597324123497618
4.835841583407301,-4.5998731357199025
4.837223008074604,-4.6021823833331865
4.83877542671126,-4.604465081932508
4.84023350434871,-4.60676586706209
4.841536060439091,-4.609176390735626
4.8427471198703635,-4.611700288447056
4.84391775556713,-4.614379453762954
4.845201311248854,-4.616929775017449
4.846632809786356,-4.619452160180829
4.848028995906052,-4.621958393168024
4.849244263638603,-4.624474803730846
4.850334802269881,-4.627093000603156
4.851348873855396,-4.629762067442073
4.85228531689492,-4.632569607177009
4.853301892682337,-4.635399751899438
4.854356164007055,-4.638204774456215
4.855315373491034,-4.641010855602118
4.856337257813195,-4.64383460306049
4.857028104369148,-4.646878415477347
4.857779073034133,-4.649930283343245
4.858697320642076,-4.652948156150591
4.859683959259545,-4.655926095725641
4.8611249807388335,-4.659353866971374
4.862142723735778,-4.662678010147832
4.863261594002283,-4.666034512284958
4.864231513913317,-4.6694924822922
4.865420013676882,-4.672777394020094
4.866727421427134,-4.676032839854658
4.86787421652112,-4.679330867512572
4.86867625450997,-4.68285756598722
4.869748943318899,-4.6863936275384015
4.870570419690698,-4.689816516898214
4.871632545670655,-4.693079771499601
4.8727368572981185,-4.696348551496208
4.873813403167797,-4.699460231262519
4.8748333412969425,-4.702609361307672
4.8758874264479735,-4.7057651389277
4.8767314699698225,-4.708865170074675
4.8775723705708,-4.711967288281989
4.878545325991001,-4.714857753226182
4.8796503130150874,-4.717563703189115
4.880898874578562,-4.720174556529104
4.882004847494908,-4.7227387874703295
4.882949692261915,-4.725159038566112
4.883787621937218,-4.727650049002338
4.884519676013206,-4.730034318903258
4.885768138588175,-4.732754408475346
4.8872514363561725,-4.735267439577006
4.888449241940112,-4.7372575546939375
4.889520138778694,-4.739119758233591
4.8907042725912415,-4.740810266423318
4.891698968273484,-4.742626005201664
4.892549340663347,-4.7442962848224015
4.893577684741746,-4.7458946679755405
4.894705956539878,-4.747478278421526
4.895676690629831,-4.74890314062462
4.896666625207088,-4.750184751684008
4.897589838132341,-4.751443275260787
4.898359835068967,-4.752547396575828
4.89923506215936,-4.753622487472926
4.900148356361554,-4.754739095519838
4.901040889475322,-4.7558347987614535
4.901931059257302,-4.756932223148532
4.90289988965401,-4.7579103588498874
4.903761823652266,-4.7587807649138485
4.904576952650938,-4.759682193379838
4.905459280951577,-4.760481694897571
4.906330003943404,-4.761269492648276
4.90739225887232,-4.761931074149827
4.908719763246028,-4.762908932432191
4.909986499415123,-4.763994615785509
4.911097597810575,-4.765183183133592
4.911972109224551,-4.765749754683784
4.913025057100778,-4.766090012894349
4.913943363201806,-4.7662945288018825
4.914962497720836,-4.7664758392827
4.915772785622468,-4.766823121937743
4.9165016587074595,-4.767282178709013
4.917359294447672,-4.7675454467533305
4.918590370011729,-4.767562589796106
4.919691893880946,-4.767449040022612
4.920925195180662,-4.7671351208797335
4.921915419821524,-4.76698144705075
4.922798284594254,-4.766719456385474
4.923567611916923,-4.7666302928695155
4.924565477773247,-4.766390537700541
4.9255329728482415,-4.766120041947562
4.926679180153402,-4.765577684421183
4.927785510473294,-4.7650616225311175
4.928820929209924,-4.764473909178855
4.929640029492294,-4.764215509575623
4.930544407387084,-4.7639009389955564
4.931622971167035,-4.763760951170773
4.932738967919399,-4.763640066020336
4.9339865817935165,-4.763432510496443
4.935296609902946,-4.763141126568876
4.936059714868602,-4.762304460650761
4.936788506763046,-4.761542776811058
4.937347979806006,-4.760913800312657
4.937907725593632,-4.760285005799099
4.938560142018216,-4.759656618738545
4.939085927231446,-4.759256211412738
4.939590935224104,-4.758834714346703
4.939711746302515,-4.758666386457786
4.9399177649651795,-4.758368328529483
4.940286409700456,-4.758234449178193
4.9409123391233125,-4.757931030959364
4.941330132624569,-4.757944581431463
4.9419490664546375,-4.75816122035698
4.942214208180372,-4.758611036545141
4.942564798687236,-4.758930784772632
4.9430693225726605,-4.759405988130969
4.943559821312783,-4.7598904602803245
4.944102556443655,-4.760295419275691
4.94463916570034,-4.7610908162013015
4.9451480317167364,-4.761827319409265
4.94555818662877,-4.762714159515774
4.945863265656049,-4.763615564730465
4.946271932977847,-4.764712363962424
4.946448016467771,-4.765441434602784
4.9465048614744225,-4.766104438547559
4.946756248351589,-4.766829128462656
4.946666231684066,-4.767731687873218
4.946372255942503,-4.768768520766827
4.946230096749012,-4.7699585483371
4.946175178316255,-4.771015581762942
4.946409850686807,-4.771881883308409
4.946627111400484,-4.772730576293974
4.94680750356554,-4.773635393140041
4.946625309648315,-4.774778836381712
4.946458466402214,-4.775937674233118
4.946308221714098,-4.777230995715199
4.946297039294547,-4.778435795944823
4.946223609503085,-4.779814697464405
4.94627722113879,-4.780999885723553
4.946249145151511,-4.782329544605017
4.946357530457646,-4.783581517681486
4.946245278023649,-4.785169748137329
4.94615978666661,-4.78668080058812
4.946248422636093,-4.788366009189165
4.946370838938495,-4.789950347895549
4.946369699388267,-4.791591243468094
4.946190148249583,-4.793053096175048
4.946185873530021,-4.79434967002755
4.946055739131902,-4.795741646413641
4.945746895966687,-4.797100054116385
4.945622028512713,-4.798503623117135
4.945374061370453,-4.799826882459475
4.945118778983318,-4.801161271863602
4.944920119423766,-4.802580708318443
4.94460135881476,-4.804151798609423
4.944532943107256,-4.805340943215378
4.944624843276906,-4.806547279873519
4.9448186210651,-4.807602779546866
4.944856581990744,-4.808895913414248
4.9447847814420225,-4.8102687162147975
4.944657482807636,-4.811790979257312
4.944703141639683,-4.813049232393524
4.944698239052315,-4.814132752650569
4.944959232611191,-4.815149622772471
4.945254290110527,-4.816114413565492
4.945270284488052,-4.817098021212356
4.945371753242533,-4.8181372861353635
4.945596687356414,-4.819412439275709
4.945845832276068,-4.820398158672556
4.946287115218326,-4.821334738318266
4.946874524029081,-4.822241149133343
4.947663806070679,-4.822902175032265
4.948246899188284,-4.823436110007118
4.9487396631968705,-4.824016402392733
4.949322241898375,-4.824576137883061
4.949864827295019,-4.824973138757342
4.9505130544101865,-4.825344987454667
4.951428667640175,-4.82547982825144
4.9521280221434765,-4.825396919896426
4.952732499898587,-4.825408551111658
4.953216979599989,-4.825505128277031
4.953673812608243,-4.825573855137807
4.954257061488863,-4.825568987813559
4.954984697453566,-4.825521156831063
4.955625738346462,-4.825386070413688
4.9560931636729295,-4.8252848765488086
4.956602675750643,-4.825114788695547
4.9572245810237705,-4.82482151488381
4.957905206094542,-4.824545885249637
4.958414650211131,-4.824393889544311
4.958967195433065,-4.82449817228778
4.959468824498933,-4.824545453032133
4.9600395311359184,-4.824577668052642
4.960468672222957,-4.82446844048953
4.961057884460452,-4.8242541866582584
4.961603471251742,-4.8241066346636226
4.962308677504272,-4.824119839748315
4.962687814633843,-4.824347020969902
4.963066050491379,-4.824575607431685
4.963493452423907,-4.8248537223695305
4.963883303549725,-4.825156490528771
4.964483716223063,-4.825382715619381
4.965056013393694,-4.825500036643109
4.965633581016316,-4.825613903676001
4.9661012006240135,-4.825785094906147
4.966443790239876,-4.826040731495016
4.96664313729892,-4.826390348510721
4.967028332857669,-4.8265834579357625
4.967570080397594,-4.8264607655477
4.9682546406622645,-4.82621966392803
4.968764222889094,-4.825980403402762
4.969292321825447,-4.825869363391707
4.969847110727903,-4.8259077743484635
4.9704171445965155,-4.82577003413219
4.970827065682663,-4.825708196883844
4.971442641450452,-4.8255533003329
4.97208937730541,-4.82526617908536
4.972346099327667,-4.824981771890535
4.972522438969015,-4.824722152605503
4.972591421181606,-4.824499429451812
4.972579041122827,-4.82419468521521
4.972476758985135,-4.82406201090985
4.9724295724884975,-4.823904216669727
4.972349011967716,-4.823889043510529
4.972302024717105,-4.8238133406879165
4.972160466120461,-4.82376505367053
4.971872371192422,-4.823804492556964
4.971344297259533,-4.824062986140691
4.9709334750713765,-4.824439705585267
4.970655358868608,-4.824664137747533
4.970387831455398,-4.824875440672691
4.970040037812167,-4.825005869513427
4.96942041445902,-4.82543192738098
4.968781519707775,-4.825688831848694
4.967999353821829,-4.826098298972119
4.967331019402479,-4.826487498991951
4.966635448470986,-4.826918309215084
4.966091838112199,-4.827298898849007
4.965492380036831,-4.827828362636383
4.964979144024091,-4.828226039297665
4.964112279209071,-4.828570900909699
4.963505557556214,-4.8289201372168336
4.962829069096075,-4.829376000116102
4.9621351770920485,-4.8299148074233855
4.96137440627577,-4.830557977093857
4.960742457518493,-4.831004297296453
4.959905228705261,-4.831499670666319
4.9591725973587675,-4.831899423155558
4.958431752178125,-4.832311749241256
4.95786438033199,-4.832729360761925
4.95723522260375,-4.83316239194955
4.956585263649125,-4.833627223836631
4.95600756289365,-4.834144323772712
4.955269397719661,-4.8344806125956215
4.954565803459869,-4.834813379877073
4.953823085401607,-4.835106762264226
4.953284698687232,-4.835266108915523
4.952373789345508,-4.835558665346663
4.95133027040186,-4.835861360050502
4.950173046693457,-4.836263377209337
4.949166594533721,-4.83652837767746
4.948076112855238,-4.83670886532037
4.9470091217776675,-4.836706899960839
4.945775826419092,-4.836947442844705
4.944604023051733,-4.837119836826633
4.943239551334533,-4.837376759142088
4.941836068619602,-4.837607603760494
4.940554397576291,-4.83756715413846
4.939477320021496,-4.837392436435405
4.938312484088931,-4.837351650295379
4.937236720972925,-4.837400454979035
4.9359749384152005,-4.837571327222147
4.934646468332585,-4.837827148627496
4.933378464534668,-4.837967446174071
4.93224904613519,-4.838016772263306
4.9312085188740395,-4.837983188015115
4.930251628320497,-4.837798170094553
4.929465252218295,-4.8375012151740275
4.928519339574786,-4.837349636989463
4.927404001580074,-4.837217519519564
4.926293167681566,-4.837082400839851
4.925152792149311,-4.836918433161456
4.9242184944783896,-4.836440033837104
4.923310031112748,-4.835986986145748
4.922592740626825,-4.835408371678846
4.921727971211282,-4.834971662369214
4.920891591710342,-4.83460584995812
4.919778726845845,-4.83442158030757
4.918579123429996,-4.834198363025494
4.917501961736189,-4.833980803692211
4.916716345361183,-4.833475748608507
4.915733849746551,-4.8332257705646136
4.914984161331098,-4.832987976872106
4.914014900866225,-4.832894437910927
4.913324429401896,-4.832760617380285
4.912500548687749,-4.832813176524586
4.911890883389937,-4.832825640237288
4.911295464842741,-4.83285761074631
4.910727788143859,-4.832850674651375
4.910068535872612,-4.832920695199042
4.909368264228174,-4.832937726597236
4.908576742464542,-4.833095701161186
4.9077346617698305,-4.833223257821764
4.907102810312906,-4.83346670669513
4.906685079184152,-4.833492693470583
4.906191420915118,-4.833442428172711
4.905440065147149,-4.833656981016729
4.904927563802898,-4.833944266642228
4.904430231969977,-4.834246740902945
4.9040444854105125,-4.834453021399351
4.90383748973015,-4.834579817815246
4.903428104354987,-4.83450346583902
4.902816046567592,-4.834628105966467
4.902172400114136,-4.83469855034136
4.901521653425501,-4.834761853347886
4.901011002865205,-4.8347565510988915
4.900611930563093,-4.834729408876994
4.900219279777002,-4.834708715284647
4.899754885982964,-4.8347174781526014
4.8992017685236835,-4.83474181525105
4.898530909152294,-4.834647998913933
4.897932031176062,-4.834571070055313
4.897454606367434,-4.834362227907361
4.896994065011452,-4.8341702875741
4.896488949249833,-4.834146026860914
4.8959746517734635,-4.834135751586888
4.895362547993212,-4.834205400945522
4.894694207249362,-4.834296009404829
4.8940545729193214,-4.8343429128320015
4.893352230992531,-4.834588120925146
4.892747011435086,-4.834944098694338
4.892364511268875,-4.835236304346183
4.891874350482011,-4.835600840301242
4.891412144098195,-4.836034676716465
4.891066948547114,-4.836279134681382
4.890849195433612,-4.8363614436843
4.890748398253855,-4.836291780452618
4.890748453567348,-4.836201912941832
4.8907124659316965,-4.8360277756644665
4.890420101401831,-4.835909364145351
4.890128438113454,-4.835789909052855
4.889844206026979,-4.835226090013915
4.889545453283806,-4.834475018542763
4.889398978291469,-4.833733812976265
4.88886285896325,-4.8329218250065695
4.888258738631592,-4.832154438268058
4.887498530509293,-4.831280726668214
4.886617212706892,-4.830280308601256
4.885878708280851,-4.829185779970759
4.885224879444669,-4.827936603948827
4.884675119332258,-4.826803620779745
4.884129501695108,-4.825667745676317
4.883613693503047,-4.824583172356823
4.882993044139298,-4.8234885020525375
4.882175775328089,-4.822523041186679
4.881701101955154,-4.821434214967819
4.8813010945264805,-4.820141761078586
4.881024391012912,-4.818768049826938
4.880780768583582,-4.817574836227753
4.88047897168772,-4.816389914678921
4.879885278774478,-4.815397069819508
4.879516856388555,-4.814629679582386
4.879242454169695,-4.813758750087381
4.879163913807384,-4.812758830043477
4.879208372625638,-4.811732607052152
4.87915941430895,-4.810745651931376
4.878782203114064,-4.809713459737824
4.87864052915877,-4.808692151411018
4.878302493988464,-4.807526479020263
4.8781192948142404,-4.806286711962287
4.877987240891691,-4.804952805730475
4.877921139276129,-4.803318827768695
4.877768199259145,-4.801764044991683
4.877539098115803,-4.8001258517781435
4.877297120007307,-4.798296568058066
4.877105363462168,-4.79648501594201
4.876951375993718,-4.794533006670321
4.876870277582329,-4.792494565092909
4.877022123371816,-4.790223006347855
4.877251738478058,-4.787767701369252
4.8773645461204795,-4.78522390868845
4.877311599614036,-4.782870900728855
4.877271298318719,-4.780530459566729
4.877338668631637,-4.778047740910212
4.877410796220478,-4.775673505636887
4.877410940832775,-4.773226694664191
4.8771747483000505,-4.770999209801664
4.8767833582788045,-4.768828194418059
4.876545374601673,-4.76681138000538
4.876540666460112,-4.764581671287169
4.87608825048429,-4.7621863796803865
4.8758518181931265,-4.759787525849256
4.875465440821375,-4.757540919511446
4.8752773699851435,-4.754993407056719
4.87497293757652,-4.752646670120954
4.874742790586098,-4.750228649461633
4.874565345524083,-4.747920921002117
4.874603744840776,-4.745676216202052
4.874473665168921,-4.743506835593163
4.874341517589428,-4.741340638702955
4.874123438794952,-4.739151080786498
4.873846600863867,-4.736912892885196
4.873488552473541,-4.734797840145372
4.873208200071717,-4.732743528715191
4.87300998065592,-4.730747427490817
4.872687754782844,-4.728939290768826
4.872450253810494,-4.72713463776454
4.872087067295545,-4.725412777015049
4.8717428990293286,-4.723579600526188
4.871484331752364,-4.721832759582105
4.871521169139572,-4.719890458007111
4.871561226835171,-4.717943315939832
4.871471752536308,-4.71586560014046
4.870933067499339,-4.713470045866789
4.870306661508556,-4.7111832690817
4.869924367931933,-4.7086284970195385
4.8697176395435635,-4.706250913641457
4.869548822639388,-4.703838758475824
4.8694472903257555,-4.701765946551498
4.86936393664336,-4.699711542641157
4.869155936903829,-4.697855104897686
4.868991777842921,-4.696133398143158
4.868889972401064,-4.69441027495533
4.868983122515419,-4.692679573565289
4.8689810281856305,-4.691093066588589
4.868962813821298,-4.689673150295722
4.869012670247174,-4.68832438750578
4.868880570276174,-4.6872509900147845
4.868545458256093,-4.686207604380191
4.868344238303937,-4.685208635304083
4.868277591475706,-4.684006166877795
4.868269655598564,-4.682792163417612
4.8684373985137555,-4.681501344483894
4.86844275379858,-4.680456198111068
4.868205877869394,-4.679392042355617
4.868082627420185,-4.678351857461112
4.868095995938994,-4.6771051125279826
4.868035161078168,-4.67543725645691
4.868179364287264,-4.673468990746745
4.868200756612585,-4.671549510379228
4.868564862912715,-4.669953044862803
4.86862747426428,-4.668556672417377
4.868662258253668,-4.667132156329575
4.868630576786514,-4.665808100349099
4.8688625881221075,-4.664308936119418
4.8693478240984405,-4.663065732350579
4.870068791532528,-4.661466184946287
4.8704679054418545,-4.660080385079694
4.871042459141971,-4.658872087547374
4.871549456580385,-4.657783135717408
4.872287391135137,-4.656864483535821
4.8731570679483225,-4.655760536839484
4.874199983755835,-4.654605846263368
4.87520355488772,-4.653477343292325
4.876215966223789,-4.652165492735274
4.877229861245621,-4.651009699747805
4.878247482690906,-4.649851491068026
4.879264289510312,-4.648695046886428
4.880422998761179,-4.647662767949877
4.8815481996572565,-4.64658151923807
4.882518194757902,-4.645543457461416
4.883753518953315,-4.644332101365589
4.88494371354201,-4.643075280322167
4.886357528050502,-4.6424093649393985
4.887838840946358,-4.641698594698717
4.889129789211844,-4.641106325556429
4.890378007194971,-4.640532835370382
4.891692375819238,-4.639915396046341
4.89296403233559,-4.638981096428902
4.8941142769025525,-4.63814228551659
4.895335611129722,-4.637256250663078
4.896464021938334,-4.636365258786568
4.897489199875639,-4.635537663309236
4.898597764248397,-4.634654670378308
4.899684566083734,-4.6336875176014845
4.90085444717066,-4.63235994083824
4.902003335228752,-4.6310462985408005
4.90325248674703,-4.6295352082217045
4.90452940407382,-4.628139805954573
4.905757979389828,-4.626776518964872
4.906979220550409,-4.625715927822798
4.908310769930457,-4.624447311956552
4.909595704280507,-4.623388804538855
4.911029658412758,-4.622281076169262
4.912588749227387,-4.621254717881859
4.913963791265205,-4.620350650362167
4.915500352285727,-4.619768463279455
4.91737329194353,-4.61944140831892
4.919047312505433,-4.619422425891904
4.920607358828363,-4.619569914993214
4.922267096645336,-4.619566210676548
4.924216137822583,-4.619572284117965
4.926341643900491,-4.619454053086718
4.92837073760139,-4.6194814362032695
4.93032682059077,-4.619557927411828
4.932032036802497,-4.619399573385358
4.9335981845955335,-4.619451630835461
4.935281897326297,-4.61923744145603
4.93703574240003,-4.618719310427769
4.938747270334621,-4.618247957897206
4.94022131291346,-4.617535016051027
4.9416498570217176,-4.617037840958564
4.943001153999841,-4.616446898410478
4.944236944384999,-4.615689938451008
4.945510856706992,-4.614972328061847
4.9467827634826005,-4.614250704504953
4.948117806138537,-4.613388431765511
4.949406762093068,-4.612476724475057
4.950762840998673,-4.6113506464896625
4.951883955872351,-4.6102472730039405
4.952898267849125,-4.609274760236782
4.9536555582305,-4.6084936384277455
4.9546560622124645,-4.607744482180145
4.955969485506068,-4.6066624943077565
4.95727182649991,-4.605635190910548
4.958646296497323,-4.604667898071019
4.959883488185541,-4.603770904215136
4.960947361848565,-4.60311138880262
4.962167663987444,-4.602596224623055
4.963563348778384,-4.601891168754613
4.965112028163047,-4.601281221420716
4.966827116937879,-4.600564457725641
4.968424098561139,-4.599869589162072
4.969863463920356,-4.599368243257285
4.9712401176531555,-4.599078982528765
4.972481107679368,-4.599029201889832
4.973890526497385,-4.599113459142234
4.975297772896064,-4.599148423262466
4.976845817165161,-4.599236056246039
4.978286601650691,-4.599224391739833
4.979646140577475,-4.59907311610021
4.980906967417148,-4.599071533235843
4.9819869111943875,-4.598884340143411
4.983079944885012,-4.598571527624332
4.9841569757190065,-4.5982829743400195
4.985300024670341,-4.597842925408405
4.9861771782593785,-4.597203587204513
4.9870754440836205,-4.596477317603758
4.9878191734673,-4.595593227236067
4.988927926163198,-4.594466894884896
4.989816002251214,-4.59367551956115
4.990570835983831,-4.592747915272765
4.991000709926975,-4.592035932536267
4.991562778913851,-4.591123307375864
4.992238026024432,-4.590008197386111
4.992884866527089,-4.588946399244376
4.993399475308071,-4.588055639008655
4.994021636536541,-4.5872851278933
4.994566508364449,-4.586565896340874
4.995102279622568,-4.58579438927231
4.995664295989442,-4.58505033013296
4.996268062235713,-4.584214991856872
4.996927087101714,-4.583348022881768
4.997796136382342,-4.582695721373202
4.998472197447815,-4.582238776728586
4.999173588098942,-4.581665286938664
4.999788494213522,-4.581297302274782
5.00053374149842,-4.580850937151028
5.001140111129763,-4.580496762133741
5.001935677237577,-4.580089072106786
5.002699572873899,-4.579760690847465
5.003397343011677,-4.5794554189037315
5.004119070401212,-4.579390359198384
5.00464570671708,-4.579479357618741
5.005250122404222,-4.579469384436206
5.0058782644861095,-4.57949702330492
5.006649725266661,-4.579326584407783
5.007467255921881,-4.579203299427193
5.008483523666413,-4.578953173125541
5.0093753205577185,-4.578815683143926
5.010174499832258,-4.578583424461409
5.010754436782527,-4.578589690760719
5.01164950146774,-4.578275271090797
5.012407806415853,-4.57782511255434
5.013409389997627,-4.57712067150725
5.014363465698052,-4.576454389956143
5.01518094085343,-4.575648270226469
5.016018598214947,-4.574909879867746
5.016724141253481,-4.574105317419331
5.017478267870528,-4.573350472346837
5.018283774640329,-4.572561522263499
5.019153366477661,-4.5718277382311525
5.020201425957465,-4.5711021179085725
5.021147429731393,-4.570411519555507
5.021972161758105,-4.569905151305164
5.0227653765343225,-4.569527461423721
5.023694079981083,-4.5692160992689725
5.024573321560515,-4.568979884105743
5.025648063779381,-4.568698588978343
5.026548973199633,-4.568571914038026
5.027525542843096,-4.568330269847035
5.028384613716224,-4.56818929742923
5.029371442079002,-4.567936215209758
5.030371019179751,-4.567663744466543
5.031437801535891,-4.56747326145267
5.032553686940025,-4.567230150502022
5.0337326716251845,-4.56687936844109
5.034975878666083,-4.56643094932762
5.036066979323034,-4.566083446088982
5.037127297155446,-4.565704420704821
5.038141687253019,-4.565442774562365
5.039289885249717,-4.5651559526392775
5.0404437740040935,-4.564978448660038
5.041647974943955,-4.564556873096273
5.04287754257434,-4.564051138068444
5.044042790446234,-4.563624605029617
5.045094208924619,-4.563249517574344
5.046180193335576,-4.563121560233661
5.04720310678581,-4.563035419848896
5.048323390044908,-4.562864902016977
5.049561271915824,-4.562641819048245
5.050741323101013,-4.562457056503046
5.051856675485989,-4.5620940958434515
5.053055455304805,-4.561743840027809
5.054270349851178,-4.5613828648943855
5.055447629216909,-4.561005402658445
5.056692869971526,-4.560768167498709
5.057705689948103,-4.560485166690299
5.058637442049571,-4.560149525361312
5.059759098292142,-4.559912864185329
5.060764272805783,-4.559556643143176
5.0621201653830985,-4.558967826902218
5.063261423665386,-4.558705622031198
5.064529719509502,-4.558568998955983
5.065570833755493,-4.558583018728545
5.066687166412384,-4.558482523061536
5.067714612441022,-4.558290710614721
5.068930855790006,-4.55797371443132
5.070202775382763,-4.557571959122935
5.071529904878772,-4.5572269620217885
5.072779514304576,-4.556933353312752
5.0738441701648425,-4.556768931488942
5.074809052949781,-4.556603808248442
5.075886843162361,-4.556316013158158
5.07715671454166,-4.555798717077929
5.0785849727027585,-4.5552828306114055
5.079822432322602,-4.554822239053452
5.081022379176902,-4.554408787092419
5.08212424928867,-4.554140631298774
5.0832322410616975,-4.553804029981056
5.084461417917321,-4.553354079380137
5.085774019060461,-4.552768169961662
5.087263828362068,-4.5523569099146135
5.088732550209395,-4.551977809800489
5.089923870440151,-4.551782571082989
5.091171519641888,-4.5516457378806985
5.0925046440119415,-4.551572162861897
5.093804879132024,-4.551617700888564
5.095000772851497,-4.551732395705489
5.096317627267718,-4.551807035704575
5.097778105782613,-4.551864403130823
5.099184605484513,-4.551957514379705
5.100386671129083,-4.552191885230314
5.10152272303349,-4.552653819456807
5.102588249237052,-4.55316247948429
5.103668974818917,-4.553696064214881
5.10478812942149,-4.554178953753091
5.10588188027142,-4.554635679709988
5.1070599903119325,-4.554991130572188
5.108106372262233,-4.555496058448521
5.109052527885431,-4.555897745024901
5.110105078424955,-4.556233694797848
5.111109656145516,-4.556639221330032
5.112106322934003,-4.557036582713021
5.113057900247504,-4.55739703053282
5.11400363465105,-4.5577301501252565
5.115139028884462,-4.5578556315170875
5.116259571237324,-4.557772302123422
5.117229426053275,-4.55791905156238
5.118017243631972,-4.557931321802761
5.118848625786056,-4.557988442646973
5.119457475217021,-4.558177197243575
5.120367731119639,-4.558093573841875
5.121163103897044,-4.557891509045715
5.121992976522926,-4.557716812371318
5.122623908179805,-4.557732023354653
5.12332990042934,-4.557824566683234
5.123779278554571,-4.558145582880785
5.124296683863766,-4.558447693211882
5.1248669283380375,-4.5588042574889585
5.125574942197563,-4.558943778357171
5.1262582920561,-4.559018628995411
5.126965302696323,-4.559191374829314
5.127504840027755,-4.559619902860227
5.127957518551762,-4.560105913987366
5.1284797774263815,-4.560663656349525
5.1292103266914415,-4.560917015205101
5.129962719787193,-4.561173174899368
5.130764162495254,-4.561475004592417
5.131447376977824,-4.561880357138098
5.132118962442428,-4.562231566899942
5.132886599052109,-4.562681814837911
5.133533071853012,-4.562947231032242
5.1340979698297255,-4.563337252047579
5.134745557582312,-4.563649951582023
5.135203090946021,-4.563978294680082
5.1357150558890154,-4.564070338649968
5.13616244117871,-4.564095815632831
5.136913196837977,-4.563920674044962
5.13751445982704,-4.563973979810115
5.138070422651423,-4.563980575647456
5.138311672526656,-4.564195258885849
5.138751060761337,-4.564107082407823
5.139015388557331,-4.563838388711711
5.139588405844431,-4.563365590954136
5.140119528705173,-4.562853649174246
5.140604540513759,-4.562215824474797
5.140992911775931,-4.561486670463055
5.141269439485972,-4.560928464507059
5.14149518056415,-4.560216773695696
5.14195534543566,-4.559435902526861
5.142514028322442,-4.558504447312771
5.1431476327892005,-4.557639362241174
5.143681870800694,-4.556671660003368
5.144315242238083,-4.555705304335309
5.1448981687385045,-4.554852383654531
5.145178314568487,-4.554090772687045
5.145592142051957,-4.553459293139177
5.146126230622457,-4.552644002789852
5.146740175280168,-4.551659655955961
5.147467149873368,-4.550627219536461
5.148122609024689,-4.549812729308988
5.1485912770609445,-4.5490952858420295
5.149224042168928,-4.548305341222394
5.149867907422157,-4.547305678346052
5.150707912467717,-4.54628521585873
5.15169737206206,-4.545173557788708
5.152803635970798,-4.544079942420474
5.153650044571816,-4.543158248647208
5.154510232555323,-4.542250851882731
5.155373333787348,-4.54133898825342
5.156316658201351,-4.5403114356539875
5.157312248985382,-4.539202508673151
5.158392674331111,-4.537991722713733
5.159519763847532,-4.53672123790063
5.160528480588454,-4.535305038512261
5.1614117732630485,-4.534026770315492
5.162251852522591,-4.532788470179925
5.16299999501608,-4.5314527230628165
5.163835431753578,-4.530056140246731
5.1646292483190654,-4.528723181018051
5.165406137487854,-4.527319297860543
5.166061069880392,-4.525857582155612
5.166634817191934,-4.5245199586100755
5.167091067819505,-4.523282735330015
5.167713235507206,-4.522004753966838
5.16824382024866,-4.520866754526382
5.1690768848042135,-4.519592200926552
5.169682903475554,-4.518411501062818
5.170347063306449,-4.517141922850469
5.170824955949103,-4.515938829193502
5.171426925512581,-4.514592118697835
5.171928737020819,-4.513398478592476
5.172691351918075,-4.512244845179526
5.173248157862013,-4.511192147055258
5.173908322437718,-4.509981466943757
5.174506492788905,-4.508845593072759
5.175146020769088,-4.507744168105803
5.175753439778802,-4.506691818775012
5.176488531311398,-4.505742358478947
5.177108571453812,-4.504986270429553
5.177688125378419,-4.504292056574279
5.178212817747429,-4.503518209760278
5.178670582268636,-4.502675006044226
5.179036856020511,-4.501884004761571
5.179463470202736,-4.500989189183186
5.180113489257998,-4.500055494823392
5.180698992648433,-4.4992164209892955
5.18111181117863,-4.498436587164318
5.181365223903116,-4.4978787716197965
5.18164009792936,-4.497288160693844
5.1819737118890945,-4.4965118917022275
5.1824724931703905,-4.495652607529949
5.182779053286306,-4.495093799604876
5.183173285752256,-4.494696908983471
5.18324042350557,-4.494407632425187
5.183279530970719,-4.494035586789959
5.183260336412156,-4.4935323054093645
5.183427986276845,-4.492905211560701
5.183451949179518,-4.492133593277644
5.183290833965768,-4.491644800722211
5.1833396829152205,-4.4913715270831425
5.183101885097862,-4.491288213806913
5.1828643134354255,-4.491176721478207
5.182678720292995,-4.49120441062088
5.182441463026394,-4.491266339772314
5.1823450024199795,-4.491153131486001
5.182420295529081,-4.4911335008666455
5.18240747645934,-4.491172263913481
5.182332514601515,-4.491310625200861
5.182233376870611,-4.491499844093819
5.181949548126624,-4.49181145693126
5.181855320117931,-4.492042645343008
5.1819057100986345,-4.492088779210855
5.182228150848367,-4.491954614705002
5.182516453318814,-4.491768246610553
5.18279592550654,-4.4916556425068315
5.18274709694584,-4.491760600572507
5.18268584825857,-4.491969741830445
5.182747348025129,-4.491859542293809
5.182830860537564,-4.49152047598907
5.182910541773991,-4.4912454164694795
5.183180779450017,-4.49105735184594
5.183499572384407,-4.490668874544412
5.1837101715489835,-4.490499055171009
5.183830880651843,-4.490473644452132
5.184102648918099,-4.49029348168903
5.184404912531827,-4.490031267344119
5.184740837466066,-4.489569819584098
5.185078408833143,-4.489090855413324
5.185327644025105,-4.488553269234604
5.185538263812061,-4.488110047556874
5.185791693884333,-4.487587623118305
5.186095622473182,-4.487234947650395
5.186391276648172,-4.48702677784577
5.186833275723189,-4.486606550853688
5.1870806894905535,-4.486315297283
5.187362193974406,-4.4859058682691835
5.187665817116441,-4.485667227988529
5.187936881310241,-4.485450169619651
5.188190320529254,-4.485434483760064
5.1884852946003575,-4.485342554260478
5.188728254275388,-4.4852850945650635
5.188995810749361,-4.484996470354645
5.189287898846078,-4.484729272247512
5.189803964340136,-4.484347233817494
5.190028335239752,-4.4842597495365935
5.190261505132082,-4.4841814108515585
5.190416957090266,-4.4842001097344415
5.190757760195555,-4.484217645991193
5.191093820620573,-4.484135226213364
5.191264870958798,-4.483864619024938
5.1914967672524215,-4.483553681876845
5.191717606527449,-4.4832596455041624
5.191764185516119,-4.483013490297415
5.191899207552551,-4.482708706308425
5.191948002582578,-4.482635386909497
5.1919351711530535,-4.482300425343777
5.192017864399824,-4.4819021264812084
5.192116140513112,-4.481355964912724
5.1921665603033675,-4.48086900947419
5.192292704896185,-4.480331826071901
5.19234547970372,-4.479995433940762
5.192472727381712,-4.479585824398949
5.19246826907699,-4.479255288964071
5.1923545180588295,-4.478827987057222
5.192017664358661,-4.4785085749680915
5.191799239999241,-4.478062928141862
5.191708532271567,-4.477627600357454
5.191492432992539,-4.477440281248824
5.191577345754385,-4.477267832809988
5.191592715525054,-4.477236253271885
5.19142305897917,-4.477022085765684
5.190836946894285,-4.477252414884019
5.19045187042338,-4.477175552007388
5.190030646596174,-4.477074986512461
5.189712047688095,-4.477083973397132
5.1892628501633755,-4.477234650223488
5.188912599025839,-4.477488118170441
5.188361456198755,-4.477891200292176
5.1878216572321465,-4.478293793250334
5.187251595132329,-4.478664934330691
5.18660262906841,-4.479139188603748
5.186083001322443,-4.479475521053638
5.185558409165051,-4.479806687369691
5.184829295619523,-4.480396151951554
5.184066426274108,-4.48106778130887
5.183290443417475,-4.481725809220189
5.182529614278561,-4.482323969966807
5.182011214867031,-4.482671712269149
5.181395639581785,-4.482918573725914
5.180838235082033,-4.483167110129084
5.18014105604413,-4.483514700016322
5.179492461930415,-4.4839817347506115
5.178696614062462,-4.484299965795494
5.177829602918784,-4.484631776971581
5.177091023508149,-4.484775255093379
5.176510673400021,-4.48481457524617
5.1759287239196645,-4.484717145959256
5.175110663163715,-4.484747949642139
5.174162138644488,-4.484643386853665
5.173314249338361,-4.4845562514662936
5.172615014526107,-4.484375498738596
5.1719966507111685,-4.4840559227886825
5.171393638530668,-4.483523217482996
5.170813855615651,-4.483023102687489
5.17011022150236,-4.482417360711828
5.169339360631263,-4.481914132722958
5.168542618249874,-4.481428001581355
5.167781565395959,-4.480978920871277
5.167108474001507,-4.48039548342564
5.1663380530363145,-4.479590020515807
5.165570120373833,-4.478723950186093
5.164738364523765,-4.477942115291552
5.163847728017009,-4.477250023540213
5.162945045334566,-4.476741039231196
5.162309990072314,-4.476170282527293
5.16177405127378,-4.4754482581390205
5.161218284986328,-4.474604771279922
5.160677443277708,-4.473776760350957
5.159980007121006,-4.473040978366106
5.159150037423568,-4.472298612219366
5.158372831011818,-4.471610983158614
5.157871383342806,-4.470702652483537
5.157459369467791,-4.469797114634117
5.156938445599233,-4.468778576311737
5.156320605206104,-4.467822232779539
5.155736191107067,-4.46678873046633
5.1550593851413495,-4.4656593619895135
5.154472885938438,-4.464548658030467
5.153956416366498,-4.463384361842681
5.1534838620487085,-4.462265609447008
5.153122952188101,-4.460993971449154
5.152652039046919,-4.459847361305656
5.152085752882279,-4.458601752888252
5.1513362219311025,-4.457074610712979
5.1505934653351755,-4.455537070952771
5.149852868650217,-4.454064384712245
5.1491034981320425,-4.452510304119313
5.1482809238147675,-4.451067638296227
5.1475561629213695,-4.449609630093133
5.146613837296148,-4.448104049571176
5.145524339752709,-4.446689881342713
5.144525231511242,-4.445137996043392
5.143564175632596,-4.443625601604111
5.142879658807141,-4.44192916363245
5.142114872998009,-4.44049812751868
5.141053358967842,-4.439027717371351
5.139969811995097,-4.437664565474047
5.139082262514142,-4.436138067673544
5.1382413795820145,-4.434659995654773
5.137574722069253,-4.432987862138272
5.136787851369749,-4.431490930739212
5.135812017836616,-4.430020667841132
5.134881632741177,-4.428646391490373
5.13389660789854,-4.427244417627218
5.132924520031627,-4.425832953119153
5.131985545523258,-4.424407851129826
5.131070975958492,-4.42295727425261
5.130202644785458,-4.421554692926396
5.129041126062656,-4.419979956973474
5.12791563437574,-4.418667913432253
5.126677169096206,-4.41749574765492
5.125410277772339,-4.416294063815146
5.123997984620129,-4.415147049960414
5.122841084789892,-4.413709936680875
5.121801987728185,-4.412395168533534
5.120539451586999,-4.411361281727311
5.119321385482056,-4.410604539902165
5.117822305186525,-4.41006003341211
5.11648039804768,-4.409713559329192
5.115458561858009,-4.409087311114982
5.11436912616622,-4.408474050225288
5.113435522486771,-4.408134631641229
5.112364524721811,-4.407866460036164
5.111158187052219,-4.4079230204571545
5.109967406461515,-4.408001995168879
5.10869242181033,-4.408234742168688
5.107458753995975,-4.40852712098423
5.106353529313018,-4.408718194633496
5.10517251785977,-4.408971871132962
5.103828870733005,-4.409287281768092
5.102043968731574,-4.409391535216302
5.100256894048378,-4.409640900227031
5.09837997271052,-4.4097969143998785
5.096755239996411,-4.4101879226896274
5.095151477006822,-4.410547214127751
5.093424290939964,-4.410715835752655
5.09176897696443,-4.410924045155427
5.090010068763858,-4.411289374475806
5.088135213822628,-4.411651163420593
5.086512636266491,-4.4120374539724105
5.084885690926784,-4.412551594555631
5.083041157316646,-4.413273915736299
5.0812275412897705,-4.414063677910452
5.079381187968472,-4.414842366597996
5.0775359691087845,-4.4156193332908815
5.075606871442503,-4.416689844564754
5.073889366600144,-4.417849604344595
5.072157141883508,-4.419031721356423
5.070526078519199,-4.420361705020688
5.06871940024461,-4.421987169040864
5.067006157637948,-4.423471183753123
5.065286568308829,-4.424954874601974
5.063252019697042,-4.426648844077146
5.061346084078277,-4.42852404719581
5.0593642027724135,-4.430698861835023
5.05730966105081,-4.4329220699650485
5.055327104932337,-4.4352463025539315
5.053311400301671,-4.4375350265223865
5.0514104686467585,-4.440152850022364
5.049722507970294,-4.442755255797011
5.04795193996028,-4.445482763255918
5.046074342147549,-4.448287688985745
5.0445254939011415,-4.451101619137572
5.042781572041907,-4.4542109302554
5.0409029428352365,-4.457092794055545
5.039095496419891,-4.459931651319282
5.037143427865602,-4.462592559140593
5.035368834565807,-4.465134977000717
5.033476640110818,-4.467555912909413
5.031694289130488,-4.469969719121038
5.029861699243355,-4.472500760419285
5.027800702804742,-4.474796491744049
5.0255203432802205,-4.477258981268969
5.023627437584705,-4.479364831717386
5.021732699219868,-4.481468817406958
5.02014114303383,-4.483391933121793
5.01850336623517,-4.485393378773113
5.016784893709096,-4.487311864978297
5.014937770105569,-4.489304163108207
5.013266079338436,-4.491144936429547
5.011938591510312,-4.493330356196522
5.010736404983866,-4.495288513056619
5.0096163027202785,-4.4974115550101885
5.00854471557697,-4.499595706549043
5.007445512016089,-4.501762661232052
5.006443478141329,-4.504190992659556
5.005353381231256,-4.506563252848613
5.004326454588315,-4.508831479568257
5.003449165889144,-4.511143081587068
5.002559984494291,-4.513462498934089
5.001796280484826,-4.5155350386228195
5.001039213181184,-4.517718583506405
5.000149241695147,-4.519978750408543
4.9991795050913375,-4.5224142262703655
4.99836856761694,-4.52460909113073
4.997942670923858,-4.526547443190747
4.997418288827209,-4.528384649119163
4.996804771512945,-4.530356824373003
4.996072930520933,-4.5324076820241395
4.995496100935929,-4.534606576079735
4.994981546668559,-4.536807232902397
4.994518649359711,-4.539214798230715
4.99453263579068,-4.541305030359088
4.994504202780105,-4.54335183784714
4.99471705944778,-4.545033004359869
4.994897606818841,-4.546735647521156
4.994963441091484,-4.548320793948402
4.994948543632271,-4.5500283182066275
4.995152078547457,-4.551590610786056
4.995350145485657,-4.553147340796009
4.995660692984706,-4.554493828198789
4.996156899018659,-4.555653020164402
4.996473179306341,-4.556628013563251
4.996906838975564,-4.557478595625447
4.997264934193135,-4.5583998269877215
4.9976618049902655,-4.559360765430125
4.998147468119334,-4.560230463568911
4.998747248480525,-4.561026484311279
4.999320365597594,-4.561795216178908
4.999619854786551,-4.562745801128363
5.000118639129868,-4.563394080438032
5.000575235604651,-4.56399917478548
5.001367663929089,-4.5643811449369025
5.00222111503377,-4.565113540269763
5.003001643629418,-4.565915536220768
5.003581700494933,-4.566710829616067
5.004130377024731,-4.5674791532939105
5.004829993617536,-4.5681302688976455
5.005592713869354,-4.568605203445368
5.006452045860631,-4.56905084245076
5.007282234841538,-4.569553537630801
5.007930552188438,-4.57021167279668
5.008573189598779,-4.570878478444194
5.009336763339454,-4.5713719252334055
5.010133495383522,-4.5717818556671235
5.011063848206682,-4.571989000328297
5.012043658370241,-4.57227759547516
5.013093745114644,-4.5726215057825375
5.014017367751434,-4.573008596535404
5.014758211291852,-4.573517047537092
5.015575652545989,-4.574103918417486
5.016688688133556,-4.574241849894458
5.018053815981159,-4.574212472399614
5.019409838284896,-4.574173760837757
5.020755845582525,-4.574150279288496
5.021824401019083,-4.574310908615077
5.022917548505542,-4.574496737064137
5.024211837102533,-4.574799559898658
5.025668188037827,-4.574979255710935
5.027110474111191,-4.574739466903464
5.028460298661116,-4.574404940609527
5.029768767971425,-4.574044405609214
5.031014007289953,-4.573664559157984
5.032242145418219,-4.573267218601163
5.03361023881711,-4.57285604663785
5.034942948629763,-4.572552050098943
5.036278194151467,-4.5722506134577
5.037651954963243,-4.5718547617166445
5.038953157942533,-4.571494745963508
5.0401583168397375,-4.571036238371688
5.041555990612438,-4.5704500545355495
5.042835362011736,-4.570043830560565
5.044033087598232,-4.569553791582819
5.045221721041613,-4.569069797552078
5.046240655905048,-4.568400615502882
5.047331600753945,-4.567613720345724
5.048277832259109,-4.566764420643667
5.049225965993815,-4.565912278439872
5.050313180131782,-4.564922511728646
5.0515043899638155,-4.563892730314251
5.052329376351866,-4.5631430302526
5.053158933448831,-4.562509090758816
5.053997992500177,-4.5621234149031675
5.054776558217326,-4.561385266054218
5.055678790024254,-4.5605164547296875
5.056741067260102,-4.559811852367598
5.057918684235668,-4.559007121807227
5.0587007118985445,-4.558556354533004
5.0597744881317865,-4.558405192945892
5.060764651380186,-4.558263014301044
5.061764636565851,-4.558085029224454
5.063118887992145,-4.558050551070293
5.064680584125086,-4.557700335998642
5.065796719601083,-4.557645557306793
5.067086312985303,-4.557769103153975
5.068292801697978,-4.5580189891871665
5.069539385396892,-4.558242217222272
5.070849542993944,-4.558530858883793
5.072309865010914,-4.558590683331993
5.073661492327715,-4.558722466519645
5.074935259095848,-4.55877433279099
5.07605429871308,-4.559056508598354
5.077018557835959,-4.5594836134698475
5.078004325049428,-4.55992985894989
5.078968215304873,-4.560410456421995
5.0801001709375235,-4.560779608496786
5.081123942324361,-4.561156388250859
5.081806537189685,-4.561190240164482
5.082448026601645,-4.561266956296124
5.0828597910183,-4.561481199403486
5.083201130482203,-4.561623034330762
5.083941102863132,-4.561500735104387
5.084490081896002,-4.5616694543429235
5.084849219397052,-4.561642937356863
5.085004972036081,-4.561751172577133
5.085284032531752,-4.561671505448862
5.085483614013239,-4.5615100994538915
5.085988118634796,-4.561146674973659
5.086375238290859,-4.560962146542008
5.086778949252264,-4.560794661122237
5.086925668692503,-4.560797439495088
5.087028337947607,-4.560867353310127
5.087225700875522,-4.561034666079701
5.087437873780311,-4.561192171268801
5.0878721255293105,-4.561454641092449
5.088339755673159,-4.561943421657353
5.088715468088796,-4.562651244267933
5.089225104842912,-4.56348880224579
5.089519628684725,-4.564511051292736
5.089852008248104,-4.565680310648419
5.090548694085999,-4.566571052337469
5.0913801689868805,-4.567541993225294
5.092043148798669,-4.568385987830096
5.09248120185812,-4.569479411291193
5.092918045998811,-4.570684738001104
5.093235266954788,-4.571696866368494
5.093698765762023,-4.572635747502933
5.094418797408816,-4.573349894631974
5.094979081014147,-4.573767109057189
5.095369386603035,-4.574332678431883
5.095927092401135,-4.574787425885423
5.09605152986942,-4.575133210843664
5.095832174152924,-4.575853076562286
5.095898987032648,-4.57636868897138
5.095876195742673,-4.576792188169124
5.095959618496111,-4.577134056195669
5.095941787819597,-4.5777210445949015
5.095865524045174,-4.578244979757836
5.095623244054258,-4.5789872068377475
5.095560680887071,-4.579635497302621
5.0954967498852595,-4.58034619641923
5.095478295230446,-4.581026875967845
5.09560621306516,-4.581732328504856
5.095750154223323,-4.582249811841872
5.0959380835663834,-4.582737474812252
5.096097743403375,-4.583286062113735
5.096265358407003,-4.583822567163535
5.096510281959832,-4.5845982217898875
5.096858940349547,-4.585441794112636
5.097263218160547,-4.586200533757444
5.09789462065019,-4.587019945592
5.09816490108687,-4.5879662667458305
5.098461284659899,-4.588872760686724
5.098692735829046,-4.589994297458604
5.098955275674327,-4.591197209115469
5.099157898319923,-4.5924915621794
5.099621466703555,-4.593797321595242
5.099899735118188,-4.595356959011765
5.100271026205048,-4.596774464065065
5.100517775751963,-4.598291426589078
5.100906011825859,-4.599766107317761
5.101543105799087,-4.601265997451817
5.102099627020096,-4.60296995950286
5.102683983885026,-4.60465543279328
5.103270355195072,-4.606416524759165
5.1037990850558685,-4.607890617889933
5.104361299041663,-4.609342524152645
5.104769309415262,-4.610641935430933
5.105175940628692,-4.611943367782807
5.105541306905251,-4.613071494919254
5.105810507648235,-4.614352934301183
5.106045419602555,-4.615487904761774
5.1063662798320895,-4.616491493884174
5.106714456133808,-4.617340491298348
5.10690940215439,-4.618179716739184
5.107106163783994,-4.619016174977889
5.107126549656989,-4.619964837300079
5.10734583869246,-4.620836916135566
5.107447210641246,-4.62188929234747
5.107649207666262,-4.622859992924395
5.107655450124774,-4.623959884793308
5.107919298979061,-4.624813632171536
5.108322013116829,-4.625516104593842
5.10886375297502,-4.6261418442873
5.109229315053669,-4.626916515134321
5.109572281758333,-4.627825007428057
5.110095503891456,-4.628601792574411
5.110432121503368,-4.62939446518772
5.110830167986454,-4.630128474125049
5.111218012746508,-4.630852015829523
5.11173134145691,-4.631471101462454
5.112216044790785,-4.632099598451886
5.11266946350438,-4.6326959947751245
5.112852268874833,-4.633541501636598
5.112884293094045,-4.634579017377589
5.112853517025689,-4.635552114650352
5.112853168245666,-4.63647160129522
5.113064586314744,-4.637149398162222
5.113210258128683,-4.637759752327188
5.113357827255505,-4.638432070685964
5.113321234159173,-4.639297112640129
5.113391427689416,-4.640271716006568
5.113419898297171,-4.641192435085555
5.113631129132439,-4.641978871840477
5.113802912343864,-4.642724855176866
5.113993533587132,-4.643428790520804
5.1140266391817875,-4.644241274146428
5.113869889649944,-4.645185351498501
5.113797566226152,-4.646187374249899
5.11399928859867,-4.647042420368538
5.1140552537948425,-4.647942344702622
5.114044839380772,-4.648587942112149
5.114364350854633,-4.648918293486572
5.11442553624962,-4.649335532156849
5.1143239257286295,-4.649808092479618
5.114089233981361,-4.650371976779258
5.113988249957145,-4.650863807124076
5.114021033270123,-4.651302655005193
5.11402275599589,-4.6515810058733855
5.113939170757231,-4.651977671550481
5.113966711352202,-4.652296953496862
5.113822264470283,-4.652498174188237
5.113476902598999,-4.653007029950498
5.11316659365954,-4.653629125240406
5.112929723187083,-4.654179207264196
5.112631826698328,-4.654822747004043
5.112495924704037,-4.655363832050056
5.112145106765887,-4.6559651727597515
5.111737548640468,-4.656653401373396
5.1112885506915084,-4.657464504921857
5.11095290706484,-4.658303342062156
5.110648090515555,-4.6590950023706705
5.110423474961243,-4.659893468857704
5.110160675381668,-4.660916080355358
5.110108886463078,-4.661615593538576
5.109675168558225,-4.662447851130274
5.10931316849147,-4.663357613977852
5.1091000597492755,-4.664145374139728
5.108849835985505,-4.664975796985378
5.108781606025358,-4.665992596946588
5.108738716507336,-4.666882720771497
5.108488681449616,-4.6679186805032815
5.108316490365096,-4.669034276868971
5.108316599724212,-4.6700514680698495
5.108365242392471,-4.6709437093650195
5.108639636661526,-4.672067010146231
5.108949576374738,-4.673142820698714
5.109048681453407,-4.674459757105643
5.109142334039069,-4.675771013759302
5.109075771793653,-4.67718757005202
5.109029176902245,-4.67857341168307
5.10894810939411,-4.679923841731399
5.109189889064902,-4.681061787917319
5.1094733664322645,-4.682421747497449
5.10958990765652,-4.683610848599345
5.109695154716424,-4.6848073345492605
5.109882948243814,-4.685877257518289
5.1100494398822605,-4.68659983015584
5.110421270705032,-4.687065080808792
5.110509628072885,-4.687809244308946
5.110610402964621,-4.688372232863595
5.110622988434504,-4.689026176401972
5.110393152215176,-4.68986116828588
5.110234750563915,-4.690580290437872
5.110466944625475,-4.69104263929505
5.110662180818396,-4.691674135728523
5.110895302183013,-4.692297447025097
5.111014806557393,-4.69299547679474
5.111106418066277,-4.693944413159535
5.111304406364603,-4.694820141922089
5.111284309073709,-4.695839230436884
5.111463349010847,-4.69690427778055
5.11198054329755,-4.697974801474074
5.112404197497504,-4.69910672412499
5.112793133230314,-4.700327739006492
5.113309942827598,-4.701598300523854
5.1134307976367985,-4.703128873279483
5.113698734973063,-4.704806063057147
5.11417024114139,-4.706170767033178
5.114792352185486,-4.707524400938298
5.115447843566925,-4.708753923346366
5.115988805416263,-4.710158957999648
5.116595738941591,-4.711706548779589
5.116874985306893,-4.713270880908853
5.1169579581245435,-4.715047022059501
5.117432484070146,-4.716566002369042
5.117761512268194,-4.717936258337612
5.1179690070411095,-4.719417665911625
5.118389793348456,-4.720732807615825
5.11845100210335,-4.7221237718636555
5.118302505564109,-4.723762913906972
5.118367134772821,-4.725261804034811
5.118323262068061,-4.72659134527586
5.118317681277633,-4.727916025984925
5.1182793183740785,-4.729342013685294
5.117984173348734,-4.730621849567013
5.117770816925992,-4.732055417795719
5.117717978619807,-4.733493902406699
5.117554535784157,-4.735078038847444
5.1173067484885735,-4.736717606848587
5.117260898454707,-4.738405219845985
5.117281232741605,-4.7399756088818386
5.117162183680937,-4.741637446762418
5.1170149618725445,-4.743131261174708
5.1169026453734645,-4.744944713877205
5.116638236721153,-4.746857874774299
5.116386066328884,-4.748980595844311
5.116280337435154,-4.751219076004344
5.116018289265507,-4.753559949143433
5.1159117565780665,-4.75569074603881
5.115832656692458,-4.7580424209131635
5.115446589957606,-4.760595035364265
5.1152196763313516,-4.763246513296725
5.115021794038889,-4.766083815514055
5.114666585395677,-4.769023890292844
5.114416125778077,-4.771863516096769
5.114197195853875,-4.774604578936449
5.113873884150634,-4.777413670046057
5.113635368869253,-4.780029510994729
5.113289010501889,-4.78272117665815
5.113129593327466,-4.785290302948474
5.113245925146831,-4.788289449325883
5.113185050050906,-4.7910373965628645
5.113254647068321,-4.793699888775467
5.113357548646284,-4.79627160585111
5.113334240475997,-4.798791855541419
5.113530602920967,-4.801168454159155
5.113687141021132,-4.803507241363433
5.1139246315890095,-4.805864729300587
5.114088939202678,-4.808095077778879
5.114056696669137,-4.810282800677886
5.113912800329877,-4.812529571527945
5.113767093616145,-4.814495896142165
5.113775544650168,-4.8162692631007875
5.114129710236426,-4.817804596312678
5.114304027684496,-4.8195456247756665
5.114384552295287,-4.821191388248522
5.114401176542379,-4.8228714614684
5.1143127946165015,-4.824564507656336
5.1143453970484725,-4.825937359691358
5.11463786813471,-4.827140602525074
5.114876872118042,-4.82841174643937
5.1151305826797655,-4.829756056241126
5.115277185318855,-4.831135097651874
5.1158370491002225,-4.832693930081003
5.116403280864674,-4.834304403174297
5.116815932972276,-4.835758965482375
5.117113986893864,-4.837178275301528
5.117601427525924,-4.838305673613795
5.118329076777433,-4.839393524365563
5.118877599596724,-4.840364801795372
5.119335529119296,-4.84147580512217
5.119750589257316,-4.84262386117207
5.120023700572339,-4.843815402222062
5.120527175468248,-4.844651714837324
5.121222715198877,-4.8453854922893544
5.121950717085235,-4.845949387329548
5.122627099698281,-4.846528653306782
5.123038933587903,-4.847280350043101
5.1234052507866386,-4.847985852471555
5.123866694820554,-4.848544628045729
5.124717263728881,-4.848849866698025
5.125512605887566,-4.849099028008931
5.126210113181544,-4.849305781966941
5.126770136458067,-4.849541731904085
5.127419365275376,-4.849716689763074
5.128223730071932,-4.850174338660163
5.129209825987079,-4.850641204262272
5.130298504785918,-4.851019648477917
5.131420054497708,-4.851245471713424
5.132497686932013,-4.851567807714465
5.133153133390363,-4.851468299301374
5.133861463533072,-4.851359011124611
5.134585672319453,-4.851233135810137
5.135291954039315,-4.850878963000182
5.136077753386898,-4.85040208501154
5.137077909827638,-4.849785606890049
5.1377965155233625,-4.848883015998283
5.138201432736184,-4.8483200745392026
5.138530351009863,-4.847824986293324
5.13880338084315,-4.84727302672898
5.139251722157904,-4.846564194148763
5.139821148111731,-4.845873655890106
5.140296909431081,-4.845087752871416
5.140456290247584,-4.8445834461601125
5.140455436999443,-4.844094715784687
5.1406545801884835,-4.843809153437555
5.141020936337827,-4.843477442198097
5.141307033815669,-4.843280075072007
5.1417950013443905,-4.843287796302534
5.1421780153170795,-4.843300226607593
5.142326794495017,-4.843432697613856
5.1426538670776125,-4.843746363881651
5.143095971436061,-4.843959448188069
5.143054892350497,-4.843956551765447
5.1432799912155165,-4.8440635089234
5.1437347831769955,-4.843929471142159
5.144093414082176,-4.843858057735964
5.144422583583859,-4.843982907741691
5.144693303615742,-4.844018201729283
5.144840657210507,-4.844133834638959
5.145078144079109,-4.844294104704219
5.145346191869938,-4.844393234575473
5.145816391762669,-4.84436069699388
5.146083897020081,-4.844427757009478
5.146220467806892,-4.84455742256241
5.146302807194097,-4.844661928111977
5.1463425725897824,-4.844688947116606
5.146671789660846,-4.844527465474257
5.146929223141933,-4.844564398310982
5.146975171317107,-4.844436809212733
5.146911909631271,-4.844347866982996
5.1467773979906815,-4.844173532611073
5.146888551367227,-4.843813927130408
5.146885809054638,-4.8433385298349485
5.147008400911536,-4.842744682227166
5.146862078219323,-4.842043104219425
5.146494955553528,-4.841117034521723
5.146047935479108,-4.84030541480533
5.14558865688915,-4.839614699965287
5.144894423252187,-4.838681860728927
5.144479627563798,-4.837708193264292
5.144026565701269,-4.836721572935029
5.143484443958253,-4.835662346819566
5.142957195923405,-4.834859433649044
5.142349945288345,-4.8341799261904805
5.141521589371596,-4.833605897859935
5.140805170906125,-4.833330893683303
5.140511350539087,-4.832672874288068
5.140324996306083,-4.83194483670999
5.140333287430938,-4.831414734135897
5.140313708593768,-4.830927662795176
5.1399060477004594,-4.830693590530268
5.139678089153051,-4.830642232266656
5.139485475514369,-4.830355605805167
5.139671356013478,-4.829822284038911
5.139750747639741,-4.829180731355295
5.139864740532739,-4.828415143372926
5.139727847325326,-4.827813179842995
5.139361507791514,-4.826977910986502
5.138830517297275,-4.826396755144006
5.13872987587212,-4.825535031317285
5.13837055274497,-4.824410220668027
5.138044980413901,-4.823233342068533
5.137884750761655,-4.821948623435164
5.137442028745117,-4.820376520815342
5.136885335702127,-4.819043588225132
5.136446574337312,-4.817656580240776
5.135895844543404,-4.816155578008939
5.135337166644139,-4.814670067162424
5.134995590580987,-4.812994143895198
5.134480602953382,-4.811141622785601
5.133976514429004,-4.809313752344514
5.133444157051167,-4.807449688688502
5.1329282882284755,-4.805602257360125
5.132672480731798,-4.803584768524749
5.132346578965922,-4.801674970731996
5.1318603953642725,-4.799608943137887
5.131062992514334,-4.797775884908382
5.130532679476152,-4.795531147106408
5.130236001899785,-4.7933144563057635
5.129936195501966,-4.7911524838471955
5.1295444648575685,-4.7890504504906914
5.1291209576479675,-4.787137061683636
5.128884568924931,-4.785320193662468
5.128593026379342,-4.783539313782924
5.128349113223166,-4.781646739145868
5.128337037288706,-4.779766920549809
5.128209014589049,-4.777962925846455
5.128194417878114,-4.776141063449713
5.128366514433354,-4.774534479379047
5.128367166716563,-4.77304010318812
5.12827277653437,-4.771557432209189
5.128434930530512,-4.769890126941724
5.128642668184634,-4.768193104280652
5.128764887067156,-4.766330669026233
5.128915221790119,-4.764484255103183
5.129183237981852,-4.762560924716885
5.129092243865062,-4.7606956230657405
5.128936825022796,-4.758883540807596
5.128700238920755,-4.756701224078007
5.128259089531138,-4.754361265318783
5.127901363835729,-4.752004696936689
5.127457669493685,-4.749560348187789
5.127247829955363,-4.747099341878741
5.12681262068891,-4.744879898871563
5.126247406054324,-4.742527638227993
5.125495103328629,-4.740336197390122
5.125001537207156,-4.737957803132681
5.124633402841625,-4.735707348832
5.12459341822864,-4.733159249611355
5.124225299233858,-4.7309743931140975
5.123877120837556,-4.728809764882218
5.123308629724832,-4.72684457967392
5.122714470215663,-4.724913637750285
5.122228304237905,-4.72309293764976
5.121587279442803,-4.721373708569064
5.121010461380801,-4.719555757514048
5.120614085493234,-4.7179221482833675
5.120054389494329,-4.716395681743301
5.119481065282743,-4.714966730278055
5.11889844980891,-4.7137145662155975
5.118012922069813,-4.712240993739047
5.117191669394817,-4.710989861118664
5.116619509096655,-4.709527813827123
5.115910616055692,-4.708155667797853
5.1152283359634225,-4.706804966641378
5.114733188757037,-4.705775505900558
5.114220836470181,-4.704727296145041
5.113623821169952,-4.704004630948808
5.113010836560158,-4.703411264636783
5.11251974419232,-4.702717771403
5.112125021595831,-4.701981608009812
5.111665383909406,-4.70120521150357
5.110966566212405,-4.7006182580248215
5.110064928863604,-4.700131841322772
5.109053907349229,-4.699851566302923
5.108116574482148,-4.699599502168532
5.107312321091235,-4.6992859365644515
5.106475614792713,-4.698865494749677
5.1055494549233105,-4.698495316930051
5.104542104784026,-4.698081279728235
5.103537374086962,-4.697853841881124
5.102334831738573,-4.697870427651834
5.101124511356773,-4.697892120207081
5.0999164518901905,-4.697806384354068
5.098619822065853,-4.697642889008563
5.097276958897987,-4.69750980322104
5.096001820395731,-4.697498110132705
5.094687175043521,-4.697414117668029
5.093549749572527,-4.6975762348061
5.092568214481796,-4.69797184377993
5.091551758273038,-4.698168776208168
5.0904700613782845,-4.698501714723681
5.089313714828221,-4.698788012478964
5.088104473641816,-4.698747545156485
5.087203011961015,-4.6986783022865835
5.086317793511953,-4.698709410815736
5.085337808456277,-4.698693636806552
5.084238276192107,-4.698680183659681
5.082960184355883,-4.698735548996493
5.081720098320618,-4.698399218423595
5.080662412560127,-4.6979612537897655
5.079820737541903,-4.697330002980387
5.078876553907433,-4.69680715487208
5.077869651418467,-4.696306704987101
5.076977135304203,-4.695779116664823
5.075987670021139,-4.69525258689234
5.075024837438644,-4.694359944337282
5.074110347092478,-4.693435530998847
5.073264105064051,-4.692609197843476
5.072533844785116,-4.691702006689665
5.071948173326609,-4.691119611045599
5.071324531492062,-4.690498460108273
5.070686569429017,-4.689899234324216
5.070002779527401,-4.6893301936261755
5.069351979661792,-4.688794822245585
5.068876101830523,-4.687991958537314
5.068453123095933,-4.6871543014393415
5.068011280031521,-4.686297402978871
5.067808554952202,-4.685260881338091
5.067341768296845,-4.684120592947185
5.066866580173959,-4.682965221051848
5.066491480533303,-4.681656843753698
5.066202360370278,-4.680096982927363
5.066217270702336,-4.678369650665165
5.06627062475107,-4.676583509933047
5.065992851300244,-4.674729261951441
5.065699952801218,-4.672858927102221
5.065448904190243,-4.670924565456666
5.065070921451918,-4.668695850509727
5.064871500386032,-4.666446804204048
5.06462077416868,-4.663861546713695
5.064414749368189,-4.661285703936179
5.0640450657725395,-4.658575103505325
5.063773377278126,-4.656114209835584
5.063654161559279,-4.653693371299542
5.0635371039566985,-4.65120814280157
5.063547027786833,-4.648528829706835
5.063828741759473,-4.6457576396534845
5.06389722108995,-4.642990664254641
5.063912219209216,-4.640305122088488
5.0639508804548,-4.637788428844512
5.064143157677443,-4.63522569500067
5.064258284603449,-4.632780538740878
5.064700617229989,-4.63038855105391
5.064965167407035,-4.628158345761601
5.065294605725718,-4.625829043786865
5.065450731815271,-4.623741111005483
5.065839817440897,-4.621766892828958
5.066143775907708,-4.619922520335934
5.066547226642044,-4.618232930558551
5.066492114130335,-4.616374055416379
5.066509611244122,-4.614739353251742
5.066759987232274,-4.612796669762535
5.066853797147759,-4.610928282219968
5.066928291555384,-4.609044366460011
5.066993055830009,-4.607322261483775
5.066996983409625,-4.605773674889687
5.0671835731547406,-4.604225580502305
5.067363671971335,-4.602423512686232
5.067508722615236,-4.600598880420182
5.067812840616369,-4.59866901982045
5.067993846307168,-4.596702836308369
5.06796708413393,-4.5949523469994045
5.068098341197119,-4.593097210226582
5.068127648438334,-4.5912511300013845
5.067994685256893,-4.589546032524094
5.067815147362918,-4.587871628307561
5.0676431073415396,-4.586038236279898
5.067214476950016,-4.584432360371675
5.067008109319611,-4.582958608067304
5.066726370672391,-4.581596247028117
5.066339894279866,-4.58035560372855
5.065961897779121,-4.5793053249105595
5.065406181269198,-4.5782805988653585
5.064597013048856,-4.576790497520754
5.063942232267194,-4.575458885159096
5.063485723308311,-4.573995957704279
5.0629242550335976,-4.572692885377961
5.062622888600789,-4.571654559338905
5.062059450353031,-4.570789951959847
5.061559338587736,-4.570188293501735
5.060954171657655,-4.569515132473051
5.060661626033125,-4.568878704013781
5.0603918644683805,-4.568207646717301
5.060135545913042,-4.567666603630381
5.0598375929483685,-4.567216299617515
5.059317438862959,-4.567104257398651
5.058597899911618,-4.567158658902805
5.057880489129633,-4.567348631195609
5.057323430018789,-4.56729464355412
5.056906199557323,-4.567200694128052
5.056431406733146,-4.5671102838973
5.055776052232354,-4.567167582064932
5.055040890852994,-4.567425147919333
5.054312417681884,-4.567605346205841
5.05374387152455,-4.567590602813627
5.053376246160422,-4.567364377129097
5.052819599635293,-4.5669009010992365
5.052321515062621,-4.566422701644638
5.052083136804904,-4.565772368059461
5.051953089838857,-4.565350711077371
5.051627240241019,-4.564837024760608
5.0511593640674395,-4.5643845982635245
5.051055750364448,-4.563690598113789
5.050875651879538,-4.5629180915550585
5.050689178440133,-4.5621552752099745
5.050332204452369,-4.561505552209279
5.049838643938608,-4.5607156231733885
5.049206124093204,-4.560121908557624
5.048671753207687,-4.559513457803201
5.04810117795051,-4.55894939861173
5.047574307937716,-4.558318855910192
5.047169827384943,-4.557674046926282
5.046659862342996,-4.557120387122878
5.046164467655937,-4.556544567699088
5.045608595484417,-4.556079311435908
5.04530185077798,-4.555576891308368
5.0451075995089525,-4.5549034636801835
5.0449576335699415,-4.554273208944852
5.0447773791671064,-4.553663066222998
5.04463424511193,-4.552908942484728
5.044531874740502,-4.5521305700517525
5.044334414060134,-4.551415340003266
5.04406932775647,-4.550903244913367
5.044208753884719,-4.550625120607005
5.044565095509766,-4.550230327570628
5.044677384039291,-4.549920172093364
5.044901248062923,-4.549440436000909
5.045051031569822,-4.548952522545487
5.045286485510502,-4.5483137960376885
5.045528315742162,-4.547665377679258
5.046034391474562,-4.546982815860693
5.046361307766631,-4.54640033980514
5.046771553559494,-4.54569121779019
5.047061916551097,-4.54492270235292
5.047368337802563,-4.544037252192959
5.047757343703454,-4.543027797753558
5.04816069097331,-4.542033082651849
5.048716554571376,-4.540937085700673
5.049113293876739,-4.540082910793411
5.049411917848025,-4.539166018383079
5.0497111830653,-4.538188210912128
5.050053785439081,-4.537181599312846
5.050329696103304,-4.536054204518045
5.050571241169779,-4.534975525321841
5.050860867215029,-4.533900314123002
5.051138876819533,-4.532961699188894
5.051338221527777,-4.531984961900153
5.051434800080057,-4.531027105765369
5.051390257641746,-4.530088387890548
5.0513800929422965,-4.529055040995551
5.051826964859245,-4.527717946639433
5.0523103043711295,-4.5264802803703486
5.052491392482732,-4.525226355996016
5.052714959304533,-4.524053607609738
5.053023476911425,-4.522751750473632
5.053251628805742,-4.521236384504106
5.053718602515674,-4.519671683857987
5.054241182567548,-4.5180224427899285
5.054745058943003,-4.516469622091262
5.05522738455979,-4.514910591257821
5.0555471473129305,-4.513598400157131
5.055861056087705,-4.512420426309494
5.055981576873329,-4.511349746763748
5.056227367094006,-4.5100887638642435
5.056579554643915,-4.508774256717416
5.056652796095067,-4.507516709558168
5.056581646314632,-4.506478402246929
5.056645619397778,-4.505581807529207
5.056403153866728,-4.504889041950665
5.056276844964349,-4.504107560316943
5.056204746383536,-4.503522214050893
5.0564105568455275,-4.502687903076644
5.056469069320867,-4.502088670402796
5.056487945213072,-4.501550364031366
5.056183139075416,-4.501227415898741
5.055952584500889,-4.500810923842251
5.05574368597492,-4.50044607631378
5.055442904493064,-4.4999184378651
5.0550535396745495,-4.499666875222045
5.054646225326327,-4.499399882710072
5.05397151955153,-4.4991640944025155
5.053248768822195,-4.499029683312364
5.052268863767774,-4.498869001631888
5.0514123466791565,-4.498626213327805
5.050611866810283,-4.4984411371681
5.049797787093704,-4.498275210721601
5.049083732966489,-4.497984008319582
5.048217188016886,-4.497660663236919
5.047263151679951,-4.497470051293582
5.046268587465815,-4.497381728495516
5.045300716088815,-4.49731972592479
5.044412669784267,-4.497225719053618
5.043521014387897,-4.497151559120852
5.042629567506137,-4.49707763220313
5.041468577737055,-4.4972886557502285
5.040097242162317,-4.497589293830245
5.0389686617809515,-4.4981397981531215
5.037926061481869,-4.498622588256193
5.036853607797853,-4.499199529246697
5.0360032045457475,-4.500004950926377
5.034798670152831,-4.501013573516974
5.03330585548225,-4.502218194919255
5.032034314360281,-4.503650189383704
5.0307420091832915,-4.505132594102546
5.029515642221111,-4.506579763429009
5.028462440843727,-4.508204716495586
5.027304737527464,-4.509840173835069
5.0260297128838625,-4.511570288853786
5.024597801211439,-4.513143648746283
5.02314253503169,-4.5146764924887295
5.021772510728043,-4.516080187392242
5.02037171928076,-4.517373836484935
5.019183073788906,-4.518579496814392
5.018043978451082,-4.519794788479677
5.016795940605031,-4.5208886438640885
5.0157280815703205,-4.521862567762414
5.0146242490318755,-4.522891058360923
5.013311588684956,-4.523705089339139
5.012445622098053,-4.524221835380866
5.011355919849142,-4.52507771415586
5.010129834673358,-4.525719923300158
5.008690546052388,-4.526568011513714
5.007437654997022,-4.527020803410804
5.006130171561014,-4.5274810603992774
5.005064581496462,-4.527780302439707
5.003892817739245,-4.528337776140222
5.002677382778016,-4.529017704626064
5.0014757482878585,-4.529912303721071
5.000468088142118,-4.5305129605929695
4.999514911892574,-4.531085072218107
4.9987831392917395,-4.531656491253245
4.998133564520994,-4.532160473992609
4.997658060698309,-4.532816306476511
4.997155776068844,-4.533589165257933
4.996499297112824,-4.534476229739152
4.995824097187233,-4.535391658247961
4.995000889247927,-4.536382430849712
4.9942099317210555,-4.537485268233726
4.993690941041369,-4.538176061266809
4.993363787746477,-4.5389201591260235
4.9930328576645255,-4.539662111196285
4.992659704529202,-4.540468022378432
4.992286822175474,-4.541302662411093
4.991863783045271,-4.542172573733738
4.991625025233558,-4.542763260317089
4.9916323236150095,-4.543151625713111
4.991646538661586,-4.543308936469121
4.9916685157446965,-4.543468395222798
4.991444829879646,-4.54379129540605
4.991064766505921,-4.543954013710381
4.990739615412347,-4.544177790611524
4.990667457222862,-4.544182713460378
4.9906097845644455,-4.543925549007071
4.990639192210512,-4.543646242138473
4.990479672477827,-4.543301692183188
4.9903285192457725,-4.542982949925971
4.990097864333536,-4.542829691610374
4.989970840861736,-4.542602421756881
4.990062067681867,-4.542406751922408
4.990174536072722,-4.542232821360046
4.990311444310902,-4.542021864443186
4.990411452866018,-4.541835455223709
4.990502788595425,-4.541640148697289
4.990384806384243,-4.541677440706506
4.9901859365520345,-4.541944900551407
4.9900949717688565,-4.542284879081626
4.990102665632605,-4.542475394497979
4.990246318384355,-4.5426109450892795
4.990271977416212,-4.542908358269109
4.990357928594324,-4.543114425900186
4.990256579042667,-4.54353964812557
4.99038734350547,-4.543969769638252
4.990495724201101,-4.544433787299733
4.990716042071496,-4.54487347089849
4.9908070230952974,-4.545382598271761
4.990940139221901,-4.545739119846225
4.9910871786781295,-4.54593419956363
4.991203280824306,-4.546149847553897
4.99133558905625,-4.546507905477053
4.991445515303983,-4.546888257256068
4.991555788028135,-4.54726835797129
4.991632708586233,-4.547615198345024
4.991815558259813,-4.547801489640828
4.991941131747989,-4.547926756151109
4.992200720037145,-4.547917367377072
4.992406881217452,-4.5479889325439355
4.992689991001652,-4.548032444481622
4.993029877630234,-4.548055150982706
4.993287809794569,-4.548202051317131
4.993449930475157,-4.548231840702391
4.993611506945655,-4.548259292453606
4.993804074489569,-4.548223034299508
4.994014671613941,-4.548205242650268
4.994431914308548,-4.54805000723687
4.994721342656361,-4.548088498220572
4.994967409581655,-4.548082576692413
4.994947425196623,-4.548253606768481
4.9949349727884975,-4.54839930788215
4.995078568535957,-4.548387891529249
4.995344959021032,-4.548502233300224
4.99562278612837,-4.548543924025993
4.995761160652149,-4.548872931296281
4.9957535945407,-4.549329377499341
4.9955948956532605,-4.549813874346048
4.995517448508002,-4.550462160672063
4.995341896580202,-4.5509927207455645
4.995365181051931,-4.551337474104862
4.9953008210515,-4.551815094709886
4.995179488980938,-4.552421965742277
4.994955094864146,-4.553117412993693
4.994665877924757,-4.5539111303636925
4.994322555003874,-4.554664892630462
4.993973624108034,-4.555383844800398
4.9937614205118575,-4.555895517623629
4.993868197760271,-4.556420975451501
4.9938818722782985,-4.556864185623948
4.993759272023554,-4.557514006010892
4.993602321303679,-4.558322715454218
4.993272701908186,-4.559162967605364
4.993336169257928,-4.559892452937614
4.993611203247791,-4.560481278591661
4.993868575079272,-4.561049064905264
4.994168170526752,-4.56180498312708
4.994426834669335,-4.56255289695615
4.994383928910825,-4.563517765498628
4.994439284076695,-4.564581767370632
4.994403801535988,-4.565783472718154
4.99457987250456,-4.566844559826779
4.994802038240529,-4.567952779131552
4.995076456356792,-4.568981690463206
4.995017030540881,-4.570232332137982
4.994993663380935,-4.5715197745539555
4.994796326426955,-4.573135777839993
4.994650074889643,-4.574806332914466
4.994393022874567,-4.576595823912392
4.9943146515722905,-4.578114133547243
4.994090447656753,-4.579589875002124
4.993878703599041,-4.5810403238644986
4.993550608131772,-4.582667256657134
4.9931950889523815,-4.584285008355056
4.992931111799702,-4.585844613514737
4.992637990544665,-4.587465192129922
4.992237111899051,-4.589033018795234
4.991722295819131,-4.59064114863444
4.991518319717618,-4.592385991777252
4.99144666824178,-4.59401143996165
4.991387570095169,-4.595724630545589
4.991215166738357,-4.597536578082824
4.991103825438394,-4.599409734772037
4.991016442368136,-4.601134101713514
4.9910059756107605,-4.6028074324229795
4.991100919190904,-4.604158471257005
4.991177836700431,-4.605634768309475
4.99114482578055,-4.607183935657228
4.991194178172461,-4.60873660076017
4.991209991473839,-4.610529015268327
4.990995777518867,-4.612473869265641
4.990882867512768,-4.614314596012895
4.990731409125546,-4.616076492237295
4.9904423085275695,-4.617929524603116
4.990368347940874,-4.619723248527687
4.990209534868795,-4.62175985341649
4.990045467319993,-4.6237997934440775
4.989895326507566,-4.62603678923769
4.989680418037922,-4.62803265887673
4.989478864813615,-4.630019551855854
4.9893056082501355,-4.631933208918336
4.989284583830246,-4.633994498712321
4.989355295575563,-4.636021948770939
4.988991001260022,-4.638119552350808
4.988672899274511,-4.6402110917564645
4.988350994863289,-4.6422348756917895
4.987857108955956,-4.644083487476947
4.987155902159309,-4.646104788003911
4.986830454912168,-4.647821810949648
4.9864929084383895,-4.649526570834994
4.986315671260767,-4.651106686270727
4.985976148627603,-4.652880256164064
4.985489001909643,-4.654503653341973
4.984810469845032,-4.656283335735064
4.98441728507033,-4.657799828458073
4.98401609189354,-4.659308279521875
4.983725482084096,-4.6606265763186565
4.983328518902499,-4.66197343772582
4.983079183736289,-4.663239579554711
4.9826685864907185,-4.6646638344553795
4.982309545936535,-4.666219419093061
4.981928703124438,-4.667790639777294
4.981645111638379,-4.66921518618254
4.981454638630208,-4.6705392541283155
4.981224505316788,-4.671973833835201
4.981264323937281,-4.6735115832140846
4.981405212542004,-4.675047286833782
4.981412794153892,-4.676697809185978
4.981075609425316,-4.678175318435216
4.980696346759397,-4.679863274066494
4.980499486328872,-4.681273662058449
4.980493259253683,-4.682558065431876
4.980421743460446,-4.683776120708683
4.9801575544265635,-4.68528740090198
4.979598819419901,-4.686993274959452
4.979131178140648,-4.688791663138691
4.978669250615576,-4.6905813403081
4.978485351508777,-4.69218738095253
4.978336154286696,-4.6938286667840075
4.978304307587594,-4.6952913145157344
4.978052363782273,-4.696899269544092
4.977799741643474,-4.698506487263369
4.977442103850719,-4.700273557608976
4.977393712925721,-4.701836468965319
4.977289841364122,-4.7033430903852445
4.9772400510257295,-4.704580238539806
4.977075131977175,-4.7057205159873465
4.976910840017658,-4.706859315783192
4.976722826803804,-4.708112077420778
4.9765387846026625,-4.709378288651164
4.976438568551242,-4.71060907960002
4.976046728450003,-4.711699053513372
4.975663334676513,-4.712717653922161
4.975384885992395,-4.7136670211685425
4.97505779686615,-4.714653399506917
4.974682047984419,-4.715655633016225
4.9744367055099685,-4.716693750958288
4.974232240692275,-4.717812961372515
4.974032567578763,-4.719101588539714
4.973585642858088,-4.720468482276873
4.97304872179251,-4.721852722350947
4.972612746335457,-4.723084925487431
4.9723017767819355,-4.724294659847354
4.9720490274906926,-4.725551233237183
4.971606828681909,-4.727124230801473
4.971102050816318,-4.728747956496942
4.970623240237448,-4.730354568984281
4.970145111754733,-4.73182516057256
4.9696350020701825,-4.733318993034671
4.969183843332973,-4.734703878353443
4.968651554368412,-4.736197109357734
4.967929209142032,-4.737978193811561
4.967184044285851,-4.739774335762352
4.966429502845978,-4.741756265668055
4.965690486877051,-4.7435870880836255
4.964714614516945,-4.7452362140639055
4.963751683368901,-4.7469458986385265
4.962812298457479,-4.7487077611251465
4.961828018536385,-4.750499183439006
4.960894486982183,-4.752341879180449
4.959863620864245,-4.754332899207987
4.958717706394891,-4.756399677888272
4.957649523635175,-4.75854496006022
4.956524616412745,-4.76063794265181
4.955672928118941,-4.762818348434063
4.954843189950738,-4.764938817992747
4.953957723252582,-4.767144181185356
4.953049226342379,-4.769427927908994
4.951834730974948,-4.771770404143899
4.950724779528601,-4.773953497646385
4.9499586263828474,-4.7760478273518086
4.949292043687337,-4.778044895206534
4.948852879400184,-4.780042205037617
4.94829317026589,-4.7821740051716315
4.9476861687528,-4.784257960366992
4.9470967020188255,-4.786452763755795
4.946584745828499,-4.788791125274019
4.945957424661133,-4.7910142750652716
4.945394437108575,-4.793156004016175
4.944721501098002,-4.795314208550968
4.944106756633879,-4.797434113400183
4.9433338063411405,-4.79924513054849
4.94252655932261,-4.801166939941301
4.941868245537488,-4.802990848240654
4.941065631991125,-4.8045831428496335
4.940353554118337,-4.805976561959972
4.939821581090045,-4.807251620647303
4.939201768586927,-4.808120914096853
4.938392092640113,-4.809103134205528
4.937850447106741,-4.8099092256033975
4.937080000664977,-4.810608435212793
4.936343332710268,-4.81125434177245
4.935844905803323,-4.8117436909242945
4.935459456328116,-4.812096627032976
4.935249492624533,-4.8121545688863785
4.9349832882557605,-4.81221033898086
4.9349052915721545,-4.812579269685101
4.934971935393953,-4.813093843813052
4.935060559111466,-4.813574960074754
4.935173382638263,-4.814110346242504
4.935580371187653,-4.814674125905854
4.936389125719846,-4.814625220122291
4.9369784181586125,-4.814720545162745
4.937550796809276,-4.814798824011671
4.938097583270571,-4.814912224194184
4.938764093861149,-4.815092449573249
4.939391656519874,-4.815229363586182
4.940232790765067,-4.815040496358007
4.941198120676846,-4.814732725053353
4.94198727533132,-4.814416187244232
4.9428927148750486,-4.813922254625003
4.943803311296643,-4.81341655867346
4.944862521277339,-4.812744686836676
4.946054641946377,-4.812009359771188
4.947008164644763,-4.811033581603662
4.947885973273499,-4.810107518765091
4.948993351992733,-4.808831162772897
4.949909729374626,-4.807362219020675
4.951269425972167,-4.805601923857805
4.95275680280503,-4.804255558341221
4.954092678134653,-4.802931197042
4.955280338851111,-4.8016546269751545
4.956229055936576,-4.800307093430833
4.957254771819788,-4.798842061424023
4.958153846123469,-4.797248996859653
4.959382834714713,-4.795438969622602
4.960668987584845,-4.793541711995975
4.961948694525915,-4.791637477766497
4.963045187173759,-4.789853521598196
4.9642081862071334,-4.788095117733984
4.965333864455229,-4.786319161081561
4.966790101628528,-4.7845899765647
4.968240287188943,-4.782814807897036
4.969613948171265,-4.781179551850917
4.9711263475340015,-4.779785236652824
4.972404678922512,-4.778644380734934
4.973507385594668,-4.777723546849717
4.974849862207148,-4.776977651777422
4.976353926288102,-4.776021162078929
4.977833701610727,-4.775160396690009
4.979464394275433,-4.774525950929791
4.980802738578219,-4.7741137237475035
4.981943806292432,-4.774050184613176
4.983066740266802,-4.773968476123483
4.984138828767208,-4.774083547656689
4.985339701278965,-4.7741593116556365
4.986029530244824,-4.774133475770327
4.986682736470116,-4.773931983323843
4.987441701640858,-4.7738375358632466
4.988316295461625,-4.773667046317442
4.988891039155681,-4.773492655265092
4.9892470954181505,-4.773634273575171
4.989764555181945,-4.7736697924716145
4.990226946631281,-4.773799280838513
4.990655457309336,-4.77399000626218
4.990996922911862,-4.774092666703853
4.991304401922957,-4.774245108511613
4.991422251886561,-4.7746480618740375
4.9914761342151595,-4.774986306321618
4.991596932891957,-4.775310815168123
4.991639991624038,-4.775763602734856
4.991676883626016,-4.77621017330159
4.991616713553702,-4.776639391517233
4.991705577199245,-4.776928511076566
4.9915694830157555,-4.776994006300912
4.991370319111487,-4.7771791297462265
4.9908798343466865,-4.777662327173322
4.990597510748634,-4.7783561042648905
4.990119607817649,-4.779154525150274
4.989639598787849,-4.77955511741198
4.989231122730608,-4.779852810735114
4.988814197961408,-4.780238847459624
4.988392356010778,-4.7806281134296515
4.987951780976692,-4.781031496594227
4.987557605575383,-4.781678478704807
4.986919377983599,-4.782485809448291
4.986308370466056,-4.783399513028053
4.985796576302884,-4.784251577635268
4.98519901183802,-4.785159967762405
4.984667987959745,-4.786049085012524
4.983980926503973,-4.7871375284794535
4.983141984571183,-4.788424018368809
4.982478482755413,-4.789781560388309
4.981725590157157,-4.7910282037365075
4.9810157243717015,-4.792217226354078
4.980340010594941,-4.793383756922433
4.979639210987804,-4.794429681283302
4.978895437156344,-4.795499616405421
4.978052887806757,-4.796538774521225
4.977369246766155,-4.797393930602441
4.9767455239491545,-4.798157559136791
4.9762219057487656,-4.798593020205577
4.975600482864878,-4.798874102494234
4.975124872262741,-4.798942189529952
4.9745291691043,-4.798826228183592
4.974161341783559,-4.798515295592624
4.973966401330459,-4.798154104668739
4.973693968881682,-4.797853280787324
4.973183948958061,-4.797532144127346
4.972616609634492,-4.7972138218473885
4.9720707536178566,-4.796617952339967
4.971729061366703,-4.795899762518444
4.971445969151651,-4.795161754007842
4.971278325822376,-4.794390659189356
4.970975426319062,-4.793708416977929
4.9705799266637465,-4.793166980641486
4.970183276951587,-4.792544348085082
4.96979856455143,-4.791913855909344
4.969512625121945,-4.791351764229594
4.969308086325312,-4.79078370190653
4.96909090123854,-4.790223951525754
4.968887380134588,-4.789677958722723
4.968505499025554,-4.789404245526822
4.968057445837521,-4.789231193217709
4.9677440437530285,-4.78947129845897
4.967548184774533,-4.789531976376584
4.967576295580356,-4.789536550771638
4.967598689192937,-4.789409504430898
4.967569518831064,-4.789445787842242
4.96735589958002,-4.789555398647857
4.967296690011477,-4.789517021655029
4.967135874065371,-4.789512236684835
4.967235485835299,-4.78923054456059
4.967587373821749,-4.7887925752516765
4.967941079705471,-4.788198739648009
4.968186595082181,-4.7876760300119905
4.968357566739147,-4.7870780781478794
4.968583174630846,-4.786396740120424
4.969044794742836,-4.7855602769471846
4.969458168420066,-4.784675113716533
4.969898510716081,-4.783748790495932
4.970285106523304,-4.782704739839216
4.970637886772418,-4.781496527195855
4.971017129424031,-4.780335504217236
4.971302657496703,-4.7793093862490705
4.971620508282998,-4.778261993312807
4.971917566425638,-4.777288647619094
4.972287832271514,-4.776245153044625
4.972817704914799,-4.7751923921572486
4.973088914303687,-4.774222776545879
4.973201951133038,-4.773494536697696
4.973413816912742,-4.772964056193352
4.973560767061847,-4.772423633377088
4.973684175460003,-4.771919131933363
4.974154151949812,-4.7713499202965
4.97420084151571,-4.7707783846340295
4.97436227933717,-4.770031732033227
4.974508983916928,-4.769332910960541
4.97466995251399,-4.768428619376789
4.97476052272578,-4.7676317302842985
4.975273267788955,-4.766718080911504
4.975528341920928,-4.765872814181417
4.975910518038558,-4.764833591423005
4.976129959785158,-4.763715963320923
4.976500774761572,-4.762536097294574
4.976953409578968,-4.761204822827547
4.977365142922689,-4.760018872361293
4.977834878095005,-4.758794718512105
4.978396519141263,-4.757694819882537
4.97899109096422,-4.756426346687652
4.979485859956648,-4.755223539334401
4.980025033122546,-4.754065694915668
4.9805395718288565,-4.752850311791119
4.981022797932272,-4.751595692847397
4.981856996065005,-4.7504151196033275
4.98270009342442,-4.74925267314645
4.983494040597092,-4.748025969268015
4.984384191505647,-4.74702256460373
4.98500328329407,-4.746091840934325
4.9856646357448815,-4.745096645045352
4.986336812449195,-4.74441741205986
4.987178748019979,-4.7436264199504095
4.987844747695646,-4.743075404728564
4.9883247085798486,-4.742748462029062
4.988748426885394,-4.742546088549896
4.989393880539916,-4.7420748948124185
4.990032892028822,-4.741597254864954
4.990755336640096,-4.741167291961575
4.991477615213567,-4.740671079373509
4.992174733168638,-4.74014943632209
4.992909996808455,-4.739574865678152
4.993704975528836,-4.739114059838755
4.994520722684791,-4.738553818679404
4.995113154871382,-4.737767257149503
4.99603674627164,-4.736684243777021
4.997104680104224,-4.735427000056903
4.998001847689686,-4.733996663707908
4.999039257615528,-4.732523094447422
4.999811871499266,-4.731364861109209
5.0003676946190705,-4.729986665295436
5.001281629081014,-4.728262339672082
5.002256816546206,-4.726495460849883
5.003099917592374,-4.7245944202161825
5.004040418221426,-4.72273164598963
5.00462293723464,-4.721199187943484
5.005313652970818,-4.719776452773456
5.005872035602078,-4.71847725117811
5.006438419412099,-4.717198441431861
5.007174084150565,-4.715875286609061
5.008170824307318,-4.714560307280595
5.008599141496797,-4.713619878800926
5.009085104488584,-4.712738098622441
5.009564197099956,-4.7122661991653505
5.009870211926204,-4.711908360409428
5.010526855486205,-4.711571651403735
5.0110617481890225,-4.711332565960383
5.011884912562698,-4.7111997836371335
5.012720193999588,-4.711026743977532
5.013245983740342,-4.710883390547092
5.013883220452873,-4.711055137040056
5.014717098674668,-4.711014787730464
5.015373306609332,-4.711013142836634
5.01635661890493,-4.711160259255188
5.017529187690331,-4.71101826022793
5.0184066022107165,-4.710765542029708
5.019455572451363,-4.710748696069905
5.0205453616732445,-4.710669251033396
5.021163700855381,-4.7106567584485
5.022368304686946,-4.710745706708666
5.0236020401365895,-4.710789785414936
5.024692786021677,-4.710647459690353
5.025834037815483,-4.710606801321147
5.0269411522184395,-4.710617940868847
5.027703189441829,-4.710678919482752
5.028612783696158,-4.71066929133858
5.029192761643606,-4.711162824957637
5.030053790585809,-4.71150887057358
5.030407289772322,-4.711676693473635
5.030445720284873,-4.7123256945469345
5.030689289925752,-4.712907772408058
5.030463573516624,-4.713012528886158
5.029772096810841,-4.713857457793455
5.029488739535029,-4.714519261205155
5.0289087297851065,-4.714879431566714
5.027779482909062,-4.715869340984714
5.027116015667199,-4.716631683294905
5.025909455958042,-4.716842082596684
5.02413116210718,-4.71775433722851
5.023130276620001,-4.718013797200799
5.021762259724989,-4.71790043968365
5.020711254500079,-4.717577993665702
5.0194480136982085,-4.717578956175947
5.017857064249325,-4.717247342534695
5.0161476686546935,-4.71699320122179
5.01458947562592,-4.716507151934963
5.013037318902721,-4.7160276430303
5.011603857591924,-4.71546937668744
5.010172425296925,-4.714838814164439
5.0088254129051855,-4.714162532678113
5.007479766875211,-4.713667763591643
5.005927737072129,-4.713308538913414
5.00495204297098,-4.712076371858169
5.004354422226497,-4.711079132622643
5.0035901209914675,-4.710191454096155
5.002975104015509,-4.708461926465264
5.003236940506651,-4.707401220726015
5.002511214017973,-4.7066308667489505
5.002351556014898,-4.704997195069979
5.0030297277837565,-4.703870219598707
5.003006660199361,-4.702885167147957
5.003418940727156,-4.7012363845444485
5.004579597776766,-4.700128902181849
5.004993236357629,-4.699148845282783
5.005465980580517,-4.698078724424147
5.006267526419001,-4.697153687878511
5.006685914186252,-4.696131507421546
5.007307709719704,-4.694799264585823
5.008201135816957,-4.69319649544458
5.008974420457551,-4.69118385209088
5.009540555644611,-4.6894871100573345
5.009708070917196,-4.687426330403615
5.010055590372073,-4.6851112967992
5.010840014030788,-4.683088249900836
5.011071917020342,-4.680674312946811
5.011987749394537,-4.677781818287335
5.012555798716547,-4.674053997381615
5.01286226881855,-4.670773466690466
5.012998917150631,-4.667319095816759
5.013491391119094,-4.663772862861572
5.013563536068614,-4.6600739953249715
5.013969004831227,-4.657091186499927
5.014806174554243,-4.6532735978877895
5.014966554786043,-4.6501266838413216
5.01554327725695,-4.647843873207617
5.016368479378348,-4.645182482708351
5.016663449827422,-4.643284498202502
5.017738306886368,-4.641977614899506
5.019044281790373,-4.640193991441839
5.019957942214306,-4.639049128645846
5.020987095728255,-4.638040281384017
5.02145083101017,-4.637418636390761
5.021767608522232,-4.636713551952975
5.022844601271213,-4.636784922177748
5.023926111057545,-4.636764304990595
5.024911772679083,-4.6368437156335105
5.026048881135643,-4.637078174128714
5.0270900224664175,-4.637433015591348
5.027953278031354,-4.637949650511762
5.028732959789976,-4.638728993984032
5.02924370203511,-4.639326474445772
5.030483864790257,-4.639441357188685
5.031014728424375,-4.640288534064031
5.031037035956765,-4.640700325637931
5.031478897781085,-4.640834688659819
5.031189975066815,-4.641548883207999
5.030013081916433,-4.641728764551965
5.0299333291204835,-4.641183440866392
5.028967715945306,-4.641263019118886
5.027451594493157,-4.64057849773007
5.02660410657754,-4.639451583768781
5.024984389384577,-4.638881904459693
5.022741134233251,-4.637694589845808
5.021257662967838,-4.636003715511425
5.019386573163644,-4.634556726161286
5.0163262142613245,-4.631929302701687
5.013561060881395,-4.628999295676796
5.01067428251103,-4.626363094764045
5.00776101181323,-4.623699998688398
5.004516762897732,-4.621253919237257
5.001468520932426,-4.618506549067364
4.999009545029131,-4.616360790145951
4.996297820816155,-4.614381143026307
4.99320572109957,-4.612021294496
4.991089572141606,-4.610083599142302
4.9878816852494605,-4.608869134060697
4.985411212706451,-4.607901212222612
4.983199467208757,-4.606918556977222
4.9814383993419264,-4.606441924703226
4.979599378334781,-4.605637516676207
4.978286825878493,-4.605370006052529
4.976806095822541,-4.605066354625787
4.97556544818506,-4.604575701602635
4.9745979983723725,-4.6038560061389235
4.9737626746528525,-4.602800125084045
4.973132885040386,-4.601433176323249
4.9725279291079305,-4.599727015350043
4.971847173200331,-4.5981404405381445
4.971640854302714,-4.596783785448077
4.970984829832931,-4.59510320060383
4.970914509287704,-4.593892255285273
4.970941184320421,-4.592534447968676
4.971179652579646,-4.590793828892838
4.971426310254272,-4.588594027582871
4.971151274545437,-4.586451285473161
4.971013300532204,-4.584217513908071
4.970533393669361,-4.58163464216096
4.970135585588911,-4.578927255741686
4.970293390291948,-4.57585048428231
4.970138054112464,-4.572453648394853
4.970052017266253,-4.568951488204914
4.9697041164289635,-4.565623169346717
4.969297622126258,-4.562234759964734
4.968881944569455,-4.55885994731039
4.9687931402605505,-4.555267330275031
4.968883723899472,-4.55185778478919
4.969221904145316,-4.5480732117188225
4.96913894201031,-4.544568850127882
4.9693104335741225,-4.541324732801414
4.969437572471426,-4.538177806556765
4.969282456644777,-4.535322732324611
4.96914334225499,-4.532492882743546
4.969119787064515,-4.52976284519726
4.968701470478798,-4.527296013377679
4.968522520156127,-4.524812122287728
4.9694274523837585,-4.523399821421721
4.970127469387494,-4.522227850318639
4.970798061795428,-4.520990397005504
4.971658707946595,-4.5199477345722
4.972715077529921,-4.5187746287653985
4.9736682360236975,-4.517757585490716
4.974444338648925,-4.516559208908241
4.975123750682443,-4.5154253173677
4.975988129833547,-4.514011702531053
4.976828184820813,-4.512233701847538
4.978054312025687,-4.510201761925903
4.978910811436336,-4.508584649395363
4.979471027680241,-4.506663643543511
4.980135057440509,-4.504608780592776
4.981011472763485,-4.502443091725317
4.981462017293419,-4.499840254833725
4.982244587479391,-4.496992461745155
4.982841551478978,-4.494411687140321
4.983322217631381,-4.491711056308306
4.983225883568752,-4.488741186430596
4.983151957958751,-4.485877124335863
4.9829847042753395,-4.482916751466147
4.982831603774075,-4.47993057057445
4.982269257524397,-4.476672558124249
4.981950254025952,-4.47352946728677
4.981430875122456,-4.47063317071981
4.980799827589111,-4.467879859302551
4.980428203349637,-4.465392901249574
4.9798361833316225,-4.463004443271333
4.97955912403131,-4.460787603690598
4.97925628941343,-4.458688116567042
4.979223518355251,-4.4567977461318335
4.978970594025019,-4.455067514823914
4.978475624010174,-4.453685655158563
4.978363728063431,-4.452488167782037
4.97825458742666,-4.451286633334234
4.978142809145984,-4.450115323904687
4.978096037638258,-4.449233145914786
4.978289756357171,-4.44798819427681
4.978166686795365,-4.447021376949474
4.978209701427019,-4.4459968284862335
4.978074735312679,-4.445240968646183
4.977993239142727,-4.444378376322278
4.977657988543606,-4.443268409799459
4.977286923539062,-4.442182620882373
4.977122664502574,-4.440785138632169
4.9771342378816765,-4.439557885997512
4.977233464957103,-4.438088453137085
4.977520818000719,-4.43647198430006
4.977657924615167,-4.43496333316295
4.977692606022552,-4.433332707131939
4.977795586278038,-4.431668197006232
4.9776811582969875,-4.430035239717732
4.977582376824794,-4.428204673965299
4.977486895655209,-4.426218213462951
4.97760450923169,-4.424100799309383
4.977527820809562,-4.42178333225945
4.977454522199372,-4.419534062157626
4.9771573332804175,-4.4175913466755015
4.97675227800519,-4.415878702055775
4.976392259786926,-4.414098201871734
4.976330608278989,-4.41211772546761
4.976360398253448,-4.410231465023673
4.976287087310299,-4.408500538950168
4.9757681626460135,-4.407068374764746
4.975410877357557,-4.405802837660605
4.974842758563992,-4.404447813529894
4.974436301980668,-4.40298444231574
4.9741651978452035,-4.401660639781622
4.974512940309365,-4.400525569688207
4.9744910312021915,-4.399638487468458
4.974521927807804,-4.398805903057057
4.974454760162335,-4.398121047161555
4.974560101524175,-4.397320499979802
4.9746805242181935,-4.396535543024065
4.974781809584078,-4.3956512488902195
4.975041395473998,-4.394553568268204
4.975083618245807,-4.393231807572378
4.975048575045038,-4.392010035653589
4.975120818177619,-4.390713279225478
4.975094562969431,-4.389314972277095
4.975165341558267,-4.387874083109042
4.975403538595822,-4.3863517292389425
4.975503023311801,-4.384686247707712
4.975508717321725,-4.383083716129738
4.975517610652418,-4.381476363700331
4.975516220527956,-4.379858392124227
4.975745975001227,-4.378085196456625
4.975631575195718,-4.376829880222792
4.975455896350598,-4.375513056383031
4.974934521217525,-4.37442834064423
4.974530149830356,-4.3731675193511705
4.97412668410584,-4.371907615244865
4.974116318783217,-4.370854444892307
4.974056474834014,-4.3698759490742525
4.973777852170371,-4.369186105298574
4.9735346485291325,-4.368575732593991
4.97325032888854,-4.367992954064778
4.9728436915484675,-4.367348222437897
4.972546313767013,-4.366657982106546
4.972225383945811,-4.365983532822186
4.9717972101461125,-4.36516293595655
4.971392108238004,-4.364603946788016
4.97089774373164,-4.364104912653722
4.970178571102415,-4.363598180415249
4.969394063247813,-4.36300086963907
4.968857222067763,-4.362501791971022
4.9682675366390185,-4.361734682499375
4.967715868880601,-4.3609410299375435
4.967136086120345,-4.360157274198578
4.96644557412394,-4.35936299103225
4.965587800321254,-4.358713811251641
4.964776631814635,-4.357936978508398
4.9639299605880876,-4.357055609278076
4.963053029893456,-4.35619451494574
4.962182461535197,-4.3553104056607195
4.961551085679346,-4.3546145748092675
4.960801628915226,-4.353998118530131
4.959824182770873,-4.353413693140008
4.958802033802715,-4.352936893048966
4.957706731852917,-4.352509226075345
4.956691939314979,-4.351926254381861
4.955902374175945,-4.351374523564984
4.954991223864275,-4.35090457504187
4.953999447018871,-4.350468027633053
4.9533063375580335,-4.3500780430999795
4.952312365150237,-4.34999715647621
4.951480278581671,-4.350066607279378
4.950605321471241,-4.350164905833023
4.949778452224363,-4.350322144730585
4.949079846637405,-4.350387209444748
4.948230556157137,-4.350553707463178
4.947377843469526,-4.3506226458437105
4.946458482225138,-4.350865349080993
4.9454495694317,-4.35116833967906
4.944202123202271,-4.351333775766428
4.94293844079143,-4.351482421994967
4.941643096735536,-4.351595518906549
4.940579071763547,-4.351431567784959
4.939405939036767,-4.351153222691203
4.938375558687971,-4.350835267258176
4.937144393695308,-4.350685312145026
4.935865117398739,-4.3504857123820075
4.9344022169315656,-4.350472501657245
4.933203072762482,-4.350240359876606
4.932108966397217,-4.349815534335853
4.93102377779808,-4.349377290650771
4.929711474342259,-4.349092013288116
4.928389077002201,-4.348796331403401
4.9268071001548535,-4.3488898546331916
4.925409670876176,-4.348859009826992
4.9241266234556775,-4.348946153614039
4.9228923882666,-4.348960060860993
4.921450373264638,-4.349113950551184
4.9201673160374115,-4.349431703727469
4.918650131030835,-4.350041036342226
4.916953465548465,-4.350843229334211
4.915511026357352,-4.3519073892857625
4.91396116250918,-4.353044883025707
4.912426103314682,-4.354179022598904
4.910576630480672,-4.355008304700024
4.908796576023524,-4.3558091153114225
4.906730463384314,-4.356813168586701
4.904759327917088,-4.3578329248394985
4.903117718504173,-4.358805802373229
4.9014519236243235,-4.359804638767097
4.89961913317619,-4.360912190608194
4.897852228493824,-4.362134467382307
4.895986294084754,-4.36333627929324
4.8941191817657215,-4.364499422169061
4.892554783476213,-4.365503520759139
4.890978476965561,-4.3665933787607765
4.889133586319847,-4.367716057117457
4.887374453021512,-4.36887905360287
4.885407283642334,-4.370144243070157
4.883202503692445,-4.371397604976407
4.881130136710787,-4.372494903619262
4.879038134752819,-4.373520251020121
4.876913830201216,-4.374645273958997
4.8747962048903375,-4.3757771322481105
4.8725000269910375,-4.377102501467539
4.87003047591404,-4.378709203495055
4.867598812369383,-4.380354862307356
4.865246075590771,-4.381868297630922
4.862842935323741,-4.383233026001232
4.86058003401622,-4.384881612821642
4.858281248810424,-4.386571977465297
4.855690713937681,-4.388698722112745
4.852813165505161,-4.39101892358061
4.850177182257011,-4.3935867457614926
4.847480662860982,-4.396245103014057
4.844916336324529,-4.398814383862575
4.842471917937763,-4.401506493898804
4.840068246235523,-4.40413766742142
4.837233616145012,-4.407306951838556
4.834394714459943,-4.410529054356687
4.831467767430588,-4.414206466181898
4.8282277995773235,-4.418094638664561
4.8250629576562005,-4.422141940540937
4.822292648303703,-4.426093445907593
4.819230277208912,-4.43024136011277
4.816173653711936,-4.434783674083934
4.812839507607256,-4.439475135128982
4.8098300744598195,-4.444207847161312
4.807118036059775,-4.449240477253557
4.80431848200572,-4.4543314776706024
4.801679629709933,-4.459364576509383
4.7989133037907505,-4.4642931490094595
4.796174659865003,-4.469202578809958
4.79340350467166,-4.474057363090632
4.790801910523008,-4.479607979584214
4.787998398009262,-4.48524326136207
4.785411620548948,-4.490779911094701
4.782776698833859,-4.496388381952029
4.780078445285813,-4.5018646652455
4.777365538690273,-4.507304149341958
4.774595426937403,-4.5128290846639185
4.771567555645506,-4.518368516367357
4.768761245660757,-4.523788457151869
4.765874819846503,-4.529328173373659
4.7631082865854735,-4.534742516303033
4.760214827204886,-4.540165683546269
4.757443902988547,-4.545405436677601
4.754486063309055,-4.550672853135449
4.751703728442193,-4.555692293648584
4.748900263686398,-4.560743317432388
4.746251591359159,-4.565756813749456
4.743982249722821,-4.571213615260243
4.741763536778494,-4.576482875774696
4.739582065704774,-4.581548724811708
4.737440638842518,-4.586587680605002
4.735430306786917,-4.591254929659352
4.733278333127174,-4.596141129826066
4.731073536546654,-4.601062636798077
4.728974382756995,-4.606089143930964
4.726872909809608,-4.6110681323959195
4.724765802505484,-4.616092378296486
4.7228759003482805,-4.620774522338057
4.720972858487228,-4.625465329502524
4.718882516170758,-4.630161053051079
4.71701268365194,-4.6347533757883825
4.715144317813111,-4.639344581108457
4.713103648453537,-4.644117426706191
4.711102595616332,-4.648840722200389
4.7090441579242635,-4.653357077585441
4.707096270762555,-4.657735766265102
4.705304186583806,-4.66170559506842
4.7039046568869125,-4.6654132003805975
4.702465075423571,-4.6691808266257135
4.700905786898367,-4.672828592684914
4.699232902247379,-4.67655223205181
4.697597053115713,-4.679836015524029
4.696623444283648,-4.683245730824891
4.6954688964897,-4.686474651390618
4.694102429377682,-4.6893872211087615
4.692875822010685,-4.692222211765926
4.691663493537905,-4.695071761489509
4.690310682309501,-4.698006277970373
4.688894340124043,-4.701101116924493
4.687486232374253,-4.704204529575204
4.686259195153748,-4.707009078532884
4.685236779577953,-4.709649712438557
4.684184630456447,-4.712260875053688
4.6831300086383365,-4.714860481602039
4.681862075644475,-4.717747033293936
4.680492480115081,-4.720532451417203
4.679272273225335,-4.723076842888019
4.678202309380305,-4.725532263231686
4.6769466928669345,-4.727802812920468
4.675897119255246,-4.729881330410858
4.674645450404197,-4.7321414120943
4.673260342308339,-4.734425306419134
4.671741429083935,-4.736909889220157
4.670371540672534,-4.739071217779389
4.669330983001145,-4.741562733230613
4.668205042462743,-4.744015924879853
4.667080571394791,-4.746445309656132
4.6656048864101445,-4.748410405839413
4.664105623479069,-4.750511679677239
4.662224507015638,-4.752947839529276
4.660506741004816,-4.755465541604766
4.6588785438564315,-4.75802451462479
4.657229855290729,-4.760476049873975
4.655774068976192,-4.763003674495082
4.654372633533276,-4.765459641671178
4.652838556057535,-4.768003887749136
4.65145508809703,-4.770569725033273
4.649988416877289,-4.773277162484413
4.648547087290436,-4.775967740632702
4.647381483204144,-4.778738542483806
4.646165229398272,-4.781358099174137
4.645006616313386,-4.783939283070562
4.644053335945526,-4.786368906504405
4.643010109539257,-4.788923572046986
4.642032153470796,-4.791434787671745
4.641047480129377,-4.794131650810462
4.6400216714952345,-4.796742421299031
4.639047929181298,-4.7994211221608785
4.638214656496834,-4.8019450054622155
4.63725860120569,-4.804347122740271
4.636545328171332,-4.806581312581748
4.63568290619353,-4.808944167260174
4.634400153049851,-4.810885315347443
4.633073914387927,-4.812957784222424
4.63187741294294,-4.814944073013897
4.63054061583391,-4.816744514989672
4.62921426749648,-4.8183107955522395
4.6279687091848265,-4.819823432760449
4.626705903812237,-4.820964965421598
4.6253364768895695,-4.8223487659356365
4.6240505804973315,-4.823677112544942
4.62269386796089,-4.825018383627087
4.621361535089458,-4.826326518877232
4.620142882921566,-4.827559186475853
4.619031739199994,-4.828464172082045
4.61805545235892,-4.8294939909631776
4.617020419621872,-4.830629045566764
4.616067091670429,-4.831811914488414
4.6153135628255715,-4.8331407744505235
4.614282526426046,-4.834768825098903
4.613371894657775,-4.836375632538622
4.612601059662003,-4.837964591529268
4.6116922493948715,-4.83953230430185
4.610843284820655,-4.8412173315347635
4.609857204166591,-4.842761583483638
4.609090972764486,-4.844159836565895
4.608115615223847,-4.845797665713183
4.607159041149181,-4.847564883799961
4.605967455488521,-4.849441661492299
4.605091459066716,-4.851082991308378
4.604072498605249,-4.852583024674722
4.603114652641911,-4.8540586362106515
4.602256422090129,-4.855523096197217
4.601269856356873,-4.85686085675007
4.600084842998047,-4.858372568222071
4.598959526356216,-4.859956801386909
4.597608186469598,-4.861318146125356
4.59637264191102,-4.86252719735133
4.595282154919429,-4.863676315318901
4.593983966918728,-4.864620766298955
4.592557530525232,-4.8656842362788035
4.59085821572239,-4.867131227026853
4.5891161121708395,-4.868536282147477
4.587264144778489,-4.86994203161158
4.585559703964573,-4.871299111718872
4.58380965472684,-4.872611501685508
4.582013223959943,-4.873929319520155
4.580065769608227,-4.875319672610064
4.578068125576294,-4.876771002640459
4.575874381610625,-4.878426605971128
4.573516658546011,-4.88030366214454
4.571263323071181,-4.882111507156937
4.569153406806059,-4.884060704665818
4.566893667360976,-4.885987271956461
4.564436957544458,-4.887972201923596
4.562035788877225,-4.890270356143474
4.559321026767159,-4.892837743125019
4.5566532362310745,-4.895393132321497
4.55402020534527,-4.898188803153828
4.5514386073801,-4.900687098639468
4.548755336026089,-4.903295579098232
4.546030165237468,-4.905993708792743
4.543192814672213,-4.908639110571049
4.540152802761271,-4.911508741947038
4.537234217395734,-4.914683526093033
4.53426882326724,-4.917820933689976
4.531396784173768,-4.920818468774928
4.528463589198516,-4.92374356795541
4.525378066290322,-4.926570608286825
4.522281052575053,-4.9294148499713755
4.51881344059109,-4.932399043148776
4.5153937970204545,-4.935431548255386
4.512256386345962,-4.9382684285259275
4.509067733148367,-4.941205969396827
4.505687360726313,-4.943956357903456
4.502157343217115,-4.946913707615815
4.498399791627163,-4.949944367259496
4.494589170112656,-4.952923393121369
4.490932474039062,-4.955924313919483
4.48716735125446,-4.959023130510708
4.483518581298907,-4.962235803620235
4.479760445972413,-4.965545235062574
4.475740089384507,-4.968973198341599
4.471841257224485,-4.972519624856375
4.467928897822389,-4.976209136144931
4.463969979531186,-4.979816921833315
4.460250629255179,-4.9836577350248215
4.456533550216485,-4.987473905022559
4.4526923282989905,-4.991335806248334
4.448939727940127,-4.995287304848402
4.445274949531221,-4.999181377305789
4.441743346420528,-5.002876324208442
4.4379853507140625,-5.006687682363764
4.434448229430693,-5.01039459797377
4.430919551227761,-5.014046461735413
4.427304257815851,-5.01776531259118
4.423690674361974,-5.02148058527854
4.419886604672833,-5.025246543689138
4.416077860096361,-5.028977889547428
4.412590898666653,-5.032629714574871
4.409283797868294,-5.03605577221488
4.4058606257334985,-5.039662889942703
4.402435312204546,-5.043267506445483
4.398930799053861,-5.046988003242988
4.3954697115951396,-5.050723700338317
4.392120058945365,-5.054308033790377
4.389011269395534,-5.057754063055905
4.385774228323239,-5.061391805913276
4.3826544861876116,-5.064940045020236
4.379456359594807,-5.068685626162581
4.376192643162582,-5.072529265858002
4.372867827979698,-5.076185309535013
4.369699638126366,-5.079883699994569
4.366434632753575,-5.083209129838061
4.363113311505269,-5.086298645862101
4.359797875829726,-5.089393401528563
4.356555961819103,-5.092451107898011
4.353154930510825,-5.095740272343613
4.349656323998727,-5.098935386574655
4.34636259074134,-5.101869503459798
4.3434061390019885,-5.104553230882896
4.340263675294744,-5.107058236521858
4.337358579541603,-5.109415072992043
4.334049825321374,-5.111801008303243
4.330801950850605,-5.114272271434288
4.327517083873626,-5.116389049778248
4.324472503131937,-5.118411579101705
4.321558520117231,-5.1202930964736915
4.3188218708381685,-5.121978153335113
4.316193434542913,-5.123565165194724
4.313293090365785,-5.125187859092338
4.310418574406508,-5.126763725647456
4.307838782481881,-5.128213484896396
4.305245001636545,-5.1296502526630094
4.302718105796486,-5.13083749606681
4.30013859692026,-5.1316659335757056
4.297422059545845,-5.1323634990207685
4.294647550094688,-5.133122490554671
4.291971529850591,-5.13387293387181
4.289234907591215,-5.134559887193898
4.286404011078042,-5.135308285026531
4.283697326194992,-5.135871306595624
4.281026591415882,-5.1363104623861675
4.278480359739487,-5.136500651538656
4.276076837297779,-5.136596391355278
4.273664114608439,-5.136532199704426
4.271149907015224,-5.136683797993207
4.268737911060941,-5.136767669504728
4.2662589979727015,-5.136817458189515
4.263771045733626,-5.13667851198055
4.261355798535192,-5.136491286286656
4.258987298541008,-5.136040355800631
4.256495297563701,-5.135621400944696
4.254070138774413,-5.1351579729984
4.251659411834341,-5.134791494996972
4.2492255817864555,-5.134443819401266
4.24683837417421,-5.134065041938993
4.244654098516037,-5.133507000205092
4.242446480274963,-5.132924468802599
4.2404484314565885,-5.132168067689602
4.238272012886851,-5.131431939096029
4.236394635787645,-5.130981067673913
4.234420530651507,-5.13061907045675
4.232534682504838,-5.130545570376044
4.230829087821336,-5.130637609936178
4.229304516926954,-5.130549996222894
4.227511167182932,-5.130640433082369
4.225973186631897,-5.130601089940924
4.224554016300779,-5.130926198705375
4.2228912019657185,-5.131412768509883
4.221263242857384,-5.132013655093886
4.219633145959973,-5.132973651231624
4.2176711493763674,-5.134016324492102
4.215897816846475,-5.135173761041551
4.214071174001565,-5.136424069551093
4.212308580378786,-5.1377349460516255
4.21081720845477,-5.138801897405105
4.208932646341493,-5.140317824432043
4.2067883369364045,-5.1415861745956875
4.204434667914776,-5.143019678333717
4.202206293216227,-5.144417135101376
4.199816660602241,-5.145660924401214
4.197319972056344,-5.146671384810384
4.1948566585051985,-5.147491101587547
4.192244884463573,-5.1486785865352855
4.189671688456881,-5.149922211636533
4.187018005895732,-5.151257985180625
4.184141192648289,-5.152949134469186
4.181105316359662,-5.154322354421813
4.178013827289604,-5.155702425978708
4.17480487642339,-5.157332990664594
4.171447586110227,-5.158853870012131
4.168158066131872,-5.160430101579948
4.164409439391542,-5.162686633360759
4.160336984674066,-5.16478483473938
4.156182055894516,-5.167052594400392
4.152013220816345,-5.169266205936012
4.147914831527107,-5.171433045708862
4.14399820337701,-5.173772791629816
4.139859562821185,-5.176440983269628
4.135177854471968,-5.179469187088218
4.130896961664202,-5.182877179731561
4.126721783935259,-5.1861284689958005
4.122554935430093,-5.189374259761883
4.118007370123203,-5.192229515052412
4.113859176261109,-5.195421444584142
4.109754812583389,-5.198488645950836
4.105191487569092,-5.201778515639526
4.100793579431075,-5.205226914473523
4.096333197776874,-5.20876794734187
4.092200772981547,-5.212091578144091
4.0879079304885435,-5.215263851109833
4.083640014524409,-5.218351504130893
4.079312257311207,-5.221196933853442
4.074935087305775,-5.2237878458725975
4.070260860506724,-5.226817868187861
4.065685520306965,-5.229651583779121
4.061004935152692,-5.232389655168497
4.056505206204947,-5.234860089867075
4.052143561122774,-5.237158181342485
4.047632228354464,-5.239445420275157
4.043519389979924,-5.241221725968754
4.039425760654728,-5.2430164042116525
4.035662407655521,-5.244592062567387
4.031997072194646,-5.2460226543805
4.028317035514892,-5.247439826992692
4.024460966351752,-5.248973646379311
4.020966497883742,-5.249973501199823
4.01787794364187,-5.251372241301437
4.01503733836571,-5.252183436493246
4.012068449927096,-5.253183639261869
4.00955711356523,-5.254146745616628
4.0068197394532294,-5.25491373451062
4.0037684836456275,-5.256032074369307
4.001541357128186,-5.256404574795299
3.999048313351722,-5.256528718934476
3.996524028878074,-5.2567825539560715
3.9944133315596972,-5.256554278833277
3.9923810545608536,-5.25639969613016
3.990373989911844,-5.256237078704562
3.9885747653577424,-5.25576367562312
3.987299465835679,-5.255780351108741
3.9866029453762457,-5.2550250978867155
3.985523861659976,-5.254272080930775
3.9857643092671196,-5.254752787239148
3.9866443384150303,-5.254414454770529
3.9866705251932655,-5.254600996315654
3.9882082676062782,-5.256033009109649
3.9902067729822783,-5.2564748842978055
3.9914773709115954,-5.2572786782615
3.99426583357001,-5.258790030006296
3.9968502159841504,-5.260124597631772
3.998903058455054,-5.2615662189071895
4.001999850064138,-5.263636388533336
4.005113744800315,-5.26625562045042
4.007887315769192,-5.268445505052886
4.010875146616887,-5.271119301473894
4.013942893438224,-5.273736875003544
4.016830946473355,-5.276288993055913
4.019819672802781,-5.278886776832805
4.023058331283903,-5.2813159562970196
4.025860698290453,-5.284389203153727
4.028291114264986,-5.2871490135806125
4.031344109143696,-5.289774674016863
4.033705079226128,-5.293314434919464
4.035259903400428,-5.2957351056753135
4.038020065968444,-5.297487341516604
4.039965931328007,-5.300444002631956
4.040522188494456,-5.302286751401738
4.042392243429579,-5.303341310660643
4.041938471648075,-5.30434198893975
4.0423080557898405,-5.304976648968281
4.0417893670336245,-5.3047807798371265
4.0405170659608185,-5.3055841015278915
4.038907525326289,-5.306105138032715
4.0381834798207485,-5.3062314769242045
4.036902553787279,-5.305863024093427
4.03492683251212,-5.306521612438192
4.033001104595299,-5.30685462323069
4.0310402869457524,-5.307690935324548
4.029116045926138,-5.308472000949696
4.026990007210601,-5.3093861538436515
4.025709694050599,-5.311091743715458
4.024732204786867,-5.31234924271965
4.022657122282685,-5.314332230452671
4.021849983412602,-5.31750011769774
4.021420435700216,-5.320109724748197
4.020312529243534,-5.32316775598817
4.020291813214727,-5.327240495580464
4.020844849845681,-5.330464046307886
4.020568970037658,-5.334234539818336
4.020749850252357,-5.338430419603921
4.02035747713731,-5.34303967313908
4.0215638737321155,-5.348036607730866
4.021067720076498,-5.352436577927096
4.020722392389174,-5.356612468832208
4.02211323308373,-5.36082153055062
4.022346545611411,-5.3639807432879145
4.021463636461195,-5.368358677690573
4.021984788073839,-5.371375329806687
4.022050452970012,-5.37396810177102
4.0217963469303015,-5.376564823970643
4.022360996314856,-5.378631607274084
4.022406321182472,-5.380215395179692
4.02258189275901,-5.381713659168176
4.023112025036638,-5.3826863922223165
4.023309034188682,-5.383349315817945
4.024175423822963,-5.383571765803392
4.025114240640819,-5.383687085517684
4.025722872991038,-5.383495102301682
4.026284461925431,-5.383334126553558
4.02728367239733,-5.3825242013191374
4.028063816522382,-5.381510141683842
4.029096036881424,-5.3803300691868925
4.030432264980897,-5.378699143807157
4.032220687971788,-5.377488650633188
4.033315434904379,-5.376734751709813
4.034814888611839,-5.375380567298659
4.037640889142278,-5.374397732278079
4.038851605733557,-5.3747640179971
4.044157377566199,-5.376525867090777
4.047981826487314,-5.379622124616947
4.052909018055309,-5.383513547781241
4.058224115167346,-5.386284036953927
4.063657239848657,-5.3896624626924305
4.068406290217035,-5.393488518555572
4.0737121142604105,-5.397833570484311
4.079446888217879,-5.401536029471876
4.084703961330169,-5.4055489295178365
4.090240206141238,-5.409822397998578
4.09577235750732,-5.414029345240278
4.101493214268525,-5.418555561889196
4.1062465369719705,-5.422947115506278
4.111029751335654,-5.427288471492026
4.116764348305844,-5.431692603793268
4.121599343124717,-5.435407325331343
4.126233601396677,-5.439417281838974
4.131723290813164,-5.443398988617203
4.135899158301929,-5.4467643898153035
4.139666503025563,-5.450737509003158
4.144502982572434,-5.454384146559454
4.148429554643971,-5.45730110217057
4.152106452401512,-5.460145186606395
4.155088386573938,-5.462169813518621
4.158608861238214,-5.463843091710658
4.16145447104708,-5.466415739865423
4.1636368522867935,-5.468199520532266
4.165576087544822,-5.4697292030838245
4.167966193841161,-5.47083894205083
4.170029047188712,-5.472439950453605
4.171697702928442,-5.4733359151381675
4.173272499852856,-5.473828307035895
4.174465653166208,-5.474893816846195
4.175487000994324,-5.475591469008073
4.176378845533187,-5.475881834835197
4.176962208340929,-5.476635525001988
4.1779234307304876,-5.4771433335368
4.178201951548988,-5.477563085427051
4.178415417324184,-5.478080838266016
4.178852458725597,-5.478842392068358
4.178880902876835,-5.479601659765148
4.178824588404014,-5.48048845856566
4.179531826748516,-5.4818144013185055
4.17950820038999,-5.4835761382684645
4.179785495460035,-5.48488712856713
4.180394924767549,-5.486780077889868
4.181133624649009,-5.489551527004185
4.1823659388233585,-5.491784061047091
4.183519918522681,-5.49496250219481
4.185003702301289,-5.497634500647753
4.185101498507711,-5.499179283426118
4.185502592269937,-5.500075747326217
4.185928082533939,-5.501227241269555
4.186369979636771,-5.502720241485842
4.187049538059109,-5.503855884644637
4.187868853583179,-5.505259370630815
4.188530236490767,-5.506737491721384
4.189330018333753,-5.508007052672212
4.190479152798834,-5.509200845556077
4.1910955225838915,-5.510237754309329
4.191967195154451,-5.51095926184155
4.192571196042243,-5.511431406214259
4.193840484367502,-5.511471205520659
4.194808154752947,-5.511963903826419
4.195278815392196,-5.511993557714318
4.195783204743797,-5.512001268577406
4.196203116744199,-5.512135860463443
4.196060582575618,-5.511746365691854
4.196532203250644,-5.510957993461145
4.19714117746195,-5.510696770852171
4.1974091657413615,-5.510374811887379
4.197660452814285,-5.509918510796536
4.19823836143269,-5.509848243594277
4.198543304988939,-5.509865174976746
4.198809943852787,-5.509711403731626
4.1993393039862505,-5.509459608249323
4.199901820724721,-5.509158070408036
4.200451690077034,-5.508844062716834
4.201197009880984,-5.508529557854774
4.201693833223776,-5.508588722419093
4.201929826138309,-5.5087428411050645
4.202542299147884,-5.509117722334186
4.203364514207933,-5.509177501617962
4.204178586999535,-5.509303628111093
4.205328298414568,-5.509682914617201
4.206285510830612,-5.5102625191212455
4.206960676103579,-5.511178548124392
4.208042308593599,-5.5123037256976035
4.209314860932665,-5.51327186375245
4.210654623294068,-5.514031433920834
4.212210635019597,-5.51499264781873
4.213687873625197,-5.515657157599961
4.215128812897117,-5.5163451488871065
4.216542571901991,-5.516844358565916
4.217773173304666,-5.517499386311428
4.219232495002698,-5.517727186347907
4.220239817052797,-5.517286560361498
4.221079453660574,-5.516689622857806
4.221974669226056,-5.516008992506385
4.2228858942628404,-5.515317982751301
4.223396072026919,-5.514252879249629
4.224004302089382,-5.51323429746439
4.224501125763468,-5.512017630441894
4.225195433779537,-5.51065850980953
4.225891199799221,-5.509297180314948
4.226533159535649,-5.507612283387439
4.2272674645070305,-5.505790990859085
4.227883945543579,-5.504146951572982
4.228380760239148,-5.502428811599367
4.2291607592160565,-5.500634316492648
4.229878100267596,-5.4989340349961715
4.230797199638302,-5.497082281125531
4.23147635279198,-5.495292004920103
4.2323309877828565,-5.493320460141526
4.233234707645721,-5.491430391603571
4.234110134484702,-5.489558533848599
4.234994940797607,-5.487593613014899
4.236141373707306,-5.48578715971533
4.237266005974557,-5.48399476595673
4.238051974015782,-5.481853734317461
4.239100936880068,-5.479316935046044
4.240128038493161,-5.476939733528342
4.241196172596656,-5.474559562539873
4.242275989154368,-5.472161790626555
4.243530807004907,-5.469846288218339
4.24467419089289,-5.467771344574396
4.245778118070931,-5.465755760514566
4.246764627603998,-5.463837242224512
4.247646294018181,-5.462004241487695
4.248521929579055,-5.460209287081858
4.249466697415468,-5.458479159319513
4.250423776087695,-5.45674105052233
4.25126394528963,-5.455178810424733
4.251895145363649,-5.45355555129592
4.252443985490927,-5.452006747841108
4.25319243045602,-5.450247204042949
4.253654754907638,-5.448199399997482
4.254067428328174,-5.446275012634255
4.254313907944746,-5.4444613900982315
4.254442906776919,-5.442951031675235
4.254704694268345,-5.4415652361651725
4.2546896867960795,-5.440635667821937
4.254701078932589,-5.439549528698592
4.254936933373972,-5.438837669156414
4.255199834463194,-5.438108243136355
4.2553180793018575,-5.437826630585755
4.255336085380822,-5.437634417652285
4.255376326437531,-5.437563252133333
4.255132530768728,-5.4379191846819595
4.254338180119137,-5.437761115341314
4.254159342222219,-5.43735004564816
4.253636326758161,-5.437456425001983
4.252160467279558,-5.436763372013078
4.251362037505336,-5.435643423136566
4.249982157704999,-5.435396966403681
4.247250039269321,-5.434156920789296
4.245375187219695,-5.432434188888386
4.2433596303539485,-5.430920842338927
4.2403426549894,-5.428429881008976
4.237854842174667,-5.425483322550668
4.235268276151256,-5.422545678361361
4.23232182870471,-5.419961405355431
4.2288752572374575,-5.416907951375868
4.225432559706703,-5.413793166611616
4.222287570872436,-5.410226380765186
4.219032181699755,-5.4065692571873925
4.216322474786669,-5.402167928862608
4.213325180367125,-5.398538382977906
4.210735445682571,-5.395455643334323
4.206652675724341,-5.393427467288673
4.205147646976892,-5.391660919329244
4.201922317503792,-5.39101914884275
4.200861433303931,-5.392407717310032
4.200910280266009,-5.392135022079844
4.19904062736034,-5.393116580838493
4.199214487347425,-5.396013092838839
4.200296956346827,-5.397546342807889
4.200238812402696,-5.399822708912752
4.201676536124755,-5.403499312149148
4.20384548837393,-5.40604481523369
4.206172755616778,-5.408757480191394
4.208013153682842,-5.411782563039264
4.210187305471195,-5.415216159743003
4.2124471335707865,-5.418720667822516
4.2151725931534845,-5.421914700142381
4.217091354425995,-5.4245823678599105
4.218805322207332,-5.42802979052959
4.222049454943582,-5.430442817709964
4.223504216695266,-5.431162476204315
4.223843867730548,-5.4335533607621
4.225903615640762,-5.434537736909619
4.226204662474127,-5.433180071861099
4.224945797297686,-5.434164338780036
4.225779234029519,-5.433513549864489
4.224416190915657,-5.43062534963165
4.221800305788723,-5.42961602742832
4.220839803045912,-5.427502406584534
4.218173981897447,-5.423689935232515
4.214565793569848,-5.421285362190252
4.212862579029664,-5.418505138940539
4.209624583326228,-5.415111812695688
4.206116943182454,-5.4121152272381305
4.204071799471728,-5.409578985103363
4.201030292944956,-5.40716707508665
4.197512558756776,-5.402906881198988
4.194771733895752,-5.400348396494112
4.191250352327295,-5.3982973590700984
4.188473472592005,-5.3963314107162486
4.186334476119424,-5.395459497236425
4.184678012323139,-5.395989280643054
4.182059931286069,-5.39723764401598
4.180103864146643,-5.3974954682074205
4.180292418018657,-5.3997626669607595
4.179323331784098,-5.402786360738286
4.178742249754545,-5.405229199376817
4.179933584356944,-5.409176230986942
4.179229928810105,-5.4147922614611135
4.179747584067269,-5.418232547451847
4.181044150413314,-5.422569697452162
4.183063372702855,-5.426432573568994
4.183102583906219,-5.429163229840787
4.1859111718378035,-5.431592126906665
4.185948642180967,-5.432388853131155
4.185565032135184,-5.433816370526632
4.18735880863658,-5.434334768867733
4.18717511825479,-5.432747557821169
4.18633390117635,-5.432144637947888
4.186652086042399,-5.430617897903753
4.18480580207306,-5.426992749626932
4.182601488084375,-5.4241680732256645
4.180157040617563,-5.421233220720714
4.177580039473635,-5.417555773441525
4.175154756052837,-5.413174998859475
4.1726984178143915,-5.408833490442346
4.169181222798737,-5.404152055020813
4.166917580363332,-5.399779223139552
4.164958172005641,-5.3949447233494
4.160866594627761,-5.390592156088966
4.158934244210505,-5.3877105088425825
4.158269117281616,-5.382932735285686
4.1553209349675075,-5.379056400686084
4.155027882412244,-5.376976717829481
4.155925791885169,-5.372564188573274
4.154373533148956,-5.369757594379021
4.155144776608243,-5.369128790000796
4.1571493946341755,-5.366645996910454
4.157899899006088,-5.365667849121658
4.159976759359183,-5.366598672228423
4.163865628806731,-5.366209808453381
4.167914629441514,-5.369348024233916
4.173032068818783,-5.374455712765412
4.1786302520951395,-5.378829471863987
4.183315610499609,-5.383790501787001
4.188835650365121,-5.389533567333726
4.195104741335076,-5.396689925988021
4.201688781504317,-5.403288467431016
4.208440974842093,-5.410088562848857
4.214344538834895,-5.4169380069935436
4.220661252289893,-5.423622772575722
4.2259144216854745,-5.429309458416805
4.231957975672971,-5.43465357570872
4.237743870365301,-5.440594185210344
4.241752910342863,-5.444868453094784
4.246457160708245,-5.449040595044656
4.250650348837226,-5.454108910533216
4.2529482570189465,-5.457399907980397
4.25625059606334,-5.460353731330159
4.259220281868505,-5.464346996145315
4.260214997127575,-5.466489013122517
4.261683526140705,-5.468608153812098
4.262734707828264,-5.47162890205241
4.2620613103096785,-5.472950661407601
4.2615437559276215,-5.473461574516788
4.2601911917455935,-5.47522989635055
4.258853492304776,-5.4764819324250045
4.257162594120013,-5.477659534362788
4.255240191488365,-5.479184922750625
4.253450423567689,-5.480789562348023
4.252258187390165,-5.483027018603966
4.250624266812164,-5.485657702916776
4.249192708540369,-5.48811084932951
4.248266601860183,-5.49103933237782
4.246839978586826,-5.49426786541794
4.245627838424887,-5.497336621335497
4.245019971436463,-5.500972673914158
4.2439695708689955,-5.5049051597944905
4.243038583593398,-5.508738733788015
4.2430446026987525,-5.512861765981873
4.242718076142142,-5.517191189375848
4.24230271346678,-5.521603417697093
4.242134707722561,-5.526439292832058
4.24174036292619,-5.5312460954022935
4.241575119249135,-5.53627813404497
4.241658710128352,-5.541150580262462
4.242303807111212,-5.546610780037942
4.243067425521527,-5.551908040432534
4.2435093487823705,-5.556907150592322
4.244229445766275,-5.561797062165533
4.24446030102648,-5.5660423276782565
4.243313273502383,-5.5677911468447
4.242130280265782,-5.568527770070513
4.241149310943711,-5.568959012098613
4.240684957527033,-5.5693461577368755
4.239494210376291,-5.5693967026920985
4.238519414735749,-5.569120549881418
4.237725658349054,-5.568892125506647
4.236628242124424,-5.568535319364206
4.236004128861083,-5.567463465373146
4.2356515393423315,-5.5667004297525295
4.235106355951299,-5.566034901360358
4.2348592295191665,-5.564919190087197
4.2347055946081635,-5.564309071273911
4.2343142781799,-5.564168633189293
4.235296350444555,-5.563308307977999
4.235864765208898,-5.562715488847725
4.237271837008908,-5.562903576895183
4.239372964482587,-5.562044286061942
4.240492363422458,-5.561819758579768
4.243526018966738,-5.5635313318947075
4.247178546335682,-5.565000251162935
4.250687575497018,-5.566407483808004
4.255095482456835,-5.568572596952794
4.2601604374367446,-5.571350382865658
4.265617595572389,-5.5735324635314285
4.27057278561756,-5.576036724765196
4.275823299275403,-5.57881703812602
4.281092830680668,-5.581670507355221
4.286557874062534,-5.584754106344089
4.2918680069604935,-5.5880322014600035
4.297474348586704,-5.590856898542391
4.303117055496954,-5.59395189833188
4.308729858875349,-5.597077902187349
4.314400330439299,-5.600110896720515
4.319967683526824,-5.603349422273129
4.3255538754888985,-5.606629765466749
4.331022607338634,-5.609986661302085
4.336594542455239,-5.613310527523496
4.341823055243537,-5.616822857854881
4.3472294481635965,-5.6201842089536465
4.352887635106383,-5.6238076397284935
4.358426030780956,-5.62771366798704
4.363765159488358,-5.6319244405215665
4.369040441135628,-5.636075945357021
4.374054742738267,-5.6405512330241505
4.378875570628086,-5.644222922237787
4.3835873085749535,-5.647785016633859
4.38784805260714,-5.651780758967958
4.392255572179478,-5.655679991756889
4.396618237187677,-5.6597274210928274
4.400512099489476,-5.664111959860488
4.4045592903349835,-5.6683962928805505
4.408573326712114,-5.672756299290781
4.412234526607281,-5.6772062561304875
4.416050002525701,-5.681555891655253
4.4199724683424515,-5.685926738310326
4.423481962919434,-5.6906728302178005
4.427141818452654,-5.695321459258089
4.430830362328875,-5.700300005617252
4.434137427566198,-5.705115953602409
4.437639979576266,-5.709806161873905
4.441195494922,-5.7147439311287265
4.444220635371681,-5.719624197468345
4.447448737857839,-5.724374572299195
4.44994082561919,-5.729402222391221
4.452560758019544,-5.734135685274533
4.4546494497059586,-5.738565666634598
4.456437568852869,-5.743487637695918
4.458452593514398,-5.748266081574471
4.459114694229511,-5.7517252695697465
4.45957519085666,-5.754996613893863
4.460092077112731,-5.758389747244271
4.4603149709064605,-5.762136860866386
4.460358914213332,-5.7657175876002285
4.460143362797648,-5.769619819213401
4.460147579982687,-5.773331212749305
4.459943112806434,-5.7768487994245294
4.459914899445124,-5.780235725581274
4.4595790907182815,-5.783543507022974
4.459410769019019,-5.786672267518713
4.459081891800578,-5.7900594603369315
4.458561907507681,-5.793283036515699
4.458046731977574,-5.796454559618326
4.45739456602421,-5.799794851538723
4.45685241788892,-5.802745891247419
4.456505061939545,-5.805855689111904
4.456070678147396,-5.809008486495528
4.456730929637824,-5.8134556557824135
4.457422978882655,-5.818070426098868
4.457740647025773,-5.82296690144925
4.458153117139344,-5.827924334443964
4.459009321045078,-5.832199426658636
4.459701683325602,-5.836578851906957
4.4610281532389235,-5.841547003348648
4.462722755752024,-5.845948333387807
4.4633366701164165,-5.851032035441655
4.4647417191723076,-5.856848912028576
4.4666698924729475,-5.861857944417632
4.468262165160079,-5.867077749128355
4.4703322909047545,-5.872739499581914
4.472873163490807,-5.877672341567206
4.474782819409098,-5.883000831783822
4.476857327727573,-5.888480768658263
4.479019908219855,-5.8938215928725635
4.481218491575032,-5.899137384900521
4.483423770945672,-5.904458213235285
4.485809096433988,-5.909345410346288
4.487963437136776,-5.914101120841868
4.490145519100371,-5.918600808582357
4.492265476954629,-5.923193838385856
4.4962624736812185,-5.929793785157019
4.499842289665023,-5.936007452024958
4.503977958592828,-5.94170789930441
4.508162500521332,-5.947547661863884
4.511637531571984,-5.952731506127014
4.515596902102501,-5.957824404980503
4.519449074542737,-5.962984463169924
4.5227012881918816,-5.967590198129553
4.526694479119785,-5.971732753545222
4.530444382038627,-5.97625426452933
4.533698870044195,-5.980318268380529
4.5368782208376635,-5.984430229006561
4.540095075095058,-5.988485320695003
4.542981870107173,-5.992235756603689
4.546246813285492,-5.995751249823899
4.549239624177625,-5.999692242452607
4.552189129980415,-6.003815704153258
4.554765052429195,-6.008263390889338
4.557425146278066,-6.0125821023191
4.560198827970513,-6.017006053994528
4.562948900518407,-6.021457242759072
4.565327761623071,-6.026135759504484
4.568024213385075,-6.031107745466045
4.571255843811817,-6.036564043485077
4.5741725330101115,-6.042513787200613
4.576553424579511,-6.048521803305865
4.579446808789329,-6.054846566784421
4.581092909974872,-6.059883224514892
4.582287110760401,-6.065045850518604
4.583980556104133,-6.070389329517429
4.58519733365216,-6.075668103112181
4.58590027365406,-6.081460229698434
4.586940485443666,-6.087322409075358
4.587325049842659,-6.092780229060522
4.587504933208232,-6.098541976763628
4.588407389666865,-6.1038521773555825
4.588340243966105,-6.10876673526521
4.58816633795626,-6.114022031166072
4.588343699332154,-6.1190614515418895
4.587838111702406,-6.123906785801012
4.587230875137323,-6.129049978464586
4.586825248053407,-6.13407041030701
4.586255562237655,-6.138911810008635
4.585935720174925,-6.143783991283026
4.58561436599994,-6.148658988757853
4.58505666280885,-6.153699627915056
4.5847754629131465,-6.158835819454396
4.5849561743501965,-6.164437603284458
4.584928943135359,-6.170170153984784
4.585021310784921,-6.175717427756147
4.583228970079573,-6.179270990316119
4.581768266358376,-6.183054162356683
4.579941867562571,-6.187070806609949
4.578303603151773,-6.190795119753037
4.577040774595664,-6.19486375432099
4.575269063483652,-6.199387733578192
4.573447827340092,-6.203803826323281
4.572301374438705,-6.208837023649699
4.570551409502388,-6.214218861906678
4.569024212615849,-6.219194795534849
4.568035089348229,-6.224661443799969
4.566739812647969,-6.230458699228195
4.565234475696919,-6.236243256351916
4.564194258667269,-6.242450732945012
4.56285099618276,-6.2488535147057895
4.561603364020802,-6.254989332927741
4.560709922619154,-6.261225912054178
4.559999723665851,-6.2671732952947
4.558870964760441,-6.273376174769
4.557688859747231,-6.279528404692829
4.557020944190553,-6.2864733204503915
4.556812869683726,-6.293134661988926
4.556173384325825,-6.299402881037344
4.5550227544105395,-6.305186610849264
4.55400929340249,-6.310772333412909
4.553044781781566,-6.315857305637329
4.551578000623888,-6.320858599891839
4.5499363042485355,-6.325677806271845
4.548676677120122,-6.33026295393884
4.546936773476636,-6.334812351873875
4.545220157030148,-6.339007982087079
4.543755935889219,-6.343049288919816
4.542011957425337,-6.347080819194616
4.540250100346152,-6.3508974896811425
4.538532997403924,-6.354687007170213
4.536673049460301,-6.358709633707602
4.535132244392762,-6.362531854076094
4.533245407123767,-6.366460426338542
4.531366158210263,-6.3703961052327225
4.529706867795601,-6.374098394494075
4.5279744544399545,-6.3777617213723685
4.526399241869948,-6.3814308685881
4.524848640894398,-6.385153453360059
4.523185898450516,-6.389389609102105
4.521536813930537,-6.393628439478814
4.5199754576671864,-6.397566543166334
4.518192391943977,-6.401415146482958
4.516134414248122,-6.404943235557509
4.514183772781585,-6.408529431579027
4.511946115827763,-6.412271529611919
4.509665446030444,-6.416009568119555
4.507238196178551,-6.419949193954541
4.5048922842362344,-6.423736938236285
4.502400582524201,-6.4276136884311565
4.500182341945363,-6.4317363505583565
4.498009516677879,-6.4357874730070135
4.495939517959274,-6.439775955304913
4.493784439302271,-6.443688173178849
4.4916208735921295,-6.447613774676808
4.489542480646697,-6.45148756161781
4.487320345039305,-6.455232660691083
4.485186952409857,-6.45883795173808
4.483205276870942,-6.462350953765464
4.48109876403985,-6.465752396210582
4.479073618562264,-6.46964056018693
4.4771683109147,-6.473454989365162
4.474783656499344,-6.477253865412878
4.472343607912754,-6.4811400283285545
4.470406547875699,-6.484849528794251
4.468394231563053,-6.488585748965976
4.465680208337458,-6.4918201102105
4.462928669760382,-6.4951437149551285
4.460080286479955,-6.498745257016385
4.457148129440187,-6.502559902998186
4.454053033730263,-6.506473727588345
4.451393424668066,-6.510776295876787
4.448731508502495,-6.514933362062669
4.446038844480132,-6.519387344983314
4.443371091201883,-6.523852799990209
4.4407389904043555,-6.5282620684600765
4.437964018968692,-6.53295085134887
4.435251942385613,-6.537611365608334
4.43263464290238,-6.542122515591882
4.430098123540554,-6.546732092883296
4.427428838206122,-6.55126256654177
4.424683859819543,-6.5559122717395555
4.421629812588413,-6.560709818472598
4.418771966822395,-6.56525416524703
4.415871820525027,-6.569730729544635
4.412812884735652,-6.574344511571019
4.409830569535337,-6.578911623898422
4.4068277600208665,-6.583198755835671
4.403620135115202,-6.587716503750417
4.400046749888051,-6.591753622728046
4.396341301449285,-6.595646110748546
4.392459919777622,-6.599978648302589
4.388654672012672,-6.6042649761276655
4.384654020149564,-6.608404410537883
4.38045926041364,-6.6126474258496195
4.376302282480797,-6.6168675638937104
4.371996516326424,-6.620922273737933
4.36754089210398,-6.625194670525621
4.3628593789209225,-6.629700396367413
4.358243264243861,-6.634052998516105
4.353098120562387,-6.638662233220777
4.347959552923966,-6.643022632945993
4.342558230768983,-6.647542194229246
4.337087257657824,-6.652169296072366
4.331593124228112,-6.6568162660470165
4.325815448964933,-6.661634934169588
4.32000072207337,-6.666575914276079
4.314312145263284,-6.6714904634935595
4.308743903291552,-6.676208893518901
4.302718663327482,-6.68115446607897
4.296730784252129,-6.685427496294162
4.290755108915103,-6.68971138825372
4.284983204402634,-6.693872038590748
4.279121036056568,-6.698174343955152
4.273212146288988,-6.702436225878034
4.267045453564416,-6.706854055828947
4.26123616215365,-6.7107105085556125
4.255301842679072,-6.714457829631367
4.249723085481947,-6.717990120382135
4.2443460273177624,-6.721124542434317
4.239039739044403,-6.7241106426875215
4.2337170665945125,-6.726921187112613
4.228488269549128,-6.729584215108053
4.223222700775156,-6.731898850002281
4.218338667037708,-6.733955985343908
4.213697956374571,-6.735631041656312
4.209171393422267,-6.737008253888798
4.204938508388916,-6.738197450520312
4.200731688836974,-6.7393450298475805
4.196457837442496,-6.740408396760347
4.19243138146767,-6.741480815489023
4.18885577540048,-6.742445906954564
4.185759332611541,-6.742929846473789
4.182723497048804,-6.743484571389017
4.179910636840699,-6.743985603521023
4.177325850747403,-6.7441290440672805
4.174702298971061,-6.744371999288573
4.1722049003712005,-6.744729841058864
4.170051093772484,-6.744707037340748
4.1680413965304925,-6.744524270380752
4.166259959534913,-6.744539479832794
4.164753098102964,-6.744152818705446
4.163132323574296,-6.743947541488385
4.161490541222726,-6.744030895654883
4.1601555941825445,-6.744104451525416
4.15924601359432,-6.743767722399142
4.158472199396692,-6.743591352513052
4.158091765448909,-6.743151037017529
4.157927442371552,-6.742492909270167
4.157656100588546,-6.742013594796459
4.157779047777838,-6.741158899033742
4.157953327189507,-6.740462489690238
4.158129982189896,-6.739171682706598
4.158243728877309,-6.737852811874627
4.15832093383045,-6.736502412385128
4.158643002640286,-6.735013771213561
4.159112535869954,-6.733375066407553
4.159346346079099,-6.731517564910983
4.159366730895882,-6.730197948372881
4.1597404535999924,-6.7286641426690705
4.1598535023850305,-6.72716244178128
4.15981878990866,-6.725863231195521
4.160006674667975,-6.724428983611344
4.160018630033979,-6.722699918144125
4.159838406630615,-6.721172423968803
4.159724750616925,-6.719604414898719
4.159455891317863,-6.718277592561803
4.159185572345963,-6.71714958000141
4.158738336970489,-6.716128793815386
4.15828413685405,-6.715332287597547
4.158049374347974,-6.714367539456966
4.157368251359689,-6.713673631829786
4.1566961815853425,-6.712983515170187
4.156300681806547,-6.712474802406936
4.15531681111955,-6.712323246888219
4.154256302397174,-6.712387195067855
4.152911128149921,-6.71210507901565
4.151334570330367,-6.711897419208036
4.149545937995663,-6.711840076675595
4.147762535025267,-6.711787093088402
4.145557057475304,-6.712134556966303
4.143106350205115,-6.712218242475823
4.1405303929423205,-6.712568151886904
4.137797008682294,-6.713207627740436
4.13474026975745,-6.713813896888852
4.131514557682417,-6.7146315252446955
4.128288550687263,-6.715354301820973
4.124859813351668,-6.7158959652553785
4.121586673038479,-6.716352686209603
4.118330751211116,-6.717008112504235
4.114729442275349,-6.717364498283155
4.111095321605374,-6.717740774942194
4.107594397032923,-6.71790240261683
4.104082453907424,-6.717748422857942
4.10056784186586,-6.717310284171572
4.0968240114147125,-6.717228618895018
4.0930727973018195,-6.71709826794631
4.089083245211535,-6.716899128256385
4.084968349748766,-6.716894289727286
4.0809128243465915,-6.71664179653533
4.07673108720986,-6.716280694632994
4.0726226212093986,-6.715830048029818
4.068968919801842,-6.715593483066556
4.065480191445846,-6.715305892528494
4.061910425460009,-6.7151312234307134
4.058399411096757,-6.714864355463829
4.05473017554356,-6.714584593676792
4.051130199406413,-6.714515859279616
4.048081226130782,-6.71359056938397
4.045099513331713,-6.712623740819766
4.042318009220017,-6.711763647131227
4.039795010080846,-6.710501925383088
4.037128597132135,-6.709342421265002
4.034526488794178,-6.708491352576028
4.0321512044760635,-6.70728840075049
4.030208638203003,-6.7058081189286805
4.0285619399734385,-6.704183592173337
4.026815349325072,-6.702542039555779
4.025359124458672,-6.700701729880279
4.023725686287883,-6.698687756648701
4.021982031900508,-6.696880910187257
4.020902358163015,-6.69460335981342
4.020001871572734,-6.692205455404771
4.019019581966981,-6.689795615971054
4.018244031936395,-6.6872418582279645
4.017544333689988,-6.684583187119898
4.017253732658919,-6.682380055342643
4.016892117165166,-6.680286779704648
4.016836409609942,-6.678006345357103
4.016807414353337,-6.675748786723797
4.017247723448262,-6.672886890190833
4.018051212197984,-6.669832908753048
4.018511502015058,-6.666590458460806
4.019157905105422,-6.66305958059342
4.020053454246067,-6.65960768850791
4.02077838295729,-6.6559265863079
4.021719298244747,-6.651910882390643
4.02340999605653,-6.647740955684924
4.024337905557451,-6.643395419918952
4.025500122636407,-6.638686925908515
4.027183457818908,-6.634048865263847
4.028602808225757,-6.629176016527389
4.030035557188795,-6.6242821328834705
4.031279350213311,-6.6191308891028955
4.03273049856205,-6.613852208314221
4.034021482241775,-6.60826613052526
4.035486330608775,-6.602497998056032
4.037087470746955,-6.596645845282101
4.038701016629679,-6.590721927820099
4.040408331184637,-6.584979799033804
4.042300398364776,-6.579306173950433
4.044438063191372,-6.573885529140732
4.046738948278972,-6.568212481239615
4.048911982608411,-6.562567484528709
4.05149604120412,-6.557095977315014
4.054212401155203,-6.551419988944292
4.056904678518249,-6.545868945484922
4.059981973346063,-6.540501269981578
4.062954594330421,-6.535262722884965
4.066008593681101,-6.530095467704002
4.068828621046037,-6.5250724006355085
4.07168548880974,-6.519992445555723
4.074629616209616,-6.514989232969322
4.077862007980327,-6.509808642256171
4.080935305590765,-6.504873880551422
4.083795719918059,-6.500038896258214
4.085567286023385,-6.494482412175732
4.087453666431241,-6.488855440205049
4.089159838216078,-6.483316022041238
4.090846442432786,-6.47777866097552
4.092743052176256,-6.47211198688846
4.0941425309588135,-6.466969691747794
4.095290209016306,-6.46188635412486
4.09644130961015,-6.456886676161306
4.097445129336023,-6.452114402299454
4.0981792199765135,-6.447278669880711
4.099027528519675,-6.442416114142533
4.099771764329672,-6.437714116193499
4.100378020777792,-6.433066443846967
4.101044589568017,-6.428461535732368
4.101234422268291,-6.424592000794759
4.100995411134519,-6.420860320947983
4.100914681490586,-6.41743364752687
4.100731543589811,-6.41416485898125
4.100483511191075,-6.410977558237082
4.100476481163391,-6.407978502838207
4.10008019433372,-6.405579535666078
4.099108514656149,-6.403491213072958
4.0984004573971795,-6.4018897242133
4.097494563598059,-6.400473017839922
4.0954871785413625,-6.398302170348233
4.0938077385598435,-6.396329266837895
4.092089686923377,-6.394410122056413
4.090582398883898,-6.393022732657568
4.088621376786945,-6.391834904380804
4.086902863115421,-6.390927730101721
4.08516088391625,-6.390331952575087
4.083313580149419,-6.389694629902261
4.08155226809524,-6.389132891440616
4.079957504067559,-6.388433774532665
4.078367362974979,-6.38783117078953
4.076503624373063,-6.386990930870058
4.074435355544011,-6.386466020466059
4.072527320918737,-6.386013042205398
4.0704317616108625,-6.385156751870251
4.068095950980758,-6.384615603999146
4.065977938071414,-6.3841189007301615
4.063570852158603,-6.383385426227437
4.060749286746881,-6.383076692070761
4.057982508544268,-6.382792380282172
4.0555751444707875,-6.382128826103318
4.053113754560935,-6.381644113621774
4.050662957433361,-6.381168539060716
4.048044418759363,-6.380845073631043
4.045297025277221,-6.380524206509409
4.042650605894193,-6.380291891421289
4.040814581071456,-6.380888732376364
4.039128224106536,-6.381392589183405
4.03730970481201,-6.381898327984134
4.035602489794734,-6.382495427148196
4.0336287801913935,-6.383258234521605
4.031822170492918,-6.383757811913494
4.030095983330828,-6.384290161128868
4.028631791061375,-6.384659688351959
4.027320016261959,-6.38485230572341
4.026312199512688,-6.384950218339921
4.025402290578698,-6.3849873338077066
4.024536940295192,-6.384809073024371
4.0236705195816045,-6.384682516883877
4.02297999527742,-6.384446677121378
4.022565935373468,-6.383750340610169
4.022325530736648,-6.38299288881664
4.02295800459065,-6.382258686744007
4.023424769584037,-6.381153654101314
4.0240830177476505,-6.379888168320955
4.0248815144266175,-6.378392994844717
4.025650891375587,-6.3764994398637365
4.0268556775101345,-6.374380899241369
4.028194414025022,-6.3722106236141345
4.029430149430849,-6.36980686969646
4.03166863007149,-6.368211414153978
4.033947523210366,-6.366498923745706
4.036142498471633,-6.364712510299818
4.038901560208849,-6.362610934021528
4.04162939804039,-6.3606894775450105
4.0442747209180565,-6.358628128137564
4.046914427200888,-6.356399739981708
4.0496465477414825,-6.354192322063191
4.0522451937901485,-6.351866738055254
4.054888918792755,-6.349519576424212
4.0575796994164,-6.34694105627968
4.060350098461464,-6.344428644597542
4.063129018840644,-6.341970339663732
4.0659295991308735,-6.339247490980888
4.068647875754788,-6.336688887366252
4.0714535558450216,-6.3340757493578765
4.074053282661583,-6.33126262689853
4.0769521013511385,-6.32799036286912
4.080234785411922,-6.3246539556622885
4.083492020106137,-6.321152330914468
4.08671722870591,-6.317833492983409
4.089705072230139,-6.3146622848471745
4.092648597098305,-6.3114509373805765
4.0957043926160575,-6.308067330416377
4.099100162506821,-6.304471687982364
4.102610451584819,-6.300976460841695
4.106169645004087,-6.297406396208679
4.109535150070059,-6.293956828970416
4.1130645618077075,-6.290651859880221
4.116656375177755,-6.2872512553302045
4.120507733333994,-6.28368873720305
4.124426825977535,-6.280185473885462
4.128579123583142,-6.276324068037168
4.13251657801211,-6.272596472983515
4.136323602711529,-6.268752171616006
4.140231676140898,-6.264981037029299
4.143987320376979,-6.261277031630311
4.147744129049885,-6.257573223710484
4.151739983429759,-6.253700284875511
4.1556615483589425,-6.249773905330531
4.159511810659888,-6.245767207171062
4.163091123615992,-6.241732162470767
4.166084092586292,-6.237495501576852
4.169398261704164,-6.233391291681048
4.172301476691027,-6.229254649578069
4.175253892347648,-6.225229215846147
4.178304436826675,-6.2214970884819065
4.180892929800152,-6.217971359557128
4.183453677215545,-6.214431446043847
4.186289200849149,-6.21098161226801
4.189101970576059,-6.207609063247292
4.191722244682293,-6.204532663610999
4.194228185591004,-6.20165858215702
4.196616622075138,-6.199240222304926
4.199167810096931,-6.196571389459883
4.2017333492653846,-6.193999584106276
4.204351338815754,-6.191640302468832
4.206981218558137,-6.189262554834199
4.209392315502982,-6.187127134260489
4.2118388570185425,-6.1853008065698525
4.21409563658315,-6.183766227976041
4.216294125725037,-6.182151674631223
4.21853885818264,-6.180691755723404
4.220457338590505,-6.17910929763679
4.222513075172135,-6.177277594659218
4.224557152448711,-6.175453274363451
4.226721079095111,-6.173752352508555
4.228543521729224,-6.1725769335241205
4.230238037763052,-6.1713056472475145
4.231796074686851,-6.170079439591904
4.233259271252823,-6.168865714801917
4.2349998549398205,-6.167478678714137
4.2365731517168905,-6.16594141774704
4.238093785587973,-6.1644851840768435
4.239458220681603,-6.163126614078098
4.24070419317549,-6.161661636219534
4.24206196726509,-6.160187931219296
4.2434234321597595,-6.158812185376472
4.244743031298272,-6.157398838433743
4.245954973935376,-6.156111502822324
4.247008308687219,-6.154847905793564
4.248126656258958,-6.153643016880444
4.249195601422443,-6.152694640400141
4.250175456689474,-6.151889116997524
4.251337422573032,-6.151247755295769
4.252162141335088,-6.150817219722636
4.253034769553597,-6.150312829472066
4.253958382266248,-6.1498544834570374
4.254507077089653,-6.149363840153921
4.255028613031047,-6.148989274863357
4.255649872463003,-6.148687871555351
4.256545433210115,-6.148633862899956
4.2572629058341755,-6.148691126897068
4.257810167273238,-6.149010524011531
4.258494749077661,-6.14945376331103
4.259058092257756,-6.1499726820437965
4.259787180212157,-6.150408691305192
4.260682025260954,-6.150822824456802
4.2616663075719305,-6.151222572737147
4.262410955075759,-6.151991427753854
4.262901412029037,-6.152855990807237
4.263573897121439,-6.153660463622713
4.26438445514084,-6.154435673451952
4.265138740920528,-6.15486450961822
4.265833710604235,-6.155427536832604
4.266552196559741,-6.156004718136475
4.267049176978523,-6.156475644656063
4.2674515722602715,-6.156964366375598
4.26809099627364,-6.157351551308147
4.268834672521306,-6.157343384543184
4.269801503974165,-6.157372494323698
4.270796093631703,-6.157454818950478
4.271798054293749,-6.15723275005194
4.27301326273251,-6.157282382945433
4.274027128287428,-6.157522784572077
4.2749690524576485,-6.157859504972913
4.276002843615027,-6.158089382744459
4.2772027974734295,-6.158342825465023
4.2782901829933815,-6.158666603068453
4.279506975215943,-6.158855103370887
4.28080080477759,-6.159215613509546
4.281778950381478,-6.1597731970537115
4.282889749315378,-6.16038153294691
4.284165151794271,-6.161155195925427
4.285347032627972,-6.161987181287791
4.286448126678524,-6.162786825969531
4.287592534585677,-6.163898411757808
4.288630607951762,-6.1649757731522135
4.289750034848682,-6.1658346034159575
4.29100754015451,-6.166751668076153
4.292246490080291,-6.1677557743363405
4.293255055555672,-6.1688010338316195
4.294122142342708,-6.170019622472256
4.294868292507427,-6.171226024130469
4.295611050373846,-6.17225327286372
4.296836244410135,-6.173649011249225
4.2978453684493925,-6.175040279701487
4.299052000981867,-6.176321355787289
4.300317025563073,-6.177923756915414
4.3014275406516695,-6.179510557490857
4.3025420529873495,-6.181106627729705
4.303511587776706,-6.182701602961844
4.304618748720156,-6.1840096679764684
4.306018695378611,-6.184865032431104
4.307637032683635,-6.185663023598743
4.308958775600427,-6.1863208875040065
4.310152182225907,-6.187004816153973
4.311433358227972,-6.187634170897558
4.3124666096365845,-6.188039809463455
4.31380654947782,-6.187971041451075
4.315467339121602,-6.187702610355934
4.316810551675475,-6.187147447945126
4.318289575727534,-6.186382250084673
4.319498922171583,-6.185784906636181
4.320645004884506,-6.185130337824074
4.321889020333324,-6.184324267874005
4.323341256292234,-6.183388604249558
4.324790532475476,-6.1824500934307505
4.326615975702319,-6.181780401387252
4.327955549373998,-6.181413132540687
4.329261211184848,-6.180715477190885
4.3306160715892545,-6.180062201040684
4.331967260400615,-6.179528714946069
4.333277736263685,-6.179082508685241
4.334682564301126,-6.178721470979329
4.3361367035331995,-6.178278126402119
4.337634772564627,-6.1776514166082945
4.339048781732035,-6.1769486664675615
4.34072368615467,-6.1760835794466535
4.342320731398107,-6.175339182171474
4.343833317250044,-6.174518270955997
4.3455928520955585,-6.173543707829755
4.3472845222635135,-6.172472180898017
4.348894659574886,-6.171190298194269
4.350556104404884,-6.169764654726144
4.352356618115466,-6.16812368412345
4.354038225058725,-6.166218288465603
4.355859451718933,-6.164108621457344
4.357467527961843,-6.162329364174022
4.3588037731743015,-6.160574789528654
4.360137264527196,-6.158914874823814
4.361612921260495,-6.15703473246976
4.362927879839546,-6.15499178908972
4.364526749412018,-6.1527718948730055
4.366064985384785,-6.150672692003841
4.367153214414134,-6.148231649069743
4.368232997994045,-6.146006562310166
4.369158211995534,-6.143931355353059
4.370160297276639,-6.141736955844823
4.371444586989003,-6.139478640603717
4.372727051825694,-6.137244054876223
4.3742007288937605,-6.13471316280109
4.375401189295607,-6.132554101523112
4.376319758858956,-6.130594994902712
4.377062489579628,-6.128752993265497
4.3780318195022625,-6.127095576036984
4.379005926504724,-6.125326849418418
4.379945243109365,-6.1234257915729
4.381074129110617,-6.121744463531888
4.381949670094595,-6.12015497787066
4.382636524365279,-6.118683088682597
4.383542245077379,-6.117431087344517
4.384328735072482,-6.116251202687272
4.385322891588228,-6.114941848053132
4.386299123216942,-6.113772879290869
4.3871287834283805,-6.112633647599212
4.387400493832481,-6.111150359644239
4.3876850727095675,-6.1097437576964655
4.387698969066819,-6.107903131517203
4.387868740799459,-6.105950885170084
4.388129360878354,-6.104045975538591
4.388172597326402,-6.102243860980387
4.388151903602269,-6.100573225567996
4.388119823854791,-6.098847921079737
4.388123384871314,-6.096955996870548
4.388101625961189,-6.095030998508652
4.388051065788955,-6.0932795380549996
4.387924501844846,-6.091572007842915
4.3876557526427105,-6.089943776876439
4.387185530275433,-6.088464203770474
4.386700197905987,-6.086924422193751
4.386042850284744,-6.08534161456317
4.38547119541876,-6.0838710153505655
4.384931573371792,-6.082268172883744
4.384506927205477,-6.080770112477317
4.383892157022693,-6.07950369531926
4.383128973464009,-6.0783722774693425
4.382423645752383,-6.077293592637232
4.381791081766213,-6.076082383511311
4.381502769855357,-6.0745028349246875
4.381258087492639,-6.072807560036496
4.380651801618441,-6.070834061258916
4.380188670216666,-6.068913956445339
4.379557895778797,-6.067098763163631
4.378884417186157,-6.065244694833452
4.378310845697722,-6.063236298199377
4.377962285036756,-6.060953686235343
4.37764088633035,-6.058542689629737
4.377273950609164,-6.056181241071438
4.376932500199776,-6.053803946653981
4.37640925378154,-6.05144249267681
4.375689718758888,-6.049330928324216
4.375143026062054,-6.046914054671316
4.374883346860553,-6.04446572467034
4.374420586658801,-6.0419329932840755
4.3739764016291005,-6.039388567346397
4.373447188940439,-6.036766460654133
4.372708473100959,-6.034467741116755
4.372053349820397,-6.032116486425863
4.371257602263689,-6.029598254876491
4.370356273080536,-6.027015873091922
4.36945940114068,-6.024426474702864
4.368738417866878,-6.021797274151229
4.367737569871315,-6.0191148670543315
4.366696744916179,-6.0164939421089025
4.365632284272177,-6.0140115268439605
4.364921508527758,-6.011911856125297
4.364406629991031,-6.009548574821116
4.3640340427175905,-6.007147237374426
4.363527174357492,-6.004622978680807
4.362822169839858,-6.002218358996115
4.362101213680591,-5.999711706036823
4.361331992407238,-5.997160817597965
4.360717217272966,-5.9944430143242355
4.360117331244275,-5.9917896813394504
4.359581246376429,-5.989194570494393
4.3590445448698905,-5.986473091477633
4.3583952747233745,-5.983780238597516
4.357795652251156,-5.981132775930645
4.357366187154309,-5.978384052875729
4.356988685775043,-5.975619778093972
4.356749529562013,-5.972982077087955
4.356613834429239,-5.970143372488831
4.356310215356732,-5.967521175028395
4.355664967554829,-5.964543521866474
4.355041867535902,-5.961481371541357
4.354470802739344,-5.958339131892442
4.3539007664553235,-5.955225502496321
4.353346024418458,-5.952092368551247
4.352777187275426,-5.949119319037544
4.352168672641593,-5.94610722815432
4.351815912725672,-5.943374631149473
4.351402570038432,-5.9407144338237385
4.351148371030485,-5.937900543271762
4.35084352484246,-5.935040072394164
4.350762866412291,-5.9320809097130605
4.350500915533263,-5.929464198088432
4.350012001249471,-5.926792384414769
4.349605854183715,-5.924026275835743
4.349061842531741,-5.921259481193284
4.348589509840951,-5.91837650264093
4.348449296714572,-5.915283595365865
4.348233319266315,-5.912464757568385
4.347819752220604,-5.909759793435091
4.347561244393847,-5.907163691853082
4.34726160235754,-5.904601329895671
4.347069673154813,-5.902137801602552
4.347090781796942,-5.899500378207469
4.346663665631603,-5.896478537998373
4.3465727190674945,-5.893621968196811
4.346659836223908,-5.890929011301136
4.3466876353076005,-5.8882698992074864
4.3465568874952965,-5.885736669417284
4.346638304084237,-5.883398571459779
4.346767209098098,-5.8809367817504405
4.347196834564142,-5.878107478400314
4.347823897293655,-5.875460012883538
4.3483015105067,-5.873045902275943
4.348667115531182,-5.870624774633964
4.349312963997146,-5.868461862980773
4.349753784661277,-5.866433423907586
4.350473505714818,-5.864102031334962
4.351213017524425,-5.861789232130289
4.352012649064629,-5.859507363328534
4.352797561810509,-5.857161770146881
4.353430071579041,-5.854867696949609
4.353834224703653,-5.852923884719388
4.354401420842666,-5.850673471905903
4.354927809975552,-5.84838134192702
4.355479472752276,-5.846050565212364
4.355567567612975,-5.843351263215008
4.355844622790495,-5.840469858700307
4.355735009244805,-5.838023290860109
4.355651206649661,-5.835560451994497
4.355874200789116,-5.833419846239336
4.35606195678133,-5.831445307998112
4.35626730452713,-5.829465152421269
4.356558408819274,-5.827536315807981
4.356769584824317,-5.825745620380778
4.35683451975538,-5.824047731099078
4.356879827668395,-5.8224908179930965
4.356851597384993,-5.821206794662771
4.356720142022992,-5.81998829633947
4.356663408317766,-5.818982801271047
4.356815933261971,-5.817859454478013
4.3567946987653245,-5.816846454361958
4.356962373823162,-5.815754933515681
4.3572995456998695,-5.814807330458482
4.3574825624135745,-5.813957666486824
4.357727492023268,-5.813402114662256
4.358188193584784,-5.812750625317315
4.3585353227820285,-5.812171293369205
4.358917849902725,-5.811544144861972
4.359087749316237,-5.810692564137224
4.359401076169176,-5.809672310761164
4.359644345005306,-5.80868884938763
4.359944028825177,-5.80775774690955
4.359983930193723,-5.807072613994793
4.360538816971905,-5.806726925979147
4.361059852542146,-5.806529266830433
4.361619538913577,-5.80604386144809
4.362198392366866,-5.805546302728039
4.362813990048799,-5.805013293345683
4.363251981048723,-5.804596821509655
4.363837700714069,-5.804086547475307
4.3643402719003115,-5.803981231783072
4.364705434725098,-5.8037413692799324
4.365141698355222,-5.803456352979836
4.365519637109371,-5.803329596539609
4.3656128383640525,-5.803171643792648
4.365913225990252,-5.802875351131019
4.366137621033067,-5.802853065263398
4.366442296898267,-5.802730837265488
4.36652703077128,-5.802823150360444
4.366570947006287,-5.8030770611163405
4.366630584057047,-5.803316559157184
4.366862190668256,-5.80329266295025
4.367246135166042,-5.803634540198755
4.367791866403959,-5.803873633932911
4.36819392221713,-5.804332719913228
4.369059419589724,-5.805270081216008
4.36962014282565,-5.8064008818697435
4.370431267264018,-5.807305533431017
4.371261886283635,-5.808196588630079
4.372263668036445,-5.8089678562847
4.3733669885439515,-5.809583368430387
4.374478810626797,-5.810243745604269
4.375480636113716,-5.810868313524774
4.376485916538681,-5.811487412864428
4.377394674922082,-5.812026900095409
4.378338408270958,-5.812473930948453
4.379545977111847,-5.812516374554452
4.38089213654948,-5.812491032519908
4.382268175494551,-5.812239467414818
4.3834521691859285,-5.812282271228698
4.384526768724963,-5.812376070717764
4.385377026517533,-5.812478801499234
4.386337225613057,-5.8124128688566605
4.38749269641182,-5.812311200767066
4.388638787050206,-5.811969390028584
4.389998315918821,-5.812161701460887
4.391266239983644,-5.812350474071646
4.392623143309651,-5.812621617806648
4.393974529210064,-5.813265679035993
4.39513665444467,-5.81413987850017
4.396484380462361,-5.814896424392484
4.397914268079847,-5.815729024355169
4.399268153903992,-5.81655256506136
4.4005079469493085,-5.817457578438774
4.401561197983965,-5.81860206087029
4.402482933300997,-5.820106052532239
4.403412683892041,-5.821637451541702
4.404355639323002,-5.82314731431228
4.405451296152158,-5.824518268659457
4.406404214369857,-5.82602591708833
4.407270243870803,-5.827412940612742
4.408161691251738,-5.828831027605162
4.408923869467353,-5.830379422108181
4.409416668078443,-5.83205474810604
4.410140216792454,-5.833711569924492
4.410997121230512,-5.835163457800739
4.412053127781338,-5.836832643691479
4.4128209470211095,-5.838684202997605
4.413817332923055,-5.840542239462964
4.414766893719367,-5.842373136745569
4.415164085685755,-5.844553322508645
4.415958820975378,-5.847304351069848
4.416675101888176,-5.849774999782266
4.416837996661288,-5.852595114984205
4.417590327173725,-5.855653587839075
4.418336851043861,-5.8585446819801605
4.418539352925197,-5.861778731500376
4.419135056900443,-5.865408948859376
4.41967162842749,-5.869130550665048
4.419758913121108,-5.873134607209946
4.420106317586751,-5.877429106514081
4.420463458089464,-5.881627680160796
4.420708161471333,-5.885895614028364
4.421082536669656,-5.890079450873
4.4213169491826605,-5.89469848370798
4.42156809734896,-5.899305240769814
4.421397260478061,-5.903829152079412
4.420999257833872,-5.908670100611226
4.42083057099953,-5.913365265068283
4.4199225062060945,-5.917216611769331
4.419170758015383,-5.9212301758312895
4.418201624821261,-5.925704877744037
4.417731899880624,-5.929969375996271
4.416254378460273,-5.9333057862316645
4.41562357781623,-5.93610950485955
4.414289560591162,-5.939134081188107
4.411818631767297,-5.941281293106392
4.409894548467422,-5.942943295714323
4.4080173464937396,-5.9447375068602835
4.405421771630983,-5.945679965375766
4.403400237490381,-5.946261038942453
4.400979242152262,-5.947165611720872
4.398323076548151,-5.9475750764653315
4.3957399978574205,-5.9479288116454665
4.393327698465517,-5.947967671422876
4.390858357920714,-5.947798456188974
4.388438179535447,-5.947564592614824
4.386101305094141,-5.947180643266362
4.384009619721562,-5.9470227151014425
4.3816662821392125,-5.946975742286075
4.379467935229846,-5.946680377272015
4.377639014067424,-5.946724860461145
4.375521143009057,-5.946901933695866
4.373993402031942,-5.94638890426696
4.372928030963481,-5.94630051219324
4.371836876375402,-5.94655210416079
4.370154267658143,-5.946732448397981
4.368843323034389,-5.94650049761426
4.3678047459570255,-5.946518695732849
4.366319910474645,-5.946811834139632
4.365817916564137,-5.946189224984136
4.36525487032653,-5.9455105706710185
4.364365092149421,-5.9451092411925215
4.364314262564083,-5.944447169132278
4.363473705336209,-5.943558847393255
4.362582857746399,-5.942786310758327
4.36234799911017,-5.941567663131182
4.361795146135574,-5.939915268493404
4.361309514344149,-5.938176693450065
4.361241913488438,-5.936040654816481
4.360723440139974,-5.933749801766008
4.359952576339659,-5.931330681247031
4.359453930886669,-5.92880471965506
4.358728556676183,-5.926069792223546
4.35839680736835,-5.922835025298079
4.357810962213666,-5.919516342426588
4.358068380648545,-5.916696873252408
4.3585329634151115,-5.9135580764395925
4.358502241008054,-5.910573313522414
4.3594020056983895,-5.9082613433118185
4.360138074374394,-5.905824167099266
4.361148625780032,-5.902841025430432
4.361600041911658,-5.900157763205575
4.36317737861825,-5.8981882228889315
4.363620201767373,-5.897056002003213
4.364339530734695,-5.895410351923092
4.366206891904957,-5.89482099305096
4.367452726402512,-5.894604929999538
4.368982258836955,-5.894047940831075
4.3713947912797435,-5.8943039845860445
4.373024878711393,-5.895140792341321
4.374732295388912,-5.895672474713357
4.377025814208198,-5.896744039687141
4.379077990192895,-5.8981116589969185
4.381070375993011,-5.899538480926116
4.3833310427742855,-5.9012124428708335
4.385570598917631,-5.902903562014032
4.387480268406541,-5.904898219568765
4.3886501149848325,-5.90615108593297
4.390395629967012,-5.907463850081354
4.391887545649846,-5.909165179253869
4.392892338363503,-5.910553157493036
4.3944924818753055,-5.911957341042243
4.395833480223854,-5.9137590606856865
4.396604746161711,-5.915074059397126
4.397269870369644,-5.9162756308835505
4.3982557430191385,-5.917281424183702
4.398905450469697,-5.91867643181212
4.39919154743695,-5.919736560389728
4.3998570622204785,-5.920624262812047
4.400296512549275,-5.9219504044869895
4.400323555142005,-5.922896876772801
4.400496529283784,-5.923751315457744
4.400172117400537,-5.924695309642009
4.4002386591625475,-5.9254996476345205
4.400404365831557,-5.926217033191175
4.400330459078183,-5.9273035793516256
4.400189741663794,-5.928470550691209
4.399893729749285,-5.929723999694518
4.399460357254735,-5.931189092265653
4.399314753933753,-5.932659172916015
4.3994497286266645,-5.934276385773557
4.399131864464789,-5.935548041278966
4.398872450430126,-5.9371666930076215
4.398558980571472,-5.9390262063936845
4.398315133749007,-5.941083295619069
4.397439440754276,-5.94305294299861
4.396602735622348,-5.94503486444388
4.395887158525092,-5.947096815896486
4.395072518621074,-5.949204956254949
4.394420539647013,-5.951416276335069
4.393864719744745,-5.953612719814716
4.393038842207576,-5.956225267124393
4.3921565958018745,-5.959104678559406
4.391261687634234,-5.9618705886649215
4.390702892666799,-5.964795585463652
4.389959899077742,-5.967730967587821
4.3894195606161315,-5.970903564686041
4.388674738471964,-5.97429520930429
4.387637978978989,-5.977784475182707
4.386838288884213,-5.98125492094388
4.386120056856629,-5.984785325546253
4.385333570501681,-5.988075093579275
4.384836020520147,-5.991238053638742
4.384303157615153,-5.994486007588968
4.383308793134897,-5.997696136884147
4.382903686257195,-6.00151404888567
4.382714803994202,-6.005187625064914
4.3828078952497,-6.009598434286528
4.382751977070199,-6.013682495492421
4.382858372433617,-6.017716840842749
4.383035794129608,-6.021720691618205
4.382901368053996,-6.025531088700784
4.38272767357216,-6.029528506996215
4.382430158618266,-6.033603214809147
4.381986143175704,-6.037879119478295
4.3817277202291836,-6.042305693240844
4.381538599841509,-6.046688527656988
4.381246723386269,-6.051096317129218
4.381168634565323,-6.0555184813878595
4.38080524006678,-6.06011871346751
4.3804703387574,-6.064654785107065
4.380429542441275,-6.069302453172113
4.3804654072832685,-6.073857192190158
4.380304485210858,-6.07854701021808
4.380284393286529,-6.0835404111081886
4.380195024484839,-6.088388458153485
4.380170780481115,-6.093074168520394
4.380394261262024,-6.097758339204801
4.380746185180094,-6.10236969105776
4.381977780517191,-6.107932637798195
4.383043531577773,-6.113685799859406
4.384474074742979,-6.120037113056592
4.385997026285184,-6.126244373962542
4.387554359485156,-6.132265094855703
4.389126659322124,-6.138167334224577
4.3908094392236325,-6.143897598454363
4.392395564259357,-6.149642527806193
4.393880927982521,-6.155326028710373
4.395180985498804,-6.161296613948028
4.396447239518412,-6.167068604953733
4.397672785778427,-6.172819747781519
4.39912215795265,-6.178222871947785
4.400564901956463,-6.183467424360637
4.402043488098337,-6.1885229335263965
4.403162645159287,-6.193550582536408
4.4043095943245305,-6.198561126199598
4.40520368926926,-6.20334272241684
4.406173364665565,-6.20800703561121
4.407462978462303,-6.21247338482927
4.408565492810368,-6.216770571768289
4.409849418325794,-6.220785838528402
4.410792878115986,-6.225012150259358
4.411661321902422,-6.22917072975569
4.413656462704994,-6.234348172734384
4.416005534602445,-6.239307535166001
4.417818089211401,-6.243573795247833
4.419607838004214,-6.247819689331839
4.421356105449386,-6.2519331878480555
4.423184099791057,-6.255806690784182
4.425005361748365,-6.259674190068099
4.427012657752992,-6.263412238375516
4.4290404017155005,-6.267175078263348
4.4310021587443265,-6.270878406535989
4.433102418654452,-6.274496634560125
4.435317671075777,-6.2779357549979915
4.43729332185748,-6.281158537340227
4.439456346066489,-6.284266246587289
4.44156522330568,-6.287459231234479
4.443457585535095,-6.290456821629523
4.445669424974555,-6.2932582361893665
4.447584977429872,-6.296232657417028
4.449332360664899,-6.299019973496449
4.451019230152092,-6.301796223146109
4.452906076176653,-6.304260667941489
4.454710771542817,-6.306390089264154
4.456680725241541,-6.308253247869902
4.45922337093731,-6.311040244309685
4.46156145092803,-6.313802527470995
4.463750989780905,-6.316640363399082
4.465050295560474,-6.318230494619218
4.466621792952951,-6.319564230776293
4.468150055780578,-6.320644198706065
4.469794029645493,-6.321543742062215
4.471141419374842,-6.3226258933562285
4.472597170453898,-6.323805832984177
4.474030263029103,-6.325022036081576
4.47563119166461,-6.3261356624849165
4.477522456446985,-6.327511312973286
4.479747890638657,-6.328363768447577
4.481634684638379,-6.3294243895508355
4.48370456248093,-6.330650222843978
4.485768830198816,-6.3318853964803345
4.487617032967094,-6.333253400397861
4.48985725733777,-6.334975344682344
4.492024506767276,-6.336625681193486
4.494383963999852,-6.338059649367022
4.496929038098366,-6.339661212044167
4.499201885061144,-6.341406763195073
4.501457108171839,-6.343099578254707
4.503890861931785,-6.344975135640781
4.5062643965039655,-6.346942898989078
4.508911357514021,-6.348743187990954
4.511434510024928,-6.350603733756502
4.512786326998054,-6.351233393150603
4.513881162380939,-6.352020292578615
4.514988800041654,-6.3527869038729206
4.515902148211707,-6.353378045989069
4.517273373752738,-6.3536889212522185
4.518270702072675,-6.354587837559497
4.5190233287569255,-6.355265724905204
4.5195642692710996,-6.356073195388055
4.520049546804661,-6.356968293084878
4.520295260927826,-6.357647039142984
4.520727529146188,-6.358211718270622
4.5211497722728256,-6.35879227358674
4.521508172538424,-6.359315185211193
4.521757427632918,-6.359904925588472
4.521947032927275,-6.36058860268338
4.522142388661408,-6.361244022501694
4.522290264892733,-6.361845936383836
4.522675085768131,-6.3623534917712306
4.522986316648065,-6.362822042384955
4.523280476249336,-6.363397480864206
4.52349500917426,-6.364184696963315
4.523595724565734,-6.364984786994803
4.5239272602468334,-6.365808558313716
4.523557934221321,-6.365813434656389
4.52333766328483,-6.365685516281414
4.5230602077421755,-6.365609581346363
4.522651944241515,-6.3656960556173585
4.52218653980848,-6.365861160654641
4.521662402141107,-6.365973229415822
4.520886587367951,-6.366324763078464
4.520381198420358,-6.3663997015818
4.519879093989311,-6.366477596807482
4.519515915774192,-6.366469193272533
4.519013221162399,-6.366583932130304
4.518334982836208,-6.366540214370426
4.51735638038725,-6.3668398030676405
4.516693899649486,-6.366862313364252
4.515937058896417,-6.3667996784494205
4.5151891834565285,-6.366737846310175
4.514725700864006,-6.366582474117277
4.513836226051009,-6.366019208400745
4.513094573378212,-6.365365473872004
4.512247499136498,-6.364871651738223
4.511158439547891,-6.364373379431689
4.510225783119449,-6.363779313398295
4.509253675161991,-6.363313740758499
4.508218246561485,-6.3625983592890165
4.5073460459670445,-6.361784390682084
4.506269869070992,-6.360855947296877
4.505153961048831,-6.359989655361007
4.504102295215691,-6.359245711140073
4.503043970174593,-6.358265006099736
4.501919157588996,-6.357388437728004
4.501275749324096,-6.356554270135105
4.500144225750052,-6.3556533377727416
4.499187960216719,-6.354476650097929
4.498441484196331,-6.353429553123101
4.497531289564212,-6.3521734211064125
4.496666014117916,-6.350846366593493
4.496352548696182,-6.349567414460542
4.495839658972783,-6.348375971859465
4.49551794945737,-6.34688404885488
4.495218645205639,-6.3455699090876205
4.494958067863773,-6.344302700157057
4.49483799081299,-6.342704488686567
4.494820991219243,-6.341184600629929
4.494850458712946,-6.3399196128324595
4.494975179859455,-6.338449751082376
4.495215271831824,-6.337092212505746
4.495259779677333,-6.3358071961678535
4.495383975066363,-6.334310103318213
4.495592183264534,-6.333035168463645
4.495619587568501,-6.331871129585058
4.495757753104486,-6.330622639174498
4.49589591293551,-6.32948156377403
4.495898215417863,-6.328423861511163
4.4961536968034865,-6.327012365882245
4.496218855607955,-6.325569193380554
4.496532781462367,-6.324083524163686
4.497059913992929,-6.322418938503421
4.497363914735439,-6.320839419825449
4.497500819042866,-6.319300917427997
4.497630583699031,-6.317642268021649
4.497582306048142,-6.315725288188493
4.497750351555402,-6.313624713901244
4.4980666632302615,-6.311419982033909
4.498127311491102,-6.309199843362486
4.497960218370465,-6.306651452712122
4.497719173043686,-6.304204244577452
4.49703129609149,-6.301527269152587
4.496676880357078,-6.298886054834068
4.496430546340534,-6.296120311813115
4.495990653450038,-6.293179158128327
4.495817708715718,-6.289991151974063
4.495675863735249,-6.2868874394413385
4.495345115142754,-6.283612279644825
4.495053639032225,-6.2803784169691514
4.49470149995004,-6.277084470106282
4.494331950627955,-6.273774386805792
4.494296457593671,-6.270154260723819
4.494372968313093,-6.266398677489156
4.494474387416898,-6.262715237171154
4.494643662429535,-6.2589251469364395
4.494564126120467,-6.255066912893064
4.494810670202084,-6.251156352963662
4.495046427909946,-6.247244486889137
4.4953883740392655,-6.2432669570395545
4.495219665895475,-6.238822730769716
4.495034105209987,-6.234341220013993
4.494705955704711,-6.229668919260647
4.494562094167753,-6.224917822878397
4.494170302676409,-6.220337409548188
4.494014791530257,-6.2154860536511585
4.493908004655248,-6.210533276989817
4.493726368660417,-6.205567466858755
4.4935570555793785,-6.200552237025007
4.4932706372479805,-6.195406535028613
4.492869229433929,-6.190402500188183
4.492488934812084,-6.185203766182205
4.492572051894759,-6.179718019988581
4.492470584630338,-6.174241831075214
4.492124609469731,-6.168792445967434
4.491843273485967,-6.163302293371872
4.491434578098096,-6.157879949882886
4.4910627071103955,-6.152291806759949
4.491073079649212,-6.1464658495225475
4.490753545033554,-6.140920928407084
4.490490111924875,-6.135458712175607
4.489937315423186,-6.130174943159604
4.488517833003449,-6.1241052481733265
4.487182807580252,-6.118112163309043
4.485944897982252,-6.112085451450915
4.484719011941873,-6.106172692017635
4.48369308765583,-6.1004421587577085
4.482501707288976,-6.09473437126509
4.481119116616276,-6.089157838052485
4.479944140824803,-6.083771006301705
4.478911374698604,-6.078700860414357
4.477953032422641,-6.0735292593151815
4.4773224282176844,-6.068657625309974
4.476631815658578,-6.063701777598357
4.475888539328202,-6.0588353591919155
4.475295167822855,-6.05410628942687
4.47445126971749,-6.049520531561806
4.473690467056468,-6.0447412492834935
4.4732429707976396,-6.040016912357285
4.4726934175126685,-6.0353502959596765
4.471943331118442,-6.030752042240132
4.471255489012698,-6.026386642358677
4.470417394059333,-6.022046173467412
4.469502138726728,-6.017807128571209
4.468953977914798,-6.013495849547519
4.468240820845827,-6.009440635395098
4.466783110179209,-6.0048412790470875
4.465183231156927,-6.000456926562542
4.463484234815494,-5.996146250853332
4.46174290570145,-5.991767300259998
4.460661335054007,-5.987986644515695
4.459786596423358,-5.98407668486297
4.458740240703109,-5.980565188413122
4.457559539077261,-5.977179903270755
4.4564061164767175,-5.973913959405593
4.455076605149335,-5.9709207839901834
4.45361947695489,-5.9679578535997315
4.452355074163961,-5.965024748027821
4.451140660304155,-5.962014542016253
4.4500129800799675,-5.959108371130283
4.448943788397444,-5.95623209454594
4.447717786948908,-5.953598527816817
4.446282072752881,-5.951109584882642
4.444930962220737,-5.948742530159225
4.443825900596048,-5.945995624602959
4.442732043507679,-5.943268320561929
4.441800557860801,-5.940521121001643
4.440855976974472,-5.937794583225903
4.439703843746742,-5.935152123447921
4.438583227954795,-5.932636318965269
4.437005034565673,-5.929604394923499
4.435596402005412,-5.926414538706967
4.434903407045756,-5.923991679265519
4.434538090449786,-5.921398325610414
4.434323559422123,-5.918572533741827
4.433882548997385,-5.915897974022721
4.43352158017146,-5.9131837686610975
4.432988091315984,-5.910664820021595
4.4327231724351135,-5.9078931192336865
4.4325881355230194,-5.904979478414153
4.432493852990701,-5.9020362657336145
4.432383705311423,-5.899103235226083
4.432305544674417,-5.896074499277289
4.432147548912804,-5.8932938038922735
4.432007421983833,-5.890478155832981
4.431965679244109,-5.887673080999322
4.432014016448694,-5.8848558318949955
4.432226960892386,-5.881849485496823
4.432455760745517,-5.87883330910504
4.4325432634681015,-5.8757029718858425
4.432729658483112,-5.872663039414428
4.4328491251205415,-5.869361962063029
4.43284738158918,-5.866205429642392
4.432844696375162,-5.863048198833145
4.432779512783522,-5.859776855723106
4.433047054112164,-5.8562011608602695
4.433888455302743,-5.853248679702401
4.434865432385793,-5.850228521526162
4.435821686629771,-5.847221527036891
4.436618805011238,-5.844321429500066
4.437582307930261,-5.841302198884541
4.438603385290784,-5.838246646282813
4.439640907733799,-5.835165243059044
4.440786639755633,-5.831850619778059
4.441870233725793,-5.82857539800944
4.4430563542373935,-5.8252881140180275
4.444221943513796,-5.822111991441953
4.445394370574973,-5.8189316716210815
4.446539452998214,-5.81595826733184
4.447713405812772,-5.812688713565985
4.448993208994942,-5.809352293402702
4.45028917904587,-5.805858212426555
4.4515512318771835,-5.802396072376152
4.4528967243868465,-5.798881209215168
4.454128390203589,-5.795616316806087
4.455236138718011,-5.792223693104429
4.456359060108211,-5.788815588245479
4.4573632582260405,-5.78546308171306
4.458302971994899,-5.782198544985923
4.459395465057359,-5.778755897668062
4.461002084784548,-5.775846661326543
4.4627971016800165,-5.772869169675928
4.464680722781085,-5.769997901128099
4.466191226332304,-5.767256168546573
4.467482031301365,-5.764763059942415
4.469032294134591,-5.761938435485752
4.4704056120236615,-5.759065758912245
4.472071870625036,-5.755998479112452
4.473632218844987,-5.753094039304858
4.474971853526375,-5.750248290255381
4.4762694471409,-5.747408238853374
4.477655546857043,-5.744432121467474
4.478778899119085,-5.741337464081955
4.479964705320877,-5.738123984960791
4.481222122648576,-5.734800405679933
4.482363906060516,-5.731450042728186
4.483553667697204,-5.7280371279175135
4.484528240184873,-5.724954908216752
4.4850524105932985,-5.721688690212878
4.485777150002784,-5.718505803243406
4.4866495064317835,-5.715096071379837
4.487754146283088,-5.711923220043082
4.488943079821816,-5.70869677952614
4.490055769026216,-5.705608346615405
4.491004241605506,-5.70278319181277
4.491576842171421,-5.700196977121757
4.492312735573011,-5.697750913496297
4.493016951106464,-5.695468382523424
4.494143392172356,-5.69291728540601
4.495369085328627,-5.690459113076638
4.496359972407356,-5.688223536562456
4.49704706109829,-5.686013661468101
4.497808146924403,-5.683813804108606
4.498465583113166,-5.681850261377319
4.499277501330709,-5.679701658362311
4.499976632983518,-5.67744717282924
4.500780981956771,-5.675137651047925
4.501149493209641,-5.672545634981644
4.50140684577462,-5.669849237831903
4.501515044582695,-5.667381755644679
4.501410043446436,-5.6649738240339005
4.501350774258235,-5.662628462809609
4.501359588774273,-5.660216687794193
4.501322474131818,-5.657848880268609
4.501124920261668,-5.655652353316864
4.500841967140738,-5.653690029394647
4.5005552430608855,-5.651926771327161
4.500410902465578,-5.650072097140942
4.500410720747375,-5.648125500437042
4.5003432138668495,-5.6463378587773585
4.500179524240514,-5.644590354328005
4.499603045543248,-5.643106045031129
4.4991790559377876,-5.641741258285371
4.498814425977487,-5.640454327107505
4.498717021363943,-5.638996953740626
4.498482136474249,-5.637843825072878
4.498277747640916,-5.636926520109521
4.497647468651723,-5.636280938299198
4.497118088976027,-5.635694813158971
4.49654860323463,-5.6352984596291185
4.495717477469436,-5.634581654632932
4.494844933803315,-5.633970484586368
4.494185003582861,-5.633559175784887
4.493557108441143,-5.6329977474181225
4.492837870912108,-5.632582000063649
4.492138155506246,-5.632184586991583
4.4913268983641395,-5.631897039867424
4.490488552351425,-5.631557816858482
4.490044783520603,-5.631611734621612
4.489594556186343,-5.631616304603638
4.489127932984579,-5.631763722590256
4.488567491110415,-5.631822921774283
4.488093709117305,-5.631730548739858
4.487745486253591,-5.63154677058068
4.487587623918731,-5.631234456209284
4.4875296284280095,-5.63090034586428
4.487384363347908,-5.630496988068882
4.487059353532195,-5.630135103820375
4.486533767781414,-5.629817053412373
4.485931043730424,-5.629426488920017
4.485610025989423,-5.628882078233977
4.485266503499342,-5.628635453557339
4.484868853452863,-5.628397784853205
4.484474898598363,-5.628167102217813
4.483967981237179,-5.628094703228708
4.48349182164207,-5.628108589455613
4.482961800149587,-5.62809580301523
4.482845680312056,-5.628378161258707
4.482755369107648,-5.628731136923352
4.482844980028702,-5.629207370381807
4.482989463083445,-5.629724792133345
4.483105086421171,-5.630286371691034
4.483182707494986,-5.630879210363463
4.483244384607572,-5.63146738092042
4.483613048101386,-5.631585226871148
4.48421704217752,-5.631620870377748
4.484796268493372,-5.631481337842545
4.485276272354763,-5.631493766007322
4.485673372327237,-5.63150619342118
4.4859395869471985,-5.631566650782731
4.486216333786998,-5.631506629470916
4.486807759536579,-5.631113701398866
4.487495171250048,-5.63043417150684
4.488147631351587,-5.629699819960353
4.488724369016943,-5.6289312988552656
4.4891725894699945,-5.628185294779857
4.489610940398247,-5.627223229821039
4.490228991417449,-5.626182261724599
4.49106661824187,-5.6251716491746855
4.492054440318059,-5.624075175152242
4.493502215490573,-5.6230196534744215
4.494828831322488,-5.622041508770572
4.496085364576752,-5.620997493823685
4.497316122924333,-5.620153979003087
4.498536702895921,-5.61931067345579
4.499897867722122,-5.6184475178774616
4.501400044701532,-5.617368265072401
4.50291771788761,-5.616138877621912
4.504318908830632,-5.61480959080976
4.50568150354123,-5.613539485714255
4.5068062911972575,-5.612253241170152
4.5081207019543745,-5.610912478574764
4.5092380774448735,-5.609858947321543
4.510271233052598,-5.6087259450272535
4.511177364110936,-5.607674048721066
4.512264752993025,-5.606344321461641
4.513536283194395,-5.604785510899085
4.514852511763093,-5.6032774259513145
4.515933793226589,-5.60200352349442
4.517221324826063,-5.600938761926743
4.51842374197108,-5.599863677238389
4.519865907241146,-5.598520277516777
4.521332039926329,-5.597199312007649
4.522797060019817,-5.595790347253265
4.524126326558839,-5.594468093409198
4.525642407329215,-5.593264633924409
4.527190353491274,-5.592015821530194
4.528672997478773,-5.5908087285490335
4.530235922137294,-5.589631008324005
4.531806583152032,-5.588042602422217
4.533437076607519,-5.586415957673572
4.5351192879008195,-5.584747111110628
4.536724326679709,-5.583185613757014
4.538336308306963,-5.581619670733841
4.53983185262948,-5.5803807386756565
4.541387773659492,-5.57894255983045
4.542999766821469,-5.577468534713208
4.544575327721125,-5.575939688433492
4.5462238822341,-5.574381805056261
4.548032318204059,-5.572721719770476
4.549901126542855,-5.57111863795938
4.55181111105944,-5.569603862396313
4.553423227947065,-5.56818148202258
4.555033760803225,-5.5667575072050255
4.5564719694927165,-5.565526091572801
4.558134465495592,-5.564032059584585
4.559876921943454,-5.562613666307126
4.561952597033904,-5.560946483877433
4.563717270918497,-5.559174341960258
4.565383626120423,-5.557308978256241
4.566796987551372,-5.5557571733136575
4.568416593445225,-5.5539555328113295
4.569950764783479,-5.552072792325753
4.571562228370945,-5.5500860212270355
4.5731655718498505,-5.54812158700658
4.5746485053303765,-5.546196295992947
4.576098662070889,-5.544379317503912
4.5775752673166785,-5.542741560106202
4.5790383255987805,-5.541080909383541
4.580409750601427,-5.539497647305599
4.581978961584875,-5.537874127559928
4.583519276937938,-5.5364582775473705
4.585266184016381,-5.5348450765729424
4.587016357140323,-5.533234980666463
4.588649587682535,-5.531743575550994
4.590120801644661,-5.530475755433379
4.591351529702005,-5.529374220730786
4.5927679276365225,-5.528229441813401
4.594397535975551,-5.526883926917672
4.596061456316907,-5.525228638021609
4.597646706088117,-5.523677866923307
4.59910008815785,-5.522229865340989
4.600343507496596,-5.520847584661712
4.601498497332535,-5.519464796472113
4.602871060295297,-5.517943233916903
4.604292837705089,-5.516130831355898
4.60572231955376,-5.514401119387929
4.607256016615868,-5.512497396460556
4.608613964526742,-5.510608555873226
4.609662864938727,-5.508843484320928
4.610584145613499,-5.50725357588793
4.6115425691917045,-5.505616101575506
4.61251617823612,-5.503812645325276
4.6135850900687405,-5.5018951332459025
4.614503038595595,-5.499833634634834
4.615424196130848,-5.49786221257309
4.616211754026701,-5.495958932559276
4.617072289598339,-5.494125092918359
4.618053447669164,-5.492249185274529
4.619017562394081,-5.490353460815713
4.619826134107717,-5.488298624340403
4.620447799147925,-5.486383511076903
4.621001465212506,-5.48460993102901
4.621685856760182,-5.482748156325571
4.622375530492127,-5.480762920331409
4.6230365571981755,-5.478914758257283
4.623638908968724,-5.477189688228111
4.623935396481266,-5.475641600938758
4.624129980568028,-5.474155230506872
4.624504433884635,-5.472492516549892
4.624854220449146,-5.470672667246994
4.6252913303911996,-5.46891421684409
4.625888525294858,-5.467219817068115
4.626246955518413,-5.465612609169171
4.626596333607732,-5.464000334974189
4.626955507818698,-5.46243217304526
4.6273434669571225,-5.460661315809394
4.627905015467612,-5.458624028850965
4.628528056451646,-5.456578874970183
4.629246656847009,-5.454511815979399
4.629815720691717,-5.452674155482853
4.630236828140101,-5.450741466929744
4.63055488404286,-5.448924323084334
4.630840783978612,-5.447071083649544
4.631289776679552,-5.444967597116482
4.631789840296752,-5.442831284160089
4.632379134108369,-5.440790125251271
4.632862920574823,-5.438668744438675
4.633188826634578,-5.436712615346636
4.63334940584377,-5.434930374825737
4.633577785802627,-5.433060350995426
4.633955912619013,-5.431075829971765
4.634445487332541,-5.428930562645605
4.635017127450221,-5.426664835618969
4.635571073702814,-5.424380938516836
4.636080556507659,-5.4221255684035095
4.636524355514589,-5.419876262555159
4.636761068530129,-5.417726720611222
4.637071809449351,-5.415529504466427
4.637641384349784,-5.413286628492761
4.638261058065042,-5.4108316779018955
4.638924185457405,-5.408348748496566
4.6396194736262535,-5.405959293988863
4.6401140630874425,-5.403583133701523
4.64072708969789,-5.401277083333383
4.641150151835669,-5.399003821708887
4.641371409997828,-5.396572741018427
4.641695296476792,-5.394030025326806
4.6418428767145725,-5.391574913892339
4.642088522762962,-5.388969529049398
4.642520489854319,-5.386474089910051
4.642842992698344,-5.383873422931582
4.643265373455288,-5.381232360477737
4.643459059216108,-5.378814320117372
4.643717042216907,-5.376457961808576
4.644080603949032,-5.373847318591473
4.6446482551220445,-5.371041351635281
4.645118087791537,-5.368141283491918
4.645749641274748,-5.365087606836235
4.646155929604569,-5.362302909778634
4.6465829592326475,-5.359538071832102
4.646845438098388,-5.35683094197222
4.647227716665112,-5.354078126413156
4.647660077191956,-5.351373454437549
4.648228939991673,-5.348478643451441
4.648703977731366,-5.345631959720377
4.6490139165899524,-5.342962938109039
4.649162931138778,-5.3405401698288015
4.649341851191486,-5.3380981195658315
4.649153423911552,-5.335279932756341
4.649100999090024,-5.332253822011891
4.6490941285522895,-5.329198438274417
4.649005989578483,-5.326064827814998
4.649008257085881,-5.3230621877862045
4.648974896933824,-5.3203097053013595
4.648953011595984,-5.317549832260375
4.648933455006433,-5.314906016796444
4.648913665697923,-5.31224109508658
4.64882781187907,-5.309618884809811
4.64877223062473,-5.306844784652284
4.648637711479599,-5.304147219130839
4.64853170457305,-5.301431238470653
4.6484457241074,-5.298823430796998
4.6482800123638155,-5.2963357722048405
4.647999290321337,-5.293951719986877
4.647707002879266,-5.291437139174975
4.647345089236527,-5.288786241452726
4.647251303185096,-5.2861027336546345
4.647167456567772,-5.28343983403325
4.6470200329264335,-5.281009249802933
4.6467641531151065,-5.278736418484621
4.646388210177097,-5.276562827262511
4.645585459326418,-5.2738888176580625
4.644774360013693,-5.271206821724792
4.644050202398066,-5.268468645931829
4.643435071815258,-5.265727999535195
4.642940040431086,-5.263113631042243
4.642321978355916,-5.260579087199272
4.64160029299984,-5.258242750918099
4.640683437098827,-5.256047368808865
4.639746777185343,-5.253864846317813
4.6389780785272645,-5.251694494718961
4.638264357296678,-5.249401641649738
4.637638379952159,-5.247100455705443
4.636872886712607,-5.244907497633067
4.635924753154785,-5.24306079337093
4.6348799900644755,-5.2412458182375214
4.634025589811148,-5.239484759566749
4.633099669356829,-5.237793215408361
4.632325868048647,-5.235944697262337
4.631437173243485,-5.234382231003208
4.630491405701312,-5.23294198152173
4.629365913921302,-5.231578927674345
4.627958235084496,-5.229928127190379
4.626286608816315,-5.228549592069581
4.6249101270159585,-5.2269628089925035
4.623735745424863,-5.225359880775764
4.622520413125376,-5.223794520150959
4.6211492500281075,-5.222330580546112
4.62014914740957,-5.2212452778718275
4.619050247428862,-5.22031037329699
4.617898616342646,-5.219409806748937
4.616778734900599,-5.218539970059634
4.615706360119202,-5.2175149037563795
4.614638088426643,-5.2163601126289585
4.613411934164986,-5.215108087089703
4.612188391110569,-5.2138522096224325
4.610912793007304,-5.212644239921011
4.609662379768342,-5.211214619491137
4.60846912630144,-5.209698196018943
4.60744108917287,-5.2081030055828705
4.606079462298269,-5.206439869011244
4.604740939411077,-5.204741667725708
4.603339627250074,-5.203169741985707
4.601957603496048,-5.201401342150782
4.6004724673244946,-5.199789537899933
4.598952000551833,-5.198136477576913
4.597480110070865,-5.196451806668897
4.5959456949618085,-5.194630011549319
4.594368343498921,-5.1927382116350564
4.592865199841986,-5.1907980419415995
4.591336370100545,-5.188772075948945
4.590081128078013,-5.187475231487261
4.588998797278353,-5.186249749908781
4.587879487956849,-5.185172750949909
4.5867395903702946,-5.184126874449621
4.5855755458201335,-5.183198093147078
4.584445530693394,-5.182315194696049
4.583241459070092,-5.1815445256562676
4.581963468067503,-5.180924235143737
4.580877413991511,-5.180536440678665
4.579499358810129,-5.180490430251044
4.578217927001062,-5.180646386373758
4.576748799923677,-5.180876830879024
4.5754207061059935,-5.181023150810573
4.574200834170445,-5.181274169349986
4.572955209652324,-5.181572661335619
4.571475965735831,-5.1821558638827305
4.570087435536169,-5.182826777848907
4.568393064348129,-5.183354622393025
4.566714095257902,-5.183802405359324
4.565068402817452,-5.184165220471614
4.56343121384715,-5.184536154240649
4.562183073459506,-5.185109747896931
4.560939442093223,-5.185804322716619
4.559599731556571,-5.186725633329789
4.557988154447967,-5.18782437931834
4.556467547452917,-5.188810315515455
4.555000950366203,-5.189712162465718
4.553528917895343,-5.190570610843045
4.552117231198874,-5.19133769113561
4.550825641881938,-5.192161929258548
4.54942227564056,-5.193089408493089
4.5478776744227565,-5.194230759238577
4.54626802579491,-5.195442576589932
4.544734983863724,-5.196805035059264
4.543303770816054,-5.198013375637316
4.541977643080314,-5.199225043031739
4.5408387255728,-5.200520430370526
4.539455137544604,-5.202186221933935
4.537937420273439,-5.2039603286093294
4.536418276538094,-5.20602104723959
4.534848703568383,-5.2081581206820005
4.533379214851669,-5.2102052230898614
4.532082243158455,-5.2122566833127815
4.530655001392953,-5.214505331346431
4.529261102945486,-5.216998498726744
4.527531633494017,-5.219803001338127
4.525999341163559,-5.222538552430582
4.524359262523365,-5.225304547374528
4.5229554187198895,-5.227916372757303
4.521538084601067,-5.230586275126777
4.520223876797084,-5.233035673668144
4.518869179388111,-5.235541184010878
4.517503133651523,-5.237873113652912
4.516148534524825,-5.240201691815016
4.514861934036897,-5.242455983545754
4.5135773103121455,-5.244602925825543
4.512551277767723,-5.246413463480482
4.511650310883604,-5.248123896197357
4.510515032633769,-5.249641371415681
4.509499978064141,-5.250981312201385
4.508546217519944,-5.25239218938245
4.507891828825239,-5.253699737869127
4.507389441769945,-5.254777145062384
4.50687384392863,-5.255644178036151
4.5063118261350406,-5.256482170860731
4.505817969264404,-5.257216968276655
4.505152167037264,-5.257942970929579
4.504752016703666,-5.258939910191519
4.5045427750521725,-5.259808047722852
4.504465016473874,-5.260616813866772
4.504389364826775,-5.261427612362305
4.504152035276601,-5.262383118402619
4.503912693698287,-5.263215646602712
4.50358178373945,-5.263960251844071
4.503227323741459,-5.2648620786335005
4.5030297116453335,-5.265661987438909
4.50286699258278,-5.266495415963221
4.502747077426633,-5.267243777156006
4.502512655068077,-5.268100874014798
4.502154084483641,-5.268838850220851
4.501820255600735,-5.269651733042907
4.5014759930117645,-5.270405912257907
4.501218863695884,-5.271243731592922
4.500986539387204,-5.272084839181367
4.500690459902156,-5.273018042835026
4.5003937049042175,-5.273953641173542
4.500061101404421,-5.274951085273773
4.499534318009133,-5.276041354592998
4.499205046760632,-5.277321076392286
4.499120915752054,-5.2784412603632385
4.498935794872837,-5.279714421992605
4.498862438732475,-5.281094784119982
4.498522186793104,-5.282716053432369
4.498302612396745,-5.284154511968013
4.49827196973291,-5.285570708039722
4.498328853793543,-5.286836972209258
4.4981719942725675,-5.288429077893408
4.498175844123253,-5.290070674649499
4.497824099568945,-5.291943501214204
4.497563984314124,-5.293764358657236
4.497385008213941,-5.295542923671836
4.497311112956759,-5.297223326705121
4.497104841347748,-5.2991042912193915
4.497000437192479,-5.301108850520871
4.496791661767853,-5.303210932303226
4.496436696577052,-5.305534525288083
4.496041551936815,-5.307922192583214
4.4955260575396245,-5.310406421674506
4.4951220707734265,-5.312971873613341
4.494815406423685,-5.31548598884522
4.494474204080577,-5.3179534618819755
4.494035714780127,-5.320392542885604
4.493248386910157,-5.323360524832541
4.492398328180257,-5.326465094095792
4.491473985236529,-5.329676831749696
4.490569605148009,-5.3328582003465135
4.489818688204836,-5.3360304483968015
4.489037978846191,-5.339177912198817
4.48811717859832,-5.3425378104618435
4.487080793313275,-5.3460466153770785
4.485855706621973,-5.349700202845717
4.484431264895441,-5.353491081213654
4.483322789860766,-5.357076974744347
4.4822455118594,-5.360692520944268
4.481164392234804,-5.364214897526557
4.479906741887922,-5.367820016302354
4.4785139990375455,-5.371655699896421
4.477000801164479,-5.375690457984793
4.475550510919719,-5.379694763767898
4.4744901383818805,-5.38409826208262
4.473413255233557,-5.388420533650339
4.472501591824702,-5.392762092125416
4.471423009427339,-5.397098743551384
4.470273549969472,-5.401461584849345
4.46926154411643,-5.4059467314956295
4.468141083928292,-5.4104847945329055
4.466755175975925,-5.4151561889195365
4.4659347131080676,-5.419806055072423
4.464910030728748,-5.42424600309647
4.46367350719929,-5.428822684301372
4.462813261915587,-5.433350206733025
4.4616859611574675,-5.438044781129584
4.460402017005848,-5.442840237307442
4.45931051128711,-5.447927073130122
4.458189094310408,-5.45283672802016
4.457132182187817,-5.457704340211279
4.456250347325134,-5.462463993961172
4.455286519026437,-5.467188214723599
4.454388889760534,-5.4718693159772505
4.453529815893824,-5.476654649130981
4.452562938034972,-5.481587446517668
4.451517676068269,-5.486570362125749
4.450515204840808,-5.491428216819691
4.449882247221957,-5.496679745219516
4.449386841236934,-5.501829244869515
4.448966884293444,-5.506840070419593
4.448362594000261,-5.511676524733729
4.447689450934132,-5.516733284960666
4.447087193036602,-5.521579484562637
4.446380786135961,-5.526293269165187
4.445517200216026,-5.530873323485836
4.4448837652386235,-5.535305511190096
4.444245378938286,-5.5392245758545045
4.443488714060464,-5.543176455087622
4.442752309329262,-5.54711549561952
4.4421005783793035,-5.550972488166267
4.44144971900692,-5.554739496578095
4.4407650906834855,-5.558560266003625
4.440239551346283,-5.562197652259774
4.439519808588404,-5.565886645519115
4.439087313388633,-5.569316350746061
4.438946101427791,-5.572579713927083
4.438721971169407,-5.575896306914336
4.43837577746128,-5.579320990827998
4.438287480255538,-5.58267376019506
4.437918546102895,-5.586237682243392
4.43778489064832,-5.589404771495285
4.437760543800014,-5.592526511771437
4.438225678117434,-5.596127153333665
4.438367417982183,-5.599348110657475
4.438565687701569,-5.602590578101991
4.438760433744706,-5.6058296918518025
4.438910617146745,-5.609041928019584
4.439064134952496,-5.612331675889868
4.439092553883988,-5.615504005832619
4.439193663690026,-5.618572313323274
4.4395352333085185,-5.6214873575353215
4.439622156861153,-5.6241636110243
4.439711691886057,-5.626843928542041
4.439860065009883,-5.629562854898804
4.439752601574463,-5.6320421001495236
4.439704984611552,-5.634331557769774
4.440073170961803,-5.636309587279311
4.440204530301811,-5.6380658053875266
4.440391437245891,-5.639840176546105
4.440433956337168,-5.641704583306779
4.440265524989711,-5.643602662478463
4.4400848628825615,-5.645446691729075
4.439998706373208,-5.647271734932171
4.439945801243738,-5.648971445031853
4.440258756403851,-5.650792108171198
4.440623063883699,-5.652731611944534
4.440921722034688,-5.654702708261125
4.440752894248261,-5.656184006932086
4.4405081843126215,-5.657880335768706
4.440404952497612,-5.659667028440789
4.440301500389608,-5.661692340224558
4.440417479287838,-5.663428393697809
4.44029099093592,-5.665319319308435
4.440209373993985,-5.667433072023151
4.440133158316856,-5.669537467834681
4.439834437101197,-5.6717839120847025
4.43977114812184,-5.674191487072459
4.439744513999715,-5.676489053258305
4.439671038751977,-5.678816472145074
4.439668992796565,-5.680987572988875
4.43962970700293,-5.683060451923265
4.43952228329251,-5.685237641606295
4.439204223908374,-5.687511437165229
4.439069506826651,-5.689723727191934
4.438892027126951,-5.692001493041154
4.438803389918135,-5.6943771638635265
4.4387898318166155,-5.696705019047577
4.438776743430876,-5.698810291018562
4.438572618770428,-5.70098692933829
4.438486966043687,-5.703088176068378
4.438323526823959,-5.705374746354525
4.438065842576274,-5.707669085987927
4.437506414787769,-5.70935142629065
4.436912544451807,-5.711041732416055
4.436440635023059,-5.712545180466281
4.435855139580474,-5.714002181456944
4.435355587251172,-5.715371301103603
4.434886572512693,-5.71669364893317
4.434385796664739,-5.718024819837729
4.433881781112222,-5.719365470088115
4.433552425903607,-5.720438464795411
4.433236321995734,-5.721498985093696
4.432840722649776,-5.722499464351663
4.43255256188328,-5.723335291022528
4.432210546138679,-5.7242743709014645
4.432024108330515,-5.725184523661918
4.431793699689885,-5.7261620763728915
4.4317224142795695,-5.72703838957041
4.4314206494900255,-5.727881412602052
4.431297579737036,-5.72874466695505
4.431302049885221,-5.729435291030979
4.43132415623325,-5.73014235979325
4.431489720020533,-5.730716632101002
4.431471322465808,-5.731483649373323
4.431125839329754,-5.731915541039856
4.430508855442992,-5.7323693451771245
4.43000572400415,-5.7327783514059085
4.4293941671981925,-5.733086357446925
4.428988271605312,-5.733109365533308
4.428344823172906,-5.73321363783551
4.427815441584342,-5.733186768469075
4.427248613609268,-5.733154200501632
4.426675371829738,-5.733197181958348
4.426105148662529,-5.733062150159967
4.425522612289255,-5.732935655724879
4.424969120442597,-5.732793600271089
4.424441707944424,-5.732734997042013
4.423893775529619,-5.73272373070375
4.4234222995053765,-5.732718411196158
4.422765332228163,-5.732763602376253
4.4220306110513405,-5.732979990971402
4.421538747920697,-5.732807954164842
4.421179830519369,-5.732460830757353
4.4209051201857905,-5.7320047297417425
4.420510796456488,-5.731541605920654
4.419990207459707,-5.730924425181834
4.419074416395446,-5.730558702314427
4.418301274058032,-5.730325843793354
4.417734383495307,-5.729777005196267
4.4174358535112,-5.729057329361985
4.417231273957096,-5.728425134533767
4.417237217817368,-5.727470477936876
4.416823902463862,-5.726782742475466
4.416375982470547,-5.726062786404285
4.415823514689584,-5.725502972191699
4.415391619845897,-5.724866397390415
4.4148902537636125,-5.724165118852036
4.414544324899957,-5.723225837898001
4.4141901347625945,-5.7222918368737306
4.413646830847958,-5.7211816875846795
4.413049444298178,-5.720261785939964
4.412342921007981,-5.719494734833918
4.411552511984649,-5.718649537921485
4.410961867414057,-5.717696369606825
4.410431077501541,-5.7167388618653545
4.4095850029574954,-5.715487601426144
4.408906974111752,-5.714135785209964
4.407823410875162,-5.712627420466903
4.406813278895104,-5.71128953132416
4.405447561407215,-5.709611274147154
4.404455117083176,-5.707785989069962
4.403364201595663,-5.706140382122333
4.4020462558246525,-5.704435616317724
4.400753838203523,-5.702638680064276
4.399666194334218,-5.7006824799057805
4.398703767568322,-5.698567499633073
4.397848064079034,-5.696405413846016
4.3970608839993455,-5.694355156990177
4.395947196069414,-5.69269415492172
4.395105978155932,-5.690616453127949
4.394311548889066,-5.688582798881886
4.3936182811735875,-5.686614119977498
4.393184868133478,-5.684248305353409
4.392538057900155,-5.68212959673235
4.392060269891273,-5.680148448983062
4.391618836603402,-5.6781117759850135
4.3910640552364955,-5.676068495056225
4.390636887963232,-5.674077627950089
4.390448652599169,-5.671722030507237
4.390370039708426,-5.669446026647027
4.390365498291586,-5.667148739731568
4.389865524243504,-5.664706737831862
4.389374701030961,-5.662389141715041
4.388699920840301,-5.6601893201494935
4.388074046580642,-5.658035235845585
4.387497551072946,-5.655806001495665
4.387349616914725,-5.653302667274182
4.386929710450198,-5.650545415295909
4.386467071057804,-5.647853339629989
4.385893514268579,-5.645232276864835
4.385076525368691,-5.642383806961807
4.384421152979405,-5.6395839026513865
4.384012836287721,-5.636621773804624
4.383325102807041,-5.633398297929715
4.382753105596069,-5.630057923338248
4.38222946343558,-5.626570461621914
4.381583647182778,-5.622968495977051
4.381173039255091,-5.619300064879289
4.380728715959284,-5.615711249505474
4.380247703522404,-5.612087653182441
4.379660490017858,-5.608531630524889
4.379252102533685,-5.604702785135833
4.37890795406591,-5.600933655837447
4.378388009178634,-5.597276961646982
4.377451165518141,-5.593087248646541
4.376928443771693,-5.589094032715443
4.3762409862001945,-5.585206590394227
4.375760432915786,-5.58164433369284
4.375228776490608,-5.578078295033584
4.37516193508741,-5.574947847546696
4.37486274301252,-5.57185973949722
4.374774484069343,-5.568539166060668
4.374929019374236,-5.565446500969579
4.375129691896886,-5.5623356166292615
4.374959732017443,-5.559588382610398
4.374948155305232,-5.556989979858321
4.374931414812533,-5.554285112544959
4.375004562991691,-5.551505554937269
4.375200918781011,-5.5483721020581696
4.375363228449986,-5.545290606484257
4.3754425178849425,-5.542262845776057
4.375260225630339,-5.538989701654812
4.374815423853848,-5.536115327706775
4.374868976006738,-5.532919847033511
4.37467087121884,-5.529487905096449
4.374559485232906,-5.525924255510013
4.3745190450071885,-5.522314786982627
4.373817796769485,-5.518025910772561
4.372738432658721,-5.51381878618024
4.371607702402593,-5.509676790676541
4.37062947747185,-5.505409926782561
4.370005745604861,-5.501511986971717
4.369532030430183,-5.497477970938986
4.369185567188286,-5.493306737590294
4.368849954186326,-5.489145439038152
4.368457078979907,-5.485071158552179
4.36792516326771,-5.481037583789548
4.367649540449477,-5.477245233426869
4.3674964369785405,-5.473427659893128
4.367335727880432,-5.469642900423941
4.36739138922827,-5.466061882758471
4.367008236007172,-5.462764774114295
4.366721568461781,-5.459321621161865
4.366755338773138,-5.456180686421721
4.366764309746624,-5.453055941871447
4.36659663609794,-5.450198608148006
4.366675131685882,-5.447573604079482
4.366248407100334,-5.445276065822492
4.365984400459599,-5.442732650872698
4.365843844069166,-5.440305992297043
4.365959133402647,-5.437713792510896
4.365578656848042,-5.434824755165045
4.365380022250502,-5.431884163183766
4.365138467235713,-5.428976347867544
4.365313798799867,-5.4265649569620065
4.365311130116917,-5.424263216578328
4.365384668356336,-5.421869689540704
4.365685323372302,-5.419124965499197
4.366158723080668,-5.416237143467666
4.366411605501221,-5.413223597617984
4.366573966147143,-5.410374294711572
4.366605452627189,-5.4075611153436745
4.366605983641667,-5.404517993107216
4.3667796391985565,-5.40135160748135
4.367123687681085,-5.397983053506076
4.367421184218158,-5.394419038193571
4.367543083515854,-5.391077308912191
4.367619349908158,-5.387804490173103
4.367707664543036,-5.3846563028312415
4.367872818019138,-5.38155749495552
4.368050850067665,-5.378337811208363
4.368281088552419,-5.37536985218854
4.368675521333304,-5.37215410832011
4.368878931621204,-5.369100083037053
4.368927006760818,-5.36587692557012
4.3689740336477,-5.362757409162367
4.368898575093657,-5.359816017097927
4.369391761421117,-5.357464084130919
4.370002088233186,-5.355355895833514
4.3706813736333,-5.3531437187005295
4.3712086766156455,-5.351057763094123
4.371802200535638,-5.348931775754973
4.372366679324494,-5.346909124554943
4.372880357546365,-5.344973462977644
4.3734497420181295,-5.343090790191123
4.373931042990333,-5.341340405305193
4.374400520779623,-5.339645908078354
4.374920038608627,-5.337998998834491
4.375306682976678,-5.336394245685428
4.3758426501143575,-5.334664571872567
4.376236002224886,-5.332799529840122
4.376680709968666,-5.330946936504036
4.376886509349441,-5.3293361588581245
4.377137626868099,-5.327768486151887
4.377494904801766,-5.326004015031884
4.378064036281312,-5.324062723785714
4.378577680682902,-5.322068778050699
4.379076855538733,-5.3197669902572295
4.379586161857419,-5.317449984518808
4.380089011842676,-5.3152946624232404
4.380303412126904,-5.3132977017943706
4.38092961762874,-5.311722252790577
4.3816765824282555,-5.31014569673999
4.382438871924082,-5.308583758893411
4.383380924600599,-5.306782992830638
4.384318525584461,-5.304955134833318
4.385171907319183,-5.303229970771987
4.385836069756736,-5.301789948740644
4.386533557138417,-5.3003596239806035
4.387312632627335,-5.298924694731846
4.388183128799637,-5.297324982678076
4.389078730539494,-5.2957581513402685
4.389839634853861,-5.294263797487342
4.390424303043621,-5.292884533791315
4.391110561895191,-5.291493152616891
4.3917649477163545,-5.290222885812524
4.392683938682522,-5.288779909492102
4.3935345273987325,-5.28737968828373
4.394411015104085,-5.285891160585407
4.395012489327693,-5.28458225150335
4.395769955160797,-5.283211134971426
4.3966092714143565,-5.281711254090463
4.397325991026449,-5.28029521019987
4.398211032928892,-5.2787317930523585
4.399253279933891,-5.277567447359672
4.400201986195328,-5.276504725361328
4.401060150568207,-5.2754036339641965
4.4019945990476845,-5.274203252094796
4.402987442162663,-5.272925374435553
4.404187410750097,-5.271539560757873
4.405369445595588,-5.270139016464391
4.406510868406876,-5.268803271425496
4.407619905975949,-5.2674040554107355
4.408708393708412,-5.266025515116822
4.4096395719854895,-5.264496764192277
4.410863718875643,-5.262702251502535
4.412133388314144,-5.260801251762699
4.413189287562737,-5.258695992132673
4.4143504062302625,-5.2565661367826975
4.41528738450903,-5.254674112806568
4.416157775198132,-5.252718339781071
4.417203183289755,-5.250602535838479
4.418452266568028,-5.248297919840363
4.419628440787958,-5.245923405153954
4.420758222546852,-5.243705975368272
4.421716207916893,-5.241592081393719
4.422688371770786,-5.2395124493602765
4.423922213698633,-5.237796046899051
4.4250732862216395,-5.236204343447586
4.4264789895422885,-5.234596991508021
4.428104560164539,-5.232704242590241
4.429610832242969,-5.231268303934929
4.430971324433587,-5.229927725942221
4.432449178468399,-5.228547156123542
4.4336986449146725,-5.227436926279032
4.435305477143642,-5.22608061495627
4.436987401968469,-5.224670266198238
4.438708752233758,-5.223293224072355
4.44032262059778,-5.221981093796728
4.441937377751397,-5.220591023695265
4.443342369063634,-5.2193025156336645
4.444706528839717,-5.2180802238278
4.4462104073800575,-5.216851872499561
4.447726583114641,-5.2156097923264655
4.449320036463791,-5.214251211948344
4.450866597886053,-5.212846543159811
4.4524420769415585,-5.211422965427617
4.453912974705832,-5.209791207153034
4.455243612163602,-5.208420146545433
4.456650111209827,-5.206999447367515
4.457888446983224,-5.205628193030669
4.459213684084128,-5.20423955892537
4.460883663319685,-5.202691329207799
4.46221505031542,-5.201127916236468
4.463653100285366,-5.199403714939044
4.465027776851926,-5.197680366354396
4.466557046456047,-5.195773846855225
4.468039904447747,-5.193937320411145
4.469784652796085,-5.191968793923382
4.471231233393351,-5.19010087969793
4.472847382406461,-5.18797731856369
4.474403994081226,-5.185854351179865
4.475877165520222,-5.1837218086778085
4.477365886960182,-5.181565824103236
4.479059608749941,-5.179468074486381
4.480650658076912,-5.17760536750106
4.4822952174609405,-5.17566197960023
4.484067745622317,-5.173840237503115
4.485659810080375,-5.1720994720432625
4.487328877284566,-5.170167375481075
4.489044464988111,-5.168448356994224
4.490740804825578,-5.166908315164664
4.492415257525906,-5.165438048480237
4.494046251739648,-5.164109229163498
4.495642823946888,-5.162913481667781
4.497190950457557,-5.161758171864035
4.49881257869468,-5.160491922097238
4.500474356472402,-5.159164451467415
4.502244661283465,-5.157785506991816
4.503770893004335,-5.156495908045959
4.505137285706013,-5.155547695260052
4.506535506006855,-5.154200791357028
4.5080040041976535,-5.152691260501146
4.509268484503189,-5.151137059568038
4.510789022099149,-5.149415089414457
4.511957356773863,-5.147965954241459
4.513033992513721,-5.146555189280264
4.514051810263758,-5.145122123509345
4.515029892989359,-5.143749016584643
4.5158254723801745,-5.14227885588253
4.516836034632994,-5.140808328554231
4.51793850578098,-5.139199138776216
4.518987438767644,-5.137679309255489
4.520188641190017,-5.1360653233346145
4.5211665103130425,-5.134529290393524
4.52200976091692,-5.133240114587379
4.522645250215279,-5.1321471114814825
4.5234099048575525,-5.131209308067744
4.524402259818336,-5.1299279711015
4.525501579600129,-5.128738860715583
4.526656389544486,-5.127647215436832
4.527779616511956,-5.126603241631232
4.528791503844595,-5.125946368760812
4.529769237362008,-5.12554917801153
4.530725391372604,-5.125184507021009
4.5318020816327165,-5.124874278730291
4.533042073561903,-5.124539118097384
4.5343267194734675,-5.124136498368003
4.535249626383592,-5.124112391457365
4.536174792309116,-5.124363731850745
4.537102430112175,-5.124756878216592
4.538094259401635,-5.125385352893758
4.539197602364764,-5.125943300163839
4.540324959046494,-5.126491387335647
4.541363976240235,-5.12729262748074
4.542252128581929,-5.1280246668906795
4.543006203975411,-5.128980478749878
4.543838701616187,-5.1298168233085315
4.544622440265802,-5.130722219669377
4.545588311065478,-5.1318056454027525
4.546717840620045,-5.1326424781375986
4.547800900665502,-5.133343297147646
4.548908160953438,-5.13413782424484
4.549982349456976,-5.134982059145498
4.550911283324139,-5.135810806061302
4.551990239366177,-5.136697890793628
4.553058097118226,-5.137601475473754
4.554164984777333,-5.138296900354145
4.555158906339827,-5.13909685523955
4.556165110431632,-5.139878018448163
4.557054370729135,-5.140669969497
4.558081371298211,-5.141452789235348
4.559009505307873,-5.142384884780182
4.560224340573138,-5.1432410953914305
4.5612462487999546,-5.1441854787613615
4.562332022813462,-5.145033037241504
4.563394678666212,-5.145917161233561
4.5647446550860415,-5.147058674185466
4.56608752417664,-5.148110481846846
4.567405322892924,-5.1495301320674
4.568787011916953,-5.15090784277986
4.57011518425202,-5.152346617339048
4.571470092234493,-5.153661875081988
4.57272148080298,-5.155044629792171
4.5740180312017245,-5.156476418937753
4.575381420530779,-5.157806780477042
4.576693349156254,-5.159110836800088
4.578086346706808,-5.160463158522414
4.579469920054356,-5.161829506986966
4.580877027433685,-5.163018880062609
4.582240664964665,-5.164122356797843
4.583505772333316,-5.165298919150672
4.584645460335543,-5.1661871767186165
4.585993320852345,-5.166984844501689
4.587594377577322,-5.1676103767416395
4.589053320953936,-5.1682481070307995
4.590434408920895,-5.168993327768192
4.591571461128895,-5.169956120347023
4.59292181289561,-5.170562140276419
4.594319680309862,-5.1709415301232315
4.595619949088227,-5.171384589610817
4.596828551639737,-5.171667291318732
4.598311260188392,-5.172411642181398
4.599814126378025,-5.173226027096788
4.601189677115203,-5.173927921847909
4.602617358404952,-5.174591844068639
4.604067436925692,-5.175277461770946
4.605415216600864,-5.176098345264549
4.606869877455713,-5.176819181493363
4.6082659418611325,-5.177483159200887
4.6095308584988794,-5.178315161329772
4.61065175717236,-5.179317349053322
4.611735484526641,-5.180283479317231
4.612826911008286,-5.181152493568773
4.614112928779429,-5.18179308545449
4.61539969328032,-5.182434378707813
4.616762681955869,-5.1830727010412
4.617949776527097,-5.183846679640662
4.6190317544885025,-5.184518673105424
4.620094036462085,-5.185132882913967
4.6212587759913495,-5.185657996300056
4.622312823135789,-5.186075697329486
4.623515833496246,-5.1864287842750265
4.624474725591655,-5.186881661853241
4.625382753257821,-5.187405438681077
4.626546954550883,-5.188261980416873
4.627651339711825,-5.189001444457654
4.628497490798703,-5.1895766477293535
4.629416065947157,-5.190222100230445
4.630306571071819,-5.190714387215052
4.630987550066632,-5.191315940328093
4.631511852162506,-5.1921640366402695
4.6320231537178955,-5.193149031088146
4.632511811726365,-5.1941670427267495
4.632929410865406,-5.195237014972482
4.633486830045245,-5.196094400255898
4.634117805776376,-5.196903971510259
4.634577374168374,-5.197547257853724
4.634997889675986,-5.198250027835562
4.63515546182009,-5.199123891118458
4.635281404604958,-5.1999671014584585
4.63564888561049,-5.200519936638387
4.636153741707341,-5.201041812600447
4.636530220733632,-5.201439157836312
4.636610232485731,-5.202073328659701
4.636805325546381,-5.202671784527633
4.636795848062557,-5.2033467684787045
4.636938687665504,-5.203882785510938
4.6370408229350515,-5.204480790572792
4.63727812593677,-5.205004145214532
4.637355667288539,-5.205491208687274
4.6374899858774805,-5.205891913246676
4.637187683601701,-5.205997348179319
4.636846975699246,-5.206065552923533
4.636477016351842,-5.206291092718011
4.636155829379739,-5.2064889773095215
4.635803898385466,-5.206657086837514
4.635520114895202,-5.206741734458817
4.635146318525924,-5.206915529827986
4.634629109866616,-5.206950304262375
4.634002931238353,-5.2071822841747455
4.6333983788048245,-5.20732350031129
4.632808436987759,-5.207478951066844
4.632354639669704,-5.207513395721581
4.631840375979234,-5.207689383896968
4.6311292678729865,-5.207674618487116
4.630297407841292,-5.207729992076972
4.629361197346089,-5.207832062953247
4.62850455395244,-5.208011370487511
4.6276440023709915,-5.208017374668587
4.626839101402117,-5.208009650712893
4.626021760148364,-5.208172745302563
4.625053269709757,-5.208491467382442
4.623925118845212,-5.208973303878563
4.622933894196341,-5.20931148493197
4.621693971246236,-5.209393996540585
4.6206164766538915,-5.209527106025004
4.6194390819151785,-5.20969148989152
4.618268640958258,-5.209862655527994
4.617072520374191,-5.210085194397915
4.61594958026946,-5.210238201491011
4.61502847669374,-5.210187498036416
4.613987683049237,-5.210138375047968
4.61296820730621,-5.210018789194763
4.612219775818435,-5.210040827085313
4.611271531229543,-5.210241340150904
4.610211567644148,-5.210560376765719
4.609211575874141,-5.21093745369022
4.608076540805797,-5.211419029596889
4.607174158580377,-5.21166833494468
4.60644585246343,-5.212086104573191
4.6055810649960485,-5.212726086646842
4.604366532336309,-5.213719942525174
4.6030094518103155,-5.214564157332069
4.60156324201068,-5.215422373437473
4.599906424142457,-5.2163348514525385
4.598625421597694,-5.2170028058050635
4.597297076054006,-5.217624918633859
4.595823348524344,-5.218467921146284
4.594038140054458,-5.2195136017409425
4.592338657399159,-5.220642078715815
4.590536283658827,-5.221926894322665
4.588960759495656,-5.22306410029857
4.587439424273225,-5.224253640908025
4.586076435483098,-5.225202714473853
4.5844350748681215,-5.226332913822545
4.5827309801955245,-5.227402371830217
4.580845491613456,-5.228747347667878
4.5790387410691045,-5.230041088404787
4.577301408835031,-5.231401780963962
4.575576582013701,-5.232628053109328
4.573913366841553,-5.2338182859579945
4.572181075060995,-5.2349417239473075
4.570321035812152,-5.236180708947427
4.568327378906834,-5.237573310272276
4.566300685735648,-5.238925981415526
4.564332543608535,-5.24035869841705
4.562537362354265,-5.241678871830955
4.560624702650142,-5.243194233457795
4.558926920414055,-5.244922915918604
4.556993063944412,-5.24680515395119
4.555178097490413,-5.248507043888774
4.553400933636157,-5.250161286538839
4.551698378469925,-5.251862631033759
4.549772045161764,-5.253764042713633
4.547930933077636,-5.255747305288557
4.546030024237695,-5.2577643476274805
4.5443287711352225,-5.259571807443275
4.542599562498665,-5.261352143516943
4.541042795819861,-5.263053538072053
4.539213618863511,-5.264981129121872
4.537421503812739,-5.266944158584793
4.535627613407322,-5.26897257812812
4.533798226455488,-5.271062369327571
4.531874608565972,-5.273061460658494
4.530203604821069,-5.274801766718698
4.5285423235649365,-5.276489892088474
4.5269890047760555,-5.278281576020545
4.525459713619565,-5.280136914678264
4.523863346842183,-5.282160837735261
4.522080149777874,-5.284190111101462
4.520327347131358,-5.286275733293038
4.518799830956931,-5.288019688502333
4.517523627477577,-5.29000528752044
4.51643825062837,-5.291949710563541
4.5154889579905735,-5.293814101619269
4.51413233896217,-5.295943119873033
4.5129231194174215,-5.298213175576546
4.5117559294592935,-5.30041944236401
4.51093255544414,-5.3024022044666275
4.510033836213509,-5.304312570827122
4.509140254333343,-5.306123447931158
4.508141008703864,-5.307976244983238
4.507042800732179,-5.30973398930181
4.50608305462946,-5.3114009062582666
4.505203442328636,-5.313140643915061
4.504336048566014,-5.31489196058043
4.5035108719848385,-5.3164971420867095
4.502668020658868,-5.318108443290441
4.5017662091863,-5.319663152098876
4.501128518294003,-5.321046325623576
4.500389676889554,-5.322582926498956
4.499619944366986,-5.324089898596851
4.499164660477353,-5.325769316389765
4.498727077763206,-5.32737033784249
4.498360542654108,-5.329201960154872
4.49782090900767,-5.3308680606044545
4.49712665448651,-5.332634511510798
4.496620270086001,-5.334115905468
4.496067746412355,-5.3355531628538255
4.495691917765506,-5.336875769311403
4.495116961487529,-5.3383910372692815
4.494333982402985,-5.340007072198204
4.4936993017120015,-5.3414913509453505
4.493278266391791,-5.342790835895946
4.492842600081814,-5.343904783559185
4.492489401434103,-5.345112014581046
4.491960699321763,-5.346492333132857
4.491198184611171,-5.348006253296347
4.490610014676865,-5.349591614167425
4.4901755276793995,-5.351130873819994
4.489725989571818,-5.35256118958917
4.489451267754366,-5.353974731670162
4.489237288326767,-5.3552885693337355
4.4888273578144915,-5.356650919730539
4.488300728799966,-5.35817185459058
4.487699111509842,-5.359844122846788
4.487259238564563,-5.361588062799206
4.487012244029434,-5.363289519749985
4.486863012654214,-5.36477572238182
4.4867420714062245,-5.366243586939517
4.486527379343134,-5.3676220395252505
4.4862156354402405,-5.369132539655117
4.485876980232572,-5.370676406850895
4.485527303399344,-5.372209793857286
4.485267700942637,-5.373667101786782
4.485187642946405,-5.375027542974374
4.485023193258233,-5.37630759911644
4.484746389896305,-5.377612274223123
4.4843865034619075,-5.378903998244381
4.484104679874481,-5.380270117798464
4.483993971136557,-5.381525446247552
4.4837090743846355,-5.383045353615587
4.483643139514671,-5.384773899580997
4.483248084562481,-5.38671549254296
4.483071538062785,-5.388325129669557
4.482965564415784,-5.390001902292344
4.483075885515767,-5.3915386294015475
4.483134629070604,-5.393153665858471
4.4833201936467875,-5.394889402587524
4.483269117626051,-5.396962970361764
4.483223201505529,-5.399028583276725
4.483346248411492,-5.401048121239776
4.483230795968024,-5.402857722164289
4.4831715699778,-5.404630848122148
4.4831107070402965,-5.406249374125647
4.482977660187132,-5.4082370381749145
4.483024642422144,-5.410108215951156
4.482870300504817,-5.4119442202641705
4.482588229337938,-5.413816258796166
4.482453414767389,-5.415593115955505
4.482382350171874,-5.417159512674379
4.482339015372092,-5.418801649169827
4.48214689885791,-5.420479687477066
4.481917512385829,-5.422253812038618
4.481584028198601,-5.424092750014724
4.481315979591255,-5.42574837599838
4.481050501561704,-5.427237934033919
4.481062072278159,-5.428500798825348
4.48071558342873,-5.429777967401328
4.480544431512329,-5.431069414728174
4.48029774921167,-5.432409656711333
4.479860233673563,-5.433791690070137
4.479642996360445,-5.435569406537763
4.479297109818665,-5.437430243799764
4.479087667150644,-5.439102073144438
4.4791485517174365,-5.440738609944864
4.4789890611949,-5.442247393120183
4.478830512583079,-5.443504444986292
4.478714403845898,-5.445108199681993
4.478537949723035,-5.446750846205666
4.478456921385822,-5.448362918693594
4.478457719740352,-5.450024529093658
4.478370943263943,-5.451726512918537
4.4784276405179835,-5.45337394128177
4.47851157253647,-5.455003678613635
4.478511815545098,-5.456498893931065
4.478476898557009,-5.458070707710003
4.4786167806869095,-5.459529718623665
4.478601257169411,-5.461030668696003
4.4786574559909935,-5.462418891151405
4.478931192711196,-5.463666824585777
4.479197891872717,-5.464553635271354
4.47918193508111,-5.465408713198174
4.47929457373043,-5.466180912010568
4.479677687937976,-5.467423213966852
4.479874959045327,-5.4684893752970085
4.479896150790674,-5.469716866366289
4.480259013010175,-5.470684318156617
4.480384691226566,-5.471426995676629
4.480615096429854,-5.471917908558354
4.4809194292140555,-5.472272654663459
4.480966688617345,-5.47258966101491
4.480954872413424,-5.472996702431212
4.4810758574840674,-5.4733182320150595
4.48122944898066,-5.4736706917106055
4.481773935925143,-5.473427708775821
4.482168388152726,-5.473281389764784
4.482623127862386,-5.473192183472709
4.483175203764558,-5.4729547175285385
4.483604815370639,-5.472796149696062
4.484204438978505,-5.472798732037496
4.484988178223182,-5.472588481574061
4.485904618168996,-5.472273782263032
4.486840303991876,-5.471977304311514
4.487613063578005,-5.47178825650553
4.488272697891712,-5.47163619450215
4.489067120183759,-5.4716119583907945
4.489908379271157,-5.471605602560015
4.4908579903709995,-5.471629702714768
4.491791279563055,-5.471646728545698
4.49284899146808,-5.471755347487826
4.493740483664274,-5.47189160079435
4.494408483049532,-5.4716365455285585
4.4953823032305,-5.471232317598297
4.496370863878873,-5.470932086871773
4.497126292626333,-5.470611162411678
4.497867582514948,-5.470276211045078
4.498301986651569,-5.47022886891543
4.498616431937754,-5.46995290350793
4.498961659331242,-5.4694723304621915
4.499342202995728,-5.469012125587557
4.499704505515034,-5.468420895653949
4.500196554913179,-5.467783781306
4.5005433560770225,-5.46713780719079
4.500747424025422,-5.466623951199995
4.5009477680683245,-5.466106468047914
4.501207189691471,-5.465511665099517
4.5016155199290235,-5.464683423653494
4.50212579722795,-5.463775633360555
4.502535557823832,-5.463021072633098
4.502589401074531,-5.462495707729247
4.502772677017502,-5.462093179226878
4.502875017804245,-5.461362105316685
4.503087514284147,-5.4605187421937185
4.503122012553497,-5.459209862355325
4.503295565349215,-5.458032974638001
4.503553072547637,-5.45672807643625
4.503310398258376,-5.455745440010737
4.503246642153804,-5.454932761607857
4.503099175083914,-5.454247692763911
4.503048539109962,-5.453376853291644
4.503028035565107,-5.45271541151284
4.503254444570964,-5.451744973753634
4.503528197518333,-5.450744056477721
4.503773569302529,-5.449862989013077
4.503802524139715,-5.4493047880115535
4.503869499065219,-5.44872208666181
4.5040061076176405,-5.448125511342525
4.504181079616231,-5.447533693628427
4.504291582224714,-5.446956141947915
4.504416150561897,-5.446159930814965
4.504552123389533,-5.445356376245903
4.5045366431282154,-5.4444622412922685
4.504460675144691,-5.443573254882249
4.504321454225901,-5.442349725629396
4.50412035346641,-5.441201938790354
4.503835783376845,-5.4399747876895415
4.503615123179935,-5.438560987666547
4.50372443349104,-5.4368342828772125
4.5036523378056215,-5.434927052538816
4.503442377628102,-5.432962959054499
4.503301195849907,-5.430954459979615
4.503080290454894,-5.4290342610200355
4.502888689369582,-5.4269951265308665
4.50271920483125,-5.424941666920625
4.502549012681114,-5.422686762135622
4.502443067736976,-5.420369959497184
4.502459134273892,-5.417974328057682
4.502287834609839,-5.415515143531338
4.502157097393315,-5.4132812852383925
4.502089265968203,-5.411006693418151
4.501969836236086,-5.408796582269321
4.501960160484707,-5.406360749968562
4.501891371771795,-5.403963020625209
4.501785757869284,-5.40141698065985
4.501709692495719,-5.399097439250118
4.501628784474803,-5.396780941377177
4.501363276282019,-5.39467489747865
4.50087894700492,-5.392521761194923
4.50054494669417,-5.39018135151373
4.500207188593515,-5.387721709605055
4.499771264293467,-5.3853592837774595
4.499600899371613,-5.383043884339097
4.499409885653712,-5.380824806355533
4.499144539277778,-5.378653778139983
4.498816545939052,-5.376644642084508
4.498423788298523,-5.37464680505417
4.498114334479525,-5.372594957804016
4.49791256738012,-5.3703091773799585
4.497687799645212,-5.367793041182175
4.497533198934792,-5.365355428829402
4.497420892744529,-5.362952296147599
4.497187732176861,-5.360795879351416
4.496632681921279,-5.358847924009752
4.496115869774132,-5.356841829812888
4.495573229781869,-5.354811040730265
4.495126341367578,-5.352718121339544
4.494679907824488,-5.350724836439346
4.494218585670372,-5.348832585017312
4.493653041053617,-5.347035348886873
4.4928738796870915,-5.345562272517679
4.491790816169256,-5.343924618814994
4.490820428494944,-5.342394586266452
4.489767545681613,-5.340896057076764
4.488977997837797,-5.3395677926436935
4.488301104782521,-5.338313320836151
4.487568373132673,-5.3371180759776005
4.486547534567239,-5.336359813454614
4.485387219274963,-5.335814876817009
4.484188642192838,-5.335429668366364
4.4831171498051985,-5.334851817645147
4.4822320406264105,-5.334150378546243
4.481449492682885,-5.333403862737409
4.480666020083595,-5.3326587853379115
4.479726809841334,-5.332031061773104
4.478733477168446,-5.331570057428174
4.4776168733537665,-5.331295987717852
4.4767099168803535,-5.3306988496880034
4.475803241323433,-5.330128839053151
4.47518813118689,-5.329303972800133
4.4740483279675125,-5.328636624974933
4.472604643755447,-5.327655691196
4.471112576582321,-5.326821876269046
4.469490461755952,-5.325831173432284
4.468003196779573,-5.324840419113123
4.46671474586105,-5.323650923042857
4.465292017091688,-5.322348715628839
4.463875825117026,-5.321106731673051
4.462680598395586,-5.320049542983855
4.461340898773312,-5.319117237746531
4.4600286394355075,-5.318331311110297
4.458610994432226,-5.317613836429363
4.4572492639983,-5.317169785139315
4.456006265163546,-5.316480964375235
4.45468036964648,-5.315846029090443
4.453518416054523,-5.315145877500432
4.4523733987863885,-5.314507175762213
4.451081314369253,-5.313964161124726
4.449812301501959,-5.313779852803213
4.448782133979029,-5.313499621023429
4.447677794164127,-5.313267692160245
4.4467158657787405,-5.312995784976313
4.445795173303972,-5.3125310248638415
4.4447585846807875,-5.312141762112381
4.4437936073185424,-5.311768570773132
4.442906362080796,-5.3113488090988525
4.44172765345404,-5.31071843019566
4.440649982038199,-5.310015740576628
4.4395105284880465,-5.309254054992651
4.438645921267487,-5.308181362768192
4.4378858976671625,-5.306937517693571
4.43723139169852,-5.3058109119274555
4.43653717512774,-5.304787429386313
4.436025776106858,-5.303644992409392
4.435419110717819,-5.30250971025092
4.4347929514291895,-5.301177760280617
4.43440714024943,-5.2996893184691425
4.433903921253994,-5.2977866108176705
4.433339918349421,-5.295840549039764
4.4328153638005645,-5.293736094850125
4.432365987061708,-5.291666026400873
4.4317676200752425,-5.289824894202684
4.430999079161731,-5.2879641263606745
4.430045369802708,-5.28627425686361
4.4291490583603235,-5.284472676325058
4.428372063145547,-5.282566690809883
4.427820751985907,-5.280450233345496
4.427093108576212,-5.278679611323062
4.426490033639104,-5.277001076336757
4.425347097256757,-5.275434602281384
4.424709022927769,-5.273616595035672
4.424333206575055,-5.272072367288592
4.424021169700524,-5.270486566156684
4.423939190238365,-5.26892516460341
4.423921023411462,-5.26755362112625
4.423727776378424,-5.266296487320245
4.423696290175015,-5.265102987846625
4.4236683382399615,-5.263859029326256
4.423651760595407,-5.262607757649922
4.4237276983486495,-5.2612698953312425
4.42395827871871,-5.259959989302741
4.424506163744592,-5.258442940676031
4.424779103425315,-5.256982656561894
4.42497106572339,-5.255802823847211
4.425038296986972,-5.254704545946089
4.425085285302351,-5.253454194618832
4.425142389568821,-5.252168375831676
4.425616683666157,-5.250610003988933
4.425840829922216,-5.249035577444237
4.425936966749341,-5.247662209361427
4.425775754551735,-5.246457049546347
4.425419940812263,-5.245370069666062
4.425156247116291,-5.2443717753645815
4.424970750439429,-5.24301675839811
4.424820312969099,-5.241532330440239
4.424449699965776,-5.240233578747039
4.424221712864301,-5.23908843493017
4.423981400945485,-5.238009078681005
4.423748348493762,-5.236904425205746
4.423478799215426,-5.235854663647724
4.423302604334876,-5.234743760644348
4.423217966179029,-5.233720459559479
4.423227248109176,-5.232555632153052
4.423259961319245,-5.2313754176913445
4.423330812760154,-5.230231666371756
4.423371298948565,-5.229133595832147
4.423181597265678,-5.228186097132783
4.423313479008994,-5.227546598681672
4.423485757439208,-5.2267928666843835
4.423848865369008,-5.226047490044198
4.424108878491612,-5.225481184975326
4.4244065455172965,-5.224858185262994
4.424537998080984,-5.224474934914978
4.424917587999399,-5.224125536470492
4.4251817085927,-5.223828616230557
4.4254942937837445,-5.223499301991744
4.42579100759135,-5.223180384084643
4.426158297133143,-5.222805047011925
4.426491202275024,-5.222521483591452
4.427025972412603,-5.222345852989168
4.427494595134292,-5.222418228657261
4.427976367496931,-5.222585556775496
4.428384387080872,-5.222801124001651
4.428738980501261,-5.223160878288842
4.4290794399572135,-5.223256059016112
4.4294267709253985,-5.223346725905256
4.429675762287046,-5.223434173577494
4.429859824488509,-5.223664614784343
4.430063515607435,-5.223882198942222
4.430178999535242,-5.224190311351338
4.430302947556312,-5.224224807936848
4.430434815211668,-5.22425411937013
4.430673924137933,-5.224066819909915
4.430801079149792,-5.2238899064755
4.431015036828978,-5.223656197103629
4.431229931024394,-5.2235561310610645
4.431552206259072,-5.2234343389572
4.4318062738265604,-5.223496288724247
4.432061514406599,-5.2233362071483045
4.432149490883784,-5.223280260968807
4.432474719016945,-5.223030405500812
4.432996519096774,-5.222664690040427
4.433532237316375,-5.222221224017786
4.434147206414949,-5.222118505656193
4.434779807737722,-5.222195560577118
4.435450990461785,-5.222247370453288
4.436274747554271,-5.2223034622353195
4.437051560179236,-5.222387146280358
4.43795873785082,-5.222413578728554
4.4387142802938016,-5.222668459571116
4.4394814973274075,-5.223060139876143
4.440236922961164,-5.2234883173410145
4.440896202433563,-5.224061342294356
4.441569258978679,-5.224806515594885
4.442152870138206,-5.225638181647689
4.442785794317413,-5.226395423344899
4.443560158681221,-5.227191596524559
4.4442714457539205,-5.227897834370265
4.44484502860732,-5.228811590261961
4.4453176906038046,-5.229803020893925
4.445626180060345,-5.230790350962668
4.4461039062304,-5.231665707040949
4.446914935921801,-5.232249687130716
4.447667447319496,-5.232777569170861
4.448640426439988,-5.233241850350694
4.449593186654616,-5.233736582087441
4.450426503810719,-5.234336228004903
4.451100059026221,-5.235007676120414
4.4518576434128345,-5.235515792649991
4.452983858517275,-5.235782999503561
4.454062390794615,-5.236004500110916
4.455301703459141,-5.235983370116641
4.456394180950696,-5.23605813995811
4.457439667412763,-5.2360878846741645
4.45852577467949,-5.2362491485054345
4.459736237479942,-5.23644912929192
4.46107094792696,-5.2366124545437245
4.4624715612833725,-5.236633964949034
4.463803751618651,-5.23676785345818
4.465256028523779,-5.2370169830272495
4.466600802582573,-5.237433955413598
4.467777596596096,-5.23801767536547
4.469158648051961,-5.238809772284824
4.4704983067113675,-5.239602424465543
4.471876299566926,-5.240360762735977
4.4732473209800565,-5.2409239895668405
4.474362086014091,-5.2417536490322165
4.475365491995091,-5.2425169713398665
4.476493850005564,-5.24340020976175
4.477837410556277,-5.244099116684332
4.479363631454278,-5.244717675920608
4.480707741956627,-5.24516143809101
4.481819887693699,-5.245783744249496
4.482979167490584,-5.246287719856763
4.484073766792548,-5.246729608440345
4.4853370136871815,-5.247030688303
4.486691871697873,-5.247321394404242
4.48798842619667,-5.2475560958120795
4.489245828222786,-5.247735560039508
4.4904511027659835,-5.247919406667936
4.491592428837747,-5.248041842728735
4.492737438271782,-5.248184264049438
4.49391723785911,-5.248253015661802
4.495124455856815,-5.248348087567348
4.496696759977638,-5.248638464992293
4.4983213452341,-5.248849833562428
4.499734949464511,-5.249067731825358
4.501203831731766,-5.249368194180911
4.502790054164837,-5.249491126556891
4.504196785998687,-5.249719336261719
4.505836912577606,-5.250018177298241
4.507439599498055,-5.25022984095462
4.509047724759689,-5.250511815074063
4.510563158768427,-5.250704715111687
4.511803463214788,-5.251044961634114
4.513064336779686,-5.251433958862363
4.514554065945145,-5.251647064480119
4.516112041699086,-5.251877518394329
4.517624650816573,-5.252183677907325
4.518771909997844,-5.252727797389185
4.519997296550016,-5.253122842787973
4.5210713181711295,-5.253686931583719
4.522377095708085,-5.254100121181863
4.523591676987978,-5.254703678943716
4.524618505903335,-5.2552859039943
4.52569245323606,-5.255717916982969
4.52663463723617,-5.25634998008535
4.527468578759816,-5.256877951855349
4.528563103101931,-5.257585921520135
4.52955295302095,-5.258196561463074
4.530533495088427,-5.258815767499885
4.531624005106291,-5.259376148646536
4.532511020312922,-5.259763071162186
4.533370422196373,-5.2602548844703625
4.53421818295602,-5.2607621379336
4.534919633959988,-5.26147584846656
4.535849079424257,-5.261843838492566
4.536879471815087,-5.262262650834256
4.537920424106237,-5.262616933623547
4.538981729959492,-5.263129278712792
4.539620935030658,-5.263916159557072
4.540521932355832,-5.264954826621918
4.541500487959726,-5.265875704534655
4.542648738233707,-5.266686163527657
4.5438967274826,-5.267592565927538
4.5451409130290505,-5.268504595520707
4.54596358533352,-5.269690526307874
4.546865624432591,-5.27095275949771
4.547552427882203,-5.2725415142405385
4.548397178748737,-5.274027496896618
4.549439305344478,-5.275713066169214
4.550595121886288,-5.277225818713189
4.5516585565575065,-5.278798438501003
4.5525316034870125,-5.280187944485901
4.5530425732742925,-5.281460456221246
4.553393337075926,-5.282932787014808
4.5539466819746774,-5.284273510353198
4.55442459936016,-5.285546908504752
4.554838770579443,-5.28684820585753
4.555362881863431,-5.288078118123876
4.555726838153291,-5.289209676962188
4.556034068693259,-5.290334214407335
4.556462667704486,-5.291380009043987
4.556729492568709,-5.292745880022608
4.557121207251175,-5.294098997940626
4.5573316851808565,-5.295517931546046
4.55729326840073,-5.297101063271231
4.557360612940483,-5.298608608600466
4.557522515793597,-5.300074013214654
4.557664123870137,-5.301673739978641
4.557657533245492,-5.3036881574399315
4.557632964344374,-5.305790218694863
4.557676179669587,-5.308230168088525
4.557880581013202,-5.310467901918919
4.558175112987037,-5.312792228539756
4.558334477124375,-5.315216227661482
4.558298829142191,-5.317706465315457
4.5585589966327,-5.3204805765392
4.5584605366661375,-5.323164671669096
4.558207497030252,-5.325948749692375
4.558043654784749,-5.328811246388019
4.55788122549536,-5.331563657224552
4.55758844954588,-5.3344002612559756
4.557512559127638,-5.337154963032001
4.557339573417362,-5.340059525566226
4.557044565631397,-5.34304278345811
4.556866757831418,-5.346315217250012
4.556621520746341,-5.3495110567758735
4.55633275892072,-5.3527347122316
4.555973084253846,-5.35587789143924
4.555792752046335,-5.358917277625292
4.555301884263061,-5.3619123719643484
4.554768354105492,-5.3649803778940575
4.554178363312744,-5.368175766137835
4.55341129159877,-5.371201463382718
4.55292670604688,-5.3745993643530605
4.552636979483334,-5.377864962289063
4.552223568573036,-5.381012249438543
4.552100811500567,-5.383865218942029
4.55171317427376,-5.38705945983016
4.551029748551514,-5.38995974146496
4.550143151563293,-5.393068386052156
4.549312854245829,-5.396193914362181
4.5485026014000365,-5.399338733583352
4.547853759876514,-5.402297343353893
4.547119919422844,-5.405429066863728
4.546368832732243,-5.408660528264387
4.545614298656066,-5.411892440468962
4.544737623392883,-5.415379627984076
4.543883977877073,-5.4187889980113075
4.542963579684365,-5.422221788179349
4.542175566063226,-5.425616529076545
4.5412227511986965,-5.4291175506490355
4.540408897463377,-5.432275690843593
4.539502779252721,-5.43551905043368
4.5386077057106196,-5.438755321350845
4.537750466974284,-5.442020138488837
4.536867291135895,-5.445239442823229
4.536328813497642,-5.448793857200024
4.536030495330193,-5.452232437389131
4.53578405474421,-5.455404836401034
4.535310480142178,-5.45868615795347
4.534690361967429,-5.461809504624164
4.533967696561038,-5.465046093596806
4.533227099773555,-5.468221568798194
4.532633721016044,-5.471502811284226
4.532376532004803,-5.474503546495973
4.53178447786271,-5.477447427193127
4.531297351188581,-5.480220002790459
4.5308206050513204,-5.4831151700584915
4.530309524170331,-5.485894759096283
4.529789312729264,-5.488776957134002
4.5294508634149215,-5.491582412057862
4.528879587513181,-5.494167050173968
4.5283308151544786,-5.4966504070878885
4.527951741794269,-5.4990694495668295
4.52734889849048,-5.501276436702926
4.526868762542018,-5.503408968879122
4.526273333537668,-5.5057154640497625
4.5256055665008095,-5.5079537304192545
4.524885308459874,-5.5102132813554725
4.52456602341909,-5.512623564116192
4.524266104356874,-5.5149964249523515
4.523782811153482,-5.51719560261811
4.523488140586451,-5.519337238268674
4.522720336829396,-5.5213961783634256
4.522024331789307,-5.523407548493601
4.521318475445179,-5.525535159810129
4.5204286724578155,-5.527793877271284
4.519668680064007,-5.529694755484869
4.519102037169331,-5.531588541175533
4.518614472158898,-5.533464038184982
4.518217698900183,-5.535275596693965
4.517760661048823,-5.5371757921943425
4.5171551010574955,-5.539251715793249
4.516568642769733,-5.541008603394016
4.51601326694776,-5.5425806010435394
4.515484789694745,-5.544135503703503
4.515130788426742,-5.545483301254
4.5147198166263784,-5.547016369575509
4.514204040148632,-5.54861673444118
4.513689383077457,-5.5503831136920825
4.513236400594731,-5.55201278333363
4.512831850449481,-5.55369553617113
4.512556878238142,-5.555327449419517
4.512498006101548,-5.5569521588553625
4.5125000719077475,-5.558397285138858
4.512219468005038,-5.5600310628096175
4.51168641963662,-5.561546341877187
4.511062177255125,-5.5629499651260765
4.510521008988053,-5.56429540333956
4.510378961961585,-5.5655903907751245
4.510047534246753,-5.566755634327728
4.50992616596488,-5.567986365416573
4.509886406446686,-5.56916483383425
4.5096776154872975,-5.570270731387389
4.509341986897286,-5.57143734644417
4.509146742736251,-5.572514126040664
4.509038946411245,-5.573468078795303
4.509013443967067,-5.574137069248216
4.509058138423603,-5.574761142819553
4.509117604831542,-5.5752738311798895
4.5090797699256315,-5.575702639781937
4.509333948011011,-5.576155131871323
4.509466209564818,-5.576398730725521
4.509725313932067,-5.5765162473946335
4.510017979884649,-5.576665305588711
4.510149041067477,-5.576654447217039
4.510648123122125,-5.576307579404537
4.51104499486566,-5.57586420585095
4.511441346727858,-5.575481134667823
4.511520192021147,-5.574892657740288
4.511470547463977,-5.574239156309927
4.511591602622936,-5.57363534497349
4.511792912121339,-5.572980157396399
4.512110061770502,-5.572040803413146
4.512477865403029,-5.571036654030627
4.512827686675457,-5.570044001682829
4.5131601624340405,-5.568998962620502
4.513579631724356,-5.567980342663862
4.5140340456131876,-5.566939347055156
4.514597721397981,-5.565911582515918
4.515309332730167,-5.564582462819476
4.516027159763891,-5.563249378109874
4.516830773921079,-5.561773355646348
4.517715033442936,-5.560463974746509
4.518584149531665,-5.559241560232569
4.519486633390342,-5.5580847601773105
4.520509076802789,-5.556684522921132
4.521602067992599,-5.555153161615362
4.522617834685733,-5.553216338440545
4.523449375194574,-5.551105457280806
4.524187787191084,-5.549115001651917
4.524926215570149,-5.547117535354596
4.525756318574225,-5.544966972465598
4.526456433190569,-5.542814667197665
4.526997716845651,-5.5407494099515775
4.527773951856206,-5.538533596993513
4.52846751288418,-5.536010264797708
4.5291212692931095,-5.53347470825172
4.52990931634051,-5.530853013601778
4.530431791643761,-5.528317341663002
4.531100850902053,-5.525870000519828
4.531562514767566,-5.523307237214405
4.532001270031619,-5.520682135454539
4.532374710982642,-5.5179077952657405
4.533028129821679,-5.515039249696217
4.5337835072348565,-5.512035765883057
4.534408248405064,-5.509113501681313
4.535099666001146,-5.506250261161442
4.535761794140074,-5.503322835258805
4.53627803748385,-5.500382048578871
4.53702249653587,-5.497400717042807
4.537186162335406,-5.494085477384172
4.5376815577571845,-5.490726237452829
4.538082376927608,-5.4873989507178464
4.538597863256966,-5.48400023552375
4.539028331549781,-5.481025200047926
4.539169894354235,-5.478182747037015
4.539416462946284,-5.475550440393085
4.539807330048162,-5.47269762790278
4.540311211772444,-5.469834158776632
4.540994516433712,-5.467023746059671
4.541562338429939,-5.4643897962410195
4.54199300011654,-5.462126456960898
4.542399753424776,-5.460006551553836
4.5428923543113,-5.457871665309767
4.5434807724189605,-5.455673311856113
4.544196800337733,-5.453359038086475
4.544846583572505,-5.451326665225149
4.545407661507959,-5.4493725875724905
4.545946228045364,-5.447397225924475
4.5462184960621075,-5.445750576939592
4.546771560964677,-5.443852933970764
4.546949603566793,-5.441568090849118
4.5472287034002825,-5.439215681649116
4.547401202438004,-5.436907171433896
4.547536583412221,-5.434535274140919
4.547439780321759,-5.4322991768388675
4.5473925972514975,-5.430010380694708
4.547672022216931,-5.427966283994703
4.5480228171302794,-5.4259903220671495
4.5484631244023666,-5.423899789337898
4.549091769026103,-5.421695053974281
4.549449701455677,-5.419474088717732
4.54982189690288,-5.417231407043482
4.550201259990506,-5.415084813407366
4.550610731896681,-5.41290391605043
4.551045690282117,-5.41068419152642
4.551698173473392,-5.408371410021402
4.552072000954234,-5.406131747527567
4.55252558442539,-5.403770482707588
4.552897379617874,-5.401401059337247
4.5533421691806915,-5.399019452300341
4.55370320348595,-5.396765662869546
4.5543287264497385,-5.39450189407491
4.55481951680643,-5.392471574909903
4.555074130375724,-5.390397153923691
4.55544050960124,-5.388270763764168
4.555726518396321,-5.386196404498974
4.55589442159872,-5.38424018035402
4.556133393976684,-5.382411819775699
4.556347762809378,-5.3805994746941215
4.5570496881868845,-5.379284320226472
4.557747367737204,-5.377975651859173
4.558515989368644,-5.376650055147668
4.559161522583406,-5.375388273631288
4.5599552016370595,-5.373900661619437
4.56069925088442,-5.372498386445868
4.5615286141933,-5.371066924178358
4.562366208981202,-5.369714779708637
4.563119869518845,-5.368282405116311
4.5636986294186705,-5.366963091609125
4.564404208234571,-5.365450484199602
4.565100305766413,-5.363793455040059
4.566008934944995,-5.361940490466357
4.5667668950355775,-5.360202002666734
4.567600941555621,-5.358536589939216
4.568198490547911,-5.35710798271969
4.568970769479106,-5.355231724266525
4.569700734481495,-5.3534009804582565
4.570393949653101,-5.351536123066075
4.571293123959915,-5.3495381913785485
4.571974440112141,-5.347770301422296
4.573057627694611,-5.346413894282071
4.573908817919674,-5.345207518236489
4.574792901063455,-5.344006656726865
4.575571076756514,-5.342732597226306
4.576550458608784,-5.3414697572416205
4.5775715962896,-5.340143271942857
4.578497979381986,-5.338814353045873
4.579541795463576,-5.337435736899726
4.580374662092028,-5.336378636102285
4.580887373360598,-5.3353096564445766
4.58166142313565,-5.334262849504019
4.582549564232517,-5.333042150765573
4.583420905531887,-5.331715701918013
4.584497970681707,-5.330271154357167
4.5854467519204665,-5.3290221367676365
4.586141917867015,-5.327831802142802
4.586874829042522,-5.326723922966946
4.587678427749588,-5.325508304428991
4.5884713361522165,-5.324212199158023
4.58947260766093,-5.322746358673875
4.5904761990513,-5.3212893542535085
4.591450393866631,-5.319883269412589
4.592191349360698,-5.318481432079463
4.593086234184282,-5.317248770874509
4.593919734922319,-5.316043942264536
4.594962590698655,-5.314720965268272
4.596004054679512,-5.313439043363637
4.5970968049737735,-5.312243586941473
4.598030812213062,-5.311150896918559
4.599019581252412,-5.3101109570878124
4.599912511879251,-5.309217088685976
4.600701101580584,-5.308390774027037
4.601603181844698,-5.307673753370279
4.602486347969924,-5.306985539037241
4.603482472949911,-5.306224201194222
4.604459226510715,-5.305444261284228
4.60528210746049,-5.304807066694335
4.606025152282191,-5.304293983889879
4.606921335463618,-5.303765439738642
4.607894829558526,-5.303118991628402
4.608746985533027,-5.302353355954475
4.609639313250296,-5.301561722102023
4.6104733721360525,-5.30066591239409
4.61115670447152,-5.2998138653150795
4.611901726903765,-5.298921884640881
4.6124201266111795,-5.2981360805358415
4.612935503594725,-5.297294610955433
4.613579501135113,-5.296347251075846
4.613984070696262,-5.295359016529308
4.614418459334887,-5.294325308928475
4.614820445606337,-5.293276537598297
4.615302356383443,-5.292088531395151
4.615706036694396,-5.291019778561151
4.616248388870011,-5.290003077909741
4.61666084035227,-5.289043831388294
4.617124771747238,-5.288006089757735
4.617654659515001,-5.286989433199075
4.618007850165457,-5.285965562124786
4.618348009386677,-5.2849615444877465
4.618878621164177,-5.284053430593723
4.619258321218141,-5.283229554226752
4.619524155232236,-5.2825792603781
4.619985188770895,-5.281919291480369
4.620194160004708,-5.2813332364724594
4.620340317313848,-5.280655590168773
4.620370962163488,-5.280232411367532
4.620494895252302,-5.279852828097616
4.620813185889913,-5.279359966534816
4.620989208012178,-5.279219048292601
4.620936324398457,-5.279228700916175
4.620697877759029,-5.279350471883881
4.620314124450158,-5.279543600774143
4.620041365468993,-5.279614476512963
4.619768514647994,-5.279681531134036
4.619402007503912,-5.279957058234603
4.618970803959909,-5.2803633015755
4.618337009308889,-5.2809008208962585
4.617652636768281,-5.281350753940032
4.616993571360468,-5.2817899249098685
4.616264782853577,-5.282079665846306
4.615490276257321,-5.282439026015127
4.614895658851507,-5.282889215566733
4.6141320981283975,-5.283281673851597
4.613332126714432,-5.283729564599149
4.612472082653915,-5.284168275594286
4.6115024962727,-5.2846832178970224
4.610768727233968,-5.2848387345120384
4.610216909639369,-5.28496840954448
4.609596776793976,-5.285058530135824
4.608771682836884,-5.28527973533195
4.6080115001915045,-5.285500954554397
4.607083412966299,-5.285860658393131
4.606126786275655,-5.286364018729236
4.6053147092524425,-5.286647122156873
4.604581350058233,-5.2868780807440965
4.6041444299365315,-5.287072180040332
4.603773499558542,-5.287165735589391
4.603240059170095,-5.287331898780399
4.602693783192459,-5.2877026151784605
4.60194902445103,-5.288155843459551
4.601292353785008,-5.288551984683567
4.600716847656501,-5.289026351688247
4.60010348672903,-5.28946094172985
4.599380477057265,-5.289871479761818
4.598591145995552,-5.290476428977943
4.597745112959112,-5.291317401890451
4.5966501238673425,-5.292359118578167
4.595632450619255,-5.293572526611944
4.594875492847883,-5.294751093691856
4.594100506671854,-5.295909477374138
4.593385253099357,-5.297042675456799
4.5927031483475,-5.298114941698553
4.591872186636178,-5.299306514348701
4.590938351756569,-5.300654159904285
4.590122626217458,-5.302119999090195
4.589657684351481,-5.303135891124732
4.5893014477743055,-5.303977243979091
4.588632940525713,-5.304854036196916
4.588105190272683,-5.3055164422241425
4.587429119811982,-5.306272648923358
4.5868580477943395,-5.306839108573334
4.5863287796781735,-5.307341912786882
4.586022449874795,-5.3077506373833145
4.585591351388168,-5.3080320753450545
4.585255249967282,-5.3081688399189595
4.584726410285258,-5.308323778806344
4.584386606221188,-5.308292424425098
4.584003869012946,-5.308326468811588
4.583757963834454,-5.308266247895252
4.583497069285002,-5.3082735838681545
4.58327422026796,-5.308222986922689
4.582934328327202,-5.308040870923623
4.582563912513768,-5.30772081097225
4.58206886460661,-5.307590538225963
4.5814910900482095,-5.30756193844909
4.581127209202799,-5.307557803250522
4.580623514589076,-5.3077665582200035
4.580146116627578,-5.307866235789697
4.579759921239587,-5.308027414095886
4.5794711169794375,-5.308221294596669
4.5789805188037045,-5.308568780596522
4.5786414242521545,-5.309061929918025
4.578367396028444,-5.3096123731991005
4.578134684729477,-5.310373036231354
4.577609250003459,-5.311324461217669
4.577006511245334,-5.312218730002479
4.576437645971036,-5.313362372170015
4.575884957449951,-5.314528183118686
4.575329398177587,-5.315815938816821
4.5750766683075925,-5.317137751306505
4.574475529996715,-5.31868514134068
4.573851555029123,-5.320200584668434
4.57343404198518,-5.321718617148285
4.573110946682026,-5.323270395829838
4.572756114641443,-5.324526054787922
4.572421629343097,-5.325801085467985
4.572231943814686,-5.3269428153916785
4.571969461201962,-5.328093900048165
4.571498073200741,-5.329034810245611
4.571024928492033,-5.330008692149901
4.570502461176469,-5.331012808791378
4.5699569302129985,-5.3319946615728115
4.569662205066732,-5.332791238618657
4.569352239100415,-5.333749543795618
4.568798834630635,-5.334474205934544
4.568086120835716,-5.335450610179481
4.567186833076452,-5.336559616296398
4.566233158009392,-5.3376164377305555
4.565588356855131,-5.3384240988141265
4.564970967063109,-5.339186402821886
4.564261029503833,-5.340130104307382
4.56347192839936,-5.341074992100014
4.5623838132438355,-5.342307661624042
4.561530580290145,-5.343596101647298
4.560822824667132,-5.345033297637507
4.560347850241729,-5.346226595676942
4.559703257056813,-5.347593355172987
4.559146109168553,-5.348880760273936
4.558518693812247,-5.35032567349291
4.55776822647489,-5.351868749845725
4.556908836371661,-5.353504960777538
4.556237177313629,-5.355339767114381
4.555567796490438,-5.357280160816295
4.555204888416405,-5.35914010287476
4.554847552404381,-5.360996269341249
4.554390300972086,-5.362753074385537
4.5540131941422946,-5.364655325395157
4.55357077554545,-5.366599620611933
4.552985025649495,-5.368576221166463
4.552420113275969,-5.370637976477328
4.551868737259967,-5.372690822284912
4.551206263979524,-5.374491199171764
4.550691150258644,-5.376075481143258
4.549885370735993,-5.377829860088752
4.549192310612599,-5.379511346016888
4.548406114235526,-5.381407703776677
4.547484741795448,-5.383209482192161
4.5467175197648375,-5.384911663396656
4.546021072056057,-5.386340930584726
4.545390959733,-5.388001229960922
4.5449529673077995,-5.389537478961743
4.544532247548241,-5.391100122826538
4.543882617325255,-5.392792204783748
4.543256799642116,-5.394468972775431
4.5427799034178795,-5.396296120403849
4.542170756011437,-5.398125107355799
4.5416051089106,-5.399926112823845
4.5411338145924045,-5.401641271209439
4.540587721239086,-5.403636760989549
4.539899211597094,-5.405724265085177
4.539318625693186,-5.4079195429420475
4.538811393868048,-5.4100708151477805
4.538113383258043,-5.412345231972692
4.5376268696745825,-5.414391028027062
4.537287130696854,-5.416706560085207
4.536771162729064,-5.419135716224611
4.5364482625645515,-5.42171525724694
4.5362490135739115,-5.424498256035771
4.535886347966493,-5.427386442601917
4.5356286422967305,-5.430210497198773
4.535262132378127,-5.433104453899405
4.534996844082236,-5.435963068880163
4.5349073105224385,-5.438721780234136
4.535031253650456,-5.441877156367091
4.535111572497173,-5.444821998258877
4.5349701531380475,-5.448105056538549
4.535097512013484,-5.45131032913473
4.535043887044687,-5.454596620425421
4.534990265308906,-5.457709594102501
4.535061868632307,-5.46072553135369
4.535212895252376,-5.46369014700936
4.535068400870718,-5.466611508141059
4.535060224900267,-5.469564799014735
4.534856867137119,-5.472395219923304
4.534659296958858,-5.475311189777617
4.534390239125513,-5.4781627261606465
4.534023948819655,-5.480904879798902
4.533640626246064,-5.4836572200830584
4.533351449842408,-5.486329420465475
4.533107274423122,-5.48889760720961
4.532925638539683,-5.491513468787081
4.532682307538747,-5.494216807536682
4.532195805403615,-5.497097282485132
4.53203970463696,-5.499638870908473
4.532159873980709,-5.502003083981829
4.53225878143808,-5.50434717229049
4.53277379480192,-5.50713086904666
4.532896837500347,-5.510166276146164
4.533160556534989,-5.513335164603042
4.533169134596313,-5.516284947620916
4.53334556440615,-5.519127056222578
4.53361172500505,-5.522054239879632
4.534075330681552,-5.524679255791778
4.534311665909493,-5.5274499068302765
4.534456402278982,-5.530133669116914
4.534568891628081,-5.53286671152429
4.53480053046655,-5.535523331733418
4.535000391013654,-5.538149812582007
4.535464248010625,-5.540371995289354
4.5360354954514,-5.542525287825468
4.536366343577051,-5.544450905492219
4.536708501394989,-5.546410282393348
4.537069016395621,-5.548311670335978
4.5373543112703265,-5.550141843753212
4.537755482047666,-5.5518511703082
4.538357480093457,-5.553400692909923
4.538714690597828,-5.5547185517522255
4.539007348671617,-5.556046921060126
4.539321256315354,-5.55726352716235
4.540093524454522,-5.55895384841757
4.541089742033987,-5.560417253649312
4.54218812232301,-5.561862794214481
4.543162099102327,-5.563330792346643
4.543864413179123,-5.564513024508779
4.5443739547360344,-5.5658186347398795
4.545084847079517,-5.5668155803573365
4.545686690755331,-5.567709366055746
4.5466324219368435,-5.56838333668826
4.547470081826579,-5.569223200364069
4.5481875303632835,-5.5701411227283595
4.548939544009273,-5.571009248067273
4.54984893096312,-5.571612854606164
4.550880049060149,-5.571922672097033
4.5520080255083935,-5.572170639479011
4.5531977182830365,-5.572226709372743
4.554453557351812,-5.572355162405409
4.5557257073051325,-5.572473236042149
4.556940479816316,-5.5725392740078545
4.558278127002216,-5.572353097499808
4.559616520341951,-5.5721664714509025
4.56096804155801,-5.571746569879948
4.562285066656241,-5.571386640903303
4.5638643749696595,-5.571068323378591
4.565218277286073,-5.570861683399621
4.566465938191954,-5.57070741352627
4.567638758153714,-5.570647898268872
4.568549903293338,-5.570035846913457
4.569641144604156,-5.569209545397293
4.5706066692819105,-5.56839266076366
4.571505897272004,-5.567548197193719
4.572400030935074,-5.5668421002270705
4.573303824204976,-5.565953962356376
4.573960761988959,-5.565444967876726
4.574808785663653,-5.564849439085583
4.575524683149744,-5.56442903512743
4.5764007556305595,-5.563762689370296
4.577275378089677,-5.563230580369715
4.578204515891152,-5.562676978814602
4.578989014523506,-5.562345595235497
4.579851637231886,-5.562087646489929
4.580709686955017,-5.562039669205118
4.581550879912882,-5.5619660429689475
4.582316260843253,-5.56194920990751
4.583130100963478,-5.56196070083408
4.583905197346719,-5.561974548086278
4.584656752857748,-5.5620530183343435
4.58527617850462,-5.561989090917794
4.586193253983883,-5.5617350643393015
4.586785793787192,-5.561742020299279
4.586858232024317,-5.561336039718824
4.586942806871737,-5.56094155381446
4.586928959805576,-5.560558590111506
4.587138615531672,-5.559982163789395
4.587273837495022,-5.559335111446274
4.587430823816596,-5.558733004239038
4.5872760933865395,-5.558407291676795
4.587211202885486,-5.558166800131125
4.587007209398708,-5.5579745221747885
4.586852923445231,-5.557716134910751
4.586853540335435,-5.557412138462837
4.586891263522011,-5.557051130429537
4.586605669685793,-5.556974844174565
4.586175389798179,-5.55717072421725
4.5856619147327,-5.557442792794304
4.5851737923766835,-5.557760907085726
4.584776699541842,-5.558155495967967
4.5844660153805314,-5.558393092813647
4.584126582256619,-5.558738705525839
4.583616327252659,-5.559291075016462
4.582894088590335,-5.560085460687683
4.582226924847263,-5.560995466848656
4.5816830221026015,-5.561929512105391
4.581049421049393,-5.562711503773391
4.580457524294932,-5.56349783445366
4.579858420692763,-5.5642772680010255
4.579191702918069,-5.565039963509529
4.578419890969788,-5.565837296495968
4.577686651156385,-5.566671066104992
4.577162513280915,-5.567324754699271
4.576634845372697,-5.568113469383604
4.57598956827254,-5.5687906797501725
4.575075266114712,-5.569639694899277
4.574412167751422,-5.570102887547397
4.573679335938618,-5.570499927978127
4.573315264519085,-5.570661460865801
4.572840809539723,-5.5709925563150575
4.572260403929466,-5.571223262877835
4.571464352251717,-5.571591699990576
4.570718753744072,-5.571882686830442
4.569744198330286,-5.571956790382637
4.569043099184706,-5.571856246149318
4.568352741653174,-5.57173921206083
4.567669625006825,-5.571629031930099
4.566947058133216,-5.571544055030395
4.566380172109816,-5.571684562444519
4.565767987653077,-5.571866218640414
4.5653112659795285,-5.5722126462716135
4.564670763890281,-5.572676471914214
4.564376770105954,-5.572845903404121
4.564181363247956,-5.572930886526088
4.563935522020233,-5.57319414908188
4.563513084425961,-5.573621507735951
4.5629507105940155,-5.574180826058295
4.5624257118023,-5.574750576493801
4.562089182696026,-5.575141105921814
4.561867231527758,-5.575282978332733
4.561628699565593,-5.575349465935182
4.561185349553625,-5.575587397506427
4.560770049075691,-5.575869973904613
4.560235179892371,-5.576156457120124
4.559817912464051,-5.576428951164557
4.5595586343097105,-5.576436897571623
4.559146040372999,-5.576510930431516
4.558866331891592,-5.576380944728275
4.558617038740628,-5.5762578065683694
4.558287528167379,-5.576047795676165
4.557687723054059,-5.576252652970139
4.557147301629808,-5.576377990221254
4.556567672211478,-5.576563907774828
4.556043376850768,-5.576664843341891
4.555525075958133,-5.576708183743127
4.554888905480636,-5.576690508989139
4.554228838740397,-5.576677229434425
4.553664220248245,-5.576571950494514
4.553070342594877,-5.576439024978773
4.5526160728946685,-5.5762120438454605
4.552003014792686,-5.576118925826074
4.551413985969139,-5.576048577798291
4.550808295366862,-5.575863021128549
4.550449791023808,-5.575386757502666
4.550050820064645,-5.574872209515749
4.549742085883404,-5.574352076253583
4.549209736730935,-5.574029645490724
4.548746810308843,-5.573772893619211
4.5481380128924735,-5.573579412774374
4.5477031698775345,-5.57324417050889
4.547354378229081,-5.572990326211272
4.547205581048384,-5.572581425419091
4.546844802685014,-5.572332905387953
4.546568435982502,-5.572158143547632
4.546206714576134,-5.5721221039174855
4.545737392966605,-5.572251104309118
4.545340980071028,-5.572360193452222
4.545011074360372,-5.57248720486807
4.544566233821883,-5.572326108656614
4.544017573629684,-5.572201047753621
4.543511036030458,-5.57211581417202
4.542902829458168,-5.5721738340306395
4.542089668730878,-5.572480880844133
4.541337408313654,-5.572904733791345
4.540752216747232,-5.573072413148474
4.540428293783688,-5.573073065945715
4.54000704910231,-5.572981691917576
4.539529730749741,-5.572935167779979
4.538954159158607,-5.572929507059827
4.538398959371001,-5.572943091946558
4.537978822729004,-5.572891870529291
4.537641436665954,-5.5728563392044155
4.537236893842068,-5.5727573195268585
4.536747456675429,-5.57267033680393
4.5361358942126,-5.572604569233881
4.535570445360399,-5.572582381705829
4.535326726313585,-5.572354469666429
4.534864673952787,-5.57246125322663
4.5342517784051415,-5.57241314281992
4.533632426491646,-5.572369898696211
4.533051116935538,-5.572162042737681
4.532467921633756,-5.572021690475544
4.531911897426524,-5.571809444182995
4.531526072011284,-5.5714314914014516
4.53110467144706,-5.571169538346213
4.530803802070527,-5.570971078268001
4.530399464921187,-5.570849623194933
4.529842740308584,-5.570907358720836
4.529349221157025,-5.571024824249469
4.528775969746874,-5.571198100375832
4.528375482047794,-5.571215942173204
4.528100938953439,-5.571352796512331
4.527630733786678,-5.5717403941231485
4.526957465927039,-5.57235086858131
4.52641389898888,-5.57308387069901
4.525766814245248,-5.5738310413712915
4.525343724639404,-5.574379756416873
4.524941487370019,-5.574948130994759
4.524579087979163,-5.575520895307814
4.52406391686615,-5.576203061372181
4.523360951947875,-5.577078003159327
4.522519398908828,-5.577887245450364
4.521765813344649,-5.578725891104913
4.521132972111168,-5.579503000975567
4.520504829979882,-5.580141309990317
4.51984549171314,-5.580834309766816
4.519206230857123,-5.581514456719725
4.51840217385821,-5.582318409255145
4.517535803953657,-5.5832209294729855
4.51682384817377,-5.583968490292678
4.516049468218257,-5.584755594150778
4.515292664920223,-5.585342445910703
4.514584899601806,-5.58591925661084
4.5138058475500475,-5.586407460639654
4.512866379707217,-5.586932141510479
4.511656196198958,-5.587745096430931
4.510489544645911,-5.588641795642691
4.509402796507073,-5.589541152845319
4.508286758862203,-5.590485368362016
4.507317678579166,-5.591479073605679
4.50617118289327,-5.592556938488208
4.5049274610277354,-5.593783722661781
4.50381776681018,-5.59514710675022
4.502577499995347,-5.5965939791858785
4.501328561017726,-5.598190367692714
4.500128599278062,-5.599853774751444
4.498794645246384,-5.601602834554092
4.497597821251,-5.603206224141505
4.496495163660849,-5.6050098831729835
4.495130318937783,-5.606980362969399
4.493974306541667,-5.608959606616334
4.492762538496989,-5.611024237415681
4.491543837887844,-5.613147714437879
4.490332561588258,-5.615446034950941
4.489269759075001,-5.617516924163596
4.487972169180055,-5.619597373339653
4.486759439416826,-5.621612417586931
4.485519820701718,-5.623668636652634
4.484148483004435,-5.625782259700367
4.482942638641316,-5.627934088166285
4.481718353717455,-5.630114140409032
4.4803269332812805,-5.632201735418361
4.478991146819355,-5.634254846270878
4.477749478660989,-5.636163796808022
4.476262810476427,-5.638139569891371
4.47497635316111,-5.640048486560394
4.473909806351787,-5.642345644055528
4.4729096903217895,-5.644532656148325
4.471750641492661,-5.6468977811318
4.4706115572996765,-5.64924911419725
4.469420508276073,-5.65145979482885
4.468411991397079,-5.653668661495146
4.467475511540022,-5.655707493065276
4.466586149879963,-5.657812717036969
4.465538191720041,-5.660160888601998
4.464568000540824,-5.662360401394483
4.463355120273679,-5.664714720123157
4.462310045674749,-5.666846130782145
4.461185040782152,-5.668908031513332
4.460148622629949,-5.670969671342332
4.459118386807656,-5.673077328918763
4.458194479812436,-5.675284528143582
4.4572352481327755,-5.677492810808598
4.45620554736579,-5.6797970323800735
4.4551875948447,-5.6821122127947055
4.454309349001727,-5.684222560596982
4.4535350064548265,-5.686197728882212
4.452774539282319,-5.688185791062955
4.452163497651374,-5.6900743940287155
4.451387368432083,-5.692165690297662
4.45082121126605,-5.694482445880028
4.450326843917979,-5.696597230494281
4.449736943371214,-5.698584939730671
4.449386799830843,-5.700385241485585
4.449067598514518,-5.702079142685513
4.448663622681078,-5.703903006365636
4.4482964342976725,-5.705846219408847
4.447735758286627,-5.707871681198314
4.447110033024153,-5.709996864773939
4.4466883456579405,-5.711902578745914
4.4463325071728255,-5.713624840525661
4.44612696933859,-5.715116703835667
4.445847377569582,-5.7167866131684315
4.445327028404576,-5.718557473889288
4.444751643696249,-5.720442436447993
4.444252913365476,-5.722317409738684
4.443850240713504,-5.724062508795079
4.443567458884635,-5.72562471144194
4.443460231346396,-5.727097156650945
4.443357724417672,-5.728584952804802
4.443238762997489,-5.730111968418037
4.443090071604604,-5.7315470523437355
4.442917639948357,-5.733016887710082
4.442671815819297,-5.734524183586309
4.44268364915214,-5.735976805505168
4.442719921861832,-5.737296400820041
4.4425742704158475,-5.738258221739001
4.442294946470821,-5.739266736436771
4.442031591706923,-5.740250773861828
4.441561564147842,-5.741355514822178
4.4413442459461105,-5.742421962932559
4.441162410839719,-5.743433988812975
4.441152255513439,-5.7443748787836215
4.44107308828763,-5.745408637935536
4.44106560679883,-5.746332415834548
4.440970809653358,-5.74732604875731
4.441057596400163,-5.748227524120873
4.441092909783883,-5.7492080140914545
4.441300301765644,-5.7501992544149285
4.441402721402698,-5.751257937110043
4.441654161754794,-5.752087911448229
4.441891115819047,-5.752870390402201
4.4421511478333695,-5.753581523471915
4.442314111939418,-5.754441675286597
4.4425639624711994,-5.755384342156015
4.4428038230281786,-5.756333371344672
4.442981637316553,-5.757414777869842
4.443136421728888,-5.7584133187826065
4.443226761275474,-5.759452801963454
4.443397251984961,-5.760297939775002
4.443332355635344,-5.761001393383058
4.443326394210211,-5.76166742856252
4.443313616677931,-5.7623532011999234
4.443375346292623,-5.76297904879142
4.443544603669149,-5.763536637157898
4.443762511588888,-5.763909371788272
4.443704387560774,-5.764314913872408
4.443982743424985,-5.764354635749086
4.444349930162401,-5.76421793208972
4.445016841976482,-5.763980394439681
4.445484611202635,-5.76390799559085
4.4458804622844115,-5.763933283083061
4.446286977709848,-5.763821204998782
4.446910376280844,-5.763363266424615
4.447440756260442,-5.762870558907777
4.448159803974925,-5.7622194873740735
4.448743754400715,-5.761775917394867
4.4494136066964405,-5.761413940859375
4.449961945961899,-5.761107418940976
4.450453411882377,-5.76074135349675
4.450881441546467,-5.760458747602292
4.451395688597079,-5.76025643194911
4.451967081740673,-5.759997094696144
4.452701167887914,-5.759563350296831
4.453438537442064,-5.759132671935567
4.454109270964871,-5.758801248420334
4.4545319291437036,-5.7587611025285055
4.455050418698119,-5.7588102243892765
4.455542708490302,-5.7588128608758895
4.456299773156535,-5.758589010008601
4.457073974374533,-5.758381133207249
4.457810434897847,-5.758296536101148
4.458360112408916,-5.7583658407622575
4.458941255416015,-5.758464463753144
4.459457726453395,-5.7585778554925025
4.460092572890868,-5.75859642852025
4.460701116578684,-5.758590497072823
4.461534012006501,-5.758432679122614
4.462358026322089,-5.758089880458736
4.463013281961643,-5.7578534198799085
4.463388459872784,-5.757585459890468
4.463870188016345,-5.757260487463955
4.464442220800863,-5.757025852179234
4.465172482411587,-5.756558464432408
4.4660412195297345,-5.755845713752047
4.466903496979949,-5.75512750221389
4.467785988760223,-5.754375048665364
4.468655095182257,-5.753671565441561
4.4694552225106445,-5.75303706008593
4.470247764764094,-5.752434950925103
4.471085587882692,-5.7517632279818525
4.472193144481083,-5.7509203543878336
4.473122850548047,-5.749911558305596
4.473922591477429,-5.7491025690955135
4.474439812717187,-5.7484728454472815
4.4749502379512816,-5.747836763091556
4.475757619257609,-5.746911412927251
4.476613007239031,-5.746107873847614
4.477370372673935,-5.745212763510494
4.477867496567045,-5.74449845704726
4.4783185466550135,-5.74377461462323
4.478741928998623,-5.7430249033946605
4.479352717398083,-5.742294782027173
4.47990277464291,-5.741658039963867
4.480599662407611,-5.7410219183420335
4.481173771376464,-5.740458929157817
4.481849255562483,-5.739740094912628
4.482328197234734,-5.739009839924591
4.482929141719092,-5.738298179899513
4.483501311655495,-5.7375291448158166
4.484199031924656,-5.736637200561165
4.4849732495596415,-5.735816668285631
4.485907532570789,-5.734719185010863
4.486757828333785,-5.733746162056565
4.487583036953796,-5.7327496746497175
4.488395292134585,-5.731776225007491
4.489222154768884,-5.730659687855325
4.4900103140065015,-5.729506987923219
4.490901144138185,-5.7282833888196985
4.491827398828169,-5.727095719417626
4.492575452684276,-5.725741379249298
4.493305173528587,-5.724349759979317
4.493920034939068,-5.722995716509941
4.494564445172015,-5.72166929863836
4.495455120433906,-5.720186474268549
4.496202326013012,-5.718924236408896
4.496936177636481,-5.717646746748388
4.497460808746537,-5.7165098572361135
4.497867502619262,-5.715638424346027
4.4984753760988,-5.7146097781214955
4.499159933187022,-5.713652859370397
4.4999360362335,-5.712627195231779
4.500559927768961,-5.711695574407611
4.501088194841835,-5.71067436096964
4.501482368817745,-5.709872395427604
4.501937286882,-5.708992104512919
4.502209447945044,-5.707993988058599
4.502549276851932,-5.706934758186397
4.502995561058538,-5.705676290041908
4.503440373737723,-5.704376677889065
4.503961573543795,-5.703029724637302
4.504182561231227,-5.7019400971160605
4.5044971108753655,-5.7009380598585375
4.504784200415301,-5.699883465297749
4.505275490044101,-5.698595045895392
4.505956229161078,-5.697484140209261
4.506565481196803,-5.69651927355479
4.506932795615211,-5.695730597186047
4.507513682769293,-5.695142125944995
4.507892039960369,-5.694666772422812
4.508218184795754,-5.693987350275509
4.508721060081401,-5.693333860528479
4.509321051299775,-5.692480003088553
4.509991328850219,-5.691764050432702
4.510596954322242,-5.69106893687605
4.5109428643261325,-5.690543764324102
4.511222195829504,-5.690093097027007
4.511525199317714,-5.689705128028249
4.511914284832495,-5.689166187138489
4.512319991133037,-5.688668971029261
4.5126807076387765,-5.688170804008366
4.512846904716233,-5.687651781282488
4.512776935903026,-5.68739141985327
4.512643507626188,-5.687233289028596
4.512493629196506,-5.687010760696611
4.512315637155631,-5.6867212628799
4.512337773773994,-5.686304500304946
4.512349836087343,-5.685822607413753
4.5123040280800035,-5.685302072221448
4.512166621426598,-5.684839782410359
4.51216088896287,-5.684380984369127
4.51206143749609,-5.683968220561926
4.512243001955813,-5.6833767190478826
4.512250015798017,-5.6828255549748565
4.511990864192792,-5.682252853156631
4.511904630425023,-5.6815413967873125
4.511748571384008,-5.6809161109422694
4.511682020784593,-5.680141091583166
4.511593501808592,-5.679295927130119
4.511616554248767,-5.67840910410456
4.511664679202504,-5.677756335799398
4.511526874247413,-5.677390134834603
4.511454915074,-5.676922769660345
4.511533446363899,-5.6765035830641315
4.511563541494983,-5.676067254736102
4.511553569713847,-5.675692500846415
4.511520919853341,-5.675564307906497
4.511392957740677,-5.675471310773018
4.511072415935139,-5.675674220743598
4.510789150210219,-5.675913189521264
4.510441493009248,-5.676214162529577
4.510308693276901,-5.676185034976159
4.510326063107296,-5.676186914274128
4.510431377760372,-5.676105896953335
4.510359351297389,-5.676297346999822
4.5101438212760865,-5.676362801390586
