x,y
7.385137985281166,-1.3969619647686777
7.3970449414309805,-1.3967829569649663
7.41046945114154,-1.3979278384300073
7.4260800066308565,-1.40101362365973
7.442292130230159,-1.4051529842902037
7.4604068512430555,-1.4117850082425132
7.480433385518718,-1.4204096890653077
7.503024396969521,-1.4317014391400171
7.525776612781245,-1.4448744288454578
7.551318682799741,-1.4595434918061168
7.578945295893391,-1.474795430457178
7.606201991046035,-1.4910739419935308
7.635584161555529,-1.508376452746911
7.66660001768965,-1.5258151572900993
7.696480830620508,-1.5432158341110525
7.727987898982422,-1.5605619125216164
7.758446993676693,-1.5791736756783588
7.786902588410996,-1.5969336532974894
7.815667961724564,-1.615322751954317
7.8409084611328606,-1.632322183394616
7.864619374484788,-1.649541884867827
7.8858250409485855,-1.6653005129912157
7.903383128290218,-1.6798214431294922
7.918954454479662,-1.695902013931698
7.928098095630582,-1.711168689966153
7.9369702582942345,-1.7268520266855099
7.939576902766982,-1.7404109726595849
7.940104772200276,-1.7533020009278848
7.937712732506737,-1.7669009870591947
7.932185625408032,-1.7780261356426472
7.925203173906743,-1.7880534523788483
7.916174202891012,-1.7961545620878168
7.905143164538584,-1.8035283302400615
7.893819313262337,-1.8091847420998375
7.884305715383923,-1.8156258190257586
7.87326302837757,-1.8211177292238083
7.8612946798195384,-1.8256151354203696
7.85218846732076,-1.8314002903600666
7.843312111869816,-1.8364911900389822
7.834670729253715,-1.842770101076059
7.828378325979359,-1.8496808018087265
7.822192490459571,-1.857157270296823
7.817787650639099,-1.8651869126008407
7.81469520425587,-1.8729389219839652
7.811005419408968,-1.8819548451755728
7.809158255092896,-1.8895035778605183
7.80569191313878,-1.8952118897350234
7.803388095594055,-1.902040751274176
7.800447944017565,-1.9077956002171854
7.7947891481346305,-1.91204167128592
7.788965502838092,-1.9162125666094025
7.781903233863264,-1.920027312259955
7.772551989668795,-1.923345667442956
7.759098387756214,-1.923410888780832
7.744664489135394,-1.923159197441315
7.728437442100242,-1.9204408562699686
7.708665379730285,-1.9165231938423246
7.686145514828772,-1.9097465768907376
7.663270052983055,-1.9013311535812967
7.638640544692397,-1.8933681458372966
7.6108082836059845,-1.883491721761774
7.582638320926863,-1.87096880967903
7.553889008668658,-1.860105301970195
7.523359815331091,-1.8484724625766218
7.494450779783815,-1.8361607332077527
7.463685737499762,-1.8240213159362872
7.43406263092517,-1.812009653064062
7.406846978994866,-1.8004964759401387
7.379224524428522,-1.788742592638347
7.35494895944135,-1.7800229696281575
7.332418818410256,-1.7719169308791476
7.311998284021715,-1.764931025606151
7.294638340800016,-1.7603020373152056
7.279457021930404,-1.7551415685334464
7.269756344578335,-1.749696684060354
7.259050472446983,-1.7442343558310252
7.254322361648832,-1.7408886958964085
7.249680520214641,-1.7377537953826219
7.246755324487722,-1.7334191977804407
7.247224157912616,-1.7334204898297516
7.247858089679236,-1.7349494809673824
7.248317797660079,-1.7375976955892427
7.249585084113775,-1.7415695343898554
7.252538922402307,-1.7503850330044273
7.255135173526332,-1.7593249248429088
7.257234712234644,-1.7679152191552978
7.261035036554435,-1.7795049568069934
7.2629312924194,-1.790267800147743
7.265678128202316,-1.802064184839201
7.269255124574211,-1.8135968601956782
7.271143998460516,-1.8244553161488426
7.273660749160175,-1.8349744657679026
7.2748430641333846,-1.8444390691895631
7.274552532824186,-1.8545097882460662
7.274984492265093,-1.8635434535754014
7.274089101017143,-1.8733940010997192
7.2732458307546795,-1.8852131091524604
7.271488538369452,-1.8966346662589786
7.27029129748789,-1.908592575179506
7.270238371952226,-1.9213818858022014
7.270913175231849,-1.9354889383011984
7.271946141659857,-1.9488826493388627
7.274320469056678,-1.9609399549429782
7.279744466871531,-1.974666859782705
7.286716390721111,-1.9873704326434536
7.294920177276646,-2.0002789437841697
7.305804170606676,-2.0122497027506423
7.318484184046236,-2.0252198399767036
7.332356684616502,-2.0393707012887172
7.346458256392845,-2.0513495722506043
7.361725057769732,-2.065682601972317
7.378576886503557,-2.082279214661825
7.394958424240837,-2.0975126365615657
7.411784702471447,-2.115055361148353
7.428190551833876,-2.133932626703469
7.445309103476829,-2.154297415473857
7.462157676863615,-2.1753205576093246
7.478412539503346,-2.1974634010770386
7.493965536652656,-2.2209821510176546
7.509895901952279,-2.2437810761520236
7.525427112797636,-2.266853221323353
7.540307209077217,-2.290120446509454
7.556294951940632,-2.3125521959479984
7.571129592586263,-2.333053944958615
7.5858034497103475,-2.353846558046754
7.601391652580859,-2.373757555581297
7.615020073349536,-2.391764661996132
7.62895557827949,-2.408777082540446
7.642985013311646,-2.4242544742903123
7.65439051797653,-2.4363735813386826
7.664935132472703,-2.4458048488062745
7.673903240414695,-2.453692552274015
7.6813023528277435,-2.4602259702858906
7.685185372515615,-2.46166594950333
7.685895679410628,-2.462200766007465
7.685542372574616,-2.4623085874047588
7.683814795793478,-2.4606036930609125
7.680707376376514,-2.4585450821290253
7.675745865257016,-2.455022697489397
7.670371226916538,-2.4507510005385464
7.665591852613432,-2.4459767580347394
7.660411285565673,-2.4409380782585988
7.656359891284614,-2.435680463868711
7.654224106894134,-2.4299580301024815
7.652092007769498,-2.424107162745369
7.651045463345781,-2.4190397087281865
7.6528241531946,-2.414817166784826
7.654670998536722,-2.41029458652491
7.657645117168402,-2.407451201368733
7.66293844198906,-2.407056273362163
7.66760300020021,-2.405339515267164
7.67301182258798,-2.406248195168551
7.6792765235255,-2.4088200299439038
7.685500262612267,-2.411624343300621
7.691298989276646,-2.414995093352157
7.697132878207502,-2.4185913767836955
7.70333370651326,-2.4232487444752957
7.708840839087076,-2.4267289152390945
7.713424332747866,-2.429150317784232
7.718298189785054,-2.4325167473708915
7.724745525228461,-2.4352837888951613
7.729837158009137,-2.437180441186711
7.735074809642649,-2.439089357189946
7.742037976805913,-2.4403447298022836
7.748931221196264,-2.4415106696698397
7.756149905466617,-2.441632973626374
7.764568545148491,-2.441792395773968
7.773810654689315,-2.4419998201066577
7.784188151498621,-2.441110141098346
7.794149675808184,-2.4397037778569843
7.804697395268752,-2.438137252614564
7.815852666242719,-2.4358075425939667
7.825939316742735,-2.4332613870672395
7.836542979148292,-2.431025309665017
7.8465684701142155,-2.429093418535422
7.855206454469122,-2.4273874820720467
7.864227719622081,-2.427126094204956
7.873428904300365,-2.427939172821075
7.881025294800468,-2.4300952119735064
7.888594152894181,-2.433345430868657
7.897218409849663,-2.4379969859525397
7.905870554244005,-2.4446017964032642
7.914662652455535,-2.451669121151154
7.924598256090792,-2.459829427885721
7.936205123008628,-2.469275067766163
7.948056738553717,-2.4793150525928067
7.958834844034219,-2.4879992308883256
7.9709602934522055,-2.4976416057362987
7.983518554783985,-2.508076703463174
7.994410021944502,-2.517998373225394
8.004277391657036,-2.5277316546217783
8.013876723293789,-2.537565121875525
8.021106359269709,-2.5479157326286273
8.02636984414682,-2.5588296729018993
8.030712713924192,-2.568751813834112
8.03131984238434,-2.578281911711006
8.029286987833931,-2.5881693015133167
8.025401976006306,-2.5958752850519904
8.01735831805167,-2.601964734259742
8.00577477913752,-2.6074755074876523
7.992479466458077,-2.611459110185228
7.978017165285069,-2.6156845336833836
7.960893270587404,-2.6174408456056875
7.940937707775349,-2.6183641046360973
7.920968143127496,-2.6190444403134925
7.900585637823323,-2.620553274888785
7.879579315344052,-2.6214863436487152
7.858260399944777,-2.6218886167689748
7.837723736276777,-2.6240689508051576
7.817395076022979,-2.6267554020982042
7.79603129541604,-2.629331774605819
7.7746650792195835,-2.63280342279025
7.754746500869546,-2.6380564436023586
7.734156116626922,-2.6448465108783408
7.713132220464712,-2.6507810260163267
7.692706651537891,-2.6581696018390084
7.671707672921159,-2.666988082753052
7.649656122478444,-2.6745855441025315
7.626487235973152,-2.6818934040644424
7.60285615918376,-2.6901813241402888
7.578111635444943,-2.697858079930034
7.551816831101536,-2.7048015500442393
7.525638004654536,-2.7126442843521197
7.498629513519511,-2.7201247223372795
7.47082000411264,-2.726079438402015
7.4433590424124425,-2.732508193228881
7.4152303259231145,-2.738524823420012
7.387043833501311,-2.743353857009628
7.358986860254645,-2.746879053050858
7.332060477250038,-2.751496011108258
7.304526293725357,-2.7551400697937742
7.277688149239901,-2.756324368889611
7.251520598729135,-2.7571402202344806
7.225318725331411,-2.7582309081697813
7.199649330918786,-2.756909587436947
7.172892647714598,-2.7539261350728013
7.146723587764954,-2.7509130357842184
7.121594413777036,-2.7468252971490768
7.095905467818807,-2.741543282851961
7.070917247225796,-2.7352267162321415
7.0470666168790865,-2.729147455952403
7.02308295326126,-2.7223844476430514
7.000934252383074,-2.7150645061277396
6.978842983607187,-2.7069240095172757
6.957494125018974,-2.6995695235278143
6.939441806078546,-2.691468414644473
6.922233492642331,-2.6816743563787044
6.907343975130365,-2.674558978408392
6.896292667984727,-2.6662262931995513
6.886507339060166,-2.6567321710614102
6.880222174686593,-2.6491083180755046
6.875486105376581,-2.637992304891258
6.872305844553768,-2.628689384345976
6.873008368318052,-2.6186510946752364
6.876896933464851,-2.6094895116700427
6.881356023461243,-2.600343574984244
6.888466180800443,-2.590208297332738
6.898855605670302,-2.5814360891287715
6.909335319506695,-2.5720797933580366
6.921884489803889,-2.5610226534503795
6.934226465647257,-2.549293569489421
6.949365872550256,-2.5383938461407642
6.964839769074244,-2.525662124610576
6.97881905049388,-2.5111767748095777
6.994661228260172,-2.49814090244316
7.009534052195361,-2.484156107452473
7.024625612290465,-2.4697595677619675
7.040776729754185,-2.456152715292785
7.0575645584206,-2.443353101176579
7.075425347689683,-2.430334339363226
7.094077721149645,-2.417493480987673
7.114145097990959,-2.4064239256276005
7.135413619078898,-2.3948406186911164
7.157784551693491,-2.3835197802058454
7.18119112942663,-2.373693296403398
7.206326945876042,-2.3635983600932375
7.232548374903535,-2.3534193128630307
7.258729077987798,-2.3436581032619115
7.2867371117810436,-2.335740153391245
7.313878120229207,-2.327222771749363
7.341814361448514,-2.3195592144590007
7.37057612241399,-2.314185464108457
7.3999338310703,-2.309790404739637
7.429867632677584,-2.306306001243875
7.458202616377961,-2.304216274661987
7.488390498409152,-2.303683215416885
7.51970141122833,-2.304118073956977
7.549272718415487,-2.304476161361603
7.579512333798112,-2.3061008000653573
7.610597888530101,-2.308677179540182
7.640878695439989,-2.3105785654428903
7.671204955696348,-2.3134791321732378
7.7013500076192045,-2.3158793014448844
7.732482433392542,-2.3177034175309856
7.763554495825802,-2.3202335670143546
7.794002180984343,-2.323335743769716
7.82481790656061,-2.3275635054816424
7.8553730444833985,-2.3317191909077186
7.885103786632073,-2.338284417295494
7.915403872384957,-2.345870334017003
7.944603211749965,-2.3531969294330444
7.972637568289701,-2.362286054469455
8.001485129025307,-2.371632084826761
8.029205882819442,-2.3817357067236906
8.053123531375334,-2.3908219921779734
8.07663001364669,-2.399308149138516
8.098658767537383,-2.4091911476199677
8.117437297439206,-2.4180927558480194
8.135522562893623,-2.4262255810246973
8.150857427417986,-2.4346417861342013
8.166832086111725,-2.444235343784436
8.180240112527816,-2.4524805742457128
8.190545140894478,-2.4608088377028303
8.201989588044459,-2.4698022942327005
8.211617283971705,-2.478072709390956
8.22000915855376,-2.4868328340590153
8.22793521902804,-2.49438804040389
8.23468802523278,-2.5021360225973894
8.240565052266644,-2.5101324797812006
8.245230336730884,-2.516960277446157
8.249551994429812,-2.5244104983432054
8.252813133026226,-2.5309096570517116
8.254631988728956,-2.5365197186788646
8.25536480199405,-2.542450699053536
8.255395763323296,-2.547134757920307
8.254071023385494,-2.551965396860933
8.251287827760343,-2.5550189036759234
8.248391218134783,-2.557477300432398
8.24335153633707,-2.558640874640404
8.236044373728392,-2.5561127616587336
8.227752978375577,-2.5519813417129193
8.216390407901612,-2.545296208800323
8.20269450673041,-2.5389615577489995
8.18616318050801,-2.527065374735073
8.167316977618652,-2.513705109837322
8.14791663544178,-2.500135891402446
8.124442389381986,-2.482702690395293
8.100182475453396,-2.464220275921999
8.076106046052319,-2.4455317375147145
8.049400280479073,-2.424655332342789
8.02299772837515,-2.40443645813135
7.995793641593186,-2.381272401032514
7.967431263670775,-2.356730885846998
7.939414126682547,-2.3324315131157545
7.91057269695258,-2.3057621295899375
7.881886599370947,-2.279415519771905
7.851587179558134,-2.251026341922972
7.820610750389038,-2.2203941701269456
7.7891985868470535,-2.189621446874826
7.756980826641226,-2.157897042328116
7.723249376578183,-2.126038173657324
7.689402798871435,-2.095401325255827
7.6554650159729345,-2.0654362247765867
7.61984619818575,-2.0365650874090084
7.584446853642459,-2.0095090256197095
7.549981011029818,-1.983732352565009
7.514844662353273,-1.9617371984788867
7.4800604159144575,-1.94166638924513
7.446202540064605,-1.9242345050355834
7.414275116760258,-1.9135849728424938
7.383338279898894,-1.9044301403746153
7.3527673770138735,-1.8966414518775345
7.326228958879045,-1.8932823169260253
7.299252984804063,-1.8896249437965875
7.274477468078277,-1.887704415993429
7.253754630568807,-1.8882739286803638
7.232797006440196,-1.8892776787753618
7.214267991062224,-1.8917511307448465
7.19685114581462,-1.8936988976777818
7.181863195446513,-1.8974413253763267
7.167963504169063,-1.9021248646707523
7.155110015349145,-1.9068449041499296
7.143167868003374,-1.9130766884437327
7.132209275207855,-1.9209081059528974
7.121953014239283,-1.9292460563875975
7.111875726621558,-1.9377775932307355
7.103524825529663,-1.9494758577012599
7.095399369927466,-1.9616071068551313
7.088060844039794,-1.9733427616062906
7.083828525289847,-1.9887537638654489
7.080014822432176,-2.005258441427778
7.077975499851626,-2.022949159351451
7.077429650735359,-2.039094584748121
7.079229393421413,-2.060409128613057
7.083996001839382,-2.0826859321823035
7.088701138372823,-2.104595914195369
7.0955428151934985,-2.129733758246012
7.104145348239341,-2.156491480243486
7.112845842099362,-2.1833702949561435
7.122068142814306,-2.21205474468213
7.130802892390282,-2.241088401863789
7.140494671829961,-2.2726956630309876
7.150210054011068,-2.306327728059319
7.158717428378098,-2.3403793056965263
7.167807404576518,-2.376813382935766
7.176379817071401,-2.4125882278691964
7.185886367646755,-2.449600545371036
7.195806274109516,-2.48848837304952
7.206551237945243,-2.5260053729592036
7.217117239934958,-2.5631547751074755
7.229148757873675,-2.600789787519352
7.242143303415969,-2.636552054964212
7.253936175078799,-2.6707995371871935
7.2677805675073515,-2.7042704534819424
7.282217449735515,-2.736850834830331
7.296653939855337,-2.767957992846056
7.31057606370323,-2.794751850200992
7.324309824580008,-2.8204400392119573
7.338173876369654,-2.844810811225754
7.350543573693744,-2.8632145401908122
7.361445486124019,-2.8791120975671194
7.372667049315764,-2.8949957479086805
7.381751641727239,-2.9067261130381192
7.390771822829942,-2.91775073433357
7.397533484474828,-2.9272663705988613
7.402404482101535,-2.9339635771803545
7.407237591174091,-2.9398173556266824
7.409795141064042,-2.9443227726344308
7.41237672818016,-2.9489778394974198
7.412800344436084,-2.952245087242402
7.412211915065846,-2.954603547694995
7.410874069684088,-2.9565985655220244
7.408881124266708,-2.9582049235151655
7.406392782421407,-2.9578231158337336
7.403335034361482,-2.9573262747489752
7.399959803479799,-2.9565978914973305
7.396743970198075,-2.9540423644385463
7.393216898858801,-2.951276055793118
7.390123769738717,-2.949248874733645
7.387916593846359,-2.9466913013596407
7.385812245733121,-2.943457572051164
7.38469260726863,-2.9400916791034013
7.38449201633301,-2.937093127783951
7.385269270399073,-2.932965931442278
7.386517513466255,-2.9285782497172663
7.387840655283232,-2.9246051813508505
7.39170921884302,-2.9211152452331803
7.395730530541781,-2.9175065474726867
7.399198484641093,-2.9136462992537706
7.40552223384176,-2.9115016960693594
7.412367821458586,-2.908871782992695
7.419099500284433,-2.9069104100027263
7.428039764086494,-2.9059263779563036
7.437421448684617,-2.905114732629518
7.447769921924576,-2.904658595796332
7.458848453140597,-2.904496453798686
7.470212111002943,-2.904569490374547
7.481557288721351,-2.904347323080784
7.4925815016482264,-2.9047732596628286
7.503776792988437,-2.9050175095753894
7.514526772656585,-2.904459827757733
7.524141863915681,-2.904720147055324
7.533156953293197,-2.9049092089420405
7.541612258116221,-2.9051190969568292
7.548716468771054,-2.9039298096337607
7.552796801857446,-2.9019719800634576
7.556656284932237,-2.9001696764189937
7.559874409184153,-2.8976415438671856
7.561186780520449,-2.894167478332559
7.560228927802144,-2.889828990842505
7.558647933497054,-2.8850977546913605
7.556314955607503,-2.8799905790370337
7.552408121652293,-2.8726554822480774
7.547922513570199,-2.866289147237006
7.5445900530993715,-2.8595156775760464
7.540747072012771,-2.8522181235821846
7.53719304198222,-2.8453222878223374
7.535419939423445,-2.838018143743191
7.534459782711197,-2.8311228391632066
7.534273938721398,-2.824139116940211
7.536115608186126,-2.8163901632591335
7.538408999470635,-2.809496295943256
7.542357746488312,-2.8024412075859573
7.546981117784443,-2.7956446619589475
7.552639601726366,-2.7889257113724315
7.559908749856609,-2.781680559202259
7.565484175866989,-2.7739091394129134
7.5730334953402245,-2.7671001337618737
7.581456111298266,-2.759584437062869
7.58726916776891,-2.7515663446115677
7.5937392519054745,-2.7443380578346366
7.599703329446188,-2.7374590627668685
7.604487511076547,-2.731879086852243
7.607873264759174,-2.7266719304259235
7.610492182922562,-2.722191984144135
7.613379861237042,-2.7197098077261077
7.61364049720895,-2.7167834044025514
7.613264994412624,-2.713594565728483
7.612200711975824,-2.711224955087624
7.60997878130104,-2.7089259693093606
7.607117222522235,-2.7066174375031253
7.603499461267759,-2.7034719744294167
7.598880557095056,-2.700861415713522
7.593801351797054,-2.698276438337917
7.588334990348558,-2.694685088979156
7.581854235238011,-2.69082055466293
7.574331600540484,-2.687856258645907
7.56647370453589,-2.68512277681946
7.55826025294001,-2.6825688598412825
7.550173878691953,-2.6825564024838524
7.541135002168272,-2.6822669207851657
7.532186509355993,-2.6816068198302445
7.525094000975814,-2.682511057210996
7.517765972015894,-2.6828948837581574
7.510824924051048,-2.683413316271563
7.507449737237601,-2.6848593057968264
7.50495375168533,-2.685708523532436
7.502010331875625,-2.6858644085338046
7.501621503906716,-2.68445693569321
7.502434782233167,-2.6832492799973795
7.504191044081927,-2.6809018966264766
7.506415293040244,-2.6758661742727092
7.508610768905203,-2.6715700616950535
7.511678345669834,-2.665858784179481
7.514359648286884,-2.658867138262532
7.515831619180931,-2.650451341541822
7.5173555313081515,-2.640754621736143
7.5180455251786595,-2.6302895283602856
7.516958795187474,-2.6179592090655404
7.515276740556465,-2.604466844717201
7.51192913417715,-2.591208500982459
7.508357091120084,-2.5771892342553415
7.503899344701856,-2.561360448534323
7.498918824078902,-2.5456874561768013
7.493584783451551,-2.5302644783992947
7.486719408123801,-2.5141279534006067
7.481153574884322,-2.4996876532619257
7.474132334078851,-2.4852579639899974
7.4660117412025535,-2.4716081556991396
7.459144552952354,-2.4586816630232042
7.452380658274022,-2.4467845639154207
7.445638602932702,-2.43548972382083
7.439355767769747,-2.42366425707891
7.433553300536064,-2.412223897779891
7.4281847461054555,-2.4016750089291774
7.422959294671061,-2.3896829317940864
7.418483554844496,-2.3771714842901517
7.414174311128564,-2.3661855271073633
7.411483263470271,-2.355314814904373
7.407741300647959,-2.34266581611607
7.4040860200415555,-2.3309408590424328
7.401247608786827,-2.3199114912129555
7.397672496411183,-2.3069731375641553
7.3940655077975075,-2.2943469817524056
7.389443756001946,-2.281196466341063
7.384500385601405,-2.2674277800902702
7.380934520544516,-2.2524307895589195
7.3766690824069885,-2.236646708079833
7.3726285203302835,-2.220873653380003
7.368055905442701,-2.202088641352572
7.363173370914181,-2.183052533537489
7.358502700244203,-2.1643568180504533
7.352652733159016,-2.143069477180857
7.345219655517596,-2.120367689979329
7.338403653445058,-2.0984773096823695
7.329825697841638,-2.0757852111585264
7.319997473318851,-2.0531144035335793
7.3103516665598764,-2.0309349564915897
7.299946696004747,-2.010898244214852
7.290578638637404,-1.9916215072773464
7.28087733510276,-1.9740453462449212
7.270815489337751,-1.9583493858517598
7.262821751461999,-1.9451926250971008
7.255806764809064,-1.9319327558615145
7.2484636162911835,-1.9189650698554905
7.243066697200496,-1.9084386984073072
7.2386578605135865,-1.8981109582059306
7.23461008497572,-1.8883386260192874
7.232363068668035,-1.8808470871521143
7.230739049829417,-1.8741630873231212
7.2296902131719865,-1.8678983402710427
7.2299272904973835,-1.862458081629483
7.229941397048544,-1.858481485704557
7.230884170984123,-1.8547159353095541
7.2320093811586235,-1.8507960013637144
7.233910515719236,-1.8480152319827248
7.235979480560158,-1.844928810683969
7.238487320264975,-1.8407996737462007
7.240849522551462,-1.8367448262009562
7.244427312649987,-1.8336049730853903
7.247091402316503,-1.8297794797522353
7.249228435454942,-1.8254129323952286
7.251789894348615,-1.8216121600195847
7.254022503826357,-1.8179641506249538
7.25603838354724,-1.813372983191733
7.2571782841885755,-1.808248086138891
7.25849530861317,-1.8039361247880723
7.260077137506958,-1.7987467866167028
7.259780344524701,-1.7922827488222723
7.259923404498592,-1.786250991787867
7.260877745981109,-1.7804753329653578
7.260488193878326,-1.7747361573829652
7.260082816660482,-1.7700225669874463
7.260196652521998,-1.7655882897227726
7.260432711043626,-1.7634347270450976
7.261378029115602,-1.7625935470341807
7.262188844478215,-1.7626575799825996
7.2638123722523344,-1.7646784421909214
7.2655047587918435,-1.7667218925381627
7.267615468369561,-1.7706023842526721
7.270820994106533,-1.775722135770819
7.274326643604125,-1.7813977014470126
7.277329521715344,-1.7888710639456997
7.282058073540854,-1.7985024718754168
7.287335919814885,-1.8084836332365115
7.292132564559804,-1.8192702491415038
7.297619288523189,-1.8307370376807905
7.304511398636256,-1.8428288510088777
7.31017374816939,-1.8544921062275743
7.314879441428253,-1.8656081764474828
7.319813794985438,-1.8763815202211687
7.32499247579225,-1.8879593205713106
7.328854684533906,-1.8981416940711484
7.330697455316318,-1.9090607692461485
7.332651542942071,-1.9216943116020317
7.333852092033925,-1.9334336167630874
7.332854606155168,-1.945617567518379
7.330447312801339,-1.9577347905476725
7.326813858900372,-1.9695329678859723
7.321576965581205,-1.981381845066148
7.314835915324592,-1.9921932673030815
7.3067722405652,-2.003335128309834
7.297706728157905,-2.0137060745525055
7.287303557616768,-2.023288555860453
7.27569728738377,-2.032991858657101
7.262562526612548,-2.0433823892586176
7.248706554239107,-2.0530328808810236
7.233850363663094,-2.063601534320863
7.21916468655312,-2.074864466784593
7.203386717868783,-2.085398556607082
7.187078031793675,-2.095905324185718
7.172014113883449,-2.1072994869239356
7.156919604986839,-2.118440556975884
7.142299575753064,-2.129132786481079
7.128345088869036,-2.139908304628512
7.116288635901883,-2.151890205786206
7.105233630525676,-2.1640301841745284
7.0945492510823485,-2.175803116530484
7.086253719256765,-2.18886214269375
7.07974114735598,-2.203135931579879
7.073294535677052,-2.2170015990935243
7.068442100618602,-2.2300923961555594
7.06495929161178,-2.2437780673290617
7.061597502657527,-2.2572870879858296
7.059157791554759,-2.2690527750938525
7.057473606791081,-2.281241143691028
7.055722411291586,-2.2939280404424904
7.054820941541507,-2.305191213916119
7.054235450235628,-2.3166895343903025
7.0537446388386,-2.327976313815558
7.054575591632533,-2.3394622072725744
7.055274503371585,-2.3504600507330973
7.056877902423299,-2.3611590716631343
7.058854213339678,-2.372450513514332
7.060142309759522,-2.3818115019771815
7.063371202076744,-2.3903041988876126
7.067419169588961,-2.398508703735435
7.070218275445029,-2.405345401059606
7.074600324133535,-2.4105218452752433
7.079417685503708,-2.416010487652809
7.084642949229315,-2.4214826560681426
7.090058113301187,-2.424828546570939
7.0950819552476485,-2.4275434068295856
7.101345796779651,-2.4310580751570603
7.107363163781812,-2.4336223068559137
7.112630467682097,-2.435253059759083
7.118959942750644,-2.4387678553512107
7.125254238113645,-2.443036705299396
7.131943800030501,-2.446415963087805
7.13951272895031,-2.451167344493666
7.147695094400388,-2.457030333019121
7.156303393068619,-2.4627076718509477
7.165874831887741,-2.4691362660581437
7.175729586371696,-2.4766968493041936
7.186677072804405,-2.4849632960935013
7.198769454936267,-2.4921570496353853
7.211397237756261,-2.5002581836109474
7.2250531045400805,-2.508961504396899
7.238604588688959,-2.5163687327793745
7.252148504308747,-2.523851167671841
7.266912416138021,-2.5323796731706185
7.281006687862914,-2.5401226488700877
7.294285895324448,-2.547636357592742
7.307669766766696,-2.555893660649977
7.320544653524805,-2.564804006395657
7.331857297952177,-2.5728744815183293
7.341167670805498,-2.579609025503896
7.3492683656386095,-2.58690050392869
7.356127809016073,-2.5935629729572716
7.360243819040651,-2.5980063250132033
7.363401692392077,-2.602718313315389
7.366078757035621,-2.6075969562635093
7.367808977429293,-2.61139171660767
7.367790714270963,-2.613989628792909
7.366833475287052,-2.616119786060663
7.365461965621085,-2.6175670669907767
7.362784364125878,-2.617052954266455
7.358474169645554,-2.616853457390567
7.353940041549482,-2.615922232424671
7.3492529321544735,-2.6137318599926984
7.343078830807749,-2.6109265367832664
7.336437916829578,-2.607733519563324
7.330415243578097,-2.60428048347688
7.323319937804902,-2.599087890864713
7.316442676893371,-2.5958881848872095
7.309848630667656,-2.5935881089806476
7.301986021242845,-2.5910687186274353
7.295525182790167,-2.589911876995391
7.289133006348319,-2.5904828562392153
7.283795874291995,-2.5920038645550476
7.279036297131017,-2.5940277674033996
7.2746575982726505,-2.5975867814637006
7.27220285373057,-2.6030739813462613
7.271064674661098,-2.6082665471633897
7.270623920160907,-2.614346420433437
7.272371438180699,-2.621759391557482
7.275881516509505,-2.62794361019848
7.280126663166509,-2.6341427286386883
7.285058630423254,-2.6400983487977774
7.292047243926145,-2.6451362867114625
7.299098917921654,-2.6495283150706044
7.30659709927383,-2.6533147461309303
7.313881378217783,-2.6566409366677166
7.321073528620072,-2.659058015554256
7.328051080637889,-2.660699279981714
7.334424956994408,-2.6624203513456104
7.340485869345122,-2.663874218319989
7.345851363015855,-2.664412010846274
7.351190464381752,-2.665002585828862
7.356428049742619,-2.665453956053395
7.36178142644055,-2.6644899302907517
7.36642614876037,-2.662929214139884
7.371726991969265,-2.6611368197010714
7.377655700041472,-2.658125577326095
7.383592515616882,-2.653711549078657
7.3898269222171855,-2.6487552549634854
7.397666940114099,-2.6441663092865477
7.406941507131713,-2.639466631044063
7.416677263914392,-2.6341386666814035
7.427476926417076,-2.6293663534341283
7.439975688865923,-2.624507162497787
7.453082669313815,-2.619895467420599
7.465596821946154,-2.615098160721396
7.480464743789072,-2.611601575967051
7.496240315595571,-2.6087119522290596
7.511753244491111,-2.606226702833359
7.528989853631154,-2.6043575751248937
7.547653844274219,-2.602325604859593
7.565886768665644,-2.600920598091492
7.584830065544537,-2.600041492846646
7.60383702603534,-2.598922133874392
7.623223110375706,-2.597782273403535
7.642578418451171,-2.5965529377984273
7.661852320946121,-2.5955117802310532
7.68188022636661,-2.5939768965878645
7.699633169218811,-2.5921029119057812
7.717274437307711,-2.5900365364148255
7.734945455651733,-2.587875916133132
7.751448431351733,-2.585862288875602
7.767203317177143,-2.5830691937544903
7.782456950950959,-2.579350620340581
7.797174098556259,-2.575719334761818
7.811204806371332,-2.570889349253347
7.823742250973271,-2.563761669704713
7.835676438631934,-2.5558115991907897
7.84697845585573,-2.5467844152857584
7.856158792262171,-2.5361722054882767
7.865481097993851,-2.5242536774827107
7.874523314636534,-2.5126949932092337
7.881251218715948,-2.500401052034805
7.8882617140391735,-2.4881324685237463
7.894631964427816,-2.475748626857119
7.900821406098654,-2.4643745220327578
7.907370027479372,-2.453107630649616
7.914046949126973,-2.44178546511429
7.9213997213075835,-2.431413991592367
7.928821469287874,-2.420682345443596
7.936924622650408,-2.409105854985256
7.945652172671848,-2.397422679604368
7.955430134765682,-2.385000641307361
7.964774573753248,-2.370511342479619
7.975481380740692,-2.3560457110197746
7.987097247021885,-2.3412032880695253
7.9973736623411815,-2.3257877668713065
8.007581558155952,-2.310219082749241
8.018049059315402,-2.2947920133006092
8.028181637206805,-2.2802820204704615
8.037134773481554,-2.264584301695082
8.045434155778231,-2.248999064765121
8.054104052676369,-2.23521503724534
8.060868515978363,-2.2213755078983666
8.066415601010911,-2.2063962146466727
8.072132630155545,-2.192398096855224
8.076712510979954,-2.1783826512530458
8.079642289770428,-2.163638777792877
8.081998630586979,-2.1478668560707574
8.082785824261169,-2.1330460618631255
8.081655791077862,-2.1186005227122187
8.081238486890223,-2.1030415830746865
8.079068184228442,-2.087933008727984
8.076939490389048,-2.073278670923203
8.074789399611557,-2.058456188540133
8.07191649021637,-2.0439054605015246
8.069722473490682,-2.030329885100962
8.066610304135057,-2.0160602882306033
8.064215198700301,-2.001236759812275
8.062249906441876,-1.9877272336035767
8.059362407371355,-1.9744083588867634
8.055992657654183,-1.9594819857488552
8.052061913247165,-1.9447911899229386
8.04696118774446,-1.9319347420071116
8.041289560933096,-1.918487140286224
8.033663093491215,-1.9038490188607717
8.025204156706877,-1.8917503373686426
8.01685225569373,-1.879782803751799
8.00635102904193,-1.8669709697579615
7.9959094866783715,-1.8560419446245353
7.9848235802382925,-1.845808903073963
7.973408910113353,-1.8350789900537774
7.961788986693413,-1.8240569616185924
7.949350658997986,-1.8131600901426514
7.9371661059942635,-1.80228312668699
7.925265749598739,-1.7907453723969493
7.913309280669267,-1.7793289616369878
7.900959361378265,-1.7685718882234227
7.888668247871128,-1.7570809365546776
7.876537793465415,-1.7455114875721631
7.863800352528919,-1.7355899868352298
7.851451189739822,-1.7267987867705
7.837779501990123,-1.7182569118347826
7.824368940782232,-1.712915832046187
7.811030297704556,-1.7089598384233928
7.796361793585383,-1.7049864568582005
7.781935351172834,-1.7025305430866793
7.767616515685248,-1.7016135440622797
7.753596884855082,-1.7017163548040157
7.739199348288131,-1.7016196015037426
7.72492704882514,-1.7028328456893964
7.711714546907529,-1.7048646683085167
7.6990155894790115,-1.7060348066634508
7.686849970843985,-1.706553638276274
7.6756633861481145,-1.708352775793128
7.665701848619637,-1.7100922876301277
7.655913708448191,-1.7104165676063627
7.647212380263433,-1.7114549181228043
7.639601150251429,-1.7134565020474004
7.63261341459393,-1.7145727908314161
7.627169713660387,-1.7156565869393379
7.620503014368904,-1.7178397432928985
7.614689928140645,-1.719523339944797
7.608815824395552,-1.7216922583064969
7.601469232431894,-1.7249038877204064
7.594317111296163,-1.7300299707995246
7.586391309694486,-1.7341269545531595
7.57719751966138,-1.740285283226465
7.568530622358167,-1.74908610933277
7.559714401744613,-1.7572908610026083
7.549532276583699,-1.7663627518108385
7.540403197168037,-1.77700596814443
7.532460873501565,-1.789657970990752
7.524859905227692,-1.802151397809189
7.517446485153938,-1.814914434924646
7.511353987565314,-1.8297391789210258
7.507348969435866,-1.8453409285613827
7.503601087245713,-1.8611033220467625
7.500675065200171,-1.8787589246011247
7.5002598745744615,-1.8976210682509516
7.500953883104024,-1.9171697297467896
7.501447412208989,-1.937656093804321
7.504409848587802,-1.96015869118861
7.508075412837869,-1.9828063848926045
7.512768010974154,-2.006212736669288
7.51779849936097,-2.0305838103207914
7.5235671426414195,-2.054127070323947
7.530734110620603,-2.0770003484961648
7.537392536990613,-2.0992123710249375
7.545035919206692,-2.121779400335689
7.553561383233787,-2.1426707282975634
7.560516786268486,-2.1619242327463666
7.569205882134216,-2.1816253674031314
7.578687892133559,-2.1998206697509306
7.587096311786579,-2.217559276116097
7.595904521321226,-2.2346310861471195
7.605159254483955,-2.251307594920386
7.615188464490072,-2.2672537842951286
7.6245377912390095,-2.282556019920731
7.634174063883185,-2.2975355717909807
7.644808584263958,-2.3123823057028816
7.654811836925508,-2.3274860827970447
7.6637213898182415,-2.342634478813277
7.673218691774126,-2.358281151646294
7.682871773639026,-2.3745592555935997
7.691298349655671,-2.3908525124437294
7.699518591574383,-2.4082816681737915
7.708510124330414,-2.426344411565265
7.7154147860664715,-2.444376521881271
7.722517514053848,-2.462782027702441
7.728035876830696,-2.48003829225175
7.731192530722109,-2.49638197092808
7.734392542440664,-2.513369143392764
7.735227788411054,-2.5283351347811083
7.735129980480977,-2.5445776017674215
7.730727294702999,-2.559674858939312
7.724771344923949,-2.5745695986188717
7.7171753876914595,-2.5900120621262315
7.708427301517038,-2.603654819970972
7.697518067176313,-2.6192002452725758
7.685402165421262,-2.6326924937302323
7.672821075532644,-2.646147274421133
7.658531918535925,-2.6570812123875753
7.64524387357258,-2.6658115005942973
7.631614858815356,-2.674062628998796
7.619510168863576,-2.6809431508137327
7.607613829094586,-2.6853381958635882
7.595012167500644,-2.688963304088336
7.585002286835454,-2.693053246381635
7.574261942308138,-2.695458326122811
7.562605419575652,-2.6970780147814537
7.55378999970824,-2.6995065995447636
7.543371967155536,-2.700878665802424
7.534820491215596,-2.7036622264854353
7.52797807318431,-2.705786057036103
7.52120516250187,-2.706632059790183
7.51574443781354,-2.7088588470599935
7.5112448829787315,-2.7085284859139804
7.50812099509533,-2.709891803699736
7.506904687969499,-2.709690905886481
7.507088705849256,-2.708145580170053
7.508162451462928,-2.707059655924628
7.509715581420991,-2.7047492685478924
7.510385805341977,-2.703063991789721
7.511618540969124,-2.6999369330772502
7.513669100552261,-2.697795451291463
7.515220243896577,-2.6958780659621
7.5150553492840295,-2.6934941287299674
7.5155191059103785,-2.6913679392376078
7.516359378969935,-2.6902290947699834
7.51664668935979,-2.688511750724922
7.517372534925519,-2.684350915730779
7.519004137610657,-2.679895330118238
7.521153978071626,-2.6746276600191705
7.522689962012551,-2.666333638029712
7.5255722848767785,-2.656721429955782
7.52965516941287,-2.6464507456435977
7.533206169260001,-2.634669236888748
7.539095667117608,-2.6219006862622476
7.544707453937669,-2.608022612524738
7.551952798497945,-2.5952248817552626
7.5609145296154345,-2.5811067886823116
7.568128866171594,-2.564127845498708
7.577295403287537,-2.549856599841777
7.585995091097844,-2.5323307985230703
7.59481827007801,-2.513927153499794
7.605716422171577,-2.496456415252667
7.615276713235103,-2.4781474780907145
7.626417191515484,-2.459639686801598
7.636193696799271,-2.438948987152763
7.647996888960027,-2.420442075324368
7.65959384100345,-2.4009653053336244
7.672340197637943,-2.381200553657681
7.685055437026422,-2.362244923183686
7.698467659553713,-2.344261533058835
7.71167239717382,-2.3258957754740868
7.723750006297617,-2.3080711391185216
7.736845933614786,-2.291664034971078
7.749049755262818,-2.2743753893168335
7.760131545630513,-2.257275858344579
7.771706891098327,-2.241460329518567
7.781090766139002,-2.2259178384945906
7.791312541082107,-2.211389540625319
7.799199275064325,-2.196593926247865
7.804410981252092,-2.183767976729367
7.810230870121808,-2.1725755021107496
7.813859292136302,-2.1611523946955282
7.816077191954287,-2.1536996099980437
7.817604785730176,-2.1457461221026923
7.8166282582326705,-2.13910562689578
7.813478486974249,-2.1355064162881416
7.810940586219446,-2.133522990460407
7.8069017899722715,-2.1324084864009127
7.802611683809429,-2.131530536035109
7.798681919972216,-2.1328973411234387
7.793828508402942,-2.1341530069468004
7.78881425153694,-2.1350706369670878
7.784357984644969,-2.1364512810273317
7.779944867524488,-2.138847435049475
7.775272251222498,-2.140469042842347
7.770065888959359,-2.1420557761774948
7.764229935918379,-2.145873942976367
7.758910953086112,-2.1510348382388282
7.752811579924451,-2.156464194472223
7.746346886252815,-2.16427537677437
7.7396726545838685,-2.1741036892092445
7.7321904583548315,-2.184927391262704
7.7241557375754155,-2.1969493312583235
7.71564519991233,-2.210357228718976
7.707290750199899,-2.2250577543665004
7.698517544823951,-2.2395818120438546
7.690329941617629,-2.255831783471944
7.684042006973866,-2.275136557771582
7.677420861661213,-2.293597196084582
7.672682482425761,-2.3131354310596937
7.671557035804882,-2.3336281171080944
7.669561736315976,-2.3543627070511737
7.671072375984191,-2.374191752026172
7.670897516142115,-2.394239317380344
7.674940917999374,-2.41543347839086
7.678487942607489,-2.435171950327298
7.681779637737351,-2.455717098034844
7.685248924843738,-2.477403538469715
7.688473420225192,-2.500006429852665
7.691211013836778,-2.5225119502247546
7.692978513066765,-2.5461263513417745
7.695113573660983,-2.5710041632220455
7.697120991557771,-2.595379085321278
7.6972528224831995,-2.619537783819754
7.6974241140582444,-2.6438820778006717
7.6978963107959935,-2.667564659949848
7.6974183675486,-2.6901174610673175
7.695667914803963,-2.711668172881526
7.695263060983673,-2.7325499468918366
7.694711976624691,-2.7521179082971985
7.693016887469173,-2.7707004349791937
7.6918493079559225,-2.788965049136894
7.690223944482057,-2.80622593547481
7.6881553679782035,-2.8228217174384227
7.6857033568984106,-2.8392834675759424
7.6835188875149125,-2.854865849377734
7.68040630146695,-2.869883975536812
7.67721729240432,-2.8852015860902887
7.6747026451190035,-2.90083344782934
7.671534975570516,-2.915361432218102
7.667599061202711,-2.9304505971075128
7.664639157427401,-2.945977169587201
7.661995037149522,-2.961383111758047
7.658570475365336,-2.9752560469401037
7.655375688480951,-2.988547131548975
7.652949221388114,-3.002246295116387
7.651368632896491,-3.0150848379618234
7.64821667736723,-3.0251796741115067
7.645570430352863,-3.035259134095552
7.644877099991097,-3.044464876363842
7.643143812341044,-3.0518955147511138
7.641610452274912,-3.0586009420724447
7.641592416909906,-3.0649355745338593
7.641627917909041,-3.0709868143803187
7.642297844582605,-3.0765098710541086
7.643941802439502,-3.082444610003308
7.645916864488455,-3.089311798565084
7.648696489123548,-3.0961943268092336
7.652645013020818,-3.1025826615611938
7.657382214171121,-3.1093825708948426
7.6632739144307935,-3.115529447479499
7.669831397602151,-3.120842625000798
7.677487021615386,-3.1253185256169256
7.686244236755725,-3.129736990688891
7.693656785112884,-3.1323058110850477
7.702414489504694,-3.1342822418252894
7.7113003056013065,-3.1357873234491485
7.7192373531589,-3.135655739578713
7.7263944126632556,-3.133601987270063
7.7336189914438735,-3.1310369306775847
7.7397797173341285,-3.1285455113737024
7.744476080370457,-3.124349292922149
7.748114456721692,-3.1190401572916326
7.7521390576749045,-3.1139516579204805
7.755828961356005,-3.108702720867483
7.75738850486938,-3.101379033563539
7.758079881651173,-3.093062555405928
7.7595016119840245,-3.0855682413505274
7.758520267013025,-3.077481649624358
7.756594345696804,-3.067741789103858
7.755198349608687,-3.0586508032723123
7.75300773140096,-3.0498199803943273
7.750974774700839,-3.0401738486080534
7.74836028694539,-3.030177909378674
7.74566418167509,-3.020528894200845
7.7432714664871245,-3.009945636623508
7.741069176287959,-2.998540383641289
7.7395876568002455,-2.987148407846427
7.737100958004989,-2.974106310755624
7.734276404527813,-2.9599743267615346
7.733099176728366,-2.9451686751119466
7.731115670325119,-2.9302100630493575
7.7287532350669785,-2.9144063254205155
7.72735026430154,-2.8982299872253305
7.7259196823627265,-2.883674471103728
7.724061093785421,-2.8682837964236385
7.721910314549889,-2.852645403792937
7.719754366592488,-2.838153668473331
7.718000006093134,-2.8243074469442644
7.715622305489387,-2.8101057675387704
7.713685834935468,-2.795216732777769
7.712303127626792,-2.7807656942062957
7.710766177450086,-2.766001964959179
7.709000286524818,-2.7493989442752835
7.706979357927883,-2.7326123643259814
7.704703827987316,-2.7150520769143944
7.702854615027976,-2.6964551650938673
7.700746802210357,-2.6761773104626885
7.698445167768788,-2.656191301848517
7.695866440968009,-2.635266455235354
7.692380323806214,-2.6129333956976106
7.6890139328773515,-2.5911065788345073
7.68455342782737,-2.569463374656681
7.680046547919471,-2.547523567106217
7.675105337131935,-2.525780810002856
7.669993015692211,-2.5057888417075938
7.664881808792299,-2.485746541017691
7.659600404660978,-2.466474202073237
7.654776303872875,-2.449037181886284
7.650185572297397,-2.432427962578706
7.646226861825444,-2.4151048933694867
7.642904913127101,-2.3984271578916427
7.640512288042971,-2.382686369952845
7.639552147041467,-2.366017365451571
7.637886877381128,-2.3482839923386245
7.637713574034789,-2.3321450472811955
7.639798690105428,-2.3167508761515534
7.641278101524552,-2.30039195749375
7.644162366683788,-2.284326061667609
7.64834946370301,-2.269625500472645
7.652841576551713,-2.2549413745079425
7.6575383773529,-2.2401546643201145
7.661835826877287,-2.2273090323747207
7.66717083640385,-2.2157001255101894
7.672792294858101,-2.2041438652142125
7.677839795179202,-2.1941034998803755
7.682836634663641,-2.1845360604842767
7.687827571441498,-2.175389010015621
7.693213423621624,-2.167620508790787
7.698738228378802,-2.161070183152236
7.70445580975959,-2.155450767208629
7.7099527899067954,-2.149070854489514
7.715981527499763,-2.1438190253114815
7.722131409893657,-2.140145445344925
7.7281727422409645,-2.1357081428278253
7.733913746675578,-2.1315025622954833
7.739318273937715,-2.1282570703019217
7.7463707388393095,-2.126502844539486
7.752810016811491,-2.123931143016778
7.758115562623967,-2.1220453396381016
7.764638042217248,-2.1224377754358676
7.7708298054119,-2.1220118347640713
7.776374285607855,-2.1224864120354567
7.78312763794829,-2.1254209530167842
7.790040823858048,-2.128628268509289
7.79734423055238,-2.1332993255613366
7.805451033403731,-2.138402829427318
7.813432742289681,-2.144712030887155
7.822128127830547,-2.151684735511059
7.831607902015973,-2.1591037021099044
7.8415700868875335,-2.168612401178098
7.8523772583510425,-2.1786336226341536
7.8638642279559665,-2.1888581765468365
7.874825356353278,-2.199548415403602
7.887917448583661,-2.2109679551296697
7.9009533833358345,-2.22108536090023
7.913657223327619,-2.231162420680816
7.927617705411919,-2.2411762990145045
7.941471426971711,-2.2510792149946384
7.9549074282203565,-2.260280310751115
7.9677729193639,-2.269509245914453
7.980863062324678,-2.279256735134327
7.99335394251153,-2.2889011975101603
8.002701645481311,-2.2982054156087157
8.012483407139163,-2.3082476667282936
8.021654801635103,-2.3180636450028187
8.026902490061877,-2.3270006143101574
8.03060152372551,-2.3349204440933375
8.033363464344948,-2.3439932971768123
8.031917778174202,-2.3534552157228354
8.027155732333673,-2.364014713474255
8.02166873633882,-2.372621540570799
8.014014776824434,-2.380580347654489
8.00601676449696,-2.387490032801004
7.9968107705904234,-2.394205207232328
7.98783014359712,-2.39977786010077
7.979070470252825,-2.405149569487318
7.969710549816363,-2.4090613448141807
7.961761723858376,-2.41175784268559
7.954003021846801,-2.4143588554820203
7.945806908239435,-2.4151178751350613
7.938597212149585,-2.415200188830237
7.9314865919904705,-2.4152294996784653
7.922596448367378,-2.4137546199770297
7.912109318493128,-2.4108386906525565
7.901693264582611,-2.408181271081572
7.890271093104166,-2.4047800942635424
7.875246074919316,-2.398083316321654
7.858981027613329,-2.3913004519897254
7.842586895604465,-2.3850051250701942
7.823100047809125,-2.3770358718265965
7.803143832438861,-2.369576730195415
7.7827055670531715,-2.3623733371420346
7.760739320155722,-2.3555628522585104
7.737883021742449,-2.3489696958986848
7.714801800797914,-2.341810888871852
7.689761566345033,-2.33573034057361
7.6646923603911645,-2.3314328402072118
7.639935402853356,-2.3278672709507164
7.613255193474676,-2.3260235120253427
7.587193639719296,-2.3262230942534825
7.560589634642733,-2.3267716858865843
7.533948341829953,-2.328523675201787
7.507935298828979,-2.3318871746387853
7.480762948771165,-2.3354611331390944
7.452977479308752,-2.339512918187898
7.426008032194437,-2.344930338125912
7.398157446443588,-2.3515090644115517
7.3694250521919935,-2.3576068720486942
7.341253229922537,-2.3640400098356436
7.313374991354469,-2.372515264236001
7.284456542434572,-2.3802039083737765
7.255532299141258,-2.387455563074123
7.228240526919141,-2.396340200370207
7.201846490690325,-2.4061453177697927
7.175635883762455,-2.4155575772542406
7.152750733366467,-2.4254987379274713
7.132515215555777,-2.437137378825005
7.1130262510767,-2.447945376754619
7.098004085833082,-2.4575689731153445
7.085573038027548,-2.4655394490051163
7.074621519617713,-2.4763243709864087
7.066045028927484,-2.486190071968056
7.057752919923077,-2.496769862534722
7.050861489667514,-2.5093357933323093
7.043164549782031,-2.52278627344861
7.036182675455145,-2.536943076376932
7.029389639271603,-2.5539237353852067
7.021291357675353,-2.572349780132122
7.0138134742045635,-2.591272306899307
7.006806929600505,-2.612289843486118
6.999539229196142,-2.635201361354825
6.991963998881226,-2.657936342029328
6.986214872841254,-2.6810303094770536
6.982569389710729,-2.706413804841
6.979272265154745,-2.731653676194528
6.977047158676913,-2.75644597625139
6.976998302021525,-2.782970817517999
6.978325389375211,-2.8108841635416146
6.980330966046062,-2.8375566163821717
6.983655438839441,-2.8640220749355767
6.987094065205758,-2.890317949659997
6.991314183322782,-2.9157130209504953
6.995353568719161,-2.938829287626442
6.999798656511037,-2.961372878749227
7.003766711995198,-2.983439005945225
7.0081038687784485,-3.003935608469241
7.011673226177145,-3.0213648033275375
7.014289136224522,-3.0372722023997145
7.018090430938809,-3.0516926605852777
7.021175205251075,-3.0616313653174276
7.024094609129583,-3.0703535169646066
7.027104033449647,-3.0774693483563196
7.030359720809641,-3.081999137772035
7.034017234634557,-3.0844633884210615
7.03893557833549,-3.08681498509729
7.044191415552045,-3.086987321884182
7.050276637477505,-3.084145877615824
7.057982748895487,-3.080890860945249
7.066288939705622,-3.0771206230780033
7.076190118222246,-3.070239947044794
7.086858597899789,-3.062980780414156
7.098297991692227,-3.056499096515372
7.111241788862645,-3.0489489570928443
7.123385633196286,-3.0398065349019836
7.135653806215176,-3.031883734424267
7.14826664989138,-3.024892741662835
7.160164292329548,-3.017692786836273
7.171654001446252,-3.0107366401709017
7.182400005809468,-3.0045259070345245
7.193098282685347,-2.998264603899243
7.203168286940708,-2.9907045772279655
7.212690351131252,-2.982517246570636
7.221772029936391,-2.9739887211329417
7.231117731190056,-2.9621151949224878
7.240579707675063,-2.9480202834879963
7.249432575439242,-2.9335263719541427
7.25884904998377,-2.9151401567424546
7.268038623879336,-2.894639825042726
7.276793079421835,-2.8739065872251337
7.285308907342373,-2.8508090231839547
7.292875222408079,-2.8260786726208016
7.3006791379703335,-2.801594067211906
7.308051624832713,-2.777093337493365
7.315159436758394,-2.751207128742613
7.321877687671594,-2.725038408945692
7.328960095038478,-2.699611294644364
7.337183657065552,-2.6741991760903514
7.34515645437818,-2.647299336966129
7.352838758958273,-2.619982338588587
7.362127065208302,-2.5931937611710967
7.371759023898219,-2.5665150894032047
7.380928180141523,-2.5390744569085966
7.391036538745092,-2.5125242776276697
7.401599694899297,-2.48627189156119
7.412721536023748,-2.460597444552452
7.425110886414683,-2.436480123731829
7.437737402872792,-2.413894201239707
7.451351199075653,-2.393024203785554
7.4653336737153415,-2.3735884055588548
7.479061813374865,-2.356211891877917
7.493322859938195,-2.340405967788414
7.507426944545451,-2.325065866403692
7.520674136270193,-2.3113761319225006
7.534565387401957,-2.30023566239505
7.547549686713268,-2.28904261649017
7.559839552108769,-2.279049203010813
7.572431952708991,-2.271307540132458
7.584174922273051,-2.2645336751715193
7.594804825633764,-2.2577154129150236
7.604499967491788,-2.2519036857467882
7.614520458462615,-2.2473622276981047
7.624853391027987,-2.2423726434947113
7.6333161533920855,-2.236613204284409
7.642383075292864,-2.2317689044277653
7.652396059744459,-2.2262774839271913
7.661684169869594,-2.2196172886708494
7.670654957638612,-2.212712023510398
7.6809426865810195,-2.2054233677085096
7.691253971439891,-2.1986682910861055
7.70147565485632,-2.1919267519691292
7.711879126681918,-2.185555487907363
7.722794418284961,-2.1808323190812002
7.733822521713886,-2.1759298879874494
7.744148152659323,-2.1719698875407465
7.754922725730826,-2.169691711377214
7.765685853792753,-2.167245294413225
7.77521148831761,-2.166081471524646
7.785515982933404,-2.166320576246782
7.795346423136451,-2.1660576458019913
7.804047745404613,-2.166896495085782
7.81352976089167,-2.169027159791877
7.823122224785175,-2.171099532119693
7.831406115763709,-2.174226230489091
7.838525245626235,-2.177579758314712
7.846126835155556,-2.181651747127072
7.85257827010781,-2.1868092334706484
7.857816581983988,-2.192389748685952
7.861612330318769,-2.1981432185766008
7.865114880153282,-2.2069170844356547
7.866497769983634,-2.2163217941478073
7.86599254867784,-2.226460122910312
7.864662221294205,-2.2395590185078085
7.8624289228957505,-2.2537386252437366
7.858999618154213,-2.268672940704832
7.853948306139292,-2.2832437279258846
7.8482046265457726,-2.2970373853857957
7.842002026564001,-2.3102365823597757
7.8340154823275885,-2.319983430739405
7.825718583695966,-2.32850726358963
7.816442133406267,-2.3357832482119343
7.805459481332278,-2.3397528015978093
7.793867152878491,-2.342965619513231
7.780356894104972,-2.3435333559304583
7.7648473173922055,-2.342088195915157
7.74805883639033,-2.3398791883718193
7.730189819770363,-2.337709042457842
7.711209862036391,-2.3361596419584876
7.690410400892594,-2.3338905427800203
7.67021897424271,-2.3317119153279857
7.648777000310369,-2.330631301370548
7.626667957928677,-2.328842652411587
7.603562374702726,-2.3254794344440497
7.581891773029956,-2.3232745505279806
7.560688077632796,-2.3208261522133045
7.538169720640339,-2.316895738729012
7.51641531123014,-2.312428297927403
7.495792066443476,-2.3085811394077416
7.474776440479442,-2.3044393390760636
7.45432197701453,-2.298923542247296
7.43436737621435,-2.293916559387223
7.414648268792212,-2.2896780242062134
7.395157542352522,-2.2841010978644114
7.3757287887530545,-2.2788119703137566
7.356697625639129,-2.275090184467507
7.337860540173696,-2.2711455135187175
7.319105223978855,-2.267232848987905
7.300600435952034,-2.26407633604848
7.282611151150057,-2.261303863609858
7.265371195267337,-2.2590487249578817
7.249479238131482,-2.2562244219403444
7.235491839570878,-2.25354684564247
7.221530141329269,-2.250887814529982
7.210175597607505,-2.2464625483467127
7.201128467938473,-2.2417651026081584
7.192170813295881,-2.2373194636104135
7.1854590123172475,-2.2298935563777937
7.1801363403440215,-2.222118729883976
7.176904160060149,-2.214504985726099
7.175980083427654,-2.2036309620970025
7.17536770782417,-2.1908447026942164
7.17724175157627,-2.176872511864239
7.181363964997249,-2.160677887819681
7.184673365636444,-2.1422260510787274
7.188933710735837,-2.122051754531042
7.194024745491363,-2.101952424807413
7.198391611742894,-2.080891902957761
7.202504511455123,-2.0588748042884655
7.206522590919178,-2.0398174852375726
7.209874650670609,-2.020178616388477
7.213012171049594,-2.001327064375082
7.216419485192155,-1.9849813043990923
7.218935639977077,-1.968924386395343
7.222054155916039,-1.9542361457774662
7.225535034007362,-1.9403562291823773
7.2285189509478665,-1.9274361464749328
7.232415973345175,-1.9143727672243995
7.235757578502499,-1.8989313729420272
7.2407617030225975,-1.88464258977594
7.245350048615519,-1.8698226836025993
7.250293290918684,-1.8538406769140885
7.255478690630831,-1.8384262440638877
7.261027189127079,-1.8251630950348654
7.266856930753165,-1.8126107072543514
7.271583036050158,-1.8003728326356114
7.2771340048120114,-1.789728600253831
7.283759728478507,-1.780591957270134
7.2899879791331,-1.7712314706856238
7.295776465487894,-1.7619696279613208
7.302873137030181,-1.7541977386530343
7.311719273145514,-1.746945443819235
7.319809721340865,-1.7391272639493778
7.329044404032982,-1.7334214865397894
7.339835881479662,-1.7292062255872944
7.351174882460937,-1.7232119284580028
7.363877289171277,-1.7178111712735427
7.376777176961722,-1.7129142751459476
7.39154529770154,-1.707196979883913
7.405972563437902,-1.7007120384210777
7.4204361120080735,-1.6946579106057003
7.435499118391743,-1.6883175292943493
7.448825322521251,-1.680509140110587
7.461882323199499,-1.6725435184879367
7.474686580554688,-1.6648718978843724
7.486530393327284,-1.6567911582624983
7.497913370740237,-1.6481207956002792
7.508615530557983,-1.6418149602639613
7.519298695645378,-1.6360882600186002
7.52887466277686,-1.6304449243301704
7.535965584353782,-1.6264467836709644
7.545354644378232,-1.6248827882479548
7.553918179287459,-1.6240069872541267
7.5607597632295995,-1.622763112190632
7.569611743910896,-1.6225018954042993
7.578405056328605,-1.6234113289269372
7.5874313980831225,-1.6239453957085546
7.597297620294858,-1.6248375020378183
7.608171973240321,-1.6270674361792181
7.620379156935843,-1.6284661664436946
7.6333735618595355,-1.630377198372456
7.647384358810211,-1.632845447595502
7.662831886152328,-1.6358654536922823
7.6791391579660075,-1.6395614298906156
7.697141241841009,-1.6443878166454664
7.7167277739777695,-1.6505929158478851
7.7376729306841785,-1.6571948489025876
7.758988007761563,-1.6635682416638533
7.781670106323941,-1.6723943157135552
7.804713677619113,-1.6808666567383612
7.827205816420296,-1.6903071790407815
7.850432117518686,-1.7004324007193397
7.874125453280237,-1.7111285815575084
7.897730129745383,-1.7221399889426032
7.9193948199081925,-1.7329356487261602
7.941158377786788,-1.7443512474709195
7.963080902155523,-1.756782641383303
7.981891510600868,-1.768951632083039
7.999520836770152,-1.780653004169057
8.017119723355288,-1.792693957443473
8.031253655680938,-1.8030109041935536
8.043181396007059,-1.8122544599490036
8.053533152561712,-1.8198134728495545
8.059626990332433,-1.8254964831557445
8.062920316701323,-1.8301987175537437
8.063409733858007,-1.8336291475430024
8.060761415178264,-1.8377965013434718
8.056384258325144,-1.8404514297034484
8.04761028789079,-1.8435701182419297
8.037039953301061,-1.8476871285497865
8.025140495980818,-1.8506593778346896
8.010321402897645,-1.8547148550654702
7.994688080878383,-1.859571925573839
7.978988616679969,-1.8644972854897384
7.9609267358162406,-1.8707223944380358
7.942092326439155,-1.8774712331492547
7.923323200946101,-1.884240763000361
7.904250730778137,-1.8913075635043173
7.884254213409687,-1.8976097290010563
7.864049187111721,-1.9033445993494928
7.8453697319332845,-1.9095036453915426
7.825024632219214,-1.9146329850266783
7.803546617808738,-1.9188306857962811
7.782482628417137,-1.9240186648469155
7.760547424702004,-1.929866475113641
7.738332758779586,-1.9359312744480655
7.716292836149887,-1.9429385598380926
7.693697657689222,-1.9512776830991774
7.671937349282668,-1.960967042035304
7.649641192322497,-1.9703755547372606
7.627905691182838,-1.9806428521653805
7.607059536124918,-1.9928018977165962
7.585764392424954,-2.0040245079887655
7.56549992074792,-2.0155186504608356
7.54601986906173,-2.027120494408635
7.525878297665868,-2.0377630691132054
7.506201313898293,-2.0468138606828252
7.487283369353936,-2.0555934480437985
7.467572438219401,-2.0635123573043037
7.446649760199602,-2.069565290826024
7.426413186345374,-2.074380012571437
7.40587204869761,-2.0795430076471306
7.385106435711647,-2.0834198677834457
7.3626548044566364,-2.084629504282301
7.340728029353038,-2.0861372848156337
7.318631768686158,-2.086829550248526
7.293859497260056,-2.0841017725314663
7.268767351855998,-2.080888081017916
7.243726706523954,-2.078021668762637
7.217888523138144,-2.0748576194484407
7.191833322357108,-2.071787445892197
7.164354565404769,-2.067552529712931
7.137099543601794,-2.0656342973913002
7.111241535571039,-2.064183411349472
7.085199394028958,-2.061004725633715
7.05970772198039,-2.0609779618220645
7.03405416220287,-2.0595458030827705
7.008727534998143,-2.058061512519259
6.984755875251883,-2.058052158516174
6.9601677482686695,-2.0576574074439815
6.935749978884671,-2.056732942385682
6.911976837094165,-2.056172431352697
6.88850031632308,-2.055790458784426
6.863839195864974,-2.0553763795211286
6.83961554037291,-2.054309921421558
6.815790344740923,-2.053638910346639
6.791487034731842,-2.0549876745997864
6.765714552862209,-2.0560266829838265
6.7404202525143875,-2.0578134967605473
6.714487667427291,-2.062207938680032
6.6883426017805965,-2.0681758865302475
6.6624257603644415,-2.074331117553976
6.637132324642423,-2.082351998342959
6.613224108434027,-2.091424649187573
6.590436519062276,-2.1012939289556374
6.56874061632871,-2.1109727012242394
6.548047939899274,-2.12068987562697
6.530214153930529,-2.1312665616383977
6.512435803107769,-2.139555426867333
6.497017605631649,-2.1497290415768324
6.484520254966875,-2.161185940727993
6.4733561680997465,-2.1688268141182334
6.463267471778969,-2.178302529957868
6.454703611789871,-2.1851620082458187
6.446457380435916,-2.1923256423844015
6.4392158143646885,-2.1982888323352467
6.433182851552819,-2.205073116584754
6.426501439460977,-2.2120770897779973
6.4197585199137706,-2.21852089530388
6.414016536693971,-2.2264965246027084
6.408383036819895,-2.2353691597436662
6.4030274017487345,-2.2429079957811595
6.397131112770312,-2.250156097175127
6.391818287916681,-2.2575199184306376
6.388096889900121,-2.263262010120931
6.384007639528311,-2.2684626087918733
6.381786485059266,-2.2746737128360612
6.382040901780047,-2.2807188261389832
6.383378323418238,-2.2860246101413106
6.385297779603475,-2.2901128709917566
6.389443668958819,-2.295258432323778
6.39527333057829,-2.301089392604642
6.403015976803864,-2.3071190700385587
6.41222590676275,-2.314438528732676
6.4225462036212555,-2.322841508126449
6.434990692950538,-2.331502889354759
6.44853922685159,-2.3407933018013516
6.4635659333107,-2.352335057663956
6.481586684705286,-2.364654876183079
6.500736329226032,-2.3769940975123287
6.521569730067959,-2.392505100720893
6.545463673632207,-2.410094463752047
6.569714477771724,-2.4281963673106817
6.5956087702412916,-2.4473663921028255
6.623028832990293,-2.467437906591369
6.6511993793527155,-2.488070407110001
6.680983430705505,-2.507625232983122
6.711826608953028,-2.526620157487227
6.743546810833512,-2.546242838646306
6.777574677988288,-2.5641206816618998
6.810812285090145,-2.579143658777815
6.844327025435193,-2.594394573330218
6.879522748609824,-2.608483471923479
6.912924384930825,-2.620540329341328
6.94510638922809,-2.631130853002855
6.977461938349042,-2.6413601267005666
7.008502493032458,-2.650035312205503
7.037009294509695,-2.657095337660655
7.064248947280739,-2.663798372124684
7.088755418984881,-2.667740543433495
7.110103154672633,-2.6692567798591993
7.12830431808635,-2.6712679825232253
7.145397636764589,-2.671920256744906
7.159811196238807,-2.6739682730965666
7.1716834146747965,-2.674613125783896
7.1818840304705365,-2.676949711383008
7.190510582394968,-2.6794151126445875
7.197923818863077,-2.6820507233925364
7.205369866532366,-2.685413729190505
7.213008440759655,-2.688496465569056
7.2203691578487135,-2.691583775267057
7.2273007038425545,-2.6950242202117427
7.235111669057867,-2.6985606117314354
7.244094729075376,-2.703831025879257
7.252222281526883,-2.7099459662960923
7.2607392272422,-2.71626743542353
7.271055951898894,-2.724774968804082
7.281239915930317,-2.733741552945923
7.290089015612376,-2.74288757665542
7.299671598013441,-2.7527194350941313
7.309132903210655,-2.762084929615506
7.31748346576675,-2.77187040572134
7.324692724218799,-2.7798601567375503
7.331143114893286,-2.786763057839877
7.337069361798376,-2.793889398837054
7.34090654284914,-2.799246203963125
7.344383191245174,-2.8048474038129316
7.346928641649646,-2.8096114669119117
7.34700803139685,-2.8130799779682305
7.3468078241944195,-2.8157951296389947
7.344797278278059,-2.816736145530569
7.340036615978118,-2.81608037006047
7.334180300525531,-2.813815697160892
7.327821779134579,-2.810340124370547
7.319435775977093,-2.8061314625743248
7.308607540760027,-2.7996620325323565
7.296286284014301,-2.791811472558437
7.282895231231848,-2.7843959548166466
7.268376441405229,-2.7760556691057414
7.250585412809701,-2.765855211982908
7.232593208358788,-2.756721562858285
7.214339951250194,-2.7478815800783694
7.193008260707922,-2.7385947729666387
7.171497677154755,-2.729744331388247
7.150598390065998,-2.721832677723114
7.127676620523826,-2.7145279451826245
7.1047173321446095,-2.70806843445915
7.081793184225183,-2.701428822063519
7.058566758261675,-2.6974493784483906
7.035936796403833,-2.694426084560947
7.012108943865425,-2.6916197007403384
6.989030089640426,-2.690755566234024
6.965658739083081,-2.6907914390725023
6.942512061708618,-2.692195902996355
6.920442570864678,-2.6942062169701093
6.899411351390015,-2.6971460287524236
6.878512536246684,-2.699818795541158
6.859613263607354,-2.703108875571149
6.842666435135371,-2.707260730534827
6.8254093271326655,-2.711391257404776
6.808832898452788,-2.7161166376221404
6.79299176052105,-2.720730827463721
6.777207015884331,-2.727521420835523
6.761370868413185,-2.733314449017886
6.744960882227633,-2.7391210758450995
6.728912727276427,-2.7460658455615237
6.711812679769484,-2.7527670000206133
6.693525249711024,-2.758595275166395
6.675674981808228,-2.7654314250025545
6.657693399407507,-2.773247385169613
6.639297596909719,-2.781009209756241
6.621318545561089,-2.7883576346905907
6.604343333295684,-2.7968826506172952
6.587736523038299,-2.805109216413902
6.572225757946437,-2.812331584773456
6.557573380278843,-2.819323230200767
6.54374797315906,-2.8262078622720135
6.531088769631171,-2.831584748147136
6.519026244189549,-2.835793235144772
6.508253874871724,-2.8412751646542
6.498436938938515,-2.8450747479329994
6.489257335860063,-2.847505194080798
6.4815719757434085,-2.851149197635115
6.474036374207661,-2.853925120799266
6.46721657765446,-2.855509321807325
6.462115318602507,-2.858042548913047
6.457559552148343,-2.8612875443548496
6.454067841722948,-2.8642575734513605
6.450500093588682,-2.866555199184577
6.448867880800612,-2.8715024658706256
6.448578431864029,-2.8771908312481136
6.448458572371267,-2.8823161373129462
6.449815804081904,-2.888373858995427
6.453537269673089,-2.896500012822035
6.458435388382804,-2.904721748281595
6.465347630191868,-2.912621826387377
6.474443481559482,-2.92243321442027
6.484567144212267,-2.9315483655832932
6.497677680343031,-2.9407556046764602
6.51308648217441,-2.950502424523146
6.530308419099472,-2.9594666871588644
6.550067592566248,-2.9679590781205616
6.570481017842176,-2.9743874514387616
6.5928422903225234,-2.9797014905677504
6.616787698314983,-2.984660195500283
6.640807941501146,-2.987842588481732
6.665362952549161,-2.990505523082678
6.690892324767039,-2.9912612110283128
6.715677534189169,-2.990600917512993
6.740286404047335,-2.988564964950002
6.765282336199484,-2.984921098547528
6.790474642946287,-2.981978189083868
6.815106362431397,-2.977242103744177
6.839325629182393,-2.972789953538232
6.864714797725999,-2.9688675774574884
6.8905374795051975,-2.9644233191232954
6.9153256281847915,-2.9580999295606474
6.940778231791166,-2.9525054173586707
6.967098203862237,-2.9461532992046706
6.992045844435851,-2.937914763336946
7.017188917324896,-2.929964647969616
7.0424173127399365,-2.9214223776063015
7.066448377998687,-2.9114105326698696
7.0905944440819715,-2.9012851972457496
7.113027426462999,-2.8904044471623136
7.135128834913328,-2.879295489189837
7.157085022844788,-2.867776998609872
7.176541589615847,-2.856661191803874
7.194884868924339,-2.8469020744892832
7.212720839449402,-2.8357415492366784
7.229172693908563,-2.8257628349662243
7.245809380785907,-2.8162498974459496
7.262478135397425,-2.8060529422341887
7.278686189440366,-2.79565133925876
7.295513534197692,-2.786296731475729
7.313633620933804,-2.7765629079484135
7.332140582268199,-2.765867148825883
7.350382873759902,-2.754915568075421
7.36959022006793,-2.7437640361802194
7.390493652376927,-2.7321412726374135
7.410609338061147,-2.7194829488947523
7.430467572100076,-2.706820593941296
7.452579639290994,-2.6952098089752368
7.474229472332679,-2.6820083062207307
7.493978206559849,-2.6676358791907964
7.513346309762038,-2.6535376221627534
7.531764537195239,-2.6373197221916658
7.550038307980415,-2.622501118374447
7.566274182347655,-2.6063354845468782
7.580332597444033,-2.589219975004905
7.5940695185185545,-2.5731694641116833
7.60572850020825,-2.5569405083342325
7.616806076138871,-2.540470115767973
7.626632540099888,-2.5241760891929848
7.634921969773728,-2.5082577779831143
7.642056535094577,-2.491867050649871
7.64873151711703,-2.475678179441095
7.653789148439687,-2.4608692463279933
7.656921862683321,-2.446171149390491
7.660900640081116,-2.43290361572157
7.663501182063189,-2.420470487385153
7.664058291267281,-2.407867371798062
7.665295368840394,-2.395657534966513
7.665957730728417,-2.3845585699267846
7.6660998837645975,-2.374086790212577
7.665026685675607,-2.36250837077118
7.664830475819753,-2.3524063848598704
7.665413793853967,-2.3430641603356444
7.665152206719996,-2.3333797750979937
7.66597118589944,-2.3249733334233356
7.667399944001347,-2.316319640527112
7.669517460110833,-2.30909811634362
7.672350997019357,-2.302592088571789
7.675044705378932,-2.2951688227285083
7.678943421927885,-2.2890966673464246
7.683544664699837,-2.283096786610174
7.6871644467902716,-2.2756129740538156
7.692372675410463,-2.269064585593805
7.697981616425372,-2.2609148722782684
7.70182576068896,-2.2525348128127423
7.705881039523119,-2.2450284332523647
7.70939765123231,-2.237458846067538
7.710451950338635,-2.2305499485624223
7.711188531366053,-2.225315546945527
7.711520483794146,-2.219804197111348
7.708800475815357,-2.2162148814926024
7.704001349196954,-2.21290295286862
7.699577183335221,-2.209999919205813
7.6928347251617275,-2.208459839552882
7.683232463402459,-2.205713349513621
7.6728125536633485,-2.2019076740121064
7.661909151773705,-2.1983132523803315
7.64904921492471,-2.1931462069120764
7.633051204943598,-2.1856537332925714
7.616530197323587,-2.178365397405053
7.59987710339809,-2.171105074257918
7.580949345885101,-2.164035921744848
7.5606589456524365,-2.156795860818274
7.540381837080792,-2.149674290082376
7.5188037319563135,-2.1449485944043465
7.495578653044834,-2.141043016043109
7.4724717775869145,-2.137089964282907
7.448263892844154,-2.137715533142719
7.423168527773846,-2.139703674876384
7.397730399617794,-2.143232485260991
7.371689373502072,-2.1523094999027053
7.345049994811451,-2.162895405631543
7.317398050426585,-2.175025342668601
7.2892717314741295,-2.189193552582431
7.261399495001369,-2.2054432200248253
7.233485323341359,-2.2225027436092577
7.207191455121833,-2.239560239839687
7.181066519950539,-2.258077217643521
7.156085993505546,-2.276876041414996
7.131006786078154,-2.2946771757603224
7.107322799502707,-2.314598818874952
7.084312572738059,-2.3350585544974214
7.060820608460153,-2.354633372562428
7.037055805688781,-2.3746148638907636
7.0143414674224775,-2.3957412351999223
6.9916741702393,-2.4175197597771283
6.968399866680649,-2.4385420324555773
6.945843534115598,-2.4603028856907962
6.92310683507454,-2.483434244647188
6.901007073219295,-2.506921078249978
6.879106263549568,-2.5304462378352195
6.8584506398095755,-2.5553377361696827
6.838216579294094,-2.5792623754622004
6.819260208613612,-2.6032424208726974
6.801601479410947,-2.6266307297167115
6.785179074067988,-2.6488190179427913
6.769467078150776,-2.6706364256926807
6.7553859830449445,-2.691246707725114
6.741683986538087,-2.7108450191136946
6.728409490219016,-2.7302472140243257
6.71606471357746,-2.7477150081997466
6.70537463807441,-2.7659486142661245
6.694353817496769,-2.784128904031764
6.684920944318842,-2.8016762675940527
6.676474039484906,-2.81975937670361
6.6687831915193545,-2.839763516864758
6.662520218554116,-2.8599202240490773
6.655623274072558,-2.879404912693619
6.650822656940585,-2.901214144281079
6.648222443298185,-2.9236279412184003
6.6454786066816345,-2.9457414917890383
6.64399209057142,-2.967634336848967
6.643881744492774,-2.9896558167083365
6.6443113765122535,-3.0119528373230633
6.645608858884467,-3.0323033964799433
6.64836616079076,-3.0526181675011004
6.650847642328394,-3.0730203087899466
6.655625805363289,-3.091459772911319
6.661924686240203,-3.1093447138443473
6.66829944291694,-3.1260446117585152
6.677191448932236,-3.139006060022553
6.687450073083559,-3.151320712830629
6.698823980556064,-3.1622212467037216
6.712988426011406,-3.1720766866377446
6.726530061877115,-3.179165417258961
6.741956722601282,-3.185401755694934
6.758345326822981,-3.19150753056304
6.774474372921058,-3.1957290148620725
6.791285628389478,-3.1978265883889327
6.807909187559545,-3.1987686757251024
6.824975114732732,-3.198078528365571
6.842241163055156,-3.1944118004531323
6.858355805363947,-3.189054456043343
6.875416270262066,-3.1831226124733165
6.892046780523312,-3.1753330942766578
6.906892872010509,-3.164930523073776
6.92203841000829,-3.1542399758838378
6.936696971425663,-3.1428080428645857
6.950864032627397,-3.1313019438267826
6.963116120314467,-3.1192300306889256
6.975568762812887,-3.10816534431358
6.987067690882522,-3.0979461032872835
6.9974812277186835,-3.0888920593447367
7.007018690913127,-3.0797779435461465
7.016912465978037,-3.07169724087875
7.026414962719722,-3.063966477223523
7.035304687213238,-3.05588423200166
7.045974910419111,-3.0482396338521283
7.056606404540803,-3.040788648540889
7.067265901741083,-3.033075070635807
7.079655728838225,-3.025603634545809
7.092114163847457,-3.0181127567732746
7.104741132363272,-3.010006062285219
7.117401234894836,-3.0016492471342002
7.131070850084378,-2.9942069963814224
7.145524832704771,-2.9861582002108213
7.1595415542331216,-2.977795117689917
7.17364701521437,-2.9698406916803353
7.18913267528454,-2.9623244188678752
7.203669506884123,-2.9547608987559557
7.2175221613604466,-2.9465356153945477
7.232722169925818,-2.9380205687005727
7.247855151023444,-2.929276919958183
7.262012266965858,-2.9196153012804276
7.276904754052768,-2.909363499280318
7.29188558225921,-2.898576862875898
7.307362307614815,-2.8877081949685306
7.321962597269085,-2.8742715056797716
7.336197986448328,-2.859521591171076
7.3514698113813886,-2.8440266033513244
7.365310643381952,-2.826272645528351
7.379100298924099,-2.807269025784551
7.392354003912723,-2.7876215487196823
7.4036624456737155,-2.7661229273175008
7.414545057035298,-2.7453352152646078
7.423811035794513,-2.722886126022719
7.4312644340531335,-2.699464670821343
7.437317219124944,-2.6753260177782887
7.441697960646099,-2.65119880333588
7.444940104459275,-2.6274795699428983
7.445049538757715,-2.603641032247769
7.442547267104422,-2.5821168560291126
7.440098465488974,-2.5621636259114364
7.435809314188067,-2.5435436569964467
7.429534779652626,-2.5259578067045654
7.423876836351433,-2.5093602388817975
7.418776403248728,-2.4941574647020586
7.4128695832046825,-2.478833217610007
7.408193355490173,-2.4626295341845768
7.405221580711699,-2.4463469462662664
7.40226441223641,-2.4305861680830536
7.400728716586694,-2.4134974124340283
7.4006548757833635,-2.3957789953556485
7.401887960412702,-2.380622643602618
7.403382582040123,-2.365824580781605
7.4059618022445095,-2.351739995019805
7.409493783174582,-2.340744118166425
7.411955412526784,-2.3315285554705714
7.416227195842415,-2.323990967064798
7.421399901600569,-2.3189759879712986
7.425898862550231,-2.315449851207916
7.430620782530736,-2.312360550958302
7.436432569857718,-2.3093898125947843
7.442918785713188,-2.3082286283463946
7.4492691903799235,-2.306956410410521
7.4555194132234375,-2.304084321478364
7.461806775024859,-2.3014331771755403
7.469314975817185,-2.2997623170398103
7.475711728683199,-2.2965365785970446
7.48111488835462,-2.2921459047540327
7.487884199223006,-2.2888207693862532
7.493832989029923,-2.2863324342599225
7.498671722593646,-2.2826407404683637
7.503736677948396,-2.279416780599035
7.507769354867777,-2.2771995259813704
7.511508031691882,-2.2744859242949795
7.515019471695959,-2.2711085943963596
7.517955903741448,-2.2694473105919286
7.520323907808403,-2.2682031327859775
7.521432883329697,-2.2658938947624043
7.522189148629343,-2.2656587827181993
7.5218967758462085,-2.2658158759827134
7.52182111293792,-2.2668287585092703
7.520901260626537,-2.2676676367499367
7.519186750182313,-2.2677732346284936
7.516963494979088,-2.270429343086286
7.513892264917062,-2.2727160209173056
7.511211859936041,-2.276385450414136
7.507452743878004,-2.282073944844031
7.503524451876399,-2.2874692155755714
7.5006206363906704,-2.293198256178826
7.498243610638073,-2.2991173227560484
7.496009939279572,-2.3065147672910853
7.492172519329573,-2.312274313206459
7.488435264791394,-2.3174182427531087
7.485084319781367,-2.3250465097695794
7.479030477137367,-2.3316426671497195
7.472537561637831,-2.3380683062724565
7.465013372189357,-2.346553271455307
7.4564549715924855,-2.3558243876058844
7.447571695609215,-2.3643289492722657
7.43730812512915,-2.373551105200084
7.426132320700942,-2.384173216989155
7.414173650669656,-2.392852055755654
7.402052932913043,-2.4022068570515778
7.388448229234116,-2.411481739002496
7.375517317752004,-2.4204846054206546
7.363337026834439,-2.42961326983031
7.349274877369663,-2.4376370792651363
7.336486501137828,-2.4455244608227287
7.32391243371569,-2.452095569330619
7.31234140638955,-2.459503289686163
7.302792948875568,-2.468808153282127
7.293571880229632,-2.476492384629873
7.284910820219924,-2.4837113943135947
7.277031538824777,-2.490781566438178
7.269850499078719,-2.4986366818624717
7.264503495479668,-2.5037792662542833
7.25925882612153,-2.507088671662545
7.255458067686458,-2.512071405888918
7.2526149584676345,-2.515124240087503
7.248987110982975,-2.5159176707045594
7.2458571035070385,-2.517392449759968
7.243493652934554,-2.5176640064711777
7.24097943758279,-2.5161328933895755
7.237180489257944,-2.5136379870751053
7.232903353697807,-2.5119808930781087
7.228815327639479,-2.5093106723397143
7.2243406908863275,-2.5072324985310686
7.2193867535389815,-2.505669873995576
7.214663870939155,-2.5025552844055325
7.2107571451868,-2.499700701310348
7.205937662083643,-2.494972582287919
7.203288945490212,-2.492475554183637
7.201384156801291,-2.488935371193361
7.1999049141247085,-2.483784488505384
7.200087628428367,-2.4802962015223375
7.201423600078562,-2.4759765292351803
7.20397422818832,-2.4706599831933427
7.207334806059718,-2.46527481240267
7.2114766878069005,-2.4606826623420965
7.216568069764411,-2.456089169704272
7.22124506353384,-2.45009903423315
7.227756968138416,-2.4458354853388187
7.236112998595119,-2.4429615491364403
7.244132963774793,-2.438982406039557
7.2529525011100535,-2.4356116328013844
7.2632251176989415,-2.432967373258028
7.273713460280728,-2.429084693012775
7.284297330128287,-2.4247780650941477
7.294466354982698,-2.419821422508626
7.304806769509636,-2.4151038056976954
7.315298554715689,-2.4091824543910665
7.325237143660625,-2.4034184729682426
7.334557519361117,-2.3973061087449477
7.344684506420174,-2.391111741674908
7.353138116418639,-2.38301588245653
7.360626642604079,-2.37337111388296
7.368956219279098,-2.3637027014936067
7.374168355092192,-2.35204853637853
7.379430230570131,-2.3409799644928166
7.384023395376476,-2.3286108994698553
7.385347719401288,-2.3149930008537725
7.385320794465757,-2.3014158874961246
7.384340902939252,-2.287394459829613
7.382636567232159,-2.2753028163012257
7.380231944448821,-2.262779755080711
7.375306819565218,-2.252212237394044
7.3707550868724105,-2.2447937847934125
7.366178283157773,-2.237558674060488
7.3595647773358275,-2.231747330315823
7.353590897641854,-2.2275816802131865
7.3481602410380225,-2.223984746322898
7.341670524308172,-2.2215150869645885
7.335433597000664,-2.2199141644789466
7.330656680297824,-2.218845142529678
7.325485957128362,-2.2177590487650547
7.3204599253855624,-2.2169080964820624
7.314969476067744,-2.2147979382626417
7.310007606316426,-2.2133946268919247
7.305075156523568,-2.2130608778887826
7.298692655725163,-2.2114651414112383
7.29275208064913,-2.2106694386412618
7.28609141728882,-2.2094058306450544
7.278544725123023,-2.2093678646010435
7.271315306095097,-2.2109740310390813
7.263318089620686,-2.211936609791538
7.253179656739903,-2.213511140410346
7.24412381871912,-2.215466278571091
7.234592053990079,-2.218771525883954
7.225308474566333,-2.2224576716357802
7.215915441726943,-2.224366005050012
7.207366219827073,-2.226672541418858
7.201491177401087,-2.2287616803552246
7.195364942916303,-2.228741191963646
7.189849989026962,-2.228099524111169
7.188246186562599,-2.226793452755397
7.187604853557241,-2.2254420796232903
7.187787729375861,-2.2229825913030585
7.190199688524885,-2.220810327371664
7.195549272136002,-2.219318144755818
7.202373628235862,-2.2171844463976935
7.2107085006428395,-2.2150673655432915
7.220165077924991,-2.2125774758327763
7.232631303028899,-2.210444987484142
7.245496297126441,-2.2079546029113617
7.259083191906911,-2.20551854222866
7.2738868245757295,-2.20327344413805
7.287879527756483,-2.2009951490715367
7.303178743356919,-2.198506341607948
7.318736744703552,-2.196330020989022
7.333000135306805,-2.1946258758480965
7.347796788747993,-2.191848336979736
7.362630615571512,-2.189198640919661
7.377257082898927,-2.187082952800747
7.390701662502436,-2.1841182664801653
7.403747610188446,-2.1797167521061303
7.417085691231519,-2.1760941602424486
7.429911265879442,-2.1723365672504897
7.441547898105709,-2.1664174188890524
7.453191706347376,-2.160639442364549
7.4649399199697815,-2.1559169681382655
7.476336670188434,-2.1504904445926702
7.487067028809441,-2.1450031835442527
7.498869552171904,-2.140770182409297
7.510090135900691,-2.1384979860779634
7.521903863983966,-2.136143087679199
7.533869108842186,-2.1341886374029357
7.5465045783586,-2.1347758313304706
7.559544667009338,-2.135411696218884
7.572473572564424,-2.1356133273384956
7.585933709514413,-2.1379169932455624
7.600292297749132,-2.1409661817464927
7.613843611681971,-2.143118552029955
7.628478070084084,-2.1462482476445426
7.642377369077971,-2.1480819886615925
7.656186150935729,-2.14984686553472
7.67078440378057,-2.1510039784138812
7.684538874036209,-2.1520561666088316
7.698895808371774,-2.1531635306838344
7.713008555985453,-2.152311033831827
7.727121162154865,-2.1529377889928214
7.741831851244474,-2.1534065904186597
7.7556587053596004,-2.1527086677619565
7.768170747181726,-2.1525670784320674
7.781654260403777,-2.1534321347431407
7.792896213806723,-2.1544477495955854
7.802349052510293,-2.1544239969170107
7.811415417978307,-2.155057807417367
7.818814860042975,-2.1554280729185913
7.823561564817764,-2.154919280400771
7.826866036172165,-2.1540723234052885
7.827997214257219,-2.1526480940078927
7.827585119883856,-2.1501351269808997
7.824810522845301,-2.1466747386826768
7.819013924576749,-2.1409226141445448
7.810973645988668,-2.133954220724251
7.80182083780938,-2.1264464939520913
7.7903137714495045,-2.1173116749717873
7.7778671080124,-2.108451153139681
7.763212680829475,-2.098028039282796
7.746759978794187,-2.0855157245482183
7.729371177207616,-2.0739185694196576
7.711370528114066,-2.061785198614748
7.691266651367151,-2.048389376916945
7.670788244941434,-2.035112657469956
7.649664351043639,-2.022805624368559
7.628287993628841,-2.0105658863532327
7.605420523677622,-1.9970489595693697
7.581474167516581,-1.9848599643383902
7.558416406459683,-1.9734432435894196
7.534834089781446,-1.9608470894643597
7.510251440796048,-1.9483515523947093
7.487174049169291,-1.936516462747336
7.464376829095561,-1.9245285772529686
7.4414184795401015,-1.9117096437360204
7.419219782552384,-1.900080334077522
7.397580465603883,-1.8887768277998511
7.376969695659885,-1.877221028448909
7.357363762495964,-1.8680868094144163
7.34019436064537,-1.8618838309835781
7.323617832952419,-1.8549252118949404
7.308258859893719,-1.8499301407679345
7.294679454630984,-1.8466536380969685
7.282713544477721,-1.84277577924426
7.27209738465846,-1.838613947731905
7.262335566380629,-1.8351456071701489
7.25433388654175,-1.831453642506625
7.246131347153806,-1.8267397980002378
7.237894802858226,-1.8212338105329933
7.230315399127962,-1.816733510723675
7.223475894399679,-1.8120240076110696
7.215932630222961,-1.807037249176211
7.207355206767137,-1.8018989532124536
7.200151445162183,-1.797500827195948
7.19216379840261,-1.7923187913891039
7.183325011562942,-1.7869499458727454
7.176223237838149,-1.7831708177165786
7.169818604395492,-1.7801153387211754
7.1633550909082135,-1.7766902984002082
7.15806027578855,-1.7737303133722064
7.153442342043256,-1.7712339496218696
7.150956930503603,-1.7694517129599854
7.150731899111827,-1.7677878194607308
7.1508130876761316,-1.76601166156085
7.154422140674663,-1.7664048945699944
7.16113209498654,-1.767358695471874
7.168156400598224,-1.7683327403065496
7.179094604174077,-1.7708922251913672
7.190474814051412,-1.7730066618060192
7.203770160163653,-1.7765366705671328
7.2206455386537325,-1.7822172652261228
7.237640673083205,-1.7884199894710773
7.255978682728566,-1.7953898189335062
7.2759986135157995,-1.8035336342739199
7.297090215203687,-1.8130598673811456
7.318879380444215,-1.8227017235073515
7.34018773714635,-1.8315080903427194
7.362989438999344,-1.841808578024277
7.387877862523871,-1.8527062130933725
7.411580221134614,-1.8624688401263594
7.435659139659312,-1.8721471633944895
7.4614008570273205,-1.8829465849150884
7.486545850838487,-1.894071316817524
7.510673848149083,-1.9044313996549613
7.535715739232716,-1.914760154264183
7.560106160671149,-1.9258659245417515
7.583471782612352,-1.9365223899328077
7.606063764292065,-1.9458459561729262
7.627614692326218,-1.9542933368540654
7.6466984052351785,-1.9605475374560446
7.665598142622554,-1.9671239311534865
7.683207887389762,-1.973396754418042
7.699923884710695,-1.9785085976033332
7.714506667149013,-1.9852718750696785
7.72867511371941,-1.9941558395179384
7.7428770265572835,-2.0030732900733823
7.755088599600221,-2.013672730952775
7.767417909759519,-2.025587987004807
7.780439998314348,-2.0384286220801275
7.792683230214821,-2.052574393768029
7.803884395095048,-2.0660760407202257
7.815046090380623,-2.0800607270785982
7.827014859646404,-2.0959107746732517
7.838449336491441,-2.111312599794138
7.848985369952369,-2.1261801604266
7.860763458546472,-2.142044080647216
7.871518599175681,-2.157785655999708
7.880926421403744,-2.172472042976002
7.890760276769634,-2.18721159393998
7.899521805391293,-2.2024817762100692
7.908492743341557,-2.2182063172005826
7.916142372815276,-2.232755588148002
7.9224584790475685,-2.248818522197792
7.92874745131555,-2.2651737989133736
7.933858245755563,-2.281295511601632
7.937214283999593,-2.297263712897539
7.940342574404648,-2.3138592936354327
7.942120556365642,-2.330352607613684
7.9431962053244325,-2.3471682768488735
7.943554442663493,-2.363727985006102
7.942259311881259,-2.3801085293924005
7.940606220456726,-2.395532831395629
7.9383655256482415,-2.411174804944853
7.936009230872141,-2.4277329555755167
7.933430395507353,-2.4435049849093287
7.9308054376861605,-2.4589596925512827
7.928376425217341,-2.4759005297787984
7.9258285277802845,-2.493564072335549
7.922511677315611,-2.510223942684416
7.91918309327391,-2.5278388936200784
7.916173921892286,-2.5467259360401995
7.912366271803542,-2.5644726692283575
7.907952474338822,-2.581150223875398
7.903644543845372,-2.598462255212506
7.898778969606093,-2.6152805997901334
7.894168932809432,-2.6297725943667136
7.8895144612605845,-2.6438723227056267
7.8845185372023305,-2.658537730673008
7.880306016168289,-2.6718231756121735
7.876105001095666,-2.6842555147571607
7.871721755324915,-2.6970189799505917
7.8673599427734855,-2.7082996017800878
7.86279381919271,-2.719099315961454
7.858608143728556,-2.72908398279793
7.854285899148314,-2.738565027963581
7.8494937905179984,-2.747371356863698
7.845913585432911,-2.755731458312087
7.84257457153586,-2.764343503186665
7.838728890374678,-2.772244204493121
7.835251514073324,-2.7782761907721554
7.831139935433346,-2.7845390593110895
7.827052515120301,-2.789460758214801
7.821926189778249,-2.791877543598926
7.815213318414688,-2.792962729727479
7.807557958527519,-2.7937172314618937
7.797382256202672,-2.7931989286314183
7.785869081166536,-2.7912867242942276
7.772438928936255,-2.7890540836336846
7.758503717628368,-2.787230512321465
7.742503089492825,-2.7849254709346636
7.723381574758341,-2.7818036687857686
7.704373279115499,-2.7798822216696353
7.683519109714575,-2.778778920729566
7.661423585170562,-2.7778997322095154
7.638573375416665,-2.776739560293764
7.6157000930701155,-2.776758433226939
7.592958770541066,-2.775950630278332
7.569847704425199,-2.7750303196681507
7.548021966226988,-2.7747586138244755
7.526174745058142,-2.7740466101838064
7.504961017967059,-2.773148521436882
7.485385268556219,-2.772599687162551
7.466306711671638,-2.772804797619243
7.448533900526243,-2.772928465142452
7.430917992901181,-2.7725094028561528
7.414689277308021,-2.774337675979778
7.400124654855321,-2.7757336280982683
7.385821780406177,-2.7762875017677215
7.372983497820944,-2.77875019646341
7.362425793363318,-2.7815860423871475
7.352121288964185,-2.7840701221593074
7.342170395000575,-2.786728370649885
7.335107725604316,-2.790139078239456
7.32891632107401,-2.7936967357411926
7.32327270926358,-2.7962881362769556
7.318633995388084,-2.7983866012162015
7.314737945034883,-2.8010834599464265
7.312080572644699,-2.8030132779257464
7.309130183503155,-2.8045428849003784
7.3067286250388515,-2.8067406495597376
7.305626058491167,-2.8084385573429294
7.303986906137122,-2.810117457588287
7.303074351149182,-2.8128506159168523
7.302694492185227,-2.8150213907085293
7.302091741342562,-2.8171812529283273
7.302127418006632,-2.8203209843821275
7.302353861988047,-2.8232270730902904
7.302112545453583,-2.826204827069372
7.301953796559801,-2.829784157510333
7.301897407178797,-2.834560861006173
7.303366801597723,-2.8409949707704767
7.30484148934889,-2.8482452476226134
7.305977874890387,-2.8572827496734523
7.309128878210942,-2.869035555424295
7.313459005120349,-2.881485195592083
7.318319404546807,-2.8951268811010586
7.324764110230055,-2.909823235599456
7.333319728284354,-2.9259261075266467
7.341027316830741,-2.942425051268282
7.350349353188149,-2.958770590056108
7.361782367510631,-2.9759854364690765
7.372329899727584,-2.9939994673506254
7.384099715480078,-3.0109272378086804
7.395894732711676,-3.0281784541418686
7.4087662821399,-3.046646117321778
7.4212594173477875,-3.064900282074704
7.4326152953363165,-3.0842070710913894
7.4448190736050215,-3.103065635677139
7.456271613265357,-3.1215241405684404
7.467592211646325,-3.1395226352657484
7.479028601191644,-3.156226184201252
7.490050107341671,-3.1725186707349557
7.500493563160593,-3.1868453777650823
7.51016655650249,-3.19937841981547
7.520228341643049,-3.2122190170475284
7.529238032084827,-3.222955921274023
7.5365172943672745,-3.2321169347472036
7.543501132634413,-3.2411895574599647
7.54992347715132,-3.2494670294686143
7.554063779093816,-3.256658937423079
7.55750930262317,-3.2632778271088396
7.561102647693618,-3.270403297502959
7.562121907458599,-3.2776389039442355
7.561915331837442,-3.283464497061667
7.561369369950026,-3.2902475392379436
7.559767017267281,-3.2984077962608973
7.557780162705244,-3.3061366666422187
7.554848537149067,-3.313261904075075
7.551998431725068,-3.3209471227555025
7.548993938827782,-3.3282930885805166
7.544694384393869,-3.3350861184431553
7.540466015026966,-3.3419034681553432
7.536064735246594,-3.3486246471855363
7.530959197794351,-3.3552224492065945
7.526219234631991,-3.360662531736589
7.52169787404072,-3.366309770914922
7.516570763117168,-3.3719098792013966
7.512853773766317,-3.3762441612072425
7.509714396322053,-3.3807047689389385
7.50707931864953,-3.3847494429602185
7.504184490071855,-3.3867418380758925
7.501472760245156,-3.388053187793485
7.500865596245044,-3.388957696615949
7.500165500713795,-3.3881062029501385
7.499485774914135,-3.3862547731100023
7.501175853601215,-3.383793714748279
7.502683135732928,-3.381533414438033
7.504029002590643,-3.3781463743959086
7.506514365605477,-3.3741377148791827
7.509287091185492,-3.371004734557043
7.513015009410111,-3.3684515234510037
7.517567720113544,-3.3642949204441592
7.522460465280347,-3.3605371506620663
7.528492654021577,-3.3565922032186215
7.534478092794205,-3.351294198784948
7.540746396197668,-3.3450559706032736
7.548024508400308,-3.338167050041521
7.555367705998638,-3.330997315147838
7.562506454679243,-3.323193301677179
7.570757842133708,-3.31609393307412
7.5783761617718035,-3.3097352628577936
7.5860098572813754,-3.304022820180861
7.593539401418903,-3.299670104373588
7.601024023924915,-3.2976250658727193
7.607924017764989,-3.2960570537742337
7.614096530142202,-3.2944229285885047
7.6203409929015065,-3.2952114780933703
7.626799210236714,-3.2963957919899842
7.632616076294732,-3.297229339474663
7.638031104078955,-3.2989399464899485
7.643682374163788,-3.301456430669698
7.649114372108467,-3.3042941318398764
7.654103007263856,-3.3068228806666293
7.659429584612937,-3.3106116531234226
7.664703678166288,-3.3150170417881384
7.669521093604989,-3.318885520176908
7.673767013907052,-3.3223473561574446
7.677451927801066,-3.3273919650242845
7.68103607017415,-3.332630940696192
7.684301756108861,-3.3376206122976133
7.6873357593552605,-3.3440145902229084
7.690593678081628,-3.3508872319942
7.693388247683494,-3.356900817592836
7.695854733635711,-3.364157071413144
7.697678815361872,-3.372485045440651
7.69854858558254,-3.3795544606987873
7.699316640663662,-3.3869085418346834
7.698685503140838,-3.394444463453592
7.697143582387298,-3.4020137863369473
7.6942943742789005,-3.4077623154042276
7.690821941259613,-3.4138044430947168
7.687321312190235,-3.4204036530687207
7.682623686364265,-3.4250052481177393
7.676658842528693,-3.4288092871806253
7.670658949606377,-3.4328151970149934
7.6641817177108775,-3.4361353334402174
7.656205441547268,-3.437667337082704
7.647824401928606,-3.4389561792923637
7.639693705882302,-3.440084796492764
7.631143359888456,-3.4405914758643146
7.620833228610744,-3.4394460937276783
7.610825142595115,-3.4393217415436466
7.6010315396247545,-3.4404051502970807
7.590814767363135,-3.4409062951460583
7.580076649726958,-3.442309538109912
7.570341567395667,-3.445224134298158
7.560866105880573,-3.4475465902098072
7.5513267683927925,-3.4508919785103864
7.54225718713703,-3.454740392914755
7.533099777119035,-3.4587739135514552
7.524763132459702,-3.4627691209817453
7.516295101439278,-3.4661684668116157
7.508459796341215,-3.469528699681791
7.50069200488292,-3.4711815307415255
7.493349015015021,-3.4719890292097064
7.4863196417011215,-3.4733588915538594
7.479825862336944,-3.473118923929065
7.473141207684558,-3.4718588140310276
7.465166942028296,-3.469885914446678
7.459038373097551,-3.4677421282191006
7.453001993030629,-3.464948382302412
7.4455967204005615,-3.4612161143294475
7.439826701790842,-3.4567194123489005
7.4342059083772085,-3.451753274575829
7.4283585341826,-3.4456007326342415
7.422553575799514,-3.4386323200854525
7.4176575846295005,-3.431432050533076
7.414170379202787,-3.4224983162145683
7.409980503979544,-3.4120019907235846
7.406407329896699,-3.401128175396782
7.404491728271149,-3.3882887692821115
7.40252995326524,-3.3747890487144905
7.400486468039589,-3.3608325199223716
7.3999251013680905,-3.345245710619041
7.399285760605358,-3.3295132285470626
7.399228805913741,-3.314420125489327
7.40002579650395,-3.2995335326181827
7.401155675794704,-3.285665375702089
7.4028207568835045,-3.272003868628509
7.405038235623442,-3.2600922905670338
7.408379212314779,-3.249396018584413
7.412112199742633,-3.2388771224107438
7.41552568830792,-3.229483861681515
7.420321140889585,-3.2217490483799494
7.426533999353993,-3.214866529672703
7.431603742336353,-3.2079811823023916
7.437935410365578,-3.202503185119209
7.446202790196181,-3.1973577811999867
7.45405985986354,-3.192750266096984
7.462882306538818,-3.1880991027507664
7.473566811792633,-3.1838607763878892
7.484570771068933,-3.180382560024084
7.4957746442793525,-3.1752440401505675
7.507237559668638,-3.1705329815602283
7.519440283967575,-3.166464565367106
7.531612990936503,-3.161252294474706
7.543056796237135,-3.1564061354352964
7.55435823946195,-3.1509152881591507
7.565908196300015,-3.145611770498679
7.575975181926226,-3.1401401944254212
7.585728491999553,-3.1345854174243337
7.594990344086813,-3.129422951131
7.60327713685289,-3.1241433471480256
7.611222031263791,-3.1189571888433076
7.618622374106083,-3.1143885361899475
7.626075130218326,-3.11050520764095
7.632268382384567,-3.1066672797440256
7.637487562399966,-3.1032580959419898
7.644562083419806,-3.1014956732675385
7.650117645203308,-3.099975586859497
7.654575171643422,-3.098288151208401
7.66089087894837,-3.097889403775861
7.665715954079584,-3.099133039075493
7.6702793563581,-3.1001462161574262
7.674990724836314,-3.101602216671564
7.679848911720668,-3.103838481077093
7.684617660763015,-3.107753858451121
7.688685660374777,-3.1120768733203357
7.692634166269916,-3.1173409163203285
7.696395770294368,-3.124188426538537
7.699071556505382,-3.1320560586695128
7.701407898175433,-3.1394822752004847
7.703934324079057,-3.1479820062017843
7.705713666364588,-3.157123574991456
7.707638771825202,-3.165429424472078
7.710121611320904,-3.1737008181594573
7.711541686869232,-3.181212064427469
7.712687872416091,-3.187720675573473
7.714191457258476,-3.192352075989311
7.716105325436434,-3.196744882267368
7.71701814180286,-3.2002949594159835
7.717766255028465,-3.202481337277954
7.7193821153608475,-3.205467656750881
7.7212648845338006,-3.2088931855053375
7.721425009459479,-3.2105259993837403
7.722216381131365,-3.212188020759039
7.723769222713977,-3.2140990409079073
7.724985137002352,-3.2155195546842426
7.7261723900970996,-3.214471094485581
7.726824857028843,-3.2120671637526104
7.728004542663329,-3.209066031648734
7.7285013043325685,-3.2032700904291107
7.728474580489881,-3.195777327300736
7.728815822793665,-3.1879394140816943
7.728853641135492,-3.179092413374051
7.728810405143024,-3.16992524462631
7.728467436651488,-3.16186334725433
7.72890498183103,-3.155014959770967
7.7288522509614745,-3.1495598986582807
7.728923410287372,-3.1449118260092566
7.729309245513116,-3.141525726880437
7.728978343370991,-3.138793917617737
7.729135731737016,-3.135731975977244
7.729854872769662,-3.133251423574455
7.730721029302756,-3.131368933964471
7.731501096820389,-3.1275672290573477
7.733066091834771,-3.123129969488324
7.735500187412389,-3.1190786268328807
7.738088311213073,-3.1136862261086264
7.740634022667658,-3.1076022855920646
7.743719482159815,-3.1019365534422048
7.746501639458972,-3.097101403163905
7.750042402119888,-3.0923463726830653
7.753499438088452,-3.0882517909813676
7.7569026002066686,-3.086613403628015
7.761834260008864,-3.0865695245475697
7.76671677268411,-3.0862736139660893
7.771198248841849,-3.087182272667079
7.777029772055927,-3.0889671295323193
7.782974317553077,-3.089645773956997
7.788543481650442,-3.0900231952225194
7.794572446153949,-3.0913071798370484
7.801153594745269,-3.091604416020549
7.807118087641177,-3.091178279385576
7.813861775820847,-3.0918004941602564
7.819467816262481,-3.0910420007910466
7.825162307048435,-3.088731423113693
7.830957886005996,-3.086451080467243
7.836517721345044,-3.0847488379015906
7.841567225711739,-3.081031909946529
7.845996970747321,-3.0762741126860655
7.85089921935955,-3.073440223438466
7.8558120311612125,-3.070635674360984
7.860231448107791,-3.067189728051682
7.864813589504049,-3.0658046532689824
7.869606682992606,-3.0654534342589503
7.874394242736426,-3.065109522784016
7.878027380899029,-3.06486957679537
7.881543653795051,-3.0661824901234884
7.885817987789295,-3.0688951525495862
7.889373628041822,-3.0711454235594013
7.891886748589663,-3.07387090788136
7.8950874834305385,-3.0778299093780097
7.89864051072573,-3.081059609128489
7.900910700401792,-3.0832445075984576
7.902930877623588,-3.0858224934847502
7.905701735298433,-3.086846380176791
7.906744513393988,-3.085825541038923
7.907747647112332,-3.083390780432022
7.908889949168522,-3.0793102233393026
7.909256324303147,-3.074400888764173
7.909324120510611,-3.0686312290673188
7.909598230269617,-3.0628087881515937
7.90845901862617,-3.057066859533639
7.907526803972697,-3.050441218941974
7.906179393760979,-3.0449849124424917
7.904892216055647,-3.040254476931506
7.903939060106941,-3.034853818025487
7.901803158198533,-3.0289605586967605
7.900692353475402,-3.0229373048196333
7.90053513642083,-3.0165795786394995
7.899738277559987,-3.007791614062137
7.899299259199813,-2.9975336716622114
7.899520411606862,-2.986743802886818
7.900161415556436,-2.974469333280911
7.9000906720023085,-2.960512285916211
7.8994042012943595,-2.9460736298299945
7.900556025356621,-2.932248354187959
7.901627817110179,-2.9171008142468127
7.902129749459798,-2.9026207583695336
7.9043522485292685,-2.888924024478083
7.906842921635328,-2.8744984398905573
7.908646369038255,-2.861187986002131
7.912447596186532,-2.84831499228413
7.916306210738313,-2.834384770440003
7.9204483090918885,-2.821673436508048
7.925877155718157,-2.8096397296688265
7.93192163844898,-2.79831358344325
7.937950453403719,-2.7877478276192154
7.944190885190945,-2.7796703505856026
7.951799992709467,-2.7732715693378616
7.959202841943563,-2.7685317493879635
7.964685942054723,-2.764912825449488
7.97047776556986,-2.7615495357363784
7.977285155866859,-2.760678644289934
7.983670952405801,-2.7599047597946336
7.988895603957116,-2.760608957050611
7.99504615271229,-2.7637879022363756
8.001637150951694,-2.768307140274078
8.007656545782051,-2.7734527067497825
8.013800218260865,-2.778777675111111
8.021500412339266,-2.78491321337208
8.029542358606156,-2.7906262253013434
8.036817693346164,-2.794036613572075
8.045454324561726,-2.7979816213944426
8.054546660681414,-2.8007725046000194
8.06237587082338,-2.8027888230742044
8.07180790281012,-2.8053922477474313
8.081672820122693,-2.8071939467300546
8.090954600522387,-2.8094608922830355
8.100882939297751,-2.8117278652236593
8.112100840322178,-2.814319228137259
8.122486805447666,-2.8175852815385576
8.134121682733403,-2.82068707882175
8.145805568649067,-2.824176478803657
8.157730221394857,-2.827647362898523
8.16983530104574,-2.831291222076598
8.180983421647046,-2.834031729538207
8.193215420653326,-2.8372501753109636
8.206024431407277,-2.840368985056336
8.217056340514214,-2.8421581724428973
8.229344008248876,-2.8437603372397446
8.241770531281395,-2.845220915994939
8.253793137796652,-2.8468792670782266
8.265400944958825,-2.8466027676867656
8.276066392461896,-2.8467836708760585
8.287145239207057,-2.8476855442862683
8.296577165155886,-2.8472165616420395
8.304626217668394,-2.8465846264456527
8.312430142590344,-2.846661959085279
8.31865254931083,-2.846512175895022
8.324098398563283,-2.846104916398287
8.329264789613479,-2.845738111065397
8.331989986772253,-2.8465635571619474
8.333833487249304,-2.847542503994836
8.335292092471015,-2.848925747505755
8.335256591462352,-2.8522990171666267
8.33496505251547,-2.8556559440507
8.334519359791678,-2.858582558147145
8.334456871126251,-2.861684344779195
8.334188150403417,-2.8656710706347037
8.33381630448033,-2.8674258366838443
8.334964199880735,-2.867984353260117
8.336122291825104,-2.869969533340889
8.336407025592797,-2.8694104595210113
8.336462154880167,-2.8681219739539743
8.33732458495246,-2.865923079356505
8.337825079426203,-2.8628389448552345
8.337548157920343,-2.858538931340963
8.33637071684823,-2.8523967302951774
8.33433407286178,-2.8484316593690298
8.330588827708764,-2.843146430573001
8.323315546795772,-2.8358655873474623
8.315422905659746,-2.8324963056500807
8.30465244215953,-2.8275982208765487
8.291619467295128,-2.823411913644453
8.277341522237872,-2.8193504479689433
8.259592966010246,-2.813512179426426
8.240756860136463,-2.8090183464298746
8.220664728710828,-2.8013524905949114
8.197039009390746,-2.793105868898299
8.172792605289736,-2.784266853874167
8.149068619094175,-2.7732087161514474
8.125172251920324,-2.7613507844514538
8.101354139171951,-2.749207455726957
8.079482186224324,-2.7357054653737483
8.05813578084257,-2.7205063550361097
8.037951932256256,-2.70739313314028
8.018656722387082,-2.6946987988352635
7.998731557663975,-2.68218000000187
7.980301849656758,-2.6718892374271985
7.961595314588001,-2.6630901362415726
7.942765416461637,-2.6550933798652965
7.923080177585095,-2.646800941614276
7.90252462459043,-2.6386088947030566
7.881653383359632,-2.6304092211480192
7.859527831653816,-2.6210046107653033
7.835217197199722,-2.6101391385569195
7.810593477388116,-2.600315390734434
7.785781689804371,-2.589888151770542
7.759308334312452,-2.5786932037633883
7.732997666426099,-2.568384357400045
7.706677203410281,-2.5575291122601644
7.680722000260615,-2.545125488115683
7.655221992329988,-2.532674259228336
7.63133626717183,-2.518795539053806
7.608701133842599,-2.5025704330140797
7.587026662850862,-2.486187498843517
7.567189859698492,-2.4692573526017862
7.547148199706117,-2.4519716612988547
7.5285948162553,-2.4327430522065967
7.510984937322289,-2.4140576443327135
7.494270239622608,-2.3967730182965528
7.477610413470531,-2.3769693406413848
7.460993898868357,-2.357100163313616
7.444816906445131,-2.337728190278795
7.429592930518643,-2.3181226598124387
7.413834199926589,-2.2970156188854545
7.398078337158154,-2.276121453739748
7.38360430033788,-2.255678693889668
7.369014983744084,-2.233437391097443
7.355645808120808,-2.2121003717798726
7.344610296676815,-2.192832608719745
7.334239836770956,-2.1718440436350077
7.326596345053612,-2.1528631218681227
7.3199262374518215,-2.132010401585421
7.3157375428647375,-2.1116675955784525
