x,y
1.0207914127965279,-3.872255427233831
1.0280815148326143,-3.8679681092699645
1.0358616479400893,-3.8634360658354887
1.043748594590445,-3.8587934960880803
1.0514652266573548,-3.8541097655075016
1.059841125231085,-3.8488147048518493
1.0687376685336376,-3.843103407084414
1.0773844948163862,-3.8371747112653503
1.0865462397503511,-3.8303439039857228
1.0964690585682093,-3.8229043627035364
1.1039999611324347,-3.812896140007776
1.1118374246731744,-3.802513914806363
1.1204869154682926,-3.791466167767749
1.1288661746994924,-3.7801151922540064
1.137733499835747,-3.7684219977962563
1.1469929910412568,-3.756079979435507
1.155914165565837,-3.743188456894739
1.1653219132880663,-3.7299051117081605
1.1750271736345945,-3.716497192454323
1.184383613038935,-3.7030131145604295
1.1940423611059927,-3.689284351120023
1.2039463866800697,-3.675437816479331
1.2135389199933444,-3.6614092397609643
1.2233930178610644,-3.6472634018306396
1.2332849019319811,-3.6329750711432873
1.243316715906056,-3.618803379388447
1.2536085069471516,-3.6044205995769065
1.2637292816711605,-3.590246648895868
1.2727569169752442,-3.5752907791371347
1.2818257596464007,-3.5606258165827924
1.2901480122604168,-3.5454005280992296
1.2987154138850345,-3.5298629213811323
1.3072513138415434,-3.5142921503887434
1.3156111939526858,-3.499006049778915
1.3235242304494759,-3.4840912701769837
1.3316788910471873,-3.4693898639795138
1.339422508621486,-3.4551076815969
1.3468467193164404,-3.441091800751024
1.3543601559570195,-3.427152953811272
1.3615619942740345,-3.4135684348356787
1.3684486786141161,-3.4002222560494872
1.3755562412428775,-3.3870736595662967
1.3819302447721213,-3.3746801074450077
1.3878172999473322,-3.3627275095206857
1.3939066630294539,-3.350956979560757
1.3994691768709684,-3.339734387131676
1.4048321546379197,-3.3286105140724125
1.410412041823012,-3.3176834890149434
1.4152085307346687,-3.307645911921723
1.419459710292179,-3.2980500745718704
1.4238141992113764,-3.2888201830594
1.4261993041517438,-3.2787100175919583
1.4282729516839323,-3.2688137071264647
1.4302412932961652,-3.25883029933505
1.4322929958126966,-3.2489861433785947
1.4337651523690358,-3.2396960876440697
1.4347687295097413,-3.2307870225577324
1.4355815113740538,-3.2220493567102557
1.4357658023536268,-3.214076188591105
1.4351573113740568,-3.206386484034932
1.434978774574995,-3.199018328589653
1.4346741338379125,-3.191877454972579
1.4332223621871354,-3.1851273581125645
1.431997815200213,-3.1787534050058013
1.430162682694744,-3.1728777064660183
1.4277028239544842,-3.1673292276256837
1.4256605550415737,-3.1622419980711935
1.4230723473390317,-3.157600943598993
1.4201036438709629,-3.1529912676729186
1.4173884923490732,-3.1485787293498912
1.414189931248376,-3.1445619262644424
1.410704608085897,-3.140609025908223
1.4073109382110318,-3.1371089239880936
1.4028993850018507,-3.1327660677258993
1.3980011276760336,-3.1289067384852234
1.393091358341323,-3.1250366533455147
1.3880108230347228,-3.121297483451622
1.382748627688877,-3.117712593236098
1.378130410028718,-3.1148510732206094
1.3733386155496994,-3.112191521853206
1.3682816872546582,-3.1097503185855415
1.3628625938905694,-3.1075549044363013
1.3573397441954826,-3.1055854416862347
1.3515972243988552,-3.103797075190853
1.3456472990436625,-3.1017491524182867
1.3395367612108544,-3.0997607149038147
1.3332193397727383,-3.097943007247857
1.326695993720768,-3.0958829333611044
1.3199454295077049,-3.0942522952402514
1.3131767090162607,-3.0926372088151313
1.3060401467794538,-3.0907608395246045
1.2985901107578224,-3.088986424075097
1.2911224703413309,-3.0872267114718572
1.2833448127947393,-3.084930636047163
1.2751745443160243,-3.0828142645658
1.2668404676200828,-3.080977112040085
1.258098583301915,-3.079091577284199
1.248483721529078,-3.076300160692485
1.2387359005587772,-3.073618142750664
1.2286395930080578,-3.071351536356325
1.2182306466969164,-3.06852652140336
1.2087778354300622,-3.067599348410295
1.1989404766463134,-3.0671279875223334
1.1891591484696675,-3.0667013147980584
1.178958423791584,-3.0666200262823584
1.1682739230086943,-3.067260475706334
1.1572526890449328,-3.068025612494436
1.1459085330913201,-3.0694826250042557
1.1343555926340039,-3.07118335269081
1.1230373782187775,-3.0730999586778593
1.1112273483372477,-3.0754364755170656
1.098871840279502,-3.078353154678713
1.0869090454214902,-3.0816289182099688
1.0743282331735295,-3.0853895013913717
1.0614359893782686,-3.0895177909928497
1.0487329473470408,-3.093818387316599
1.0356461007373388,-3.098425235296478
1.0221396248725243,-3.1034973410009865
1.0089164749537236,-3.1088261294106783
0.9951796351485763,-3.1145887829983776
0.9811031309292749,-3.1207732784384583
0.9670930186897654,-3.1270171329514707
0.95229291649097,-3.1319988178523106
0.9380816106197685,-3.1381662262118666
0.9240195267340554,-3.1442507954002346
0.9100880856744736,-3.150452007263156
0.8958799534926494,-3.1568940782092905
0.881561759216759,-3.1635253957605856
0.8676255315045632,-3.170498912614709
0.8535351759873008,-3.177541476597862
0.8398892427255096,-3.184579402526965
0.8261577344461177,-3.191848581477353
0.8128493035716552,-3.199172150837055
0.799218861386045,-3.206784323541675
0.7860888627900448,-3.214840041658423
0.7729232290320486,-3.222948762657329
0.760389026936234,-3.231326803622397
0.748171203968726,-3.2398249321399697
0.7364314915466837,-3.247818997444028
0.7250759986160774,-3.256020797710346
0.7139981712095971,-3.264600440352338
0.7032232913982255,-3.2728630294383803
0.692495612415473,-3.2803955768858715
0.6823024982520854,-3.2882092536070138
0.6727816314471384,-3.2954613626457445
0.6638573318136395,-3.302415706822005
0.6552684903967804,-3.3095122887482793
0.6477025503086375,-3.3170301928433994
0.6406051695514369,-3.3244825564559193
0.6337308305242697,-3.331673541807337
0.6273806489121939,-3.3390223821588116
0.6216231800187612,-3.346124777939663
0.6161820888790023,-3.3528557831842996
0.61095975508778,-3.359513567595637
0.6063563816810755,-3.3659720677141736
0.6020485870062523,-3.3720832634662874
0.597659530445576,-3.378414162787906
0.5943742682256071,-3.3844376743200932
0.5911982531991262,-3.390332041285335
0.5881323648149845,-3.396089598360448
0.5856536648850933,-3.4016003502521133
0.5833997997900715,-3.4068461008880244
0.5808894808625021,-3.4121725750112897
0.5792454326868473,-3.417094727471346
0.5776570371017462,-3.4219503830706466
0.5760625582853703,-3.4268358012778233
0.5752570996277495,-3.4318019247494473
0.574850494396881,-3.4364305521182814
0.5743484216358976,-3.4410079897485537
0.5740327827393774,-3.4454286753148824
0.5742557746251601,-3.449497503906812
0.5742836138614745,-3.453938609519291
0.5751283265625122,-3.4595424726307824
0.576578406353194,-3.4651998536531283
0.5779371113043904,-3.47089010107178
0.579064975262276,-3.4766307592223615
0.5806655221803315,-3.482366703126816
0.5821831739269673,-3.4880713884861136
0.583426976849297,-3.493807307166531
0.585360012980538,-3.4995926204597425
0.5870954790700557,-3.5051773203075944
0.5888594549992423,-3.510787054341566
0.5905649350223724,-3.516344445472455
0.5922643180667923,-3.5218850711075356
0.5937200268660868,-3.5271945946054024
0.5956622985665766,-3.5326318701359174
0.5972687633545039,-3.537562574934815
0.5986374079759601,-3.542772032738057
0.6000275891613697,-3.5482762991176156
0.600826418720207,-3.553749498698977
0.6034091420504417,-3.561072061469204
0.6057931497950562,-3.568589120620969
0.6085249298177083,-3.5766101144429325
0.611080430494042,-3.5848079917381246
0.6130972791833839,-3.5935132706917114
0.6150110223489054,-3.6021283318613144
0.6166769288934703,-3.6109726881288955
0.6177617186284966,-3.6203750744492447
0.6185769337049258,-3.629542581614467
0.6196087608426695,-3.6384816272338023
0.6204519139649182,-3.64758104997233
0.6212019187539761,-3.6565989585039884
0.6219519475308676,-3.6656245881780114
0.6223470988566235,-3.674971974252138
0.6225016277021791,-3.684205088502288
0.6229056070588327,-3.6932073690129608
0.6234736846786627,-3.7020769183054214
0.623629375631238,-3.7106833303229863
0.6239540549367847,-3.7192414982546014
0.6240574183940407,-3.7280131017024
0.6237748724468848,-3.736861685005999
0.6236829018672838,-3.7455863820526205
0.6236281265756601,-3.754344295956953
0.6252377791949318,-3.7650324312679344
0.6272718683870682,-3.7755631623710135
0.6290698353928055,-3.7862932086071885
0.6305405183027633,-3.7966399372576314
0.631970149799744,-3.8069129200823073
0.6332715243815941,-3.8173395881153303
0.6351315555150938,-3.827748460040253
0.6366630626047517,-3.8381961765087307
0.638526300694293,-3.848247646533769
0.6406498750798155,-3.8584492400911605
0.6424889118794552,-3.8683218302826794
0.6444454501445042,-3.8780992540843635
0.6468464637360765,-3.888005604820684
0.6490190016255833,-3.8977176856284994
0.6515467037223404,-3.9071418642650455
0.6544124213518332,-3.916584886494904
0.6570663027098267,-3.9255326402130333
0.6601590437737384,-3.934125407765741
0.6633692738610144,-3.9425191543465585
0.6663222682193555,-3.950796129175016
0.6697853078619992,-3.958661653201488
0.673226690348652,-3.9665265573789217
0.6774441978633096,-3.975371256988163
0.6818553938140438,-3.9840247256704737
0.6867870940681197,-3.992197375011122
0.6914521642570284,-4.000143137183966
0.6963541138366004,-4.007922120977928
0.6995806639593201,-4.013701259091241
0.7029518286695594,-4.0194205979060245
0.7061907340867416,-4.025181950945197
0.7097753936805907,-4.030666768228066
0.7134480460039134,-4.035863332664887
0.7171580685330426,-4.040830365772461
0.7209844701494572,-4.04570550524192
0.7249752126647483,-4.050266138189324
0.7289083074158744,-4.055064521813997
0.7327841720305227,-4.059910403142641
0.7367013181702936,-4.064758935939203
0.7405250401780349,-4.069603803867174
0.7443122893725075,-4.074456768548343
0.7481923356890217,-4.079197258655206
0.7520186997152121,-4.084027732331209
0.7558080377489848,-4.088826888742472
0.7595662946818206,-4.093649346310798
0.7632846367806061,-4.098545282189034
0.7668282768061332,-4.103292489674914
0.7712489937449808,-4.108831891308419
0.7756413491417197,-4.114396355899582
0.7800267640969207,-4.119868140406382
0.7846677356460827,-4.125252688873193
0.7873645842241619,-4.12857246867553
0.7897656679825759,-4.131904169074644
0.7923179294258743,-4.134928869994701
0.7945221469957746,-4.138148246675007
0.7968353599002107,-4.1412257738745994
0.7991753204400465,-4.144027393896771
0.8011805956107049,-4.146667433265895
0.8033725313415926,-4.1491623885723845
0.8054424854259323,-4.151693328716393
0.8070789610751858,-4.154214627831358
0.8083159274605118,-4.156678258990676
0.80956746757017,-4.159130902192462
0.8102000103997642,-4.161056208018118
0.8108729062439991,-4.162932940062843
0.8115025704079968,-4.164844605404634
0.811445381820596,-4.16617128505922
0.8110379105036956,-4.167925473739564
0.8103043385165585,-4.169939410072857
0.8102205456394757,-4.172685659039161
0.8099053211933048,-4.175132131302858
0.8094483520678011,-4.177692175478845
0.80908759150484,-4.180199072010755
0.8071817899045629,-4.181065602547173
0.8051506720222452,-4.182084556623817
0.8026494919694852,-4.183476948468486
0.7998364406833656,-4.184604915675785
0.7971054185720723,-4.185632169536824
0.7946192841743316,-4.1864644147082055
0.7917747118750943,-4.18699272334462
0.7893169711353578,-4.187094428935882
0.7861325384632143,-4.187007441610907
0.7833435995569101,-4.186752158554027
0.7804597092512952,-4.186611263978883
0.7774219357461676,-4.186237844663315
0.7745145442853156,-4.185853784665352
0.7720408028019599,-4.184939943290031
0.7691278246618686,-4.1836912582109065
0.7664899975277525,-4.182181456560406
0.764147814844727,-4.180323252507681
0.7616102150897792,-4.178299047516681
0.7595019342957562,-4.175931184269673
0.7578238158191656,-4.173037666873511
0.7558473336857426,-4.16980175073804
0.753603529754453,-4.166273279219281
0.7517172135706817,-4.1624166451797775
0.7503582603303804,-4.1581267731638665
0.7482206413182244,-4.152493112295696
0.7465486321659004,-4.146406455156143
0.7447356584723003,-4.140165698135304
0.7431432129579086,-4.133418650096146
0.7418531574295413,-4.126426919841794
0.7405752732474072,-4.11917706840419
0.7395955707652025,-4.111790850827203
0.7388294046394699,-4.104230704931901
0.737999730093241,-4.096889310980809
0.7374931751399998,-4.089398889815333
0.7372822035888651,-4.081668738452625
0.7369364650740527,-4.0738054450392065
0.7369390865091698,-4.065631225367596
0.7372827675272976,-4.057180346798128
0.7379390457229675,-4.048793566362444
0.7386569409864372,-4.040361839845061
0.7399582873052304,-4.031959988959091
0.7410119783163454,-4.023424873660736
0.7404456086781932,-4.012942568595052
0.740526509193893,-4.002681620012579
0.7409900770398011,-3.992029728568254
0.7412454502765556,-3.9811403724835928
0.7410414059905068,-3.9694147630325505
0.7409507330432238,-3.9577841960707034
0.7411010383598259,-3.945956912718404
0.7411133372938258,-3.9342604249958963
0.7412874608712093,-3.9227007123872006
0.7414096745870081,-3.911169077697753
0.7416398094039773,-3.8995480811051952
0.7421959735299488,-3.888205764554604
0.742829361233883,-3.8768116246597
0.7430917262881005,-3.865745059432237
0.7434979081612693,-3.854800864156393
0.743378485775108,-3.844361911173394
0.7439222428491284,-3.8340959558843966
0.7442056213334217,-3.8241221486467594
0.7445605801689558,-3.8141028231673557
0.7450333119403086,-3.804360788327064
0.7452705174621772,-3.7948097045072426
0.7452153280723014,-3.785620057816932
0.7455199163806356,-3.776863356353338
0.7431964748558252,-3.7657377692019445
0.7406844781648689,-3.7548660510789853
0.7385261744450604,-3.744302742646139
0.7361461654812921,-3.733885352643913
0.7334330813205505,-3.7238647199303254
0.7310214345999737,-3.7141849833534955
0.7287902559806784,-3.704926984412079
0.7263234127962009,-3.695863770019565
0.7236178862788992,-3.687478816272115
0.7210570817913846,-3.6793545981138127
0.7184210079631008,-3.671365492401564
0.7159009481751603,-3.6636022135414166
0.7131097526584661,-3.6561647197015765
0.7099571006988218,-3.6490257734295155
0.7069448100217636,-3.642010225754291
0.7037187357215515,-3.6352519651285746
0.7007137209365202,-3.628314506574161
0.6976148350283654,-3.621296198293361
0.6943830004141406,-3.614438311214309
0.6907978069563707,-3.6078729724035914
0.6873128457151964,-3.6013958784141193
0.6837140056832316,-3.595121932422823
0.679881097994567,-3.589114807191221
0.6760659142166597,-3.5831236571254603
0.6709135362802463,-3.5755924931042813
0.6653831301923757,-3.568362947343936
0.6599104281461383,-3.561184602363832
0.6561630723348522,-3.5558266030675725
0.6521142203874482,-3.5508275819082624
0.6478756194783271,-3.5459709664623142
0.6438181094293411,-3.5413790434352133
0.6394988924246271,-3.5370326147455313
0.6352073023699156,-3.532710443634143
0.6305922559611106,-3.528657798343956
0.6260458548724693,-3.524526506141475
0.6217174814087042,-3.5205856581608246
0.6175388074974452,-3.516522901245126
0.6131903380041819,-3.512662983685708
0.6088769978537363,-3.508833761053283
0.6042481033196735,-3.505268209765564
0.5997866646858341,-3.501507782492561
0.5954340155836735,-3.4978423186118
0.5912708502950097,-3.494021749670601
0.5868953979526336,-3.4904538000551937
0.582573887775802,-3.4869328870363008
0.5778931539111148,-3.483712585419831
0.5732927020040104,-3.480429569728565
0.5688837346240344,-3.476964839695736
0.5642126997174978,-3.4732072578809174
0.5597136067321037,-3.469250479384105
0.5572726775874994,-3.4680618256648774
0.5548209009583795,-3.4669751422383173
0.5521854647416441,-3.4658104283838975
0.5494377315084955,-3.4647733398613774
0.5465871248606856,-3.463625967887167
0.5438620154921091,-3.46233936713886
0.5412688217129957,-3.4608997369736922
0.5385682380257024,-3.4594093279252163
0.5355764086756061,-3.4578730621433
0.5324706437912345,-3.456486600131426
0.5291060247399244,-3.455065624925918
0.5258271321090121,-3.4535445125441573
0.5224543300959928,-3.452134078520338
0.5190592019899047,-3.450476618700258
0.5155704045727169,-3.448858397146295
0.5120937721335249,-3.4472263082003827
0.5084692076368557,-3.445691920664694
0.5049950680288908,-3.4440734397291415
0.5013016226268002,-3.442712277946051
0.4975468101956319,-3.4410717612850332
0.49373838062728653,-3.4395499504607683
0.489663756058494,-3.438075636196476
0.4857539188809296,-3.436323497864596
0.48203425195935146,-3.4344703951985185
0.4795514466584182,-3.4340322135059043
0.47705487987757844,-3.4336553855325627
0.47467849756154273,-3.4334401017167586
0.47219192161475304,-3.433226538357576
0.46986673732341083,-3.432824026936047
0.46768787384222205,-3.432314919877788
0.46554996879866367,-3.431735883106471
0.4635834889439029,-3.4309562249245036
0.4618022571327799,-3.4302702288619757
0.46011355573431,-3.4295202405850693
0.45836129657575825,-3.4288443908509825
0.4566938591494517,-3.428161559860019
0.4552062483365213,-3.4277501995556316
0.4540380132612251,-3.4269656127911374
0.45300344074669713,-3.426136636315104
0.4523177645447287,-3.42525756044816
0.4515534964174207,-3.424470271612228
0.45078794020687435,-3.4237784504933373
0.45040893261465886,-3.4233899424824803
0.45020219719964394,-3.422800232487217
0.4500565483034166,-3.4219850946689165
0.4497360563245183,-3.4204735542823097
0.44975012935375447,-3.419211130332456
0.44990171550147523,-3.4178027953506867
0.4502849170052066,-3.416703646110359
0.4508622513461637,-3.416001875238906
0.4517117137857404,-3.415059648307746
0.4526570396509078,-3.4139440739767855
0.4538906528847357,-3.41299742267471
0.4550872065577557,-3.4120818425700334
0.4565986963925583,-3.4110340825465237
0.458042608023117,-3.4101760296269594
0.45976893172356015,-3.409081134997615
0.46152614946541803,-3.4081189762790833
0.463554031218047,-3.4071847309143717
0.4656509656164791,-3.406192518510842
0.46792686329647876,-3.405291698905579
0.47004385956952605,-3.404427191538085
0.4722849061982548,-3.4034489320891823
0.4747360560153484,-3.4025435401709685
0.47732499949053053,-3.4016377590665487
0.48013768972876786,-3.400539596751087
0.48290975470697467,-3.3995200132701218
0.48558613171665255,-3.3986325080406736
0.4884074984875107,-3.397574397310746
0.4912972170324529,-3.3965455428432314
0.49443886285393945,-3.3952538721312413
0.49772760772352437,-3.394113463566752
0.5011970263353549,-3.3928952022929337
0.5044159917521434,-3.39191764583699
0.5078522829655878,-3.3911307323241413
0.5112771128631481,-3.3903160457201986
0.5147863390435053,-3.3894130505040154
0.5183731117998915,-3.3885786756492418
0.5220613359700673,-3.3876652517950885
0.5256958532804281,-3.386768359009858
0.5295731528193147,-3.386084891919917
0.5332488490503768,-3.3855938536673396
0.5367996649077985,-3.3852348902797584
0.5403782547243938,-3.3849010442571754
0.5440475433417777,-3.3844737732745727
0.5477706691691027,-3.383966683474875
0.5513111585524313,-3.3834044542557353
0.5545701597608275,-3.383171171236862
0.5576975653041937,-3.3829617233291933
0.5606305070377643,-3.3826911833074136
0.5634734558555048,-3.382324945214637
0.5668860150419598,-3.3824850816898557
0.569794906597645,-3.3824423371802674
0.5724443275597481,-3.382551241638389
0.5750113960661447,-3.3827287393023857
0.5778090852031509,-3.3832116641849717
0.5800787249095734,-3.383676165697541
0.5819334859927672,-3.384543623561563
0.5838297803872151,-3.3854048831803425
0.5854541224120465,-3.3859632092921608
0.5870216697707467,-3.3865814947619386
0.5882978457932575,-3.3872020192846635
0.5891785997194651,-3.387782662362688
0.5898467477526281,-3.3885408675737514
0.5901809606480858,-3.389411578868894
0.5904779615696015,-3.3902155202111874
0.5904819227873047,-3.391264136388339
0.5902940679246407,-3.3920391146576634
0.589930173016159,-3.3926775845719543
0.589351489714826,-3.393495355294057
0.5884787906242583,-3.3941200096489204
0.5875701858265051,-3.3949019574134556
0.5865182307701413,-3.395803556758107
0.5852954623793726,-3.396665990287029
0.5846443482116058,-3.3981830803899973
0.5838570480625368,-3.399788788853099
0.5831641396673273,-3.4012970649386833
0.5821456295902707,-3.4025200660473818
0.5809805500637829,-3.4039160306158864
0.5797704807046449,-3.405593983921878
0.5782964180420046,-3.4073583289155276
0.5767768883304945,-3.4090573179861767
0.5751713253857917,-3.4108281765106603
0.5734230534778967,-3.4122828180807194
0.5715823080763145,-3.4136100925934425
0.5695394183089917,-3.4151060053551636
0.567270246032055,-3.416510393005514
0.5648388518286335,-3.418052760941866
0.5623084150948653,-3.4196776757175456
0.5595126303112935,-3.4212433023655198
0.55630286390219,-3.4227664762146555
0.5530852270052546,-3.4240646334618914
0.549855904019217,-3.42534362967403
0.546374867916687,-3.426842497563042
0.5427686831568437,-3.428303114788541
0.5388417533966974,-3.430065685788186
0.5348496241826622,-3.4316692566487923
0.5309727264750729,-3.433095368552298
0.5268803626019991,-3.434357337268731
0.5227268941143802,-3.4356517692483823
0.5186307948407439,-3.4370791677493067
0.5139003646070947,-3.4378262015618364
0.5092599539106065,-3.4384973158788488
0.5045932070562746,-3.43935092209891
0.4995883607233735,-3.440049559569818
0.4945543765280186,-3.4411149892093182
0.4898102686469433,-3.4418400099403894
0.4851282308118748,-3.442196765562283
0.48040673853883503,-3.4425570705157544
0.47555014437562637,-3.443074340736469
0.47045146217965483,-3.4433479592946616
0.4652150468532092,-3.443978538978372
0.4601370485823503,-3.444422650203913
0.4550546403665086,-3.444413160728356
0.4501762251208489,-3.4444669319980803
0.44515913815983005,-3.4446813913137215
0.4398756362530039,-3.4446547026614778
0.4346806043381106,-3.4449727355443938
0.4292764241256538,-3.445533628713868
0.423537572501905,-3.4456346847794452
0.41815153692970614,-3.4458921880503435
0.4118806354933489,-3.4449406652867816
0.40567299158094994,-3.4439293631747123
0.399317585208222,-3.4427906742940433
0.39226063052281196,-3.4409862370288313
0.38500813215818414,-3.439408076389718
0.3773767896175256,-3.4376586510491753
0.3700491339811369,-3.4359663207282343
0.3628154232441899,-3.4341447435096546
0.35543541709819154,-3.4322992625143134
0.34805614845672694,-3.4304631972341504
0.3404539010762478,-3.42888481289978
0.3325148072050158,-3.4275887597293826
0.32479661086041506,-3.4264848410190316
0.31706596033143464,-3.425394134565254
0.30961560707412894,-3.4240661312397638
0.3020102873997253,-3.422604770662052
0.2942975711372873,-3.42126633310094
0.28624525168742404,-3.420213234541887
0.27819293218388297,-3.419160981332993
0.2702119281374915,-3.4180904927415408
0.2609257357970794,-3.4155059185958256
0.25159676356445065,-3.4129571141534987
0.24220573402880666,-3.4099136683558067
0.23270899653986943,-3.407163264992531
0.2232565050430508,-3.4043748411513906
0.21346328483182664,-3.401292039056911
0.20349821109469504,-3.3984475242040757
0.19378826565687518,-3.395823665343588
0.18390923666648137,-3.3928623908469056
0.1741069360676195,-3.3898110523539495
0.16453498553507745,-3.3867708693049954
0.1547688966230557,-3.3834820416048332
0.145024437545132,-3.380166441247027
0.13564787488263144,-3.3769830042476636
0.12638229807700768,-3.373508000232044
0.11715631063417765,-3.369985482079724
0.10843505093214555,-3.366354277138216
0.09945358668618794,-3.3624630869032046
0.09063210288896044,-3.358385845034241
0.08212172857591163,-3.3544975050719272
0.07386807600441074,-3.3503587059325954
0.06567879025547918,-3.3461438800570544
0.057989655743326415,-3.3419676651522527
0.050264654074369385,-3.337875411622268
0.04111752980910965,-3.3318815400346815
0.03244224823778953,-3.325885325732034
0.024101422617449773,-3.3199121666501634
0.016174970583610802,-3.313512989115319
0.00897287682420824,-3.3077364293172002
0.0016618877379029674,-3.3020548131437795
-0.004418333569014981,-3.2971656711209114
-0.010335010965644018,-3.292450919040835
-0.015859042179188324,-3.287863997472695
-0.021132169321910536,-3.283009590057038
-0.025996808152430627,-3.2782636354677823
-0.030372400979438562,-3.2735991601450314
-0.03462293860506307,-3.268990400823931
-0.03871672520435181,-3.2644212746435546
-0.042441340143102725,-3.259684585407985
-0.04579236420392877,-3.254737619788371
-0.0488103292624617,-3.2496529072973064
-0.05126278294019845,-3.2440812234847303
-0.05380134868319304,-3.2386447120273973
-0.0563734414592945,-3.2332037278519548
-0.05885474966731322,-3.2276853175151996
-0.06086819490917986,-3.2223083035046636
-0.06272028925397685,-3.2165748193594923
-0.06535573369485055,-3.2093256231357286
-0.06749354888256824,-3.2019682988818112
-0.06945145065577099,-3.194409585900328
-0.07005655761795782,-3.188412139449879
-0.07052306612036831,-3.182295359145987
-0.07069651168595785,-3.176413312038052
-0.07088629028157538,-3.1701341642736525
-0.0706173136427708,-3.163457741465646
-0.06988544048883184,-3.1569451053106854
-0.0690181708228212,-3.1501695399777336
-0.06813071385405539,-3.1433773675992995
-0.0673032445067367,-3.1366893978110544
-0.06651716835641971,-3.1300540472482656
-0.06592967036914635,-3.123436290267886
-0.06499096807345553,-3.116899186270767
-0.06413735473618228,-3.1100604242799905
-0.06347327432934073,-3.1033674929274766
-0.06286621901940133,-3.0966266342426496
-0.0622406407054649,-3.089881604892065
-0.062122518216976015,-3.0832442407659313
-0.062226810502049305,-3.0763402167061704
-0.0626810118816234,-3.069248745786686
-0.063082022369827,-3.0621128033703586
-0.06360334579734131,-3.055148663396126
-0.06447637635289662,-3.0483218246051345
-0.06542110341559079,-3.0415202608280008
-0.06629358417386412,-3.0346018298879605
-0.0659728551759541,-3.0291247228984464
-0.06586438830895762,-3.0239026514190295
-0.06595893454452056,-3.0185444317186945
-0.0663541937742696,-3.013266112193066
-0.06708050317290407,-3.0077990444538747
-0.06774101064045447,-3.0022746169634353
-0.0688567554348903,-2.996887854506601
-0.06994015876596132,-2.991106051932479
-0.07095345520612742,-2.9852628058773116
-0.07238187856519289,-2.979433000838112
-0.07415760389759017,-2.973422627884756
-0.07597315934275126,-2.9674465694431795
-0.07818341682196067,-2.9613850416869223
-0.0803580403942368,-2.955082036529068
-0.0822678441033789,-2.948545752749101
-0.08481008602519348,-2.941884326459906
-0.0878055284667545,-2.9348272435329372
-0.09107236660433565,-2.9280017801030764
-0.09416242754148724,-2.920994475233826
-0.09734573945838415,-2.9139052658613114
-0.100415158822389,-2.906675344405007
-0.10340849143022766,-2.899408466035172
-0.1064834870813541,-2.8920696137409774
-0.10818979398311794,-2.88564866396503
-0.11024076079771909,-2.8795297955548467
-0.11245787909286963,-2.8733871413243195
-0.11453598791814248,-2.867223655236468
-0.11641268205400693,-2.860880823250654
-0.11847610077672964,-2.8543923911855495
-0.12027926740691369,-2.848039831701651
-0.12216436550044608,-2.8417098682424187
-0.12435093774211708,-2.8353517744034
-0.1263627307278462,-2.8289353019013594
-0.1284004773154098,-2.822541319806463
-0.1302465453194814,-2.816159252703997
-0.13199768070657605,-2.8096916285583093
-0.13354938618145437,-2.803179820681418
-0.13545210883222292,-2.7965832724609694
-0.13714640537560902,-2.7901539916649707
-0.14000477350882426,-2.782267516861349
-0.1424293454735212,-2.7742409465446713
-0.1450981379654656,-2.766252916480566
-0.14737297864566265,-2.758256752251244
-0.14926636531411266,-2.750895589127522
-0.1511075558797227,-2.743579319032905
-0.1530567449007163,-2.7363577001746906
-0.15481552031336374,-2.728923569105371
-0.15644913831381663,-2.7213016137695925
-0.15810621489334878,-2.7137330295356694
-0.15987750681526422,-2.706266795783061
-0.1614573965720317,-2.698967849579759
-0.16315774049301082,-2.691771343837959
-0.16475733302468576,-2.684467031953509
-0.1663277677041966,-2.6771876011374935
-0.16770254027075523,-2.6697217398983364
-0.16900519280160312,-2.6621557371357554
-0.17012894643826063,-2.654764470504775
-0.17161861512726115,-2.6474748719474306
-0.17329048529067848,-2.6403451067140367
-0.17463227373607784,-2.633325607941668
-0.17584782447743091,-2.626294236843881
-0.17689730110932686,-2.619057105888876
-0.1775829354496385,-2.6119680821512246
-0.17979447556622882,-2.6034763799799516
-0.18236338423050252,-2.5952397268088063
-0.18450222059320154,-2.587351525659908
-0.18625133533298988,-2.579712002789322
-0.1879641510212247,-2.572149350503701
-0.18960419750047447,-2.5644926999357702
-0.19090547211169714,-2.5567385378386525
-0.19228337879880988,-2.5492444369227143
-0.19389488273795838,-2.5419611106626046
-0.1949783980940906,-2.5344357140789127
-0.19629963446464116,-2.527256678550054
-0.19728211897389664,-2.5197737080330818
-0.19807220758364802,-2.5122885717610206
-0.1987751746631092,-2.5050230841152077
-0.19957344898649798,-2.4978444550849432
-0.19996031020191837,-2.4905684287411183
-0.200444118412642,-2.483299587263663
-0.2008444020386275,-2.4759970566636857
-0.201020940098035,-2.468813467536144
-0.20111074171708437,-2.461921531680265
-0.20114207817684318,-2.454976941257488
-0.20103234901558467,-2.4481815082915297
-0.20077148256601374,-2.4413812629654252
-0.20183421265152843,-2.433351516462834
-0.20260698025587895,-2.425487702034297
-0.2032830907549669,-2.417538936463583
-0.2026143006446929,-2.4110650117814685
-0.20234475385358847,-2.405028512280113
-0.20197667153616053,-2.399101440176633
-0.20174907626810312,-2.393408586781649
-0.20131541772417122,-2.387491679447883
-0.20046853159023004,-2.3816366643572926
-0.1996566109816887,-2.375735786283296
-0.1989528558838975,-2.369954011947245
-0.19817022634052134,-2.3643761952445663
-0.1974236725110312,-2.3590047865270285
-0.19669313469628652,-2.3536519212151954
-0.19566782058282095,-2.3482997813540663
-0.1945291931057255,-2.342804086992224
-0.19341192666875526,-2.3373326205584846
-0.1922921528372891,-2.3320050964818018
-0.1912010303713454,-2.3269153533787827
-0.19031650065734923,-2.322061665965144
-0.18932203586480995,-2.3171090343869
-0.18815464991891126,-2.312312394652772
-0.18685045968576744,-2.307367553646944
-0.18578874773021486,-2.302644124713676
-0.18458531390472654,-2.298049113872339
-0.18429887804012213,-2.29303328668698
-0.18423643017702168,-2.288222747698194
-0.18282143110027832,-2.284973134447134
-0.18117148324600935,-2.2819350097066815
-0.17966458076685313,-2.279038079439226
-0.17816804078727624,-2.2761431607900513
-0.1766730393311133,-2.2732479067585767
-0.1754991360591911,-2.2706710425029017
-0.17446603452299794,-2.2682081826342815
-0.1733925898467471,-2.2657824414743315
-0.17224284278237065,-2.2632876408275457
-0.1715275873821499,-2.261266027115097
-0.17097288717375908,-2.2591009671606286
-0.17077069483350027,-2.2572572557625707
-0.17054635629396545,-2.255389856330502
-0.17039829393841108,-2.2534545160065194
-0.17009773812999568,-2.2513807312359844
-0.17006702043410732,-2.2496008999786388
-0.17005849581928925,-2.2478015243448612
-0.1703258782242162,-2.246253879871153
-0.17072862575360284,-2.2446649626047197
-0.17128012532558515,-2.2428320572101383
-0.17162070648416772,-2.2408074292869555
-0.17195684566925962,-2.238764523785458
-0.17202441888533432,-2.237181776292198
-0.17087431665970867,-2.2369235276125536
-0.16982610777709964,-2.236667097587685
-0.1689546899996324,-2.236584530670228
-0.16807385946845457,-2.2363075227523437
-0.1669366904355116,-2.2359903767492084
-0.16568368762556387,-2.2355492302350553
-0.16447357784390493,-2.2350410329994115
-0.16324984662762396,-2.2347143012653166
-0.16219643899364847,-2.2345426621093942
-0.16119457863183775,-2.234496546325995
-0.15982901231565352,-2.2346673939781354
-0.15828040745270305,-2.2346518867983662
-0.15675368433620787,-2.2344836528609884
-0.15490923086216898,-2.234550283876205
-0.15308672363855,-2.2346146160211657
-0.15137407417935672,-2.2348203667905757
-0.1494342705035656,-2.2353428929485766
-0.1472357613563878,-2.2356293954675226
-0.14523008087949513,-2.235894404038129
-0.14293683467314855,-2.2362394816916007
-0.1406851325446487,-2.23662192808576
-0.13829942331367848,-2.236815127139429
-0.1356622180476618,-2.2376038354265737
-0.13283592277207731,-2.238307901707181
-0.13001890743121927,-2.2386489509768643
-0.12663583723690575,-2.2397875565383787
-0.12279989220347945,-2.2411037442825683
-0.11899383044982587,-2.2424415876158625
-0.11546498068269216,-2.243689108664634
-0.1116378373522247,-2.2450553088496115
-0.10779347491667839,-2.2464134495267416
-0.10409481756765201,-2.2478174726853526
-0.09989371471060735,-2.249355314298918
-0.09578592246544615,-2.25099245368667
-0.09212329772914173,-2.252861391892998
-0.08824758970938752,-2.2550134025062003
-0.08443771871052969,-2.2572105092201364
-0.08062573185276571,-2.259639147883167
-0.07665423977375434,-2.262421946343066
-0.07309517309072754,-2.2656549079642674
-0.06958111400032879,-2.269501452906504
-0.06650773802459109,-2.27377988734665
-0.06355991544722764,-2.278164080391405
-0.06027577990281097,-2.2828509065930436
-0.056634109230348055,-2.287960905988526
-0.05304273856856293,-2.293313201103808
-0.050050390237379026,-2.299216548345526
-0.04704446144244438,-2.305608535989484
-0.04433933374074515,-2.312342074241101
-0.04241279344805197,-2.3189455158467887
-0.040295145633362256,-2.3257368415049613
-0.03828130770109127,-2.332748344260989
-0.036554611848498106,-2.3400024962953334
-0.03472976717702282,-2.347545640707553
-0.033733636232191944,-2.3556946890365253
-0.03265889713142363,-2.364118843423127
-0.032050188297784846,-2.372959696993587
-0.03177393692650325,-2.3819673359723286
-0.031277079727025724,-2.3911706944198414
-0.031054610495931514,-2.40061752394251
-0.031351988550439525,-2.410023094707493
-0.03144197109525518,-2.419828844373888
-0.031845442660622586,-2.4299128441498024
-0.03281737929678142,-2.4400418323408655
-0.0338308649719109,-2.4503763887710024
-0.03509522210611534,-2.4609330130211298
-0.03659029545834427,-2.47134135295752
-0.036641970692750894,-2.483707975599251
-0.036586125816008175,-2.4959602730417223
-0.03682165077107583,-2.5079504257362797
-0.03730473890146433,-2.520199962385292
-0.03807117099398997,-2.5327337588132686
-0.0392616145321839,-2.544800814830069
-0.0405778871168015,-2.5569090443184463
-0.04189163750872795,-2.569013170738607
-0.04322477774789991,-2.580940637578734
-0.04491590115031233,-2.5926176885888745
-0.04654761395562898,-2.604240413483392
-0.04820391519660558,-2.6156813005571338
-0.05023322192465145,-2.6271076513192946
-0.05225658610069742,-2.6385277697993397
-0.05413870130199307,-2.6498955057997007
-0.05632377878247299,-2.6609517828775933
-0.05855603475352614,-2.672049213070341
-0.06043787206704109,-2.682825522040227
-0.06270722196740305,-2.693509078923063
-0.06500507153393775,-2.7042171905007115
-0.06692908209251804,-2.7150254626102215
-0.06899059532607466,-2.7254751801034476
-0.0707400872025585,-2.7355791002857783
-0.07244084045627469,-2.745088492564766
-0.07200530362070598,-2.7567833174884684
-0.07163453697329579,-2.768536901648237
-0.07129547290120587,-2.780263922181957
-0.0714503409812308,-2.7917061897915123
-0.0712594612761714,-2.80316650066975
-0.07080177049058671,-2.8143919583443924
-0.0706756756723661,-2.8254350975875595
-0.07006291700662506,-2.83629544275102
-0.0692323273503323,-2.8469645906825787
-0.06885685911073425,-2.857743706937269
-0.06801053755611441,-2.8686226154799983
-0.06704531779558752,-2.8793979221068384
-0.06634066535468602,-2.8900459233659035
-0.06482049551008622,-2.900075083447556
-0.06357849066516527,-2.91003064576391
-0.06194469345022193,-2.919657197485667
-0.059766512699249756,-2.9292933263088243
-0.057897949137385746,-2.9388158886568143
-0.05577286557230845,-2.9481425011493405
-0.053294718442410516,-2.9573508873419367
-0.05115671900804391,-2.966306327045802
-0.048673893554695334,-2.9749355048846966
-0.045796400495281775,-2.983352570131327
-0.041798774921958916,-2.9928507079747138
-0.0375595701155408,-3.0021770824329335
-0.033345975952906615,-3.011421123021453
-0.03081813820622564,-3.018884437182934
-0.028221750008539576,-3.0262638394921524
-0.025544503350363672,-3.033714285840439
-0.02248124227015427,-3.040781070414883
-0.01923719035985347,-3.047678417709692
-0.0158775891005785,-3.054676786299002
-0.012540240262918586,-3.061675572619989
-0.00937051406193332,-3.068813226403363
-0.00603962697691021,-3.07588338199774
-0.002353422525694898,-3.082552730261903
0.001254890381633169,-3.089290410238426
0.00494357547712329,-3.096098113685399
0.008932250871853106,-3.1025667042574034
0.012761186241418697,-3.108744987520684
0.016915612426152214,-3.1144884409701517
0.02089969891776818,-3.1201262632197078
0.025066816326760385,-3.125606208005891
0.030053786939299054,-3.131937789745457
0.03542381379827231,-3.137906069194603
0.04071056254406612,-3.143439563064501
0.04578767652578035,-3.148708764363602
0.050713519403951135,-3.1537915356199515
0.055794143190658445,-3.158698648842108
0.06109705509342361,-3.163270830675105
0.06405311519664296,-3.165093824456327
0.06720809606170927,-3.16675422469213
0.07012408766701701,-3.168212569123159
0.07302755807702978,-3.169421314872361
0.0758792000006386,-3.1702856546344966
0.07932168516567635,-3.1706412424124437
0.08248668561481617,-3.170647258711513
0.08552762146468539,-3.1704344571255323
0.08874516821095449,-3.170070121894091
0.09187299720036085,-3.1691171697375045
0.09475134233440781,-3.1678215155462435
0.09816445113698137,-3.1660654551702656
0.10135283618647586,-3.164012292336586
0.10464409685421401,-3.1616256141819488
0.10816675217159205,-3.1590397363248846
0.11232572839415923,-3.157041563251918
0.11581361493056527,-3.154457000806215
0.11934707948647608,-3.1518462930148243
0.12307677485006928,-3.149035637148787
0.12651457157945625,-3.145967684012868
0.13016652258646783,-3.1426629403050375
0.133749026769491,-3.1394471578450873
0.1369879545459642,-3.135928502417291
0.13909610690679103,-3.1311448838205362
0.14115156549113286,-3.126365565610307
0.1430781788978754,-3.121471026319105
0.14504243822969257,-3.116549660278864
0.1470155483440915,-3.1116469754428926
0.14878336582083715,-3.106561930613107
0.1501774429204954,-3.1017968038285106
0.15129778034571015,-3.096893156185389
0.15232332808208282,-3.0919165655917826
0.1532574660789144,-3.087070388023677
0.15405437242021394,-3.0821635161775305
0.1544743846715937,-3.0776792344971127
0.15461126531076652,-3.0735153294803683
0.15457821381483647,-3.069064151371335
0.15450295681140863,-3.064688785147199
0.15412559804431292,-3.060654798450325
0.152720968511149,-3.0557150264643402
0.15077330445306597,-3.0510246937720877
0.14883869344323916,-3.0465816576911267
0.14651596750252918,-3.0425431010302133
0.14304140293447637,-3.037370178544942
0.13909002154776134,-3.0326072417971623
0.13530775004228154,-3.028233899241363
0.13146645380017757,-3.0238927843126486
0.12761268132867945,-3.0198765241790766
0.12332009841031263,-3.016355835580014
0.11869683470385033,-3.013083923629324
0.11393625373787943,-3.010579834778265
0.10903165422955209,-3.0082373982473642
0.10410573287043855,-3.0058710743885313
0.09915710502103184,-3.0037621701098836
0.09375902536316692,-3.0021607254669886
0.08816294533225302,-3.000939830713666
0.08251573150692366,-3.0003475160247715
0.07646128993713473,-3.000215034007376
0.07025138623556573,-3.000209785977329
0.06422414181098905,-3.000652496981857
0.057908395437985934,-3.001420690285765
0.05135410960017229,-3.002495943178885
0.044799272506662303,-3.004057939491747
0.03629149259501313,-3.0038996875451978
0.02721456217994319,-3.0043504042492093
0.0173366862278786,-3.004179548387042
0.007591091408396058,-3.0045976271990082
-0.00222511646869881,-3.005216862714207
-0.012427984430003473,-3.0061746198407473
-0.02276831554934918,-3.007818861563366
-0.03362153767004239,-3.0099603286708985
-0.04455394330808624,-3.0127109905365206
-0.055893518570223344,-3.016226269936104
-0.0668615428971175,-3.0202342748013513
-0.07777513240069865,-3.0242324962592186
-0.08899789660964516,-3.0286905768657815
-0.09978064804194887,-3.0334747363655463
-0.11094404893445589,-3.0386624613620126
-0.1224673064869334,-3.044557073065264
-0.1333474568577183,-3.0507007443326635
-0.14413462583669442,-3.0571927011994773
-0.15511624469989904,-3.063856121212297
-0.1656932227848704,-3.0704705708449938
-0.17651208558538573,-3.077574367558257
-0.18804473445694692,-3.0832328363016925
-0.19999633642600254,-3.089269886832693
-0.21139516252406376,-3.095773772589502
-0.2230218269717517,-3.102552789695342
-0.23463130711120112,-3.1092786433533193
-0.2450095582674164,-3.1173658620413605
-0.25557935163718876,-3.1259936930976204
-0.2661193508874742,-3.1345957159874214
-0.27639873198490955,-3.1428857584858623
-0.2870610555515598,-3.152173053292373
-0.2977599202123135,-3.161492406812353
-0.3080384205739359,-3.170984423816384
-0.31868299044041665,-3.180906668110867
-0.3295080458193004,-3.1909868265757635
-0.33962078555771585,-3.2011166809037896
-0.35018473445348175,-3.2117936941130125
-0.3609857644223578,-3.222677739807313
-0.37081889166234216,-3.234025806334718
-0.38103969664343007,-3.2458547601791015
-0.3917028994299572,-3.258069566166421
-0.40137761518291526,-3.270514023856484
-0.4113640185225911,-3.28306695641962
-0.4217506436928388,-3.295967696495219
-0.4310501360408732,-3.3090724755315457
-0.4394301785004856,-3.323226284374842
-0.44811642474729435,-3.337642996521376
-0.4569024392197826,-3.352168035358853
-0.465165094018092,-3.3671165685764786
-0.4737503546219122,-3.3823409190788256
-0.4806646568542471,-3.399539234880589
-0.4867789149134704,-3.416528970161575
-0.49293404767364046,-3.4337027265195514
-0.4990313308417051,-3.4508038538063865
-0.5046182269028252,-3.4679763393060195
-0.5102143996269742,-3.485147556926268
-0.5157322106646219,-3.502010604821826
-0.5207969026894407,-3.5187010240833825
-0.5260041271513479,-3.534974504596471
-0.5306810982791921,-3.550802739925854
-0.5355648895992821,-3.566445497631489
-0.5405064158200857,-3.582092870882938
-0.5453619992284693,-3.597741546946943
-0.5504961207480741,-3.613146972317021
-0.5556799905086786,-3.6285158209761215
-0.5604198945609659,-3.643526375781062
-0.5654646085185357,-3.658273784097021
-0.5704334438032296,-3.672912810392951
-0.575499365523521,-3.6877087370908614
-0.5779738427317834,-3.705611058764164
-0.5803378607536231,-3.7233176486486426
-0.581923680909999,-3.742445434164103
-0.5831720813194565,-3.7612140625984405
-0.5845944868933121,-3.7796342857293266
-0.5858255234450465,-3.797834192291262
-0.5869218328906655,-3.8158914677911677
-0.5882301067387457,-3.8339153190709583
-0.5895005515165226,-3.8515401621014984
-0.5906005063798394,-3.869015511567346
-0.5916556486723659,-3.8865238383981247
-0.5919108212792407,-3.903108297603089
-0.5919122375921677,-3.919485181906202
-0.5923649336929272,-3.9357052629353984
-0.5924723055287856,-3.9514601888613194
-0.5921325112622614,-3.966802819129671
-0.5924872146412309,-3.9817475035355994
-0.5922181980222652,-3.9959775268116378
-0.5877961764344877,-4.013711080315195
-0.584194244237058,-4.030426785329085
-0.5801896259320445,-4.046686451332403
-0.575609614427582,-4.062461941652068
-0.5717433751614316,-4.077664402751393
-0.5674184603818239,-4.092346857829579
-0.5621327793179218,-4.106221757660105
-0.5578566857042485,-4.119286650215658
-0.5544450142027743,-4.131245707621566
-0.5504423064145324,-4.142711396526977
-0.5463559298605186,-4.153598008246086
-0.542813463524646,-4.163997451923109
-0.53826923074578,-4.173559583594669
-0.5340559612195598,-4.1828232612392915
-0.5300359394422772,-4.1916257942772175
-0.5254763429642495,-4.199981983915147
-0.5209048449707732,-4.207987945239835
-0.5166273805356935,-4.215571045818978
-0.5118115753988747,-4.222709862968764
-0.5067090239857726,-4.229641658459024
-0.5013243164743376,-4.235991010967041
-0.4954494387505403,-4.241936980668652
-0.4894079511562844,-4.247832348488278
-0.48329343907831157,-4.253166958977867
-0.47533591793732316,-4.260299379411244
-0.4668350810887513,-4.2668850122334705
-0.4582788627109977,-4.273514895675559
-0.4490405567112538,-4.2794758835304405
-0.4392832829948576,-4.284973849205109
-0.4296690377807423,-4.2903550443602985
-0.4196515203380469,-4.295303565004651
-0.4091757074648563,-4.29978282806919
-0.4014945437485705,-4.300914549934622
-0.3929160995496975,-4.301259533505433
-0.38421447424428024,-4.301271906852005
-0.3751852255412771,-4.301078707228713
-0.3659783633926774,-4.3006444413087905
-0.35678902442808097,-4.299977325801147
-0.34712152794745244,-4.298940500085406
-0.3373578119790529,-4.297827691091495
-0.3273423341948402,-4.296631716009488
-0.31710139504899704,-4.295253533752209
-0.30671903253636257,-4.2936506477463325
-0.29658609267140057,-4.292099708534973
-0.2863033531585678,-4.290416024060549
-0.27562248008592594,-4.288315074537486
-0.26477247374542634,-4.2863435559692356
-0.25461155197765,-4.283737114183632
-0.24403031407903558,-4.281056913086526
-0.23349485986344354,-4.278436428062725
-0.22657358805067757,-4.271524997120694
-0.21958000445711096,-4.264966963497951
-0.2122450286278464,-4.258009781624959
-0.20495315910827244,-4.250986710042511
-0.19733950955793556,-4.243759376899864
-0.18991595987348445,-4.236755125722352
-0.18283509261602351,-4.229791772282456
-0.17541200040028415,-4.223020743198346
-0.16789277711438028,-4.21613770348802
-0.1607992557609259,-4.209114312681215
-0.15311783762051798,-4.202015051917828
-0.1455940874132889,-4.1945893142467705
-0.13835267754623234,-4.187396594795187
-0.13101319314571808,-4.180280169786516
-0.1238610776744893,-4.173383658962987
-0.1166850734162712,-4.166467097381592
-0.10936070676855361,-4.159668151623264
-0.10187518826834223,-4.152680919489414
-0.0945742537979945,-4.145846097796601
-0.08750074352528696,-4.138821206032323
-0.08064519965564777,-4.132052088768789
-0.07488328496011849,-4.124371408474332
-0.06918061959961723,-4.116639401809301
-0.06325333441200957,-4.108718085954633
-0.05913417349739979,-4.0987096228720405
-0.05518894910723567,-4.088844514214438
-0.05112225021154635,-4.078481363201999
-0.04758499414952738,-4.068357811242989
-0.04417902888866798,-4.058342223036382
-0.04073855197285798,-4.04827103007296
-0.037839007320990076,-4.038403811090233
-0.03496869890547101,-4.028559724138839
-0.031977458368229676,-4.018514393702511
-0.030050330719238152,-4.008717847901798
-0.027525982379877367,-3.9985881230705256
-0.025286497567021397,-3.9886917939684277
-0.023390319058052444,-3.978894479760196
-0.021186528455119914,-3.9689981887290755
-0.019277433872466176,-3.959345749652098
-0.01761401576682152,-3.9494920801705953
-0.015713983365606126,-3.939514931825865
-0.014067786067485447,-3.9297480505031364
-0.013773129488008781,-3.918836897569096
-0.013299305193144805,-3.9079775170516355
-0.012979053816557859,-3.897245813057734
-0.013059111882334279,-3.886699473736975
-0.013065643389187757,-3.875814245621344
-0.01225688395205817,-3.8654950170910585
-0.011739394178221863,-3.8551766227745836
-0.011297711750456935,-3.844945117966864
-0.010678906919499097,-3.8347007274965583
-0.01016709281429603,-3.824431706575227
-0.00979559694024508,-3.8143243412791965
-0.009029960011701803,-3.803988241650577
-0.008679075697976591,-3.793781473283466
-0.008178667089281557,-3.7833995675089724
-0.007451397181992234,-3.7730726901242466
-0.006675237470123593,-3.7628705593360845
-0.0058510943130383715,-3.7526115675794602
-0.0043543170808188775,-3.742288435070118
-0.0032893495448509196,-3.7321716591328613
-0.0016313160202702241,-3.7219222348306453
-0.0001217401858612216,-3.7117773986385143
0.0019595990536959294,-3.701578676612433
0.004098320175685668,-3.691312924644454
0.00398597335125813,-3.679063329463832
0.0038710126557174843,-3.6668129430185816
0.0037888472948550177,-3.6546157244768196
0.0037594994573383607,-3.642343132338232
0.0036814148581220544,-3.6300303397315083
0.003711412055640133,-3.6176862768892657
0.004595614972662593,-3.6064228608195057
0.005407174872916281,-3.595097582890453
0.005982129762187243,-3.584071042861322
0.0065725909049550064,-3.573281073428831
0.007006635665913096,-3.5624359017376155
0.007215447271883569,-3.551871724062207
0.0076822897594264455,-3.5413901840330246
0.008014145962817413,-3.5312422252684015
0.00847660651070232,-3.5209952472250787
0.009088243862100085,-3.5110053132594543
0.009730164536362922,-3.5012538902567374
0.010006795667762428,-3.4918577853225248
0.01127164979925116,-3.483038477681064
0.012050336229320575,-3.4746337083703933
0.01335707588899755,-3.466691949533387
0.01490824129620901,-3.4587767864691443
0.016106512022555163,-3.4512157123183895
0.015419053987121288,-3.4418443011585067
0.015314157719182967,-3.432973729262848
0.015142541473937201,-3.4241832214814156
0.015012143807783625,-3.4153610083337034
0.01648979883783105,-3.408222065154181
0.018133590744241153,-3.4008946776070736
0.019790212101143363,-3.3935584532273237
0.02178897024511338,-3.3865184725837416
0.023581722872217582,-3.379716203523377
0.025231189647106328,-3.37303847249137
0.027328965046140633,-3.3667483628839117
0.029518933266711317,-3.360354379824769
0.03172545697678572,-3.3539481582720048
0.03413654712993525,-3.347721157992127
0.03642590089785821,-3.341654989158028
0.038430840560836066,-3.335917945421001
0.04085696373773989,-3.330042686963863
0.04292087451879141,-3.3245830046423417
0.04496041874855177,-3.3192419227668157
0.046887931795950945,-3.313828419029217
0.04857795724513194,-3.3086877273260704
0.0498916488505172,-3.303866241168173
0.05153195735029652,-3.2989241694621936
0.052471341914419455,-3.294747106675169
0.05316987898245459,-3.290294865114273
0.0537140179105621,-3.286255759681529
0.05416986980842314,-3.2823011526863066
0.056605152314381284,-3.2804945769239806
0.05912631144320879,-3.2787631769535936
0.06136424385728895,-3.2772747462272487
0.06351872572991073,-3.2758813240224938
0.06606856845809897,-3.2748301164279647
0.06813731177057156,-3.2741913965521228
0.0701321269742605,-3.2736365020507887
0.07221981440194014,-3.2734149467002105
0.0742174983265333,-3.273209558019588
0.07619873706403643,-3.2729859854968812
0.07855239777877984,-3.2730849460487974
0.08085761591232131,-3.2732169007301914
0.0828526614585003,-3.273632931335448
0.08494098219751889,-3.2741302173314275
0.08698281550999556,-3.274630182398923
0.08906745538451037,-3.275073707761726
0.09106419586409094,-3.275442056170987
0.09325938320770079,-3.2756432663127
0.09470509423531838,-3.275766514832675
0.09628726428979936,-3.2760317252919964
0.09825342577766223,-3.276875887015796
0.09986497071570388,-3.2781246363298218
0.10177067642777653,-3.2791204050334044
0.10524491748663764,-3.281931481978777
0.10830053140669682,-3.284549472823454
0.11117230985439626,-3.287350416384941
0.11388773634328685,-3.290149454696904
0.1160432261230333,-3.292799127633166
0.11781386586844843,-3.295542386567122
0.11954380548482278,-3.2983202876691355
0.12098871601769022,-3.301022808063459
0.1222509162501534,-3.303555905159071
0.12351514451534529,-3.306087257817688
0.12437009007910726,-3.3084827852963836
0.12517594971313833,-3.3110577313376317
0.1258697814342669,-3.313728514361308
0.12640624272528117,-3.3163050411343304
0.12694312888804393,-3.318986184220709
0.12726716057776163,-3.3217663365310752
0.12746942812909384,-3.3246003975107805
0.1280352729995011,-3.3274617579421504
0.1286046018620842,-3.330224829218927
0.12921653958337959,-3.333025010381324
0.13097719399747335,-3.336977510862529
0.13243327641110697,-3.341194972745859
0.13386748757096328,-3.345796104185969
0.13567429778518245,-3.34996891220256
0.13774152418713828,-3.3544195585481447
0.1396046144839819,-3.358694113938221
0.1414925366165777,-3.362958733180847
0.1432961794344787,-3.3673086309556033
0.14483007549142304,-3.371426033699358
0.1461501716106993,-3.37578827766315
0.14765475926914656,-3.3799991733141272
0.14893878069410588,-3.38402021787654
0.15036636452629973,-3.3879308704980957
0.15167322395709998,-3.3919391772904506
0.15287419822859613,-3.395605856560613
0.15364319158154557,-3.399770833020695
0.15440561266026107,-3.403942112404313
0.15500170991474718,-3.407970766892796
0.1555588751514311,-3.4120450718919098
0.1562414838438551,-3.416013632783849
0.15663116857937884,-3.4197308151198835
0.1568228691952801,-3.4236771915516915
0.15681560970503303,-3.4277932808918274
0.15726145502658706,-3.4324394035549872
0.1577386474037396,-3.4370557998354117
0.15830133790503711,-3.4416294654555917
0.15866428611418554,-3.4460326333385183
0.15793932543786998,-3.4495424119768794
0.15742135093662551,-3.452813718731098
0.15684652900766546,-3.456241528295829
0.1565179567746925,-3.4596837141413626
0.15612323731473143,-3.463202801203485
0.15592596078004797,-3.4667340724629017
0.15558139744759944,-3.470524377028189
0.1554545239747146,-3.474013061342348
0.15546676171705193,-3.477621401427865
0.15548657385674428,-3.481223631905466
0.1555584189894512,-3.4847660185791365
0.15591572978998341,-3.4885533930181865
0.15603359657247073,-3.492543504750169
0.1561908515344586,-3.496488207396052
0.15616987407434685,-3.5002803287492776
0.1561203448724075,-3.504096759202554
0.15615964929308426,-3.5078105782852878
0.15610465536951815,-3.5114437868109887
0.1563517942589827,-3.5148219091888286
0.15632465838608364,-3.5185177400460548
0.1563686705060185,-3.5223586177639814
0.156289118400337,-3.5261948554433853
0.1561796544673492,-3.529983627959269
0.1551801356546909,-3.5323045317908934
0.1546292687982876,-3.5341480701270793
0.1539400043137182,-3.5357228846740982
0.1529990067521419,-3.537419847835393
0.1520819595363218,-3.539086300270741
0.15144608445227858,-3.5405893652496228
0.15055087528957323,-3.5417945498937393
0.14980395266961277,-3.5428402962810672
0.1492754012947967,-3.5440689331115247
0.14886681019455777,-3.5449773799850393
0.14819455436643142,-3.5461273678143463
0.14753987497555243,-3.5470074007986176
0.14696043567120276,-3.5478121299525682
0.1466167286001092,-3.5481657409536482
0.14639794081705626,-3.5485474388864056
0.14644001114778724,-3.5486270206492896
0.1464468804522384,-3.548449771054121
0.14643221590841252,-3.548275798880013
0.14655561495047467,-3.5479812328219142
0.14656498621788022,-3.5473813951473656
0.14673737293137537,-3.5467666828083533
0.14682999210463432,-3.5459364097084647
0.14731431341990273,-3.5447215838625667
0.14756525605811033,-3.5426731646143717
0.14755438934074938,-3.5404293277995915
0.1476242114914991,-3.5380916277213372
0.1477657991383608,-3.5357771423863915
0.14806091170088892,-3.5332978486249136
0.14854690839324622,-3.5305971643348197
0.1490422714875333,-3.527780341484783
0.14936386153322379,-3.5250117942889307
0.14997585010476924,-3.5219067214325213
0.15031594000865758,-3.518851956725098
0.15089426739409129,-3.51561554654666
0.15152374088201417,-3.512319500967529
0.1523197020809687,-3.5089396607546006
0.153111160712624,-3.5055219011790304
0.15415455809712192,-3.50181227808488
0.15508982315583011,-3.498028145925652
0.15610504944354797,-3.4939897294162963
0.15719778576361285,-3.489861121361012
0.15798506516895108,-3.4853498090586648
0.15893767176323917,-3.4806980376803023
0.15973637477623717,-3.47605103259098
0.16064687110827156,-3.4713386789298526
0.1616584364155563,-3.466540104730696
0.1624104920458516,-3.4613085285211302
0.16271685941320926,-3.4559169401168734
0.16330710041366286,-3.450394194957595
0.16357824584872038,-3.444597030687927
0.1635238573287117,-3.4391744278911296
0.16380147890395455,-3.4335685021711946
0.16361489979060823,-3.427712916921001
0.16372819790302448,-3.4217342674982234
0.16390074140445712,-3.415685401153904
0.1636306592340334,-3.409662221453204
0.16398413959796238,-3.403617990172126
0.1641802505160925,-3.3977533657054417
0.1642567454623952,-3.3917876912446228
0.16438651325425677,-3.38592961525136
0.1648354840123161,-3.3797019724059076
0.1652599683905464,-3.373740528201251
0.16577636208496344,-3.367699357029692
0.16638544354554308,-3.36177304394337
0.16721123848885258,-3.356112023441032
0.16664124625627538,-3.349273159932829
0.16650131414653863,-3.3422799769945297
0.16638923536979497,-3.3352898386765615
0.16601894836086323,-3.328519178958248
0.1661988766916056,-3.321592263678273
0.16666969996008563,-3.315073646669897
0.16716002349298326,-3.3088025055051986
0.16756846434654463,-3.302625704519105
0.16800662231656832,-3.2969723598910097
0.1685218711458608,-3.2916765088632784
0.1693378023198307,-3.286036049994089
0.1704308623652316,-3.280675124836017
0.1715952919415795,-3.275289361707767
0.17252392830716462,-3.270174918348233
0.17344614375879314,-3.2651816366401833
0.17439754793910953,-3.260263686046287
0.175208928687544,-3.2555070382189384
0.17607235916861297,-3.2505078724377627
0.17728924883017516,-3.245186528202306
0.17838583663373805,-3.2400035543226213
0.1793032397174753,-3.234895144527701
0.1804169573653034,-3.2296610104523444
0.18105695608677622,-3.224970165361564
0.18179885128454235,-3.219752152734611
0.18163601455881578,-3.2134853530464613
0.18167307532252613,-3.207094758678263
0.182286961923034,-3.201052451724037
0.18272690907786676,-3.1952747958866854
0.18325551736169285,-3.189569598028669
0.18380805878155318,-3.184046216334102
0.18412647655880077,-3.178722601188119
0.18474701179984335,-3.1737693448632207
0.18571990023235102,-3.168817341067067
0.18656768760604484,-3.163946343924955
0.1877374150387524,-3.15935111920791
0.18916108495302558,-3.1547192084823785
0.19001232754486275,-3.150607805207712
0.19098332613848337,-3.147067836104927
0.1920736490047824,-3.143945726173762
0.19323565994337,-3.1407423270318873
0.19467457478441816,-3.137653881151904
0.19593124840197906,-3.134971449526291
0.1972173700451059,-3.13225586755915
0.19854607885956027,-3.1297070455927924
0.199528096715565,-3.126696672931535
0.2004322458045886,-3.1241390064776255
0.20149338745311993,-3.1215036376677294
0.20265062110637355,-3.118786434351794
0.2035531052590283,-3.116228046947703
0.2043088544601395,-3.1133100736508057
0.20645877753330005,-3.111559678034839
0.20830831404907468,-3.1100699065073254
0.20995822528588337,-3.108601031309012
0.21197538588190065,-3.1068163207494326
0.21374307165160636,-3.105451021272455
0.2152935795948262,-3.1035679892913173
0.21706959725209274,-3.101491103398187
0.2187029239124682,-3.099470612646288
0.22001737179995795,-3.0971752415524705
0.22156242139682666,-3.094681654081938
0.22294027798831523,-3.0926190550019665
0.22410278437852008,-3.0902022034664354
0.2253898078863293,-3.087678327987227
0.2266414585584087,-3.08512423683606
0.22780281129457505,-3.082508031042736
0.22915453289844329,-3.080009819561456
0.23065035908631368,-3.0773877839465404
0.23216185279297474,-3.074979073705078
0.23386221684160458,-3.0735039538628293
0.23577266811448552,-3.0722267992781562
0.23755185382109006,-3.0711418526305088
0.2392910032768878,-3.070054174931848
0.24140227080891347,-3.0687828378697164
0.24360710030689142,-3.067870969476561
0.24677713932940298,-3.0681439274757305
0.2499278684604554,-3.068715822531546
0.2528487880417199,-3.069484982842664
0.25582169564980034,-3.0700899172299643
0.25893238108636485,-3.07082134195728
0.261923723088541,-3.0714761591434305
0.26501734714864744,-3.072013390003558
0.26844946165765154,-3.072741722973577
0.2716610906875463,-3.073313725267336
0.2746823109424103,-3.074102898673122
0.27778592154127707,-3.074970919766922
0.2807161064147903,-3.075771168047147
0.2839185081416257,-3.0762591865706934
0.28748886467294216,-3.076604581688176
0.2908789930420777,-3.0765876907381977
0.2941127655904893,-3.076749397145174
0.29729493517968747,-3.0769947847619727
0.30026982415502246,-3.0771705254792647
0.30394489698334054,-3.0780890033491044
0.3077792198944878,-3.0788459838384035
0.3119443857571208,-3.079984830429777
0.31608473797115777,-3.0808349502833305
0.32018833552575876,-3.081727275472564
0.3241064400062833,-3.082849505614024
0.32799861577671313,-3.0841073894817255
0.33172848508761293,-3.0855513906882033
0.33540369372768947,-3.0867826190066237
0.33940299881264435,-3.0878425513226304
0.34345602769455114,-3.088828449742034
0.3471106090641615,-3.089874094500494
0.35087353709610253,-3.090719920235901
0.3543922250929881,-3.091485497917148
0.3577789627586947,-3.092375688818354
0.36127221091622475,-3.0932659039285326
0.3646251982755184,-3.0940282973880944
0.3678986664100441,-3.094863766935991
0.37120305953031485,-3.095468251559428
0.3742674407185014,-3.0960262647937573
0.37705699606901916,-3.0968485729180344
0.3803017647477862,-3.0981697050144654
0.383363678312424,-3.099673270975312
0.3861800920242966,-3.100960046543174
0.38904589829143826,-3.102147361268316
0.3920413112871809,-3.1031952635434763
0.3944354902428048,-3.1035839214967984
0.39652117859275937,-3.1038905227317817
0.3985367016123139,-3.1042571615030328
0.4005856388809195,-3.104919393193898
0.40261110755825924,-3.1053675447869953
0.404368576808351,-3.106044487849005
0.4061665050863786,-3.106663945642827
0.4079252703832887,-3.10694841792797
0.409642603539687,-3.1072683095081186
0.41122382362426746,-3.1075003427277634
0.4125384506856691,-3.1077543949872717
0.4140890731017601,-3.1078073136097064
0.41513321562227223,-3.1076303394028226
0.4158701537166249,-3.107246079438569
0.4168764856295496,-3.1066321544492883
0.4174541943673687,-3.105444688954577
0.41768734839936655,-3.1044793533474055
0.4180699924094487,-3.1033863401711024
0.41797312028735645,-3.1022236874024443
0.41782498593099665,-3.1010264411441866
0.4175622599034946,-3.099925397383879
0.41737313185930364,-3.098763204456495
0.4168440428350847,-3.097300207915852
0.4162854323651007,-3.095889991570538
0.4147762901982688,-3.0939379536099763
0.41301461881084345,-3.0919364852279987
0.41097395388891766,-3.0903487852238216
0.4085536982746821,-3.0886943144257843
0.40557261435487396,-3.087538181083887
0.4025079520784048,-3.0863939177295148
0.39945085116235873,-3.085097300033339
0.39621170100963216,-3.0839407766705382
0.39270593878806426,-3.0833532178402296
0.38881713593739087,-3.0828866999331392
0.3846036143157242,-3.0826965229593823
0.3803291175227849,-3.0829048449664573
0.37566139439686363,-3.083064429961124
0.3709069337500215,-3.083634930437326
0.3659633138743696,-3.084421509939292
0.36087303957881184,-3.0851744855427383
0.3555763177821168,-3.0863517801428015
0.3500214915116489,-3.0878243196743664
0.34418964350954173,-3.089313659230132
0.33798326456986394,-3.0903498657811888
0.3314564056508467,-3.0916306622009193
0.3245092662172723,-3.0924385344985175
0.3178855109263811,-3.093168990950844
0.31103759440734735,-3.094239918173953
0.3037865645834929,-3.0957723633575935
0.29648639605138843,-3.0973173863443373
0.28881139306044706,-3.0992620490659957
0.28112360055642366,-3.101220722063537
0.27358107845086443,-3.102877132306757
0.265804305886247,-3.1044458922655997
0.2577779093555306,-3.106299430453865
0.24974248039216593,-3.1080055675712583
0.24139693154404931,-3.1099866650939236
0.23261833763605497,-3.112313588603216
0.2239389378754975,-3.114554341858605
0.21549177640535122,-3.117000241138469
0.20727658920044256,-3.119179829145034
0.1986512890656278,-3.1217113489326422
0.19045233480439858,-3.1246166863879603
0.1822625872537989,-3.127500686797855
0.1730552852903978,-3.129730521922788
0.16453781321499827,-3.132562278219229
0.15636608136576052,-3.1349728171951754
0.14815071135365065,-3.1375172267088107
0.14027596350318094,-3.1402830346385415
0.13238005592355717,-3.1430164386990094
0.12463800760375462,-3.1456190615076953
0.11682697912272495,-3.1482791504287486
0.10937710545393688,-3.1511682643786028
0.10213693420454088,-3.1538195949274868
0.09550165719943622,-3.155950155258904
0.08876460648235523,-3.1579909957369217
0.08218480816007483,-3.1598655997939185
0.07583797110581317,-3.1619346913960937
0.06977199576975147,-3.16340732104804
0.06377228555079985,-3.164805213277036
0.05807514999905409,-3.16608897041835
0.052356180699686866,-3.1669618153672703
0.04679083042627258,-3.1676604080681345
0.04120931214335357,-3.168545554569512
0.036018115349184185,-3.169144171368288
0.03088189868837701,-3.1696807241693756
0.025299862303947283,-3.1696525258713764
0.019898467480829365,-3.1694689487285017
0.014758355398982334,-3.169048272481075
0.009719300044407412,-3.168698707015606
0.00498306863257751,-3.1680880142773464
0.0006385885354974795,-3.1672602619482655
-0.003728639754613505,-3.166715586990542
-0.007799476151103341,-3.1669649456146036
-0.011097956702782972,-3.167168275304789
-0.014273885938833449,-3.1672331492703605
-0.01771936664864826,-3.1673296732833833
-0.020599224093208163,-3.167387991357545
-0.023342305506098827,-3.167291762783773
-0.02625918203534046,-3.16737566766828
-0.02840857675469532,-3.1674078130586008
-0.03057559895424293,-3.167460376154877
-0.03246454756600778,-3.1674508987460674
-0.034212970274889974,-3.16744770090687
-0.03578009114398277,-3.167246610195392
-0.03717834770741552,-3.1670339019027596
-0.03811320788263422,-3.1666854174833063
-0.03855745310513129,-3.165984097956457
-0.03907635029733546,-3.165372356912729
-0.03948996964226332,-3.1648515928901073
-0.04033471098080236,-3.1640808197356836
-0.04098530675974267,-3.163142059502054
-0.041559375039721194,-3.162074039212471
-0.04192286700659136,-3.1611544303941135
-0.04131357969712237,-3.160914899009536
-0.0408614869828762,-3.1605390712438406
-0.04023902660344468,-3.160503689643216
-0.039611037344357634,-3.160367452274595
-0.039063441395479015,-3.160337427963403
-0.038272310358318226,-3.1605178880506073
-0.03773938487397324,-3.1609220870562473
-0.037215528339344675,-3.161336425400602
-0.036307312351802394,-3.1621655318075987
-0.03552544849079508,-3.1631337643742246
-0.035274871642787385,-3.1646129339628133
-0.03450876212628113,-3.166537292885243
-0.033688505929743456,-3.168366339880642
-0.03250879616414896,-3.1704762302674787
-0.031050075804058937,-3.1726982573156985
-0.029222433913192142,-3.1752844324244176
-0.027792815851516862,-3.1782626784225037
-0.02642728686551964,-3.1817244672885003
-0.024426104368663704,-3.1854756155542354
-0.02242830819577506,-3.1892591337811425
-0.02010073410107601,-3.193781250145401
-0.01690691133210673,-3.198709538743973
-0.012973185595397618,-3.2042970373235047
-0.009513775387292455,-3.210290670050456
-0.005451965188811297,-3.2168028124753403
-0.0015828477355398574,-3.2235286474131875
0.002021836818583187,-3.230477811583538
0.006309893504375063,-3.2380144540564433
0.010878110680930983,-3.245225259903931
0.015387960834407209,-3.2524799178770953
0.020032717653696044,-3.2598489175801895
0.02446303881376524,-3.26743018566167
0.029065384017486182,-3.2748506569885
0.03380354596543166,-3.28238615163523
0.03877944479059071,-3.289690327022318
0.04386216343230576,-3.2969190263560253
0.04881040240136599,-3.3040303262413317
0.05402986007398333,-3.310867339108058
0.05899347952529736,-3.3179401589937636
0.06394116237392566,-3.324997718018793
0.06930052990306998,-3.331696794256601
0.07428092003073751,-3.3388234638708494
0.07929617200827647,-3.3459787638987915
0.0857862263275612,-3.3549632501348214
0.09234095622945102,-3.3638676015810667
0.09883661763390404,-3.3727199551129368
0.1059552336234896,-3.381682261524976
0.11301011397905557,-3.390710601412624
0.12028560779104328,-3.4001075232178883
0.12719191847328684,-3.409550349008409
0.13402025944689605,-3.4190549921412825
0.14100472526664792,-3.42869328472334
0.1477476386272347,-3.4381016867067844
0.15436463137508144,-3.4476124680883613
0.16123393923548449,-3.4572388918362726
0.16763456894800702,-3.4668692584107443
0.1739411801656154,-3.4765749205330088
0.18050877039827853,-3.486504471428821
0.18660671818716362,-3.4961398751519392
0.19247628466998623,-3.505964004344779
0.1988167800154212,-3.515813777704353
0.20476092509478044,-3.525637667203747
0.21043746026967955,-3.5356824864705816
0.21610224353185317,-3.5457511277943614
0.22155657854071092,-3.556035163868023
0.22662174240737468,-3.565990004080972
0.23452985364003187,-3.5787522122019335
0.24280015403269922,-3.5911925901393675
0.25038325477773293,-3.6033677365487318
0.25825287352845755,-3.61555455646771
0.26589308694369435,-3.62686615198188
0.2727612670038974,-3.637698825894502
0.27962821662190224,-3.6486885393272
0.2868520850052785,-3.659380309874811
0.2936988964917235,-3.6692588284588146
0.30086540308558885,-3.6790479219939836
0.3085194772737961,-3.6884316283706218
0.3154505717627862,-3.697081067862525
0.3222700314396998,-3.7058974450374706
0.32951267756342856,-3.7143643894963576
0.3362903749998028,-3.722398049943887
0.34309747822186615,-3.7303075073075194
0.34994516107067875,-3.738193922541948
0.35657358982277976,-3.7455518692515617
0.36315162098039144,-3.753153100350429
0.36997068293110813,-3.7605301393349473
0.37647323205196204,-3.7677361161420113
0.38276550358923456,-3.7751190104735057
0.39212413286565023,-3.785822993234065
0.401562051141263,-3.796595928031423
0.4106971984515297,-3.8075770399717084
0.420198506069071,-3.8181588680734393
0.4296199603932818,-3.828673621770855
0.43741447764746894,-3.837413761402636
0.4449756920809041,-3.8463406834577234
0.45262750359717774,-3.8553454309248276
0.46008346771463365,-3.8644746561256285
0.4676521544077995,-3.873494650063773
0.47522400797794473,-3.8825315711169357
0.4831022436111681,-3.891207483026891
0.4907297785285765,-3.900090826438024
0.4983233028705954,-3.9089455650484486
0.5058136460948837,-3.917926112402644
0.5134656252378382,-3.9267773878169066
0.5212215836350138,-3.9357176066283137
0.5292469972929313,-3.9443389633319677
0.537539192937832,-3.952745574343895
0.5457389497151225,-3.961073726028514
0.5539081299445573,-3.969441667676615
0.5624189549102862,-3.9775350992194585
0.570985151580948,-3.9856758319709877
0.5798981594520399,-3.9934785601601086
0.5891508808448747,-4.001033063442256
0.5996564796485253,-4.010116221944332
0.6104450366727242,-4.019167938317142
0.6212105117826774,-4.028245047864129
0.6292608000453237,-4.034242549227752
0.6374757623894808,-4.040482585638558
0.6460988443745906,-4.046395781000418
0.6543340615049257,-4.052431296398325
0.6625984329228506,-4.058714071502823
0.6708322424841784,-4.0649881619499135
0.678932103393133,-4.071270238495003
0.6872716854870752,-4.077580653089255
0.695465453077081,-4.0841080710156445
0.7032558953611056,-4.090841290930412
0.7111480060046534,-4.097969801706454
0.7187797921239705,-4.10533303996027
0.7261608183862452,-4.112969603168818
0.7335539896898879,-4.120847989297782
0.740824257004677,-4.128834705706877
0.7480043225504999,-4.137058741067963
0.755395459068439,-4.14556538452207
0.7622451292177066,-4.154575852106921
0.7686809595339817,-4.163851452903444
0.7748018403375997,-4.173769095904819
0.7814806731863343,-4.184194328682353
0.7880558097788934,-4.194775253984246
0.7912368344348982,-4.202146158502517
0.7944807807253527,-4.209570009573411
0.7972397439012135,-4.2175846620011
0.7994040640593554,-4.226070238117228
0.8016790002261261,-4.2346488939169875
0.8035678514577824,-4.243698004148192
0.8054413068980892,-4.2527582827823895
0.8071305028601446,-4.261661617251014
0.8085530802453711,-4.270890352064401
0.8094780039813663,-4.280511933816451
0.8101742617975279,-4.289939038856527
0.8104412547554987,-4.299888158226111
0.8107076035496008,-4.30964706982028
0.8106773528210028,-4.31944411793215
0.8105925384435009,-4.329307826949971
0.8101919106702673,-4.339064349120003
0.809568522081639,-4.34850424688845
0.8085806678394853,-4.3583917926995825
0.807232147163865,-4.3680857313427515
0.8056425907034706,-4.377701784690817
0.8040342423493994,-4.387341562106981
0.8022219080032901,-4.3969673834286285
0.8014284733813457,-4.407866698499052
0.800328523016034,-4.419009022976699
0.7993462290182315,-4.4301170284515665
0.7966357521437623,-4.439469733424263
0.793744232941185,-4.448671104898308
0.7908127261145841,-4.4579359414020105
0.7876786677333703,-4.467360890297966
0.7843963367392409,-4.47666235639009
0.7810738209975739,-4.485917902559325
0.7780640642847261,-4.494830353302533
0.7747347427930643,-4.503475967844883
0.7715586514840412,-4.511987712241321
0.7682841992442485,-4.520550085979712
0.7648328891350005,-4.5289653683461895
0.7614903224889804,-4.537204983242694
0.7585540898082602,-4.545007035112196
0.7552253712994855,-4.552482345170284
0.7523609305864171,-4.559478148816099
0.7496925450958732,-4.566214321762336
0.7467376764238127,-4.5727124165749
0.7440742604438194,-4.578899366636744
0.7418217996457213,-4.584696841611727
0.7392681535486681,-4.590244486523719
0.7387018313522308,-4.5973668126896605
0.7388688159308783,-4.603585267297958
0.7393058144281727,-4.609213703671364
0.7390786590260975,-4.614142284873369
0.7393003741715164,-4.618517361210442
0.7400836758767616,-4.622455915888959
0.7406506351653687,-4.626215813766931
0.7423116021564795,-4.628775150583643
0.7443589830879676,-4.630812835166465
0.7464127842089285,-4.632505151645622
0.7491840232120626,-4.63331156239253
0.7520846037769829,-4.633775676183503
0.7554489899414979,-4.63378714140696
0.7591381689806366,-4.633398134569856
0.7629987714669346,-4.632443464135923
0.7670614648757715,-4.63119654852878
0.7717444955713665,-4.629186633851093
0.7761596553316873,-4.626952293662649
0.7813522853857827,-4.624113986137845
0.7866973167771055,-4.621088493137893
0.7918892508624856,-4.617932673567873
0.7974962242732979,-4.61445462753651
0.8035328917144224,-4.610445958274931
0.8100026522162899,-4.606838175420655
0.816102298502103,-4.602794872557436
0.8227661373874473,-4.598265247082764
0.829801730061831,-4.593500503580178
0.8352810719001226,-4.586997179766054
0.841125167971405,-4.580209559407056
0.8470930971167285,-4.5731595894908095
0.8530014288817963,-4.565862306961862
0.8591818668182197,-4.558410133430804
0.8657614905408637,-4.550463336427346
0.8723983088891208,-4.542232562912657
0.879372019409363,-4.533634557063357
0.8863191955785672,-4.525069454858372
0.8928897707400748,-4.516334876708875
0.8999005556834773,-4.507512426274168
0.9071708516719581,-4.498368311051626
0.9147033752785523,-4.488525913778918
0.9225119168769963,-4.478434828811054
0.9300752881488924,-4.468493228516942
0.9375632805070394,-4.458579195612976
0.9452922871110766,-4.448436243586914
0.9512538237737781,-4.436880298472175
0.9574166138662435,-4.4250412696797214
0.963753051153067,-4.413342433258099
0.9699362280489648,-4.401845236006979
0.9758532374929995,-4.390480739644265
0.9816707767458263,-4.379238203784372
0.9858560048102322,-4.366128867197634
0.9897075531140632,-4.35343052980433
0.9933642040896256,-4.3408820548214475
0.9972202206910437,-4.328499493937231
1.000923916658377,-4.316303471485882
1.0044886848196897,-4.30421397944259
1.0079716886985683,-4.292051089362834
1.010603460663794,-4.280786302186498
1.0133181385646781,-4.269679663933058
1.0157303598949747,-4.258676342569933
1.0177931691172144,-4.248102394282273
1.0202288925094505,-4.23748019986875
1.0218821649422387,-4.2270568806653195
1.0232740234772193,-4.216953831423924
1.0248723362060368,-4.207128153454972
1.0261222993909858,-4.197479432830649
1.0270916839068305,-4.188174579774376
1.0268299563921617,-4.177374281912337
1.0261038114826222,-4.166939144532394
1.0253592036843617,-4.1564917526558505
1.0250306360166384,-4.1463133923825835
1.0240000360302042,-4.136689221781749
1.0229370907128144,-4.127307353349248
1.0217029280257484,-4.117810608749472
1.0208990250342103,-4.108716185825955
1.019781514057284,-4.100119784145065
1.0186214401389924,-4.091577063233616
1.0175560006327844,-4.0832880440334565
1.0162327726686786,-4.075195089454175
1.014741422644854,-4.0673100717859265
1.0134385397036294,-4.059577520431856
1.0119083448221544,-4.052042242428454
1.0101450608918414,-4.044794397351396
1.008728486105471,-4.037517465891122
1.006698675089885,-4.030378891757909
1.0046469073702866,-4.023290857284866
1.0028741474649796,-4.0164454501682725
1.0010123829862567,-4.009672594175877
0.9987889450467606,-4.003343796045147
0.9964915725939408,-3.9976268465227838
0.9925830610365313,-3.9908814835470525
0.988881094126672,-3.9840435354486785
0.9851838332569978,-3.9773426970708323
0.9814550409397594,-3.970887134411175
0.9792068749220585,-3.9661787215628705
0.9769387842840991,-3.9618300950400296
0.9744147056710744,-3.9576283105499135
0.971936976721553,-3.9533597024773535
0.9694322782192731,-3.9491328881978625
0.9671031127499518,-3.944767430769986
0.9647044760439292,-3.9404703265013907
0.9622503263339989,-3.9363321989263813
0.9597807123227683,-3.932207903905592
0.9571579098076203,-3.928294406549619
0.9543911277476782,-3.9245221674713417
0.9515477584568792,-3.9208125372157747
0.9488800188512295,-3.9171061939035217
0.9464172148000973,-3.9133681835631333
0.944100217792298,-3.9095147689826817
0.9416936343499368,-3.9059392768488954
0.93917765131812,-3.902378409678537
0.9363898929827985,-3.8990367913876125
0.9338559593146807,-3.895913000909983
0.9313545228740029,-3.892610784630375
0.9290926860995892,-3.889117669071056
0.926316335700935,-3.8850333901822838
0.9234855761056674,-3.881017366179877
0.9221581085264994,-3.8787118387657147
0.9206684802083548,-3.87653715454555
0.9191157660739184,-3.874473902942674
0.917531680159869,-3.8721820394324835
0.9163040431990456,-3.8695482333796174
0.9147993331924675,-3.866976145270201
0.9132825113013965,-3.864413523145549
0.9117234763993459,-3.8619101637062236
0.9097829881290963,-3.8594624681030183
0.907963887168298,-3.857210985016262
0.9061312039481955,-3.8549710134545974
0.904350152565967,-3.8527760379090177
0.9025858522933812,-3.850561490206685
0.9009016810180811,-3.848283001307451
0.8989875616051969,-3.8458046731363984
0.8967700901410043,-3.8436939692872363
0.8944935325103064,-3.8416313053544715
0.8921379742627953,-3.8394999494734585
0.8895425780709123,-3.837361774224527
0.88689137632313,-3.835304425195655
0.8843783073241741,-3.8331361268603446
0.8815639952911571,-3.8305515598054867
0.8785262546777225,-3.8281793308459524
0.8768154099175101,-3.827134443431571
0.8749101082512402,-3.8262488275686923
0.8729407079817717,-3.8253023127307153
0.8709043669331716,-3.8244096391829965
0.8688072529047599,-3.823388769691951
0.8665484776248861,-3.822276731233347
0.8642828726659898,-3.821169932889184
0.8619868713942321,-3.820192299382584
0.8597705939980973,-3.819185418286646
0.8574386346401729,-3.818271763241013
0.8552191701386186,-3.8173283043074306
0.8531200752301726,-3.816150032771448
0.850898777531569,-3.815070378506708
0.8489207123327864,-3.813859741372423
0.8469182563000649,-3.8127138158782268
0.8447822642856607,-3.8116758026728377
0.8427318466653867,-3.810861327577492
0.8407096670704242,-3.8097974593727715
0.8385122504381306,-3.808875343657675
0.8366231789894292,-3.807901302481676
0.834686545678561,-3.806885930072235
0.8327736133733531,-3.805862452552165
0.8307631352895991,-3.8049184849830557
0.8288142597470604,-3.8040280305181726
0.82678099641226,-3.8032059319660734
0.8252198586394576,-3.8031410723278056
0.82355477432295,-3.8029366376074156
0.8218818068156234,-3.802905380729208
0.8202612612274398,-3.8028180570068493
0.8186636403728809,-3.80258467839853
0.8171995797875157,-3.8025167056542655
0.815365441740417,-3.8028860122506396
0.8135651196181033,-3.8029828888274055
0.8115664453956106,-3.8032276759699775
0.8096234327710088,-3.803405370442499
0.8078197907229151,-3.803317663855701
0.8057201291839421,-3.8032607484241296
0.8036847952223457,-3.803171536322322
0.8015746249410456,-3.803017589609349
0.7993574458982509,-3.802960920284884
0.7969721927246689,-3.803072153780939
0.794675571183548,-3.803260548105306
0.7925505172334977,-3.8032262460123087
0.790069586923488,-3.8030575593906173
0.7879606375195142,-3.803045500749146
0.7860355556988946,-3.80322341955501
0.7841447912381528,-3.803348985369203
0.7817947175823016,-3.803898957947296
0.7797354804767989,-3.8047010823165217
0.7777662933345948,-3.8053533084630917
0.7759266567349041,-3.805867257815868
0.774075863475473,-3.806371452230555
0.7723131913461748,-3.8068051762727015
0.7704477720083835,-3.807350231883242
0.7686155487550292,-3.8079239828143177
0.766663939368784,-3.808585333166104
0.7648311076646357,-3.809136657739148
0.7630115176717195,-3.8096018504226214
0.7613849530435043,-3.8103328876818514
0.7595602685480565,-3.811215760538308
0.7577913011740652,-3.8121467537348273
0.7556095141660608,-3.8135393813262586
0.7539124641588175,-3.814997143750286
0.7519860925894142,-3.8164879627461503
0.7496026288190708,-3.817366873551194
0.7474721945663997,-3.818254452541858
0.7451092030225264,-3.8190872096695885
0.7427573187435373,-3.8202199225150366
0.740376825819771,-3.821420277917193
0.7377668786634507,-3.822541676996105
0.7353131900784036,-3.823797851168665
0.7328754866686791,-3.8250350050719986
0.7306579554637661,-3.826093465327098
0.7284228883567299,-3.827136535072188
0.7259249530240046,-3.8284598891108312
0.7234628365402853,-3.8297161369989836
0.7212062457028421,-3.8311495610409745
0.7190884209798787,-3.832458015894485
0.7171368224374977,-3.8336449330234754
0.715181156726646,-3.8348281159642656
0.7129719648610697,-3.8362603921823064
0.7108602102593854,-3.8375308355038333
0.7090463240443636,-3.839057905576966
0.7074285595230398,-3.84044356582232
0.7059211803813621,-3.8417375006539816
0.7045940064270871,-3.84318656510168
0.703056416554562,-3.8444828183238133
0.7016692626964466,-3.845598704092734
0.7001864751416965,-3.846840765245217
0.6988741729886068,-3.848097416531577
0.6975187626137801,-3.849405823576995
0.6963771776794383,-3.8507641974484113
0.6953534582479364,-3.852155308611241
0.6947091652924856,-3.853597467645633
0.694105679388383,-3.8550375127201972
0.6934820319118558,-3.856459905789685
0.6929171714468363,-3.857822554744074
0.6923258230454358,-3.859155006856816
0.692077354118819,-3.8607823897663027
0.6919592837036804,-3.8622942573152192
0.6917787129195676,-3.86388963888251
0.6917392966213852,-3.865606211152807
0.6914282870291752,-3.8675428636977403
0.6911873297673482,-3.869395115566496
0.6912249263041517,-3.8714866195959146
0.6915265638291432,-3.8733633783913515
0.6917843039086372,-3.87534731681546
0.6919645162688488,-3.8773607817178815
0.6917928353876103,-3.879256838862538
0.69190939920495,-3.8809196349337816
0.6918866448107601,-3.882462304720566
0.6925606660370661,-3.8842491796083487
0.6930909494728978,-3.885695788441714
0.6936266777348346,-3.8872151172005402
0.6946504247884083,-3.8892889695874606
0.6954477885806561,-3.8913332950061434
0.6962341340420355,-3.8933980907090584
0.6967422723435477,-3.895207244948175
0.6973700367889294,-3.8968748767039325
0.6980497166395455,-3.898516252154111
0.698694308556482,-3.9001274639779635
0.6993530386245931,-3.9017223874608304
0.6996860475830629,-3.9036603161153556
0.6999429950049647,-3.9055328896022288
0.7002284223135014,-3.9073150167900565
0.7006659245920421,-3.908938743956075
0.701087703164489,-3.9105489416198234
0.7014542259902883,-3.9122162974938637
0.7015649881212147,-3.9141339755413505
0.701525687732471,-3.9162755625304007
0.7016182875720249,-3.918301232938566
0.7018441636084367,-3.9202121055255663
0.7019953016190277,-3.921932023372903
0.703083108583081,-3.9245616093049356
0.704170173510663,-3.9271508741988645
0.7049266448654333,-3.929859599188213
0.7057236578203685,-3.9326487849579284
0.7063341007891348,-3.9356625558920975
0.7072040864457853,-3.9384666694895683
0.7078664965176102,-3.9410927421697117
0.7087340883326027,-3.9434476328350017
0.7093192819110441,-3.9456933173275246
0.7099203000540376,-3.9477987764990186
0.7103852831890539,-3.950068254805036
0.7106535327959231,-3.952370621802844
0.7110417635985282,-3.9545010875143913
0.7115588121681564,-3.9564765678459897
0.7120830353378087,-3.958192813964048
0.7124500413891086,-3.959611598062946
0.713051963978951,-3.960747524687733
0.7134129712372925,-3.9617146654686235
0.7139033233198442,-3.9624225387693808
0.7146295499909848,-3.9629186885307672
0.7152133260524961,-3.9632415439400743
0.7158168557864906,-3.963099573514102
0.7167483900571953,-3.963565690829994
0.718159445473438,-3.963585342242853
0.719309170282805,-3.9633806150286577
0.7205932625915142,-3.9630586063730733
0.7219330353801483,-3.9627001566847704
0.7231681377559136,-3.962251531204468
0.7239967113591671,-3.961240383815978
0.724991261599173,-3.9600952815545667
0.7257563046149691,-3.9584554179692066
0.7265530076322895,-3.956793427971956
0.7275080172460269,-3.955003464176622
0.7284056921278073,-3.9529872959451615
0.7293578435602386,-3.95118357062395
0.7303883000473804,-3.949316381951177
0.7313785755368631,-3.9473303854918975
0.7325135919046925,-3.945138356826487
0.733765000753671,-3.9428520532410363
0.7351640538881788,-3.9402738164656257
0.736719216448864,-3.9377138067990165
0.7383999068637014,-3.9350521431352488
0.7400605154747407,-3.9325579183368413
0.7418219378313294,-3.9298154733736443
0.7437716291898782,-3.9269206925719686
0.7457187566769399,-3.923885395065404
0.7474140831907791,-3.9201514981352767
0.7492184347969792,-3.916215998871433
0.7510516046279099,-3.9123400737166563
0.7531478598618038,-3.908251082777198
0.7544105865873991,-3.903117523883971
0.7554640261020029,-3.8980174099751057
0.756866585144825,-3.892634178290724
0.7586720111218515,-3.8870253194735325
0.7604828779863656,-3.8812376788975884
0.7624952309364915,-3.8752861639142027
0.7647181696274924,-3.86932167860833
0.7667986376731378,-3.863423292022631
0.7692607943860212,-3.857554906908119
0.7718095745099293,-3.8515449350834006
0.774230036545663,-3.8454752566701615
0.7770885178140554,-3.8391771898170166
0.7799977397339259,-3.832751948724249
0.7827351276840595,-3.8265066173434543
0.7858123203072463,-3.8202411441171775
0.7889105088846201,-3.8139111544501825
0.7915452302749831,-3.8077147452981626
0.7945315496136651,-3.80159954420351
0.7973193213899729,-3.7956869863434495
0.8004423948603159,-3.7893707772376843
0.802858436126183,-3.7816571311529334
0.8049887058118796,-3.7741786984245143
0.8068101265766301,-3.7660161167107664
0.8083277240538843,-3.7580997929106386
0.8100782225945984,-3.750385741968569
0.8120416152381957,-3.7424159032128173
0.8142156499158115,-3.7342747691954403
0.8165064064828882,-3.726235118871313
0.81898552975321,-3.7179693366263615
0.8211728840578317,-3.7099409684698443
0.8236535718751897,-3.7021689409540026
0.8261366637684885,-3.694394271275601
0.828821019882909,-3.6864559813091184
0.831658657605681,-3.678652071027518
0.834783475440542,-3.670504105326293
0.8378495617346746,-3.6624044191925504
0.8408438175279738,-3.6542426584844856
0.8436496821622146,-3.6463203368159216
0.8462924959492968,-3.638456722282732
0.8490770502876555,-3.6305708895255373
0.8518631424454077,-3.6226834532932064
0.8545887016676474,-3.614711192420319
0.8572997739957348,-3.6066335545415504
0.858993961017937,-3.5977975066200543
0.8605991901128869,-3.589005801011552
0.8622491084191705,-3.580254537352303
0.8645105438953854,-3.5719074279587817
0.8665515565627078,-3.5638498845833393
0.8684952352896439,-3.5557068828498837
0.8699999899676868,-3.547923389993149
0.8715248333708925,-3.540116249374115
0.8730137134359433,-3.5322779349749664
0.8746576663710204,-3.524312920232424
0.8759137715486943,-3.516811332003793
0.8773001409547826,-3.5094249493892478
0.8783148327037376,-3.502343598566843
0.8792871710862042,-3.49531310482753
0.8802776683327701,-3.4882990675079113
0.8812189028620329,-3.481325795728179
0.8821110730796388,-3.4744113618521815
0.8831918173282044,-3.467740118487313
0.8839235559957872,-3.461350832662663
0.8845679258516077,-3.4551137229400712
0.8852494844116625,-3.448910107559342
0.8859173884846778,-3.442654138242047
0.8865483146119687,-3.4364728512131717
0.8873916386258707,-3.4304807048021444
0.8871982661265578,-3.4236002113871176
0.8869864607352005,-3.4166907095840484
0.8863644345662525,-3.4102622621557277
0.8866216685014533,-3.4054123549385436
0.8870532018946747,-3.400463126316395
0.88745043290529,-3.3955952836779844
0.8878450037613992,-3.390774153079661
0.8883209470258341,-3.3859578562178734
0.8884408249957707,-3.3815210418806148
0.8884331445429552,-3.3774647551568484
0.8884621735727375,-3.373439394775874
0.8882288459408268,-3.369659983787222
0.8879068539638197,-3.3659541426978894
0.8877686409406693,-3.3621972289815165
0.8877375526583502,-3.3585902174176763
0.8876277524746646,-3.355048683317933
0.8874094733465036,-3.3516149474199226
0.8870438660432121,-3.3484780521401936
0.8865709552610384,-3.345430217876094
0.8863119861117423,-3.3424443980535528
0.8861819081187429,-3.3395020574611514
0.8861602498401863,-3.336545966021827
0.885655110481855,-3.333225632416157
0.885482672733498,-3.3300480756455717
0.8853999091364428,-3.3269330514727553
0.8854207633747027,-3.3240054659663785
0.8862759142601783,-3.322041583994787
0.8869775227629598,-3.320232322632344
0.8879608466737966,-3.318674919753137
0.8889287954868758,-3.3170845368562043
0.8901067962979156,-3.315287668605197
0.8914607018402334,-3.3136484900166088
0.8928599284637834,-3.311990432089843
0.8940930217444583,-3.3104991884876522
0.8956994683531976,-3.3093420131722815
0.897132628838722,-3.308296811393917
0.8989069611989079,-3.306929115535714
0.9007781210554697,-3.305648761894154
0.9028036478877252,-3.3041966927281563
0.904758262606722,-3.3028213358753318
0.9069486057895993,-3.301657630529479
0.9091102385132322,-3.3004810985316992
0.911485300415155,-3.2991739261943005
0.9140136151433476,-3.297928649839997
0.916687593850313,-3.2965100113616903
0.9193222209706635,-3.2951236861816966
0.9221033689477894,-3.2939044035044924
0.9247760522372682,-3.2929481491074846
0.9273194500491814,-3.2921154880503716
0.9301243229404426,-3.291050838208723
0.9340053048973573,-3.291131926630173
0.9382116447615954,-3.290945677304983
0.9425603871485749,-3.2905977921217637
0.9469444005177164,-3.2902823201789033
0.9513513719140786,-3.289991193435819
0.9556999057813689,-3.2897290061280664
0.9602762459555089,-3.289671848565683
0.9650384020970373,-3.289472196946725
0.9699082874029498,-3.289187512321044
0.9747620874499386,-3.2888891980274098
0.9795789578386798,-3.2885957334489127
0.9844893936942277,-3.2882558571343057
0.9895168200699583,-3.287880739029909
0.994782839535876,-3.287345413817313
0.999769360223388,-3.2868667799754805
1.0047693608525103,-3.286714632824151
1.0097999273504181,-3.286501074549469
1.0147817782516266,-3.286223744816513
1.0199273825324107,-3.285954167555047
1.0250556875569645,-3.2857207159777433
1.030564704769504,-3.2859229991373238
1.0358862014194197,-3.286324317172111
1.0418573061640832,-3.28738679273951
1.0473383752691254,-3.2884605768076645
1.0525571114487902,-3.2898429719415527
1.0576715789758828,-3.2911316468050695
1.0627332523199464,-3.292456248888216
1.0677727167831117,-3.2938357638091835
1.0727395071033785,-3.295149916573745
1.0773539745160912,-3.29680062216222
1.0815816894683756,-3.298868922484508
1.0856552296866777,-3.301079431658185
1.0897120993443892,-3.3033096278776433
1.0938401654824992,-3.3054811739763474
1.0978114547903846,-3.307511451067675
1.1015682448243902,-3.309798376476119
1.1047985754600098,-3.3125172720729714
1.1081771114293701,-3.3153697715116914
1.1113116978540973,-3.318514135622077
1.1145735625269868,-3.3218882808181367
1.11726038815732,-3.3254062934197384
1.1201744701095817,-3.3293040556990157
1.1239200694073281,-3.334765728642748
1.1273135402667442,-3.3401093797355204
1.1303823538364106,-3.345842582627637
1.1335457522351455,-3.351815574327184
1.1361814778194965,-3.357890184615861
1.1390847039885152,-3.3641240805380286
1.1418082580539781,-3.370486176884666
1.1444924902693325,-3.377280847392315
1.1469209701319847,-3.384016839741182
1.1487823295157136,-3.3912145222218064
1.1506521802710836,-3.3986683750217974
1.152332614124437,-3.40622116616243
1.1536603624064807,-3.414060036104639
1.1550070934133947,-3.4220227659499476
1.1560413578209736,-3.429831790447974
1.1568175261674385,-3.437849571724579
1.1574830185627867,-3.445740261697671
1.1577188696999825,-3.4538490377987117
1.1577031463268808,-3.462161287239688
1.157674534962965,-3.4705918088472387
1.1575159368476033,-3.4791031569826973
1.1570831708304692,-3.487835985713883
1.1566814542255053,-3.496288988484974
1.157774793972448,-3.506417076911943
1.1586920033996544,-3.5167845334045276
1.1593421211793318,-3.5273726261269314
1.1599448136351287,-3.537918466715188
1.1602534634734984,-3.5488024032093004
1.1600666585850967,-3.5591678616068796
1.1600449137577895,-3.5694249854639306
1.1597105995428214,-3.57953182914958
1.159301225083761,-3.589699360215774
1.1591531578558623,-3.599574173885085
1.1587457059795634,-3.609653931565018
1.1583772932968364,-3.6197022355407995
1.158305841913686,-3.629807042426276
1.158194907381354,-3.639558126381433
1.158262221901978,-3.649165541639005
1.1587002444291026,-3.658542055544862
1.1591316312654791,-3.6677008790301895
1.1597305304821088,-3.6766557848728687
1.1606462166418265,-3.685868909207938
1.1616705467049702,-3.694870559251733
1.1629155026498397,-3.7036031643488405
1.164571785511725,-3.7122000462406786
1.1659967637817632,-3.720492701231076
1.167811964215482,-3.7283094842979163
1.1695446238611438,-3.735906438777741
1.172813712349883,-3.7444662464416165
1.1761393192728842,-3.7524674022138815
1.178312495319443,-3.7591389640648036
1.180565119877147,-3.7656857383343967
1.1830815198032112,-3.771952389739215
1.1856246646621054,-3.7777999156003785
1.1884867228662608,-3.7833320119531306
1.191403467620103,-3.788346656144205
1.1947177510712852,-3.7929726318112995
1.1979630282355034,-3.797537923369397
1.2014882065194752,-3.801846392484159
1.2054391471450203,-3.8057343173206966
1.209435423160663,-3.809662360965194
1.213809410298118,-3.8132358266616535
1.2187519760748942,-3.8162027282964384
1.2241115934874818,-3.819537852275147
1.229843447690136,-3.8225516061024236
1.2357221779334862,-3.8254028996199185
1.2419537318942344,-3.8285656745671797
1.2487556395068284,-3.8311518606379145
1.2560642925715129,-3.833234967914686
1.263498095037228,-3.8354282596699005
1.2713380397478176,-3.8372590062618714
1.2797269211994764,-3.839897623502552
1.2886663199133,-3.8427082276923508
1.2958540678695647,-3.8437059154239863
1.3037616278398716,-3.8442650239829947
1.3120094914111409,-3.844518958601721
1.3206509746137554,-3.8449705230872917
1.32986251457727,-3.8448615344419808
1.3392258916840074,-3.844958716480706
1.3485893019627144,-3.844983179096597
1.3583046356788848,-3.8451911887454027
1.368394421056999,-3.8450171511448126
1.3787889522204533,-3.8445829313133735
1.3896003093582048,-3.8440825895559216
1.4005399292238336,-3.8434380699824597
1.4115576767359894,-3.8424019508012255
1.4225639246412691,-3.841674559136348
1.4337058629007549,-3.8408008896129657
1.4449485724387832,-3.8396742411475144
1.4563490549117302,-3.838622730899732
1.4678113431569642,-3.837494607815868
1.4794999421523813,-3.8366744916535267
1.4912415737442626,-3.8358132293213707
1.5028964652243415,-3.83507001113369
1.5144066397239504,-3.834264608234361
1.5260381970430013,-3.83336459900279
1.5375375887621312,-3.832909574790406
1.5491773088532754,-3.8322305866501947
1.5600371612746078,-3.8299669560075373
1.5705672017315553,-3.828061678739882
1.5811800304294243,-3.826053248678439
1.5918273858926861,-3.8240784489671045
1.6025378340359802,-3.8223286573055137
1.613175322666535,-3.82066960653686
1.6241600127469042,-3.8187986288471607
1.634863265936264,-3.8173349174834037
1.6456724674710008,-3.815738283202661
1.6564652222499476,-3.813884229596232
1.6671603870048863,-3.8122821789495824
1.6778319360947327,-3.810709083044397
1.6887119931822445,-3.8086894599240213
1.6995556041750846,-3.807064929612022
1.7104440088131607,-3.8053837447511736
1.7211532168641346,-3.803039957984664
1.7315662063963262,-3.8009627391781793
1.743566358891571,-3.7997999462909213
1.7553594456002661,-3.79844835946935
1.7672834603460623,-3.796995598979435
1.779149442296762,-3.79561749469856
1.7906334037538152,-3.793891002227462
1.801962791272858,-3.7922861246863686
1.8128885972122488,-3.7896432537501514
1.8232945037080979,-3.7868498563090274
1.8340842779834283,-3.783734121193232
1.8443675186697244,-3.7807916032202415
1.8544361729365997,-3.7778239787403516
1.8638940347069328,-3.7747739677469836
1.8731589049513275,-3.7718089791542604
1.8821549702220723,-3.7685038867306857
1.8910758855924201,-3.765257644278528
1.8996919059722597,-3.76177833789355
1.9080644435068483,-3.7584848534853474
1.9157827745256577,-3.7557001193539117
1.9233158337127383,-3.7527001694941657
1.9305812174262091,-3.7496562917227396
1.937389655104123,-3.7469676520710933
1.944200231406884,-3.7439819586531167
1.9508895937848234,-3.7410697443816967
1.9570975024949333,-3.73853156356117
1.964220641014815,-3.736989123377248
1.9710760298283745,-3.7357867845857173
1.977037083357541,-3.733680614245791
1.9824221932036135,-3.7320217368544966
1.987807344020938,-3.730354346233557
1.9928717307166588,-3.728322735062694
1.9975661093366939,-3.726578417163102
2.0019010333210914,-3.7250103025843537
2.005376080172268,-3.7229991525180846
2.0082246494497222,-3.721473943982021
2.0107923298751214,-3.7201781434348904
2.0124403182065893,-3.718159141431945
2.0131847595840635,-3.7153042870649493
2.0131189546231183,-3.712958601211766
2.0119229788641797,-3.709859728405147
2.0097128278388547,-3.707798695121678
2.006087066378464,-3.705280143878996
2.001873067437158,-3.7035016306843436
1.9963067442641727,-3.7014162903263608
1.9897750107753647,-3.699251144568244
1.9824674298389209,-3.697763830021164
1.9742837932353892,-3.6961251848998558
1.9656140787180478,-3.6946201600925135
1.9558248792321802,-3.694172159466738
1.9453169207270915,-3.6935823952378772
1.9346130813952827,-3.6931841759881636
1.9215675946326458,-3.692485730656663
1.9081670768165409,-3.6914683325793365
1.8940058618589752,-3.6911940081594987
1.8787982720879688,-3.6918099551140475
1.8636519414014323,-3.69249036223436
1.8481814809298915,-3.6934898148367843
1.8318926750434141,-3.695231249514035
1.8154625586268214,-3.696852720990294
1.7984020140239338,-3.6990958616550285
1.7804880913749663,-3.70198932411093
1.7626339961954431,-3.704946645945012
1.7447514359937255,-3.708019205791421
1.726224799671861,-3.711655549361682
1.7075747805434651,-3.7151899014228404
1.6886631833956836,-3.7190555787069925
1.6691281769946584,-3.7233951350763044
1.6472337295211699,-3.7252177551375327
1.6252245480284817,-3.7273269716606285
1.6027515436116888,-3.7298052440003153
1.5802546135204905,-3.732269866478747
1.5576996178895015,-3.734877369626591
1.5344584509077543,-3.738084143283076
1.5110236854595012,-3.7411255011527333
1.4874930305815033,-3.7443973347523927
1.4624436572651822,-3.74693944597902
1.4373569515180826,-3.7492092632842
1.4122172238183759,-3.752228256737695
1.3870011670804152,-3.7546275481222535
1.3616239881139272,-3.7571504206327733
1.3365054413202282,-3.7601262426081976
1.3113277249098862,-3.7627464096539516
1.286552881832069,-3.7649351822770414
1.2622602179556328,-3.7680749883790385
1.2377537484060335,-3.7706541271258414
1.2132898081893024,-3.7730936587347634
1.1896565164448198,-3.776426219535916
1.1667734953285915,-3.7804265851266807
1.1446646903055246,-3.783666389796749
1.12347443516717,-3.787991147574068
1.0998845486614532,-3.788054446175463
1.0775748044990012,-3.7884221923270007
1.0553123510130993,-3.788618692297212
1.0343550395166476,-3.789159985894403
1.0141152431177847,-3.7895469271083684
0.9943127454842864,-3.7895872306737663
0.9751453801475186,-3.7899385269607744
0.9563297906748349,-3.7900102564307074
0.9379754363836997,-3.7897157429187884
0.92000664178336,-3.78986246170895
0.9021608961832165,-3.7897434358536546
0.8847803571366507,-3.7892540177521505
0.8677968029685171,-3.7890185916651893
0.8511494147552074,-3.78835333632657
0.8353358466809556,-3.7870184972445315
0.8192578980873078,-3.785827431560487
0.80331473925491,-3.784469117092171
0.7877389655280735,-3.7824884159934387
0.7723546493564742,-3.780763033071885
0.7574586961484226,-3.778528778381184
0.7433030192766595,-3.775530613310383
0.7291751687088251,-3.772654992627548
0.7150691984224912,-3.769680506019604
0.6995222826211271,-3.7641530719406657
0.6841404045604634,-3.75876540110373
0.6688858147565417,-3.7532470881894255
0.6542930783777247,-3.747273072976023
0.6418372687904977,-3.744014340474261
0.6297055058190985,-3.7400910896842627
0.6179649621199643,-3.7358506988193785
0.6062875228790884,-3.7319600180994863
0.5947759326494777,-3.727727323738053
0.5837027211214577,-3.723137881915676
0.5727970961566453,-3.71882915317641
0.5621486432847957,-3.7139774816168187
0.5518734704705979,-3.708821880318542
0.5416867453731272,-3.703873602872618
0.5319000171541076,-3.6984613692036863
0.5223120409397123,-3.693665361360604
0.5127500534953361,-3.6888507697373965
0.5032449690581039,-3.683871060737488
0.49396490771979973,-3.679126462950954
0.4845592352629631,-3.674488760864554
0.4751685480518236,-3.66935079120675
0.466002474797011,-3.6648576741272265
0.4561772902008148,-3.6592684266316478
0.44601107382335026,-3.653958116049262
0.4360626412747505,-3.6488339940642867
0.4259881753844645,-3.6438249576207813
0.41593509993422084,-3.638757608718255
0.4088675023643769,-3.6370832136730704
0.4017990314896513,-3.6355377490886602
0.3947381984369443,-3.63398711883652
0.38774717389598434,-3.6326278879179164
0.380801099065485,-3.6315422028423994
0.373952256944625,-3.630376752261562
0.36697364103330626,-3.6293370437393184
0.35996169404066447,-3.62820048332725
0.3529962414809318,-3.6270262077143074
0.3460441044776165,-3.6257533139228033
0.339001526915271,-3.6247121687483927
0.3318964957688466,-3.6237240493226044
0.32471159455569343,-3.622752782237788
0.3175081503304821,-3.621837032985829
0.310203728227351,-3.6210065064673183
0.30325447657701127,-3.620103966484181
0.29614539409366325,-3.619336108031915
0.2891656742052064,-3.6188216669000943
0.2823047695899004,-3.618316053587111
0.274839307989777,-3.617473351061202
0.2674613266726312,-3.6167289606921664
0.2599525717485417,-3.616139650104261
0.25256085101958736,-3.615315498291941
0.24678901064895384,-3.6168470883455424
0.24113674309084276,-3.61845238643369
0.23571334558009335,-3.619879475803493
0.23031681143718383,-3.621204667243673
0.22497011817146467,-3.622546980159097
0.2197119179614453,-3.6239643398440204
0.2142745716093732,-3.625532117078669
0.20895696236372563,-3.6269609534824325
0.2036808575072073,-3.628424485442665
0.19860742581445928,-3.629718445937284
0.19359528179656252,-3.6309415459993146
0.18867181268635283,-3.632239616064764
0.18389432873221892,-3.633415564075457
0.17914701984241677,-3.634556864882683
0.17426191256496307,-3.6356153565303893
0.1697471247365896,-3.636292064102793
0.16563244532351074,-3.636698606696722
0.16173351083737944,-3.6370091881550928
0.15777879824435057,-3.6372301158204166
0.15367706209678178,-3.637307989762853
0.14983525622482083,-3.6375749430822477
0.14625060952561753,-3.6376098126108793
0.14367249820801825,-3.638379740478178
0.14172216069079,-3.638622427246054
0.13975174349156314,-3.638847937611073
0.13798878896802236,-3.6388325556185905
0.13637038642429605,-3.6386958148657658
0.13480197514131204,-3.638601496014317
0.1333406686142247,-3.638382904822579
0.13244185461354688,-3.6376916611236125
0.13146143402419147,-3.636931050696982
0.13089754661734748,-3.6356868044963093
0.1304287699090996,-3.634362692048672
0.12988386614038414,-3.6329739055045778
0.12966511550569462,-3.631321658954141
0.12975067033681348,-3.629374952921926
0.12994525535012696,-3.6275209598019837
0.13048110360288226,-3.6253308181622774
0.13150338198405623,-3.6226387356087724
0.13250891774319498,-3.619932462599447
0.13375437957564998,-3.617012950600867
0.13534050607596085,-3.613733107643615
0.1368627162134552,-3.6103575871035503
0.13878353256084155,-3.6070020480487703
0.14091641807419972,-3.603445388817783
0.14329830112323352,-3.5994542681039894
0.14642600579521983,-3.5962234795618473
0.14953345568046975,-3.5930097628595297
0.15344085649181713,-3.5888678527280384
0.15789105460570874,-3.5851898462436638
0.16276535947075943,-3.581154824635934
0.1680092769417317,-3.5766906771556997
0.1737600248621194,-3.572494422257161
0.17996803581149262,-3.567743687558147
0.18703101113091922,-3.5622288899838264
0.1940510398190972,-3.556679420582521
0.2015755647069272,-3.550609834019582
0.20997615567995073,-3.54379420715863
0.21810220365936095,-3.53674478283316
0.22630175466041694,-3.5295700299544377
0.23580534175849363,-3.521295485859595
0.24477810583201287,-3.5125648770067417
0.2542029494346497,-3.503292780869353
0.26481971943124194,-3.4930059778816216
0.27512606884387375,-3.4824500257745115
0.2856878608180551,-3.4715494140882384
0.29568172269890497,-3.4604909791426124
0.30644714063092177,-3.4487825310971973
0.3170029092298917,-3.43688999334559
0.32816203504099006,-3.424599551941602
0.3400531818365262,-3.4116919566481125
0.35176737971051014,-3.3986266057136563
0.36366251203197075,-3.385351106645548
0.3756849427382416,-3.371967717709881
0.3877019203616093,-3.3585751166234155
0.40006454677334163,-3.3449508557439454
0.41248445058806,-3.331250243381427
0.4245524005273869,-3.3172359348769875
0.43667897225107943,-3.303184458095895
0.4486128642600635,-3.2892628111334155
0.46035481979547627,-3.275166627807837
0.47190859505366034,-3.261322138093032
0.4832498486390057,-3.2477118832796097
0.4947441372346374,-3.2342290913468066
0.5054928708679408,-3.2213749805867447
0.5162566387406324,-3.208503313347469
0.5271998210404704,-3.1957849593664203
0.5376602158830885,-3.1834738934230167
0.5478665718429101,-3.1714580047148475
0.558382145390882,-3.1597120258073934
0.5676465205623523,-3.1478346824880146
0.5767188319989401,-3.136415772094707
0.5855998592489446,-3.1254366973255157
0.5944979481637374,-3.1144714562649645
0.6033082012986392,-3.103562784277574
0.6115582898855532,-3.0932275872216826
0.6194668181341303,-3.082586527405234
0.6272209265829113,-3.0721359175120337
0.6341167867387061,-3.0626024629635022
0.6405556088973681,-3.0526579648036942
0.6467954977960865,-3.0428895347075255
0.6525154057011832,-3.0336793360980594
0.6575111558857444,-3.0239923935306505
0.6617792976104734,-3.015149279602006
0.6649999226548804,-3.0071929228596854
0.6681675494507994,-2.999186648465174
0.6707277610656054,-2.9918842891611352
0.6724549499094608,-2.9852875011537665
0.6743009003770944,-2.978795822936461
0.6758213619579401,-2.97268082184207
0.6757934667732389,-2.9678797443471496
0.6760631834419873,-2.9633460048793365
0.6755313306079558,-2.9597412149133038
0.6736261214260197,-2.956822163900492
0.6721011059543457,-2.954245268420867
0.6700194674922512,-2.952264866131992
0.6681423671108868,-2.950709625307319
0.6651767012913865,-2.949846319726943
0.6623654734176552,-2.9493492618685018
0.6589109141955345,-2.949597387072632
0.654698970405985,-2.9504987702611163
0.6504500270876863,-2.9516858447488543
0.6456765297307001,-2.953480427037095
0.6403275772645596,-2.955455796816501
0.6347856397458641,-2.9576233302510198
0.6286202325103911,-2.960347515478996
0.622271466851824,-2.963080670285009
0.6161886620405906,-2.966163323074898
0.6096874739427096,-2.969700397863245
0.6030147369068356,-2.9732861914286364
0.5961050485344958,-2.9773222439818987
0.5889859534568191,-2.981569010339713
0.5819501531919433,-2.985528158022681
0.5746587027813166,-2.9895993850256843
0.5675775656021848,-2.993545034051211
0.5606107918933187,-2.9978603515419437
0.5528186250599949,-3.002455088726153
0.5448242048437318,-3.006249209120007
0.5367002106700127,-3.0101938508007
0.5282108425099225,-3.014436597376388
0.5208283567766685,-3.0189066607359822
0.513340128655023,-3.0239830161972927
0.5060524439454407,-3.028929079434334
0.49824076851391874,-3.033932635585831
0.4905887226392757,-3.0391902506216986
0.4831617335780779,-3.044262099622991
0.47568552219976135,-3.049421211781211
0.4685574780270865,-3.05449605122038
0.46146060783291054,-3.059610806793534
0.4543393513423698,-3.0647559129546607
0.44735472211032534,-3.069965866764148
0.4403275552585164,-3.075297005656835
0.43345251439558835,-3.0807615405686795
0.4265023118858579,-3.0862278411193853
0.41970217069124965,-3.0916145172229768
0.413138759625657,-3.0972089767479356
0.40699217079128186,-3.102353026951522
0.4004947061763739,-3.107890717608984
0.39393746975786,-3.113320729745929
0.3873684100025648,-3.1187215824885857
0.3809808785783804,-3.12397866362809
0.3749642549672012,-3.1295605515947336
0.36929590887785596,-3.1347531100361725
0.3638919533707799,-3.1403289621969064
0.3582821034712246,-3.146307954830071
0.3526318907539599,-3.1523211352093314
0.34714143373464584,-3.1582891018343524
0.3416550512916096,-3.164526197275989
0.33616959199506574,-3.170762159743935
0.33101462906157403,-3.176954486715617
0.3258612420425627,-3.1831344993454813
0.32071031983399423,-3.189311963417925
0.3158188616414775,-3.1953668072083024
0.31094217420179293,-3.2017661492313807
0.3060588960531996,-3.2081704957749295
0.30152726275386743,-3.214707332368768
0.2972672489516403,-3.221133703754172
0.2931543478835731,-3.227433814271608
0.28949514981933006,-3.233470869894973
0.2859301841801566,-3.2395481092793443
0.2826102089380092,-3.245415600294359
0.2795907076036202,-3.251375630837902
0.27687157937908646,-3.2575946082455176
0.27447608261008594,-3.263497534895603
0.272447692096115,-3.269033330505057
0.2702730930410854,-3.2744392390333332
0.26886048262336393,-3.2791388904862977
0.2679345450617777,-3.284391392659385
0.2671543129025711,-3.2895632106459374
0.26643850023692706,-3.2942676230012267
0.2658958374637661,-3.298842915044219
0.2655167774960097,-3.3027184243962036
0.26558063569548457,-3.3061259162773426
0.2658548036630009,-3.309205476900054
0.26615782826601314,-3.3118905446083984
0.2663977041423528,-3.3146482687158025
0.2667654955914218,-3.3173879380814997
0.2672198223208758,-3.3197865562423114
0.2679397434241113,-3.321878442926934
0.26860233767679564,-3.3238682741784173
0.26932323899067984,-3.3256211756285388
0.2703754723742424,-3.326962029803976
0.2715775351780071,-3.3284329670687054
0.27327625550991563,-3.329482313384977
0.2751296340096894,-3.330352875875877
0.27778116206137365,-3.332147477901569
0.2804638610323087,-3.3341367159576785
0.283321598038082,-3.335880368697841
0.2866230144604875,-3.3376625895545398
0.290140081303002,-3.3393862818728737
0.2938491519707703,-3.3409357285506043
0.29741786935781356,-3.3424227615305875
0.30108856235803355,-3.3440636413257474
0.3046769000909084,-3.345646036040945
0.3085345728860375,-3.3469165919121115
0.3125753557336305,-3.3480119974796194
0.31671922137599956,-3.3489033076515446
0.32110811184379173,-3.3495108221033685
0.3257598913104873,-3.3501284808124825
0.3301998684549541,-3.350641375801622
0.3346355471886532,-3.351159217778905
0.3392931607797569,-3.351565622069755
0.34389827425831776,-3.351868023516585
0.3488306840493104,-3.3517908991851013
0.35408284770405324,-3.35162660940028
0.35912149288161405,-3.3511899186502845
0.363846888086754,-3.3511169004071726
0.3684242926504585,-3.351125604457025
0.37356413590024795,-3.3517990546824143
0.3787002851254714,-3.3524775307728367
0.3840854535318283,-3.352868038338733
0.38937468422728905,-3.3529115608242273
0.3946298191391045,-3.352924868245148
0.3999423092458007,-3.3529315989548247
0.405054830739889,-3.3531171889673876
0.41018588811567747,-3.3531182298391347
0.41519331281661154,-3.3533910788780648
0.42038724430868274,-3.3534488792505903
0.42593514497297114,-3.3531347380312875
0.43141646002646555,-3.352676571135198
0.43661912703222916,-3.3524673174470423
0.4418388632258252,-3.352071623840791
0.44678327253435823,-3.3520152399412946
0.451880585060817,-3.3519569798508466
0.4568563930107158,-3.3520016081282678
0.46202095787895775,-3.3520423185441213
0.4672996367292283,-3.351843820732229
0.4723783530679543,-3.3518139355167054
0.4776211576706147,-3.352015662891503
0.48298631321282814,-3.3522528935111953
0.48872225675851705,-3.353236208110997
0.4942263102027689,-3.3544614987625967
0.5000207331107271,-3.355940658586768
0.505817305699861,-3.357346467529782
0.5117233079325845,-3.3586585380343497
0.5169180914621689,-3.3591296554981738
0.5220301509314603,-3.3594363428904104
0.5272989262534694,-3.3596115991702504
0.53275885341298,-3.360361294263461
0.5383170633654822,-3.3608489040961547
0.5440186982211663,-3.3612162462176234
0.5500347357938022,-3.361799938202332
0.5561115333535089,-3.362028059170796
0.562259138026175,-3.3621966684648807
0.5686642324484473,-3.362553425106791
0.575146524940352,-3.362842940474646
0.581759682846796,-3.363022622209004
0.5884990763694775,-3.3635438521420062
0.5953752938250514,-3.3636286296275824
0.6024117330241789,-3.3635790652618227
0.6095927777086567,-3.363659457041208
0.6170157391736246,-3.363435949359286
0.6247480692607036,-3.3635442948584693
0.6327537546533278,-3.364326733040154
0.6409131976399849,-3.364799637928351
0.6491644992582655,-3.3651468693624222
0.657779805206232,-3.365521965104047
0.6666467294009816,-3.365729794432372
0.6749767175444528,-3.3649686731999644
0.6835928658417865,-3.3644911665846804
0.6924445867455425,-3.363894074603072
0.7012283758557665,-3.3633943333111085
0.7099398803856946,-3.3628317321241896
0.718629817976626,-3.362286288466919
0.7275487000904514,-3.3614632892448943
0.7363835673210068,-3.360770197239975
0.745590878481564,-3.3596610884056464
0.7545283703958998,-3.358869525355849
0.7630447125861883,-3.3583958174124624
0.7717992749088136,-3.357908295092569
0.780527400394284,-3.357450880716132
0.7889960771381117,-3.3569677615450964
0.797733351375337,-3.3562080624501878
0.8062877072179608,-3.3556640263136175
0.8147056185792297,-3.355214879446354
0.8229919668309915,-3.3546961769274164
0.8308705974554288,-3.3546598188690973
0.8393045335465976,-3.3553397573443506
0.8474889990473344,-3.3558773195744833
0.855584423889922,-3.356520886741502
0.8632373614779355,-3.356654114767536
0.8708075534226104,-3.356855688932075
0.8778058502423267,-3.3568924986545814
0.8847118183339956,-3.357294660506326
0.8911550878474986,-3.3580791875087157
0.897325520638029,-3.3588066173496403
0.903182129968033,-3.359959978747392
0.9091356744168742,-3.3612469603656274
0.9141350330955305,-3.3626636535135526
0.9186936687126289,-3.364542274908248
0.92282720086547,-3.3668150670616988
0.9262607481528566,-3.3691835142819047
0.9296283285850542,-3.371763568701924
0.9329056196515457,-3.374417698778292
0.9356509983512403,-3.3765974740939595
0.9382668181876722,-3.3789315143338676
0.9416800114962005,-3.3827364843726246
0.9447206304704128,-3.3864457505185004
0.9473583368510153,-3.390352242242965
0.9499388370749173,-3.3942849643608564
0.9524114722997805,-3.3980603639591624
0.9543422035019122,-3.4018743295011786
0.9559671211215591,-3.405347183082777
0.9572521105257664,-3.408252663271681
0.9580395528878808,-3.411165159149692
0.9586380146329654,-3.4143037523636837
0.9591775562084373,-3.4171167076477285
0.9593837780690465,-3.4199565635097553
0.9596102763292357,-3.422772709358697
0.9598582891701428,-3.425061511366464
0.9595254123501445,-3.427454047384934
0.9591242302324055,-3.4299285984489076
0.9587255920405732,-3.432239678770387
0.9579997503539637,-3.4345505446381095
0.9572235148388288,-3.4369219563369997
0.9567683558770296,-3.4389701236999297
0.9556313563887857,-3.4411640652523197
0.9547028597566837,-3.4431090412218843
0.9538162915988386,-3.4450507629592817
0.9527358658433984,-3.4470477705845997
0.9517715814120715,-3.4489061298923276
0.9519250401765126,-3.451570241470106
0.9516642905700782,-3.454384798656696
0.9517252615238838,-3.456815407837262
0.9517468030540789,-3.459296497803172
0.9516862667995076,-3.461658374322525
0.9518922988952889,-3.463702047763485
0.9515070567696576,-3.4650496808232742
0.9512869236491437,-3.4664644740867394
0.9510117605719425,-3.46790380514349
0.9507421200257892,-3.469119338866806
0.9504852516597033,-3.470046766489441
0.9503570101358513,-3.4708064737541937
0.950150033161639,-3.471404203745804
0.9502109147384027,-3.471622534290823
0.950479636494855,-3.471636898680277
0.9508901752662194,-3.4714340163757167
0.9509396298671562,-3.4708882220960433
0.9514257830116961,-3.4699845536121265
0.9521988101682556,-3.468803765359579
0.9529239406546542,-3.4673285176068833
0.9541346043262267,-3.4654551828704165
0.9550358038537092,-3.4638177040608187
0.9558296711836751,-3.4620394349006967
0.956682895170964,-3.4607212350417194
0.956974767709886,-3.4586342171606557
0.9560940599006478,-3.4553910356982636
0.955220359352644,-3.451916356665703
0.9546148082848721,-3.448454653394209
0.9539031632747271,-3.445118657609758
0.9529375735999351,-3.4416175518112064
0.9521944781811993,-3.438370030498886
0.9513432450393026,-3.435250608190881
0.9499594214721032,-3.431829928917861
0.9488877672869205,-3.4285559977551725
0.9479751682792726,-3.4250908710379253
0.9466808523168051,-3.4215601926228074
0.9454947209374887,-3.418188376617564
0.9440212111925645,-3.4151582257947504
0.9420440324140243,-3.4122294335965364
0.9401533073594073,-3.4096048550426383
0.9383666230400103,-3.406792128129221
0.9364336207376938,-3.4040987131541907
0.9347179421644785,-3.401598644614841
0.9325567604977567,-3.3995040308711473
0.9301399725734605,-3.3977958276085234
0.9278966420416079,-3.396373795492969
0.9245352723170592,-3.393999134733342
0.9213117759495217,-3.391788790623853
0.9180313867665854,-3.389687614708858
0.9147227132719302,-3.3876655045287607
0.9104662811197849,-3.3849506165254972
0.9063828341246537,-3.3825836214981795
0.9022320206732197,-3.380297448296188
0.8983536287905861,-3.3777871090936937
0.8945847199170123,-3.375374174724346
0.8908679172822175,-3.3728998361625457
0.8873378181979107,-3.3702718396696074
0.8837323081810292,-3.3675766803534932
0.8801862476208718,-3.364851208921624
0.8767002611905379,-3.3621163566492225
0.8734453004857616,-3.359587137569163
0.8703153439900024,-3.356923210585268
0.8674144148396855,-3.3540862170682875
0.86456737728856,-3.3512971998863885
0.8614700553263128,-3.34876273028302
0.8585752764739473,-3.3460138717430774
0.856061735506448,-3.343604375342996
0.8525991704854996,-3.3398834601126355
0.8491567284454149,-3.3361398050573876
0.8461690707357549,-3.3323125217664438
0.8431241256960754,-3.328543198778365
0.8402392448162941,-3.3245854232522074
0.837503642900879,-3.320736431757229
0.8351560468051874,-3.3168233619415104
0.8334180735085119,-3.3136168792327956
0.8320767494962974,-3.3100605671272145
0.830971512265965,-3.30671475457755
0.8298745696709123,-3.303313484136008
0.8288269494197447,-3.299854929665575
0.8281615975557898,-3.2967373522448256
0.8274685689626946,-3.293664648308282
0.8269239737231925,-3.290442827848508
0.8270633446039347,-3.287831171121358
0.8272743754233587,-3.2851088148665726
0.8273818693600062,-3.2825121948525515
0.8278499254800068,-3.280237745445621
0.8282095615143366,-3.278053903022773
0.828700564111177,-3.2757153811076885
0.829797890487797,-3.2739185874331778
0.8309832649475497,-3.272048887243015
0.8321385615603948,-3.2702775885366866
0.8326726488961314,-3.2677315592592966
0.833407858900826,-3.2653662010727227
0.8342512615337392,-3.2629328582861583
0.8351780334526542,-3.260187457408206
0.8365869605690103,-3.257742726968794
0.8390960543098303,-3.2562932706311343
0.8413775404712137,-3.2547756404057746
0.8440689165859114,-3.2534648552046597
0.8465805768796315,-3.2522656342439658
0.8491267971644377,-3.25099492568962
0.8517895407299555,-3.2496357175745194
0.8545108407176109,-3.2482759739529783
0.8568994790014439,-3.2472314403181124
0.8593831410991637,-3.2462728675696964
0.8617828419197174,-3.2454099362049487
0.8638789258269356,-3.2448353193827653
0.8658945899215688,-3.2441894920619894
0.8681405392997672,-3.2433341397516084
0.8702451983020637,-3.2425857748101015
0.872312138605861,-3.2418044538848974
0.8744554319022824,-3.2409899751759372
0.8760712603510361,-3.24056529710421
0.8778716850312864,-3.2400566775189668
0.8805083841131877,-3.2401670634028648
0.883165773352073,-3.2404193222422415
0.885776869847235,-3.2404576656701254
0.8895368966109989,-3.2416251202874222
0.893361476303517,-3.242915516660219
0.8968620580116067,-3.24448847439197
0.9001940649837139,-3.24619099730808
0.9037106057973655,-3.248016355695581
0.9072773669567906,-3.2497760583161233
0.9107475204045051,-3.2513598115032023
0.9145050734866509,-3.2531702788596824
0.917799871632968,-3.2553168321090618
0.9212064768984993,-3.2575638448660467
0.9244597425013693,-3.2599855829624014
0.9275694124543322,-3.2625754259804274
0.9308086419017909,-3.2652814790810285
0.9339288317493161,-3.268063176755275
0.9369959398552182,-3.2708797892851567
0.9399482193452776,-3.273593431197363
0.9427767191434099,-3.2764604084320306
0.9455049225955514,-3.279441836828395
0.9483968940350324,-3.282569939219525
0.9513510948033708,-3.285645037551825
0.9542341740570882,-3.2888028174158097
0.9578506556514185,-3.2928473517749715
0.9618097012502459,-3.2970954156376657
0.9658190053517209,-3.30128227441149
0.9708661112721176,-3.3062794147863817
0.9755505071062006,-3.311170005505174
0.9805538539966514,-3.3157968753672007
0.9856306745262209,-3.3208748726245245
0.9903765240080693,-3.325495862124733
0.9953524518649085,-3.3299270898756235
1.0004931225506972,-3.3343727432193155
1.0052060533202405,-3.3387216711243375
1.0099899929070844,-3.3430122497031856
1.0148586965355726,-3.3475229869161898
1.0193690691485335,-3.3520932324536656
1.0237995515997766,-3.3567293958279656
1.028389007435693,-3.3612784907589366
1.032835713653268,-3.3658029090551635
1.0371545672877747,-3.370432443158217
1.0418301370903928,-3.375167655168398
1.046343893625885,-3.380171415509832
1.0506642262141357,-3.3853336528604943
1.0551211095594193,-3.390678196352352
1.0608434934437232,-3.3974144358603735
1.066409953836803,-3.4042758870069174
1.0720440817054653,-3.4111237608132154
1.077763036546119,-3.418296668313916
1.0823665494066306,-3.4250589308931243
1.0872436431079535,-3.4320659436194783
1.0917848339076488,-3.4393776045514723
1.096230870425911,-3.446775678202606
1.1008245047682645,-3.454305431459296
1.1051011609368167,-3.4620763051713626
1.1095928956641568,-3.4696497658576586
1.1142744925194563,-3.4773924876542135
1.1187364375000977,-3.485336999931691
1.1230237588182463,-3.49346917854365
1.1272077226988693,-3.501508219291119
1.1312853648336794,-3.5096828069754116
1.1352170518085343,-3.5175851116059262
1.1393362612619193,-3.525629095618163
1.143773172755121,-3.5333581629089017
1.1478756765685734,-3.540884273329871
1.1522045465196047,-3.5483069991151237
1.1565305302602515,-3.5557391077297726
1.160739407615488,-3.5630340598743837
1.1648813768775041,-3.5703080309704043
1.17070697896972,-3.579221100434145
1.1765015332110744,-3.5876533670707587
1.182437077214837,-3.5960718679572823
1.1885453703818543,-3.604281698032729
1.1936493835629998,-3.611088859531183
1.1984375836772763,-3.617642667718269
1.203111017037404,-3.624336147895626
1.2076691558043673,-3.6307476936315117
1.212449881527902,-3.637139356859601
1.2171878523056123,-3.643519040282508
1.2219695956893168,-3.649431047253896
1.2267043317419,-3.6554614238547782
1.2310421547979968,-3.6618324714328803
1.2353617752726336,-3.668049320985537
1.2399754961544462,-3.674241846384621
1.2446987357313974,-3.680337425572601
1.249461297847172,-3.6861448122157903
1.2545958394270922,-3.6919031972670915
1.25969925185541,-3.6976493995052166
1.2646524373584704,-3.7034337130677506
1.2698538916812498,-3.709335905449523
1.2752352049555562,-3.715133212386248
1.2806051050876168,-3.7209203648750457
1.2876234997363754,-3.728064493490775
1.2945731877123683,-3.735231773622921
1.3013767722354803,-3.7422691009773033
1.3069439107938758,-3.7478163010545824
1.3123100037287767,-3.7536104579382044
1.317985377142428,-3.7593659947663607
1.3232996179326721,-3.7650258344787892
1.328864047583654,-3.7705172548214523
1.3340444863131213,-3.7756670163262473
1.3393354060672413,-3.7807299873177573
1.3445062518934703,-3.785942086621124
1.3494918835438372,-3.790989459239112
1.354712940880869,-3.7958514129803316
1.3596330584500458,-3.8010861985890463
1.364243665005887,-3.806045771289792
1.3687020608089904,-3.8111276578937665
1.3732911225194029,-3.8160503248517172
1.3777542530157298,-3.820861124185384
1.382344084817126,-3.8255733865106474
1.3868344387424525,-3.8304107512018177
1.3910022609235249,-3.8354587017014152
1.3950600095360535,-3.8405640169957684
1.4001687037889312,-3.846717811470676
1.4052046278214678,-3.8527908781813074
1.4103141164125745,-3.858767766126531
1.4152814597094239,-3.8648660262884653
1.420237522875414,-3.8709546637284356
1.423436168892864,-3.875451202376864
1.4265271099402659,-3.880033398666976
1.4293184881870178,-3.8843495687944976
1.4321059303533274,-3.8886717462648037
1.4346970554628908,-3.8931492355196493
1.4370951900820523,-3.8974555360823864
1.4394934046641987,-3.9017628038891123
1.4416853432134504,-3.906233025313453
1.44352321175589,-3.910389104776646
1.4454574860314602,-3.914483683744295
1.4468675919143243,-3.918619663519641
1.448231063892075,-3.9227455167125447
1.4497528456051112,-3.9266754596140387
1.4510521464960184,-3.9305463387818462
1.4524592270436367,-3.9340706204040123
1.4538232010434573,-3.937649600191424
1.4547372490945274,-3.9411530371164716
1.4563533662995678,-3.945507799954235
1.458138668567384,-3.9496537775227822
1.4599451959679204,-3.953647464190532
1.4617315974837632,-3.957326999994041
1.4633841507830692,-3.960837648208669
1.4646878582316367,-3.9642238647260677
1.464422000099301,-3.9659052377041863
1.4643147065417068,-3.9674638870409664
1.4642443336262876,-3.968966375871543
1.4639664370184837,-3.970402832917645
1.4639279238545304,-3.9715411338105078
1.4637900521807514,-3.9725526556556225
1.4635077989864498,-3.9732106971055927
1.463360996324185,-3.9736999540107303
1.4633101353637352,-3.974153238444698
1.463185765768338,-3.9742961190896433
1.4633341648395288,-3.9740989231302226
1.4635649755406088,-3.97374611841369
1.4635565294754864,-3.9729705314942283
1.4636937884680123,-3.9720130333981944
1.463822397053643,-3.9709971562037576
1.4640135192363048,-3.969515073828036
1.4642659095013597,-3.967956149851743
1.4646357094897207,-3.966240383875984
1.4648280989573403,-3.964115639904197
1.4646891056330982,-3.9616236503739084
1.464804505613834,-3.9586437602128157
1.464725066265181,-3.9558475589432485
1.4633039642427192,-3.951644445731828
1.4619078636460492,-3.9474818011583293
1.4606498166650799,-3.9432510420164943
1.4591908141738972,-3.93862457882082
1.4577176037013344,-3.9341001319340263
1.456588161717634,-3.9291451919506555
1.4548416136225553,-3.9239138537646996
1.4535637035029543,-3.9187195391321104
1.4521367897155626,-3.913707622036518
1.4504078465854067,-3.9083631482839647
1.4488785907800197,-3.903217104398487
1.44742376501853,-3.8979754182043287
1.445494358725932,-3.892394956707797
1.4437847564978856,-3.88703762620252
1.441904219858859,-3.881831716648111
1.4400800001864655,-3.876674317990204
1.4382469305574994,-3.8715209594450792
1.4361599070091853,-3.8666792988433683
1.4339448853349606,-3.8617223315145366
1.4311904792070915,-3.857187132272825
1.4271212149569878,-3.851158626936007
1.4233649519700107,-3.8452913168365543
1.4184979949214442,-3.838209887317837
1.4133072897570271,-3.8314974769147305
1.408020027328056,-3.825077889676093
1.4024509895607022,-3.818707892001731
1.396552594031764,-3.8128322181195853
1.390661983936391,-3.8069932529747144
1.3846221251292579,-3.8010212030476054
1.3782411013054239,-3.7953498962400025
1.371654888005799,-3.7899046669807666
1.3650926090651274,-3.7844808615405827
1.3580383375546994,-3.779465736214928
1.3507230856780672,-3.7747587338964124
1.34325101469508,-3.7702085907263294
1.3356962709073394,-3.765757118204142
1.3277686887656721,-3.7615996740614954
1.3198613289879897,-3.7574608038017643
1.311558322877744,-3.753805185824384
1.302938068228944,-3.750399802502042
1.2943420039977098,-3.7470168166433413
1.28567730104205,-3.743715170545197
1.276511443169967,-3.740356771899538
1.2656053855150127,-3.7350325065768333
1.2542114690389814,-3.730128039629018
1.2422554012335765,-3.725394718417201
1.2303783884922757,-3.721149287362683
1.2186005003874947,-3.717567602175636
1.2064383453973486,-3.7138602853808855
1.1939967203930535,-3.7103761191490374
1.1817132178378986,-3.707130150487702
1.1693144557273298,-3.703975782959849
1.1565401227944383,-3.7008743467426335
1.1438892075015998,-3.6983303465958306
1.1309596820760355,-3.6960103844263497
1.1177307676899988,-3.6938522431338265
1.1049053903943025,-3.692176208409575
1.0918457235523886,-3.6906893082506698
1.0786444550431908,-3.6890241200408047
1.0657432673191738,-3.687721793196448
1.0526452781754383,-3.6865790670516554
1.0392359312913042,-3.685253195129192
1.0261804990824646,-3.6844060459989407
1.0130810629498535,-3.6835954598074347
0.9977058238335572,-3.680391788584356
0.9825406906574642,-3.677295774276481
0.9674156776265503,-3.674171215624374
0.952198343120276,-3.6706513541587085
0.9370879955110698,-3.667581340411893
0.9221472837007922,-3.6643774655197565
0.9084419231472027,-3.6625632834627337
0.8947155494408122,-3.6607766808198017
0.8812423030785081,-3.6591503603013202
0.86762404763483,-3.657290468725504
0.854181056381857,-3.6552225607418567
0.8405884644909606,-3.6534541073521276
0.8273338958763822,-3.651287115464411
0.8140891368992283,-3.649110607705633
0.8011305305624937,-3.6471341747899713
0.7883231604726408,-3.6448521427016964
0.7756572708681623,-3.6424031161937283
0.762866107472897,-3.6402551377217978
0.7503429815262815,-3.637609858897377
0.7380430077748521,-3.6346927923101857
0.7260230288261059,-3.6320654560690318
0.7141075490293962,-3.6293087981832284
0.7024016423564042,-3.626381720150286
0.6909726867261835,-3.62355506748568
0.6784450034721593,-3.6188643173017163
0.6659535819257254,-3.6139102206826554
0.6538971170889673,-3.6092027894995535
0.6420334806681884,-3.604271943859127
0.6306207722214624,-3.5994030410862528
0.6213468363326735,-3.596543636848463
0.6124804557479097,-3.5933480207739446
0.6039571682798952,-3.59004390401933
0.5955948166630387,-3.5866080024163836
0.5877168408525845,-3.5826009533836984
0.5801786365255478,-3.5788888055307337
0.573194448752998,-3.574719853281338
0.5662811435790284,-3.5707399129112627
0.5595125957256916,-3.5666935203705057
0.5528262620197574,-3.562835805790227
0.5464801973505675,-3.5585787102450497
0.5404906450146523,-3.554057011064259
0.5347620228986545,-3.5494875158587935
0.5291270768226282,-3.5448093883116467
0.5236467024496212,-3.5402472842961883
0.5181901947053319,-3.5359573985234887
0.5127734877344069,-3.531622778602139
0.5076107278528842,-3.5271590660140104
0.5028450273290991,-3.522831828509818
0.4971740514463097,-3.5172976696288325
0.4917357861743316,-3.5115145705505317
0.48865767991126696,-3.5082986356361117
0.4854161296662085,-3.5052322686366053
0.48204587313465835,-3.502314705931817
0.47897548845963167,-3.4996576660350365
0.47605697479864695,-3.49681576078426
0.47338041078899756,-3.4937246594834797
0.47093453834876925,-3.4908063493698385
0.4684735275081429,-3.4879070593744843
0.466006494634088,-3.4850279779497404
0.46400480330327876,-3.4821222849849938
0.4617438402245373,-3.479179388915999
0.45974598561644664,-3.4760175547766687
0.4576974497317389,-3.47280087172534
0.45598355827055365,-3.4692726333268995
0.4539963173055079,-3.465555611222753
0.4518827719535056,-3.4622110177570584
0.44970644960631734,-3.4589149674008572
0.44772069259154057,-3.455376910028523
0.44590024385966276,-3.4519862974563527
0.44350707403922,-3.447911746045523
0.4414227255029875,-3.4435252279958393
0.43926518341976745,-3.439075492869941
0.43712380149081587,-3.434634801239002
0.43487053426399075,-3.4303114312380933
0.4339497508339408,-3.427492861535054
0.4331567500572902,-3.424812891113172
0.43226734861208266,-3.422213969027897
0.4314025232704723,-3.419660949366643
0.43077442344939026,-3.416878999022863
0.4299221817906651,-3.414285456850227
0.4290680305711285,-3.4116962484474316
0.4283334355374142,-3.4091201434801905
0.4274945440884576,-3.406631978685487
0.4265967344338346,-3.4045091272762926
0.4258472853213965,-3.402112037381656
0.42486558993149165,-3.39991045279882
0.4239823949820392,-3.3975707417097145
0.4230705449488726,-3.3952022466488514
0.42198449338009314,-3.3929806531582543
0.4208019897389874,-3.390922531619727
0.419549552147576,-3.388911023507148
0.41815464039593275,-3.387019793496066
0.4165972006279203,-3.385052049456211
0.41490783064889863,-3.3829721906210195
0.41339593362876725,-3.38073364840495
0.4116261848180301,-3.3787095919383416
0.4096024405062152,-3.376464248547771
0.4073148807531003,-3.3745173989916037
0.40584650317731336,-3.373532119369189
0.4041058473947365,-3.372830858098395
0.4021696132188147,-3.372010793319339
0.40012211541178233,-3.370876892054077
0.3981070014627119,-3.369677273290074
0.3958508378632636,-3.368656949054467
0.3934789632594596,-3.367495908914324
0.39094191146036594,-3.3665197016809034
0.388143647656142,-3.365566640514581
0.38508600468923215,-3.364424899602835
0.3818976691694941,-3.363378759647998
0.378436665077401,-3.362568835542636
0.37516470694823123,-3.361717104765404
0.3718008612303473,-3.3609426628558405
0.3683365620464167,-3.36055159127525
0.36454141898807424,-3.3602763957635564
0.3606620921072022,-3.360493398542901
0.35697966716894625,-3.3604818519838586
0.3533249976758473,-3.3603631113763615
0.34960877509557003,-3.3601625114662945
0.34580185993659457,-3.3600380199982727
0.3424377867607869,-3.3607484277002135
0.338843828501252,-3.361504872964638
0.3349140079640634,-3.3626774053942845
0.3308689059123353,-3.363983627456462
0.32660977754874027,-3.3650292594765396
0.3222137219813695,-3.3662268469207848
0.31774001923108,-3.3675143715961298
0.31323840961292343,-3.3687429990349607
0.30833599899875164,-3.3702476133839805
0.30299928276748006,-3.3722553481149036
0.297498245527102,-3.374076482544108
0.29161609837007707,-3.3762183447733016
0.28548608902155664,-3.3784578408537835
0.27911379581679596,-3.3809021985225844
0.27235978197199695,-3.383016146569896
0.2647099112646595,-3.386029836453411
0.2567642861286236,-3.388664116641938
0.24842936137236662,-3.3917093677287933
0.23954291391501809,-3.394135610701078
0.23013396416356166,-3.3963699362397732
0.2202962020850877,-3.398158174172879
0.21021859381202798,-3.40022218067952
0.19995290664552684,-3.40244469274008
0.18952854133771718,-3.404531920618026
0.17901483491588652,-3.4066959417034877
0.1684744894283521,-3.408890918829917
0.15777327658681206,-3.4104967452959603
0.1470475085419217,-3.4125503586934633
0.13629263887033252,-3.4145549602004355
0.12545899572267344,-3.416493862458433
0.1145699864504932,-3.4185249492817915
0.10362977170987694,-3.420590391596863
0.09279626267094035,-3.4227496061661435
0.08197320266018443,-3.4249205641961313
0.07123047509340434,-3.4269638002128513
0.060531110018030736,-3.4290461283573377
0.04962459273744151,-3.431371004998271
0.03858338460106836,-3.433776421856832
0.028029518622161083,-3.4366003233525806
0.01763639953526591,-3.4392683262313932
0.0065478698194577035,-3.441337897853141
-0.0042870987871569295,-3.443624533689433
-0.015147036162703086,-3.445962215041083
-0.026207218139781774,-3.448403406497152
-0.03679403127318185,-3.451247793159326
-0.04709175334735656,-3.4538558201905323
-0.05747184210478565,-3.4565225343911887
-0.06758159335963493,-3.459418837507948
-0.0775133049056461,-3.462361379131462
-0.0876601226601404,-3.465488241435162
-0.09740596986295522,-3.4686558022425036
-0.10719556146804501,-3.4720497437761795
-0.11658989885872227,-3.4751056665772984
-0.12571767202736933,-3.4780193199776828
-0.1346788035066604,-3.4812353998402545
-0.1435951840000988,-3.484223798401273
-0.15223082732349455,-3.4869455782036884
-0.1609772600340227,-3.489892008346483
-0.1692963698253477,-3.492590484393022
-0.17728628131082216,-3.494943380709875
-0.18512600915105248,-3.4975109301968983
-0.19272370827684837,-3.4996476097115634
-0.20008280926693764,-3.5017109041923193
-0.20775761595496592,-3.5026363305154566
-0.21509750990021878,-3.503657612983502
-0.22175488671814023,-3.5040003985657027
-0.22771233799424612,-3.5043819779024084
-0.23339823611699914,-3.5045101692679292
-0.2386793795000008,-3.5051503965783932
-0.2430778979177875,-3.5056789160209454
-0.2469086320814522,-3.506454530466721
-0.25051586519474844,-3.506828682208689
-0.25355565770134647,-3.5067150759569974
-0.2563244806837535,-3.5068776213707875
-0.25900967507111705,-3.5069552060625915
-0.26163230852513003,-3.506979148365724
-0.2636530888939156,-3.5071728534442173
-0.2652969995571141,-3.5072168352351785
-0.266614139818487,-3.5069798383202744
-0.26750163893547646,-3.506738177476559
-0.26796778028889484,-3.506540708227256
-0.2683474198539056,-3.5062689141667716
-0.26851553934618777,-3.5061332281794506
-0.26847098765884664,-3.505794014208069
-0.26805728233848336,-3.505577871711802
-0.2672940336751056,-3.5051566646744696
-0.2662277081105351,-3.504411300572488
-0.2651016970351698,-3.5032494755013817
-0.2640909891310052,-3.5019911598335933
-0.26309343774505756,-3.500747820267984
-0.2613425764396098,-3.5000380196610266
-0.25962546251662294,-3.499300204020346
-0.25765766213848446,-3.4982772923687353
-0.2551265851606071,-3.496769523550013
-0.2528901677218665,-3.495014134208857
-0.2505087559827481,-3.4930686782603155
-0.24795479823025318,-3.491061554500414
-0.2454522650390866,-3.4887219245002545
-0.2429719839654746,-3.4864075291656316
-0.24010552110706063,-3.4839020283665065
-0.2376457996820516,-3.4813189718448174
-0.2349017097688111,-3.4784126682368965
-0.23223835284416441,-3.4754192456082915
-0.22953091376219148,-3.4722492567832277
-0.22676671115520536,-3.46904485593511
-0.22394924100795688,-3.466059587151165
-0.2213125012124186,-3.463228476818535
-0.2184376635860371,-3.4601481761910566
-0.21572457676176143,-3.456931799235578
-0.21277889092422578,-3.4541944919540675
-0.20965949846774276,-3.4512596799438775
-0.20641060679750364,-3.4484368896838276
-0.20318577228119197,-3.445647280949343
-0.1992775613948681,-3.4436774115029265
-0.19555581318261944,-3.441893791331348
-0.1918418381484787,-3.4401038275915035
-0.18828021797944608,-3.4383976553525364
-0.18445680985525037,-3.4364303705000334
-0.18061214305746964,-3.4344815633804946
-0.17687114459801861,-3.4326186757535253
-0.17311494664597096,-3.4307851245144314
-0.1693540688284212,-3.4289559147862096
-0.16591879995077619,-3.427385647993448
-0.1619915213178879,-3.4253852880172273
-0.15846045597123876,-3.4230491081684136
-0.15493476235452977,-3.420700017340446
-0.1514183288313544,-3.4184057729993644
-0.1482636203736086,-3.4158044634388567
-0.14532810298068347,-3.413409097638847
-0.14224168509458884,-3.4109350075550013
-0.13966930933594932,-3.4080238185532217
-0.13697830203894495,-3.4049739940273787
-0.13425888730790103,-3.4018108509327574
-0.1318414554245928,-3.3986273681387487
-0.12960492939727328,-3.395312231150789
-0.1274062799412731,-3.3920991104228633
-0.12537745099604458,-3.389058589191413
-0.12326837676821736,-3.3861397847041697
-0.12124961683839963,-3.383075101843829
-0.11932919415865158,-3.380122181813445
-0.11752177327362619,-3.377155009064574
-0.11594463440302727,-3.3741467650877266
-0.11444289734858698,-3.3712240671726135
-0.11303299143326978,-3.3684614173872713
-0.11170092804407716,-3.3656217051424986
-0.11045422898607461,-3.3629042449537425
-0.10928473963180482,-3.3601200478438034
-0.10852260549816418,-3.357686200622194
-0.10764988219537222,-3.355126233914128
-0.10676883091720789,-3.352572735715522
-0.10569324382063557,-3.349851332721749
-0.1048438784338687,-3.347386913376982
-0.10394039837522609,-3.344967972656069
-0.10338170317832795,-3.3428457108390837
-0.1026923059490096,-3.3405745276539704
-0.1020150461163998,-3.338116404959487
-0.10137180120610474,-3.335688661274599
-0.10121493253395526,-3.332859879913349
-0.10094461260735285,-3.3300933273440907
-0.10110155475769012,-3.3270141565544438
-0.10148393879707238,-3.3239992000082124
-0.10197633545912041,-3.3211091244736717
-0.10238009661703165,-3.3181296032722454
-0.10274103759765953,-3.3151613294525437
-0.10288872466808822,-3.3119758246873285
-0.10296136372266562,-3.308757665629814
-0.10334971519639231,-3.3056088102084757
-0.1039353769523257,-3.3026469215596186
-0.1044594057905668,-3.2998228985251115
-0.10496308458069356,-3.2970385908907383
-0.10555696138105741,-3.2943099902603974
-0.10600275245613598,-3.291572035116913
-0.10653297488989548,-3.288912608541734
-0.10752172932167031,-3.2866455666511882
-0.10831545860543157,-3.2848833621826072
-0.10915244312762531,-3.283209630102662
-0.11010577110284596,-3.281636342292474
-0.11094232164894878,-3.280373472788569
-0.11160512648818656,-3.279134391186854
-0.11277707398375232,-3.2783355067657745
-0.11359763141343635,-3.277641053686427
-0.11501408050156299,-3.2765644620045986
-0.11658474757936167,-3.275536485851283
-0.1179520880595131,-3.274615404973033
-0.11952676951080327,-3.2737563299829224
-0.12128047892812112,-3.273110687653679
-0.12308500840770875,-3.272483434231236
-0.12484810495867894,-3.272011817583813
-0.1267822727074287,-3.2714622413728036
-0.12858851127513327,-3.2707887956536696
-0.13045147393287515,-3.270309525761144
-0.13225535298974914,-3.269723541483966
-0.13414820269218733,-3.269233778405112
-0.13626753310941947,-3.268906120351919
-0.13853177905900163,-3.2687212622284734
-0.14081477551424887,-3.2685579261893585
-0.1431127254476021,-3.2684228583776087
-0.14542301492930462,-3.26836487342778
-0.14803983844801746,-3.2686145035158463
-0.15077952226297728,-3.2687588750570136
-0.15366235241441992,-3.269055388401749
-0.15642376273614614,-3.2692266471908424
-0.15932066678184456,-3.2692819168570098
-0.16267706323843414,-3.2683710003535587
-0.1663416584123589,-3.267809045971378
-0.17010014625698341,-3.2674515874843766
-0.17381550299799675,-3.2670811578476058
-0.17735397050616428,-3.267437886920427
-0.18084834185013873,-3.2677533843268476
-0.18438356924551175,-3.2678821758186234
-0.18789512155286212,-3.2681757875450765
-0.19146363318553392,-3.2684896194640847
-0.19505184899394162,-3.2689511495949652
-0.1989288972806404,-3.269678672148968
-0.2029377693355717,-3.2705521031313443
-0.20698577496206927,-3.2714882568777273
-0.2110576357154272,-3.2726957663523257
-0.21508776744382577,-3.2738562731265235
-0.2189592996707195,-3.275066704694402
-0.2231423756941765,-3.2764929203735136
-0.2275083663616493,-3.2781257714521965
-0.23167590593265627,-3.280062490721001
-0.23607368490932543,-3.282214061083997
-0.24067480976047687,-3.2845953239137087
-0.24491663401680636,-3.28694643971384
-0.2495585175535662,-3.289611101755934
-0.25426552198592123,-3.292338135672415
-0.2585319579198947,-3.2952290093113454
-0.2629537230668563,-3.2979733897988543
-0.26739809316898916,-3.3007375800605034
-0.2721276580379039,-3.3038236599607673
-0.27617288300130327,-3.307630436371282
-0.28059343705466155,-3.3118487617681867
-0.2847948888247668,-3.3162626691661314
-0.28891681320701273,-3.320573217997359
-0.29285771570892705,-3.3250358536551103
-0.2967393324751218,-3.329469337630913
-0.30074467401400656,-3.333994488910881
-0.30448962347791153,-3.3387386218633646
-0.30845579536198,-3.3437122578851985
-0.31230464792069684,-3.348551882505255
-0.31595967119735135,-3.353553660146928
-0.3195767181413729,-3.35851706337575
-0.323101428273343,-3.363353208368887
-0.3264710558570158,-3.3680652336336876
-0.33000961798452266,-3.372967536997214
-0.3335142849835974,-3.3778711626139897
-0.3365748579368227,-3.3826542531150685
-0.33946560492906086,-3.3872836452083206
-0.342179774548346,-3.3918144629910616
-0.3447343497758393,-3.396269104737192
-0.34669166320209166,-3.401506605913424
-0.34842651132319147,-3.406835713307854
-0.3494656456287436,-3.412920377299281
-0.3501495430679471,-3.418873515157207
-0.3506001073959236,-3.4246050052940755
-0.35077370559211213,-3.430071252948927
-0.3506128624202492,-3.435362574089743
-0.3505170168321426,-3.440709150476026
-0.3500651369794045,-3.4459074713737445
-0.34948716287765613,-3.451066662033164
-0.3484324706706791,-3.4558117481872266
-0.3475246911049743,-3.460571964235611
-0.34620990032418963,-3.4651628332531583
-0.34477207459373416,-3.4696459948319447
-0.3432518558548551,-3.4740016986271707
-0.3415278654009598,-3.4782419531176014
-0.3395455800737115,-3.482251890040879
-0.3375774450637049,-3.4860616867757255
-0.33519513242261817,-3.489746775619718
-0.3326038809755262,-3.49322275493046
-0.33010447683696426,-3.4962562724897266
-0.32737642329437683,-3.499078105864866
-0.32428836824906737,-3.501536901358538
-0.32100842843643046,-3.503454408583231
-0.3164345302367991,-3.506076735803982
-0.31154465866621994,-3.508420289319701
-0.30685980943377916,-3.5103388040598493
-0.3019799921567321,-3.512435450419048
-0.2967798847624237,-3.5142559702847715
-0.2910006890904163,-3.5154188249945526
-0.2854112335666413,-3.5164224913746414
-0.27898087886825573,-3.5167022456528043
-0.27247731604728914,-3.516448529161303
-0.26565045180602065,-3.5160445199078567
-0.25876027405946633,-3.5151471687406883
-0.2512926471690645,-3.513729405302175
-0.24374173924229325,-3.5120666466831514
-0.23599761388415078,-3.509933956090658
-0.22789604211832926,-3.507454233042935
-0.2197889804452675,-3.504967674789728
-0.21179405217319072,-3.5022939359571637
-0.20343217952982612,-3.499310859059421
-0.19509550433472758,-3.496154042985874
-0.1862900076960353,-3.4924885358603173
-0.17733454126825107,-3.4886194477324692
-0.16739794902062194,-3.485430238420201
-0.15741505724074997,-3.4819772326749545
-0.14702513059821798,-3.4781824040073226
-0.13670279055463344,-3.474425609836843
-0.12651123984451987,-3.4705551210820493
-0.11678764469074432,-3.4657862419197922
-0.10678591357396512,-3.4607651444691077
-0.09655552522486004,-3.4555488211126284
-0.08655160560184151,-3.450137310502515
-0.07657661604998446,-3.4447601381236215
-0.06687292805139433,-3.439615896745896
-0.057255543076519616,-3.4343955815542486
-0.04743186822194535,-3.4289404999842756
-0.03762041622046749,-3.423560883070237
-0.02797602098267649,-3.41803567643773
-0.018598829915739114,-3.4127265490383705
-0.009237050032223505,-3.40741096958733
-6.252450293159841e-05,-3.4019327314196164
0.009031317182036886,-3.3965149153943988
0.018127639113587713,-3.391123887703455
0.027198676942701523,-3.3857084358431515
0.03617431989759729,-3.380333242130041
0.04497144812660239,-3.3751383869344673
0.053722587469960094,-3.369926584403037
0.062218639319897046,-3.364679248793869
0.07045733149822628,-3.3597278587846042
0.07864578271441626,-3.3548332287086655
0.08664767895059428,-3.3500721909607964
0.0944203175249871,-3.345575011303358
0.10131723178110265,-3.3400001450307317
0.10777259030348992,-3.334559382890362
0.11412136581844078,-3.3292412045478965
0.12016532966786311,-3.3239278696018912
0.12603128113661782,-3.3186818747739477
0.13148530277056142,-3.3139087787681243
0.13710671895966678,-3.3089361969753464
0.14205777874859593,-3.304116076281706
0.14659515826820507,-3.299759127829724
0.15057162597714752,-3.295257792315479
0.15447235892567665,-3.290900839028569
0.1576715072743051,-3.2872020864929223
0.16076887775611676,-3.2834135167338623
0.16352460053986012,-3.280008980836804
0.16611984379462966,-3.2767248907142674
0.16844773528082033,-3.273207550684678
0.17086938829086404,-3.269623054574223
0.17253414432792313,-3.265961976720234
0.17424830691360513,-3.2624732201772435
0.17538814469074127,-3.259402443542165
0.17662254891423115,-3.2562790962493593
0.17683702221756567,-3.2525066699975835
0.17660976889941107,-3.2486521686595453
0.17600744910971974,-3.245117674787287
0.17540905806572382,-3.241577910055097
0.17493575132387354,-3.2381462557559506
0.1743206463075293,-3.2348353267345997
0.17326803667466903,-3.2319606041093083
0.17194773038865438,-3.229295953710074
0.17052276430561852,-3.2268796358968985
0.1692199717508656,-3.2243227641068875
0.16791034217593995,-3.2217966456419957
0.16652927694702316,-3.219307321206963
0.16496957325612616,-3.2170219824514237
0.16338128693606327,-3.215078719036039
0.161540245180437,-3.2135527560504342
0.15974875235895744,-3.2119698180751057
0.15812327211339133,-3.210378985289818
0.1565023745373063,-3.208857859182625
0.1549674819519399,-3.2072381272001556
0.1535404405478034,-3.2058845721748326
0.15193400815978472,-3.20466989672232
0.1494798896622986,-3.202824564437736
0.1470772228917133,-3.2009453186227472
0.14461379961757098,-3.1988511509822417
0.14239037211307648,-3.196781187225873
0.14015393754053376,-3.19455739881454
0.1379577193450751,-3.192328554708143
0.13557675583645643,-3.1899391217475057
0.1332422111025937,-3.18754379787551
0.13061601771996564,-3.1850212656754415
0.1282069189495514,-3.182557479751722
0.12568837790582238,-3.1800363534655878
0.12339446587622493,-3.1773029247315545
0.1213557656712961,-3.1744352583484567
0.1191974036908794,-3.171412865093744
0.11674367882365755,-3.1686710950446746
0.11451804376876705,-3.1661574599534497
0.11248928605790616,-3.1636444382997495
0.1109367758144876,-3.1611708183969167
0.10937171033764781,-3.1587080464623436
0.10790482723029174,-3.1559239713370197
0.10596125168209586,-3.1525486875541775
0.10415362879620291,-3.1490265883310484
0.10229087864239186,-3.1455680670958523
0.10070141113335083,-3.1423474790333783
0.0990843219464497,-3.1391206951123607
0.09805852689855929,-3.1361084325410773
0.09701979093979023,-3.132954232087388
0.09620530290321125,-3.1297255508707758
0.09539995301243451,-3.126489401114718
0.09448319466277551,-3.1230972129166807
0.09365253434488986,-3.1200279625432943
0.09282896589508145,-3.1169529801869977
0.09185721578692131,-3.113906180408334
0.09088931875619664,-3.1107646773040845
0.09006332975746309,-3.1075008648560987
0.08916935428307053,-3.103944311326357
0.08816887704012982,-3.1005306113452233
0.08738727599978495,-3.0969278592620837
0.0864475919833309,-3.0935095170766704
0.08551228242775533,-3.0900567048161554
0.08484158078646559,-3.0863750033008426
0.08404519145998483,-3.082634315779157
0.08309095218308833,-3.0787019071654407
0.08243946724293963,-3.0745072072172452
0.08102267568928079,-3.0696655728539812
0.07955578217309651,-3.0647802553736825
0.0782347080264765,-3.0598033715025914
0.07689737006575405,-3.0550482054668757
0.07526242888221463,-3.050188422848926
0.07395650837238152,-3.0450006626419612
0.07350860873876909,-3.040739176415324
0.07307852736780948,-3.036452377995779
0.07264414795451143,-3.032254679012094
0.07253174445792435,-3.0285223852861005
0.07223013983967254,-3.0250992212219963
0.07210221669611043,-3.021457511295573
0.07254699547139976,-3.018316548828454
0.07254937859068607,-3.015560205434481
0.07297832602238331,-3.012765566254947
0.07391003755334735,-3.0105417788872595
0.0747267013255696,-3.008576405166001
0.07548061954749398,-3.0066822618383746
0.07639523109475137,-3.0052872205397714
0.07724627246057136,-3.004200145062608
0.07832461162162445,-3.002855906551081
0.07972342403204451,-3.0017628782277725
0.08116009015728742,-3.000451118837609
0.08206096284307396,-2.998958407484096
0.08275748881558462,-2.997649120047089
0.08364955804203984,-2.996511709056875
0.08530401781304724,-2.996064409911407
0.08682617711914581,-2.995766410146258
0.08836928499312585,-2.99548874427522
0.0902869959838368,-2.9948811290157913
0.09208953399189204,-2.994403477580994
0.09370931183095338,-2.994162029391273
0.09553763223415992,-2.993875104081823
0.09710188055948062,-2.9938866621064433
0.09851752868570382,-2.993918706094712
0.10043811062956119,-2.9937570067821966
0.10255015053515448,-2.993378068619069
0.10485867374451688,-2.993067748382693
0.1072975720337107,-2.99304034156257
0.10981517836833707,-2.992956902632619
0.11250269494904645,-2.993209061201717
0.11560305602186555,-2.9939238909931776
0.11895394395521168,-2.994353486147019
0.12257405673765936,-2.9951313427599944
0.12628210055475927,-2.9958276238580392
0.13028085390250793,-2.99681795255366
0.13402272056496645,-2.998042595123979
0.13764628278284619,-2.999542430682133
0.14165664824280755,-3.0014361464141857
0.14587483608061916,-3.003108704092096
0.1507419512469875,-3.005545061138192
0.15579685857229564,-3.0081469247015256
0.16060521394277905,-3.0109615293101215
0.1649497965895817,-3.0139997353420935
0.16969942928524648,-3.017238638930509
0.17422191810577997,-3.0207320270847164
0.17852868717890605,-3.0241386541552795
0.18297034027909248,-3.0276329339505814
0.1872812694813025,-3.031272417244725
0.19106555055261926,-3.034651782236634
0.19520554354192557,-3.0378584962540782
0.19892749999567058,-3.0415384985225824
0.2022801444243794,-3.0448956338622923
0.2059385043057648,-3.048041411472179
0.20941520753262746,-3.0513922580287742
0.2123895755684677,-3.0541829981176822
0.21548705389091552,-3.056724832412405
0.21968876149514577,-3.060513645321919
0.22336948234576726,-3.064167392645547
0.22729661771080953,-3.067608650946801
0.23111803538778433,-3.0712200465678334
0.23465310239601272,-3.0745535160089004
0.23818733642186687,-3.0778877755903906
0.24210740057468477,-3.0816451062591015
0.24612918621123492,-3.0852864530851534
0.2499094147250723,-3.0889784944158567
0.2537695165978031,-3.0928864651363748
0.25758799290921475,-3.0968420926703493
0.26151340462727696,-3.100667840548604
0.26504957326986467,-3.1048079782803057
0.2684543721534458,-3.1090595871536095
0.2719859164572439,-3.1130769812159698
0.27542710308026547,-3.117242787403426
0.27904184471382315,-3.121222485137869
0.2827498124504067,-3.125218791499963
0.2861690794688499,-3.1295957010372413
0.28944144569852825,-3.134117460306945
0.29259706736499086,-3.138461040059297
0.2956421812443266,-3.1425403064147726
0.29861371144096155,-3.1466818075316296
0.30134775064105856,-3.150519732859635
0.30390631749143265,-3.1541039992531577
0.3080594888338462,-3.159775879035254
0.3120990856333302,-3.1649649802797817
0.31598610070670513,-3.1703030719314764
0.3194673521646554,-3.17528551921885
0.32300606641470253,-3.180205438263474
0.3268893901461222,-3.184794507282336
0.3303470403619228,-3.189010548026779
0.33384352692551966,-3.1932375330794973
0.3372234493090486,-3.197605648102219
0.3404070387376277,-3.2018019456569755
0.34357878365475647,-3.2059690081237036
0.34718878867501596,-3.2097419358996016
0.3506165172268945,-3.2133552506233167
0.3542145465105609,-3.216804788595152
0.35796118876895794,-3.220102428625027
0.361771718852342,-3.2234560580943254
0.365460155919106,-3.2268826502311456
0.3692048745806761,-3.230360533998678
0.3728126923999292,-3.233821185096064
0.37679930058323685,-3.2370780469854163
0.3808837385147723,-3.240223345539398
0.3846858032865691,-3.243555796143506
0.38842905528064353,-3.2468505672909345
0.3929537825484163,-3.251450099180867
0.39735490225367776,-3.2562957583402294
0.40062153587562493,-3.259874995484925
0.4041404489664573,-3.2631689925913614
0.40742477787064146,-3.2663247890730127
0.4107372139838392,-3.2694087634968434
0.4137018142396568,-3.2722145685399244
0.41659309836398484,-3.275129701361229
0.4191653222402947,-3.2777653528184
0.42164802334406365,-3.2805029075502046
0.42428561485009947,-3.2831099949727016
0.4265967182849288,-3.284999108476256
0.4287759373705084,-3.2870426364878167
0.430823011760895,-3.2891989072014405
0.4327304493060965,-3.29123294737883
0.4348571565561616,-3.293056907625322
0.4370221742474681,-3.294903636725666
0.4389488671271087,-3.2965415562935108
0.44090320992198573,-3.2981339742882048
0.44280785316854715,-3.2997437684947153
0.4445707693178396,-3.30120807436604
0.4464341211283219,-3.302582197175649
0.44811818518918967,-3.304154951445982
0.44973128983307714,-3.305665574427667
0.45142671314757926,-3.3070638819616653
0.45303815255280633,-3.3085689505885516
0.45452288490179,-3.309963046598616
0.4541282038990602,-3.3095539719728526
0.4534719561858768,-3.309365189117609
0.45282749899173746,-3.3090621750214266
0.4523168163436665,-3.308805096419707
0.4518349842657484,-3.3085235483331377
0.45103137962765616,-3.3082182237115973
0.4502235947568178,-3.3079499373438033
0.44900769290278336,-3.308025510007862
0.4479064899920535,-3.307926220780344
0.446742169764321,-3.3078629157324904
0.4458188493048864,-3.307596169308723
0.4446564707819063,-3.307271640122941
0.44345764165326684,-3.3067197575959364
0.44195629849020074,-3.306422633124304
0.4403150440379925,-3.3061843493042353
0.4385209001531163,-3.305762644563016
0.43634898943667744,-3.3048449937547546
0.4341266477213497,-3.303678420655941
0.43177744067448237,-3.302618130548548
0.429376608724574,-3.301382761991208
0.4267983324848193,-3.3001892242458584
0.42432052532554276,-3.2989099509267237
0.4218097876159998,-3.297775283384977
0.41843746116190245,-3.295380633417239
0.415064213078864,-3.2929857889444554
0.4115195660925581,-3.2908206300965093
0.4078069887357404,-3.288693279737687
0.4040867274962633,-3.2869105670076215
0.4002790278674876,-3.2852184205580315
0.3967910986115374,-3.2838063799209873
0.3931600799819679,-3.2824680511271027
0.38959098971975253,-3.2816371832949796
0.38587537100360425,-3.2806615979062275
0.38182802294103024,-3.27996690425997
0.37789736424554743,-3.279909073250492
0.3740395222820627,-3.279511359863657
0.37017060796673706,-3.279122891782422
0.36606046906592415,-3.279010574132453
0.361587049492127,-3.27923155627172
0.3561168828979516,-3.278744018729248
0.35061085257071767,-3.278224967129243
0.3448259149341878,-3.278028737460795
0.3390304487673335,-3.2778775862526035
0.33314814436644996,-3.2776718765373842
0.32720854901614826,-3.277532451031646
0.3210635045888649,-3.2775674719324415
0.314754188341794,-3.2774590834735178
0.30813551927289834,-3.2777079506035
0.3012781323593693,-3.278159543907716
0.29432685213914,-3.2785292986669057
0.28746373400216046,-3.278797308112521
0.2805467738713847,-3.2791111143949445
0.2733768999319872,-3.2792046922044062
0.26577158022632114,-3.279722729514149
0.2578319791287876,-3.2800152942629466
0.24997460315825581,-3.2805773890284247
0.24192173928110539,-3.281364549993438
0.23373545104153567,-3.2816522479781716
0.22522486867691274,-3.282251024248576
0.21669146992028757,-3.2828756820296485
0.20754257832249146,-3.2831244999600475
0.19838924725797405,-3.283663378843813
0.1880862829740048,-3.2839377053259584
0.17754662341670274,-3.283668235309614
0.16656440013530063,-3.283864495372787
0.15538659705815838,-3.284276279186147
0.1443945783284669,-3.2846275292323885
0.13327425827693434,-3.285282156895579
0.12207826746078312,-3.286075987311266
0.11015006299573765,-3.287206503197036
0.09800106233072767,-3.2887521105913624
0.08555976469909038,-3.2905471601779093
0.07286958556187882,-3.2919552006369996
0.060085973489255595,-3.2934773197518847
0.04707627566884052,-3.2951923117056885
0.034098414655141324,-3.2965558595204807
0.02084620689431226,-3.298380853996246
0.007268593405718671,-3.3004843164738222
-0.006448888164764796,-3.3023990064164317
-0.020257257870992827,-3.3044507789628157
-0.034298012518248336,-3.3067014277062614
-0.04845414375000787,-3.3084008348715153
-0.06271565645479382,-3.310536063852968
-0.07698281419910892,-3.3126750317128755
-0.09153951135695335,-3.314467088647921
-0.10663857338046173,-3.3156025244276472
-0.12205290417447266,-3.3170984241357147
-0.13705199976700494,-3.318439325342772
-0.1521746346089863,-3.319204033709598
-0.16670376249224764,-3.3210569392371476
-0.18142896721225737,-3.323492757607484
-0.1961451204716585,-3.3255212337611924
-0.21137203802434032,-3.3280794943154453
-0.22671018065002657,-3.3305456215171736
-0.24240510883415525,-3.333309415547225
-0.25793638269537184,-3.3359479764966142
-0.2732486294877407,-3.3387747247317656
-0.28876511052553505,-3.3417318807454315
-0.3041921988552061,-3.3446410720569695
-0.3192508806800642,-3.347863808575277
-0.3345966138001371,-3.351323529227528
-0.34991600786971755,-3.3547859909397975
-0.36481287696586895,-3.358606243445802
-0.37975663804635773,-3.3624293919871056
-0.39443760304966113,-3.36655747311844
-0.4089316246721936,-3.370650787736541
-0.42333947589499843,-3.374613197610331
-0.43777256677570864,-3.3793256143101345
-0.4532145830245932,-3.3822049499722366
-0.46885865994831966,-3.385244602014221
-0.48399486988174917,-3.3888896812015292
-0.4989272179798049,-3.3923583055242292
-0.5128400721430131,-3.396182435442251
-0.5264486702011391,-3.4005422019050298
-0.5397069478650836,-3.404596575691856
-0.5527434353477042,-3.408498625658848
-0.5653827170814426,-3.412802260466447
-0.5776566049101154,-3.416786989736488
-0.5895467894963964,-3.420568067661646
-0.6006627697811319,-3.423959600179587
-0.6114191154856671,-3.4269623523532062
-0.6217917862332935,-3.4295490012805363
-0.6318636632133375,-3.4324720809521825
-0.641529546057953,-3.4350161663651266
-0.6506773753035134,-3.4372775364659853
-0.659360814863247,-3.439335862703739
-0.6673717876308953,-3.4407197386308668
-0.6748262404539325,-3.441693747891299
-0.6819347787631801,-3.4426301634114838
-0.6885828866078996,-3.4431367617575757
-0.6960543610329597,-3.442067729641248
-0.7029543866922765,-3.441471255439097
-0.708756253820218,-3.439786270089964
-0.71409143587247,-3.4379430215544913
-0.7188287891228468,-3.436167982704397
-0.7225179116638536,-3.4347210012113134
-0.7256954739976998,-3.433046666113335
-0.7283301989047659,-3.4308950485431233
-0.7302770693678464,-3.428767838189992
-0.7318227100903676,-3.42662259568185
-0.7326544319987538,-3.423848856456318
-0.7327745841277128,-3.420679520737046
-0.7323438199806211,-3.416968599056213
-0.7311093268009048,-3.4130129777333873
-0.7292327508084128,-3.4084322896214037
-0.7271494832777691,-3.403888183142277
-0.7246404911393498,-3.399096736814199
-0.7214702174904858,-3.3936555592998454
-0.718120031161448,-3.3881329798487556
-0.7145076402552938,-3.3820428113495087
-0.7101663262637083,-3.3752177184526495
-0.7055267105940662,-3.3684421161992857
-0.7006531902344707,-3.3612667684257262
-0.6951580692575453,-3.3535006364878885
-0.6898417082970374,-3.3454289557740267
-0.684156899951777,-3.337193849821877
-0.6779229998064797,-3.3283800814835036
-0.6705700516815082,-3.3189799141430862
-0.6616531029390331,-3.310846113883181
-0.6522400419543872,-3.302273778923605
-0.6423136827247108,-3.2939516850812667
-0.632016054135097,-3.2852092213294823
-0.621167017863704,-3.2760254041864756
-0.6098408250561009,-3.2669626305693877
-0.597811708360135,-3.257148189462755
-0.585537022282716,-3.2470335260859344
-0.5728509437120514,-3.2371969104715848
-0.5599532619493228,-3.227094967055165
-0.5465234476610749,-3.216325809053578
-0.5330706538447367,-3.2058026962187194
-0.5186061989415521,-3.194258826732395
-0.5039788616327009,-3.182857457261358
-0.48858696243682986,-3.170770129080327
-0.47319721200128734,-3.1586145532114984
-0.45789411729678486,-3.146390443725103
-0.44251095991379047,-3.134939660247413
-0.4267594580479304,-3.1231632863100427
-0.4106162982793955,-3.1108618199748292
-0.3946313831328792,-3.0987507828197747
-0.378369019375472,-3.0863945431064908
-0.3605908062828716,-3.074898584821485
-0.3429747760441383,-3.063264563842069
-0.3256724613916618,-3.0519666629610054
-0.3085893405597124,-3.0404805446014276
-0.29156676096289363,-3.0290030714039657
-0.2747352525106086,-3.0177845537344283
-0.25789981834173975,-3.006568790123693
-0.24122892160615436,-2.9954044397320403
-0.22445350141225442,-2.9842121480414736
-0.20780925420318785,-2.972906339613733
-0.1913088588038181,-2.9616915980737444
-0.17523261833740306,-2.950967295408556
-0.1590692235551693,-2.9403182715074236
-0.1432793590794516,-2.929957632662171
-0.12734875891786715,-2.9195329306750435
-0.1115358790335688,-2.9090054421368965
-0.09603839099443033,-2.8987449495972317
-0.08070932603960439,-2.888700583359839
-0.06547090297958764,-2.8785765564319328
-0.050823120964275346,-2.8690008592720853
-0.03628245537401833,-2.8601851129453326
-0.021913807825895026,-2.8511872937801854
-0.007653724050754584,-2.8427215430736332
0.0066340831162159785,-2.834224836107731
0.02105277572520016,-2.826066534731367
0.035211946950963906,-2.818178127726841
0.04900185733252136,-2.8107039990425555
0.06194336664559866,-2.803487953242405
0.0749995182734974,-2.7968363825676215
0.08792463897881024,-2.790274536770105
0.10038316078087843,-2.783303267725663
0.11266858865492767,-2.7769712340692845
0.12432441472745855,-2.771191728311991
0.13577347832659703,-2.7649941601150387
0.14685525631194296,-2.7595904973286767
0.15787251344329356,-2.754243485621501
0.16853000706468285,-2.7485664788734687
0.1790796260235587,-2.743463388816976
0.18895263949347554,-2.7389534902416948
0.19888473610462648,-2.734104868880261
0.20782814153963144,-2.730383388461439
0.21690476396701086,-2.726341267317188
0.22523814583978094,-2.7229496603416736
0.23336274501493612,-2.719971403260739
0.2418688411514301,-2.717417905951229
0.2501119318109205,-2.7143186821766228
0.25766953469498,-2.711814133354719
0.2647161857907475,-2.709714673081144
0.2720011582709775,-2.707393457271941
0.2786875133237354,-2.7055826747456933
0.28517406939271517,-2.7043629219900702
0.2917685553731697,-2.702956476741556
0.2977085141947618,-2.702154078645448
0.30378920566092876,-2.7014782927857723
0.3097512345230344,-2.700953805479691
0.31559932455290474,-2.7005058204602994
0.32142037243071514,-2.7000340490657293
0.3268989383937426,-2.699961392374146
0.33192218177974875,-2.700303076552874
0.3371461678978511,-2.700825315504489
0.3419967901675144,-2.7017111512801937
0.3468194694855292,-2.7026091792021196
0.3517097647986216,-2.7035683128296606
0.35639349101639983,-2.704750593087241
0.36069823220035024,-2.706256449293277
0.364926560061496,-2.7081432285554374
0.368982755664507,-2.7102239079782113
0.37364503891162343,-2.7130692089589123
0.37841255113016664,-2.715857725566733
0.3834166402607195,-2.7187467218187864
0.3882255350291671,-2.7212333769709085
0.39290299529518724,-2.7239567384516703
0.3972469116320787,-2.726538004037381
0.40152841872033634,-2.729528253181581
0.4058668512179494,-2.732467933455743
0.4102821171950203,-2.7354768652913504
0.41467080253511956,-2.738514657561239
0.41926173156464186,-2.7413757934667706
0.4236445347350785,-2.744049920281756
0.4278207897166831,-2.7469580128332103
0.43182707404310783,-2.7500127386291946
0.43593578663433474,-2.753159671746416
0.4401877936788868,-2.756166329970482
0.4443394642633318,-2.7592903915641736
0.44848949285698064,-2.762413050812788
0.4523414255326078,-2.765807836385542
0.45602223860370683,-2.769351096527062
0.4603017523931552,-2.773594490155718
0.46492328376689607,-2.778132020012857
0.46956646605745395,-2.7826439379170558
0.4743659060255657,-2.786895799192241
0.4790667317118253,-2.791501093787728
0.4839636302765336,-2.7958813461376546
0.4889175803177061,-2.8000578549546287
0.49350605806295755,-2.803826987215352
0.49792348007363224,-2.8077539291453877
0.5026059132590371,-2.811456915431498
0.5073307216341566,-2.8151980839906936
0.511904052564713,-2.819041292102878
0.5166898687213426,-2.822714749094478
0.5211505417706587,-2.8260957562750524
0.5253715139766378,-2.8297045388535325
0.5298486490846317,-2.8330566374373904
0.5343162973613531,-2.836400270005659
0.5387829025263188,-2.8397241907645197
0.5433715132427972,-2.8429676669942645
0.5478148670875564,-2.846080510356586
0.5522796044192452,-2.849154144015623
0.5568580200372039,-2.8521105576881434
0.5612983266862046,-2.8549427748905045
0.5662508755239537,-2.8573351122380095
0.5721476560738876,-2.860958694011967
0.5778500496096989,-2.864407179081179
0.58357890028991,-2.8678336368256696
0.5894246588071177,-2.871126317407187
0.5953509454727446,-2.874042383109423
0.6014997093323846,-2.87673160521204
0.6068497951205969,-2.8788414949285297
0.6123832683565839,-2.8812676005730244
0.6174883443335308,-2.8837287939938823
0.6226659932285228,-2.8860779099963083
0.628255321729438,-2.8884747083693187
0.6338001901457648,-2.890909469263857
0.6393778816834665,-2.892967488228266
0.6453958099336572,-2.895351655975442
0.6510533736513189,-2.8975889913910704
0.6566911622510132,-2.8998489652365094
0.6622895087709506,-2.9022186629236377
0.6677688854920472,-2.9044603109247777
0.6734872427087361,-2.9064253179958146
0.679465025538359,-2.9083214674966102
0.6852858238291024,-2.9097953279799182
0.690941688352387,-2.9114602180287807
0.696626458669654,-2.913178228826024
0.7020473913708551,-2.914799704311232
0.7085977379999346,-2.9175326194653426
0.7153584773799151,-2.9200745436561766
0.7213539038019214,-2.9217693091834827
0.727103213835734,-2.9230939201467123
0.7325333629357236,-2.924789606809379
0.7376800440480036,-2.9266310363183496
0.7425615923077005,-2.9284339779726234
0.7470906090398498,-2.93064716906491
0.7512578937430906,-2.9327893927739446
0.7555788220073916,-2.9347419027814663
0.7599546252322932,-2.9366316977732714
0.7639552723500369,-2.938789341140191
0.7677857336422949,-2.9411400068905604
0.7716238297220502,-2.943515310259824
0.7752521810849761,-2.946069082872875
0.7790544644272923,-2.948777766140598
0.7830253266173807,-2.9513200056032316
0.7868216062260807,-2.953938331816579
0.7904854393757977,-2.9565933323588562
0.7941709552517618,-2.9592526119463236
0.797576475896619,-2.962030196675637
0.8008760996926361,-2.9649379062088
0.8047905222094409,-2.9686717793339357
0.808486298854138,-2.972591712746692
0.8121180159889648,-2.9764538039236816
0.8155889497954172,-2.9804113760241755
0.8180916603125494,-2.9831534068676278
0.8206338780957836,-2.9859312054764704
0.8231071093111542,-2.9887941360344286
0.8250911517002895,-2.9921149445779776
0.8272585646365018,-2.9956016722638474
0.8294649136202846,-2.9990114905618004
0.8315795371820097,-3.002475269054338
0.8335042592036683,-3.0057673456130907
0.8357450757874504,-3.0087928902311236
0.8374608960955372,-3.012315568393652
0.838973514844557,-3.0156546186179765
0.8404899963227409,-3.0190340017724653
0.8417624264802932,-3.022675841673955
0.842608678039888,-3.025932765351469
0.8434707701790405,-3.0292054430293724
0.8442157974828259,-3.032572925153609
0.8448019837714391,-3.035797251451931
0.844995641266207,-3.039477967393036
0.8449695701324206,-3.0433887744185726
0.8448553627937622,-3.047220689036668
0.8450213818407568,-3.0516708334755824
0.8450987276423834,-3.056225862423688
0.8449389422465169,-3.0609041745911267
0.844871000133675,-3.065524274717432
0.843524847400281,-3.0691881122112323
0.8415664127753194,-3.0733801506163356
0.8398430998224679,-3.077784621068822
0.8374224012930092,-3.082859859875281
0.8351017989601933,-3.0878004314126333
0.8323568641530767,-3.093191698863101
0.8294974981744951,-3.0987559522121604
0.8268201445403349,-3.1041588134608955
0.8241309496652242,-3.109946807856065
0.820906964680971,-3.116299156119127
0.8176964143349831,-3.1226930335658443
0.8141297924064396,-3.1294356443905023
0.8106714805232673,-3.136139571458201
0.8070572296271658,-3.142882264644316
0.8032240650244676,-3.1498080560302935
0.799163038973401,-3.1569439314321306
0.794932672075595,-3.1640856833565514
0.7906009322491597,-3.171383772078203
0.7861251569290106,-3.1788508847378187
0.7819367070200429,-3.1868067105726956
0.77746185708054,-3.1945062080460267
0.773262380567013,-3.201938333545108
0.7682945811878126,-3.2087171974347983
0.7632982836655107,-3.215175713807961
0.7584095828747173,-3.2214140877775033
0.753106868712599,-3.2281389372657037
0.7474981848755516,-3.234648904267781
0.7417759423973392,-3.241240332550768
0.7361484558210041,-3.2477204152770724
0.7308354384563756,-3.2538773587330505
0.7253342111518392,-3.259848284525029
0.7196972349860141,-3.265978664841664
0.7142811918150926,-3.2720257103545776
0.7084141106278645,-3.2783374830187335
0.7025378203884652,-3.284660025527828
0.6971680888514923,-3.290819791070841
0.6916011910514316,-3.2969809356567352
0.686531803123623,-3.303104762440064
0.6811483883487345,-3.309490903322485
0.6758426937081496,-3.3159461418642016
0.6703691110581252,-3.3225428301775026
0.6653468417870552,-3.329389999799403
0.6605373569595178,-3.336425590733724
0.6559908092059024,-3.3431040002389367
0.6514288707719059,-3.3496246466748385
0.6466705111740428,-3.3563642773339164
0.6414114000712053,-3.362561255012869
0.6363204208427556,-3.3685960517356524
0.631347631156212,-3.374585855474418
0.6263808286538544,-3.3805471946320176
0.6217000922119529,-3.3862032933249595
0.6175127378702352,-3.391325340519925
0.6128481139813126,-3.3963903621663736
0.6086200587872828,-3.4010031814925683
0.6043993543436806,-3.405622977364222
0.6007125005117112,-3.409777395007943
0.5973567493828076,-3.4135764853390924
0.593821173624835,-3.4172184855063534
0.59034825678107,-3.4208638857009936
0.5870614913849956,-3.4242346059291706
0.5838207582049033,-3.427646201792447
0.5809315016625767,-3.430794951515818
0.5783809613684435,-3.4340855542384747
0.5759416575128989,-3.437374884952777
0.5736004300155055,-3.4404754736004914
0.5715520117227335,-3.4432320374291074
0.5695489544421245,-3.446086152660162
0.567607487634747,-3.4487524476892535
0.5658181980974901,-3.451239965408932
0.5636716373359162,-3.453294847218313
0.5620174235458916,-3.455780353575864
0.5604165589761729,-3.458146833750262
0.5589506657902249,-3.460371668030109
0.5577085753478347,-3.4627920368647773
0.5563471535342636,-3.4652904681845835
0.5551931490480745,-3.4675174559346833
0.5544407727936108,-3.470094870783527
0.5538319461577793,-3.4725393035265646
0.5534263804925527,-3.4748187261272006
0.5529769784431161,-3.477059734510353
0.5526758156322501,-3.479136439539032
0.5523064774532009,-3.4811564132306545
0.5522629842912193,-3.4828042990257395
0.5525087381203699,-3.4842437372179864
0.5526481007635823,-3.485575334253534
0.5525506968670845,-3.486679349887904
0.5525597712721133,-3.487694806154507
0.5523093460118248,-3.4884677785555946
0.5524093152389239,-3.488893326851469
0.5526401006420956,-3.4891266609120066
0.553111080755475,-3.489133815001185
0.5533324090543698,-3.488842883945242
0.5534572508149972,-3.4884672575818985
0.5537793928513172,-3.4879081663096443
0.5542348968937543,-3.4874652989773685
0.5548393936278238,-3.48684546711063
0.5557111639429362,-3.486039437755872
0.5567769042619508,-3.485299573026595
0.557975392805942,-3.4843957180742837
0.5591894970035115,-3.483473515988366
0.5603156524321873,-3.482628829837872
0.5615333253454491,-3.481830552078077
0.5630810186441548,-3.480644088885218
0.5649269754319756,-3.4794198341640183
0.5670799386600583,-3.4779416202052853
0.5692256032875891,-3.476589164775302
0.5713579612115418,-3.4752477909550055
0.573662937888628,-3.4740571135707783
0.5762356943954147,-3.47243742564075
0.5793901369593232,-3.4703338702037154
0.5824881105817574,-3.468180821005111
0.5858771322007796,-3.4656853110193455
0.5892825272175616,-3.462716285937998
0.5925725856797204,-3.459745751287491
0.59602320249138,-3.456715005848474
0.599888976805883,-3.453370529943034
0.6038224395709793,-3.450027635796736
0.6081094728424927,-3.446432741898958
0.612666265579742,-3.4425892659238113
0.6171841794051101,-3.438740497817366
0.6219043170816471,-3.4344472189240087
0.6266909808897915,-3.430659161224952
0.6316371382855609,-3.4267384397578557
0.6368188563773465,-3.4224940222277467
0.642215674114009,-3.4185659465306713
0.6477692943312019,-3.4145074514002673
0.653480932614603,-3.4100041836252983
0.6594474406504348,-3.405804532731733
0.6654547197583364,-3.401570961415074
0.6716585790038571,-3.397268150135303
0.6779567913896044,-3.393356288558321
0.6842435525773496,-3.389567709001002
0.6903006564727625,-3.385915076550893
0.6968587062921253,-3.382063589987232
0.7035077591394656,-3.3783375193310783
0.7102519391718848,-3.374697431395348
0.7172938686494752,-3.3713306427575715
0.7242716460238237,-3.36803887696152
0.7315017071077291,-3.3645930387899186
0.7386876291528011,-3.361420086684801
0.7459735843372813,-3.35812832106893
0.753196760525887,-3.354766482949984
0.7605986514618331,-3.3515648843886665
0.7677807419667542,-3.3486220204119546
0.7749284823410709,-3.3456504854253977
0.7822126679312049,-3.342714889403527
0.7893429745842706,-3.339960368031005
0.7963128380627624,-3.3370650047630677
0.8033736369882146,-3.3343549098132494
0.810241664790686,-3.3318720504645642
0.8169163826234002,-3.3295448538107393
0.8237957261102774,-3.3274347535218203
0.8304091977750667,-3.325638370241434
0.836943859989804,-3.323697506125552
0.8434100021807185,-3.322279275320632
0.8499624660206967,-3.320929520560045
0.8563557076843814,-3.3197367974416143
0.8625213943840091,-3.3187013629388233
0.8687773319308547,-3.3180739326816338
0.8746327510186516,-3.3177774941851874
0.8801940584101622,-3.3177921311065828
0.88562893240984,-3.3181102908493423
0.8904683076082643,-3.3189205220089812
0.8952639220827178,-3.3198983754356655
0.9002183984637174,-3.321218905797001
0.9045631679556345,-3.3230424676089356
0.9086504661315974,-3.325100614806746
0.9126701313432858,-3.327658713872505
0.9162411791268543,-3.3305861298263806
0.919720184181174,-3.333666226485814
0.922975280302302,-3.337172329754836
0.925871116569453,-3.34049325189319
0.9284634016594341,-3.344096732034343
0.9309953582247537,-3.348174390169159
0.9332313260666298,-3.3520265616783766
0.9351279822904187,-3.356253211597579
0.9367507017983282,-3.360816204279146
0.937888759624829,-3.3652818277558234
0.9395425042707714,-3.3708136944809355
0.9412600971775883,-3.3767105309225176
0.9426784031391051,-3.3824308954976217
0.9442966623818945,-3.388195118310435
0.9454872596873458,-3.394468399482718
0.9458993170990622,-3.401134712096083
0.9466228753582221,-3.408033889412307
0.9472753722418419,-3.415012724766375
0.9475368800349756,-3.4217988759774594
0.9480693640152517,-3.428916066293778
0.9482861605165059,-3.4363263358771574
0.9480374013734975,-3.4438847699763717
0.9477953334384328,-3.4516250764598526
0.9472874791271834,-3.459678335944611
0.9466405948186917,-3.467540695435506
0.9462613743725142,-3.4753457936113232
0.9457850157592551,-3.483266089446993
0.9450541882331686,-3.4912466630642043
0.9442118571361386,-3.4992292075785065
0.9430040883027603,-3.507648422734431
0.9415281284804874,-3.5160299198651304
0.9401866513510884,-3.524198849794668
0.9389524364055253,-3.532279314936531
0.9371910048497882,-3.540525891887465
0.9369126848682424,-3.5501536289739013
0.9364118922564789,-3.559659606899598
0.9354568938615898,-3.5690720548274157
0.9340774678306916,-3.5787065946011474
0.9327364794711251,-3.588226757209034
0.931343232108763,-3.5977899128921926
0.9294142600889939,-3.607596947571337
0.9275698496390394,-3.6175181720040213
0.9253513100790923,-3.6276380832250723
0.9230016393855642,-3.6377615660815183
0.9211868245652838,-3.647781127252568
0.9190709834329281,-3.6580070088700505
0.9165511592467279,-3.668187848788457
0.9144725279067342,-3.6785930593619343
0.9119685806077586,-3.6892561703201006
0.9092276717809931,-3.69978391991666
0.9068785149494364,-3.710240159001006
0.9043113156243594,-3.720828320407611
0.901517666676121,-3.7314556223545274
0.898714588631275,-3.7425217535767668
0.8958196903743754,-3.7536977633307456
0.8925879841257516,-3.764819123000267
0.8895128256617298,-3.7760374852217407
0.8880690727582599,-3.788469133363384
0.8866672530409454,-3.8008384567131372
0.8854187044152387,-3.813083829158037
0.8834207343477135,-3.824483456697259
0.8809867868272775,-3.835968053982971
0.8785894227849452,-3.8474228442789022
0.8759022472236484,-3.858625623311201
0.873349490946927,-3.869665770071952
0.8714667849783261,-3.8801663569347755
0.8688790396692533,-3.8900564929534545
0.8662201891758006,-3.90003338939475
0.8637437864275915,-3.9098644252775863
0.860606734472544,-3.9191255265653293
0.8573028737203716,-3.9285896801992073
0.8547346253283402,-3.9374642950517673
0.8517065121608416,-3.945944709044551
0.849019172936482,-3.9540479127317507
0.8462880456279099,-3.962189748928013
0.8432343693338743,-3.9700564662856936
0.8405388869971011,-3.9775973102235165
0.8379187166010168,-3.98511714446961
0.8352020902870322,-3.992557293440381
0.8327982116536378,-3.999597048162329
0.8307174350133522,-4.006294511352543
0.8287269197024931,-4.013072138896603
0.8275380469959079,-4.020599167459427
0.8264940113961411,-4.027885949909415
0.8244236803121644,-4.033213211096865
0.8227561821325353,-4.038887449618974
0.8211396204872957,-4.044521566586798
0.8201921063617771,-4.049541912283403
0.8190933665523867,-4.054738591499869
0.8184561788238729,-4.059899992559348
0.8186524664147597,-4.064048820580752
0.818806892508121,-4.068051775749836
0.8195402784918222,-4.0714799860577955
0.8205905355470644,-4.074523257689429
0.8214721980356205,-4.077375671660204
0.8226365901172759,-4.079809971390801
0.8242951590891374,-4.0816436023776435
0.8260959007639558,-4.082789944861436
0.8282086208251854,-4.083132563791136
0.8306441897961456,-4.083082996045331
0.8333747944430328,-4.082554980115905
0.8358926533453336,-4.0812964727011805
0.8386851443157078,-4.079704298835231
0.84235110412976,-4.076988469823621
0.8463062446306961,-4.074162460152738
0.8498930374064685,-4.070780471650046
0.8536188336029567,-4.0669510210664415
0.8565344695491612,-4.061118041859528
0.8589234642465655,-4.054928722929715
0.8614007680534577,-4.048648023855523
0.8644535972325922,-4.041866962395667
0.8674425187679019,-4.034491639568108
0.8706751882591581,-4.026823537808996
0.8745816054637249,-4.018894744611358
0.8781233698041864,-4.010358339155625
0.8816880688568054,-4.00180061355063
0.8859029594448982,-3.9933155801642584
0.8899669552241385,-3.9844204524956717
0.8944409499427808,-3.9751944587355093
0.8995349042541567,-3.96593437983895
0.9045669196322612,-3.9560697370283533
0.9094623629148672,-3.9463117831998735
0.9151677111437011,-3.93633592670117
0.9204932560146056,-3.9261668113436823
0.9262572004500961,-3.915641981079791
0.932480809870668,-3.9049641961144927
0.9383719874135868,-3.894432709771285
0.9444106173331389,-3.883742851328708
0.9510306247989893,-3.872677288031353
0.9567191627390628,-3.8604576463125135
0.9620510883664354,-3.848353741139853
0.9675712570001208,-3.8359849299115583
0.9727179443104413,-3.8223686920284154
0.9780222990330617,-3.8086123088434145
0.98305810281687,-3.7952089515240903
0.9880424968514678,-3.7813997139934488
0.9930345215635282,-3.7673172863686606
0.9978390788606867,-3.753337212887722
1.0031099872749634,-3.738865346132726
1.0081317967431354,-3.72416796500683
1.0128211826787272,-3.7099313173400126
1.0174918517825924,-3.695686575775981
1.0222766189239683,-3.6815349292570407
1.0268743912064444,-3.6676341670534347
1.0316785182083275,-3.6534690090255997
1.0367643452389552,-3.6392744319049473
1.0416331764455942,-3.625338665226704
1.045895159516674,-3.6118903286578785
1.0505346479855828,-3.598770149093134
1.0549245848438418,-3.5859485342903508
1.0589067409073831,-3.5731878886985133
1.0613252183203838,-3.5585825146136276
1.0638348534838136,-3.543877636351642
1.065521194605273,-3.5298003962439775
1.0674322470576578,-3.515339505722547
1.069549374993141,-3.5012812610086006
1.0715037111590153,-3.4874602389591267
1.0729851471845329,-3.4739852290220323
1.0747986199255013,-3.4608061698800334
1.0767079088020612,-3.447566223892774
1.0778236588618137,-3.4346562681466426
1.0792537401270135,-3.4220446951937684
1.080626639262926,-3.409567706418036
1.0812682250196683,-3.3973118972968166
1.082375222471885,-3.385555097478504
1.0832115414169137,-3.3740204741274074
1.0837338491931068,-3.3626898985994718
1.084654263566162,-3.351478627887369
1.0851746499314614,-3.3405962360126997
1.0853245070880337,-3.3299481172005168
1.0856814607546557,-3.319735164261823
1.085618304139338,-3.309868209818741
1.0850966717158868,-3.3005069422859217
1.0850232497139047,-3.2912321066452255
1.0826328301814168,-3.280268814790138
1.0800703597973895,-3.269548158572334
1.0775189474145348,-3.258839936330844
1.0749839214079568,-3.2480963750999527
1.0717686281736933,-3.238071695864473
1.069615671078161,-3.2291925406577895
1.067572958268246,-3.220500922680846
1.0651761616791562,-3.2121040336834485
1.062517761959123,-3.2042121717648273
1.059936871794178,-3.196244613813209
1.0570215030001362,-3.188556068460855
1.05390989100633,-3.1810476901797817
1.050800150883639,-3.173868266873681
1.047299373955583,-3.1670151213850573
1.0435780199610996,-3.1605429426095184
1.0398921733621789,-3.1541352123088773
1.0358776184336793,-3.148002586306751
1.0317078574179208,-3.1418279865395626
1.0270923306830093,-3.1360112893909777
1.0223489897888525,-3.1302012175647107
1.0172534742449515,-3.12476867443473
1.0118215857374606,-3.1196740887750654
1.0061150444783793,-3.114591653074302
0.9997065286071777,-3.108535091326647
0.9929704619900006,-3.10268427794665
0.9860138699476462,-3.097098263724479
0.9789188833862695,-3.091728024040768
0.973865135098723,-3.0886788925760307
0.9682484420127372,-3.0862848314697824
0.9625105915046847,-3.083780748343493
0.956052605216526,-3.081878546889614
0.9497413591069246,-3.080226222523468
0.943085387973886,-3.0784482198778815
0.936145047674987,-3.076942617826575
0.9290956687388415,-3.0758747557871353
0.9218273865056489,-3.0748513041327556
0.9143652912781053,-3.0743147913127715
0.9066107240404444,-3.07412411591053
0.8985249604430862,-3.073927910816791
0.8904527895135774,-3.074105388927567
0.8821785200762907,-3.0745222462980624
0.8738507265422875,-3.0749895737846784
0.8652372380213667,-3.0758419387259797
0.8560976876492509,-3.0773138897818457
0.8467974843778084,-3.0788237143577843
0.8371285331775415,-3.0808197065656935
0.8273867174510136,-3.0829033364925107
0.8178252001200071,-3.0849014101255423
0.8075393505633118,-3.086802999028396
0.79674812709296,-3.0892993515510745
0.7879385146609404,-3.0939361558197946
0.7784370889520482,-3.099154555858806
0.7686603926816683,-3.1048215387109908
0.7585431225091221,-3.1109368421216526
0.7484695110787563,-3.117086669367647
0.7378830002052468,-3.1238076114770728
0.7266689313996691,-3.1312264371941487
0.7149990356005147,-3.1390288880857584
0.7030660130011663,-3.1470640689892697
0.6906787282660204,-3.1555049235688735
0.6784461007013435,-3.163633013718846
0.6658377977916443,-3.1722567728861533
0.6530535249608687,-3.1809773580869374
0.6404559340626099,-3.1895222233257763
0.6274498890669961,-3.1984294461077076
0.614043170043186,-3.2076691559180177
0.6007580390180188,-3.2166900805670915
0.5873767806950947,-3.226052270304078
0.5740963988225407,-3.2352722087306804
0.560807172997245,-3.2444804247572665
0.5473379765999103,-3.253937720686401
0.5336107393608407,-3.263555114557196
0.5200396702841015,-3.2733055885982187
0.5071750834183967,-3.2840439877402736
0.4943152720904188,-3.2947783788374476
0.48143938253773494,-3.305107095644672
0.4684385767285734,-3.3157917765136427
0.45509018448423255,-3.3267692031628195
0.4419816400701893,-3.337299502768343
0.42882506935893855,-3.3481879326081434
0.4160043303395868,-3.3587935702317107
0.4031438797474209,-3.369025871694734
0.3904892682875987,-3.3795137333356386
0.37778869509035545,-3.390040331263299
0.3651306997624463,-3.4000656105767235
0.35232331215186424,-3.410431622631699
0.33977471447258567,-3.4205797297874763
0.3274079944698072,-3.4302569618261822
0.31514854017757443,-3.440147936309627
0.30290685284197494,-3.4500240135865106
0.29138699412733127,-3.4601453762633905
0.27959320329545256,-3.4700276849102303
0.26794081647483325,-3.479860926793457
0.2565192764821651,-3.4893649526957695
0.2450976433013055,-3.4988666321680024
0.2339659288356831,-3.508165928232049
0.22286195249654278,-3.5170870576108566
0.2114869597659898,-3.526172138952743
0.20085997563944416,-3.5353603735743233
0.19060541265394643,-3.544133977511667
0.18024127112037755,-3.5527711722731907
0.17034097338564622,-3.561057436221029
0.16071854416538645,-3.5688859226613725
0.15115641924509052,-3.576525116240295
0.14191645531000435,-3.5837907367984627
0.13304006725897735,-3.590386743075345
0.12489451138966344,-3.5961853500413614
0.11724562762082152,-3.601579119921206
0.1097769844186988,-3.6066571551287074
0.10255549371658854,-3.611526835353622
0.09546765906366819,-3.616458456290801
0.08862524475160151,-3.620767894473741
0.08225074441220245,-3.6246828746221738
0.07622293027942914,-3.6289945705920843
0.07068107671431749,-3.63274313535968
0.06558165988806815,-3.6361787263349434
0.06063667953696703,-3.6396004745274926
0.055858563402556315,-3.642828695467428
0.051252774436209465,-3.6457064201803275
0.046814563841488285,-3.648565295493839
0.04292821762386733,-3.6507850196925222
0.03940783937556754,-3.6525914956175662
0.036118165488067254,-3.6542037381332246
0.03306950973660438,-3.655536675214523
0.030253177274478595,-3.656605059574601
0.02771727391251892,-3.657795026117316
0.025715691351462715,-3.6583665050445835
0.02393124593315743,-3.6584549446771417
0.022744663007498098,-3.658181139998457
0.022001007276634663,-3.657038602738379
0.021662368958518953,-3.6555540477609596
0.02128251662357567,-3.654034399029849
0.021840799373618165,-3.651623532359804
0.022501076580546613,-3.6489151099573585
0.02427679686797523,-3.645513976094887
0.025890373501123845,-3.641376758870916
0.02785734806090234,-3.6364526352341717
0.030201093470426394,-3.6313528259100503
0.032854701884179,-3.6256775744097474
0.03604327737748646,-3.6194407689226544
0.03911700453381858,-3.6123651183412293
0.042368085463975115,-3.6054372519471727
0.04625213546537141,-3.5977772574454483
0.05083318496234538,-3.5895271144175465
0.05536848807648142,-3.5812349242202393
0.060352306604867616,-3.572435599879555
0.06568799015883496,-3.563631502590173
0.0713105316015791,-3.5546721853313774
0.07741792240189696,-3.545152414464115
0.08386295685992713,-3.535331144675835
0.0902543251635129,-3.5255020944045383
0.09703691162556756,-3.5152208546448103
0.10395433438239514,-3.5049397229144343
0.11116417473577257,-3.49456414535164
0.11864464824444652,-3.4838757943947987
0.12659866013189378,-3.4728956545874192
0.13436171837480076,-3.461850091258245
0.14144823925736189,-3.449929307033401
0.14893453933568065,-3.437539750752304
0.1567055892756941,-3.424907780013828
0.16438334819859265,-3.412245509707472
0.17238988762942864,-3.399542783536758
0.18062239464980798,-3.3866473475649452
0.1883487291651004,-3.373219859338178
0.19632259200838925,-3.359506452401423
0.2045821922756353,-3.345488420335562
0.2124265917558941,-3.331291221235653
0.22040117794384853,-3.3169432081119936
0.22874116407625117,-3.3024911680095097
0.2367672844027099,-3.2879298486357422
0.24465792928756636,-3.2735235772185054
0.2530269923635722,-3.2588144054275885
0.2607752242741482,-3.243963500988173
0.26846828188875177,-3.2292021726517723
0.2763365649799444,-3.2143193752236616
0.283983111289283,-3.1993583408694657
0.2916286952959298,-3.1844845556915624
0.2994848222559496,-3.169724259007714
0.3065512151113269,-3.1551708617366967
0.3133399407687638,-3.1412811064766712
0.3200037383681656,-3.127426975870677
0.32675899758245497,-3.113648959415504
0.3313294034885395,-3.0992988411704587
0.33620356208699337,-3.0849030467150427
0.34013125089458085,-3.071455579667561
0.3443014682819969,-3.0583148878596793
0.348206726930365,-3.04589846412531
0.3519591025793478,-3.033656811367405
0.35523077807659154,-3.0217360213340494
0.3583335737971726,-3.0100591268003973
0.36109435540943874,-2.9986705493089816
0.36382944329713596,-2.9872584365897032
0.36620666183040956,-2.976269084024537
0.36795666856154874,-2.965850747634424
0.3696298369750892,-2.955363411826804
0.37098033062387487,-2.9452307017002624
0.37225841827781825,-2.935129173013888
0.3735139072480489,-2.9250068133928337
0.3743348496998634,-2.91539858289401
0.37476070909258963,-2.906142546455661
0.3751240131731236,-2.8968299114577314
0.3751033206329762,-2.8879205177855747
0.3751336538285062,-2.8790093509810033
0.37513547854361506,-2.8699641493569255
0.37302969546035936,-2.859419041735773
0.37057965350673017,-2.849292545750589
0.36828139589985753,-2.83926174384553
0.36655465250200725,-2.830175899970887
0.3644280384803989,-2.8215445729332265
0.3620946224234465,-2.8131056809435275
0.35991373216584116,-2.804653848387593
0.3577882788654168,-2.7965731149051116
0.3552906325433037,-2.7887912177044973
0.3530494641321822,-2.7812391113715687
0.35038633533880165,-2.774188752410158
0.347586175666428,-2.7675858893374903
0.345008795598924,-2.761334353444015
0.3423450995111737,-2.7551814847516662
0.3395662419002178,-2.749358094162672
0.3370175046178756,-2.7437198505366456
0.3343365315331832,-2.7382324884673785
0.33137882744740266,-2.7332352833517257
0.3287944915575547,-2.728599311444692
0.32600913019469396,-2.724168308570242
0.32317702699407724,-2.720254904735671
0.32056527268298257,-2.7164052585131553
0.3162880839818002,-2.7113083257989397
0.31212560798268835,-2.706122786957637
0.3083597895932182,-2.7012935099197444
0.3045027507454103,-2.6965810661422194
0.300229950301673,-2.692295140287516
0.29638551032120963,-2.688393588604404
0.29383551972330546,-2.685875466619902
0.2911831628434257,-2.683448390094231
0.28865557195228914,-2.681026115268481
0.2862234015491665,-2.6788320858721812
0.28373904446101383,-2.6766852111013386
0.281390642340039,-2.674844120710066
0.27907296542891163,-2.673424349627136
0.2765483729214224,-2.6721870645459846
0.2741563466644688,-2.6711020099992315
0.2718583454924489,-2.6701654026571453
0.26937368339883766,-2.669393539518281
0.26725719683760046,-2.6687210470185034
0.2650379456779088,-2.668535192316442
0.26270069895342146,-2.668453698660395
0.2605505778678947,-2.6687574314159517
0.2583161600386155,-2.6690984004213187
0.2558380295052564,-2.66965379786731
0.25357751231612236,-2.670312917809255
0.25121463572656133,-2.6708385575331928
0.24884088006285882,-2.6714077013973356
0.246019542454959,-2.672323993142597
0.2433817265804665,-2.67351035386894
0.24238651052202279,-2.676655661967976
0.24108279701440288,-2.6800088925743486
0.23983548728489676,-2.6834509105183777
0.23844526378085018,-2.687017349147355
0.2370842480231941,-2.690550708882743
0.23600640280854016,-2.6942358581798347
0.23479801238237452,-2.6980342880350436
0.2331562777912997,-2.7018890125819803
0.231615216482857,-2.705854651247627
0.22976183974352177,-2.7099357576646383
0.22784716232330154,-2.7140645090483444
0.225823260589295,-2.718093395538476
0.223786429742022,-2.722132724131633
0.22160405929080512,-2.726335339761104
0.21938214093140748,-2.7305003417292957
0.2169525185206857,-2.73484636333921
0.21429881924025573,-2.739444253321983
0.21139876132184307,-2.7438199717859515
0.20829895343561644,-2.7483698818588453
0.20519599633560814,-2.7529229509298028
0.2020428339123358,-2.7571437975829687
0.19986135323901955,-2.762585950604876
0.19893128164868829,-2.769608474744979
0.19774621443408935,-2.776655228758287
0.19611508581910267,-2.7839508605100027
0.19437075576739676,-2.7913112962205697
0.19280447142450272,-2.7985123551294353
0.190869977901571,-2.80559153781833
0.18878962861033943,-2.812802304146354
0.18664045578369606,-2.820082713793994
0.184234420197077,-2.8275101207321947
0.1815157844600988,-2.8351918626741646
0.1788173418156237,-2.8427773255201054
0.17570857814116483,-2.850372317107224
0.17278985599363297,-2.85775122127885
0.16991051694024484,-2.8651089267533605
0.16687276118788424,-2.8723476137793384
0.1635213795459151,-2.8798510033219857
0.16027106724309909,-2.8872000063628844
0.15653399880703855,-2.894590257178818
0.15293359804701542,-2.901787000234087
0.1496158744281279,-2.9089426694253038
0.1457199856862169,-2.9160871201099
0.14182901073443832,-2.923225782114135
0.13805683253431802,-2.930156860543485
0.13561319592664048,-2.9386142871912755
0.13312338773215937,-2.94751519919101
0.13084015619862058,-2.9563304221590476
0.12879718140630741,-2.96493729875255
0.12634034563531105,-2.9735254412152345
0.12394310627174072,-2.9820360548234666
0.12148941243551015,-2.990532822968971
0.11896203499507818,-2.9989612635829253
0.11666214357245988,-3.0070702063854338
0.11427092541300508,-3.015266687292511
0.11138492355052261,-3.023555190372254
0.10862440796052414,-3.0318734294607905
0.10582347907616153,-3.0401684053120337
0.10293688399213713,-3.04835916839964
0.10031060268197069,-3.056481152688649
0.09767535309190613,-3.0646139928545155
0.0946856303376569,-3.0729230427270333
0.09202584420995197,-3.081351434621534
0.08934593959115153,-3.0898032365262442
0.0865334101539696,-3.098216076145159
0.08394463020117442,-3.1064860186842433
0.08159118294364266,-3.1144891672758255
0.07924892908363368,-3.1226709083435926
0.07812483219117532,-3.131795539950261
0.07695677489696359,-3.1409716173197304
0.07570614877263274,-3.150158674145875
0.07337280286161828,-3.158136693346462
0.07116306058868141,-3.166001563821372
0.06907467098146049,-3.173957747643521
0.06723812006719208,-3.181486189256731
0.06552118444777846,-3.1889464794475346
0.06364297829390486,-3.196549378683441
0.061910112394083644,-3.2040727372648745
0.060176436799541363,-3.2116241870743196
0.058378021538990715,-3.2191205409818022
0.05657735017277282,-3.2265670333094896
0.05516464825074861,-3.233678308688238
0.05395160949859276,-3.240962992594538
0.053099978116810484,-3.2478849841233153
0.05205853745767366,-3.2550252212830966
0.05099045391384567,-3.2621433082839317
0.04977361211963611,-3.269386756195838
0.04895039606929338,-3.2762788576809925
0.048197186012450946,-3.283232204475745
0.04773754091644918,-3.2898672645022526
0.047713845197559876,-3.296701911086209
0.04751037964177559,-3.303506412340464
0.04769068210798867,-3.3101534308377993
0.04789282492834723,-3.3167679752114414
0.04816455550625968,-3.3234925701103695
0.04695310415925081,-3.3284970221796053
0.04628265998277434,-3.33353583612732
0.04569216505966483,-3.3383351318363634
0.045263648877571255,-3.3429957719446888
0.04512147678806021,-3.347557778889418
0.044974687233247414,-3.352155695667881
0.04504638134578958,-3.356566662079867
0.0453668980983479,-3.3611959520015935
0.046016465825675604,-3.3655899917819867
0.04690681452137578,-3.369778001215317
0.04819831296203929,-3.3737850266025444
0.049531300256074,-3.377585163209064
0.0511870626879993,-3.381109293160658
0.05297030889047681,-3.38477338646313
0.05485239167686579,-3.3881584976127135
0.057270635810208345,-3.3910490835298654
0.06010012598253608,-3.393815677636104
0.06292730431858157,-3.39611703671103
0.06613454948866229,-3.3980436072723017
0.06977974481265384,-3.400383259818705
0.07343459462432467,-3.4027311642671414
0.077050382591414,-3.405124186124986
0.08104066662163373,-3.407198335535528
0.0841217018656871,-3.408215415192753
0.08762121919964062,-3.408805084347272
0.09113427577922169,-3.4093265042856697
0.09483792417551574,-3.409772759332571
0.09843874002000051,-3.410337234370752
0.10223672221681686,-3.4110858851448094
0.10613131794186954,-3.411872839854546
0.11009606588477296,-3.4125789718060457
0.11436819279430592,-3.4132700076832747
0.11850608385672426,-3.41400230307971
0.12288035031074085,-3.4144717498148975
0.12745631698388152,-3.4151146679211455
0.13234895436201252,-3.415488180683677
0.13719945653165416,-3.4159100329383194
0.14210326744532797,-3.4163778348484835
0.14669705142599634,-3.4171087777271283
0.15167289886878876,-3.4173988859274824
0.1568432739125008,-3.417856720929104
0.16226603143073562,-3.4180998260728734
0.16824102945661043,-3.4190833375374137
0.17428325421942806,-3.419924239701161
0.1805478144917473,-3.421055820117812
0.18645386655000556,-3.421917928038091
0.19254194570003383,-3.422569013901292
0.1986333382483983,-3.4232234819601404
0.20495666977171245,-3.4236808459239034
0.2114744337646332,-3.423843903620077
0.21822181917715427,-3.4240301491383525
0.22465905019257953,-3.423972634718828
0.23115958433513598,-3.4239461806521914
0.23774002103055922,-3.423803326382368
0.24442770106643838,-3.4233758732075974
0.25113790269303027,-3.422928317395631
0.25785459324453397,-3.422497465641542
0.26434935710026486,-3.4218291626600266
0.2706249597891109,-3.4214886998076053
0.2766802494622115,-3.4213470543518016
0.2828078358260553,-3.4209091770272857
0.288728072987613,-3.4205339356496363
0.29452566536519303,-3.4202624547462057
0.30019505425898596,-3.4198798665832872
0.30648529189226026,-3.4205107878040004
0.3126438906655019,-3.4212533799439044
0.31849239603924756,-3.4220910449667636
0.32398167358403784,-3.42307996077022
0.3292036594844311,-3.424294964936084
0.3340823755366527,-3.424996147083619
0.3389302394212121,-3.4256702375505608
0.3439597381276058,-3.4261747131107794
0.3484430194782662,-3.4270671863607576
0.3527404187558349,-3.4279535825034877
0.35675037695064293,-3.42906429565209
0.360732560375518,-3.4302744268170624
0.364565699248334,-3.431610371465249
0.3686203478212656,-3.4329838839035833
0.37254239057588723,-3.434098758526875
0.37632108898733635,-3.435334467090113
0.38019480547448886,-3.436543747242662
0.38382980917124193,-3.437741791968854
0.3872196460426132,-3.439146093265439
0.3907840478729107,-3.440920473277474
0.3942900444351855,-3.4424751779523795
0.3975165141451645,-3.4442647177503734
0.4009560278724259,-3.446168031131367
0.4047561567373768,-3.44853117910667
0.40864337139002754,-3.450837887604369
0.41200221836505735,-3.453649703273237
0.4153999853142174,-3.4564953032278107
0.41873904677082535,-3.45937908854336
0.42141160368532593,-3.4616261672682227
0.424077941056895,-3.464068617074545
0.42651366286137155,-3.466214786926316
0.42871644609515985,-3.468556089756058
0.43078265158052004,-3.471023571620883
0.43248540485902026,-3.4737090235793917
0.43408865540246616,-3.4764779495389195
0.43545004159482076,-3.4794507370744294
0.4365277331451966,-3.4824577221748187
0.4375664609185243,-3.4854937754047186
0.43823175543188087,-3.4885403823424506
0.43852421686275733,-3.492015631190589
0.43858645030976084,-3.4956715311570443
0.4386597149489661,-3.4993131793025123
0.43866567572749315,-3.5030339260827894
0.43846330740521905,-3.506620540790639
0.4380249599777693,-3.510342670088003
0.4375740772153513,-3.514079751658759
0.43737200780837165,-3.518513699143088
0.43727219033369186,-3.5230367047303863
0.437192109199889,-3.52754357712275
0.4368906876496135,-3.5322842617956534
0.43584028077637754,-3.5361760202142176
0.43421363497893517,-3.540548480705232
0.43272964331007624,-3.5447537007955114
0.43134172298398255,-3.5490419661127617
0.4299874330887128,-3.5533021488350176
0.4283563183007689,-3.5578869500643813
0.42677578369977237,-3.5625155221297944
0.4248318132448973,-3.5674469056049234
0.4230922976347818,-3.5722964437489626
0.4214189051988667,-3.577047852019379
0.4197705659463978,-3.581821683087991
0.41815356026089656,-3.5865586473075277
0.41670779682583536,-3.591429094855595
0.4149385607530964,-3.5963228344812648
0.4129311064043873,-3.6014960660405606
0.4111237102153562,-3.6066424227798244
0.4091620370330432,-3.6118471773163923
0.4073736558053404,-3.61684833922499
0.4061449938970176,-3.621757925648845
0.40453673403962864,-3.626506003766271
0.4030600682202053,-3.631595151719383
0.4016417081004593,-3.636668024852921
0.40013701953371844,-3.641771824515275
0.39807505875718224,-3.6462210323441844
0.3962188895026542,-3.6505731376267927
0.39470786234705724,-3.6546372298634355
0.3929817850133421,-3.6586866505069917
0.3914878816173432,-3.662555275741403
0.38994659978160207,-3.6664783475557186
0.38825448038703886,-3.670370551662525
0.3868002976281206,-3.674263291807061
0.38587831963819663,-3.6777144255954277
0.3849651078449547,-3.6811733544267202
0.3842329404508926,-3.6844195278785823
0.3833751070746717,-3.6877700765261157
0.3826698837770323,-3.691251552045221
0.38205406703631073,-3.694627922695824
0.3815544483716384,-3.697907995490382
0.3813421864639714,-3.7014342597913443
0.3813764706927278,-3.7046787007367192
0.3817197232775097,-3.7082730842872964
0.38213035341961415,-3.711811679609472
0.38283062071924234,-3.715315651963209
0.3836789639544541,-3.7190146302775426
0.38467411133704515,-3.722591951966415
0.38602375078579937,-3.7263648167382075
0.3870731530295339,-3.7294257535567343
0.3882071096997427,-3.7323914452542724
0.389528765186358,-3.735448181764287
0.3910506730357501,-3.7382684567155735
0.3924672309590463,-3.741152908840844
0.3944699867438674,-3.7440499203427855
0.3965655394435295,-3.74683687452963
0.3989806693895212,-3.7494184626940057
0.4015345804358124,-3.7520780762626433
0.4043950257565514,-3.754375319097422
0.40716349220932957,-3.756651824570961
0.41039044858103735,-3.758925587485937
0.4136422551871739,-3.7611691731107704
0.4170431270691898,-3.763331550336841
0.42067508146171645,-3.7656906263548904
0.4245243052209662,-3.767791956351502
0.42816690808685254,-3.769789499587145
0.4320787830371056,-3.771717783203812
0.4366752406581917,-3.774037726194325
0.44124494697769073,-3.776255775262723
0.44621461581933136,-3.7786262049474013
0.4512329451116118,-3.7809833819505427
0.456067918274033,-3.7831075568265993
0.4610986658910805,-3.7852351845211825
0.4659671334021171,-3.7870742970345304
0.47092376736593144,-3.788808167255619
0.47593132226584384,-3.790481489780597
0.48111984146923015,-3.7920088993997956
0.48607675750137486,-3.793663567271344
0.49107881660268154,-3.795364624436966
0.4960749481305131,-3.7969048967680377
0.5009144707617098,-3.7985325332051283
0.5059615846884675,-3.800145260855369
0.5113157045988832,-3.8015054302890277
0.5162612788205279,-3.803070513035982
0.5210578512961579,-3.804894348003969
0.5258359401352519,-3.8067456256758554
0.5307175142049255,-3.8084731993691134
0.535654873840364,-3.81021367388042
0.5406484643756773,-3.8117187473591487
0.5455999216293227,-3.8132733941877834
0.5506715393185634,-3.815042296617653
0.5564390782133958,-3.8176380137663437
0.5621605617367441,-3.820281506018061
0.567477289950591,-3.8227009764845254
0.5727840469585447,-3.8252492622783385
0.5780116880047672,-3.827612241142422
0.5833479236107718,-3.8298455134804685
0.5889588418967372,-3.832226399493367
0.5942595419670944,-3.834360900909329
0.5992823440008681,-3.8368269405718425
0.6044152161542393,-3.839555140577237
0.6093121254413143,-3.842233023698255
0.6142350931117369,-3.8448796011536976
0.6194002985537432,-3.847579493325747
0.6243073904823117,-3.8500001652870326
0.6290812633287303,-3.852580167536468
0.6334977681398666,-3.8556227485959664
0.637854559477939,-3.858614054530135
0.6420531887412928,-3.8617931925854063
0.6462505104071293,-3.865369666985063
0.6503664506121088,-3.8685880358827163
0.6545516731993775,-3.871736035823823
0.6595783988859137,-3.876417174740077
0.6641476391603609,-3.881088834580582
0.6687422941815446,-3.8861652696668694
0.6734298597588135,-3.891147550685451
0.6779155596626969,-3.8961430056601567
0.6819594566007067,-3.9006157867270623
0.6859062882629668,-3.9051664068901455
0.6895108097637074,-3.909520227061122
0.6930320841553146,-3.914014333738919
0.6964022499491649,-3.918689947636788
0.6995901220036913,-3.9233508510477177
0.7027911129183769,-3.9281122547402902
0.7060769181872902,-3.932771440828063
0.7093615966087403,-3.9371966229459714
0.7123512959504654,-3.9416893375249926
0.7152704209490058,-3.9462670087894605
0.7180706033565374,-3.950859569877145
0.7209552290231181,-3.9555111994410543
0.7237970108522981,-3.960214415910796
0.726736391965708,-3.9646689246362627
0.7294122380782353,-3.9693155206970876
0.7322022327758759,-3.9738243835310354
0.7348476325234478,-3.9783152157404693
0.7386262868027059,-3.9840407838708454
0.7423753439390347,-3.9897885545823715
0.7460559457993257,-3.995547761945465
0.7498412090736428,-4.001223643536015
0.7535390802821464,-4.006844525373407
0.75721024844841,-4.0121163999000355
0.7601035087763925,-4.016398620582792
0.7629693078334072,-4.020626222227919
0.7658777433372517,-4.024802629341238
0.7688215977362968,-4.028832288820809
0.7717069474793147,-4.032929225199912
0.7746380083282924,-4.036971226913596
0.7774332920978274,-4.040757000043556
0.7801122539990032,-4.044423485634742
0.782860278361527,-4.0479861085180335
0.7854146950467786,-4.051352429188168
0.7880708207647573,-4.05465403938223
0.7907499536770779,-4.057945065616717
0.793200957926625,-4.061205631837245
0.7955201640600456,-4.064410923409532
0.7977252055440667,-4.067676366842599
0.8001363182864629,-4.070553621590783
0.8024810003174738,-4.073374119322179
0.8050182902468108,-4.07601180442753
0.8081705060506597,-4.078880824897512
0.8110104714915106,-4.082130936587071
0.8137371955732885,-4.085340771501888
0.8153619951594323,-4.087208505724976
0.8171720508854827,-4.088948208792367
0.8186733561033157,-4.090423731202421
0.8201527477569307,-4.091937727933436
0.8217165581667338,-4.093396851193498
0.8232580930792619,-4.094836939088897
0.8246383417239981,-4.096389762975392
0.8260661391456675,-4.097909999164116
0.8274224610641707,-4.0993691363463265
0.8287869448089014,-4.100774560163681
0.8303276272668884,-4.102002074918318
0.8317571704713659,-4.1031344719716625
0.8329935062157776,-4.104455060564295
0.834026580671708,-4.105964448457566
0.8348796845375523,-4.1073199722173905
0.8357601320907544,-4.108593403010538
0.8367190878259952,-4.109536704810744
0.8376151587713416,-4.1104044143132885
0.838256870879331,-4.111194176848759
0.8387015380608048,-4.112139425615713
0.8389842054605094,-4.11323429524082
0.8394469336400981,-4.114511242240671
0.8396517336496552,-4.115461601437187
0.838810068219686,-4.115089159927482
0.8377465705719376,-4.114527014302647
0.8366358666830238,-4.113956579509577
0.8348717200993871,-4.113285114754485
0.8330434308868646,-4.112882453586558
0.8306997814259025,-4.11236695469675
0.8282276940814366,-4.111953281669199
0.8258295312797371,-4.11154516598723
0.8230305506454164,-4.1106745753415295
0.8202516142002666,-4.10978725585158
0.8173171128720155,-4.109063295377052
0.8138756087344388,-4.108163034081001
0.8101995509018024,-4.107511025344536
0.806511697800753,-4.107080427215153
0.8024907426425009,-4.106282129603488
0.7985313343384934,-4.105407159403098
0.7945482399262986,-4.104533590474313
0.7901749629918075,-4.103394555237239
0.7854280261731419,-4.10164392277183
0.7805973536679897,-4.100195596011941
0.7756955467168851,-4.098802492001336
0.7704602284932256,-4.0974028401332845
0.7652569328995255,-4.095989086217867
0.7598577178444698,-4.094730221611464
0.753517357017009,-4.092505220156654
0.7472398924737297,-4.09020101907835
0.7406849984937697,-4.088250104029819
0.7340425574060772,-4.086015563669835
0.7271980354869402,-4.084022890757391
0.720226364212833,-4.082295098492622
0.7128752840553835,-4.080289268805223
0.7053895535476881,-4.078443059266502
0.6974061737103154,-4.0768975593892725
0.6893777338173156,-4.074982389890003
0.6809892541275239,-4.073498553812054
0.672383996474473,-4.072233344444813
0.6637364151534693,-4.0707591178655
0.6548761720049483,-4.069537352455137
0.6457324729507593,-4.068616140144137
0.6364600544344993,-4.067400537031318
0.6267497992754348,-4.066570922254847
0.617169333660443,-4.06585412026382
0.606180699870767,-4.063303158298524
0.5949642585395396,-4.061203097873737
0.5835745168232956,-4.0593030857601
0.572151010891371,-4.057376114257254
0.5602962590175159,-4.055796895086667
0.5485404334271651,-4.0541640049331695
0.5364920506558674,-4.052234294069151
0.5247105637335506,-4.050631001573779
0.5126124667737946,-4.049378345698241
0.5006041447617247,-4.0482032596416415
0.488481927385772,-4.04714798873161
0.47687610170451233,-4.046257430575463
0.4655062015443752,-4.045240167843326
0.45453025602669067,-4.044507063255349
0.4437174424360784,-4.043605354046973
0.43304487985466633,-4.042880920741772
0.4227245714512905,-4.0426469782447025
0.4124026785161477,-4.0423667188825725
0.4022706250060479,-4.041948447273888
0.392638847281508,-4.041770736196525
0.3833732042852581,-4.041157454587542
0.3743385029990048,-4.040509414433963
0.36583381022362677,-4.040079723030412
0.355429564248071,-4.037674502339979
0.3449671486980527,-4.035346554250704
0.33499641041594663,-4.033211078519869
0.32545379701257554,-4.03157427353911
0.3161860348330613,-4.0296137860076575
0.3074872688571793,-4.02719010354369
0.29879988906637667,-4.024775084711515
0.29000002805121794,-4.022495787538373
0.2813672793732747,-4.020081257621546
0.2730619226341984,-4.017940560520782
0.2648230020138018,-4.015723443849559
0.25720675304826485,-4.01299731726037
0.24993139073924386,-4.010556421849138
0.24299512708322107,-4.007716337523376
0.23618126047676677,-4.004777431309922
0.2298449143737255,-4.002238107900265
0.22370285306269608,-3.999515554485334
0.21830307173604016,-3.996702442483365
0.21299780964142098,-3.994226835112498
0.20819226233923835,-3.991163614419117
0.20380917795463518,-3.9880592130199854
0.19948503816034135,-3.985154270744199
0.19527110620645274,-3.982121847876548
0.19032007077513427,-3.9776003629689884
0.1859845720892315,-3.973594557350876
0.18204175880605764,-3.9692124881587225
0.17823027700995397,-3.964995004103252
0.17612028546757746,-3.9626835876194533
0.17416687049930954,-3.9602442801040847
0.17241672309769568,-3.9575672235250323
0.17102997890649457,-3.9551950286189426
0.17015819246359695,-3.952398852185832
0.16919175025160968,-3.9497152752028413
0.16837280764225487,-3.947285461170024
0.16762853622605003,-3.9447894538690194
0.16733094546355878,-3.9418387127982357
0.16718168978306738,-3.93901324888284
0.16712363844725275,-3.9361466659817133
0.16675756806329758,-3.9335827839649276
0.16652709932772294,-3.9311333764384853
0.166231452601449,-3.9287513337635165
0.165967042038766,-3.9263767771551668
0.1656102303942725,-3.923925401502376
0.1654081030538679,-3.9213329964455887
0.16499165415093522,-3.918962536356013
0.16470406949149266,-3.916700842068149
0.16411468360823733,-3.9145937573167213
0.16339068076080282,-3.9126731516187094
0.16268416644613498,-3.9107676156114564
0.16190923456737377,-3.908896531029105
0.16289366716896103,-3.9091022493145497
0.16412022588597533,-3.9093641301221314
0.16507367082737048,-3.909901231948044
0.16604502173831506,-3.910456338856138
0.16707025109569773,-3.9112340330307607
0.16763706946752557,-3.912429223160947
0.16841080425150165,-3.913797948454343
0.1689858235584368,-3.915298319366976
0.16947717534950296,-3.9168650605038704
0.1701925709531291,-3.9186195155018266
0.17089975433631166,-3.9203633319603224
0.17106498814733936,-3.922649936647871
0.17113537184043665,-3.9248562759275583
0.17081820187975874,-3.927411929609183
0.1704950913246223,-3.930008331122261
0.17017409028253727,-3.9326056189352165
0.16982356676926838,-3.9351937897247264
0.16888811593055578,-3.937844005369168
0.1681784361197644,-3.940425629838971
0.16811731512424954,-3.9440405962765697
0.16760729949905182,-3.947722441636791
0.16693823280964257,-3.9516222196648085
0.16634532567596397,-3.9555619020551496
0.16670506353387957,-3.9607974298439785
0.16693565030631366,-3.965924351013638
0.16719807277243398,-3.9710492988356116
0.16721418728023052,-3.976367636291217
0.16716087415116698,-3.981627378556924
0.16701312863741322,-3.987018052989129
0.166505779365764,-3.992719672391341
0.16616112853341766,-3.998556674000178
0.1658205961882831,-4.004353524508899
0.16557896687116835,-4.0100087888464175
0.165572774600998,-4.015731468206778
0.16549574828084157,-4.021536805709111
0.16493829601885915,-4.027736597714207
0.16465191710527552,-4.034161250045077
0.16445275801612894,-4.040481671245455
0.16448737785994869,-4.046608558959682
0.16444889541268023,-4.052673302828142
0.164474050344494,-4.058661724140677
0.16434284123615148,-4.064777366146385
0.16415119515934098,-4.070841364758631
0.16487218629758993,-4.078385938230257
0.16604032303447092,-4.085562881602941
0.16710352958692867,-4.092652161894357
0.1683854154989452,-4.099655222128312
0.1696354500523603,-4.106666826606965
0.1707350275045433,-4.113553001368396
0.17196775162709257,-4.120353814882962
0.17319637321273498,-4.127172202758512
0.1744023403663171,-4.133971634625842
0.17587849694370322,-4.140497880780058
0.17739386986057643,-4.14697807636341
0.17881128439731414,-4.153376863042238
0.18045575727064328,-4.159549345345537
0.18211823326712875,-4.16567146376489
0.18421826106178843,-4.171678375664209
0.18645649742710396,-4.1775749210561575
0.18844032725507098,-4.18341357766975
0.19073873988455073,-4.189421179836392
0.19334650636011075,-4.19507505179246
0.1961776769067685,-4.2004096081435405
0.19952214234848692,-4.2056727046809845
0.20329856212159816,-4.210544878619938
0.20700948154915505,-4.215256074133729
0.21105466094790412,-4.220240166883668
0.2166260404350302,-4.226054868301904
0.22235689894095456,-4.231537159598596
0.2278681508015996,-4.235861082334101
0.23390937956225288,-4.239654782546851
0.2403998814522558,-4.242989605244882
0.24708420552655394,-4.246484916556104
0.2539742314874294,-4.249771466213575
0.26100305848601124,-4.252556079732285
0.2683412828652838,-4.255455524134399
0.2763100193119443,-4.257707096693891
0.28438197670433435,-4.2596497084957505
0.292849070798255,-4.261615072406931
0.3017756250545831,-4.263154397132347
0.31057197293292405,-4.264312349371733
0.31954607183441963,-4.265822329226786
0.32877842465544616,-4.267050164646375
0.3379149356737499,-4.267932816084738
0.3472819814628802,-4.268895746966595
0.35697397258701224,-4.2695970981345965
0.36658538528146223,-4.269840260135467
0.37652774840976744,-4.270343054369577
0.38667267225744706,-4.270683179749106
0.39783796839854674,-4.272159943386836
0.40909985575384467,-4.273771814885051
0.4204093707805819,-4.275347106798908
0.4319443027225435,-4.2766188089471715
0.44265717034116675,-4.276564670961804
0.45331354086954273,-4.276556106387161
0.4639214788334032,-4.276362010177833
0.47457210911846776,-4.2761339031584
0.48524002465237104,-4.276014646958688
0.49612527850144095,-4.275716477546279
0.5070563517884368,-4.2753816995205245
0.518081871142729,-4.275046120064645
0.5290953167742465,-4.27443132507925
0.5401755780171952,-4.273763147559415
0.5512339833875122,-4.273152175969412
0.5623384748295438,-4.272397820159806
0.5735714293085266,-4.271540937284506
0.5849017384295235,-4.270830783159382
0.5964024167877084,-4.269617438178738
0.6081405920351044,-4.268214613499619
0.6198491717756295,-4.266633705696996
0.6313500781615924,-4.264783200076996
0.6430169304601878,-4.262800745016959
0.6555042133495265,-4.262340480819938
0.6677951551980968,-4.261713010299844
0.679934585583391,-4.2611315979360525
0.6925069389662477,-4.260228993137205
0.7046475570738636,-4.258959902407068
0.7156561386659955,-4.256352785219738
0.726620035069579,-4.253877386525247
0.7369460280376663,-4.251591433280363
0.7469842413393755,-4.249657632094655
0.7572162207149005,-4.2475708840065405
0.767138957126201,-4.245220536789987
0.7771269367726972,-4.2427923162490755
0.7868126192009353,-4.24060478933809
0.79613061972976,-4.238103740202128
0.8052383399418936,-4.235920264972882
0.8140896319459351,-4.23394616176282
0.8227588950989169,-4.231815424448264
0.8313135607668173,-4.229835933382757
0.8398046357205928,-4.227862411380716
0.8479624233808672,-4.225603327487203
0.8558768837394397,-4.223618083524414
0.8636567390779939,-4.221727639134925
0.8712790899210056,-4.219700959170955
0.8787619783563004,-4.217785599677514
0.8860196995109646,-4.216147963453232
0.8933752504993716,-4.214708509731106
0.9003715804521799,-4.213405209786486
0.9059016569000159,-4.211053150934881
0.9114347665893594,-4.208448639170766
0.9169126094724646,-4.205816749813216
0.9220920971714506,-4.203524146567303
0.9270782171331997,-4.201176006619207
0.9317057443266459,-4.199036458991413
0.9360066589824402,-4.197273205470901
0.9402518865296183,-4.195550344849115
0.9443137632456511,-4.193669581823013
0.9482016965655596,-4.192002490971988
0.9517998737003415,-4.190580851142866
0.9553461951401547,-4.189113918142697
0.958597406616509,-4.187937112893395
0.9615030886461327,-4.187096845348002
0.9641807814246861,-4.186060539435727
0.9668209749436649,-4.185092533943065
0.9692953663584436,-4.18423709431714
0.9714886061503882,-4.183139974316766
0.9733651636044527,-4.182429729101106
0.9747718302409029,-4.182124674635982
0.9761494890744684,-4.181630646817665
0.9773534276622136,-4.181047282619754
0.9785132925775614,-4.180427231293541
0.9786061537007631,-4.178314554500973
0.978784704143514,-4.17607827453595
0.9787812105353706,-4.173873563996587
0.9786017219801568,-4.171807420235342
0.9783598775333715,-4.169502208980564
0.9779706170942958,-4.167376717187897
0.9776699655827586,-4.164981794953436
0.9778044175476924,-4.162377193850299
0.9778603998560579,-4.159639699321578
0.977641900365918,-4.157061732622885
0.9775321038896532,-4.154492997057758
0.9771252356418157,-4.152023137320998
0.9769430873814332,-4.149240851464943
0.9772185836419088,-4.146318261313803
0.9771118362013111,-4.1432959592843455
0.9772651760149621,-4.139954018887513
0.9774838785384447,-4.1364684889122945
0.9774246072007813,-4.13277890896865
0.9774419250934437,-4.128994779870804
0.9768153736753169,-4.12446666094208
0.9764575914921128,-4.119725289619632
0.9758526498816787,-4.114832337445729
0.9754844622231768,-4.109622275270509
0.9755495060853583,-4.104068282726812
0.9753278102180912,-4.098186240099132
0.9746585288931664,-4.091873374304297
0.9742302229363701,-4.0855187810817055
0.9738604139780452,-4.07876095710099
0.973518135835333,-4.071968091338433
0.973596715468138,-4.064911777318974
0.9734441908406951,-4.05754904712253
0.9734132224852685,-4.050035823147744
0.9735176827614893,-4.042489057773717
0.9738534751244393,-4.034621381343859
0.9742286935201333,-4.02670352877553
0.9750933435174591,-4.018597052998932
0.9757791924361194,-4.01033133899683
0.9767010623249014,-4.001775208487102
0.9776461082582342,-3.9931951788538846
0.9786031106681135,-3.984344744625912
0.9799391389496381,-3.9751321968876923
0.9815824073166395,-3.9661828857929837
0.9820258635413225,-3.9559804689018345
0.9824473034827651,-3.9458115859599356
0.9831969290598055,-3.9355644138842494
0.9839943608718322,-3.9253468425591334
0.9847908780852773,-3.9150958811073333
0.9856615751966563,-3.9051977689963477
0.986858359637708,-3.895614270175808
0.9878414877984393,-3.8862687527895012
0.9888072763906084,-3.877192287066845
0.9897801464869597,-3.868318649514187
0.9905827556757218,-3.859775265801286
0.9912731880589072,-3.851236818272622
0.9922568626253321,-3.8431402680303077
0.9933037457114825,-3.8349929791785846
0.9939566274756597,-3.8274045438716886
0.9942746392197928,-3.8201190884471994
0.9944318842468859,-3.8131474566366097
0.9945545009654115,-3.806218001777238
0.9946308054682613,-3.7993339102962653
0.9949164621232931,-3.7924959613966527
0.9949237336418304,-3.7859957321097295
0.9946307310472584,-3.779778126178943
0.9945027595346537,-3.773838257192838
0.9940718573133392,-3.768265798692399
0.9920940951451579,-3.761204416032008
0.9902328047078304,-3.754246063434786
0.9883726575094605,-3.747361856276806
0.9873583908379796,-3.741100938513221
0.9861165842875987,-3.7349928373749317
0.9850896385117411,-3.729079594560838
0.983740062975004,-3.723557360984137
0.9819384290997422,-3.7181990499089865
0.9805259895703722,-3.713076648300315
0.979202539155075,-3.707847703758429
0.9777393854955443,-3.702750597845289
0.9765621217350334,-3.697786626932077
0.9751550138999174,-3.6931012589240506
0.9732971522390809,-3.6887034085002086
0.971816811708143,-3.6843610864481957
0.970111549648401,-3.68022894258723
0.9683660017069428,-3.6761028579937416
0.966850842897895,-3.6719289520729084
0.9652352014624376,-3.6677678877673654
0.9631007629301065,-3.6640885122394677
0.9603588145295547,-3.659693348995717
0.9572504701568222,-3.655675384437638
0.9542507550851289,-3.6517954158371713
0.9514693630917659,-3.6479788541243092
0.9485506496825558,-3.6442719859093486
0.9454913645775298,-3.6404417096360353
0.9435503033967132,-3.6379202006833022
0.9415325428635781,-3.6354619056436146
0.9393245961172034,-3.63319678773249
0.9369822879155612,-3.6310076052005376
0.9347480248560244,-3.6287313401451176
0.9326149306813531,-3.6264215696199256
0.9303745065473957,-3.6238319440991305
0.9281465731111139,-3.621232957217101
0.9259165308251289,-3.6186333905756487
0.9234496339077872,-3.616107741968863
0.9210284175372533,-3.613545619200216
0.91857324388244,-3.6113795308706114
0.916130170292408,-3.6089452397743376
0.9136400981684429,-3.606549926788214
0.9113168049860919,-3.6040477042556236
0.9089280275765983,-3.601582553851892
0.9065408547576143,-3.599116830791085
0.9041632928396648,-3.5968588201329
0.9017808242635008,-3.594597676249795
0.899103062621254,-3.5921647690987877
0.8965068358010547,-3.589677625974295
0.8939021398674158,-3.587183058662129
0.8914689320093729,-3.5845139338186076
0.8888771196892774,-3.5819546441487353
0.887726661747159,-3.580989411514236
0.8865888715459826,-3.580302293026837
0.8853187037520146,-3.5797234592141938
0.8838587870053742,-3.5792623577038176
0.882436830500742,-3.5787750719540923
0.8809094173360963,-3.5781892096744246
0.8795239416622215,-3.577459832306158
0.8781567386345832,-3.5769576935806873
0.8767614181042556,-3.576537003393898
0.8753613145433927,-3.5761419873688793
0.8739750181308763,-3.575708586644569
0.872359033180235,-3.575191367198638
0.8707123465762933,-3.5746690308335176
0.8692592985309892,-3.574021585157971
0.867705056671019,-3.573561219517983
0.8664937878071214,-3.5728206066888535
0.8651664697308163,-3.5722271541870714
0.8636380853706208,-3.5717067872605055
0.8623427142964583,-3.5714330957884024
0.8611176369549521,-3.5710445354001
0.8608514354655075,-3.571313577564763
0.8607459358551655,-3.5714397690607655
0.8606730662003343,-3.57131397272089
0.8605499293877384,-3.571248289834295
0.8603511713889347,-3.571275779119314
0.8600627246167248,-3.571460595433623
0.859821208713005,-3.5715893029899584
0.85952979496873,-3.5715781386831678
0.8594341582776268,-3.571436697206625
0.8595192019901867,-3.571079224208547
0.8596136554481217,-3.5707790393425434
0.8596520979164338,-3.570453551335988
0.8595263497414704,-3.570324392514217
0.8592591915171549,-3.570006462308786
0.8590552784432438,-3.5696401122109034
0.8591250180479653,-3.5689465935706157
0.8593052744987886,-3.568136579386819
0.8593722807699746,-3.567129918170039
0.8592334958875902,-3.5662203033027877
0.8589153290956725,-3.565467788599105
0.8584039237425724,-3.5645451277805313
0.8579655036328443,-3.5635374404115985
0.8576594944681397,-3.5621935628376797
0.8571260999845389,-3.5608763139554767
0.8563532992773915,-3.559347012894239
0.8558305158748865,-3.558105445927288
0.8550092201334949,-3.556933807728165
0.8541836125862937,-3.555735111155853
0.8532486125517854,-3.5542668334203085
0.852427239266612,-3.5527420851918246
0.851536859988471,-3.5512258647234014
0.8506468446953318,-3.5494429483193475
0.8497308465518935,-3.5476720753624686
0.848680833374523,-3.5461003636153148
0.8475411034719503,-3.5445090284853444
0.846619321139022,-3.542883235946708
0.8455271967314102,-3.541396636801499
0.8445935250595962,-3.5398382601797413
0.8436168873063178,-3.5382593230111845
0.8423583493219791,-3.536911175097262
0.8410077109414958,-3.535471531571304
0.8400737378475324,-3.5338671587447923
0.8391947233135351,-3.532217533307893
0.838188259958088,-3.530706372644193
0.8372799868863827,-3.5291220028488848
0.835901395258224,-3.5279234372856036
0.834698050238216,-3.526739939615298
0.8336853879541215,-3.5254411014596188
0.8325864393869329,-3.5238646780826905
0.8315555568953831,-3.5222085326152515
0.8304316799784045,-3.5206632115425913
0.8292074982715152,-3.5192116767723256
0.8276997846377009,-3.517791735232497
0.8259892457877442,-3.516613457522431
0.8244068438005343,-3.515298363217245
0.8227197627691387,-3.5136540470865394
0.8211230823717963,-3.5119018145002414
0.8196273746385238,-3.5102482811092512
0.8176117392013033,-3.5084400244879914
0.8155120325597702,-3.5067770701701075
0.8130134481205494,-3.504762581231898
0.8106485480357108,-3.502637605925435
0.8083237068508226,-3.500464278656284
0.8058238239544049,-3.4980552639802918
0.8028289625760983,-3.495314428752429
0.7996506447466818,-3.4927747012605903
0.796452820589417,-3.490289286702172
0.7928645365840985,-3.48755709963085
0.7895325610316157,-3.4847358792378818
0.7861739010429101,-3.48199568024835
0.7825061026370937,-3.47898307883582
0.7786396257471085,-3.4761420399676792
0.7749545625754916,-3.4733633095193737
0.7710793970387835,-3.470189434829105
0.7674456350000561,-3.4672273184713136
0.7637182102228817,-3.4642855092449416
0.7599288790352834,-3.4611436493462415
0.7558803034738575,-3.4582189706207456
0.7518411615181819,-3.4556871276801107
0.7476979365633148,-3.452858353817611
0.7435653084864179,-3.4500200525388633
0.7395521896632931,-3.4473057581909816
0.7354211103213533,-3.444535923104169
0.7312295293616586,-3.4418154102436778
0.726793859854864,-3.4392029346880117
0.7220460527099373,-3.4368870944165684
0.7165419956835829,-3.4335344293969334
0.7109670102563255,-3.430119403460398
0.7054297053531425,-3.4266591058722935
0.6998611320882544,-3.4232241636110254
0.6941471849506201,-3.419722605552159
0.6880946181787014,-3.4166192877107178
0.6818835555888552,-3.413646341693755
0.6755322163894903,-3.410550288484644
0.6690803291543853,-3.4075710788519746
0.662978509055878,-3.4042993471826164
0.6565338823304794,-3.4007263982819356
0.6499317934614487,-3.3973362968724445
0.6430217419603583,-3.394200543549008
0.635876426443072,-3.3908584999829254
0.6286581647208198,-3.387604281564567
0.621373583133124,-3.3844614755998017
0.6141066457681041,-3.381335046995409
0.6068956839292804,-3.3780937600693925
0.5995331877563687,-3.3749781769117635
0.592149435538512,-3.371844668768259
0.5847024061478403,-3.3687989863022096
0.5771352731149315,-3.36589315196719
0.5698225944854659,-3.3632117122141216
0.5624037463336002,-3.360576518464755
0.5553735324249341,-3.3582336768948284
0.5468534786387957,-3.3544607066142493
0.5381409997810835,-3.350446118992441
0.5298503222419625,-3.3467660290222647
0.5220191893676185,-3.3434491398326123
0.5141012480367965,-3.3398710847583306
0.5061144656812908,-3.336372360749228
0.49842393186620715,-3.3332052858659833
0.490409033532015,-3.330068592077119
0.4827566184734221,-3.326508812952172
0.47566934361576046,-3.323274076888519
0.4685802151832302,-3.31974679910755
0.46140575952080304,-3.316318671245882
0.45443451170371,-3.313264856308093
0.4474976881812498,-3.310242165791397
0.4407421839864715,-3.3070088911798763
0.4343861413331587,-3.3038760050187066
0.42819607611138055,-3.3004674533953597
0.42207629762395044,-3.2969774660144413
0.41589607740336204,-3.293894121146309
0.4098482276025657,-3.290875936933572
0.4037182406127323,-3.287953716148652
0.3977357135414916,-3.2850720709209695
0.39199071383225714,-3.2819790918501437
0.38507836530001366,-3.2771747863007055
0.37856789555797077,-3.271969558729328
0.37285162715732245,-3.267759388966502
0.3672440255227822,-3.2636441757724106
0.36158210233022603,-3.2595932828222325
0.3563370394234259,-3.2551898452155514
0.35133974450066924,-3.251003120753963
0.3464708021032391,-3.2466838247052014
0.3419514600799532,-3.242026309070367
0.3374984449298899,-3.237426900853144
0.3330814127395354,-3.232791234046308
0.3287504067494606,-3.2280369023771374
0.3246835432914395,-3.2235138141448982
0.32088621281108337,-3.2187571333756866
0.31725340291235826,-3.2138753354809393
0.313665320834936,-3.209032896758589
0.3101591709635824,-3.2041216543054096
0.306938929594743,-3.198882397431065
0.30374820499063815,-3.193669340155048
0.3010402443401264,-3.1880454900422426
0.2982630000647499,-3.182502285713751
0.295532055671833,-3.1769999578540706
0.2928170342388941,-3.1714848775741995
0.29031540758749264,-3.1657255545192435
0.2877867736799801,-3.1599430146410845
0.284334956426246,-3.152924837880667
0.2811734177361303,-3.1456673475437973
0.2794972735771034,-3.1398738967320443
0.27811616818200546,-3.1342266636862495
0.276616208263337,-3.1285955526409985
0.27512471958398105,-3.1229553641946097
0.2739222994314181,-3.117407806642345
0.2729219284998786,-3.1118273244411174
0.27217085281445097,-3.1059739033991467
0.2716841288521551,-3.1001406806760383
0.2710412901722853,-3.0945114618250575
0.2702691716809052,-3.089002934689905
0.2696661849886463,-3.083649264945905
0.26935748146248606,-3.0784793131792507
0.2692728092878016,-3.073086135449229
0.26918249136234573,-3.0676376883098317
0.26919224323621327,-3.0625253400142722
0.2691421067888343,-3.0574416533772273
0.2689842585632758,-3.0525896586642367
0.26903712985013956,-3.0480491785094936
0.26938797786233354,-3.043243861443642
0.2697808377747361,-3.0382241329761195
0.26971136526347095,-3.0324816893762114
0.2698835170646594,-3.027042173859708
0.26994878083448554,-3.0217071810391563
0.271743288994535,-3.0177283736584184
0.2734246289057324,-3.0140586433272496
0.2753984291968393,-3.0101372381141207
0.27733520453459104,-3.0060671842508544
0.27958025653277546,-3.0022195212110323
0.2817367582668462,-2.9984485112278025
0.2840374902218326,-2.9944445904092505
0.2863908786365333,-2.990570411195189
0.28876517058687595,-2.986717112399138
0.2912930330619811,-2.9828554309725117
0.29404772200851587,-2.979218567246702
0.2967405056317483,-2.975678069635658
0.2994774893139454,-2.972031497867628
0.3021213812127609,-2.968739846514651
0.3048969283648145,-2.9653220968147322
0.30812458313958796,-2.9618069560652236
0.3114136099374214,-2.9585138614602933
0.3149034550164785,-2.955078717636751
0.31844050735809526,-2.951735751919151
0.3219376393411334,-2.948626947764848
0.325621108336987,-2.94530526554768
0.32955646896385365,-2.942215710918853
0.33392455113518194,-2.938752759129477
0.3380952060282129,-2.935293293190847
0.342396460198248,-2.9319238088322845
0.34782455230770115,-2.929598989594292
0.3529701796362108,-2.9275733665298254
0.35787113809861365,-2.925725544338942
0.36303509923408045,-2.923650522417586
0.36814636612204515,-2.921529655180455
0.3731984287917848,-2.91947586252119
0.37806494180911926,-2.9175816757965114
0.3829252598854335,-2.9156829736330163
0.3875036922488806,-2.914105838676233
0.3920208562702784,-2.9125811760023503
0.39658947652092247,-2.9111031515208956
0.4012798024080627,-2.90948543241703
0.4059340561653486,-2.9078984071515666
0.4103830699513404,-2.906129238462836
0.4144901657745015,-2.9046852556746607
0.4185106096974353,-2.903331572815964
0.4224801503487135,-2.9019331903903907
0.42626595787231814,-2.9007161215887773
0.43021788826946045,-2.8993616249980727
0.43402446552857016,-2.8978779268954815
0.4382506796752164,-2.896931644577866
0.4419719143261089,-2.89641972788479
0.4463630954738437,-2.896389157112423
0.4507085217344272,-2.8963180044126218
0.4550084958824986,-2.8962856646284547
0.45889458160039154,-2.896727097670602
0.4627773754387982,-2.8971657212969304
0.4659622882708209,-2.8982040959879
0.46934956239209474,-2.899366392982379
0.47239533455074123,-2.9003305368522843
0.47536687679405076,-2.901352131754902
0.4781094609653646,-2.902635836367859
0.48044750195013064,-2.9040933033014418
0.4823978907996681,-2.905484982092391
0.48407280940941816,-2.9071923684310255
0.4853996312922715,-2.908781813647617
0.486364416580502,-2.910209273627491
0.487201455055164,-2.9117832325120436
0.48785909998864974,-2.9132390985574306
0.48796617290077704,-2.914354514799639
0.4875596108567816,-2.916059546565586
0.4869485689571766,-2.917667671532201
0.4857254979691778,-2.919279951318189
0.48442446296716857,-2.920981743975004
0.48369772182246823,-2.923721694088716
0.4828640497593452,-2.926586475714556
0.4816071699426777,-2.9290672457654385
0.4796964713470808,-2.9321539234198846
0.4776682339111611,-2.9355311871847816
0.4754223356376493,-2.9387424887546367
0.47287116823529957,-2.9422738709770013
0.47027752744008916,-2.94578629712851
0.46762393116588935,-2.949019821189314
0.4643640481112504,-2.9527649129876905
0.46100395883216283,-2.95642133128958
0.45758918023157097,-2.960115887312661
0.4540076825536381,-2.964010279895068
0.4503045227493847,-2.9677971515960806
0.4464554991013838,-2.9716873292574975
0.44252538251939,-2.9756525406910526
0.43829626718014947,-2.9793524636253204
0.43387306482430343,-2.983245311010698
0.42942026806798933,-2.987183218605166
0.4249190939627881,-2.9910792097329857
0.42045884756496504,-2.994940122162344
0.41597576676800563,-2.998827064878975
0.41119750574312935,-3.0024531076782948
0.40627491950232103,-3.0062027932682462
0.40158829639463395,-3.0101687587801247
0.3967772359738957,-3.0140234979497733
0.39137605806901815,-3.0172554872366897
0.3861978459444024,-3.0202960835403188
0.3807227780421445,-3.023676727607598
0.37472895048790056,-3.0265997896574377
0.36872361378314006,-3.029532167648641
0.3629117230337278,-3.0322417274518725
0.35661022406602805,-3.034520156136691
0.3508761810188063,-3.0363108568864154
0.3447093393391375,-3.0382387288375705
0.3382726787897432,-3.039824818661856
0.3317433489400428,-3.041494889264883
0.32514825570546546,-3.0432380438562783
0.3186893787695416,-3.0442334995694513
0.3124618439202057,-3.0454268461204643
0.30617759007005174,-3.046352531480863
0.299887389011745,-3.0473136782736394
0.29385307841208624,-3.0485283491471447
0.28759203967057,-3.0494303822355904
0.2814853062339368,-3.050160035279061
0.27568710672730784,-3.0510969352081827
0.26944163410042543,-3.0509175730258105
0.2631536491812146,-3.0507855360054514
0.25704997927870815,-3.050817462481242
0.2510762061487592,-3.050706853711187
0.24410989881962575,-3.0495385062217735
0.23691820775288677,-3.04856257501917
0.23031587317879187,-3.047718829093963
0.22391068205070155,-3.0467319842331526
0.2177532604898837,-3.045530415444046
0.21178048280095507,-3.0444225196796464
0.20586977817042654,-3.0432037678711388
0.20006004013874082,-3.0420563160347975
0.19465144353831831,-3.0408009643149696
0.18966337863633842,-3.039189932077634
0.1848366956539948,-3.0377209091100332
0.18013755473827486,-3.0361289596735235
0.17559589456955674,-3.0343458504104923
0.1710300556081216,-3.0325417576413383
0.16673399970319594,-3.0304897889759883
0.16260402444081634,-3.0282882566281812
0.15761525767820872,-3.025065840204715
0.1527064195856577,-3.021736262104927
0.14802203240599343,-3.0181515471412665
0.1435049449141154,-3.0144187786267835
0.13903890495081836,-3.010401244914003
0.13466588687217124,-3.006277716688146
0.1305510553317596,-3.002151722372575
0.1266570871915423,-2.9977963265556316
0.12284176581326908,-2.9928672665422185
0.11927288261855615,-2.987724304404436
0.11568094312443364,-2.9825610243103564
0.1123000169034178,-2.977193759152402
0.10918850902705127,-2.9715436094434273
0.10636919350713658,-2.966149809458979
0.10384162601054994,-2.9604695520954616
0.10162735120498903,-2.954524780863878
0.09971901585828358,-2.9488484878072723
0.09787584355015247,-2.94306920535979
0.09627141957394353,-2.9370375095972374
0.09486518314895591,-2.931180017109071
0.09394718389684913,-2.924898120381299
0.09300972583879764,-2.9183624507976194
0.0923867021875446,-2.912193933460751
0.09199380869210001,-2.9057659232532624
0.09064523603430799,-2.8980071517089603
0.08919093885470075,-2.889926120176073
0.08803533318272022,-2.8815852426475037
0.08719033910200387,-2.8734663727476244
0.08623345502320616,-2.865519563643031
0.0855067118656527,-2.8577236432260453
0.0855749968479006,-2.8506366927725377
0.0855948569071411,-2.843339265771278
0.0858190152468577,-2.8360684909473624
0.08621642917722855,-2.8285963930469387
0.086757973216992,-2.8212290479952564
0.08766911731465092,-2.81353830640303
0.08846417901509332,-2.8059785094333307
0.08916841314093758,-2.7983389466289927
0.08986793017570191,-2.7907039385778565
0.09084694424206335,-2.782868476594301
0.09199339637038047,-2.7749356012335196
0.0932915813986492,-2.7667077237198026
0.09442127224309481,-2.7586691856085315
0.09542595798045944,-2.7507791853101886
0.09646853550124708,-2.7429309326466274
0.09768004271743833,-2.7348936312828296
0.09880341745482729,-2.7267068489183384
0.10033283568488123,-2.718259232114395
0.10078703583129754,-2.7087322393055238
0.10134278936320346,-2.699057459824156
0.10304716212625653,-2.6906465412172555
0.10495088720330016,-2.6820986628538286
0.10675721000947878,-2.673660012939547
0.10831891770377383,-2.6653028854764913
0.11030258132503798,-2.656818069449861
0.1125943099932005,-2.647988988515117
0.11496224646771339,-2.639090373598969
0.11757586421884617,-2.6299605565838218
0.12024069076915452,-2.6209860151060176
0.12333436778074461,-2.6116849860758133
0.12673092430415084,-2.6024035900830107
0.13052799684899163,-2.5929319006653238
0.134605316117286,-2.5832127322014573
0.13871996570725964,-2.573527870035885
0.14289736509894904,-2.563773333005052
0.1468180508652633,-2.554246630958386
0.15098430175512143,-2.5449415571413048
0.15528268561513825,-2.5354896615381626
0.1587607031009127,-2.52527034817722
0.16278370053328392,-2.514809474963509
0.16640224230734815,-2.5046931096387515
0.17026450056408127,-2.494581481601665
0.17427962529248262,-2.4843356777334433
0.17817792485212386,-2.4744578305980682
0.18357769615790645,-2.4656044916648248
0.18973085904458045,-2.456474842854602
0.1956844556642217,-2.4476767511529447
0.2018766820280714,-2.4386132695223925
0.20838027477273718,-2.429233832616477
0.21501167469095384,-2.420095061728559
0.22162312244311003,-2.4109787532568245
0.2286401505279421,-2.4017476804087923
0.2357882304813251,-2.3927957010899616
0.24303579325506558,-2.383733160361038
0.2506109957947619,-2.3743238247493186
0.25802643984229584,-2.365048698555929
0.2653802151734706,-2.355842347954868
0.2729671074345635,-2.3465167951191037
0.280673623338626,-2.3373378394705027
0.28821097766500786,-2.3283472007906525
0.2960514573998295,-2.319037425758147
0.30359805152250563,-2.3099031788738476
0.3104912283441072,-2.300195020941457
0.31740964849455905,-2.290415565114779
0.324317826226108,-2.280645817723024
0.3310789511205482,-2.271170579594276
0.33786222960060197,-2.2619286955914766
0.3445534956443707,-2.2527692877110224
0.3523153640150931,-2.2447615944956856
0.3599208913174809,-2.2369358801444985
0.36747371792937294,-2.2290625500514127
0.3748825936276084,-2.2213175772337403
0.3821457148967818,-2.2137346935069075
0.38969406229510106,-2.206415354588047
0.3968102278879857,-2.1994812879457637
0.4037089086830884,-2.1927890451769363
0.4105555274187743,-2.186432347745964
0.41704645800140333,-2.180441568508935
0.4232848656200192,-2.1745226887347977
0.4290963197565109,-2.16937548303183
0.4346174110825964,-2.16448710389195
0.43968138595361406,-2.159851395080751
0.44443023238999485,-2.155597414696372
0.4488525805969121,-2.1515409298923784
0.4532444961444929,-2.1475181426469048
0.45762501459001037,-2.143650232662458
0.462014095086004,-2.1398133103543784
0.4661516555584523,-2.1362680520933446
0.47092105259425693,-2.133677948895876
0.4752491544166192,-2.131434025950541
0.4794833110272135,-2.12928811203921
0.48355180069895437,-2.1273263518764796
0.48720820653343416,-2.125527657550617
0.49091878935174293,-2.1234703865595175
0.49430456664304495,-2.12177465763861
0.4971669486622281,-2.1205761116693025
0.49979216153007194,-2.1194348926116304
0.5020057466829081,-2.118751995975192
0.5039379730845721,-2.118422299599926
0.5056791021884297,-2.1179092273181315
0.5074515115466005,-2.1173611620507424
0.5091067979094749,-2.1171999860550033
0.5103871483988417,-2.11697796611608
0.5112328100764275,-2.1172060079035537
0.5116431905168939,-2.117821571207765
0.5121098772313468,-2.1184894754994277
0.5125000098555057,-2.1192364382317908
0.513546497688218,-2.121048980777111
0.5145209839304382,-2.122794493142268
0.5150784185002439,-2.12495614332502
0.5153127322207207,-2.1274314375725982
0.51532649011094,-2.130249066549461
0.5155464078655208,-2.1340488833150135
0.5157566864655074,-2.1379361706923006
0.5159743293849351,-2.1418180505782733
0.5160164729365584,-2.1457399185424517
0.5160688031665959,-2.1494608834194686
0.5156348385949066,-2.1536642684084746
0.5148581698267931,-2.158099933751836
0.5140567824297828,-2.1626858095172983
0.5131493376111377,-2.1673857004619537
0.512058380883744,-2.1722482458404646
0.5110094246954183,-2.1769715004929253
0.5095583975448699,-2.181715925745186
0.5080359516681283,-2.18652350533959
0.5064103111739883,-2.1914368883482402
0.5042814884729273,-2.196591822663527
0.5019813541965049,-2.2018986878058353
0.4996161929593697,-2.2073365577474022
0.4969121817274932,-2.2126509312107587
0.49471797219015873,-2.218224734060474
0.4922362912619872,-2.2240566793157086
0.48972369485366585,-2.2298601812917447
0.4871683561835458,-2.2357750691824005
0.4840535928805959,-2.242221758743398
0.4809823176248603,-2.2487090548643
0.47759855158122394,-2.2552178892679904
0.4739510546095015,-2.2619605226241846
0.47034571207197945,-2.2684824636375653
0.4665687284329385,-2.275249186871922
0.46244820198603587,-2.282320225997161
0.4584306206872131,-2.2893657529562543
0.4542220932660387,-2.29685358271982
0.44969091921537396,-2.304627010624385
0.4451004750402487,-2.3122509306194665
0.4402840748024018,-2.320093119802714
0.435239230001349,-2.328137425772621
0.43027223905774464,-2.335946394278513
0.42509236971701975,-2.3438417371373212
0.4195575900139,-2.352133802669161
0.4138425589058459,-2.360447262597786
0.4077858507738841,-2.3687825227236807
0.40174025919020934,-2.377142539841461
0.39575041439869885,-2.385305343520844
0.3902380117564751,-2.393844491525775
0.38447777754587575,-2.40250930998177
0.378626025083212,-2.4112832731793854
0.37197982699320237,-2.4191882935424256
0.3650526713931495,-2.4272213248644925
0.3582496683508622,-2.435166285114691
0.3512644612323588,-2.442939001172161
0.3442530390771659,-2.4506707451426513
0.3376539365038536,-2.4580324056628595
0.33103728063029675,-2.465378431478161
0.32437100000324987,-2.47276679706776
0.3175685179025634,-2.4803342061094735
0.3107985411265142,-2.4879317481534695
0.3039599358619113,-2.495536553045693
0.2973497017983461,-2.502957028345749
0.29059746449244417,-2.510249539746303
0.2839135206272397,-2.5174567733624293
0.2772790970639069,-2.5246434232549855
0.27063801449937824,-2.531824786419054
0.26394734562524547,-2.539003392921563
0.25725146704841617,-2.5462390134955784
0.25046100202364563,-2.55339014752828
0.2440251284758254,-2.5601449521538466
0.237921470723816,-2.5667814350587776
0.23154909696737414,-2.57360337784098
0.22567296162936545,-2.5807619613998396
0.21946629155418051,-2.5875519916562504
0.21330618572324922,-2.594354621352357
0.2068487428272887,-2.6013755698657772
0.20095270485540856,-2.6082532277449575
0.19543333108329677,-2.6148046694112983
0.1895617337195028,-2.621445120580672
0.1839711775945523,-2.6280051562566773
0.17820529986764888,-2.6347432937284037
0.17261353020231868,-2.641637229082103
0.1670458219404998,-2.6485120222221554
0.16200456614095973,-2.65507760059331
0.15671777095900763,-2.661780462354927
0.1516664944880966,-2.6682193723743146
0.14671724807964476,-2.674481209053291
0.14198859650433507,-2.680739015543949
0.13719454622015473,-2.6870701382911695
0.13286930907163896,-2.6931537320795425
0.12856346029295415,-2.6993508590106052
0.12437201042016097,-2.705457006230062
0.12069667130014548,-2.710992497669016
0.11722081374893178,-2.7167298582076636
0.11386763582439506,-2.7223740443483493
0.11067201890073085,-2.7278440423299815
0.10778902075218846,-2.7335919304528313
0.10445239307304521,-2.738952884396609
0.10138365858526356,-2.7440782128694567
0.0987630123424182,-2.7492911040377184
0.09627653939042877,-2.7542642275249634
0.0940491999823573,-2.7590094423069673
0.09222541258012346,-2.7636927430894223
0.0905877621264981,-2.7685150788171295
0.08918622268649257,-2.773129723256396
0.08809483606349747,-2.7780707204074044
0.08722678933070639,-2.7827190326601734
0.08671274343630579,-2.787056111536895
0.08681655114000139,-2.7914385297298128
0.08715770263248053,-2.7956765949076807
0.08786284962629197,-2.7995946027273977
0.08917113990832068,-2.803899585508123
0.09074618620662267,-2.808059575861652
0.09277300779341306,-2.8118224133729655
0.09520762848626071,-2.815749755346
0.0980411691990854,-2.8193320104111703
0.10134218988542756,-2.8225034218125526
0.10514655741803093,-2.82574137330286
0.10936776996034389,-2.8293477175425807
0.11363068849183788,-2.8329043234744073
0.11823890967873898,-2.835983299400222
0.12329498517915331,-2.839039628684702
0.1281048304395592,-2.841514230119996
0.1331259248111871,-2.843690189309598
0.1385658424578773,-2.845784773036683
0.14447062549178183,-2.847471644204117
0.15023951468412844,-2.848825172317041
0.15621800488446597,-2.850316283524729
0.16269045672108104,-2.851374936314143
0.16912710257285393,-2.852238569196843
0.1758897836483819,-2.85269519230418
0.18269623359719045,-2.852958583246121
0.18976005535188809,-2.8529215481820382
0.19686775408863452,-2.8529243646116944
0.20449730250641854,-2.852471646317399
0.2120713074972828,-2.8520808415868073
0.2197354636464538,-2.8517707773720007
0.22729141233544972,-2.8515541306228007
0.23522205667214136,-2.8509120260123453
0.24323602422250043,-2.8503451264261446
0.25140536183525763,-2.849642077522753
0.2606292551011983,-2.850020996964963
0.2696843640941405,-2.8505780914319807
0.27877575698818186,-2.8511439877919056
0.28770045075043,-2.8518375847484045
0.2967283072249181,-2.852641409820018
0.3054967716784866,-2.8532806033757714
0.31427505147252605,-2.8538963116815963
0.323187630247153,-2.8547647141015315
0.33188319512851533,-2.855290194376674
0.340160644947116,-2.8562245380035254
0.34843468819795104,-2.857240614532045
0.3564077492529694,-2.8582084511329167
0.36430728251887556,-2.859242352997385
0.37230725299646333,-2.86026624345382
0.38003945973980885,-2.860922062275774
0.3874133040170681,-2.8619531365541424
0.3943602115304974,-2.8631330524131675
0.40084882396204286,-2.8640984670406504
0.4070294612871665,-2.8653775108107378
0.41310058577827924,-2.866690913376897
0.41879514132104284,-2.8674133212756017
0.42419427876060223,-2.8682505937385496
0.42908310747878153,-2.86952792539597
0.4337776248046901,-2.870405446474551
0.43958917880115306,-2.873279294776234
0.4450164427355748,-2.876209497857055
0.4503503778956262,-2.878659184547134
0.4552321001208694,-2.880990127519101
0.4600023527594469,-2.8833150338885605
0.46438094760076326,-2.8859779923071236
0.4686080376840856,-2.8883932223838467
0.4724337445210232,-2.8907238031476257
0.4761695099937161,-2.893200763973562
0.4796255426528208,-2.895607861561956
0.48291012074825146,-2.898208086868391
0.4860780968450974,-2.900939734636204
0.48906665855430637,-2.9035032639181892
0.49165685759830213,-2.9061873309094595
0.49420861097996716,-2.9089287280285614
0.4969517859262944,-2.911561970508106
0.49958726673757675,-2.914312927751506
0.5020960560556518,-2.917210573955999
0.5043788235899286,-2.92007518322225
0.5064532296419696,-2.923325483150902
0.5088565168572373,-2.9261987669598564
0.511329039134774,-2.9289406829335247
0.5138019796712562,-2.9316939207241797
0.5169854794494063,-2.9354526098814757
0.5200187810388132,-2.9390274055869714
0.5228057613187329,-2.942814532240157
0.5246831118543474,-2.9455760590730033
0.5265593002443655,-2.9483395826250813
0.5283303882654762,-2.9509383574506325
0.5302899146160363,-2.95330590801043
0.5321946572786718,-2.9555053998824445
0.5340130545717398,-2.957769874047215
0.5359681531652752,-2.960084277476707
0.5375713459401945,-2.9623767952013336
0.5392611812997876,-2.964618010860417
0.541074853238305,-2.9665441605948746
0.5428788326567028,-2.9683826749590945
0.5447488340171817,-2.9700603181349012
0.5466746597149664,-2.9716910655420716
0.5483860533989826,-2.973479736719749
0.5499794053537667,-2.975293201105394
0.5517139627239683,-2.9769870210937905
0.553519137283118,-2.9788552500904144
0.5552936923229358,-2.9805009316091855
0.5571485124635399,-2.9820790236704515
0.5591277432348061,-2.9835840774042146
0.5609597938847433,-2.9852134207677508
0.5627210797606292,-2.9867422315927787
0.5647502076453432,-2.9880434517156393
0.5666239773660587,-2.9895250539602194
0.5669040839251512,-2.989277294652256
0.5673513608000074,-2.989161339319866
0.5678546164506729,-2.9890709920331715
0.5687370436966454,-2.9886150367227144
0.5696108004440816,-2.9881511827222687
0.570529914889367,-2.9876385055532504
0.5713832466910659,-2.9871985520836843
0.572516534644286,-2.9870089314656756
0.5736089065388763,-2.986821731718088
0.5750775617087076,-2.9862871047117596
0.5766612224486818,-2.9858552349025045
0.5783553993959215,-2.985299653405466
0.5800736606121435,-2.9847247316547088
0.5819400097854471,-2.9842822215990967
0.5837617349679829,-2.983878738993372
0.5856199978647544,-2.9834858119279573
0.5876684750823851,-2.983284343919215
0.5900188834867018,-2.9827339982009216
0.5926079367521965,-2.981980469838784
0.5951518913360169,-2.9811863639214
0.597244884183414,-2.980356898077091
0.5992877885018972,-2.9795515233897896
0.6013885456421494,-2.9786860599238714
0.6029156616925622,-2.9771414128517932
0.6045410960782387,-2.975483065451449
0.606526893862295,-2.9735178849467196
0.6085626841085175,-2.971597601224233
0.6107279167974001,-2.9695245326486455
0.6130238094109288,-2.9676401409691553
0.6155258175583905,-2.9656508934726658
0.6178197996237205,-2.9639021953586564
0.6205283119170424,-2.9623168285087487
0.6230003605217901,-2.960766771562377
0.6256852189969433,-2.9589704974325044
0.6283437290383698,-2.957432743729162
0.6312512558373965,-2.9558928427137188
0.6340920578144024,-2.9544373531225654
0.6371854853073116,-2.9532092091632443
0.6402586419341604,-2.951998179430056
0.643507507653676,-2.9505835731854275
0.6469006721931571,-2.9492992345164017
0.650352403784464,-2.9479648475062397
0.6539164656037463,-2.9465000961089314
0.6575696650752956,-2.9451090988613577
0.6615291481509104,-2.943895831864185
0.6654908114658548,-2.9427078824839783
0.6694403332004201,-2.9415358032869157
0.6737217423099109,-2.9406983608690185
0.677885925214971,-2.939960190264827
0.6822666933537849,-2.938970419844854
0.6869325041395996,-2.9382384322297805
0.6918067696775271,-2.9373286108033394
0.6964043399736677,-2.9365897757996007
0.7009317497712073,-2.936298501502702
0.7055939505701514,-2.9360034209141967
0.7106248246520283,-2.9356571993583156
0.7158072359749701,-2.9351374762238462
0.7209312902855803,-2.9346069677916415
0.7263031405740132,-2.934520807152679
0.7313757820748619,-2.934690336642922
0.7365588109063084,-2.9345213836015747
0.7417891632726623,-2.9345960036839034
0.7471673529465349,-2.934488740790143
0.7526480149572492,-2.9342571646150186
0.7583609060322064,-2.9342304547139375
0.7643656644161706,-2.9348606405740028
0.7702814023659841,-2.9352129369099407
0.776065956419843,-2.9359715831523605
0.7818192920451501,-2.936755654451791
0.7875084160428625,-2.9374650435257883
0.7936220775844691,-2.9386049927760256
0.7997263868128222,-2.9397709979126607
0.8058103702007874,-2.9409388227660975
0.8119242963369017,-2.942134520592836
0.8179935477272032,-2.943405689988666
0.8239428196864036,-2.945115124157717
0.8295462109220791,-2.9468239930044366
0.8354313428584159,-2.94903815774192
0.8413127549763225,-2.950903993231243
0.8470956689955565,-2.952851548737805
0.8532554293831817,-2.9548354501308194
0.8590874998769249,-2.9565962808308726
0.864908415324337,-2.958365058841858
0.8709199434814895,-2.9604508638305185
0.8768591657988216,-2.9623430349233777
0.8827898342321954,-2.9642408269556344
0.8888930268759364,-2.9662314274149884
0.8949050337329723,-2.967894714602484
0.9020544996450496,-2.9707439767888855
0.9091482200416715,-2.9736406750767728
0.9162780564882091,-2.976570719205051
0.9232822670760392,-2.9796192620087205
0.9304695399554332,-2.982531915124303
0.9378357135767359,-2.9856140889480822
0.945165143593867,-2.9882248023135234
0.9525926439541843,-2.990752073619433
0.9599854408768858,-2.9932223476401854
0.9672185546549018,-2.99556918882072
0.974463487715755,-2.997905201695602
0.9816733572080399,-3.000563380634343
0.988882460748689,-3.00288094221409
0.9961247695478979,-3.0051698354818983
1.0033406539793166,-3.007379156418643
1.0105597983454921,-3.0091462254094212
1.0176985774095337,-3.011000390334092
1.0244398379401582,-3.0129489097255875
1.0312446599654326,-3.0148915454661678
1.038163439560354,-3.016707080951815
1.0447329141731436,-3.0182043489293924
1.0513322970884267,-3.0196732988328105
1.057863334314753,-3.0211345790844306
1.0641285161186145,-3.0223535701603716
1.0705413352873858,-3.023509779114799
1.0782885852335107,-3.026346707800183
1.0857571591535318,-3.0290400171443963
1.092736233665679,-3.0312076084105652
1.0996383655911237,-3.0334151580314606
1.1065656645971904,-3.0353392146826947
1.1132197290699382,-3.037210408067846
1.120036088180445,-3.0389501363875384
1.126793968253044,-3.0403937787367115
1.1335475893968499,-3.041924917415046
1.1403573477875504,-3.043425773062946
1.1469611328046942,-3.044614848092599
1.1534395327370246,-3.0458253916887505
1.1597258368179506,-3.046861952625545
1.166350094124138,-3.0475625847614705
1.1725038932474139,-3.0478316963134278
1.1785622994110339,-3.048239767384572
1.184495796300083,-3.0487723390816353
1.1900999074625735,-3.049002139837436
1.1956328609305176,-3.04927923527398
1.2013576665221635,-3.0493850911879217
1.2066377918940452,-3.0490820076085523
1.2120338826592987,-3.04870611389645
1.2173049244916696,-3.048435432645562
1.2223519675435268,-3.0479578509141505
1.2271825195163966,-3.047702758708038
1.231899764165843,-3.047324580062835
1.2365359127620457,-3.047062693492217
1.2407888263322193,-3.046447414293011
1.2452485771770507,-3.045646529090157
1.249548423618763,-3.0449479306617144
1.2535374655656775,-3.04401587498419
1.2572054081923736,-3.0434682094095313
1.2605415425796866,-3.042797513148498
1.263895003872713,-3.042193047906849
1.2671281269707801,-3.041417546506048
1.2700046979417006,-3.040937226750309
1.2725327102456194,-3.0403393259234375
1.2747271372785012,-3.0400769339073928
1.2765299282605496,-3.039905681866724
1.2782843529906254,-3.039902919194213
1.2794444746892488,-3.0404535682494607
1.2805624063252805,-3.04093052508125
1.2817886347426763,-3.041266577240637
1.2827256251964994,-3.041841851351789
1.283288976035145,-3.042264224848951
1.2837537512801163,-3.042831761910685
1.2838836306179284,-3.0436760599782526
1.2836862959737565,-3.044608975572056
1.2836303456519604,-3.045631868658325
1.2832474065983945,-3.046924959616397
1.2810648140010996,-3.046338687597246
1.278892687031631,-3.0457391719931377
1.276439930610617,-3.045402397863279
1.2736621050196881,-3.044858711310105
1.270660762358918,-3.044581060502039
1.2677838216932047,-3.0444804316841827
1.2644104942001424,-3.0442243970628198
1.2609385455984499,-3.0440850309596525
1.257402918350313,-3.043914039096018
1.2532780888485646,-3.043378265283074
1.2488058543353593,-3.043255318172891
1.244303886649762,-3.0432392876354157
1.2395105798296608,-3.0427870076521257
1.2344956039212192,-3.0425967902152564
1.2296785357265951,-3.042375382439385
1.224295206031569,-3.0417545679854125
1.2188407150161362,-3.041215588206572
1.2133309723136376,-3.0409022160045427
1.2072217780347374,-3.0397418293153384
1.2007388710228422,-3.0383180583012344
1.1943015154058447,-3.037238103944187
1.1878045277923366,-3.0362051273871447
1.1809537172848732,-3.034845501490051
1.1739642552813168,-3.0337472450578074
1.1670512328813667,-3.032591147180407
1.1587955280269415,-3.0300440070064742
1.1507218521170282,-3.0272948005652
1.142666282969773,-3.0250747354129737
1.1342660074221291,-3.0228267686135784
1.125519074776072,-3.0208941444561668
1.1169401109445267,-3.01906736035741
1.1082693225128095,-3.0169147257571574
1.0994811810897096,-3.0152613480780306
1.0906629913650536,-3.0136506419391638
1.081981473843025,-3.012204537919089
1.0732180561676121,-3.010824428202522
1.0645543139197313,-3.0095773173421576
1.0560077775169594,-3.008136798354508
1.0472719410883098,-3.007089289976338
1.0386844453526762,-3.0058641271079414
1.0305636501568831,-3.0043228095919345
1.022377187744468,-3.0029455817850663
1.0123405792965385,-2.9998318662596715
1.0022161448879,-2.9968484328624467
0.9922725116303769,-2.994030479021139
0.9821479463567494,-2.991301858148927
0.9723740473636451,-2.988265103450846
0.9625709542775119,-2.9852023214881442
0.9527880245762771,-2.9821281173610137
0.9428791435100744,-2.979200498363592
0.933130400433202,-2.976419199821531
0.9232202766536464,-2.9737581996655194
0.9134488539367134,-2.971031483054658
0.9036299645873558,-2.9682623469943286
0.8940319670391321,-2.9652799763066597
0.8844884576239223,-2.962243609791163
0.8750660948211182,-2.9593179352579506
0.8656049554685953,-2.9564295750550755
0.8556691313032974,-2.9535695797627124
0.8463594694808555,-2.95105379413433
0.8372272960715575,-2.9480884228135973
0.828101223500743,-2.9451173604661367
0.8191724838243701,-2.9425514143228906
0.8102177148001138,-2.940014877447652
0.7991769048339405,-2.935444400124779
0.7885455189402296,-2.931419902485273
0.7780843965110475,-2.9273909391957407
0.7674798978938023,-2.9234856883257674
0.7577431167271526,-2.9204927465209063
0.7484609960560199,-2.9176818966578475
0.7393439494966907,-2.9146872955500345
0.7300797226796013,-2.911765663538565
0.7210980878164214,-2.909265455420441
0.7121163103169017,-2.906767584873745
0.7032916994495322,-2.904362013492075
0.6948612055891142,-2.9021774216568708
0.6864636004955084,-2.8999673151549694
0.6781946151737501,-2.8973600249501184
0.6700829645135875,-2.8949494247892043
0.6621629362507798,-2.8923780851434056
0.6541322004845236,-2.88970153878894
0.6462425674505209,-2.8872963111483854
0.6386223110218036,-2.8846635412741195
0.6309287835218214,-2.881843501259112
0.6232655348359033,-2.878980348342288
0.6159437492275192,-2.875827516527254
0.6087252328777035,-2.872520955786754
0.6001649118091641,-2.867734756248952
0.5916691452448091,-2.8629724654995656
0.5830428405926268,-2.8583398483998192
0.5744038157970738,-2.8536948210251096
0.5658909549876757,-2.8489455168589077
0.559161188509165,-2.84598261647153
0.5525808420448632,-2.84279964086037
0.5460572817146087,-2.8397768384895032
0.5398231177351577,-2.836506685547612
0.5337081893938102,-2.833426195543651
0.5277663542031458,-2.830511568960133
0.5219617830336057,-2.827480130749162
0.5163582382962293,-2.824368378097536
0.5108972667384186,-2.821400195083455
0.5057920769076122,-2.8184008551366975
0.5011859547031958,-2.8149280913650836
0.4968267779437702,-2.8118472281005507
0.4924519235132168,-2.808999091008908
0.488123200403083,-2.8061185091230088
0.484145277427907,-2.8032710037622532
0.48037111945425787,-2.8005725434107283
0.47725336150506226,-2.7976980252462806
0.4740250069049296,-2.7949167075733077
0.47121954292118556,-2.792515615800138
0.46783543768215763,-2.7893478365752555
0.4647482270857152,-2.786049906303833
0.46185387374409115,-2.7825345524709726
0.4611924558804687,-2.7814078480966677
0.46064522717922163,-2.78018284571152
0.4603031401691819,-2.7785344003671364
0.46073911839984644,-2.7770664110614773
0.4610945135248545,-2.7753655919017244
0.4613914724552534,-2.7737317589508597
0.4620248833843003,-2.772431424900388
0.4626814248766558,-2.7711660297882985
0.46362960852942997,-2.7695682129586814
0.4650926358331073,-2.768052811266563
0.46667354444050324,-2.766202137970559
0.46817041436686835,-2.7644473127581697
0.46985641206142237,-2.7630041602799436
0.471580923400472,-2.761743899031881
0.4733304178726366,-2.7604549080853933
0.4753459467344128,-2.7592937447036667
0.47778856738482134,-2.757965968813739
0.48070092659268304,-2.7567862588256777
0.4835808533005864,-2.7556340974843696
0.48700953974138717,-2.7550234731554286
0.4903200909369248,-2.754546368833631
0.49383040225594926,-2.7538956465621136
0.497648284762418,-2.7535237021282195
0.5029119027224305,-2.75459300285191
0.5086791516013155,-2.755598580855884
0.5144592319069364,-2.756612528688094
0.5205767222524343,-2.7579323135276663
0.5267431544017795,-2.759201160884058
0.533099393831999,-2.760790639466627
0.5393276618350012,-2.762530836156217
0.5457091500505923,-2.7640923624063665
0.5525041863407751,-2.765853192674461
0.5590685116745602,-2.7675517979369024
0.5659290791071384,-2.7696697733233537
0.5726771819337274,-2.771862414983925
0.5795190615522977,-2.7738439572976485
0.5864242582415372,-2.775867862887996
0.5930657571304018,-2.7778749271850236
0.6006508304422241,-2.7815721487666374
0.6082178982677646,-2.7852578955900174
0.615737510426472,-2.7889017401686043
0.6231928593733429,-2.7925963022754297
0.6305575788532807,-2.7964049950546954
0.6377474340496437,-2.8000562681635977
0.6447739850806041,-2.8038446420275385
0.6517271290494386,-2.8076969483940135
0.658461501156561,-2.811351881511518
0.6656976680728317,-2.815873837854726
0.6727854211115717,-2.820520259913158
0.6798171544027104,-2.8253215112859733
0.6867003658400408,-2.829669939256967
0.6936505155694234,-2.833958858810585
0.700293126223519,-2.838467244283789
0.7064545188069659,-2.8425513245047886
0.7123419849973014,-2.846867633497102
0.7182309292471815,-2.851292583246825
0.7237607924211971,-2.85541525423822
0.7293533840850616,-2.8594832120490707
0.7345946179978918,-2.8636589049192795
0.7396030189066652,-2.8674980749456354
0.7441874618151865,-2.871697259312462
0.7487128171137357,-2.875805453552658
0.7549334043227939,-2.8818054325532523
0.7611385298530847,-2.887867018940115
0.7671453792073398,-2.8937454627905512
0.7727438279851315,-2.8996227829252996
0.7780359712934481,-2.9057586493507213
0.7827768728045208,-2.911526339067433
0.787485958170891,-2.917322278790505
0.7916024976576619,-2.9229082210218382
0.7956322454389996,-2.928247015545826
0.7992757214874682,-2.9339140362618807
0.8025287502674636,-2.9394459777351125
0.8054338603506767,-2.944792123042835
0.8079178141080406,-2.9500636524935113
0.8104356753112671,-2.9552947869690662
0.8124081958279411,-2.9600327439657343
0.8142449742513298,-2.9648938142383816
0.815557168586187,-2.969806546545132
0.8167293448674594,-2.974329088264938
0.8175186308760573,-2.9792091199845294
0.8178671580453808,-2.983922172002219
0.8181514927827996,-2.988434351806927
0.8180731826657026,-2.9925902820403336
0.81771749122328,-2.9970716850804764
0.8169937067503762,-3.0015195471938925
0.8158565451650105,-3.0062467337986774
0.8161447678650767,-3.012290329789967
0.814938060428848,-3.0168942349356804
0.8137201553991049,-3.0215088832187402
0.8123414640561724,-3.0259805177797063
0.8109491405164166,-3.03046917648816
0.8091772803645407,-3.0352786099534383
0.8072672198662177,-3.0399656774108235
0.8051295212185835,-3.0449198868592684
0.8029626032914766,-3.0498998868806355
0.800714421973611,-3.0548093214189107
0.7985757323567495,-3.059591536352899
0.7963034471922888,-3.0644872416610967
0.7938080865473928,-3.0691847645758426
0.7909540989897006,-3.0743026406300413
0.7878296835838168,-3.0796490165795873
0.7847239025195238,-3.0850153604684722
0.7814295954306664,-3.0905670164027907
0.7782283462373789,-3.0958872360340406
0.7747476212733497,-3.101348459740485
0.771135756003724,-3.1069637551011735
0.7673262542959616,-3.1125031752919337
0.763583226233566,-3.118239503241445
0.7595138694552014,-3.123760367924983
0.7552878763940508,-3.1295222652765458
0.7510345251809352,-3.1352637562657213
0.7445035487824627,-3.1390919847899865
0.738053393730958,-3.1428067811290044
0.731620052170529,-3.146538751110096
0.7254200805979514,-3.150074309369112
0.7189727154228138,-3.1538984121811486
0.7126522595212902,-3.15783835016892
0.7061965399425303,-3.161891588535501
0.6998060062937043,-3.165867738246241
0.6933769520637127,-3.169848599882787
0.6870093871685082,-3.1738228758192033
0.6805775717643527,-3.1778156562646505
0.6743995196847135,-3.1820366783003298
0.6682139996749666,-3.186323343068502
0.6619036223995706,-3.1907032393576933
0.655777902475239,-3.1952496077569057
0.6498094993915986,-3.199639980720555
0.6439853049370984,-3.2038245089893143
0.6385349444066675,-3.2083426008670437
0.6333203015342571,-3.2126775384722546
0.6279191082520708,-3.217164192683609
0.6228260770868587,-3.22192551810736
0.6169649569702569,-3.2256917290216536
0.6114270689372526,-3.229080246883565
0.6061386417060902,-3.2326060729236876
0.6012646671795316,-3.235856736566726
0.5952136148128353,-3.2374823446626895
0.5892255619843573,-3.2392521101861687
0.5835821118927657,-3.241137745491645
0.5780033266080902,-3.2431234179617867
0.5725738582212984,-3.244980706506871
0.5674866368550974,-3.246571776738155
0.5627076878019388,-3.24805833185845
0.5581465864909041,-3.2492634216937053
0.5539117790747686,-3.250194152419369
0.5496595104548684,-3.2511409822359147
0.5453020654365355,-3.251928326602427
0.5411956001655125,-3.252504549589859
0.5373724831174972,-3.2531187938890547
0.5335766928562098,-3.253334882033173
0.5301428208842847,-3.253246314423294
0.5268616871736788,-3.253073109830928
0.5237920343622922,-3.2527254370939205
0.5211321864233167,-3.2521878101088424
0.5182857381332162,-3.2510081994357174
0.5154247265327654,-3.2494943781050614
0.5129084359397238,-3.2479346058742316
0.5106851180497707,-3.2460586894139096
0.5086947096977403,-3.2444488592958263
0.5073428260082635,-3.2421942660233594
0.5060606492803983,-3.23985303016644
0.5051256664659766,-3.2372189528244553
0.5041821922567845,-3.2345397032725827
0.5035653006780578,-3.2318614170952062
0.5032352912207588,-3.2289410619152763
0.5030883152197397,-3.2256908049127517
0.5030800285320925,-3.2223469578423694
0.5032505958330024,-3.2188522213669377
0.5034742919595411,-3.215169335898768
0.5039798789482763,-3.2115509098846666
0.5049239103309863,-3.2075180929104383
0.5061263959138901,-3.203423102357546
0.5076543534060831,-3.1990188532423383
0.5094671411660778,-3.194316393249347
0.5113406934587675,-3.1893963444471467
0.5132027474896238,-3.1844915901079585
0.5151634331584335,-3.179526400520524
0.5168736235503929,-3.174065083997726
0.518569494165667,-3.168591614264215
0.5204863485688671,-3.1628619943181078
0.5228486774354205,-3.1567555110243677
0.5249052656954378,-3.1503786747595655
0.5278325000796009,-3.14490254316849
0.530840719921508,-3.139332393515924
0.5337896006051919,-3.1337932295379494
0.5368913977266032,-3.1280505569228563
0.5399425963863573,-3.1223664374022757
0.5432662524453843,-3.1166824885048197
0.5463256326147593,-3.110814341634411
0.549719235034522,-3.104558577930234
0.5530224093708056,-3.0984635689967184
0.5566639061812818,-3.0920597743382845
0.5602556407883676,-3.0857279128063766
0.5639782778074056,-3.07951188991227
0.567551575005983,-3.073422422574184
0.5714259123658515,-3.0669840464973945
0.5753456627080594,-3.06058592163133
0.5795421846083321,-3.053952726892121
0.5838445039373068,-3.0471968947839176
0.5882319001647006,-3.0405166740706964
0.592744148327844,-3.0337303160047204
0.5968657923902282,-3.026560206119603
0.6007415814317796,-3.0191701199775602
0.6046687159844474,-3.011736271097141
0.6092466357781829,-3.004474118411121
0.6141943127071863,-2.996993129780646
0.6190346194637992,-2.9895737556072652
0.6238552949227698,-2.9822370878414106
0.6286625084370838,-2.974887399030877
0.6334415368934575,-2.9674758760440754
0.6385606995931289,-2.9599827532068446
0.643538290751358,-2.952446303999877
0.6487152963233687,-2.9447341658054893
0.653865569175583,-2.937087315739558
0.6587425030476298,-2.9297402735905513
0.6638547332712711,-2.92223828176842
0.6691596021874249,-2.9146042204353337
0.6744120557560314,-2.906919146623185
0.6800994815900803,-2.8988574558329123
0.6857736678188209,-2.890828912389376
0.6911172179295619,-2.883031075034433
0.6967459246085623,-2.874832680091056
0.7022322577089649,-2.866798878305716
0.707494195019504,-2.85874270129386
0.7123424640917694,-2.850218170861859
0.7173890887518808,-2.8415207400885505
0.7225212452191693,-2.8326720421163945
0.7279348288946635,-2.8241443527830694
0.7335869394071194,-2.8152999107494114
0.739277887913635,-2.80641046325676
0.7445923426544081,-2.797615554201367
0.7502803297890452,-2.788732734282618
0.7559625514622942,-2.7796168123315033
0.7615609395007945,-2.7706286041384884
0.7672209759939874,-2.761695700406869
0.7729578641268633,-2.7526145559479636
0.7789564369928235,-2.7433362475843133
0.7846573292317098,-2.733784956396195
0.7904280329886738,-2.7241617067649697
0.795998584813993,-2.714801941359365
0.8014998962401712,-2.7053770260050567
0.8068051628904147,-2.6960721487481103
0.8124262367317635,-2.686533754991805
0.8178339558390124,-2.6767975960166654
0.8232867782621294,-2.6669816692963715
0.8285719280402356,-2.6573926290167473
0.8339252443802925,-2.6478639483968696
0.8383305978288755,-2.637753636323702
0.8427753838954177,-2.6276702354132895
0.8473439472160194,-2.617699536209786
0.851768371628587,-2.607803958908973
0.8565521053114443,-2.598347780853949
0.8614853309473619,-2.589028405373557
0.8660123492332187,-2.5800662695995515
0.8704231108590242,-2.5712736217847763
0.8747043040263899,-2.5629586219333023
0.8790268098108803,-2.554595915596523
0.8831949382518888,-2.546365720910486
0.8873555934762781,-2.538128356070725
0.8912468528250117,-2.530201084140844
0.8947212900488676,-2.5226320393528585
0.8984327143645928,-2.515282916321693
0.9019912993751854,-2.508114908481464
0.9053884786463344,-2.5010995569033807
0.9088351539930222,-2.4941302195379307
0.9118672996627188,-2.4875688183190405
0.9147186459991403,-2.4811283053339066
0.9177596500845697,-2.4748647612909633
0.9204993636897494,-2.4689677214013566
0.9230283253681381,-2.4632960014776657
0.9257271250313585,-2.457782694249124
0.927261924543835,-2.4517618243441595
0.9284503048648243,-2.446082037016648
0.9298572155030888,-2.4404022953460274
0.9317918336248402,-2.435282063316555
0.9336065343152673,-2.4302656011320227
0.9351775904590236,-2.4255294069192224
0.9370164724845118,-2.4210440002925555
0.9384587998422512,-2.416901040648682
0.939643060411254,-2.4130548701542365
0.9409686391862284,-2.4093414453354067
0.9420428249712377,-2.405845336445791
0.9431717937897308,-2.402516269352819
0.944262443814584,-2.3993385641999367
0.945219859590667,-2.3961864766713705
0.9457133773721121,-2.3935673411023073
0.9458758844209386,-2.3912734710849133
0.94606684727189,-2.389251914820349
0.9462510821823771,-2.387238434712913
0.9463172449151616,-2.385312247093485
0.946427186926516,-2.3833877569894866
0.9462564720975953,-2.381785704462233
0.9457299907276674,-2.3806468456628807
0.9450568407967139,-2.3798106413251165
0.9440489670927424,-2.379358883737602
0.9427032006376436,-2.3787692516324705
0.9414470415401227,-2.3781171654155187
0.9407391749467249,-2.37839509763718
0.9396549073833035,-2.3792054966381233
0.9382998670183519,-2.3802633465221956
0.9367074732590529,-2.381501918494019
0.9348113516335887,-2.3830030026723668
0.9330139416491724,-2.3847686273905744
0.9310567594807442,-2.3866637748225585
0.9287713323841424,-2.3889515133246686
0.9261967593409938,-2.391331707099087
0.9235133395206456,-2.393890797412536
0.9206258912594868,-2.396671743551575
0.9174805835256034,-2.399764119397478
0.9144087383620875,-2.402937552819995
0.9113478925371844,-2.4061287586801257
0.908018251596134,-2.4092937373311325
0.9046655016390573,-2.412467603422497
0.9010653361896037,-2.415925355320067
0.8976397391894595,-2.4195783474624664
0.894082483485973,-2.4233449683465507
0.8904802170721311,-2.427317323201752
0.8866100244106666,-2.431315495986697
0.8824974340541494,-2.435522973313049
0.8784951219156428,-2.4395178175835315
0.8741312604526215,-2.4436349697313555
0.8701334178352736,-2.448939346630519
0.866383583072122,-2.4541162698461574
0.862303249571983,-2.4596720863969694
0.8580311058417013,-2.465369366367892
0.853626083936339,-2.471063726089462
0.8490812138882845,-2.4769184025406767
0.8439869499080912,-2.482916441236466
0.8388838110290767,-2.48874361818095
0.8334802672672426,-2.4949153142783222
0.8278776861249846,-2.5012337427098217
0.8223254149378322,-2.507585550236765
0.816523918025902,-2.514223179998686
0.8103769711194362,-2.5210414836487676
0.8041794866671673,-2.5276651268200854
0.7978409339092135,-2.534450571681872
0.7911241075059132,-2.5415233976960807
0.784538660918188,-2.548475797104157
0.7779858294941602,-2.5567005125862194
0.7713759091175544,-2.56487267239526
0.7642280044575349,-2.5735088298279174
0.7569997406908491,-2.582237128702984
0.7496305560700117,-2.590835446853531
0.7422367354870881,-2.5994549649879506
0.7346205676130744,-2.608329477907328
0.7271782871960953,-2.6173990226882706
0.7191901611399351,-2.6269674776405867
0.7110406678393072,-2.6367209946689507
0.7029471483119425,-2.646095267838935
0.6948502631800405,-2.655403284998281
0.6864694286600077,-2.6651283291542214
0.6784228202446947,-2.6747484117857905
0.6698846272275353,-2.6845801508018745
0.6611931958208861,-2.6946412832251982
0.6527062225511717,-2.7044089055782248
0.6440092957651145,-2.714357314440595
0.6351060824142455,-2.724488515214501
0.6265665123104953,-2.734615146425978
0.6180199548120922,-2.744747745990045
0.6090753966108571,-2.755171950954465
0.6003282795149634,-2.7655739263588677
0.5913394642064392,-2.7761838173778655
0.5829276829536861,-2.7874220045623255
0.5747950513823601,-2.7983400127968254
0.5666158444790325,-2.809166952695849
0.5586072174758286,-2.8198471279511272
0.5503719303426721,-2.8306334336655037
0.5424503388829758,-2.841425435504108
0.5344627168676538,-2.8522740441781
0.5264892336415292,-2.863192565560971
0.5188017324917181,-2.8739071968548413
0.5116540497274452,-2.8841580997785954
0.5045260143700485,-2.8942857623924705
0.4977172405764212,-2.9042610212828377
0.4909933213284798,-2.914189780391608
0.48453199751692916,-2.9238445132905624
0.4784455661131119,-2.933253905505786
0.4729080416931368,-2.9421924960554926
0.4674112037134894,-2.9512880422151158
0.4624949087547534,-2.9597829441213532
0.45779824415630777,-2.9681546036096123
0.4534560581910191,-2.9769085719884876
0.44935343832826063,-2.985407919479188
0.44559347104616776,-2.9937309866783144
0.44204272434047426,-3.002089804014893
0.4390647238296893,-3.0098591179319927
0.4364980341640361,-3.017381122977005
0.4339595825131833,-3.02487903464911
0.4314250685849247,-3.0310778206139113
0.42932137715879604,-3.0376587639633
0.4280292055390659,-3.043456375237888
0.427186774225897,-3.0488079826375696
0.42663122128987224,-3.0544137126031723
0.4264758658835984,-3.059636558057483
0.42668780096452075,-3.0644179262678795
0.42730383950849865,-3.0695567945577213
0.4286365155140997,-3.0740114371567544
0.43037393643294475,-3.0780557354390172
0.43227727446333547,-3.0822466649679496
0.43466041414482376,-3.085956723189137
0.43746869733489036,-3.089194522423983
0.4403719467823247,-3.0925162670240733
0.443785882021728,-3.0953879863280767
0.44775325618508816,-3.0976837565288524
0.4525635252032133,-3.1008702813023916
0.4580697942615431,-3.10337558172085
0.46393154529874886,-3.105522714376279
0.46962090465791095,-3.107517424259103
0.47577701983185616,-3.1090663603852016
0.48243275733164037,-3.110092514213399
0.4891659361747767,-3.1111875732324066
0.4965376040161235,-3.1116552104402864
0.5037181146522731,-3.1111720327485406
0.5108406881123374,-3.110596945090075
0.5181030308797154,-3.10948147212369
0.5255449319637885,-3.1081907619906786
0.5335272008862738,-3.1063943333371595
0.5413707026634228,-3.1043932799116796
0.5493320295989036,-3.1020829308458904
0.5574445612077952,-3.09963568882421
0.5656967013750878,-3.0969024958611686
0.5736356758655125,-3.0941193027656975
0.5818893260060183,-3.0910909550429
0.5900664298935689,-3.087938529717098
0.5982669635023717,-3.0846194803574356
0.606408270729248,-3.081513924824717
0.614517050630613,-3.07825961628682
0.6233451762908475,-3.076168444906283
0.6320886830948249,-3.073880406756559
0.6407975094741937,-3.0716222764210683
0.6496391176184078,-3.0691348432887686
0.6580768173604931,-3.0662218459504
0.6665712529893576,-3.0632611382692554
0.6750081335723719,-3.0602313966733847
0.6832389954473275,-3.057167238014683
0.6912452612144555,-3.0542932576259707
0.6994288780763119,-3.051091185641412
0.7076031479727309,-3.0479298623332594
0.7158118680429787,-3.044739657010039
0.7236642583616336,-3.0412229496434273
0.7311903436842069,-3.0380280826160897
0.7383494863193755,-3.0351434145367073
0.7453401064292383,-3.0319836648757135
0.7521127691259546,-3.028906796096996
0.7590753203317088,-3.025669993768298
0.7657614741194305,-3.022030126357674
0.7722047084802298,-3.0186610723384466
0.7783101185650801,-3.0155774374349105
0.7842139636180356,-3.0123106462708416
0.790025486197079,-3.0092054262909467
0.796184500280616,-3.0065988780759834
0.8021844977895481,-3.003846767870249
0.8082759983628063,-3.00097906223225
0.814035172461978,-2.9981816508228833
0.8191512359563937,-2.994311734005209
0.823939139035504,-2.990736993248965
0.8287774032857855,-2.987066742578835
0.8335286666749517,-2.983223719831258
0.8382491729852437,-2.9794170292364797
0.842948568084226,-2.9756281786496137
0.8473582437357308,-2.971574914217158
0.8514978122363408,-2.9678375893755877
0.8552723096917373,-2.9644080114119027
0.8589701029979644,-2.9609071294815426
0.862509520906611,-2.9575345078150703
0.8663449846829678,-2.9539346581727526
0.8694943443730674,-2.950403095321838
0.8725749698354558,-2.946951907575125
0.875715183262928,-2.943659176481498
0.8786678654253448,-2.9404133495080127
0.8815372002180093,-2.9372649919533544
0.8842643045756294,-2.9339294564982112
0.8867769279318954,-2.9307746106367163
0.8891637964446952,-2.9275147560817607
0.8916863194123569,-2.924236758378268
0.8940043941849103,-2.921131014941323
0.8960681747760065,-2.9182289170468736
0.8971357677821156,-2.9144107344506525
0.8983780338204543,-2.910698159352549
0.899366950690276,-2.9070976294491437
0.9003537377350594,-2.9034993295540237
0.9013699155295418,-2.8998818091833614
0.902240406993745,-2.896356590860336
0.9030350159059823,-2.8929197546901544
0.9039334181649951,-2.8896280219240875
0.9048182269854429,-2.8863431232076615
0.9054285589749844,-2.883378523381775
0.9061653177213185,-2.8802817940906964
0.9066800477749769,-2.8771484639604776
0.9071495920069849,-2.874067549764297
0.9075402533199225,-2.871103044102021
0.9080801779009574,-2.868055764399742
0.9086361065953218,-2.8650136633668564
0.9091569114189871,-2.8621848453482808
0.9095026081439542,-2.8594196914021373
0.9089424865516416,-2.855841749270022
0.9081363479976634,-2.852482912311055
0.9075477307407009,-2.848917699299854
0.9072078081625812,-2.845579651931887
0.9067952936999154,-2.842295215094005
0.9057749700702779,-2.838792702269609
0.9047065555024563,-2.8352461693149578
0.9033347238149356,-2.8320093883424327
0.9020134599305235,-2.828964173199461
0.9004443390849495,-2.826065218860449
0.8989825683256178,-2.8231506251028646
0.8972322838348168,-2.8205517568722347
0.8956050061323515,-2.8181590347839482
0.8939097197333901,-2.815863382693708
0.8919340158614633,-2.8138427323746416
0.8900754704231653,-2.8119292773710334
0.8881514538135362,-2.810071414446861
0.8863217889310652,-2.808098061651213
0.8847861824209846,-2.8063937828312118
0.8830738560259841,-2.8049002700613612
0.8809308697060668,-2.8038186786721857
0.8790582572141317,-2.802984445147011
0.8770208533555484,-2.802280767572585
0.8751782436188574,-2.801566339554516
0.8726082383856211,-2.8000564626771585
0.8700696865925767,-2.7985560993229175
0.8679955780881357,-2.7975336077434023
0.8657323886825575,-2.7966767052681827
0.8633387901052583,-2.7961453114819057
0.8610625638942258,-2.7958616454334306
0.8587921117933806,-2.7955919125376703
0.8565730958515129,-2.7953583121831085
0.854652559814076,-2.795246272723364
0.8528394374542471,-2.7950005849015467
0.8509482792480759,-2.7949238399753424
0.8488352642015535,-2.7949877967889436
0.8466100059824716,-2.795174471191891
0.8445038866437229,-2.795290759619311
0.8424947209609495,-2.7953541750685806
0.840486836101478,-2.7954168112433457
0.8385283157912525,-2.7954278190693604
0.836600963862242,-2.7953845233406796
0.8345339425235989,-2.7954603913943683
0.8325779128758402,-2.7956726356144554
0.8306872439077586,-2.795855933729191
0.8290670184539684,-2.7958093996879714
0.8273847030201547,-2.795783625743048
0.8257006131367461,-2.795900039989029
0.8240889288378455,-2.795971394236014
0.8226054842523586,-2.795993613527167
0.8219494954379732,-2.7969101121897024
0.8215835052002286,-2.797579709054449
0.8209990275751186,-2.798502630521947
0.8201882375978778,-2.7995776601614892
0.8192926193412381,-2.80072984735062
0.8186647127711266,-2.8015938796580326
0.8180363372936547,-2.802457276626587
0.817436889135306,-2.8033385590438655
0.8167392042304789,-2.8042818260719495
0.8161935177369342,-2.8053635439195315
0.8154698969840884,-2.8066317350953556
0.8148756989217906,-2.8077707808652703
0.8142326395104207,-2.8088650145850704
0.813610792969828,-2.809917197952125
0.8130375304523019,-2.8108915137404864
0.8126164991878922,-2.812004390399525
0.8122625082247318,-2.813059393983254
0.8117146764301485,-2.8143139228724863
0.8111574341590999,-2.8155595655368826
0.8107499040080295,-2.8166264570980717
0.8109863994782847,-2.8180598861190997
0.8112815201668733,-2.8194811076119874
0.8118637216691152,-2.8208223638686456
0.8123357223743991,-2.8220954784534804
0.8135114290898979,-2.824289010435715
0.8147743186134868,-2.826816181343492
0.8158551801626491,-2.8292624113211353
0.8171540866070763,-2.831518366535298
0.8186856782078402,-2.8335448097745264
0.8198917644063797,-2.8355230250755303
0.8212907619492679,-2.837277006357071
0.8227760935629346,-2.8391201545749754
0.8241665166239337,-2.840647956553434
0.8253078149551047,-2.842465008203573
0.8266043108221928,-2.844184587175992
0.8278499275549819,-2.8460465432297415
0.8292590756293731,-2.847718321328466
0.8305334224740317,-2.849444933174576
0.8319505879218672,-2.8510000934375044
0.8333598369948462,-2.8525730791270187
0.8347707110564073,-2.854243591546317
0.8362168307309087,-2.8558998122236345
0.8375708296677573,-2.857663061744006
0.8388249162177173,-2.859299997079748
0.8400036249126873,-2.8609615517955227
0.8414969648949856,-2.8632780547494576
0.8430823636609359,-2.865487457343698
0.8445946719554902,-2.8676177911266136
0.8462263929921736,-2.869594448831143
0.8475767358317302,-2.871737275555485
0.8488362908000704,-2.873957115562686
0.8500867421694727,-2.8762371885860056
0.8515326870655251,-2.878289644792863
0.853277353670832,-2.8798843781809964
0.8549878069954652,-2.881414396898318
0.8566202153635318,-2.883012490263363
0.8581377754162405,-2.884729955023631
0.8598148397347366,-2.886307353860422
0.8616674623996881,-2.887733952435171
0.8634458525774592,-2.8890344628058933
0.865487703811434,-2.890339304253101
0.8675450907312601,-2.8916042838003206
0.8693633539655644,-2.893043595506443
0.8711715687722542,-2.894634067589703
0.8729713819443269,-2.8962566745424576
0.8745948633623134,-2.8977592948977997
0.8764175534881263,-2.899447940757801
0.8784555941615725,-2.900911549058602
0.8807096497398059,-2.902885477602153
0.8828220197417502,-2.9050735863809827
0.884256467997798,-2.9068747980984484
0.8855837706142307,-2.908789055438778
0.8869556158738796,-2.9107438638323444
0.8882308035366735,-2.9127878971718233
0.8895309065528636,-2.9148294505540258
0.8906937526447531,-2.916746043927807
0.891821242344676,-2.918679205203069
0.8927882097259268,-2.920733675085829
0.8937693525566324,-2.9228010226747103
0.8950601682358971,-2.924607118277302
0.8960400891905806,-2.926776695848857
0.8969604769951022,-2.9288921304134434
0.8976495629010304,-2.9312026694175985
0.8984739217542208,-2.9333550523110534
0.8992069997498382,-2.935424384369799
0.9001317843632087,-2.9373321932988827
0.9008851655889534,-2.9394406167244655
0.9017652021932646,-2.9416643242077085
0.9023588788521532,-2.944129348526043
0.9029372553287272,-2.9466123067464136
0.9035008181545848,-2.948833346939375
0.9043318861906168,-2.951395323928646
0.9053040848772992,-2.9537922685150817
0.9064440183693949,-2.956252321545217
0.9076052046865382,-2.9586385968607973
0.9080844307722845,-2.960743727933069
0.9085662515444014,-2.9628647335732534
0.9089679533750357,-2.9649129692535316
0.9093466762192228,-2.966963993636896
0.9101247180217101,-2.9687742313183603
0.9109159814131962,-2.9704370989922406
0.9115773424798828,-2.9721903712102384
0.9122142261314208,-2.973979742909973
0.9126084842518534,-2.975920666800534
0.9129688149543703,-2.978006269200438
0.913478464557949,-2.9799645446271343
0.9140478010078247,-2.981753579953104
0.9144382712967888,-2.983627846371984
0.914931159201115,-2.9856102753176086
0.9153933860083915,-2.9876185677327576
0.9156566798478071,-2.9895487554452136
0.9159480934616046,-2.991678305305005
0.9160836871903645,-2.9939388546731327
0.9162760536337259,-2.995993333408327
0.9168371306843953,-2.998220456446068
0.9176003929174537,-3.0006224294036477
0.9180240911075804,-3.002958031225774
0.9183275953506155,-3.0054347925870077
0.9184408851727988,-3.0074231062039245
0.9183138618178249,-3.009572247855979
0.9184388807744296,-3.011485918941036
0.9187467055212512,-3.0134200579109853
0.9188963119937559,-3.015246872846194
0.9192033356969105,-3.0170019339935927
0.9196416867059168,-3.018627572879144
0.9198468820340381,-3.020041721830858
0.920002748972539,-3.021539493623483
0.9201131097580877,-3.023090046807052
0.9201441779620928,-3.0245687340537115
0.9201191439867697,-3.026056696948749
0.9205216785909545,-3.0271264919482124
0.920687724293964,-3.027981878571908
0.9209061971148468,-3.028809743840023
0.9211178598314276,-3.029651235460593
0.9212666498592643,-3.030435760225213
0.9213578912476951,-3.0312595704575
0.9218206372538243,-3.0317401782327775
0.92260103023904,-3.0325825892464
0.9234026976790413,-3.033244217518231
0.9242901691245335,-3.033805191268886
0.9250688641224084,-3.0346472590837323
0.9254407291239611,-3.035067575069571
0.9255927749593934,-3.0357463449673383
0.9257692256957109,-3.036404741859733
0.9260308552577768,-3.0371403978843556
0.9265393709558013,-3.0375859009268127
0.9268608919624557,-3.038188100205248
0.9271815934431137,-3.0387895715260664
0.9272201880472043,-3.0396785743173087
0.9270586283494767,-3.0407323539161673
0.9269572264036763,-3.0418716852652374
0.9269510132849201,-3.042899114048858
0.9268523925608344,-3.043881158694781
0.9266187742384455,-3.045028684987557
0.9265371316395257,-3.0459974958258083
0.9263243474143229,-3.0470979457646292
0.9262243367285153,-3.048222834695141
0.9262075038712233,-3.0493305024683037
0.9259966621361208,-3.05026242992638
0.9255635395770724,-3.051380467660517
0.9252528923441895,-3.052354456081778
0.92488392884039,-3.0532852959169485
0.9247063089360482,-3.0537270374332945
0.9244698519045796,-3.054260063153879
0.9237887547199636,-3.0547104174262794
0.922887428521714,-3.0549288946024884
0.9220203453092233,-3.0551186487386763
0.9211061026889868,-3.055363777848072
0.9198165823541881,-3.0552692406701163
0.9187606301883235,-3.0549789734870285
0.9176816584633694,-3.0547155225911635
0.9164088501773232,-3.0542767036770964
0.9150737459650661,-3.053889776748607
0.9134922835779751,-3.0537033880784388
0.9116975523640292,-3.053453369679845
0.909978247889923,-3.053383749889586
0.9084488122549844,-3.053090570827621
0.9067495477493174,-3.0528266226180594
0.9049805323795809,-3.052817181809981
0.9029505381141808,-3.0530641573583726
0.9005788252885837,-3.053438680513849
0.8983354030443467,-3.0540875395015767
0.8961959371567149,-3.054632642161212
0.8938318439148297,-3.0550038400860666
0.8913699254310111,-3.0552440986455114
0.8888794607938911,-3.0555175219971935
0.8858193557461863,-3.0560988555212663
0.8822696086713577,-3.056352440738134
0.8785901200067415,-3.0564891071561924
0.874686161923586,-3.056825429036051
0.8707301940116764,-3.056932344582046
0.8668810497588058,-3.057146126412044
0.8629979450224361,-3.057399311919748
0.8589014916522459,-3.0575918927167476
0.8545178582961925,-3.0579320370608034
0.8500151081754747,-3.0582562916083496
0.8455105249558367,-3.0586253145138866
0.840871697006605,-3.059249580508888
0.8364304662776886,-3.0596142454509465
0.8318867488629664,-3.060101952706071
0.8271286579114678,-3.06076938031276
0.8223574727434003,-3.061415044158866
0.8175103626168483,-3.0622961407071028
0.8124793500622148,-3.0633314774226506
0.8075076374658198,-3.0645619582687256
0.8026112702144719,-3.0656776963330934
0.7970721113285102,-3.0661771569914635
0.7914807280634516,-3.0666958748801374
0.7859934903528928,-3.067308340337263
0.7806096578898849,-3.0678716441027194
0.774826642784836,-3.068795008756584
0.7690685946038813,-3.069730461708254
0.7634750366327347,-3.0708677566912823
0.7577969742056385,-3.072076270854231
0.7521947102093655,-3.0730318847997773
0.7466457883745646,-3.074010798673996
0.7409729588911179,-3.075094240447439
0.7353136108980034,-3.076119183255009
0.729698723949695,-3.077549266900533
0.7240637470140016,-3.0789964496324975
0.7184253960403671,-3.08054197177874
0.7128495951392694,-3.0821827204139067
0.7072893712412244,-3.0838105036463332
0.7017539745107002,-3.085123135832137
0.6961957764671537,-3.086752008934449
0.6908538047918958,-3.088198602717296
0.6853679082332251,-3.089649844208718
0.6802280259398085,-3.09094083147271
0.6750254889784464,-3.0918579860636157
0.6692393680235715,-3.0918478231173268
0.663679931397779,-3.091806377134594
0.6581684221115763,-3.0917093788866468
0.6526273421569464,-3.0916812563745655
0.6475510115560509,-3.0916258899440634
0.6426338140717194,-3.091907443156923
0.6376819564321844,-3.0921550579024704
0.6329973880499761,-3.0923476766687954
0.6285543072292469,-3.0922337824248363
0.6244057759724329,-3.0923824795514303
0.6206158895824064,-3.0922279811638127
0.6168971547769851,-3.092306422505336
0.6132660120986098,-3.0924529599837807
0.6097694329256304,-3.0924203797237713
0.6064641064119776,-3.0924511638933843
0.603468598585716,-3.0923566076129982
0.6006406225700919,-3.092251719906477
0.5980933242376837,-3.0918212142650865
0.5960812521540596,-3.0914964111270353
0.5939318851788608,-3.09134815010662
0.5919543111049342,-3.091000834582271
0.5904580497046594,-3.090683825227581
0.5888474384501712,-3.0904949307549012
0.5876632754339535,-3.0898114834857786
0.5867725144505228,-3.0887110466940424
0.5857116005810733,-3.0875309670766544
0.5845674631920443,-3.0864479871509194
0.5842449649244313,-3.08622301831121
0.5839703925014391,-3.0859575208685395
0.5837911935319795,-3.085542038522759
0.5838829772312386,-3.085129604111378
0.5843527909733024,-3.0843967973156428
0.5847150684458535,-3.083627549929436
0.5851431040209826,-3.0829561587108634
0.5855428934732133,-3.082323694068081
0.586139673068762,-3.0814815285871293
0.5868084513673251,-3.0805356615359787
0.5878936398926347,-3.079236846517298
0.5888362564731525,-3.0779759018039887
0.589998353009555,-3.0764734537019627
0.591098885520515,-3.0749097664797445
0.5921215861081505,-3.0733425190606374
0.5934737956482407,-3.072095574429713
0.5950507466900659,-3.070658090264897
0.5965676934035101,-3.069167333572243
0.5981390051967298,-3.0676134873296452
0.599687003814477,-3.066079427801059
0.6011120694009059,-3.0644359240848567
0.6021357900616097,-3.063186598821229
0.6033672508834877,-3.0621389177593135
0.6052513547754454,-3.061825989600402
0.6069350843280972,-3.0617037008961745
0.608835604365213,-3.061388486291552
0.6104395581234406,-3.0608085120974295
0.6115104477148327,-3.0607679354969837
0.6125474999764239,-3.0607337143664255
0.61361556602073,-3.060727205094754
0.6146696090532233,-3.06074448512974
0.6154923787725491,-3.061007842970888
0.6161780697403663,-3.061148769873711
0.6165975338324319,-3.0615452765781486
0.6167008975626861,-3.0621916384586307
0.6168163851869708,-3.0628488094783233
0.6168399866838037,-3.0636354435348343
0.6167026105441362,-3.064574740598015
0.6165694674465058,-3.0655177974290813
0.6163343480990116,-3.066550514214248
0.6156441231554443,-3.06801507184623
0.6150071052535724,-3.0696051418853885
0.6146019313237132,-3.07110334662119
0.6138966306083717,-3.0729500572419073
0.612781828206458,-3.074706997464039
0.6118638081721808,-3.0764096763095314
0.6106463786231884,-3.078460065194575
0.6093089222316106,-3.0807809047030954
0.6079135323035451,-3.0829787373585202
0.6062400446283702,-3.085414009445405
0.6043018276765476,-3.087686215305625
0.6025591838816297,-3.0899985341270195
0.600559256852994,-3.092564805829297
0.5983381697004447,-3.09507088405377
0.5961356835056287,-3.0976918754091334
0.5935732538169208,-3.100608672893693
0.5910399835143366,-3.103317692505234
0.5886587284046875,-3.1060646746453884
0.5860849497104164,-3.1091563468664765
0.5833181084528707,-3.1124925550858853
0.5804275374282628,-3.1160504294554174
0.5774043118761502,-3.119839701129123
0.5744292978061687,-3.1235598084192815
0.571581767273684,-3.1273934081323387
0.5686639853304325,-3.1312764197778726
0.5659029485239035,-3.1353329974989066
0.5629335011696558,-3.1395817549066893
0.5603390373732028,-3.1441633716287605
0.557494705653872,-3.1489217458609957
0.5544518481977062,-3.1538702578563056
0.5516155694112572,-3.1590014162596898
0.5488011932232847,-3.1640414196637168
0.5459518819285203,-3.16912471691827
0.5433053552951398,-3.1743867146637883
0.5404941218377338,-3.1797663708632182
0.5372014308397226,-3.185645823249168
0.5341938491557864,-3.191776131063103
0.5312152637193664,-3.197792125087693
0.5282795958402737,-3.2037910108377488
0.5253683057229689,-3.209809711971669
0.5223898275251255,-3.215872256508939
0.5192385904704916,-3.222157766129992
0.516231841468282,-3.228569022272443
0.5128873107431424,-3.235233917997134
0.5095341660222835,-3.2419829296867175
0.5060014935445022,-3.2487205010483255
0.5025414154863871,-3.255182066997065
0.4986002365070468,-3.2621392363639634
0.4946615503794021,-3.269116796230579
0.4904429349300409,-3.27582520096665
0.48607521710078105,-3.2828076461528184
0.48114189207829083,-3.2894062241984368
0.4758214799017577,-3.2963319305012893
0.47072269369024894,-3.3029952783468044
0.46556326916514784,-3.3093340377655918
0.4599661038071213,-3.3160497229540957
0.45429593733373574,-3.3228198251854137
0.4486320600390985,-3.329302330123261
0.4427439058404188,-3.336249014409598
0.4369340706033259,-3.343129777501991
0.4310187164672657,-3.3498462832878553
0.4247849188374778,-3.3566909008973185
0.4186847836959106,-3.3634230842468384
0.41249153065163385,-3.3699388889138593
0.4059652987633786,-3.37668818180762
0.3995861473804234,-3.383313808094564
0.3932102235784312,-3.390084949391729
0.3867074133235272,-3.396789451530171
0.3802225905479381,-3.403478975491751
0.37378193649418723,-3.4099855476755314
0.36708560402127793,-3.4162231332771333
0.36051965059653146,-3.4224031403131208
0.3534775034585746,-3.4290132292990054
0.3465080468263067,-3.4356879803365965
0.33955087361140346,-3.442380800422061
0.3320261053178297,-3.4486400781142184
0.3246391720327964,-3.4549172323430044
0.31718305619031273,-3.460915478166615
0.3097198310227406,-3.466919681566679
0.3024135189823047,-3.472915592451858
0.29497050743028397,-3.479062720037339
0.287578767940143,-3.4851666975606457
0.28034352625631237,-3.491315675334729
0.2731604255773343,-3.4971402221369416
0.2661162896962957,-3.502847826284492
0.25933921114498926,-3.5081834467687
0.252572904118414,-3.513481478752404
0.2458846668230001,-3.5187137945243525
0.23942344211788386,-3.524013707173389
0.23291664375130794,-3.5293197751688923
0.2265507409981184,-3.5344956062916935
0.22057378705652575,-3.539505291300332
0.2142735165882215,-3.5446582861555687
0.20859514050812022,-3.5492263155044794
0.20401656379857783,-3.5542034903311635
0.1997788345889189,-3.5593284641236886
0.19575531798613777,-3.5644341967802995
0.19224938966097407,-3.5690361120837175
0.18868533172379437,-3.5735645215754333
0.18529727322065695,-3.578445665502375
0.18262543220947366,-3.5824923216372384
0.18020055007501812,-3.5865524756532876
0.1783477328879007,-3.590025031349458
0.17650761733846376,-3.5934870460415627
0.17505850405792128,-3.5972823369385876
0.17392791132270505,-3.6006881191362994
0.17289030817660175,-3.604015768441257
0.17213266832905175,-3.6075815862834895
0.17181297974645593,-3.6106733393448276
0.17174712164215958,-3.61353069370554
0.17199983987785744,-3.6166590978800914
0.17249983101543245,-3.619514152588161
0.17286990236766692,-3.6225219093878196
0.17340573542726626,-3.6256703713913603
0.17422165460010888,-3.628498999971134
0.17524801713966398,-3.631158032267789
0.17632932378081212,-3.6338634933839016
0.17749960386782643,-3.6364867400219922
0.17906358135610037,-3.6394515626105974
0.18049290184471703,-3.6426770326356444
0.18206224185454373,-3.646152441095384
0.18366263399382624,-3.64932586813197
0.18548401204778484,-3.652365641019104
0.18745757321928877,-3.655045722500297
0.18943242694744547,-3.6575486310211716
0.19145357569257657,-3.6600312815321874
0.19344632454852434,-3.6623882737465716
0.19522268751369143,-3.6647809068013757
0.19736232427318268,-3.666934870757221
0.19951781606544244,-3.66910234124403
0.20181122401969365,-3.6710958652465777
0.20438173524840297,-3.6730681896238235
0.20683931015235266,-3.6749453733911097
0.20911546346792734,-3.6770343869486917
0.21178665833617372,-3.6793089386190867
0.2144728354835129,-3.6816223417522074
0.2172765899633197,-3.6837985867479626
0.2203899347852094,-3.686104870192427
0.22357319404599735,-3.6879985196087746
0.22658847788552663,-3.6896476149733903
0.2296482336341197,-3.6912716388331317
0.23271568784264288,-3.69290222755495
0.2361070583998009,-3.694236808773998
0.2392963584574547,-3.6958043284658166
0.24193575668173434,-3.6966939008123436
0.24455639848426083,-3.6970896832574938
0.24731896390711802,-3.6973669758039396
0.2500376236746723,-3.697460012367004
0.25277706658263216,-3.697476538766425
0.25567780587425015,-3.697358515239734
0.2583207104045363,-3.697531708804111
0.2609770458155932,-3.6975838766968248
0.26366056760555584,-3.6976133759775465
0.26621481527699065,-3.6975309664680234
0.2687021682641157,-3.697186143077812
0.27127089707488977,-3.6967735500190213
0.2738276691246188,-3.6963483963803365
0.2762429887141392,-3.695860997006484
0.2787224911898515,-3.6953201917353953
0.2810225913951526,-3.6947552789048204
0.28329995108225814,-3.6938630216366266
0.2856067197899479,-3.69294633061315
0.2879630604939746,-3.6917957716013285
0.2910893887667176,-3.6915263691501257
0.29418443278214723,-3.6912869732335936
0.29741958763182347,-3.690923078720817
0.3005365942068143,-3.6904579045431842
0.3038087732489168,-3.6898520355393307
0.3065944721153678,-3.6887320536861594
0.30947317482797604,-3.6874939233702313
0.31252272570146494,-3.686071173771539
0.31579417119051145,-3.68483769202924
0.3193311221484191,-3.6833292445989763
0.32265714901552667,-3.6819690179504705
0.32603840222775543,-3.6806558572337393
0.32934623160296145,-3.679384340765199
0.33284107518020345,-3.677872835260863
0.33649967597247776,-3.676501508693666
0.3403124285898448,-3.674934285260521
0.3440057925029884,-3.673300937992245
0.34771989711071744,-3.671708557039239
0.35122026143297086,-3.6700844660362426
0.3547795729547962,-3.6683913232796304
0.3581865689344656,-3.6665712508541843
0.36146134057059615,-3.6643480801795447
0.36481418176057323,-3.6620386323323477
0.3678907065431169,-3.6597769165830525
0.37123760154579244,-3.657705409403287
0.37446503007012494,-3.6558130341799497
0.37750451465191054,-3.654041423839417
0.380616653798549,-3.6522095684202354
0.38348782710866813,-3.650169936087702
0.3864365221317672,-3.6480395338084435
0.38958281188346766,-3.6457449795894847
0.39250847647506004,-3.6432597261581914
0.3951821862947122,-3.641070672116942
0.39754366663214835,-3.639141115607977
0.4000225001907069,-3.6373115263744107
0.4025685542494182,-3.635403210915418
0.40530859732475727,-3.633333725567421
