x,y
-4.956865928344149,-1.7090186634001887
-4.961477501852573,-1.7042594706106071
-4.965169673312071,-1.6986872437388092
-4.968675449815205,-1.6927674060274263
-4.971931089454403,-1.686556317935062
-4.974743127718161,-1.679421966708002
-4.9767160079038275,-1.6727798302337271
-4.97864429237017,-1.666088578465342
-4.980491394235429,-1.658976525646869
-4.981064416522614,-1.6538369168297473
-4.981509748749005,-1.648548329848022
-4.982228312572818,-1.6430374711937679
-4.982889556346012,-1.6376452172220453
-4.98354053999747,-1.6322424644261375
-4.984227672159157,-1.6266020344435328
-4.985017577412114,-1.621242338710071
-4.985945219392238,-1.6160470310982185
-4.986750297176648,-1.6109104539061383
-4.987577006414225,-1.6058497884371614
-4.988705080669781,-1.6011472863230445
-4.989709125214608,-1.5960483501924982
-4.99071532064349,-1.5910671096530873
-4.992035633877647,-1.5864597244419223
-4.9933945870145315,-1.5817576279439651
-4.995027086709461,-1.5772367245063275
-4.9968092898116945,-1.5728953294063284
-4.998981755322012,-1.568450910627579
-5.001483801346275,-1.5637102315344331
-5.004032493360151,-1.559019340147015
-5.006747996430546,-1.554063287712933
-5.009449459679639,-1.5490929664192379
-5.010642461932033,-1.5468740036333117
-5.011998032900054,-1.544529949746241
-5.014088010451193,-1.5429576444113253
-5.01606834823936,-1.5411996730669726
-5.018066920391712,-1.5394276691011854
-5.020586553757339,-1.5382535273856266
-5.022950044948744,-1.5368579930021604
-5.025260959607186,-1.5355029242446827
-5.027944864663238,-1.5345012650350234
-5.031172876985754,-1.5336475542786732
-5.034520954045063,-1.532699180414836
-5.038052481331961,-1.5319853624999284
-5.0416633021446495,-1.5313125260920213
-5.045264831090001,-1.5305378716191764
-5.048816267590902,-1.5295035511645019
-5.052521080860091,-1.5285609916065037
-5.056847012482887,-1.527628304974893
-5.061179185489503,-1.5271074161371003
-5.065649855121155,-1.5267073224956194
-5.070401320351236,-1.5264024421033315
-5.075509602496475,-1.5255571078217893
-5.080641818019055,-1.5246864819570838
-5.0848735147988755,-1.5249916470900633
-5.08965099779726,-1.5259122020253013
-5.094315437899248,-1.5273321598014775
-5.099005065810111,-1.5288854053805838
-5.104161261406036,-1.5309451333377915
-5.109330083541849,-1.5334393272879188
-5.113950683422144,-1.5359741584427826
-5.118658425618761,-1.5386743030824097
-5.123303166624103,-1.541853749815694
-5.127879580978793,-1.545011826697384
-5.132723573536884,-1.5484734841410317
-5.137440713884046,-1.5521071956203965
-5.141771937300934,-1.555677995524811
-5.145910727381048,-1.5590588292549272
-5.1501892488847965,-1.5624098667062873
-5.1542016953054315,-1.565872419349739
-5.1585271858922965,-1.5697046171008942
-5.1624037427171645,-1.5738787749298921
-5.1664055896538255,-1.5782259067598006
-5.170509237839272,-1.5826257213207253
-5.174267556888312,-1.5872876594002399
-5.177881360142718,-1.5926180841140498
-5.181610793000284,-1.5980836330529333
-5.185032646901188,-1.6037814943172566
-5.188471931568088,-1.6096880982175295
-5.192045839694172,-1.61565879985517
-5.195303807899167,-1.62186793348695
-5.198605013845235,-1.6281280371810511
-5.201743858033742,-1.6342449208521679
-5.205089737234924,-1.6402014221463277
-5.208068504500267,-1.6457187189111155
-5.2109927066016715,-1.651187445314113
-5.214211255540459,-1.6568253264297137
-5.217207941018841,-1.6621260897077315
-5.220154548596821,-1.6674037951687737
-5.22337640147207,-1.6724705669727027
-5.226363132409613,-1.6772526906415246
-5.228955966215196,-1.6816739955743332
-5.231501565965944,-1.6861298382862262
-5.2342126823267385,-1.690670305439893
-5.2367409181928455,-1.6950462950640894
-5.239221305487622,-1.6994574762711527
-5.241922121736072,-1.7041091202773289
-5.244133342419346,-1.7082674902231132
-5.245868917540302,-1.7129412394490275
-5.247660762178542,-1.7176669167998004
-5.2495125856849265,-1.72246594817744
-5.250965431609882,-1.7275659854208227
-5.252048338443805,-1.7333487723599588
-5.2532298339263095,-1.7392484344947918
-5.254363387347841,-1.7451832364886104
-5.255275717649647,-1.7509229361320016
-5.256213903522361,-1.7566925890076945
-5.25704017491471,-1.7625456193581166
-5.257843692718864,-1.7683803173228145
-5.258387853898068,-1.7739753408899883
-5.259433221163422,-1.7795498830844785
-5.26053249303514,-1.7851710007294959
-5.261478216318108,-1.7904848417323582
-5.2625762370898475,-1.79593396001592
-5.263594555637622,-1.8013122719205301
-5.264617385614944,-1.806612146398144
-5.265825608723527,-1.8118070101416854
-5.267210376139609,-1.8171566485797361
-5.268843944835226,-1.822241391076923
-5.270732838969473,-1.8272222817495636
-5.271926753149671,-1.8325558333950724
-5.2732341012786765,-1.8375451650926686
-5.274537816620873,-1.8421568773904946
-5.275545448359469,-1.8464830129970544
-5.27717954006888,-1.8504245214696868
-5.278873492172009,-1.8536756359144575
-5.280777209089507,-1.8567547921420788
-5.282458260301132,-1.859583570794723
-5.284046958704047,-1.8623026887518208
-5.285682082554617,-1.8644541223385518
-5.28757163270223,-1.866511585992608
-5.2894308996137305,-1.868533062841807
-5.291691534179917,-1.8699968557165385
-5.293958079823456,-1.8715639901402101
-5.296002492384775,-1.8728670962821428
-5.2987168797438535,-1.873460080112478
-5.301319960372377,-1.873750301489281
-5.303414048201042,-1.8735042687128012
-5.3064975467760815,-1.872385970290065
-5.309871448129307,-1.87145461639043
-5.312791962667353,-1.8699859382890116
-5.31644768390324,-1.868057645127478
-5.319959883458826,-1.8660350071684304
-5.322563420076036,-1.863038777718587
-5.324623727105881,-1.8608314862754676
-5.327441541086727,-1.858055170726971
-5.330166813775967,-1.8551945463532733
-5.332564981291378,-1.8519407906608318
-5.335546250633844,-1.8480875833787953
-5.337871265980277,-1.843462264419154
-5.3399339015538025,-1.838581000473052
-5.342503485499009,-1.833316781101802
-5.344668994448347,-1.8275888532807274
-5.346662493998157,-1.8217183716903935
-5.348794174149212,-1.815741023497608
-5.350764996409168,-1.8095301450256893
-5.352686097891985,-1.8031955827776955
-5.3543996252632855,-1.797013367366855
-5.35623757328941,-1.7910146662055373
-5.358200392405556,-1.7850605592676156
-5.359542634065107,-1.779209904217268
-5.361117929397652,-1.7735883534288688
-5.3629971698147125,-1.7683326308138527
-5.364239775569277,-1.7633008666647438
-5.365648345958212,-1.7584540999627627
-5.367213263876931,-1.7538103157551879
-5.368522376791342,-1.7493207504550923
-5.369745291955487,-1.7447408481418358
-5.372039355881605,-1.7384808863838617
-5.374148351583208,-1.7320396832695166
-5.376269085236382,-1.7252950869205552
-5.378605712799764,-1.7187529856481705
-5.380772972215944,-1.712376769751336
-5.3825853208864824,-1.7064253406091197
-5.384186828939895,-1.7008490744442522
-5.385282298977424,-1.694777844785113
-5.3857299468854,-1.6893867148974375
-5.386221544798517,-1.6840322150002285
-5.3870459855551465,-1.6790769416884688
-5.386760479005647,-1.6749591569572626
-5.386070006126881,-1.6704877946244159
-5.385317913722851,-1.665941602856274
-5.383385745173619,-1.6622868061880938
-5.380944334610461,-1.6581882542224904
-5.379062315849122,-1.6547640129567576
-5.375830111171578,-1.6523614211303728
-5.372683739541937,-1.6500335493345106
-5.370015742669625,-1.6482820978740857
-5.366036090106144,-1.6475242092375708
-5.362111358880331,-1.64691527529872
-5.358654315552003,-1.6468619061325118
-5.354323392925682,-1.6474712917873222
-5.351371602808855,-1.6464552132631576
-5.349144050275543,-1.6463097532581148
-5.347787763698149,-1.645657900373836
-5.345697588656961,-1.6455631697237196
-5.343630581792399,-1.6454868896945256
-5.342264752648629,-1.6461970341844956
-5.340564154761984,-1.6471610814509992
-5.33945484630331,-1.6488342455225262
-5.338395417517508,-1.6507408455062362
-5.337028605027664,-1.6527224169166002
-5.335884864526643,-1.655181210305549
-5.335162773628657,-1.6580048176844138
-5.33451490286214,-1.6609256711795257
-5.333741994709583,-1.6644759187958267
-5.332813399857834,-1.667886367464248
-5.332136117206853,-1.6708315383695709
-5.330864511952375,-1.6737166920401607
-5.329593321204365,-1.676598669564723
-5.328853743410739,-1.6792630509425772
-5.3274891878699995,-1.6822161775034932
-5.325735094544749,-1.6848252729241175
-5.324438682988277,-1.6869913324410282
-5.322474889989438,-1.6893955676934955
-5.319144032171211,-1.693249592146165
-5.316083796024529,-1.696949852068613
-5.313067277074962,-1.7006968797946895
-5.308538678623722,-1.7064386987381674
-5.304597771360765,-1.712688802295375
-5.300911295390264,-1.7183750720306714
-5.296786634590143,-1.7242859146690956
-5.292812786056543,-1.7303235835972164
-5.289376696724101,-1.7361580774898586
-5.285117983459464,-1.7423104737184318
-5.281134639936722,-1.7486989092900183
-5.277922026878103,-1.7549958656115052
-5.273964782716611,-1.7622003006799414
-5.269131546647895,-1.7685259604200574
-5.265255179169242,-1.7745872316162863
-5.261318611753765,-1.7812444838371309
-5.257541142451962,-1.788084673867502
-5.25377714275456,-1.7939488885171022
-5.250281423245162,-1.8003171601715284
-5.24644563942556,-1.806275349659751
-5.24292382879271,-1.8116378833609856
-5.239555672069287,-1.816743987158642
-5.23614897000788,-1.8217998499778074
-5.232598838387656,-1.8263380174160633
-5.2275421050803,-1.83218772821871
-5.222994370801624,-1.8376212854062943
-5.218526451929751,-1.8428038928940063
-5.212854737630046,-1.8497358964766306
-5.207530210370303,-1.8560901073716467
-5.201835349824079,-1.8620959029951383
-5.196077578200307,-1.8681058840029332
-5.190890208953674,-1.8736887733367873
-5.185381347415669,-1.8789401267272197
-5.179708807906682,-1.8842068239255305
-5.174377180090061,-1.8892632607612696
-5.169061849427775,-1.8941061890869124
-5.163954218764353,-1.8991562112110147
-5.159276674764485,-1.9038821137627826
-5.1541621002140605,-1.908151529631711
-5.148844733547916,-1.9122183214601827
-5.144165604464572,-1.915804184139964
-5.139077719791196,-1.9189173215969195
-5.134296044950985,-1.9223430437105338
-5.130119140115535,-1.9253130140561718
-5.125644112526305,-1.9279582828277313
-5.121092148346945,-1.9305090271343226
-5.117452365312522,-1.9323721534762957
-5.11336546434938,-1.9337050234338216
-5.107476516889754,-1.9376542371947862
-5.102085335876989,-1.9411877827394284
-5.097870698467865,-1.942553867482395
-5.093664701482979,-1.943929894393821
-5.089480164845187,-1.9446401080037048
-5.085300171664347,-1.945096510875909
-5.080732382742726,-1.9451243184603877
-5.0762650959729765,-1.945272267034387
-5.072355815419108,-1.944992573445626
-5.068129931560887,-1.9443925194188914
-5.063691344148835,-1.9431412054739263
-5.059720519847055,-1.941162064028944
-5.0560612078549205,-1.939065309671798
-5.051622329268614,-1.9361760935126255
-5.048028498737632,-1.9324441825182248
-5.045223882002544,-1.92901045857924
-5.041898496077839,-1.9250455046826853
-5.039027479079285,-1.9208447720909454
-5.035896022871596,-1.9162457477888195
-5.032913603201926,-1.911777988991157
-5.030619408143905,-1.9064596201191824
-5.028239091324368,-1.901038500362567
-5.026277996120799,-1.8956535389174909
-5.024024752984441,-1.8903957250779464
-5.021715754123915,-1.8850706022473265
-5.019879146575216,-1.8800114481455386
-5.019151057798422,-1.8731510745193658
-5.0176358068428435,-1.8663830696372703
-5.016489182797715,-1.8595231003791253
-5.015155912910159,-1.8524931299974001
-5.013222626029622,-1.8457436688533686
-5.011457283744541,-1.838994866370173
-5.009776737218199,-1.8323180142588382
-5.007227231693164,-1.8257232750437697
-5.004977915229246,-1.8192049109134498
-5.0027024679114325,-1.8126604174835204
-4.999855612455393,-1.806059096712856
-4.99740047741628,-1.7994102450207918
-4.995085550358159,-1.7928829205754697
-4.9921738353561125,-1.7862845694156444
-4.989547942200718,-1.7799333800274206
-4.987161462206621,-1.7737919923329397
-4.984206340937968,-1.7674617058089945
-4.981887364791721,-1.7614007220632024
-4.980679751496513,-1.753437372030622
-4.979122160816134,-1.7455600850601585
-4.977809241485838,-1.7379136727895896
-4.976140051955721,-1.7298511396469625
-4.974087423987803,-1.7220944039286616
-4.9725277145023306,-1.7148932736362754
-4.972781341659758,-1.7050201382862924
-4.972879756025821,-1.6950070432496034
-4.972757745231357,-1.6857164529474404
-4.972494273416954,-1.6762700398101833
-4.972205886897464,-1.667500442324295
-4.971620623027943,-1.659210325155646
-4.971252316641851,-1.6512785362718068
-4.970752176299543,-1.6432564498992979
-4.969662218584098,-1.6356921826365995
-4.968947394766244,-1.6285706247235265
-4.968140969032487,-1.621808243913061
-4.967038237148721,-1.6156582804948099
-4.966057861260435,-1.6101271463664584
-4.9653920391453585,-1.6048741406146558
-4.9646571819249266,-1.5998816519265142
-4.963960095799321,-1.5954180943317342
-4.963376990727648,-1.591055790480279
-4.962540882154734,-1.586773257938664
-4.963110796027268,-1.5805610206600607
-4.9643769256058174,-1.5750422739380976
-4.965325121403815,-1.5704307849290406
-4.966271567768323,-1.5659327771694123
-4.967281477144489,-1.5619106286003217
-4.968391004935582,-1.5579778310496668
-4.969526234249877,-1.5538320785303847
-4.97057272356215,-1.5497638556599522
-4.971923953770929,-1.5459652993007518
-4.9736134231920515,-1.5424172753653322
-4.975116219875807,-1.5391788648302493
-4.976938294622052,-1.5362227461314446
-4.9790338018977565,-1.5332292054274104
-4.980858128778378,-1.5301119447913831
-4.982526969396819,-1.5268595320600185
-4.984397789697458,-1.5241733120620533
-4.986170921783695,-1.5216091124537814
-4.987862385496733,-1.5192594101273944
-4.989777571218796,-1.5171855119892979
-4.991449127211288,-1.5153353029568961
-4.992459623280891,-1.513700597961768
-4.9938094953528385,-1.5124481918188493
-4.995201573116257,-1.5113342368723275
-4.996376994004371,-1.510195677136279
-4.997965800895727,-1.5095197172453385
-4.999468611149465,-1.5092227379695855
-4.999444683364722,-1.510843726365428
-4.9994382643216975,-1.5125428582064606
-4.999399818596694,-1.5142569888127675
-4.999646144382851,-1.5164052865771076
-5.000202003041469,-1.5188243721774835
-5.00096705440803,-1.5215125523648572
-5.001535212698751,-1.524504786080037
-5.0023900185151,-1.5277474411534966
-5.003517927848761,-1.5308782081260175
-5.004571830888484,-1.5342561184918309
-5.005826215297927,-1.5378088783714627
-5.007851477377664,-1.5414010283627055
-5.009235369208189,-1.544955146646744
-5.011002123933043,-1.5488444850504872
-5.0132909711198685,-1.5525563100374655
-5.015104289830407,-1.5561889176610584
-5.016958234069404,-1.5598563247190993
-5.019485525200545,-1.563364439273453
-5.021317047479892,-1.5668961364826586
-5.023041942382133,-1.5706914070286209
-5.024940625788291,-1.574352425735869
-5.026578941389933,-1.5777039828673571
-5.028156394052825,-1.581374822567398
-5.02970808348048,-1.5847055789421889
-5.029776468284996,-1.589927581979613
-5.029634936594535,-1.5948134564088374
-5.029231081067578,-1.599467887881984
-5.028864714757642,-1.6040529901012937
-5.02812939139735,-1.608404141036839
-5.026926447922569,-1.6122486507842573
-5.025698731265783,-1.6161118760554414
-5.024286534156211,-1.619756090309832
-5.02230274188373,-1.6228964392047647
-5.020150962870502,-1.6261654315341887
-5.017584773415853,-1.6289432618460988
-5.01465582417953,-1.6314009309600541
-5.0113968668434605,-1.6341116650969307
-5.008362808887341,-1.6370874050532946
-5.005200025492602,-1.6399487081867066
-5.001924033326704,-1.642760393614837
-4.998589328838786,-1.6455407275144895
-4.994627982243604,-1.6492731932629419
-4.990837385896249,-1.6531557697206936
-4.986740849131656,-1.65723789417798
-4.983120848632712,-1.6609746795384097
-4.97945897904677,-1.664673616409043
-4.975452533766106,-1.6684680513932952
-4.971590822311382,-1.672239464182854
-4.967414037829913,-1.6757312827584085
-4.9626629345991145,-1.6793546165149338
-4.9582787541701325,-1.6829261971305267
-4.954096442330542,-1.6866752570490005
-4.949842837454345,-1.6904877332116577
-4.945664259563326,-1.6942921301549658
-4.940963181161726,-1.6976324614170901
-4.936059248275197,-1.700701751914834
-4.931225458284001,-1.7033226183467474
-4.9263587891157625,-1.7059134740022872
-4.921629381153046,-1.7082997667902677
-4.916996278027557,-1.7104682324209095
-4.912389719471328,-1.7122054086703573
-4.907089124875441,-1.7131287126553518
-4.902297930737756,-1.7136613094796858
-4.897066852279262,-1.713774497871793
-4.890779732336466,-1.7150250602660677
-4.884886014476278,-1.7159732569900683
-4.8788967093112605,-1.7167698068476835
-4.872660324799449,-1.7173962483229324
-4.866605048992384,-1.7174427496925184
-4.860639003487175,-1.7174200208617254
-4.854664387957316,-1.717380609883842
-4.848533667436845,-1.7174173928538048
-4.842624223124046,-1.717278505391159
-4.836846996780732,-1.7172581634655866
-4.831004286423773,-1.7175504539421045
-4.824903318209565,-1.717686372456589
-4.818790240932416,-1.7177952602927067
-4.812544644238653,-1.7180453965164808
-4.8064073763561845,-1.7182208061532032
-4.800775950877569,-1.7189560083259319
-4.794882939798477,-1.7198921870107846
-4.788900407617998,-1.7207988681894715
-4.783130082621488,-1.7218480396950218
-4.777465502757081,-1.7228154544769012
-4.771510464249042,-1.7250157723006183
-4.765620265942498,-1.7272749576102386
-4.759891541540532,-1.7294432439209064
-4.753950140329721,-1.7316656075029777
-4.748007902600136,-1.7338882839824254
-4.742092452218293,-1.7357445912199394
-4.7361363599326,-1.7376611335276952
-4.730747031429698,-1.7382723465969954
-4.7252207703229105,-1.7387628774596928
-4.719912723433766,-1.7390849319842856
-4.714464888991346,-1.7392584163879994
-4.708876985891745,-1.7392775886616685
-4.703546543166902,-1.7390977419762736
-4.698002111840977,-1.7387147783247385
-4.692647519782035,-1.7384948836151621
-4.6878693377736775,-1.7378294708413184
-4.683223645210294,-1.7372519143029128
-4.678393468608754,-1.7365003341816447
-4.673912724247795,-1.7354780021656195
-4.669512177946962,-1.7345213835697038
-4.665095796602982,-1.733494356223337
-4.661221557904977,-1.7320471354558082
-4.657506855161815,-1.7307925743537143
-4.653932163876383,-1.7293065821852087
-4.649872964802494,-1.7283617702368936
-4.645710192611306,-1.727298473579576
-4.641435252524152,-1.7265914576320986
-4.637768726760319,-1.726138413553877
-4.634017781881812,-1.7258622326157433
-4.6303845292537975,-1.725719183022172
-4.627863067439666,-1.7241763680473958
-4.625076981608643,-1.7226123763944008
-4.622656952548711,-1.721439734656804
-4.620493651852629,-1.7200678028267349
-4.618666892705276,-1.7190350088506718
-4.617012733930937,-1.7179486092509413
-4.6154903407040315,-1.7167817675029968
-4.6141703446615425,-1.715593236458247
-4.613057821737048,-1.7145914441853272
-4.6120646457310475,-1.713634116526704
-4.611300246693281,-1.7125557134897857
-4.611157880843165,-1.7120351084386687
-4.6113714342021375,-1.7113593236020173
-4.611896969163609,-1.7107502737121205
-4.612510036508419,-1.7102194304434402
-4.613053263860059,-1.7095822493247457
-4.6137756635032785,-1.708838944692831
-4.615030875997513,-1.7079899593631274
-4.616796851104663,-1.707644104540354
-4.61874922359642,-1.7075434992471021
-4.621185193024351,-1.7067134605153438
-4.623862614146967,-1.706099251102921
-4.6266897454267015,-1.7056571548434787
-4.629377074697914,-1.7053237119353701
-4.632506155707491,-1.7053855602836545
-4.636300201754018,-1.706214906082023
-4.63999120331551,-1.7071245905821764
-4.644221597918462,-1.7085170808506533
-4.648796252115658,-1.7103068870263254
-4.653159003141877,-1.712261414805848
-4.65766110279618,-1.7143404873153274
-4.662783653690752,-1.7171366216325328
-4.667966409112926,-1.7198866494642868
-4.673602204211329,-1.723116526654463
-4.679624410571922,-1.7266995934830425
-4.68564671574442,-1.73028319537432
-4.691636068832011,-1.7338951831874045
-4.697915793331624,-1.7377765761456523
-4.704308748521898,-1.741571024283328
-4.710731094910863,-1.7454276319285769
-4.717544603932328,-1.749691934924036
-4.724364701188958,-1.7536241878482361
-4.7314014510700755,-1.7574710641920341
-4.738264035512708,-1.7615323273426449
-4.7456793266896895,-1.7654237083509896
-4.753262819040909,-1.7695273620329677
-4.760915157998182,-1.773742501971283
-4.768268461610801,-1.7780814140270116
-4.77557079494088,-1.7824609088580474
-4.783217386456821,-1.7871485655799328
-4.790935183843239,-1.7922218941988024
-4.79849653295251,-1.7976370977058194
-4.805870997050275,-1.8028855325034605
-4.812936767900744,-1.808159015519668
-4.819714772614831,-1.8132971441026546
-4.8263713582200225,-1.8183269484216256
-4.832857339127964,-1.8234010953618518
-4.83898827421503,-1.8286104732597053
-4.844843842032073,-1.8335738039202274
-4.850251196486322,-1.8380897567583718
-4.855672387834917,-1.842368242763297
-4.860417626513554,-1.8460427350755242
-4.864495420853415,-1.849512031581138
-4.868577112670801,-1.8526729808601001
-4.872631982286385,-1.8556572576706434
-4.876579266043892,-1.8585675499617784
-4.8800327975305215,-1.8609044021498111
-4.883243159336277,-1.8635801827522094
-4.885687779760816,-1.8655711412030287
-4.8873528121422725,-1.8666561549468326
-4.889209419306893,-1.8675949308485442
-4.890691425227766,-1.8681990553308407
-4.891532702368007,-1.8680584839227161
-4.892403677631514,-1.8678952585359974
-4.892573147994654,-1.86697595460954
-4.892242962451354,-1.8654821448522034
-4.891781893336582,-1.8640880160257693
-4.890942407338702,-1.862334186017562
-4.889496182619772,-1.8599457512176605
-4.887816188291826,-1.8577354311808567
-4.885871772262641,-1.8552419679870653
-4.883188838027597,-1.851953967128721
-4.8797963119994225,-1.8492069725418174
-4.8762621056751225,-1.8462952630335892
-4.87164753087702,-1.8424185425237767
-4.866009129511173,-1.8393239829255545
-4.860266421646114,-1.8361077793006766
-4.853594182206934,-1.8320608927903468
-4.845829153404008,-1.8288510666003317
-4.83772763113801,-1.8257602776518347
-4.829644976674947,-1.822735915460988
-4.820579708388347,-1.820102146163723
-4.811089264731357,-1.8177960734844971
-4.8016237277533484,-1.8155167389069682
-4.791457925203382,-1.8128645327675883
-4.781356864606968,-1.8102678573901698
-4.7715479621360375,-1.807091479121407
-4.762021872003477,-1.8041669122583803
-4.752483331819848,-1.8011276599769113
-4.743346553902065,-1.7974771812753998
-4.734136717758112,-1.7937006412128942
-4.724834663820446,-1.7892975059307799
-4.716201086044469,-1.7844961099154946
-4.70779599489586,-1.7799275443634877
-4.699360126126886,-1.7751266960160244
-4.691175981010638,-1.7702501449450005
-4.683104014775808,-1.7654854369314237
-4.675118160734032,-1.7602778929938268
-4.666976155030285,-1.7553010426903977
-4.658863124486616,-1.7504563397978001
-4.650650594478153,-1.745748128689948
-4.642628344667216,-1.7413260362168268
-4.633862944889128,-1.738830380758584
-4.6244642335732316,-1.7359803415193222
-4.614798638177113,-1.7333752651958083
-4.605125074126059,-1.73073761098179
-4.595523663684301,-1.7282872975835097
-4.585921377225595,-1.725838184751456
-4.576537499416289,-1.7235334368673711
-4.567713171378694,-1.7218798126740165
-4.559045774495211,-1.7201049330076446
-4.550328806090177,-1.718208343391879
-4.542171764445141,-1.716936226201931
-4.534452372611191,-1.7153244013050648
-4.527205233687331,-1.7142547146086091
-4.519973406674037,-1.7131984354939638
-4.513099351380153,-1.711864334338284
-4.506261322493713,-1.7105712910848268
-4.499981821947577,-1.709780899122386
-4.494225005856613,-1.7085836663252063
-4.488699729937409,-1.707652017444141
-4.483393309062941,-1.7069175401436736
-4.478994581977172,-1.7054758919576685
-4.474313464762679,-1.7037110481586384
-4.470560120802461,-1.7027824605896162
-4.467885964379681,-1.7013824945175033
-4.4646989533311965,-1.700374091896644
-4.4623235245533595,-1.700097624806811
-4.460770708056778,-1.6991826584593963
-4.459487955830847,-1.6980507813803314
-4.458162038315273,-1.6968696079296857
-4.4571644525132,-1.6961284872681568
-4.456640706000807,-1.695388320450077
-4.456132449730519,-1.694665827768917
-4.456071548948571,-1.694080489837111
-4.455949383211901,-1.6934265205846872
-4.455478856503802,-1.6932799211106722
-4.454744026110833,-1.6929764037237691
-4.454116272852182,-1.6927710810675864
-4.453110792455716,-1.6932469392287697
-4.451765191853348,-1.6937305099122273
-4.450822541954325,-1.6946677832409975
-4.449326685615197,-1.6961172472899184
-4.447661051081719,-1.6974996335375447
-4.446408815898238,-1.699355805197388
-4.444867876529384,-1.7012545517772693
-4.442921924424126,-1.7033550129326565
-4.441216932313965,-1.7057316480676723
-4.4402259132999315,-1.7074314312176184
-4.439320027676263,-1.7097063112093471
-4.438698675440952,-1.712306760082361
-4.437956506032933,-1.7146822967007367
-4.437972162367187,-1.7158513577417371
-4.438504906726717,-1.7175497445073746
-4.43916629916791,-1.7190315618349425
-4.439684115776237,-1.7208201290109417
-4.440795808685884,-1.7231889758874286
-4.441700728590874,-1.7257186311270616
-4.4427460023492795,-1.728424244943686
-4.443936074482998,-1.731287951899194
-4.444730632004934,-1.7344591422973166
-4.445714866900152,-1.7378751668484782
-4.4466652059003025,-1.7412700141715032
-4.447523932361111,-1.7447352223811736
-4.448462723196502,-1.7482762121509003
-4.449537772350908,-1.7519701232305191
-4.450451194037185,-1.7557886538410132
-4.45124587235116,-1.759510099846778
-4.451649165737877,-1.7628552385500715
-4.4522546611742495,-1.7660421072832886
-4.452939916305844,-1.7692874525721858
-4.453626649293924,-1.772530180164319
-4.453859400500199,-1.7762251982614374
-4.454441813189287,-1.7799171337024051
-4.454841848443243,-1.7834433144165336
-4.454822086894315,-1.7865712695965112
-4.455389770619424,-1.78902343902166
-4.455868118099101,-1.7913942849386044
-4.456212498588095,-1.7938567342192866
-4.45670723304073,-1.796094635297992
-4.457427576461992,-1.7985010478301708
-4.458052950153578,-1.80063469306063
-4.458567715271006,-1.8024827759068012
-4.458993024035106,-1.8042230274224746
-4.459759641973683,-1.8056980610764384
-4.460386667808989,-1.8070122568219944
-4.46117036744823,-1.8084395059256635
-4.462042068042806,-1.8097982560158106
-4.462796218384066,-1.8110466465248796
-4.463519984383312,-1.8122205858310858
-4.464616000782487,-1.8131056979139768
-4.465705168001242,-1.813990922269272
-4.466816243475447,-1.8148862227824125
-4.468081768113891,-1.815661683994458
-4.468955507721202,-1.8159907717691073
-4.470101863009833,-1.8167895926193205
-4.471637519443235,-1.8172867029929374
-4.47327886500589,-1.8179041706713188
-4.47443010584435,-1.8190270130214907
-4.475843788780718,-1.8199466639370108
-4.476980910745214,-1.8205510560345541
-4.478442920087619,-1.821449422023478
-4.480070141747168,-1.8222201240731868
-4.481952134685111,-1.8232810218131212
-4.483831309911077,-1.8243392731043875
-4.485838597879839,-1.8252986798421016
-4.487851355542722,-1.8262641103991921
-4.4899671425856065,-1.8269979529872182
-4.491743390959226,-1.8281056196328533
-4.493798906850144,-1.8295315711025477
-4.4961998041141005,-1.8309348150570708
-4.4985924089457825,-1.8325458037992288
-4.501138628475767,-1.8343318171082563
-4.503472311446049,-1.8360626934548765
-4.505866712808509,-1.8381040911931075
-4.508383464963397,-1.8402261699065023
-4.511161549246162,-1.8424738637504086
-4.514162496270524,-1.8448264573749242
-4.51715837062994,-1.8474123249834726
-4.520037854435274,-1.8502588910582034
-4.522933074521655,-1.8529153318639493
-4.525952081202518,-1.8557174854031868
-4.529123493497673,-1.8582996591528977
-4.532070657082628,-1.8610270396762927
-4.535314724083274,-1.863804668942799
-4.539012330111231,-1.8670996916945308
-4.542357823621374,-1.870716777345685
-4.5457192600099345,-1.8743657695587321
-4.549094153811681,-1.8780122774604433
-4.552538455362489,-1.8820818366172276
-4.555795755524768,-1.8860270914412436
-4.559433105384772,-1.8900226839520757
-4.563093023126003,-1.8942239752847094
-4.56672708220725,-1.8984014751292062
-4.570410345689321,-1.9025406285660447
-4.574328234227127,-1.9069265039471979
-4.577846145794276,-1.9109222243147772
-4.581677208944072,-1.914676680906194
-4.585603127413203,-1.9185208716748412
-4.589100913003425,-1.922555576541059
-4.592332596355625,-1.926644063295727
-4.595729091051233,-1.9305545977548837
-4.599033061708131,-1.9343813569381627
-4.60220419681111,-1.9382560500976516
-4.60573713407696,-1.9420705673690022
-4.609397812174577,-1.945777437308131
-4.613247996609029,-1.9498029481488905
-4.617077311549615,-1.9535635684526078
-4.6211388497254795,-1.9575344015676313
-4.625286283002716,-1.9615398571292817
-4.629906609338304,-1.9651125676880137
-4.634801062606883,-1.9689334281561301
-4.639927734869376,-1.9726162329876067
-4.645353280246156,-1.9755093598280453
-4.651274975779104,-1.9788513151116294
-4.657027039992919,-1.9817749010260328
-4.663202893963222,-1.9840190445234291
-4.669481637978317,-1.9863554508559185
-4.6760277923563764,-1.9882170850107395
-4.6826957367812305,-1.9892440321359632
-4.689340536366311,-1.990205609033629
-4.696241177320068,-1.9909744722670648
-4.70315773105913,-1.9912431293647195
-4.710258613867849,-1.9916876678352853
-4.717416061463606,-1.9919238947825424
-4.7244521782278435,-1.9918358361496689
-4.731381499633116,-1.991621601837549
-4.738469307397793,-1.9916442812176103
-4.745602170461756,-1.991578106546755
-4.752544760693348,-1.9913148686178581
-4.7594989388134215,-1.99126378344124
-4.766347508705068,-1.9910840884275767
-4.7732779371955845,-1.990937015236294
-4.7800612929519755,-1.9906578298398325
-4.7864017768468745,-1.990374734488729
-4.792440733847527,-1.9897415355747088
-4.79848960601294,-1.9887926767441277
-4.804209454864301,-1.9879554708580944
-4.8101319708907475,-1.9873661221154755
-4.815403497711785,-1.9861881696868862
-4.820173212422299,-1.9850321281805092
-4.824759354497197,-1.9840510219521117
-4.82889653295016,-1.9826640940510476
-4.832570926230258,-1.9816929718288872
-4.836103386141324,-1.9813310140575473
-4.839278075786085,-1.9806464622924354
-4.843032685664619,-1.9794685282136828
-4.846046038877795,-1.9788536631710167
-4.849105989321177,-1.9783124451004879
-4.852047236613172,-1.977086626350502
-4.854494750930752,-1.9763851615292318
-4.856944184934096,-1.9760586544776473
-4.859403722065376,-1.9757413197967222
-4.861579933859061,-1.9756924602451365
-4.8636682768258535,-1.9760241265515757
-4.865203640820993,-1.975859292562855
-4.866308425487439,-1.9756421863913536
-4.867126151923399,-1.9753800791918819
-4.867569074570857,-1.9750568342724601
-4.867690289966535,-1.9740457455129752
-4.867040055147158,-1.9731340274742424
-4.8656989015577965,-1.9715250584617758
-4.8638137874805585,-1.9692876537970143
-4.861609174039165,-1.967293309647445
-4.858898315808573,-1.964844385792997
-4.856671308379333,-1.9624582867650933
-4.8535425487834685,-1.9602125540292432
-4.850480592545101,-1.9579003689451078
-4.8473486246735655,-1.955561772654793
-4.843298264375531,-1.953148614990002
-4.839386541877681,-1.95047053453881
-4.835245586023671,-1.9477934075529582
-4.830585682024858,-1.9450334858440972
-4.825991546984575,-1.9421313074886946
-4.821039406392956,-1.9389072577381254
-4.815647366416396,-1.93541973494799
-4.810219529342196,-1.9318479704904
-4.804157676551237,-1.927706314067612
-4.797869414424057,-1.9231987217891184
-4.79177189758211,-1.918722129444431
-4.785247579369877,-1.9138618116953565
-4.778438629298248,-1.9086711441488922
-4.771505091866185,-1.9034855104263564
-4.764019018550667,-1.8978031113021665
-4.756126213981248,-1.8914447819762583
-4.748407200537508,-1.8850278122981097
-4.740233262707406,-1.8782019080364818
-4.732032455651583,-1.8708506711512367
-4.723633230264867,-1.8632516312079772
-4.715128215137084,-1.855557532464336
-4.707225197993764,-1.8472370640371187
-4.698895237995054,-1.838424541024887
-4.691135240848699,-1.8296972673621144
-4.683428647334576,-1.820195984219733
-4.675321093137878,-1.8102327818234683
-4.667780846298863,-1.8002768631414439
-4.659770312801448,-1.7909371757766783
-4.651917475051861,-1.7810511028210945
-4.644327735836337,-1.770716561914607
-4.63682153045025,-1.7604456345942592
-4.630604751641741,-1.7491756386199833
-4.623945320473393,-1.7373943937287106
-4.617383780682408,-1.7256994192549666
-4.611703549972962,-1.7133168178109894
-4.6055267101820965,-1.7003592822746725
-4.599418650894974,-1.6874605053017722
-4.594230118807049,-1.67375507603999
-4.589022993781261,-1.6599839652457162
-4.583654180778474,-1.6457886688126013
-4.579022421524663,-1.6318580238132037
-4.574432924642114,-1.61797211289973
-4.570361311000173,-1.6046214857975012
-4.567296952941648,-1.5915061951595952
-4.564526950294905,-1.577841391990506
-4.562041938326953,-1.5644819285703078
-4.559480828828463,-1.5514929759163816
-4.557755416819886,-1.538405982224054
-4.556019307376485,-1.5254483816897604
-4.554869461210739,-1.5130086664324818
-4.554564930878026,-1.5006995600919533
-4.554240966254305,-1.4888683121070503
-4.554365399587634,-1.4774315783509533
-4.555501139944674,-1.4658197855210784
-4.556513780725945,-1.454278759289361
-4.557932589725963,-1.443093232121525
-4.560202534853376,-1.431855788498132
-4.562460555608997,-1.4206406234776212
-4.565517610165862,-1.4101283203285575
-4.569487414583534,-1.3994544095904744
-4.573340663895386,-1.3888276579475622
-4.577525867666782,-1.378487372574597
-4.582278130859429,-1.3682677949937159
-4.5870728455225604,-1.3579364749442486
-4.593012583387884,-1.3482073132069554
-4.599563831602161,-1.339184303349378
-4.606089172499805,-1.3301794713800583
-4.615406493740477,-1.31904366752389
-4.625102834067096,-1.308177664685369
-4.63494378361788,-1.2974839669844924
-4.64549986134304,-1.287032311857152
-4.65610171457123,-1.2772505503913154
-4.667438102508174,-1.2682040109976578
-4.678645391991057,-1.2594673595703785
-4.690361239453787,-1.251187540148415
-4.70259191553669,-1.2427780636381243
-4.7148889675033505,-1.2349260388476793
-4.7273279432206445,-1.2272300667983165
-4.740323599997866,-1.2195346107149263
-4.7532018508836975,-1.2123876555733293
-4.766510627171726,-1.2056656387660458
-4.779347557375056,-1.1993173292807038
-4.792666344811848,-1.1934604807279732
-4.80615602688929,-1.1878258231894954
-4.81934894397645,-1.1824267994609214
-4.833268764922539,-1.1777620843792889
-4.847595018862098,-1.173517112818817
-4.8639679741726916,-1.166164511490803
-4.880619425787171,-1.1589342381825172
-4.897600160359476,-1.1519909022297943
-4.914004860013801,-1.145300915441843
-4.930988831646543,-1.138575483399635
-4.947889168660336,-1.131778627998216
-4.96435110711727,-1.1254290127384532
-4.980153922160368,-1.1199048557497784
-4.995654644840051,-1.114049177015055
-5.01090648860209,-1.1079371306533987
-5.025439345675914,-1.10238951537961
-5.039579432618982,-1.0964819828971357
-5.053441877558845,-1.0903755015219811
-5.066433085852117,-1.084952062293559
-5.078994489388375,-1.0790778621602057
-5.091173468926287,-1.0728680231925047
-5.102179620861721,-1.0675773764743868
-5.112603318441991,-1.0617946110184218
-5.122953886549327,-1.0560114014359256
-5.132274896757513,-1.0510345934041012
-5.141584870218037,-1.0460511973345508
-5.150159422772403,-1.0404433294662134
-5.157428182012537,-1.035858528315019
-5.164713888820121,-1.0313020876821903
-5.17148213716218,-1.0263090941800006
-5.179524945036773,-1.01945302635119
-5.187316380483522,-1.0128687922298565
-5.194544777339594,-1.0061704118252761
-5.201408467534745,-0.9991411549553268
-5.20804457824509,-0.9922917084181938
-5.212241940451627,-0.9876790082357684
-5.216278909852969,-0.983075996605109
-5.220260899580786,-0.9782314306767111
-5.223763109893635,-0.9732722164520964
-5.226412794078266,-0.9675915812047047
-5.228818507632227,-0.9616115159863398
-5.230643129283919,-0.9549684402089214
-5.232146586240329,-0.9480350451205051
-5.2333421761162215,-0.9413467889220666
-5.23396210806906,-0.9340949976457498
-5.234142001884023,-0.9264257359214523
-5.234148313623063,-0.9188976194058115
-5.2334184633099055,-0.9105707766153156
-5.232271250375641,-0.9018432709980277
-5.23095145344702,-0.8932574814058587
-5.2290724341357455,-0.8840751692983514
-5.226997288810557,-0.8746372746576422
-5.225068717631539,-0.8650902775502343
-5.2222358209919415,-0.8545814127347642
-5.21993369287105,-0.8428282151498404
-5.21502508595966,-0.834347699204506
-5.209518209100745,-0.8253437594871407
-5.204219918150744,-0.8161317915765496
-5.198925510567675,-0.8069626163193397
-5.1927532065550706,-0.7974531342038074
-5.1864805112132535,-0.7877463322773409
-5.179846896394978,-0.7777151246921183
-5.1727017811879525,-0.7668662202484299
-5.165541590946751,-0.756187701289104
-5.157820661768602,-0.7449529708195339
-5.149861486668096,-0.7339105632096501
-5.141795114169939,-0.7226980669337614
-5.132871790340369,-0.7119514595953649
-5.1246326997677665,-0.7011996997570851
-5.116202345330456,-0.6902870190499695
-5.107110705681717,-0.6799607138421538
-5.09861101875351,-0.6694393142171245
-5.090602181315656,-0.6593335160799831
-5.081708171581696,-0.6496184856249366
-5.073586291011523,-0.639894017135654
-5.065039428795875,-0.6298106298743117
-5.0569621280672,-0.6198469677596025
-5.049128882297768,-0.6098379656254913
-5.0409676640906715,-0.5995525591737919
-5.033421176385636,-0.5898542705021452
-5.023684349599707,-0.5826971303300685
-5.013965499739956,-0.5750977974160532
-5.004641196737094,-0.5679869957530599
-4.994979704922592,-0.5616017480589982
-4.985072761389976,-0.5548234659194164
-4.975792725628349,-0.5488206383222421
-4.966162956610456,-0.5432197151721699
-4.956578374923936,-0.5378095838428226
-4.947705971749373,-0.5332790195941199
-4.9389348036341545,-0.5295030615510978
-4.930299725702078,-0.525945433945519
-4.922291357304831,-0.5231602061700051
-4.91474608081303,-0.5204314944278208
-4.907786633903519,-0.51830645569336
-4.901096818409977,-0.5165121888594271
-4.895261542587626,-0.5145395514325934
-4.889924401973637,-0.513245611789009
-4.884791711781551,-0.5122025158209143
-4.880466019155827,-0.5109725985150654
-4.875370310480861,-0.5106956311756569
-4.870913922816758,-0.5110865774711852
-4.866422618068021,-0.5114496275359274
-4.861729807522752,-0.5119767338216241
-4.8580635172591,-0.5135717242658079
-4.853602532009878,-0.5160790387370044
-4.849041656097521,-0.5189267817634091
-4.84512829600474,-0.5225705688586297
-4.841103468480067,-0.5265014470935735
-4.837005196346073,-0.5306463771338842
-4.833657504726769,-0.5357123149742117
-4.8303815582380425,-0.5409489553928464
-4.826937380794873,-0.5468287239609825
-4.824338757699419,-0.553743884912849
-4.822032120503432,-0.560722034920356
-4.820195699663207,-0.5685665803254261
-4.819178743359424,-0.576620746095512
-4.818469220516063,-0.5850094579468834
-4.818067931434996,-0.5931451139337225
-4.817646676458881,-0.601252377814852
-4.817767916117931,-0.6098176953798846
-4.818320308878478,-0.6180310452407982
-4.819152317101475,-0.6265838767495595
-4.820154602177719,-0.6352785831241564
-4.821872510332825,-0.6433919494974254
-4.822190099396995,-0.6525633864364981
-4.822999474839204,-0.6621797093839277
-4.824206401975033,-0.6721359448805051
-4.826073954490019,-0.6819367476939304
-4.828340696684204,-0.6919526926022721
-4.8308082488117865,-0.7020771218971059
-4.834152935825208,-0.7119975417187808
-4.837532917947142,-0.7223160948773126
-4.840848344352999,-0.7324811522792232
-4.845211772530843,-0.7427010238778659
-4.849912528593128,-0.7532400770071457
-4.854734795694937,-0.7637746548297196
-4.860262643724744,-0.7743247801540735
-4.865513974814007,-0.78487636422814
-4.87045133675485,-0.7949887449539341
-4.875954708031284,-0.8049794947104286
-4.8812886625801255,-0.8147856364223904
-4.886735988703176,-0.8246296393594296
-4.892111409566457,-0.8347904317912834
-4.896947928594224,-0.8443145256251748
-4.901966646683177,-0.853936233268078
-4.905243432178191,-0.865565024341302
-4.907964229320885,-0.8765646079851711
-4.91116907189839,-0.8881545964542372
-4.9140161985620106,-0.9003042559817763
-4.917577308785066,-0.9115352065229905
-4.920865164983446,-0.9225443127322447
-4.924627146804687,-0.9339589189614115
-4.92806648740786,-0.9456305000342511
-4.931139691023519,-0.9570377591838011
-4.934395675810895,-0.9686178487548581
-4.937738424476287,-0.9801292361778452
-4.940934747475262,-0.9914630865368218
-4.944226291036382,-1.0028791548716751
-4.947403248261681,-1.014386202154086
-4.950501173170186,-1.025797655919181
-4.953580013025431,-1.037192909196269
-4.956864327635754,-1.048426438281773
-4.960111522620629,-1.059615347357791
-4.963142262729539,-1.0706177939133728
-4.966115414694622,-1.0821227785274767
-4.968735545725753,-1.0931755115305748
-4.971807199215127,-1.1047312665700408
-4.974824450924237,-1.1163299432688625
-4.9774535646487585,-1.1275095484168827
-4.978961467064541,-1.1398133133296775
-4.980830763631728,-1.1520601492365643
-4.98197166925029,-1.1640612387588614
-4.983114133627666,-1.176065244082071
-4.984553002758675,-1.1884251590878199
-4.986651896855844,-1.199666753742598
-4.988769018100678,-1.210899274361718
-4.990360794561843,-1.2219542385520512
-4.991499490713361,-1.2328537620768862
-4.992585047300717,-1.243831675540253
-4.993541381925967,-1.2547782906969567
-4.993991006523996,-1.265631385044278
-4.99496511692763,-1.2765708737507555
-4.995906276670699,-1.2875382218857674
-4.996143438119372,-1.298182422030685
-4.996875878935537,-1.30933685530063
-4.996917901084884,-1.3203301753449967
-4.996993697180582,-1.3313624645023832
-4.997507656471529,-1.3425373635283684
-4.997661256649,-1.3537307741401392
-4.9979281633525705,-1.3650582542852783
-4.998495942131212,-1.376687037499584
-4.998706900506074,-1.3881294550445296
-4.997621627274417,-1.4009928257911042
-4.996690312641907,-1.4142493829254739
-4.995726726967011,-1.427510069405068
-4.995942944251701,-1.4391708427255117
-4.995998533016467,-1.4508217526228564
-4.9962670316379265,-1.4625872381304097
-4.996573521951485,-1.4740488915540628
-4.996923845232392,-1.485626181856858
-4.997379823405643,-1.4973157927486838
-4.9972560519341185,-1.508464517440614
-4.997281238626084,-1.5194965801254092
-4.9974525097873785,-1.530611642679682
-4.997773887702012,-1.5419463646182903
-4.997787630762058,-1.5535162048695184
-4.998052438691478,-1.5653048274103418
-4.998348273470727,-1.5771936795486923
-4.9984913432684674,-1.5891975553693023
-4.998683390380935,-1.6011966203617054
-4.999179230014648,-1.6135890252711524
-4.999822038707398,-1.6258656267069278
-5.000624334302253,-1.6382222950506933
-5.001816433441041,-1.6510271325549744
-5.0031238027366856,-1.6632973999878897
-5.004451514673953,-1.6755837856977371
-5.003945323927047,-1.6895392238394988
-5.004205053747162,-1.7034551566421483
-5.004713272302751,-1.7174201919312106
-5.006640400996899,-1.7305046649985159
-5.008822282459212,-1.743888705951212
-5.011233424913423,-1.757097265211726
-5.013984731414854,-1.7706069992095659
-5.0168372628214275,-1.784235631626734
-5.020064922015364,-1.7975785901072716
-5.024487611498084,-1.812186805672789
-5.028923822936804,-1.8267728385184374
-5.033994243544086,-1.841723036579026
-5.039819326394696,-1.85734308765296
-5.045534108318297,-1.872577240866951
-5.051984840128619,-1.8881716333604681
-5.058631381022826,-1.9039401302027146
-5.065510624343983,-1.9192021826768593
-5.0727786722806405,-1.9344112602220855
-5.0802899188693305,-1.9497443153443959
-5.088151728840318,-1.964816118204586
-5.096029417004897,-1.9799074224142592
-5.104156708896662,-1.9952224716851985
-5.112438346453025,-2.0104253425579572
-5.120786265006619,-2.0257066814320024
-5.12730011709963,-2.0427976877594403
-5.1342490924107045,-2.060154197250718
-5.142115666512768,-2.076084155586194
-5.149992851650867,-2.0920278908243284
-5.158143499405641,-2.1082178201231643
-5.1661977284928176,-2.1244846564222724
-5.174542671608505,-2.1410918301985435
-5.182555563761144,-2.157403680975826
-5.190232179853082,-2.173969131365021
-5.19779378247968,-2.190401736401338
-5.205229640624502,-2.2066909753025805
-5.212636611577678,-2.2234231736303784
-5.219624727333581,-2.239858139122535
-5.226267057134815,-2.2559688176278265
-5.232443418786847,-2.271882334131642
-5.238327404211293,-2.2871710622083983
-5.2440834572113895,-2.3023785174435085
-5.2491221891447495,-2.3176556414204614
-5.2542800610238185,-2.3323209894683004
-5.259192026801269,-2.3467538946872435
-5.263582573900594,-2.3607787407738132
-5.2677059135227555,-2.3743588769623725
-5.271448854258116,-2.387811748323732
-5.273616699946717,-2.4025974092793136
-5.275871625401151,-2.4172000861805336
-5.277945728866149,-2.431783220302981
-5.281415657426704,-2.444139175165836
-5.284391196179211,-2.4559792051767766
-5.287264543212829,-2.467894362944056
-5.289561757677326,-2.4792642368559674
-5.2912844115105395,-2.490024442462419
-5.2928942183818775,-2.5008673031881163
-5.2938481126722206,-2.511060349911633
-5.294337854770169,-2.5207729095367277
-5.294737081833504,-2.53027092650534
-5.293956767090407,-2.538358145162572
-5.292953342752625,-2.5462768506513953
-5.291068067833855,-2.5531820605854976
-5.288645316287568,-2.559195169452141
-5.286187231604696,-2.5653971490803817
-5.282920275107903,-2.5706712887179513
-5.279259739840619,-2.5754122368431487
-5.27499957264504,-2.5802789307232956
-5.270019409595147,-2.5843213295692227
-5.263396733809972,-2.5890195127536213
-5.25678999108231,-2.5937060763118494
-5.249487379886181,-2.5976860462051587
-5.241251607476741,-2.600731347382279
-5.233108011034512,-2.603708650367978
-5.2243695427712185,-2.60606972085267
-5.216654815937425,-2.6057299336897306
-5.208430606444554,-2.6051731705425785
-5.199921344153279,-2.603956268375844
-5.1907759439575685,-2.6020148599654545
-5.1812699226818895,-2.5995373520775096
-5.171538409971987,-2.5966683758067464
-5.161308914073686,-2.5932334438081774
-5.150974927486994,-2.5897020530965396
-5.1402222116890455,-2.585572487716579
-5.129236468223022,-2.5811794588735815
-5.118360115759776,-2.5766789881357663
-5.107201035097792,-2.5714840192320803
-5.096463141235618,-2.566686017790931
-5.085774997563246,-2.5619546091792227
-5.075315702293611,-2.5571476830393856
-5.065161545918065,-2.5526204243331874
-5.0549846556211975,-2.5478685243210073
-5.045525660261258,-2.54304748135436
-5.036118250456825,-2.538274798493222
-5.026782205087284,-2.5335116582779613
-5.018109429862002,-2.5282568709431947
-5.009630343888765,-2.5231367868834216
-5.001272709997153,-2.5179160472808046
-4.994808088829234,-2.5104596245784867
-4.988281273969888,-2.502929191713226
-4.981702867224586,-2.4952091674402217
-4.975878737520217,-2.4871078513411407
-4.970106706566222,-2.479017040513329
-4.9643205471942,-2.4709167306250657
-4.95907738203536,-2.4626050020992816
-4.953898635654358,-2.4543183176731835
-4.949138657716786,-2.4460806138242663
-4.945179195620162,-2.4376878234490693
-4.941119387248852,-2.4291264648783732
-4.937100286800221,-2.420633914892893
-4.933340039427585,-2.4119432499368463
-4.929485637943711,-2.403097664103477
-4.926188715168121,-2.394860764940359
-4.923013319019967,-2.3865276458335543
-4.919493853707464,-2.3778231465412003
-4.916268649695637,-2.3694621211425724
-4.913415829524528,-2.3608181959985566
-4.910380905778158,-2.351920865041518
-4.908304838862369,-2.343233596338738
-4.907321189175155,-2.333366223034082
-4.906293129318138,-2.3235274041569047
-4.905574069398777,-2.3139531094386716
-4.905541899027019,-2.305089978311922
-4.905634367640585,-2.296129930799973
-4.905859562933119,-2.2872579293207647
-4.906726550687214,-2.2790794725018455
-4.907968181962476,-2.27082952583225
-4.910103593557317,-2.2633859661996563
-4.912741747458591,-2.2561820169143303
-4.915390623827486,-2.2492275951511256
-4.918191027042486,-2.242634924657911
-4.921553888938659,-2.2366814168749265
-4.924533261593196,-2.230970257960666
-4.928366080516792,-2.226100714620776
-4.932186606806058,-2.2217636627472372
-4.93605153353095,-2.2176750139235417
-4.940777673091373,-2.2144721588721503
-4.945064916856146,-2.2114977415970034
-4.9493852739491,-2.208544194505677
-4.95562285445788,-2.2028021642142535
-4.962205347275249,-2.197404200450671
-4.968439743656755,-2.192266731947645
-4.974552810640725,-2.186956815663003
-4.981150444707677,-2.182136707107402
-4.987310630678179,-2.177662705973552
-4.992555205963045,-2.1733005886826002
-4.997972883147984,-2.169137929625649
-5.002958386851553,-2.1651257342084085
-5.007083244693442,-2.161416411653639
-5.011583378500985,-2.1581411211851833
-5.015747805081509,-2.1553421057746043
-5.019200242575137,-2.153003509695554
-5.023049558986538,-2.15112482712094
-5.026511395464489,-2.149550499721522
-5.029275892560566,-2.1480848179226233
-5.032379780119527,-2.147013098715895
-5.035169858614397,-2.1458084914846824
-5.0374427671995035,-2.145082195554052
-5.0398726479015075,-2.1445389221805207
-5.0424835875075,-2.1440434141291713
-5.044601276830846,-2.1437121333683886
-5.046838887480944,-2.1435209348971545
-5.049391363505096,-2.1429308040218724
-5.052544096589825,-2.14126447334792
-5.056041376350531,-2.1399731074229216
-5.059467762354347,-2.1385893848319024
-5.062622431014198,-2.1374081906409654
-5.066249591756308,-2.136749482715828
-5.069183555351844,-2.136168069131725
-5.072176350101495,-2.1352944543958654
-5.075120000910949,-2.134474217657924
-5.077912583467351,-2.1335345144674527
-5.080422827224531,-2.132321519470348
-5.082613178879071,-2.131063543540535
-5.084973528187225,-2.1299916992067534
-5.087224331606575,-2.1287573730581335
-5.089294076069114,-2.1275309376808136
-5.090973053625793,-2.1259561623925225
-5.092716403315776,-2.1244267395604126
-5.0940903720580195,-2.122470604083379
-5.095842106627611,-2.1206275351798887
-5.097493694632394,-2.1183295056688243
-5.0993523410571004,-2.115586399754171
-5.1010862430154456,-2.112654677987499
-5.103501300914241,-2.1092142953350574
-5.105458081913113,-2.105289029463551
-5.106903120116235,-2.1007887338009352
-5.1089014859232815,-2.0959275327824374
-5.1105328698072725,-2.0906485473070875
-5.110247906137732,-2.0880762525500294
-5.110086733128544,-2.0851539708050133
-5.110025777410302,-2.0818905330635165
-5.109543270542702,-2.078250124644561
-5.108961982636052,-2.074276084615983
-5.108468156970166,-2.0696252418485748
-5.108272838872989,-2.065240770905131
-5.108293787382204,-2.060737988570787
-5.108529076644673,-2.0558612691527482
-5.108926938512131,-2.051128942969435
-5.109417947137824,-2.045859041081074
-5.11009928576682,-2.0399107866165256
-5.110561064894341,-2.033764732042265
-5.110895079668491,-2.0272680753175507
-5.111596314190006,-2.0204433880847423
-5.112715996469752,-2.0136531267090905
-5.11355957224777,-2.006537189892792
-5.114487512021372,-1.9993553373241064
-5.115081492026657,-1.991898954919918
-5.115766003052277,-1.984351270196859
-5.116507136947273,-1.9768017731278522
-5.117152057204437,-1.9691638081777432
-5.117931820530312,-1.9616809934574297
-5.118428684387732,-1.954408924378689
-5.117704847065664,-1.9482516495026445
-5.116832794990852,-1.9419480676845742
-5.116165731904375,-1.9357179845618828
-5.114842607680932,-1.9292582858208318
-5.1131429252835,-1.9223855813699582
-5.111985095902697,-1.9157671709758235
-5.110456756781128,-1.9091642759353884
-5.1088055557266685,-1.902415610131935
-5.107395900167054,-1.8958157061187035
-5.105658000280088,-1.8889447500316068
-5.103744931555269,-1.8818664153255984
-5.101877597214148,-1.8746668638688708
-5.099948022098867,-1.867476555968485
-5.097972913405889,-1.8602310536035185
-5.095939409284302,-1.8530675268099706
-5.093656598899027,-1.8459967309939762
-5.09145766514066,-1.839023233395895
-5.089238568650126,-1.8317478886628957
-5.086911807216592,-1.8246702279987417
-5.0850969405572854,-1.8173342295755213
-5.08296069402954,-1.8096690869773902
-5.0807002664914815,-1.8020959059422326
-5.078851370767794,-1.7949703935471215
-5.076789797631932,-1.7875733877096702
-5.074645691233533,-1.7801870741656112
-5.072626463938409,-1.77301064253041
-5.070386759348431,-1.765578454454429
-5.06806155677313,-1.758209496322853
-5.0659408059665365,-1.7510617698208066
-5.064078368370379,-1.7441306517659423
-5.062005385310327,-1.7373582108847287
-5.060123987124298,-1.730849854162575
-5.058185894292333,-1.724259779708601
-5.056050079210675,-1.717819193994271
-5.054050970641708,-1.7115592612572288
-5.051952028527413,-1.7054463203170769
-5.049414320701861,-1.699472836125309
-5.047241726764239,-1.6939054830800828
-5.045186959415962,-1.6886833584985748
-5.043230945843693,-1.6837811722258154
-5.041049473617776,-1.6786878748030476
-5.03850511650146,-1.673931366318481
-5.037547283997644,-1.667225625946752
-5.036595604439501,-1.6605176981397722
-5.035946816168364,-1.654049143150273
-5.034932700952818,-1.647906960742601
-5.03385367420364,-1.641892271742976
-5.03291430722707,-1.6360013447724508
-5.031840128634213,-1.6302870559791194
-5.030588157025173,-1.6246184096978789
-5.029481144204025,-1.6190780986394182
-5.028160288392971,-1.6137886492347566
-5.026760664677181,-1.6085736736287748
-5.0259546352881515,-1.6038817746826333
-5.025236872527331,-1.59965225829328
-5.0243600055448825,-1.5956196071761857
-5.023473757294269,-1.5915793301929828
-5.02239516083827,-1.587910684267741
-5.021207126283133,-1.58418880198651
-5.020335417446048,-1.580745689552956
-5.019427882294399,-1.577966806290703
-5.0185882978818075,-1.5754589953253835
-5.0175259823334155,-1.572755861630548
-5.016006337424313,-1.5704072746332556
-5.014458440296511,-1.5678644106300845
-5.012215027654542,-1.5655021246738252
-5.010145056957677,-1.5633455042194422
-5.008601540941369,-1.5603770535849344
-5.006862584727148,-1.5574423236085386
-5.004679113112041,-1.554872035914865
-5.002344460395686,-1.5521223592207891
-4.999518052861085,-1.5497534188130948
-4.996014856751926,-1.5466969819690894
-4.9926718112236514,-1.5440678303016626
-4.988797083895477,-1.5409800356005063
-4.984596833442766,-1.538500873448665
-4.98017264939384,-1.535817106445984
-4.974779740379151,-1.5338836797723727
-4.969419032715241,-1.53200548847671
-4.964004140465343,-1.5300890575498263
-4.9579203277824355,-1.529014140542797
-4.9520146387770225,-1.5280930546473737
-4.946591623483617,-1.5277396037271291
-4.940192698244513,-1.528143317026923
-4.933522035303384,-1.5282755547972928
-4.926754853852131,-1.5280107316968266
-4.919837944143722,-1.5280612323724592
-4.912225787866955,-1.5288712372621744
-4.904680183883436,-1.5294951792379257
-4.8967413683356575,-1.5296480182291678
-4.888776396871053,-1.530235890647134
-4.880412814182422,-1.5301517714634418
-4.870185571190302,-1.5316487742545837
-4.860033036132129,-1.533089725679868
-4.849265386315418,-1.5339824368039028
-4.838547344781465,-1.5343728096699478
-4.827591572507205,-1.534830126569796
-4.816246778617291,-1.5349385316762942
-4.804787403704275,-1.5345761112241891
-4.7931320345991955,-1.5344619952125929
-4.780911302879632,-1.533842355577759
-4.768832659827317,-1.532889401494602
-4.7565356522948115,-1.5320984704488188
-4.743609356682014,-1.5307445652177232
-4.730619252555901,-1.5289597627620415
-4.717396590752586,-1.5272883729040285
-4.703814685622583,-1.525292822772188
-4.690048049880847,-1.5224909239664706
-4.67649378312812,-1.5196686105174473
-4.662761110709048,-1.516683330717874
-4.649154064253545,-1.513152866258006
-4.633471825464941,-1.5119694808419757
-4.617789750876719,-1.5111861725531195
-4.6025300623110565,-1.5099661885389573
-4.587028854428246,-1.509155592739403
-4.572534531780562,-1.508531931895929
-4.557927303741602,-1.507799269407578
-4.541934949673635,-1.508532316606416
-4.526208423589597,-1.5093362051406654
-4.51063122426647,-1.5102710852936414
-4.495020971225934,-1.5118254209226025
-4.479642127803424,-1.5132217513450046
-4.464819240970003,-1.5151922353284
-4.450318609586001,-1.5169112355828713
-4.435891575527152,-1.518707458584666
-4.4220790152912235,-1.5201669785986573
-4.409079127957366,-1.5217655381932103
-4.3965292314934326,-1.5223821045848691
-4.383975675410431,-1.522971006198728
-4.3720547918437545,-1.5232139036257566
-4.360755827885532,-1.5224239542421267
-4.34926840528066,-1.5214658174619207
-4.337532799591799,-1.5199596000570044
-4.326668887494343,-1.5176088512606745
-4.314107944417759,-1.518004018828499
-4.301913049359756,-1.5187950332211115
-4.290262506069117,-1.5191516187575145
-4.2793852917430435,-1.5188462501090807
-4.268653198395425,-1.5182810720965063
-4.258019128566021,-1.5178326335855146
-4.247887024392912,-1.5169830020223336
-4.238338805983247,-1.5166635523229142
-4.229320337700084,-1.5169534406513088
-4.220316748416818,-1.5172286482212127
-4.212031165952576,-1.5181556062742125
-4.204081771512617,-1.5194704343181913
-4.195787546162265,-1.5210567255335827
-4.187815256342837,-1.522937725368219
-4.18063935015624,-1.525729339087209
-4.173196304512661,-1.5287320188684193
-4.166449840675505,-1.5323682277892816
-4.160277542856521,-1.5366608573727154
-4.153607721628547,-1.5413483521270177
-4.147994817218695,-1.5471218438109746
-4.142254998411213,-1.5534940524156025
-4.137173417415668,-1.560233980654166
-4.132851711907432,-1.567665324272046
-4.128250848622626,-1.576689835442488
-4.123341940024705,-1.5859601595061066
-4.118786930815796,-1.5955942048140699
-4.114767360931066,-1.6057713441078165
-4.11262630668977,-1.6134677487397664
-4.110900610077077,-1.621176706290901
-4.109322052822286,-1.6290720089933994
-4.108090560036922,-1.6366924200313326
-4.106464066537281,-1.6438678378391944
-4.105139443720472,-1.6513188040695412
-4.104268520039491,-1.658411303657564
-4.10326984194302,-1.6653609104847826
-4.102294762755729,-1.672333036716774
-4.10140474054805,-1.6789649395478377
-4.100732625430467,-1.6857944502576643
-4.100215033686266,-1.692799008551172
-4.099364106294447,-1.700067926600699
-4.0993576453150045,-1.708191740777804
-4.099261112834132,-1.7162334196573468
-4.098804816915462,-1.7245599408499566
-4.099116876836003,-1.7336586148983948
-4.099454987373704,-1.7428060700940027
-4.099140675681672,-1.7524683455023031
-4.098654957951588,-1.7626307000913082
-4.098924427956101,-1.7734851149027402
-4.099197769189549,-1.7846048145841784
-4.099394142414077,-1.7959403498841968
-4.101729027604938,-1.8048590889588172
-4.1040337303982986,-1.8137677906737517
-4.105858173870318,-1.823051984330254
-4.107701648701895,-1.8323231022803494
-4.109689359218104,-1.8421637940872837
-4.111302036583591,-1.8524860283960936
-4.112722750010572,-1.8630281605474357
-4.114285627105356,-1.8737286325076214
-4.115110894149091,-1.884708410567429
-4.11647910500978,-1.896455687569655
-4.117539404038655,-1.907915931996376
-4.117642714892695,-1.91994218364832
-4.118714975980651,-1.9320624449575758
-4.120096039831771,-1.9444622623042969
-4.120393284847813,-1.9567501527161384
-4.121627482047211,-1.9691164206289316
-4.122738600589778,-1.9813644652766003
-4.123337691781771,-1.9931437002838726
-4.124561094010605,-2.0042760596360996
-4.125177803541659,-2.0147431443485955
-4.126320226919211,-2.0247986051345004
-4.126068513294326,-2.035569812164688
-4.125537352046261,-2.046074220953518
-4.125640946881874,-2.055404759413321
-4.1259979154089885,-2.0645368799595714
-4.1262658589816255,-2.073569012752476
-4.125896485454518,-2.082009522237409
-4.125425052145426,-2.0905273979625405
-4.12487308309943,-2.0989543335168506
-4.124284037471198,-2.107221328484762
-4.1236910608543855,-2.1154753165530904
-4.123435627995653,-2.1240997706111866
-4.122955838613728,-2.1325379825695228
-4.1224866521841745,-2.1406087888324965
-4.1219540639595404,-2.148607467597361
-4.121367222625877,-2.156534594402167
-4.120968327250373,-2.1644740661250483
-4.120507957319651,-2.172382707565575
-4.119696094517404,-2.1802725037107256
-4.118911149497735,-2.1879589204937933
-4.117806896753838,-2.195367656559952
-4.116448131876184,-2.2029783487537444
-4.115068613075696,-2.2106037732225507
-4.113587066163152,-2.218186164955959
-4.112119869959027,-2.225538458344668
-4.108417076562205,-2.235917860389077
-4.105412472306705,-2.246304995323671
-4.101679805617096,-2.2559911130759533
-4.098038026064292,-2.2653464025961094
-4.094885251059632,-2.2748890150889265
-4.091405658845756,-2.2840991035179448
-4.088320018778698,-2.2928349027528485
-4.085099303594095,-2.3010934313479576
-4.082225100187174,-2.309675820682277
-4.079504477160672,-2.317746760672439
-4.076979640339786,-2.3251566416896643
-4.074722474572289,-2.332818281232981
-4.072558963966316,-2.340126968436073
-4.070979845439564,-2.347001380149974
-4.069017328731097,-2.3534232901193626
-4.067203404717125,-2.36001616520594
-4.06623180477893,-2.365937478605577
-4.0652870422320335,-2.3718193370701144
-4.064067692001564,-2.377622093963814
-4.063662005808995,-2.383242720630713
-4.063045280351952,-2.388604475098358
-4.062552957297652,-2.3940182097471356
-4.062235879013031,-2.3995234439389703
-4.062420116800559,-2.405514785753271
-4.062030792427409,-2.412326084668265
-4.061408101706916,-2.419319646294299
-4.062116285863269,-2.425498680682959
-4.063094339806578,-2.431939782306403
-4.064095444004601,-2.4386208878182227
-4.065337511019557,-2.4457114750819664
-4.066787667260293,-2.4529881708038337
-4.068869390391159,-2.461649574771143
-4.071837078735851,-2.4708096655636265
-4.075490545386178,-2.48071433285089
-4.0787089901457065,-2.490954820975662
-4.082555683325408,-2.5017898395722433
-4.086938673013727,-2.513207052996593
-4.091216375676613,-2.524708848091288
-4.096535335059788,-2.53719530485158
-4.102553878233107,-2.5504398560632815
-4.1085047738558345,-2.563741115422411
-4.114997530145983,-2.577556362751312
-4.121807294926638,-2.5917159506465053
-4.128803387903932,-2.6057405267030567
-4.136027792034982,-2.619983252896915
-4.143719754462581,-2.6347321519119187
-4.151224008018652,-2.6496284956233347
-4.158272100523969,-2.6651472155774183
-4.165295164942052,-2.6806300858254386
-4.171881794420427,-2.6964481076441578
-4.1811662747402965,-2.7094411030017
-4.19003743812634,-2.7220428129230383
-4.198760808591353,-2.7349753241507937
-4.207384514099885,-2.7482237172193797
-4.216027769740576,-2.7614903105252893
-4.224754340545417,-2.774986618361165
-4.23323881532652,-2.7891171534327603
-4.242441511705404,-2.803681885784005
-4.251240329042562,-2.8178771689837094
-4.2598347970761195,-2.8322204863750455
-4.268761555607424,-2.846912061094236
-4.2774630820590565,-2.861399774407692
-4.286221310666187,-2.8758397702752996
-4.2950759633341935,-2.890368821958456
-4.303843281796144,-2.9048335484321544
-4.3127982430942895,-2.9191533248735597
-4.321747899068476,-2.9334682337739126
-4.330338828015404,-2.947456350214188
-4.339410002969884,-2.9610834835729882
-4.348625336052766,-2.974817802563992
-4.355947072118072,-2.9906457486105946
-4.36357393628914,-3.006872658059184
-4.371778440980654,-3.022457714641657
-4.379882920661418,-3.0379470942307005
-4.388519773764289,-3.0525595267602794
-4.398356074997554,-3.0662908694334434
-4.408082579587542,-3.079871848719237
-4.417704228186559,-3.0933679014408395
-4.4286195098253325,-3.1059191940505757
-4.439860522511795,-3.118744413060659
-4.450812379873732,-3.1312952938777494
-4.462424848807923,-3.142145061317252
-4.473825309278328,-3.152792765563374
-4.484758567087662,-3.1629403338235975
-4.4969533345169586,-3.1721781923899846
-4.509214633341611,-3.1814783940495706
-4.5209166722026675,-3.1901784440257597
-4.533543199479211,-3.198217552868744
-4.545306240358488,-3.205429087865578
-4.556871636280695,-3.2123745036919766
-4.569188628848632,-3.2187861307043
-4.580757916874934,-3.22445029808633
-4.591730456390751,-3.229486281385027
-4.603164532768322,-3.234198428201151
-4.614020554689487,-3.2382997648152494
-4.623799989832475,-3.242490723980823
-4.633868619357899,-3.2461832993580706
-4.644766742870747,-3.2489759669749243
-4.655149851678416,-3.251218526180262
-4.665357238352428,-3.25276152586785
-4.6754685770159945,-3.2537843784934086
-4.68518713601661,-3.2543756712941665
-4.69506533358036,-3.2546519395408886
-4.704996647782789,-3.2546643165648725
-4.714551600560386,-3.2543070863776875
-4.724020897452237,-3.2537275522014397
-4.733641350414922,-3.2526054301383014
-4.7427278769631735,-3.2512378100883392
-4.751640315611724,-3.2496798733136463
-4.760876368241672,-3.2478951457177496
-4.770014610530905,-3.2460002658356113
-4.778958136763247,-3.2438975933834464
-4.788421477924003,-3.2414273279383408
-4.797562400403659,-3.238608595574146
-4.806274916074757,-3.23534963358609
-4.815248318045289,-3.2319073150129918
-4.824163079445672,-3.228383559409875
-4.832994061657168,-3.2247486007972324
-4.841871791150599,-3.221082531940569
-4.852267518649776,-3.2143149017922275
-4.864086454641712,-3.204947267737187
-4.875864418453926,-3.1949728761111884
-4.886790702104043,-3.1853783159454414
-4.897652988133258,-3.175672104129546
-4.908377263691142,-3.165829555074425
-4.917977184907111,-3.1567903725260718
-4.927413907476739,-3.1476063477665286
-4.936103845632071,-3.137986057378443
-4.943312753118937,-3.1289253900305942
-4.950072614432511,-3.118994851522825
-4.95654750725574,-3.1087428350348927
-4.962275287271429,-3.099023531682931
-4.96743757152594,-3.0887693337119333
-4.971899524616904,-3.07773673542708
-4.97556319683339,-3.067273172034393
-4.9784577531056735,-3.056086500086659
-4.980796657303394,-3.0442807257369515
-4.985694648156346,-3.028329236083054
-4.990517368307086,-3.0123115253561714
-4.994553320474617,-2.9955017454175827
-4.99802416006775,-2.979098450204901
-5.0015150657320016,-2.962762791465983
-5.004659896327287,-2.946018517725668
-5.0077968874633925,-2.929279793004389
-5.011232369419048,-2.912904058162463
-5.014913998412746,-2.8955311064187024
-5.019052935216472,-2.878133870076318
-5.022375394458113,-2.8606158545586253
-5.025573842272087,-2.8429614377862786
-5.029648450172019,-2.825521240278024
-5.033113509298851,-2.807904979203142
-5.036924958320317,-2.79067884960124
-5.0412109991113025,-2.7733205616035206
-5.045082088117034,-2.75587442668476
-5.048812410011957,-2.7382722445871486
-5.053056182921311,-2.7205916644102204
-5.056693895622622,-2.7030075711803176
-5.060665799544792,-2.6858028556382916
-5.065096336694416,-2.668385145160153
-5.0692490239056625,-2.651532024457466
-5.073590027566398,-2.63489478226576
-5.081169632813231,-2.613940349029114
-5.088307496891192,-2.5933162598363437
-5.095795560298728,-2.5730701006960013
-5.104234135006447,-2.5525983753645245
-5.1118491062562255,-2.5320177590472794
-5.119728624800536,-2.5117096295298444
-5.127948460039932,-2.4911022036257977
-5.135178877987499,-2.4701897469009646
-5.140503571323186,-2.451913700066869
-5.146312265718983,-2.4336814931010866
-5.151565824049636,-2.4153902074368223
-5.156760627680096,-2.3970489801786736
-5.161320308376787,-2.3787639348169294
-5.165896438622553,-2.360452212716734
-5.170636534180099,-2.342323123802699
-5.1748217734975865,-2.3243779585424416
-5.179714038586463,-2.306797592424575
-5.184882504399354,-2.289537626967694
-5.189733106114733,-2.2726077398329476
-5.1945782528167115,-2.2556745526983035
-5.199220153706793,-2.238915448397218
-5.203711828991384,-2.2223806528386376
-5.208385825599158,-2.206061550017407
-5.214884483586928,-2.187099844446875
-5.221262548242445,-2.168040267259785
-5.227919921449636,-2.1494906501837296
-5.230741817030757,-2.1349196048977612
-5.233180090950258,-2.1200075958741285
-5.235719876254811,-2.105654562742534
-5.237682795152278,-2.0909048879436867
-5.239576277210168,-2.076095160551819
-5.241500264168589,-2.062175076849751
-5.242836500739541,-2.048426860873112
-5.243672150289446,-2.03423707224387
-5.243920119952956,-2.020970391089739
-5.2439788372409035,-2.0080112643903867
-5.24391207493617,-1.9949454915339275
-5.243522822960217,-1.98360948748509
-5.241953021550465,-1.9718258710744274
-5.239865258553049,-1.961307307280291
-5.2362221005610605,-1.9507450945022144
-5.23202298617933,-1.9402016599635588
-5.227154143428789,-1.9297417688122933
-5.223675284478717,-1.9177751305208808
-5.219737016926892,-1.9059204432421206
-5.21573247557058,-1.8944735099492418
-5.2110291376563485,-1.8823554456716496
-5.205472430626708,-1.8699801102158011
-5.199701298104052,-1.857426355970972
-5.193607490879772,-1.8445530543123227
-5.183958402781628,-1.8353623173926408
-5.1739696964943205,-1.8264387121918355
-5.163714163625982,-1.8172860914018236
-5.152126411759789,-1.807849315750243
-5.141049393643128,-1.7987727657711796
-5.129372724196335,-1.7891660413560453
-5.116638877970442,-1.7790318808721841
-5.104454960981607,-1.7695556924902616
-5.092064784712523,-1.7598963335427098
-5.078827197690508,-1.7496975886246895
-5.065694162992975,-1.7399309497123348
-5.052461203337231,-1.7300746528313473
-5.038877012017721,-1.7190885331306667
-5.0254763711254595,-1.7083334690670688
-5.011912985561511,-1.697433857847296
-4.9983890679923215,-1.6857491480625488
-4.984626870345172,-1.6741115652403953
-4.9699837422855015,-1.663676850390967
-4.9555539010371445,-1.6532597096597408
-4.940956778330614,-1.6426422964436067
-4.92615516493162,-1.6321711990831818
-4.911532242352935,-1.621506125789535
-4.897047548254252,-1.6110005609014002
-4.8802536591662635,-1.6034142470707786
-4.863867057810935,-1.5961860505251042
-4.847418495803042,-1.5887105009230078
-4.83101155296737,-1.582200613368094
-4.815019513153592,-1.5760553940888478
-4.799225379102728,-1.5697057959703202
-4.7834324803155255,-1.5642101910694082
-4.767866481610696,-1.5589370657448836
-4.751886832933318,-1.5539917787916762
-4.736214799791168,-1.5494007863923966
-4.720689687963599,-1.544936111592896
-4.705175360155685,-1.540470105560925
-4.689897497556692,-1.536274388850938
-4.674562525538071,-1.5320237052199792
-4.659021749165664,-1.5270874397716054
-4.64444795393476,-1.5230549580660193
-4.630310336931945,-1.5177167498217319
-4.617101863354389,-1.5129367261195206
-4.602990291086793,-1.509893962445434
-4.589995748391184,-1.5072481139551368
-4.5750430821882775,-1.5056268146911376
-4.559628750307092,-1.5046226840939372
-4.544512105590617,-1.50343860028461
-4.529216426568827,-1.502094436181404
-4.513769891241066,-1.501813374795638
-4.49863758720605,-1.5018896258695797
-4.483136873851867,-1.5016343692752685
-4.46752522756793,-1.502447217111264
-4.4521030959358345,-1.5035778140217695
-4.436400349120866,-1.5044523882101863
-4.420809007250701,-1.5065863964158064
-4.405350135974282,-1.5090958715224874
-4.390140463163977,-1.511820735266231
-4.375490917276426,-1.5154902032705966
-4.360814873545487,-1.5191064725571404
-4.34600181813515,-1.522590247836797
-4.33174236416415,-1.5268730347770938
-4.317352492494956,-1.5306930005014976
-4.303527149924346,-1.5343916329692135
-4.290008033925139,-1.5384294594501204
-4.273784145179779,-1.5460033177870798
-4.257869865998377,-1.5531536186236856
-4.241662866312939,-1.5599632638854584
-4.225953568368078,-1.5663807043666804
-4.210591883941669,-1.570991194628337
-4.195591656673725,-1.5751488026796099
-4.180496753818384,-1.5791576625244828
-4.1659131965987495,-1.5827630888508522
-4.151020456167155,-1.586000881326423
-4.136213692455657,-1.588257817358604
-4.121974900331176,-1.5904348336254834
-4.1070409142756885,-1.5918764746499234
-4.0926784171314665,-1.5931707450463917
-4.078776027322074,-1.594106537299122
-4.064526990941044,-1.594639981644268
-4.050615934754278,-1.5949613082751275
-4.037055055162669,-1.5948779164869817
-4.02331980520165,-1.5945651383883996
-4.010550671809518,-1.5934805848657092
-3.997752949959725,-1.5923382807876498
-3.984578461125329,-1.5927466740649645
-3.972120673855032,-1.5924681939436194
-3.9593397112044193,-1.5918168681981588
-3.9471492335347778,-1.5917112805308598
-3.935739501450151,-1.5909452726625517
-3.9242152338349126,-1.5899228933150589
-3.9135443881036562,-1.5896879251212772
-3.9037471150617358,-1.5892922680897976
-3.8947473423484604,-1.5876947804787398
-3.8856838231941997,-1.5859932384871973
-3.8776557723148795,-1.585315273896834
-3.8696184563266813,-1.5846400929917146
-3.861623582141283,-1.5840025693026578
-3.8551111182738795,-1.584896568905686
-3.848335711468956,-1.5859985727502843
-3.841348934657595,-1.586847745354126
-3.8354846248427297,-1.5888470411342293
-3.829626728718743,-1.5908395078533355
-3.8233748582530924,-1.5924265643713356
-3.8180491793799622,-1.5949692725717357
-3.8130296472561094,-1.5972654081885687
-3.8078560144860445,-1.5993753662811212
-3.80309779048351,-1.6019201995353172
-3.798324651883329,-1.6044761537838625
-3.7935922924359957,-1.607593805196345
-3.789133557008833,-1.61096815011509
-3.784727964712457,-1.6142997307802915
-3.7809520213311703,-1.6183356204214923
-3.7768279012118864,-1.6226803710856172
-3.77297851166277,-1.627698255586324
-3.7720262595802336,-1.6292155227029728
-3.7705148367361736,-1.6309209800640785
-3.7696941425156503,-1.633466540227145
-3.7687319498857326,-1.636481077127254
-3.767794334131465,-1.6396061711844518
-3.766212020761616,-1.6432480501125097
-3.7652215124841133,-1.647574027584761
-3.7637756579506676,-1.6520225857703905
-3.762575696789461,-1.656969113485523
-3.7616413563076136,-1.663270296744079
-3.7602396897923183,-1.6691375306795349
-3.7590774996897194,-1.675729915086927
-3.7577138468801805,-1.6828798364973143
-3.7563169459252963,-1.689994850532655
-3.755034365056907,-1.697806596402064
-3.753796579311644,-1.706250385657872
-3.7528145830905966,-1.7149248765463398
-3.75202000397279,-1.7239334796784431
-3.7510919367410707,-1.7330678837029174
-3.7486800163493643,-1.7437862546033
-3.7471520534385867,-1.7535176899318885
-3.7455992751747353,-1.7632148866535997
-3.7443283710627093,-1.7726821740998542
-3.7434137026479397,-1.7824738392899742
-3.742386932796541,-1.7921363168345192
-3.741600253627856,-1.801602727914151
-3.7406042953953285,-1.810869297147037
-3.7389173824010453,-1.819372162233513
-3.738106668397482,-1.8271744620863368
-3.737467722679316,-1.83513303216627
-3.736153345211892,-1.8423480159364636
-3.7358562684285923,-1.8487522680988835
-3.7359113322169795,-1.8554826551463701
-3.7347224806813046,-1.8608496780648387
-3.734544377666922,-1.865413332508562
-3.7342266373312993,-1.8698424780396736
-3.733627616470678,-1.8739138312346895
-3.7337008966987746,-1.8774515785176626
-3.7339077498270594,-1.8811127409090644
-3.734113563826313,-1.884689968811696
-3.7343869063388606,-1.8882143570232874
-3.7349152498497618,-1.8920346348176043
-3.7355431612273717,-1.8956207954945576
-3.7361802153856076,-1.8992004799937372
-3.737026451909806,-1.9025000153397749
-3.738191076221092,-1.9060969479840175
-3.7392777820913814,-1.9101657393681275
-3.7402294396822313,-1.914056933040957
-3.7412862325103236,-1.9182894308079137
-3.742356257726806,-1.922208831492006
-3.7434718369247664,-1.9261784693614161
-3.744777301391525,-1.9304239713782474
-3.745857827398824,-1.934393683704409
-3.747234992428354,-1.9386876751230386
-3.7486856474836223,-1.9438814080001106
-3.7496977040765413,-1.9483393423206616
-3.751085651607279,-1.953207773910393
-3.752294940091599,-1.958458641414333
-3.753109592621511,-1.9631407109970385
-3.7543402696949952,-1.9682765690923099
-3.7554785309453815,-1.9739160775825024
-3.7565555047069257,-1.9790808109774551
-3.757836651359844,-1.984467984246858
-3.7591793579837884,-1.9898571354466967
-3.7606816924910422,-1.9951912053084215
-3.7615542846951007,-1.9998821020813167
-3.7628307956340916,-2.0050408743611303
-3.764384856191638,-2.0099805374076087
-3.7660770573837725,-2.0150473822521073
-3.769379854124953,-2.0186717834251353
-3.773342525020081,-2.021631640984051
-3.7775356508139457,-2.024820154278782
-3.781327208443287,-2.028115808723308
-3.7855798729747456,-2.030414673308465
-3.7898531170902965,-2.0327362122397843
-3.7941644113388864,-2.0356284414461174
-3.7985342105459283,-2.038065467484047
-3.803485051254866,-2.0411357712537206
-3.8083827821358844,-2.045052576282069
-3.812944461738102,-2.0486124636373546
-3.817994130456653,-2.0527043816244563
-3.822809901067535,-2.0573331470563936
-3.826956576039398,-2.061746559542914
-3.8312957025342977,-2.066369725334685
-3.8359827362054717,-2.071549299972164
-3.84095009896586,-2.0765557571266697
-3.845248033732235,-2.080880401201689
-3.8487708028413206,-2.0861694991637973
-3.853070023307097,-2.091381665346178
-3.8561317931335406,-2.095325009531185
-3.8599765987644092,-2.0996609890142803
-3.8641424964146114,-2.1030819185839813
-3.867463846712311,-2.105924365103172
-3.87211687887487,-2.1086281757368406
-3.8760395307577578,-2.1105354949477846
-3.8801766716311907,-2.1118926462037386
-3.8846762278476423,-2.112988132797975
-3.8889263758935546,-2.113840250914359
-3.893545855352944,-2.1141330121014263
-3.8989621629825386,-2.115169242191938
-3.9046535157750744,-2.1165035383571977
-3.9111355547079425,-2.1172233402576084
-3.9182858176015696,-2.1185650696715568
-3.9249946523597847,-2.1194213887061624
-3.933782442907312,-2.1186607611359474
-3.943580947277822,-2.118837350696458
-3.9527784452007415,-2.1183483554839646
-3.9628012580668512,-2.1172223559991186
-3.9735607673150595,-2.1167738577267072
-3.984142583061084,-2.1161190106737693
-3.996986362797809,-2.1126918529427945
-4.009851624758235,-2.1097780413969187
-4.024446879453913,-2.1086565523609457
-4.038165924681356,-2.1082231091078314
-4.053760258447785,-2.1095041534620655
-4.070648810014296,-2.111981285726057
-4.086001297401741,-2.1145714620938496
-4.103525053591852,-2.1199435975822007
-4.122269689301978,-2.1264452245619747
-4.141330908882543,-2.1322120618896867
-4.1608846172591525,-2.1397933232776363
-4.182201783271452,-2.1490055782592834
-4.205168736674308,-2.1571622256078586
-4.227389142805815,-2.1660752961330916
-4.250408486460283,-2.1757418345296573
-4.274066880509394,-2.184325288137589
-4.2971155823162865,-2.192793283683819
-4.3198686544230815,-2.2009487655845197
-4.342673277233365,-2.2082660362025535
-4.365271454705832,-2.2153917708848563
-4.387530859438641,-2.222165712874591
-4.410055543333814,-2.2283922814077313
-4.432303965885116,-2.2338372994703817
-4.453859261658357,-2.238886902831696
-4.4746226211283835,-2.24197173389555
-4.494854261519707,-2.245000630346824
-4.514836561184598,-2.247737530681376
-4.536105810712634,-2.2491051796207824
-4.5565697761621955,-2.2505363791210757
-4.576924012101893,-2.2518314903913783
-4.597415976893283,-2.2520132723089192
-4.617439543454056,-2.2529313112841667
-4.6376124572764,-2.254004897825657
-4.656874122584094,-2.2548608690528966
-4.676997319422248,-2.25660478837092
-4.696532677169123,-2.2585344825087836
-4.7157586190363165,-2.2602755425306333
-4.734883746280073,-2.261930216983035
-4.753787947192238,-2.2640869666071044
-4.771621576978598,-2.2659779503325685
-4.789411420660307,-2.2678012870665927
-4.805896034968482,-2.270608257371169
-4.822328786844874,-2.2734476958749155
-4.8384217292078215,-2.2759690950254883
-4.852317424935888,-2.2801368995521067
-4.866489344640666,-2.283030323949138
-4.881313254780469,-2.2866682269617815
-4.895224392926304,-2.2903385260627642
-4.9082429897117335,-2.2943052360696434
-4.920886093120532,-2.2978469207970833
-4.9314029241329,-2.3036702140342378
-4.941962561790169,-2.3094602111380804
-4.950424918990581,-2.3129927246697046
-4.95910668293697,-2.3152532065862967
-4.965774070656277,-2.315880875123077
-4.971135678039212,-2.315261867336843
-4.976893293413345,-2.3136490426729064
-4.980229584619132,-2.3092642560888383
-4.98193472801622,-2.3037420339733017
-4.982452798948813,-2.2981280667505732
-4.981532198572571,-2.290864917272056
-4.978417508617167,-2.281966566912914
-4.973110789290078,-2.2737030049182776
-4.967482909697411,-2.2650712644391318
-4.96112030157485,-2.2558198851289935
-4.953386323158932,-2.247008613691491
-4.945641463947243,-2.238184872303319
-4.9379903470440905,-2.229518017755483
-4.930682678521406,-2.2186200246812002
-4.923247120486346,-2.207576107938202
-4.916175800438816,-2.196578165404364
-4.9083189278268575,-2.1856593629233743
-4.900898441364038,-2.1752414294257982
-4.894361240993318,-2.1654718209567605
-4.887917035552583,-2.157057206499579
-4.881732855086107,-2.1488716094437113
-4.876415781698009,-2.141186015211497
-4.87052420231988,-2.1339846139858647
-4.8648418618142175,-2.1270182619501297
-4.860577806564905,-2.1205336285084013
-4.8557287921676835,-2.114733718560102
-4.851364124651121,-2.108201395739379
-4.847411704877841,-2.102142841218595
-4.843129793147179,-2.096287166960213
-4.8394678800214646,-2.0893958560095682
-4.835664488478378,-2.082343750785261
-4.832240373055243,-2.075535184380116
-4.8298479264064005,-2.068226906640131
-4.827084958595013,-2.060495323214449
-4.824888179393417,-2.052564100163995
-4.82337463819447,-2.0434980445369755
-4.823205424629589,-2.0329279527439477
-4.822359961419864,-2.0215836619085046
-4.821907411241046,-2.0105960414167003
-4.82279016635083,-1.9985973561160477
-4.822621089634303,-1.9870589816546345
-4.822317799420495,-1.9752930017692099
-4.823161710855282,-1.9632977208212818
-4.824232844058631,-1.9502942581720506
-4.825302549162627,-1.9372681688353832
-4.8272320365049985,-1.9240627306683327
-4.828848995914383,-1.909986820556806
-4.830661002950673,-1.8960811883337851
-4.833384189301586,-1.8825807960604042
-4.836176261452408,-1.868475695148655
-4.839203265926469,-1.8546418763069659
-4.842878984283628,-1.8410045931290384
-4.84646906127461,-1.8272585525167822
-4.8503071264460225,-1.8133823954589854
-4.854675611715415,-1.8003451286490888
-4.859415081458397,-1.7877154750376258
-4.864299559341714,-1.7748340098949738
-4.8698776587718395,-1.7624105753748933
-4.87537707354307,-1.7499718293485627
-4.883003088460344,-1.7348183370748362
-4.890906903649224,-1.7199039596132721
-4.8993425733718015,-1.7050309993225152
-4.907385547908873,-1.689739604284649
-4.914629324656876,-1.6769577202199384
-4.922377130390597,-1.664756734581543
-4.9295122775305895,-1.6522889159803587
-4.936858876828667,-1.6401694916267664
-4.944393569434773,-1.62826225097443
-4.951857105741079,-1.6160456673730557
-4.959669102553076,-1.6041760415691395
-4.967590583983233,-1.5922764646421455
-4.974930295998081,-1.5802888695900006
-4.982078978934499,-1.5680754862189914
-4.989369838717168,-1.5553890046387504
-4.996111760857325,-1.5432138026983668
-5.002687136543535,-1.5309036271734955
-5.008603153390494,-1.5190990246180742
-5.014246925806493,-1.5070279871779484
-5.0218288417264585,-1.4918681438458696
-5.028452828609345,-1.4774465543532118
-5.035401016623437,-1.4633970613051228
-5.0420171890702825,-1.4490529240008772
-5.047708823746701,-1.4354232246477845
-5.053777000706902,-1.4221869886202563
-5.059589539917708,-1.4086905465349993
-5.064393952067392,-1.3959747231944284
-5.06845954800057,-1.3843862768652297
-5.072637491553634,-1.372933318387753
-5.076962212835098,-1.361227401569935
-5.080752312405901,-1.3504031453661005
-5.084649478652432,-1.3397088792451841
-5.088310080497619,-1.3287147510482749
-5.091229118967674,-1.318347817951559
-5.09412496487822,-1.3079550707765815
-5.097143488049625,-1.2973516017121016
-5.099533485800112,-1.2871594846382661
-5.102310963285354,-1.2774378574971264
-5.104757006818522,-1.2676583635426562
-5.106857384494605,-1.2579901595136858
-5.10895855677229,-1.248326297587593
-5.110938201866868,-1.2388061020113224
-5.112780302839128,-1.229205045044647
-5.116215257841895,-1.217387290141769
-5.1196438475997725,-1.2055134967030747
-5.122833419173137,-1.1929489542446952
-5.1259399299332955,-1.180319552448398
-5.128857548702918,-1.167980851383478
-5.131488932732341,-1.1554843952314102
-5.1340813328518,-1.142961137960176
-5.134274678831626,-1.1333255671956342
-5.134203391401017,-1.1233426162927953
-5.133619951259393,-1.1134417114935404
-5.132802442160272,-1.1044422436739147
-5.131703150604211,-1.0952576283803206
-5.130064473112841,-1.0855473243617748
-5.128165675260907,-1.076777416212993
-5.126325441997392,-1.067874082613934
-5.123845722210941,-1.0583905458772471
-5.120294625238658,-1.0501115149735951
-5.116661783893082,-1.0417341817396815
-5.112545113490395,-1.0330707527422913
-5.107465072661781,-1.025700422307786
-5.102870916301613,-1.0189244047505217
-5.097170908801831,-1.0117335890274124
-5.090399023436423,-1.005302345863412
-5.083769817113714,-0.9990441510090047
-5.078028931330905,-0.9915877772723718
-5.071806825561414,-0.9837210982230878
-5.06267643894254,-0.9797069204377012
-5.054046818611785,-0.9763311075947984
-5.044775342209667,-0.9724019147522935
-5.035012921860034,-0.9688924949458734
-5.025636789508037,-0.965750661139801
-5.015551805395963,-0.961996412345854
-5.005591964820509,-0.9583888518394749
-4.995970068835113,-0.9552316574448378
-4.986426926486151,-0.9521370416113785
-4.9778020418512785,-0.9487362866426202
-4.969134093352627,-0.9456715534012512
-4.961071883165993,-0.9417714111608155
-4.95354274487273,-0.938514305721706
-4.9470853725068835,-0.9352154899732764
-4.9409536279017,-0.9323194046435419
-4.936290386350596,-0.9302819616057062
-4.931966694323823,-0.9290362125063281
-4.927989406552624,-0.927596877256725
-4.923436531424209,-0.9288746386461887
-4.919330307329085,-0.9304189438737905
-4.9159754463779235,-0.9315248515135174
-4.914032813043105,-0.9339410113301188
-4.912595470183925,-0.9366738762419867
-4.911989231440343,-0.9389365244516253
-4.911251469774539,-0.9446829953337315
-4.9102283338403865,-0.9501498490792724
-4.910774691338466,-0.9549670884479414
-4.912667977808251,-0.9609425401815866
-4.914338347685818,-0.9661433242258235
-4.917347825300409,-0.9706673543090217
-4.921611721526422,-0.9762714889276517
-4.925616704462592,-0.9809219929620462
-4.930702354126069,-0.9853998281633306
-4.936560586946641,-0.9905430477344628
-4.94274051057485,-0.9947470356467303
-4.949486370938398,-0.9989125459468463
-4.957000490893335,-1.0037392018488875
-4.964987931808789,-1.0077490377980862
-4.9727867977247096,-1.0120017154797563
-4.981013950586672,-1.0166222263513909
-4.9903394662374625,-1.0202441406191256
-4.999308404774281,-1.0241574179200947
-5.0083136735287495,-1.0287100475067028
-5.018494017678109,-1.032178816977328
-5.0286426329274345,-1.0356037962266096
-5.038790902253715,-1.0403128440056433
-5.0497400706688165,-1.0440469560070178
-5.060886985469075,-1.0480156721751877
-5.070299343017306,-1.0538623081880407
-5.080061581733388,-1.0600081157999819
-5.091603174418919,-1.0662708443677937
-5.101641197808418,-1.072709619059367
-5.113011545674413,-1.0805510390665987
-5.124805608897885,-1.0879189573454497
-5.135097836780513,-1.095818360055749
-5.14694598958881,-1.1054182215286492
-5.1584955460223805,-1.1147595680806783
-5.168623797166467,-1.1245233732298663
-5.179384078180913,-1.1351035581643336
-5.189421287731371,-1.1462239923879085
-5.198333837598259,-1.1579341087906032
-5.206958898885974,-1.1709660774929465
-5.215401237113891,-1.1837530120504958
-5.222193891497452,-1.1970231112922503
-5.228834948346309,-1.2101085746193516
-5.234492895069662,-1.2229127038231726
-5.2396182500447885,-1.235103470492741
-5.243991680660412,-1.2478774339271566
-5.248966234431059,-1.2579525726640324
-5.253776557727541,-1.2677765897694508
-5.2575647698589005,-1.2783886253982273
-5.260088382636961,-1.2878689365441458
-5.262011613683742,-1.2967042223498977
-5.2627133614873545,-1.3064794427515498
-5.261852707631491,-1.3147965305181093
-5.261281735672493,-1.3234475679411453
-5.2588509668960475,-1.3335286951308796
-5.254988989670139,-1.3423353101960884
-5.251461527603898,-1.3515867682227292
-5.24646689275821,-1.361963636850864
-5.24013327494893,-1.3710236195251206
-5.234081962239416,-1.3805132757154912
-5.226796936727761,-1.3909481496735427
-5.218854088702164,-1.400734528044923
-5.211219510864609,-1.410886960307197
-5.2028716050959085,-1.4215837004006835
-5.193963481350658,-1.4317232531827042
-5.1845133697440495,-1.442215375910018
-5.1752506870296555,-1.4524382549820662
-5.16420368375527,-1.4653442152198957
-5.15303649921787,-1.4784707427860824
-5.141972517576339,-1.4909845029875337
-5.131201538943855,-1.5032692939574557
-5.1203459550570685,-1.5154035862058484
-5.109043809827542,-1.5272970931224228
-5.098390930135031,-1.538459410396701
-5.0878703808136905,-1.5496918952550112
-5.076824078729053,-1.5607125997599698
-5.0664044803972255,-1.570938691090745
-5.056430560415318,-1.5815724857391438
-5.045272748052425,-1.59165564548327
-5.03442227944004,-1.6003592793813062
-5.02287590374433,-1.6082237534423538
-5.011100264321454,-1.6164154119261618
-5.000229300701259,-1.623474648480603
-4.988655202664491,-1.6296920915244253
-4.976946931256588,-1.6365093796982064
-4.966153238765827,-1.6423800494611664
-4.954834436863645,-1.647624058454044
-4.9431788972058746,-1.6531474261505945
-4.93252306701967,-1.658016226089394
-4.919198711391339,-1.6649969367417146
-4.906356993514984,-1.6725608489444292
-4.893514794941894,-1.6801253542211758
-4.880931884800345,-1.687862881855015
-4.86876866595126,-1.6961016706147602
-4.8562568102329,-1.7046003376735825
-4.8444132055138205,-1.712962759017034
-4.832914227583946,-1.7217255488900671
-4.821334925518517,-1.730323176833125
-4.810517825820795,-1.7390230980149228
-4.799890399804262,-1.747942258787423
-4.789548705414249,-1.7570389385893057
-4.7798142611740255,-1.7659157316072047
-4.770053617199988,-1.774761681844511
-4.760627860842299,-1.7832833990477719
-4.75192966129571,-1.791544396245257
-4.7430368761953705,-1.79958129021508
-4.734509083348114,-1.8075561880084774
-4.725991538573441,-1.8149339594952276
-4.718094912487769,-1.8226613866245516
-4.710371738276072,-1.8305186741300208
-4.703043078068978,-1.8379417930848638
-4.6959333997998325,-1.8455506423641599
-4.686663510965875,-1.8561530585953319
-4.677651033828749,-1.8663963983647431
-4.668973174709563,-1.8769880591930945
-4.661032049022663,-1.8875071921138646
-4.653270729639297,-1.8982424996547922
-4.647421758851808,-1.906324403219129
-4.641853661855526,-1.9141918922063175
-4.636432807557556,-1.9222216091151012
-4.630942796898479,-1.9300488717189972
-4.62563737417947,-1.9381087350741566
-4.6204865861906566,-1.9460480943470935
-4.615414888509074,-1.9540626590233583
-4.610517956343232,-1.9621197467757525
-4.606010129306023,-1.9702093522855866
-4.601509929788583,-1.9783093449132108
-4.59673065161324,-1.986428975457558
-4.5924696391765245,-1.994306345404571
-4.589066715887736,-2.0029664081592378
-4.585624807333722,-2.0116330700942577
-4.582748608673106,-2.0203322927240257
-4.580256082118216,-2.0293844675345585
-4.577394422184631,-2.0381450427808447
-4.575059272996504,-2.046681552081164
-4.572957038261216,-2.0554347988656922
-4.569338884668335,-2.0655483154597043
-4.566308813768409,-2.075672962201553
-4.563098508868216,-2.0858270262667866
-4.562142249304907,-2.0932257161197203
-4.56060869586708,-2.099975109907789
-4.559411349357665,-2.106470482418675
-4.5577347411030935,-2.1125316918328614
-4.555667594187305,-2.118155334085127
-4.55419726744695,-2.123326019261822
-4.552715913637745,-2.1284898155129413
-4.550921821160003,-2.1333043099247186
-4.54899032965373,-2.1382252438015326
-4.546569761900187,-2.142685950145777
-4.543998534927036,-2.147118738675805
-4.541429613331411,-2.151635711243399
-4.538482119184567,-2.1561930601922707
-4.535881111622215,-2.1611439502297243
-4.532925680011698,-2.166402752845687
-4.529554826480773,-2.1716777373742224
-4.526740563152518,-2.1775816194172104
-4.52360851945955,-2.183591070165266
-4.519856959132708,-2.1911992486682768
-4.515887082624575,-2.1992593736876307
-4.5121898663124895,-2.2075959646100594
-4.508822942875062,-2.2162902514643354
-4.505133405589355,-2.225231243390941
-4.503575451296186,-2.2310441903477787
-4.502116468332974,-2.2369678967061324
-4.500474138672447,-2.242721220073766
-4.498849738156113,-2.248471793048156
-4.4973042880439404,-2.254310454659343
-4.495738938724463,-2.260221228582183
-4.494202531516807,-2.26630910031353
-4.492756307605247,-2.272497443561667
-4.491583868839724,-2.2787366860919787
-4.4903100163565455,-2.2848627170315154
-4.4891078985935025,-2.29106855989139
-4.4881557819134015,-2.297180085194252
-4.4873862463605425,-2.303601850008025
-4.486357681461855,-2.3097348936111506
-4.4857447488970505,-2.3158519459587996
-4.485369701161495,-2.3218937805737956
-4.484722694910782,-2.327633248895843
-4.484224848932154,-2.3329641607395852
-4.483845920621401,-2.3383644947518865
-4.482970369918521,-2.3440273612877434
-4.4821507250694195,-2.3494431864072003
-4.481483978076385,-2.354892755425885
-4.480539608278708,-2.3600348858012716
-4.479796943803594,-2.364879417204584
-4.480310545918677,-2.3680413372916673
-4.480709917308845,-2.3708365931362962
-4.4809656865615475,-2.373264720900557
-4.481341942634278,-2.3758047039393526
-4.48202830223024,-2.3781509005250583
-4.482747165674059,-2.380225374561394
-4.483394604702789,-2.3822341413598944
-4.484124355426281,-2.3840321832975544
-4.484318434328891,-2.3856755917425017
-4.484239108496108,-2.387066496041554
-4.484410273205605,-2.388448149367071
-4.484478434300219,-2.389563532851129
-4.484640316389392,-2.390780389065441
-4.485168905355148,-2.3917210262776676
-4.485587062859798,-2.392546512257595
-4.4861011855871435,-2.3930759271049786
-4.486567746156043,-2.3936270929184635
-4.486844407358148,-2.3939715465469558
-4.4870707606651346,-2.3945277360885124
-4.487099919441755,-2.3948520135468776
-4.487395136812521,-2.3951137193943035
-4.488608827420708,-2.3941293586965235
-4.489494586487229,-2.392721196614832
-4.4901103707424905,-2.3910424634829033
-4.490279782977825,-2.3892272009582687
-4.490707619458843,-2.3871694419534393
-4.491430762697089,-2.385418910025221
-4.491973791460197,-2.3837806218138637
-4.492522193166358,-2.382148298503332
-4.493128059582215,-2.380580272548138
-4.493301155389393,-2.3789595394113263
-4.493423477809062,-2.3772001021398506
-4.493698211565779,-2.3756317380345418
-4.493814588073733,-2.374097875807843
-4.4938711475121,-2.3727103715204234
-4.494168656892032,-2.3715689493917766
-4.494113148912376,-2.3705985450280367
-4.493624989442985,-2.369554642164304
-4.493093852595508,-2.36851331046501
-4.492644221166476,-2.367567674985555
-4.492091963761969,-2.366964286332638
-4.491757896411571,-2.3659206095914045
-4.491548581719056,-2.365140306785038
-4.49104147258235,-2.3646409593865023
-4.490291976781621,-2.363917636942063
-4.489965770993755,-2.3625246342777997
-4.4895847308160945,-2.3614061298662157
-4.488914949808208,-2.3600208390873827
-4.488673621478944,-2.3586575290955465
-4.487990288646848,-2.3573457551100025
-4.487411888656793,-2.356135893334415
-4.487038083801681,-2.354771476545997
-4.486934258046369,-2.353707329957909
-4.486301165868174,-2.3521543046278475
-4.485911445783523,-2.35041749205556
-4.485319262671644,-2.3484555273635537
-4.484696292111949,-2.346465166561947
-4.4841100490758015,-2.344164551247315
-4.4837128378273965,-2.3420955331496747
-4.483106401643655,-2.339783030497342
-4.482893806080689,-2.3371726976070653
-4.482853281190781,-2.334756384927201
-4.482643899958005,-2.332155737846233
-4.482595098313033,-2.3294335638695247
-4.482943789153561,-2.3263232184643376
-4.483774929186489,-2.3236581373503102
-4.484460908235083,-2.3207562100240495
-4.4858472052373495,-2.317639594286903
-4.487719644940335,-2.314317483142372
-4.489281238762603,-2.310662384983932
-4.491198868149,-2.306737557399149
-4.493559078318348,-2.3032198027304087
-4.496272382957281,-2.299822564295543
-4.499343423497625,-2.2963576657317155
-4.5028965561120495,-2.293010761170022
-4.506336935735847,-2.2895310674485323
-4.509903365619052,-2.2856019599155433
-4.5137116699029525,-2.2816109334398096
-4.517533304417084,-2.2776338608810254
-4.5213752933825635,-2.27352118566763
-4.525334692824578,-2.2691045151181792
-4.529627863591084,-2.264992201345786
-4.533804800817377,-2.2604573185045282
-4.538269072683898,-2.2560276320381636
-4.542624086888932,-2.251494566461625
-4.5468476297522304,-2.246821888438265
-4.551479395251697,-2.2420331480444977
-4.556493106620943,-2.237591410577929
-4.561190664604548,-2.2329640665578028
-4.567071191571615,-2.226731670023642
-4.573168659156917,-2.2207291150254918
-4.578991488249726,-2.2151099640676843
-4.584792771540297,-2.2095067732561207
-4.59106730423611,-2.2044328240696487
-4.597581653711735,-2.1995754311336704
-4.603621930512424,-2.1950774476946453
-4.610116526768458,-2.1910892320764215
-4.617267652969242,-2.187558839671432
-4.624626883111695,-2.1847239996098886
-4.632202693637887,-2.182009914119752
-4.6399142938952265,-2.1794181711870406
-4.647385862979225,-2.1771901384420667
-4.655066851281599,-2.1747787595779746
-4.663341343188545,-2.1729069324589987
-4.671402231343841,-2.171810855481648
-4.67969463646804,-2.1711717541435127
-4.688218522618798,-2.170742784234331
-4.696738915716205,-2.170980552173018
-4.705269782044103,-2.1714004350606806
-4.714162067886038,-2.172208409330811
-4.722796730952665,-2.173775570261195
-4.732680411254294,-2.1736644924738933
-4.742755588934679,-2.173688281917592
-4.752455028373113,-2.1741401235245887
-4.761826710178244,-2.1750554778547344
-4.77084868458504,-2.1756453337542982
-4.779838740949941,-2.1762501823574425
-4.788297552070722,-2.177273416253802
-4.796900395800064,-2.1778499311368704
-4.805804733123541,-2.1787571384166573
-4.814047315635671,-2.1799508733238335
-4.821952677886723,-2.1806478591219283
-4.829847405133537,-2.181335609861922
-4.83748140404338,-2.18220786695692
-4.8450749956483214,-2.1826237589808053
-4.852976275499133,-2.183394438828585
-4.860659230192146,-2.184497793034284
-4.8685130054673,-2.1853481963468373
-4.8764427493877776,-2.1862888372862694
-4.884625902022513,-2.1876011216486395
-4.893245101436884,-2.188795957147209
-4.902026863079484,-2.1902358940735946
-4.910744238711474,-2.191878834094837
-4.919698595367046,-2.19302075599379
-4.928983628723614,-2.1945333638698448
-4.938788962220305,-2.196509150457606
-4.949068475460798,-2.1975667828582384
-4.959730613422063,-2.198098753229713
-4.970887146119481,-2.199026891121895
-4.981466857301435,-2.2020690455594445
-4.992737007372388,-2.2039415450382647
-5.003979446588981,-2.2057851590668025
-5.015826470903409,-2.2080242443478633
-5.028128973703644,-2.208995518911234
-5.040171015385156,-2.209689549344066
-5.053130598861462,-2.210705570039723
-5.066453381255874,-2.2103856496220056
-5.078990315989304,-2.2094116117759337
-5.091254871437378,-2.208077331329352
-5.103653854950303,-2.205988592999553
-5.116081963178737,-2.203921752642884
-5.128188211382171,-2.2014764387552366
-5.1402874746273515,-2.199038678768826
-5.1519854678263135,-2.1962362740291264
-5.163046658720453,-2.192688491422912
-5.174256753820822,-2.1890319140757812
-5.18533293341369,-2.1852498011741557
-5.196169193784326,-2.181181556189539
-5.206892033609525,-2.17719926114476
-5.218674159883337,-2.1715076074407165
-5.230316800593817,-2.1656072414708043
-5.240575662760798,-2.1611704139635255
-5.250718632446069,-2.1568211485357756
-5.2608631807058,-2.1524908937335088
-5.270799335301651,-2.1479668526438767
-5.280342884462337,-2.1437354058379534
-5.290096616706123,-2.1396828452871213
-5.299874426184606,-2.135643325289546
-5.309001354454452,-2.132087970163743
-5.318204458919752,-2.1286362328708646
-5.3272293768127525,-2.125052720580634
-5.335723388670371,-2.1218638607778755
-5.344266640486581,-2.118729014695855
-5.3521532793389195,-2.1156006679243395
-5.35986005254869,-2.1127555888174094
-5.367142630558472,-2.1099048227532737
-5.374162758504138,-2.1068192154845238
-5.381214244021571,-2.1042538771279315
-5.38769217702196,-2.1019312102152727
-5.393453453850585,-2.0989725148773712
-5.399122347574943,-2.096546166677247
-5.404064942811094,-2.0939140650421217
-5.408949236405236,-2.091229970344094
-5.414610926471703,-2.0871641569435395
-5.420439167529907,-2.0832968282572892
-5.425299323476143,-2.079285990540142
-5.429368276600305,-2.0758794464148758
-5.432967413840139,-2.07295929039508
-5.436030578887787,-2.0696706850780062
-5.4383242835941275,-2.0657032532600375
-5.439611540554933,-2.06258130995697
-5.4409784489074156,-2.059441637726357
-5.441751270668021,-2.0557786419893653
-5.441392974626597,-2.052631020615219
-5.441136115040763,-2.049730336750913
-5.440072738176679,-2.0461187933785325
-5.438051068345923,-2.043181330594363
-5.436311839394346,-2.0406613977505144
-5.434634930030753,-2.0381970189123604
-5.432598532023658,-2.036366158487825
-5.430176210847822,-2.0344515343527463
-5.427882908680773,-2.0327206159882416
-5.425275246371484,-2.0310318006667227
-5.422793222902732,-2.0294034343904177
-5.420508169430615,-2.0280081195914677
-5.418259386550042,-2.026708930878143
-5.416052550248051,-2.0254451381528202
-5.413814798865927,-2.024355201679735
-5.411617853926046,-2.0228795648883215
-5.408404225049506,-2.0231164095208753
-5.405215077022077,-2.0230969754216317
-5.402182193318919,-2.023261076468747
-5.399038869290408,-2.0232037232719615
-5.395898966570834,-2.0229812615436855
-5.39272678247868,-2.0226563210662145
-5.390046146687565,-2.022128983980129
-5.387515075045297,-2.0215118090424347
-5.384948921176028,-2.0208610491983174
-5.3825006714133945,-2.019827616645685
-5.380218007513615,-2.0184024822536144
-5.378065891019127,-2.017044810546055
-5.3763703219000245,-2.015418570380985
-5.37468691178341,-2.0137105232753103
-5.373696173571715,-2.012036705282509
-5.372715089300341,-2.0103483738333012
-5.37222458714774,-2.008295482038492
-5.3717993662021835,-2.0062728231877642
-5.371044316052272,-2.003874425731558
-5.370829699835239,-2.0010740986870585
-5.370926498250645,-1.9985328046029098
-5.371001199167648,-1.9958997547408335
-5.371509422285176,-1.9929592735919475
-5.371970184011691,-1.9899743411829947
-5.371150572915854,-1.9885756876941603
-5.36978946670887,-1.9867274064228824
-5.368800412277257,-1.9844841303498293
-5.368108383918397,-1.9825028078228049
-5.367231467214913,-1.9808081270606492
-5.366527908815684,-1.9790440131347156
-5.365910882456481,-1.9774670348841785
-5.365271444220827,-1.975915564068061
-5.3642115748771,-1.9746773014181704
-5.363208538869143,-1.9734858253662393
-5.362246863154813,-1.9726684108551416
-5.361377612237778,-1.971836316246848
-5.3602333565771,-1.9710342934320533
-5.358931835036184,-1.9700456778135156
-5.357632659841935,-1.969055096038656
-5.355882035586049,-1.9676660908879213
-5.354001780673213,-1.9664992580446106
-5.3522084778280306,-1.9652672864187437
-5.350385125208003,-1.9640088269790936
-5.348512146563338,-1.9626915726163157
-5.346484287335435,-1.9614896827536012
-5.344217417725458,-1.9601151503240613
-5.341652613622179,-1.9584096969169127
-5.339151978535645,-1.956656046604638
-5.33662209528435,-1.954690423067463
-5.334269222944858,-1.952934821070798
-5.331586013426622,-1.9512312625879555
-5.3285348737327025,-1.949478747885278
-5.325232113282643,-1.9474278336595827
-5.3221126561360625,-1.9455439809413408
-5.318960051382085,-1.943771710846882
-5.315915421046074,-1.942127507642655
-5.312687774071976,-1.9404584927688784
-5.309351766386539,-1.938918072679555
-5.30568688828945,-1.936987886902664
-5.301996669525316,-1.9353726542383365
-5.297794638743081,-1.9338009565023273
-5.293739437328365,-1.9324031863015718
-5.289253726845596,-1.9312579141609945
-5.284667797953059,-1.9301050942287228
-5.279949138785698,-1.928794891784296
-5.274973245290722,-1.927647450624288
-5.2691774362698025,-1.9271149718319025
-5.2632024211367625,-1.9264513767070426
-5.25719923662644,-1.9257389207240603
-5.250797965084569,-1.9253257258825265
-5.244094080516628,-1.9246020998646778
-5.23681585161245,-1.9239564898083943
-5.229144333019418,-1.9230167490169143
-5.221238495030177,-1.9218713560938627
-5.213178622963562,-1.9209951867654933
-5.20513747985978,-1.9199476754635807
-5.196848173104019,-1.9186973850644424
-5.188001335893831,-1.9177445990953617
-5.179021694345063,-1.9161306010429047
-5.169919578625502,-1.9144069997143707
-5.160523357430745,-1.9129447576050607
-5.1511296989795525,-1.911434294552004
-5.141683991915661,-1.909287399761936
-5.131985522813652,-1.9073540777537468
-5.122357063137344,-1.9051789680820397
-5.1125795450077645,-1.902862232986399
-5.102886517503745,-1.900955494708151
-5.093534527871032,-1.8994473284963547
-5.0837231547818025,-1.8986000922406174
-5.073916102054003,-1.897755486384703
-5.064127799189931,-1.8970702352244546
-5.054689688823269,-1.8966602082824866
-5.045027247705855,-1.8960487741985907
-5.034938248498877,-1.8960550272160457
-5.025501796189521,-1.896584909597797
-5.016365259773296,-1.8973787802194533
-5.007302412621637,-1.8985566402987788
-4.998590353700471,-1.9002631642922054
-4.989848987527121,-1.9019396423681685
-4.981095178060646,-1.9036438128866715
-4.972707839730547,-1.9053711426852293
-4.964627433379684,-1.9073685672908667
-4.95699362000914,-1.909581767941161
-4.949639850288257,-1.9121101790549326
-4.942364419840923,-1.9147045148328972
-4.935691311009791,-1.9176194402658937
-4.929694751149979,-1.9206277746036986
-4.924226882775824,-1.9242535808748673
-4.920874503930055,-1.9284095181132168
-4.916270084682701,-1.9344028376529896
-4.911593799329145,-1.9402560721024191
-4.908645465012414,-1.9454558115899254
-4.905413183976484,-1.949596671631101
-4.903647365939872,-1.9527074756866112
-4.902447401044724,-1.9563527239059921
-4.9010630135387405,-1.959346000417843
-4.900982225434603,-1.9613509737007186
-4.901484139893219,-1.9638789089094297
-4.9019330504970595,-1.9663460497628533
-4.903105462832335,-1.9682655673233997
-4.904896656991305,-1.9707921413854426
-4.907059453187813,-1.9730726101895504
-4.909753748146969,-1.9755301841210207
-4.91313623273985,-1.9786048861815952
-4.917059243039958,-1.9818359778606005
-4.921042805085698,-1.9851827888158113
-4.925447312244509,-1.9889069703380413
-4.930527917607735,-1.9924979393467486
-4.936093126317029,-1.9961996145857437
-4.942119407556953,-2.0003141279286365
-4.948949922206102,-2.004625306289005
-4.955890706457775,-2.0087927385246536
-4.963183849278066,-2.0134124192332767
-4.971188189531042,-2.0182331359593038
-4.979598470857012,-2.0235221932035814
-4.988430251117623,-2.028700085081004
-4.998046063036127,-2.033970169949457
-5.007915488711023,-2.0395311775226284
-5.018678263719497,-2.0441105673046027
-5.030089778012745,-2.0492682671198432
-5.041711362373473,-2.054154467154541
-5.05353765686966,-2.058359260661764
-5.065659298386368,-2.0628241525258764
-5.078325111978931,-2.0667987817004594
-5.090629557684544,-2.0700450414497142
-5.10303103105655,-2.073371894157394
-5.115586846705482,-2.076567205152631
-5.1275036734303585,-2.0794640635351795
-5.139372025842847,-2.0823204680331306
-5.151149941227645,-2.0852542237551854
-5.1627812083414275,-2.0880078130463056
-5.1740281887492445,-2.090412015203761
-5.184761329160842,-2.0932084898342342
-5.195103177524616,-2.0955398135860595
-5.205137193980009,-2.0975909570127382
-5.216019592137875,-2.0976479891035216
-5.226060879379177,-2.097724433690402
-5.23550573494798,-2.0970947676970884
-5.242658630641085,-2.0958840068767444
-5.251021224311673,-2.0928220396971247
-5.2592310298649805,-2.0895760616487684
-5.265482006282405,-2.0868151546353717
-5.272178578562012,-2.0849895115169503
-5.27720935427409,-2.083996125985068
-5.281291811168879,-2.0821594013257543
-5.28539485914166,-2.080989295873887
-5.28840502003482,-2.0799682176579872
-5.290639488965168,-2.078258232042001
-5.292609491899356,-2.0769977551375125
-5.294003187334775,-2.075839094051356
-5.294881500790726,-2.0742231002162286
-5.295527175824262,-2.0727465499811206
-5.295575131562363,-2.071017372889578
-5.29466495514198,-2.0684377588028457
-5.293085769065447,-2.0657973752206527
-5.291185965024781,-2.062732354490219
-5.28905905121459,-2.059465997766498
-5.286562499686001,-2.0561030347988356
-5.283686719920217,-2.052754916521563
-5.281074273542805,-2.048168641566643
-5.277222070396006,-2.043089343089007
-5.273047743456984,-2.0379074275643005
-5.268502445267735,-2.032965818560258
-5.263351900250052,-2.027515751202924
-5.257539649641496,-2.0219061634
-5.251486194884607,-2.0165655822618636
-5.244550578596509,-2.011208102828045
-5.237271700254103,-2.005496565644755
-5.229469895749407,-2.0001816081757333
-5.221418971469263,-1.9946612356436249
-5.213360875131816,-1.98952224946429
-5.204718371132695,-1.9846521084851994
-5.196331113908071,-1.9798400841667454
-5.188030501453789,-1.97511707080177
-5.17966858444438,-1.9706219909881564
-5.1714978590507705,-1.9659511804528087
-5.163465737896155,-1.9614057904676092
-5.1557159877541,-1.956629486155173
-5.148259908163431,-1.9521280421733564
-5.141249561737038,-1.9472970896772863
-5.134269531012214,-1.9424926879183244
-5.127601725808465,-1.9379722502804546
-5.121605450265892,-1.9329509004518879
-5.116295227191259,-1.928575168609092
-5.111478580066079,-1.9247250965841867
-5.105514396301204,-1.9225645293227447
-5.100144432069321,-1.9205338984993698
-5.094894127690722,-1.9186423480738177
-5.090550313661202,-1.9168571852482008
-5.08684611221796,-1.9152471907089017
-5.083664193404853,-1.9142488353319551
-5.080953527236032,-1.9132234896004485
-5.078766951908203,-1.9123143982804358
-5.076571698889175,-1.9113948407962649
-5.075195634560288,-1.9106210190641786
-5.073940367256866,-1.9094131056232193
-5.072850572377936,-1.9083990510187667
-5.072313323184716,-1.9076987787590989
-5.072016626153634,-1.9065721517858247
-5.0715491886855,-1.90524550739833
-5.071244561850532,-1.9041972800451028
-5.070351150173987,-1.9040922624010277
-5.069303945489027,-1.9039535124400417
-5.068456928508209,-1.9039101779255208
-5.067941753539707,-1.9036159506319816
-5.06760212260051,-1.903527422453111
-5.067012150010525,-1.9032162887168496
-5.0663528979447365,-1.9029575074981573
-5.065681149057795,-1.9026840996279768
-5.064090334131987,-1.9030569330443687
-5.063082288367599,-1.9036074828959055
-5.062499887679219,-1.9046567889205024
-5.062023622556593,-1.9050994135259602
-5.06134496293983,-1.9059164457885123
-5.061056508981528,-1.9065780376019403
-5.060744861049997,-1.907226818994554
-5.060781305908391,-1.9076124755946848
-5.0610469194551495,-1.908217248844712
-5.061226401541276,-1.9085232079429246
-5.06124259331996,-1.9086509707655626
-5.061463510115247,-1.908630111515966
-5.061800186387273,-1.9087122039669706
-5.061948774319277,-1.9088078705096452
-5.062515095671687,-1.9094022035797593
-5.063195996070651,-1.91007278326195
-5.063658462331177,-1.9109085920276818
-5.063777063252929,-1.9119479663337158
-5.064190263633036,-1.9134331417010513
-5.064757950720939,-1.9150312119952795
-5.064895262151293,-1.9169546802878745
-5.065343080902581,-1.9192487985713942
-5.066418873653412,-1.9218010248923725
-5.067504817633863,-1.9249529683627082
-5.068198997971883,-1.9274875655223982
-5.068800864752627,-1.9298539694264158
-5.069284711521565,-1.9323839426709273
-5.069890387665613,-1.9342457908248685
-5.070826137610242,-1.9363826891543714
-5.071329705125327,-1.9388319720364555
-5.071864988799472,-1.9406000530664846
-5.072716380971795,-1.9426245546095982
-5.073064578151692,-1.944582292896598
-5.0734994471881585,-1.9459627639707202
-5.074424043629255,-1.9478415393747817
-5.07484139943724,-1.9498094914639472
-5.075984462771993,-1.9515739882893344
-5.076852631907412,-1.9530170400860078
-5.078014466280208,-1.9548996854056955
-5.079390439351908,-1.9568665960582317
-5.081386580746116,-1.95837762493648
-5.083551503857193,-1.959905055246595
-5.0865285763302115,-1.9603168643996072
-5.08979535749017,-1.9609222021690618
-5.093407057248049,-1.9619162346476235
-5.0967887636926,-1.963083844283922
-5.100226355876278,-1.964316636018315
-5.104054830745554,-1.965897288082357
-5.107843818692382,-1.9675081211962575
-5.111854834685078,-1.9693786427518882
-5.116007381378261,-1.9713750125446539
-5.120044815727682,-1.9734998415742675
-5.1238551012660505,-1.975353441603927
-5.128153645547658,-1.9776882584543547
-5.132203547828038,-1.9802105455614423
-5.135774411157722,-1.9822860752832476
-5.139385284825077,-1.9844175155688457
-5.142611064198537,-1.9868384787174067
-5.1453565997001,-1.988750032751449
-5.14843746470988,-1.9909917697538344
-5.150978520384193,-1.9936389473323544
-5.153103756231508,-1.9958788014774906
-5.155469874322559,-1.9972841481189278
-5.157452908526868,-1.9989768568086874
-5.158585479489032,-1.9997857449059258
-5.159550720861433,-2.000456941584474
-5.159913229987726,-2.0015802017793547
-5.160473007262512,-2.002368521146791
-5.160643492954492,-2.0027005003096416
-5.160132849073075,-2.0031443359143584
-5.159388884430032,-2.003190815949901
-5.158415337947149,-2.0029680962226943
-5.156299649779654,-2.0028195122574637
-5.153787186691681,-2.002228963563118
-5.151276132585919,-2.0019548495440938
-5.1481334635013605,-2.001801530592487
-5.1450641775982975,-2.001733344881978
-5.141454964525085,-2.0019608870600565
-5.137273068377535,-2.0019648783352366
-5.13344429286241,-2.0023806350015687
-5.129074973718456,-2.003023020218462
-5.124157214006872,-2.0034106552689144
-5.119594313715478,-2.004210647247062
-5.114853844002323,-2.0055041034686814
-5.110130454261012,-2.006346633968632
-5.105712948536684,-2.007543508243974
-5.099667911125218,-2.0106715112055764
-5.094162118736655,-2.014402269125909
-5.088482759642847,-2.017604615820879
-5.082669690230397,-2.0207702810235246
-5.076902474202307,-2.025074993104486
-5.071347039112559,-2.029077874861514
-5.066026221339557,-2.0333698126566313
-5.061320308471266,-2.0382695545307055
-5.0568143017256535,-2.042933624615937
-5.052889312368117,-2.0477543115398875
-5.048971397505021,-2.0527903913813974
-5.045502050415045,-2.0582241654130624
-5.042993458543135,-2.064231750215034
-5.040529857990763,-2.0700723655069284
-5.039040636114122,-2.0767824641571138
-5.038506380377447,-2.08389754111947
-5.038267000432568,-2.090759657076369
-5.038396187342318,-2.0979058442873946
-5.039156907548989,-2.1046390275830062
-5.041150060334908,-2.111109846665198
-5.043511686484815,-2.1178914363148515
-5.046226611335525,-2.1241368131523704
-5.049382966944116,-2.1303592436148158
-5.052489714655013,-2.136507451097865
-5.055865810383927,-2.1419683867712367
-5.058398288490068,-2.149244653341881
-5.060689179608738,-2.15733798678543
-5.063264963529111,-2.165049925306222
-5.066334392263098,-2.173231374263632
-5.069268864090392,-2.1814400963103338
-5.072789824048646,-2.189133897677001
-5.076227899847733,-2.1969351939741104
-5.0797002125332495,-2.204776971412828
-5.083439723835161,-2.2121466665849114
-5.087624753598258,-2.2197562107233733
-5.091524636869637,-2.2270370185824118
-5.095966024360587,-2.2340140299873914
-5.100284029107955,-2.2412218901203045
-5.104453373320999,-2.248258766795539
-5.10885037443892,-2.2548215501425037
-5.112989224168336,-2.2613693183274055
-5.1173002412440916,-2.2680996063555434
-5.12154148831042,-2.2744817911489434
-5.1250767710823855,-2.2807393563662295
-5.128850091057425,-2.2872448170977466
-5.132652606274658,-2.2935426494054383
-5.136024050726702,-2.299933769028989
-5.139392863535427,-2.306378035731495
-5.142312753136681,-2.313269192556581
-5.144850796920103,-2.3197794078557634
-5.148435589969235,-2.324777037080717
-5.151951874688632,-2.3297163320748506
-5.15534863537138,-2.3349176414646564
-5.158975488037939,-2.3403312743697873
-5.162283450995117,-2.3454577072702425
-5.16519733901871,-2.3506920720728597
-5.168024658519867,-2.3555340061904806
-5.170536688894345,-2.3600919431969527
-5.172874661302317,-2.364923648906986
-5.17489534593829,-2.3694064233328356
-5.177187063602529,-2.373951922954551
-5.178819293335585,-2.3778572860928446
-5.179971677362486,-2.380841634779426
-5.180754975842327,-2.3836791268578303
-5.180529553279123,-2.3855665133247674
-5.179821571071093,-2.386662028097411
-5.178703677440607,-2.3879043121028634
-5.176765031985025,-2.388336130682757
-5.174926530133115,-2.388631767914761
-5.171584739100133,-2.388851994208206
-5.167936409922465,-2.3885672799581505
-5.164230971245041,-2.3887248136486443
-5.159932028820746,-2.3886846517363405
-5.15526459538997,-2.3883123346616957
-5.150844669994081,-2.3882376399342964
-5.147027454868607,-2.385974846189861
-5.142845587040832,-2.383395946135817
-5.138857311555516,-2.380844902364055
-5.1344594609170775,-2.37782293875753
-5.129561713848716,-2.3741905346532945
-5.124484920751902,-2.3707660292257637
-5.119142371734357,-2.366826867041899
-5.113354518296574,-2.362683865304178
-5.107626609096637,-2.358568479025917
-5.1015615359964235,-2.3547017926823233
-5.095179857997326,-2.3505937910589387
-5.088527263777945,-2.3461888150954104
-5.0819627122547715,-2.3417185839760863
-5.074934321760747,-2.3368254277153553
-5.0679972122683745,-2.3319910353265927
-5.061099482961512,-2.3271273635682794
-5.053665084363126,-2.321752880768858
-5.0462956524157905,-2.3163930303283142
-5.039159691152949,-2.310850266468716
-5.03134864739369,-2.304665739556843
-5.023414059456532,-2.298311464293534
-5.016040241011432,-2.291539477007225
-5.008308495323298,-2.2843911434682287
-5.000603993507353,-2.2768430144698457
-4.993283837934598,-2.2693885460743433
-4.9858204410246385,-2.2616989232004707
-4.978167445246457,-2.2537919177115175
-4.970702322298827,-2.2455699795919655
-4.963240453911881,-2.237365215256743
-4.955853755318061,-2.229247162231756
-4.948880737069271,-2.2210043395483714
-4.941987185530581,-2.213087618602721
-4.934729618103237,-2.2047700698423953
-4.927795247744469,-2.1960600152230847
-4.920600288722274,-2.1870411191237116
-4.91376749037747,-2.1774842164080983
-4.906691801846974,-2.167648128006886
-4.899660809839974,-2.158171717612085
-4.893174633979698,-2.1487016644432524
-4.886610875362991,-2.1391418320037183
-4.879898760662922,-2.1296522561228124
-4.8737482660522415,-2.119597485216648
-4.868267679991193,-2.1095778198776665
-4.862401418705219,-2.0993663227134003
-4.857307134483769,-2.089942658485237
-4.852179645730323,-2.080539788253041
-4.8472062463335694,-2.0708035504596407
-4.842740041002104,-2.061607977854541
-4.838664582638325,-2.0526132630856324
-4.8346186674563345,-2.0436391509607605
-4.830931233672568,-2.0351190075146963
-4.827599867801421,-2.026913267944272
-4.824087712756973,-2.018668424249033
-4.821054836275771,-2.010933581821182
-4.818461640740996,-2.0038455031457545
-4.816240443515405,-1.996806620552015
-4.814332929003447,-1.9901452268281756
-4.812790428759804,-1.9837827506353012
-4.811402436894928,-1.9775970748370857
-4.810171615780827,-1.9711591782628288
-4.809067833753345,-1.965447535436454
-4.808512311451526,-1.9603665779167812
-4.807960190532694,-1.9550891579879883
-4.807687352532204,-1.9507191044763847
-4.808499066369774,-1.9451211469524095
-4.809210819247443,-1.9392512002081672
-4.810093746736033,-1.9346280518871457
-4.811266715635707,-1.9303125936693306
-4.812737498079293,-1.9261006778898426
-4.814490795782325,-1.9225782757396837
-4.816321147159343,-1.9191874787137813
-4.817857646361117,-1.916319554080234
-4.819651164053214,-1.913708853902013
-4.821412794465056,-1.9113983071376124
-4.822935775177591,-1.9091072737514885
-4.8244182237111755,-1.9069154096200354
-4.826074522257147,-1.904925027354059
-4.826919804391056,-1.903034180367936
-4.827361591041091,-1.90071975599892
-4.827795780981713,-1.8982596177908342
-4.827962857328564,-1.8960850402017666
-4.827847524461512,-1.893645299335164
-4.8279310272440785,-1.8916240450027781
-4.8274402699337395,-1.8897561378875947
-4.827483441133997,-1.8878340033081318
-4.826738282700191,-1.8860034578692961
-4.826495496562798,-1.8846133424479175
-4.82616096374116,-1.883141447022425
-4.825411251023728,-1.8817514152029537
-4.825006950770879,-1.8805595451887038
-4.824687934638498,-1.8794444252822804
-4.8236464747726435,-1.8786799258279243
-4.822260096338848,-1.8781792421776826
-4.821071481594457,-1.8779213839405289
-4.819664174548463,-1.877436958422787
-4.818143318263633,-1.8770398111642144
-4.816801309462933,-1.876814695543023
-4.815299571482281,-1.876447330219406
-4.813333036714138,-1.87643552362408
-4.811102732995419,-1.8761801849464694
-4.809137954089215,-1.876185970744184
-4.807058738087323,-1.8762798164449779
-4.805199248603113,-1.8765933781492754
-4.8034677966469275,-1.8770956816837046
-4.801731590942259,-1.8776020106823275
-4.800034060115582,-1.8780967996498918
-4.79849211707789,-1.8787522804660153
-4.797081991084824,-1.8793072804116169
-4.795534209587045,-1.8799390552416537
-4.794161361346725,-1.880726889738551
-4.793491472509273,-1.8816216998859103
-4.792612540047518,-1.882042837886304
-4.791980518639505,-1.8827189536715734
-4.791945970129247,-1.883277077606435
-4.790983999415111,-1.885124162756514
-4.79061645521667,-1.8876037342496117
-4.790770724413436,-1.8894647433424738
-4.790973712027152,-1.8911142024947887
-4.791318939639052,-1.8929277606447696
-4.792542726912086,-1.8950971468357698
-4.793859365061012,-1.8974683397906624
-4.795716301474405,-1.9000827869464545
-4.798072242942733,-1.903119132623184
-4.800686429409398,-1.9059582334535143
-4.8039530881607515,-1.909550822241763
-4.8078403355680575,-1.913566352545228
-4.811762639816226,-1.9175636336608899
-4.816547072508429,-1.9220875419864802
-4.822121960183008,-1.9273822623150083
-4.828015492215884,-1.932434053156021
-4.83402869023126,-1.9376366589105987
-4.840217601308459,-1.9430091960546747
-4.8468847124867755,-1.9480178630049287
-4.853243371289295,-1.9538343388012382
-4.859144762696617,-1.9597831617618042
-4.865491591223795,-1.966199933990918
-4.8718432515242265,-1.9726141782196394
-4.878157721126343,-1.9790235190680887
-4.884644952579493,-1.9856193976263012
-4.8909433008482495,-1.9923591693345466
-4.897251779529114,-1.999126926413316
-4.903716299687312,-2.006098985597035
-4.909584527907769,-2.0135221564616863
-4.915993019007477,-2.02155566491467
-4.92269303394398,-2.029880390052628
-4.928999039726894,-2.038501496608285
-4.935579691418728,-2.047473745023612
-4.94231263225258,-2.0565811096346738
-4.949589745090288,-2.0662802931266673
-4.957612580456781,-2.076649060493284
-4.965860729386672,-2.087578452720246
-4.97457744596562,-2.0988345555331986
-4.983402077225069,-2.1103538817666685
-4.991764881721562,-2.122967091920029
-5.000449215832941,-2.1357675076966194
-5.009210071006563,-2.1487101908399127
-5.017869228141526,-2.161565568651484
-5.026940380503781,-2.1748439116987823
-5.036511678326549,-2.1884628763082943
-5.04596094008771,-2.202009561768709
-5.055274942038646,-2.2153496897349436
-5.064437580144534,-2.2287452043491784
-5.073910713611891,-2.2416612178149236
-5.083372363748911,-2.254566282267889
-5.092690633380268,-2.267404892864575
-5.101931672842581,-2.279579614667572
-5.111009035551633,-2.2916065210649177
-5.119722789207917,-2.3035075103394127
-5.1283227947333065,-2.3149178148593474
-5.136349055875914,-2.325810601522972
-5.144368028026141,-2.3365584717849286
-5.151835448293253,-2.3467928192291345
-5.158821092497342,-2.3565924948902257
-5.165660305500936,-2.366384306463264
-5.17164077555136,-2.375757666287453
-5.177139920673223,-2.384696593156704
-5.182518404675623,-2.3935549319353933
-5.186850731797407,-2.4030166443510756
-5.190520054952676,-2.4120509194631055
-5.193803018098661,-2.4213822746705653
-5.196919952692174,-2.4305226229066976
-5.1995936432601955,-2.439775700864341
-5.20158676038066,-2.4490443683928045
-5.203803119854518,-2.4573632964335013
-5.206087227039926,-2.4659926590893466
-5.207866014481142,-2.474164208750213
-5.209507265945663,-2.4823241290266487
-5.21090355393114,-2.4904590224765313
-5.212127313480126,-2.498436833855394
-5.21316167440516,-2.5060360257692618
-5.214064063030756,-2.513596324629901
-5.214906604429548,-2.5210647162538393
-5.216016589748971,-2.527856089211475
-5.21662182678609,-2.5341206080811634
-5.216714681556653,-2.5398405166203384
-5.217175163304178,-2.545232860363071
-5.217141080852514,-2.550235872244919
-5.2167230160890785,-2.554837373914703
-5.215924682590817,-2.5583838574054907
-5.214621749848252,-2.561463244172143
-5.212762406977201,-2.5636089054950317
-5.209789127973327,-2.5664353150738792
-5.206294793469583,-2.568623579125298
-5.202554285952801,-2.5696903105718802
-5.19854129566025,-2.5703277921327006
-5.194091674141672,-2.5705020626826234
-5.189262902364277,-2.5709520853063292
-5.1841565000930405,-2.5711911659949975
-5.178204111750786,-2.570567496415429
-5.171649209850079,-2.5703825981273924
-5.165037060160181,-2.5701794572516494
-5.158319347886311,-2.569887625296601
-5.150582100568122,-2.570339914521774
-5.142877172015786,-2.5709273717874295
-5.135153978918975,-2.5715185607649196
-5.126666386387895,-2.572668762856865
-5.11837178602069,-2.5740614068281773
-5.110329018600597,-2.575729514647568
-5.101754925862427,-2.577786932461659
-5.093654696855513,-2.580392107034245
-5.0859574156988625,-2.583380142725844
-5.078411876602545,-2.5862577592106617
-5.070989380108125,-2.589303344227143
-5.063708445468741,-2.5924891821562066
-5.056762605971831,-2.5954302874318027
-5.050304303154979,-2.59889916081532
-5.042991445393756,-2.603807864285345
-5.036730506006483,-2.6074621002591396
-5.031383722292066,-2.611850034298675
-5.026150212616668,-2.616142240534954
-5.021698560685526,-2.6212293516034366
-5.017828507880784,-2.6258903203758726
-5.015472086937715,-2.6320580818769006
-5.014309959861127,-2.638891906923038
-5.014212159736366,-2.6464973042607616
-5.015212690872203,-2.655272595301145
-5.016741599446539,-2.663770290478064
-5.019199779569034,-2.6728956466919715
-5.022362272709972,-2.6827884369760273
-5.026673453779141,-2.6923549383452845
-5.032383489775928,-2.7031065886490824
-5.03901112330916,-2.7148910298746474
-5.04680991734038,-2.7263008209471957
-5.055788371240847,-2.738748643390377
-5.065624133286547,-2.7521613400979743
-5.076614831692025,-2.764793235733227
-5.0870502841846,-2.778282884784238
-5.098919562623147,-2.793137471893194
-5.111524406236277,-2.808774521212188
-5.12514970516538,-2.8236763210306473
-5.140266478721302,-2.8400011585135694
-5.1563241850765325,-2.8554326355022366
-5.173656455339797,-2.87040753288067
-5.192085780137162,-2.8857062868891044
-5.2103780258140695,-2.9008491887873604
-5.229959919052863,-2.9153176989763194
-5.250517609879028,-2.930037098555202
-5.270454459778477,-2.944052698438671
-5.29149136128227,-2.9580168901465838
-5.313131949104896,-2.9715090522282464
-5.334185932962526,-2.984331864536121
-5.355659197670038,-2.997093817804581
-5.377449062938679,-3.009196514112099
-5.398694911950706,-3.0206744022029004
-5.4197575039810895,-3.0324808969071966
-5.440948997844392,-3.043641700900775
-5.461713130793623,-3.054307825310621
-5.482133876204921,-3.065167488950272
-5.502604872617537,-3.0755336329900715
-5.522283918463465,-3.085533761037999
-5.541976054677143,-3.0947607820795144
-5.561626059015152,-3.1040898887791197
-5.5809984462432976,-3.1131014943064175
-5.6001893187396865,-3.1221287546017287
-5.619422801755498,-3.131254694137592
-5.637993269108192,-3.1396831362264583
-5.657557037487948,-3.1467022558605784
-5.676728261599318,-3.153906960076986
-5.694875324349264,-3.1600971178877457
-5.712731485509664,-3.166502294913024
-5.72966473961731,-3.171939077409544
-5.746157386531905,-3.177415407638415
-5.76143491512774,-3.181649003351071
-5.775606444315938,-3.1853038275798196
-5.78837963729877,-3.1876778259894056
-5.800119609853634,-3.1893875947466275
-5.811049993253049,-3.191057473272985
-5.8208271827147335,-3.1916718240423956
-5.829694056356296,-3.191879165823407
-5.837619980662755,-3.192671685009998
-5.843562023095165,-3.191655783648186
-5.8483240059216115,-3.1900954238875867
-5.851879931970538,-3.188834618225373
-5.854778680711023,-3.1856603349039614
-5.856260860779354,-3.181749144612624
-5.85641698975951,-3.178460439600209
-5.856493914844455,-3.173958470541943
-5.854910699298062,-3.167849337552938
-5.852558036594854,-3.161350011774856
-5.848538500924316,-3.155044019776996
-5.842861528641792,-3.1471429167616707
-5.836922711799364,-3.1391063940991812
-5.8296493035737855,-3.131509739141201
-5.821248260378306,-3.122784536443468
-5.81265332979939,-3.1146420156888284
-5.802330594942511,-3.106815162802723
-5.791276360300731,-3.098289074262467
-5.780359958754439,-3.090506575526641
-5.768261627008658,-3.082675570876497
-5.7559460665492,-3.0750622886236654
-5.743787567705617,-3.0676270183010237
-5.73102742115936,-3.0600894046766074
-5.718221445254638,-3.053050853208207
-5.705475022390092,-3.0460770924060356
-5.692581890389991,-3.038460355855331
-5.6806110271188945,-3.0303474486781674
-5.668488067336842,-3.0226312058195846
-5.656547271743376,-3.0145251778498348
-5.644667974835943,-3.0064390806300785
-5.632748420992448,-2.9986555383934497
-5.619904737904116,-2.9908062109683335
-5.606925230825072,-2.982838849859414
-5.593806242765063,-2.9747425572303796
-5.5806943301004015,-2.966434011992609
-5.567572056603003,-2.9580295479811545
-5.554740707162085,-2.94988815180719
-5.541419596533053,-2.941288090788563
-5.528584154344742,-2.9324559837721953
-5.515856984409025,-2.92372129629286
-5.502850265796179,-2.914334844929893
-5.490296825912192,-2.904918766468144
-5.478005852689515,-2.895741081611417
-5.465354824444885,-2.8861496207918638
-5.452906611181694,-2.8767494086100185
-5.440563652240424,-2.8674445123042904
-5.428070090253181,-2.8574416792268917
-5.415972740579057,-2.847783641832887
-5.404530672881739,-2.837956033948949
-5.393213346305551,-2.827683088590118
-5.381663893192007,-2.8171444684640345
-5.370508114898719,-2.8072714887499224
-5.359513891794677,-2.7968402250750524
-5.348294452584677,-2.7861515379540953
-5.336651572357381,-2.7761741122325514
-5.325481583222791,-2.7659570210428552
-5.314042388528639,-2.7554326734073036
-5.303355070568197,-2.7451120222588656
-5.292309881787948,-2.734423908472753
-5.281609016666923,-2.7234868714685083
-5.271280866572208,-2.7128410755889396
-5.260716955654342,-2.702066700042885
-5.249871410917488,-2.6914957317928003
-5.239186965852701,-2.6810407465951593
-5.228405637942791,-2.6705980878723645
-5.217428457338639,-2.6602983993901694
-5.207112933532033,-2.6506294078263286
-5.196416276139722,-2.6406465057643684
-5.185497195767267,-2.63082698843168
-5.1753614596932564,-2.6218276935341165
-5.164996466060768,-2.6122060470849773
-5.154368721923961,-2.6033587613143854
-5.1440440319649605,-2.5948343813897776
-5.13425759361674,-2.5863083376217006
-5.1244366005042465,-2.577763320004448
-5.114854456223782,-2.569795760358928
-5.104926437710027,-2.562890969393661
-5.095043687594208,-2.5555298612379813
-5.085156973502683,-2.5484550626993574
-5.075441801839922,-2.541516157053208
-5.066306757550368,-2.533837075093402
-5.0576871763633875,-2.526610461572187
-5.049353438366187,-2.5193484149843464
-5.041117426972612,-2.512175424953565
-5.032667865547287,-2.5047595970616165
-5.024314317392655,-2.4972731062884375
-5.015923823237273,-2.489752943040918
-5.007902374618799,-2.4826522251052467
-4.999679230402458,-2.475700795438337
-4.991876902354018,-2.4691328933427634
-4.984407511109811,-2.4629432151459136
-4.97663951005718,-2.4569748850366864
-4.968881251600497,-2.4510153471075085
-4.961423603299635,-2.4453969920391145
-4.954285539990465,-2.4395433376343756
-4.947252395961398,-2.434276346209395
-4.940942907823896,-2.4297348828245338
-4.934767560540852,-2.425094417393244
-4.928395850500045,-2.4210040661570145
-4.922635819155578,-2.4168199211472103
-4.917051210992503,-2.412835029649245
-4.911875250001064,-2.4089164267591063
-4.9071620390763515,-2.40509896040467
-4.902756797510932,-2.401631070804069
-4.898484530660362,-2.398494804999512
-4.894535265152311,-2.3957968796418774
-4.891155840362863,-2.3937454889998406
-4.8876981653024085,-2.3917207145977044
-4.884955002046484,-2.390591088186123
-4.882205261645237,-2.3896064246817077
-4.87993702074017,-2.3891085763997775
-4.877867183112599,-2.38946092101502
-4.8766336659832445,-2.3900781893335874
-4.875681842713638,-2.3909826690980482
-4.875058854426406,-2.3925179798007474
-4.875461401813389,-2.394065760501725
-4.875868813607765,-2.395590566921402
-4.877235937299436,-2.3980103219915856
-4.879410009671377,-2.4002962701430253
-4.881744255502328,-2.402763720254941
-4.884375139716205,-2.4058014216238663
-4.887724409469399,-2.408552732887759
-4.891476642443896,-2.41170909457941
-4.894846706590428,-2.414754734440053
-4.898789886636611,-2.4183234315630644
-4.903395010382582,-2.4222345258132645
-4.907564207119137,-2.4260474947851787
-4.912294297552629,-2.4303723614870085
-4.917523666561094,-2.4349728078187822
-4.922733829287219,-2.439755719163953
-4.928083964128603,-2.4451183490332014
-4.934202007976145,-2.451351557870266
-4.939702333758426,-2.4580412877646696
-4.945871221357617,-2.4653411272063686
-4.952924203053581,-2.4736432284734766
-4.959642947499705,-2.482190281060304
-4.967127612364403,-2.4915935718640734
-4.975088393768201,-2.501449024026793
-4.982777210494092,-2.511501467347522
-4.990582652555503,-2.5217528923107113
-4.99880123505107,-2.5334859776263783
-5.0071995662023605,-2.545083080293332
-5.01587095546454,-2.55700985324045
-5.025161389630476,-2.569517419637665
-5.034434671337232,-2.5820333081162703
-5.044214869755407,-2.594584817571783
-5.0543139103796095,-2.607460066100672
-5.0645437086399205,-2.6202340459993496
-5.075038496652798,-2.633372652816599
-5.085929108987687,-2.64752260897981
-5.097237650652339,-2.6615533724995797
-5.108930570964698,-2.676067842074538
-5.1212836815939955,-2.6910866818226453
-5.134277361315175,-2.706830394593641
-5.147506083865281,-2.7219632296675687
-5.1615906842400925,-2.7377350969190104
-5.175867464996165,-2.7537246074846773
-5.190640961209557,-2.769376796832473
-5.205961421413728,-2.7854205912550407
-5.221140698192725,-2.801304891847241
-5.236454115834613,-2.8166454266269936
-5.252508378288005,-2.831997533076013
-5.268241555182307,-2.8469865211967615
-5.283238984161858,-2.862687760310522
-5.298456906966804,-2.878227786730869
-5.3135590848311605,-2.893574436812973
-5.328603367992154,-2.908883914642122
-5.342995056847816,-2.9239752793900173
-5.357066604703203,-2.938773392943706
-5.370950009356414,-2.95335826216033
-5.385050505340683,-2.9677895673845422
-5.399094878685004,-2.9821695126533023
-5.412770997756654,-2.9961319367859143
-5.426514659821747,-3.0100484690455382
-5.439459667483889,-3.0232331435591244
-5.451881002540765,-3.0358239951523798
-5.464671922083151,-3.0481558056566556
-5.477026329670122,-3.0600594211476566
-5.488715206171817,-3.0712807721149114
-5.500497760171344,-3.0824385485598818
-5.5115950175600315,-3.0929046797893
-5.521751020122235,-3.1023628145017312
-5.53247959135687,-3.1114219876001434
-5.542560110422029,-3.1198753820654974
-5.551694123115153,-3.1273453455251907
-5.561197305414449,-3.1345597010398594
-5.569738717521848,-3.1406811037424025
-5.57738307293524,-3.1469445649172543
-5.58530488896811,-3.1530181844508363
-5.592641529789372,-3.1584259552057943
-5.599350531655765,-3.1621821518873587
-5.60637971167497,-3.165717431646305
-5.612595864254834,-3.168327029054842
-5.6180886546248985,-3.170272714423257
-5.623523002661109,-3.172261451246101
-5.628351460862391,-3.1735594532998803
-5.63234936206075,-3.17409556151327
-5.636264153693791,-3.174690969712308
-5.6393894028295595,-3.1743863542016153
-5.641203165099931,-3.1728798154112727
-5.6428164805203105,-3.1715130033999444
-5.643505399213544,-3.169092490785372
-5.643123694310667,-3.166110503960556
-5.642266353545949,-3.1620067930533264
-5.640366321260696,-3.15777496788598
-5.637107040380575,-3.152171139788508
-5.633920733131592,-3.1459331795977947
-5.629725772717573,-3.1395660457979213
-5.624639236234782,-3.1322937419404746
-5.619775656874421,-3.1249758187587333
-5.614583343242412,-3.1178132242594963
-5.60866224828223,-3.1099833795317786
-5.602093036198543,-3.101414457459026
-5.5964132694323006,-3.0917607134432608
-5.590210031991437,-3.081660539753731
-5.5836199433399685,-3.0711439881656752
-5.576869183020444,-3.0604431178462486
-5.5702478375742706,-3.0494639198188773
-5.563777469669161,-3.038430491424172
-5.557239670581766,-3.0273186628204583
-5.55052084356492,-3.0160941912404464
-5.543786055320741,-3.0047193023788843
-5.53703815520921,-2.9933279904883827
-5.530895619631707,-2.9817183982315467
-5.525029264859859,-2.970349899655105
-5.51961313861124,-2.958831551930927
-5.514124657752278,-2.947496354338274
-5.508837671929806,-2.9363890681757674
-5.504083842751875,-2.9254447367690055
-5.499233815485516,-2.9143792433121978
-5.49475383626522,-2.9037343947747587
-5.490878785375486,-2.8931054781876417
-5.488693169962495,-2.880637826324367
-5.4869124542831855,-2.868630655030836
-5.485739748675203,-2.8568711522548385
-5.48460301193002,-2.845416324872991
-5.483957694689114,-2.8345218546272273
-5.4843776259851555,-2.8227147775538164
-5.484991744585611,-2.8114327004844797
-5.486240081428061,-2.800875944485539
-5.488409676727339,-2.79019210325759
-5.490446219982863,-2.7801872105088106
-5.493148908951019,-2.770945820209436
-5.496740921419248,-2.7613391714794377
-5.50024625656212,-2.752092453532358
-5.504427503932574,-2.743621986878178
-5.509603939069573,-2.7347975856149116
-5.5150244819583625,-2.726592045461766
-5.521128464692454,-2.719172652512791
-5.528350344144339,-2.7117676307146197
-5.535631201911678,-2.704613294551146
-5.543495557874086,-2.6981307387519293
-5.552408036985967,-2.6912113362532013
-5.561764026655786,-2.685299397474241
-5.573781160607037,-2.676760749195887
-5.586928605914637,-2.6684929685272025
-5.599566218072693,-2.660369561458726
-5.612971520867297,-2.6529358605649005
-5.627205636608705,-2.645657261806503
-5.6413609884751805,-2.6385946902172437
-5.655588222804368,-2.6318065160067965
-5.6704298766011405,-2.6252017576667637
-5.68578131539429,-2.6191927010787506
-5.701280979996124,-2.6138229974107916
-5.717302595015845,-2.6088939893988754
-5.733592982522615,-2.60432151279591
-5.749941270378381,-2.59982436192956
-5.766517928388417,-2.5953467605814455
-5.782884233860018,-2.590845836925556
-5.799136380627528,-2.586194696286867
-5.815617214242947,-2.5816159899458944
-5.831968888639245,-2.577041889082031
-5.848096589559459,-2.5722700684789124
-5.863764962420423,-2.567608986569723
-5.879336563759494,-2.5628323087717453
-5.8940549649690075,-2.5578808029962956
-5.9082974683342595,-2.553128307177355
-5.9224626259920665,-2.548284773994404
-5.936199511179101,-2.543384320696486
-5.951434441339658,-2.536531803502884
-5.966345999470207,-2.5297640741856053
-5.980874174204865,-2.523181685209201
-5.993001866951917,-2.5179476674101005
-6.004390733349185,-2.5125843650370294
-6.015434718057733,-2.5071731948903384
-6.025738222329744,-2.5011118808540447
-6.035301263957565,-2.4951835990693665
-6.044227401532356,-2.489590432092723
-6.05212834823773,-2.4830988797897495
-6.0589344264833,-2.47606572876448
-6.064563705584257,-2.46896271592684
-6.069303354417439,-2.4618285058668574
-6.073390106562533,-2.4539908932975645
-6.076587890793258,-2.446787749862044
-6.0795491287315295,-2.4393656681419458
-6.081293743859559,-2.4313201873525814
-6.082008715925033,-2.423545905881444
-6.082021529259513,-2.415481823355012
-6.081493918036067,-2.406858428646242
-6.080504990756305,-2.398443478535682
-6.079111554401451,-2.389604302672912
-6.077490770034001,-2.380470763703903
-6.074605751589283,-2.371609291582747
-6.071043226748733,-2.362058368704772
-6.0656629185612845,-2.3553953293702357
-6.059529555972553,-2.348967151071159
-6.053186528984258,-2.342284325695108
-6.04700497222627,-2.335088790674884
-6.040617055648851,-2.328404894315017
-6.033891726702519,-2.3213114805044577
-6.027403244720856,-2.3137942336494284
-6.020628464255632,-2.3063914498331552
-6.013379811734594,-2.2984138562120253
-6.006289403978215,-2.289585172384667
-5.999299763988939,-2.2808702489990047
-5.991977492249016,-2.271752075273655
-5.984820935541845,-2.262561849589714
-5.977564494712203,-2.253467500336797
-5.97013052393229,-2.2441579500530193
-5.962629487030014,-2.234820584092909
-5.9550403319540655,-2.2255358222139563
-5.947501762994361,-2.2163124164232846
-5.940116533627848,-2.2073536098562316
-5.932959796531164,-2.1986691685261333
-5.926274202155613,-2.1896492200897257
-5.919865046691754,-2.1807994275043665
-5.913701663567784,-2.1717738402870266
-5.907510925422335,-2.1627264531860764
-5.90150679225497,-2.1538292378058
-5.8939155566439645,-2.1470935251016305
-5.886550189003818,-2.1401681256337466
-5.879252224880741,-2.1333244832256613
-5.871944791727828,-2.1274708479651996
-5.8648144679086425,-2.1211490900676244
-5.857432319501939,-2.1153084018575568
-5.8507582526919695,-2.110148665643273
-5.844395735029902,-2.1044181444193244
-5.8374431885982485,-2.0992378549817614
-5.831247988243263,-2.0947732823977403
-5.825621389232744,-2.0902529143403004
-5.820085523729372,-2.086568343988689
-5.815440137336365,-2.083047917037075
-5.811103341572271,-2.0798701022331954
-5.806730953186847,-2.076718673046049
-5.802535698713219,-2.073781569672081
-5.799521422023004,-2.0713264536724814
-5.796653065010151,-2.069239862599535
-5.794493157149016,-2.066272533108676
-5.7929741004820325,-2.0639905673145553
-5.791514094883844,-2.062139177432344
-5.79023866905962,-2.060587144386271
-5.789185184713125,-2.0593262811895543
-5.788701516640278,-2.058562705902291
-5.78842036835975,-2.0582445760148267
-5.788288382177482,-2.058565102768705
-5.788775882166855,-2.0594261555520856
-5.78959630102248,-2.0606838622374526
-5.7903601655580355,-2.062662490188616
-5.791080456646081,-2.064602763789649
-5.791828188484338,-2.067027403096935
-5.79250406415125,-2.070126149186723
-5.793622033979542,-2.073609948790305
-5.795080298423069,-2.0777706446299096
-5.796289652804084,-2.082822693311494
-5.797635688804063,-2.087992220965836
-5.798896560979365,-2.093537707509552
-5.800296362106167,-2.099511053662107
-5.80201558617481,-2.1057609629154324
-5.804200782521694,-2.1128894969821124
-5.806882953071531,-2.120195906186148
-5.808868497651951,-2.1283650171131265
-5.810836070682505,-2.136601558341013
-5.812763516148592,-2.1445668462352154
-5.814706286844824,-2.1525426112736654
-5.816437652232918,-2.1611628582159232
-5.817951775262206,-2.170346258068406
-5.8196107402534905,-2.1794290605324598
-5.821476424057633,-2.188746942975933
-5.822927945652005,-2.1984354105423374
-5.824623952057187,-2.2080006198841455
-5.826388519510243,-2.2176392871015795
-5.827840226332749,-2.227456459961075
-5.830158229452422,-2.2370376862371266
-5.832588514822994,-2.246680474822166
-5.835263103010909,-2.2561411335146
-5.837740231770722,-2.265365375842051
-5.8400707077114244,-2.27434184569019
-5.842970153154391,-2.282903019448712
-5.845903410577762,-2.2914401719231225
-5.848814048430931,-2.2999223900881858
-5.851095356010926,-2.309668430270941
-5.85242648749373,-2.3193792895849756
-5.85395314435144,-2.329261192069345
-5.855467134117302,-2.3387720397094793
-5.856233385254119,-2.3485748398469943
-5.856858919350221,-2.3582528078007408
-5.857655425583138,-2.367946314821864
-5.857106898727852,-2.3789823082655444
-5.856312536960303,-2.3896843202585747
-5.855321913553871,-2.400220298928797
-5.853329940035602,-2.4114749362390806
-5.850622613265192,-2.4220241501603863
-5.848010816083981,-2.4327390852565256
-5.844404456781428,-2.4441659488750123
-5.839896482393027,-2.4546745435818083
-5.834828470406892,-2.464642312894598
-5.829043777628964,-2.475122149441897
-5.821975373479644,-2.4843546318211622
-5.814329084192729,-2.4929484760921103
-5.806494752632348,-2.5016760950325834
-5.797982979815243,-2.5095946490311842
-5.788123050169369,-2.5163118741708894
-5.777846805879059,-2.523327492546254
-5.766873115332825,-2.529511348713801
-5.754726589900813,-2.534646909757821
-5.741032179564991,-2.542240783393729
-5.726536111794323,-2.5498911608127175
-5.711708141907448,-2.557241042577418
-5.695638428517044,-2.5631162420908353
-5.678255450339211,-2.5693929996430134
-5.661606429614213,-2.5748263046913693
-5.6444273034823125,-2.5796927544933594
-5.626573407547124,-2.5853360241033116
-5.608741320902046,-2.5910694159603684
-5.590137785614589,-2.5960643591156267
-5.571413314129558,-2.6011508845773363
-5.552720727240057,-2.606260990501346
-5.533373185073432,-2.6107231529301345
-5.514142630056273,-2.6151065977248087
-5.494908282677729,-2.6194798732821383
-5.475411915646431,-2.6235904540209227
-5.456450043437652,-2.6273215865596584
-5.437085216468282,-2.630634406879114
-5.4176215213061765,-2.63387131112404
-5.398796786634163,-2.6366531210465105
-5.379581633954388,-2.6389697430351986
-5.360965874257227,-2.641908955410634
-5.343383848353582,-2.6441060467228015
-5.325032223308391,-2.645456052363619
-5.303725794287255,-2.6513354162794407
-5.2836156611802245,-2.65566596908725
-5.264910351725103,-2.6589805115109963
-5.245474519997642,-2.661470048032481
-5.22692831868153,-2.6636928170600376
-5.20934866133952,-2.6658128319982097
-5.191173497007207,-2.667295232226047
-5.173277058129626,-2.668433819739551
-5.156459256943217,-2.669222058024907
-5.139074232036198,-2.6693975085711537
-5.121710379780959,-2.6695063637028227
-5.1052250928880865,-2.668734398328441
-5.0893085402742475,-2.668314919187098
-5.072962433334478,-2.6673792753217573
-5.0576643936360695,-2.665672816185133
-5.0424495721373415,-2.6640021212271905
-5.027552630148745,-2.6623537754297453
-5.013077908066065,-2.65990494887623
-4.99944391661479,-2.6582351258681998
-4.986077400950447,-2.6567661635762954
-4.972921524400827,-2.654825268706185
-4.9594208681958385,-2.6543153718412382
-4.946707205628186,-2.654508997405948
-4.934636751699025,-2.654223301226454
-4.922480901659006,-2.6539400384849077
-4.911163026829542,-2.65442661656375
-4.9016767741470835,-2.6522954883430887
-4.8925594421960135,-2.649655378222125
-4.883724445003749,-2.6473369852431676
-4.875593456048615,-2.6461834514806153
-4.867924811517855,-2.644100417594161
-4.860396399189217,-2.6421793378255116
-4.853263687549504,-2.640850425052435
-4.8468890560697915,-2.6389244381300037
-4.84054224973276,-2.637033942315687
-4.834572307379316,-2.6359183751669155
-4.829122444626043,-2.634387270727193
-4.823610527966072,-2.632790952549271
-4.818721464599373,-2.631528216372943
-4.813931831090543,-2.6298078427614633
-4.809108382912862,-2.628053202285334
-4.804679170815345,-2.6263613575274976
-4.799986612919179,-2.6248212105543973
-4.795097500502038,-2.6230652986541827
-4.790660695476062,-2.6213137852035513
-4.786201186066072,-2.6192760951055485
-4.781757565102581,-2.6173379143043505
-4.776611269298863,-2.614661436957905
-4.77082242745748,-2.6124537970601267
-4.765419132829619,-2.610722598829336
-4.762821937838787,-2.604069281480362
-4.760197636015204,-2.5973133498060887
-4.7564283530481255,-2.5908385048054887
-4.7531019802543275,-2.584908854176809
-4.749137865425413,-2.579448472802724
-4.7446657919474315,-2.573491530783854
-4.740295343022469,-2.5677132729592125
-4.735407577062494,-2.562316523067078
-4.730030678081772,-2.556425322723153
-4.725030030333616,-2.550970395717372
-4.719901190031164,-2.545609316653455
-4.714913523438071,-2.54041273758451
-4.709496211524926,-2.534995809559451
-4.704036780768202,-2.529932522718182
-4.698409102343009,-2.5246705287400237
-4.693006387779941,-2.5196606814465237
-4.687202045306021,-2.514949683933305
-4.6817340715368605,-2.5106138435363516
-4.676154072703556,-2.5061745723962776
-4.670796998756083,-2.5017811594626154
-4.665636950289991,-2.497571104208016
-4.661125569430097,-2.492266745332107
-4.656554097995557,-2.487283181057743
-4.652064357779317,-2.482605970821218
-4.648156821302932,-2.478628413477692
-4.6446185619222256,-2.4750625420742782
-4.640917649355013,-2.4716197857240503
-4.637444885663429,-2.468387597910378
-4.633951761344295,-2.4651325498076146
-4.631028372373345,-2.461452854808004
-4.628854113257959,-2.4584646897666116
-4.626798914097499,-2.455609367466337
-4.625180259671312,-2.4524280810425
-4.623857578626675,-2.449520111812538
-4.622113057830424,-2.4461418412523503
-4.621110190659729,-2.44220852223034
-4.620312006199794,-2.438464051700014
-4.6195278210422375,-2.4347352035335135
-4.619067478512188,-2.430763715568235
-4.6192211200524556,-2.4273582796944324
-4.619174575350426,-2.423729150684285
-4.619937469990375,-2.4188748038707795
-4.620948809568272,-2.4138720566565106
-4.622465658787379,-2.409434172619537
-4.623868068044538,-2.4053082745493284
-4.625131114216507,-2.4015718309308487
-4.62684975408036,-2.3982640214047826
-4.629490233628176,-2.3958996244661264
-4.631844268328169,-2.3937501364660667
-4.6347035136136965,-2.3921216940452346
-4.638189656093811,-2.3911505153579307
-4.6417899809678005,-2.3900935834108417
-4.645964806216594,-2.38968017732601
-4.650630922923328,-2.389719093275567
-4.655348494462154,-2.3897191467309074
-4.660356166839729,-2.390044663291854
-4.666146155386991,-2.3910897642458377
-4.672346034604334,-2.3922698761674948
-4.678828339536339,-2.393754809467897
-4.685504042067294,-2.395439922598629
-4.692293362416216,-2.397039392925349
-4.699482893457362,-2.3990042911434464
-4.707388538669366,-2.401707522628768
-4.715272378370384,-2.404426458815654
-4.723468179796829,-2.4074677054225853
-4.732166359109973,-2.4102661729557617
-4.741226522506945,-2.413070354326023
-4.750143299524638,-2.4158562947507307
-4.759220412400455,-2.418789815995261
-4.768534086489492,-2.4222996573756825
-4.777607844546667,-2.425972370725432
-4.786920341777222,-2.4298643532214794
-4.796508239671535,-2.433676205151448
-4.805992737004118,-2.4372007412816568
-4.815188833268529,-2.4402993900222505
-4.82400029390177,-2.44296479926378
-4.833238649209879,-2.4453128081361766
-4.84241203351272,-2.4476012650238097
-4.851118831810876,-2.449362988773979
-4.859754703277682,-2.451177824012864
-4.867794395549317,-2.4524213826007486
-4.875557122486717,-2.4533274492959802
-4.883138338105228,-2.4545965633680615
-4.890401149386406,-2.455574417880527
-4.897510950751715,-2.4567972749986575
-4.904295328723255,-2.458570581461341
-4.910995759418665,-2.4602674889953478
-4.917621963205202,-2.4620463368884242
-4.923625890618739,-2.4643813732518343
-4.929615846711647,-2.4667864381101037
-4.935808616621086,-2.4694217696310248
-4.940822665568328,-2.473569942575014
-4.945701001545725,-2.4779916549538776
-4.950640824516497,-2.482441348276092
-4.955409867115899,-2.486790758050488
-4.960168514707002,-2.4917304290788245
-4.964864586244653,-2.4966028956990827
-4.969193940435624,-2.501006988957328
-4.9734803081824825,-2.505398597297216
-4.977679817985184,-2.5093943510307426
-4.9817327917830765,-2.5132738287778538
-4.985875712345815,-2.517085891410881
-4.989866313607875,-2.5207005659404067
-4.993678686279924,-2.5241627590797813
-4.9974708234484,-2.5276389242089845
-5.001097008714294,-2.5309312777543105
-5.004401332044695,-2.5339576377006705
-5.007741362696046,-2.5365235007579274
-5.011427447061148,-2.5394054790762297
-5.015277159794047,-2.5424731187500433
-5.019268727805205,-2.545435773203755
-5.023048567167232,-2.548205150754055
-5.026328903152968,-2.5506949773311143
-5.029842940234,-2.5530387687882428
-5.033737530837008,-2.5548718153649217
-5.037571745053347,-2.5573488845236336
-5.041277714399029,-2.5596804471264347
-5.045513175020818,-2.561623748588119
-5.050074696066038,-2.5638645973057903
-5.054163307348858,-2.56556848555532
-5.058755120709829,-2.5669041745126786
-5.063326322778372,-2.568252648593941
-5.068056040534109,-2.569362135746178
-5.0727203824275415,-2.5705690838969857
-5.077736745928445,-2.572096708527313
-5.08284232656499,-2.5736953126742623
-5.088038897770717,-2.575811545396662
-5.093193810413631,-2.577889453526154
-5.0986951575500195,-2.5800839761935883
-5.10428837761691,-2.5827397582490783
-5.11031893712539,-2.5858205683124553
-5.116405025565495,-2.5888613815346755
-5.122662071112922,-2.592096376770673
-5.12939907591587,-2.595768701032135
-5.136434520439559,-2.59922403143324
-5.144095788400726,-2.6025528842507537
-5.151960320181313,-2.606066760690083
-5.159931421664974,-2.609503541738469
-5.1685661945927865,-2.6133261557643794
-5.177474624405176,-2.6173130575735737
-5.186488918283065,-2.621222045491971
-5.196354301230893,-2.625716822461961
-5.206599824219746,-2.63053634176167
-5.2172501019049395,-2.634748400980267
-5.227997546802641,-2.639006985689269
-5.238956017182,-2.64338557745748
-5.250407568149843,-2.6471683211840675
-5.2620595206397605,-2.651265181755192
-5.273313118645842,-2.654904201450603
-5.285022780048823,-2.658157799145526
-5.296525927415673,-2.6612028241667147
-5.307573820108623,-2.6641999254892403
-5.318595394869363,-2.667032656885894
-5.329701670169916,-2.6699289769487353
-5.340510881152477,-2.6726391548575648
-5.351268651821232,-2.6754215606789975
-5.361742243302217,-2.677913670768798
-5.371904815260332,-2.6805824815604553
-5.382142652842269,-2.6820224523749343
-5.392076955166032,-2.6831401972844637
-5.401609231131495,-2.684549383879674
-5.410894164739285,-2.685723280383415
-5.420255808322222,-2.6867046504061034
-5.429624793158378,-2.687656582589732
-5.438507727609831,-2.689039728454135
-5.44696601467686,-2.690037753468717
-5.455505929159292,-2.6909465370207584
-5.463244288536265,-2.6917931125109282
-5.4707950124706315,-2.6924692904766596
-5.478999103176223,-2.692986915516421
-5.486759959766095,-2.6935061505329605
-5.494601565705627,-2.6935342346056053
-5.50186404001902,-2.6933191807463692
-5.509361146306152,-2.6928887368136905
-5.5166725718397265,-2.692289244753292
-5.523844319145778,-2.691556685333509
-5.530819736732441,-2.690392062863608
-5.5376630485866984,-2.6891064924010424
-5.5442211686338405,-2.687771640255067
-5.551115499973577,-2.6852233273223813
-5.557748038055115,-2.6824670723725537
-5.5639147042176935,-2.679401990473973
-5.569829008151917,-2.6760422862329882
-5.575250004891932,-2.6723132841362727
-5.58047355928166,-2.6685253639030693
-5.584869356637817,-2.664615799970138
-5.5887458088478645,-2.6605671773845407
-5.592174331235805,-2.656142388866408
-5.594914576200758,-2.6509148393409614
-5.597052573087588,-2.645056347770799
-5.598881375862516,-2.639093468291604
-5.600008344084653,-2.632311014295915
-5.600513675539598,-2.6251970637501207
-5.6002419288826095,-2.6183647325773314
-5.599779616722755,-2.6113090244652066
-5.598668127679878,-2.6038680495857025
-5.596747248360011,-2.5967537617413767
-5.594673259033276,-2.5895374520745054
-5.592959826998561,-2.582851220229458
-5.590272903713202,-2.5762873924708556
-5.587689346572584,-2.5698654365280196
-5.5850714811078115,-2.563403568330351
-5.581989807094062,-2.556665107717003
-5.579061040492617,-2.5494027681431275
-5.576517882903838,-2.542268687430412
-5.573645789280608,-2.534607982798592
-5.570680556878965,-2.526864318072003
-5.567660533193335,-2.519212420265519
-5.563888474157465,-2.512090418404334
-5.559768130496259,-2.5046349072505114
-5.55584339920025,-2.4970378590891715
-5.5517300244773224,-2.489219898870369
-5.547226654395326,-2.4810529126806227
-5.542499146811556,-2.4730479639308993
-5.537477323269778,-2.4646983380797374
-5.532526964359439,-2.4564124570579113
-5.527542908422261,-2.448150500879603
-5.522587858903826,-2.439922425790662
-5.517212599372741,-2.4313186855780873
-5.51138893069131,-2.4230406082497504
-5.505418532839694,-2.414590631155601
-5.499168697006981,-2.406419771596079
-5.492814492623454,-2.398995525201252
-5.4863638989968235,-2.3919507853303266
-5.479747765469001,-2.3847583539859794
-5.472908780701637,-2.377968461661846
-5.46601458581736,-2.3713191647977245
-5.460135753839617,-2.3635749035892704
-5.454288774393661,-2.35589781003079
-5.447501858522751,-2.349342522597696
-5.440910190715653,-2.3429808215207344
-5.434876360754294,-2.3371173666870644
-5.4288224288719,-2.3308487947684853
-5.422691584341251,-2.3244354486122116
-5.416630425328351,-2.31769419768886
-5.410531178720983,-2.310934810901551
-5.404605084593092,-2.303438621625501
-5.398833437745748,-2.2960040752050728
-5.393139999598498,-2.2884327377203784
-5.387417574316943,-2.2809304618352186
-5.381637247867614,-2.2735798099420665
-5.375948465289547,-2.266336450933779
-5.370372408909079,-2.25901110924987
-5.3651105813961015,-2.2519662843472354
-5.360466468740374,-2.2456452923643164
-5.355651798100913,-2.2394511546088656
-5.3511060079886805,-2.2334970968662904
-5.347190625851934,-2.2263077728327345
-5.343562318041101,-2.2193463042864012
-5.3403146942835,-2.212694146816621
-5.33743678235141,-2.2063235381870467
-5.335064264813898,-2.2005461234723835
-5.33304085813795,-2.1951220343530458
-5.330898851968664,-2.190248980446985
-5.328746677710146,-2.1856876736444173
-5.326984430860865,-2.1816217243017264
-5.325540609524999,-2.1778400796989703
-5.324399538619534,-2.1742586879936527
-5.323504783906695,-2.171024185251801
-5.323298999535035,-2.1684039467571403
-5.323302016978494,-2.165980262972739
-5.323482073598674,-2.163867295672222
-5.3241688955423205,-2.1622061598521225
-5.325237018015723,-2.1606060850164504
-5.326826828397265,-2.159105287478923
-5.329005532296896,-2.158129395625736
-5.331341924256897,-2.157461599934661
-5.334218846928753,-2.156994016710807
-5.337834508763039,-2.157184527918497
-5.341510585749935,-2.157523341566167
-5.345880650615725,-2.157956653804527
-5.350457067255377,-2.1582565317433113
-5.356052928446673,-2.1587260700772966
-5.361802637179134,-2.1593777591961456
-5.368008537958251,-2.1599075340380325
-5.375227303534347,-2.160774622461253
-5.382450029582594,-2.1616471514361777
-5.389237300039712,-2.163423839226464
-5.396257795742211,-2.165444603251311
-5.403896783666965,-2.1674868351052754
-5.411849479676532,-2.1689630414913297
-5.419438280576684,-2.170055666202294
-5.427455831170562,-2.171907740760197
-5.435900006427499,-2.173648739909642
-5.44430360570955,-2.175717411015276
-5.452892591239698,-2.177949867579435
-5.461829652350457,-2.1805392035773408
-5.470819877211864,-2.183190627682213
-5.479862433981311,-2.186144404816117
-5.488932919268047,-2.1890316348494574
-5.498057303796946,-2.191702520430718
-5.507147458686365,-2.1943358928498524
-5.516212396185313,-2.1969891066657854
-5.525141385818678,-2.1995237861138435
-5.533135572269593,-2.201085962226473
-5.5414908328453345,-2.2023383457916683
-5.549437345428668,-2.203973452666114
-5.556640656509914,-2.206695411375494
-5.563326886708806,-2.2088908095362036
-5.569212224608754,-2.2116743204734197
-5.575231238593509,-2.214719291723348
-5.580618529516398,-2.217125862509755
-5.585257324225848,-2.220080677919118
-5.59015733738905,-2.2233963595566237
-5.594748146760436,-2.226391246755981
-5.59856406389037,-2.2299525095334185
-5.6028832386808745,-2.234131054820995
-5.607059852485823,-2.2381173594917407
-5.610965239621227,-2.24230103005442
-5.6147297436389305,-2.24641061195854
-5.61814602802258,-2.2501574008567276
-5.621339516785154,-2.2540658106059928
-5.624645149797431,-2.258133812931052
-5.627889492677001,-2.2620938685892606
-5.630807037525977,-2.266410387837407
-5.632987343019617,-2.2702775264960664
-5.634845554142474,-2.273761656587532
-5.636215558424177,-2.2777847342753943
-5.637056696781589,-2.2813187191737394
-5.637823760315517,-2.284735547025154
-5.638049863716621,-2.288238821304069
-5.63839326608533,-2.2918082336195242
-5.638101423851305,-2.2947959208977786
-5.63756763613761,-2.297360803103563
-5.636669144497732,-2.3001303621284106
-5.634785634918825,-2.3019330264996936
-5.633264850906432,-2.3033654146050857
-5.63163082048657,-2.3053878508770502
-5.6296434378389355,-2.306990494432
-5.627578416513388,-2.3081720970596935
-5.625143145257561,-2.3098178213806824
-5.622541037327466,-2.3112649989959797
-5.619660802823847,-2.312203754234215
-5.616600570266334,-2.3134706501662285
-5.6135232878731465,-2.31471641675713
-5.610335741438979,-2.315897817661112
-5.6069429588521,-2.317411805039577
-5.603624975977038,-2.3190131544750527
-5.600338191340934,-2.3206759293455637
-5.596862166354077,-2.322253132861684
-5.593563150245291,-2.324110134196365
-5.590230187575826,-2.325921450072928
-5.5870867798894315,-2.327594938971966
-5.5841471149552335,-2.329445816990076
-5.58171216122034,-2.3317585289623604
-5.579148573665652,-2.334211684308279
-5.577066465024241,-2.336348996882334
-5.574991293035173,-2.3384937961290984
-5.573118949423508,-2.3409622859500105
-5.57200995822546,-2.3429138444435935
-5.57070845305121,-2.344637965239967
-5.569484298609272,-2.3469014499544394
-5.569078623665172,-2.348646225162213
-5.5684039732483415,-2.350073740695349
-5.567579788519262,-2.351856458245954
-5.567847473384821,-2.3534634554120664
-5.567161114009569,-2.3546861399640027
-5.566638174141914,-2.3561233372728956
-5.566521211475025,-2.3574376063792446
-5.565961549646277,-2.3587571336915927
-5.56585106702559,-2.360558027216923
-5.565873649225941,-2.362033132669498
-5.565733410927629,-2.3632468515347487
-5.565176815310266,-2.364793293410434
-5.564758208807015,-2.3662802932173967
-5.56470268218611,-2.3678881197637325
-5.564695596115463,-2.3696581711054376
-5.565116159693538,-2.371255268200855
-5.565804037035574,-2.3731099496463384
-5.566466904350882,-2.3749626855203174
-5.567532477189008,-2.377289826035948
-5.5685984162200475,-2.3799696678250597
-5.56962569276869,-2.382796150984765
-5.570776609221318,-2.385901775782729
-5.572521220520005,-2.389536027581486
-5.574754187769483,-2.3934101334455744
-5.576916573582318,-2.397993354059192
-5.578949924524275,-2.402461418433548
-5.581366495864942,-2.4070848539528282
-5.583629701416766,-2.411940878975076
-5.586054775588248,-2.4169407745857843
-5.58911312290141,-2.422184695147724
-5.592112721082987,-2.42766618393351
-5.595276868946245,-2.433293884999225
-5.598995012705972,-2.4387328736899727
-5.602666631054454,-2.4440768486654627
-5.606383985390001,-2.4494613427828096
-5.610352875601142,-2.454935536737397
-5.613819564116961,-2.4615419521093878
-5.61810978506712,-2.468443787359564
-5.622427000240588,-2.4753056576457952
-5.627110883763792,-2.481994980359124
-5.6317825022445085,-2.4888619687158275
-5.636569609980407,-2.495304204334136
-5.641432052399764,-2.501758401479769
-5.646616437481896,-2.507981387788328
-5.6515376784578,-2.5139056551063295
-5.656564872207829,-2.519811737216848
-5.661458083732764,-2.525454413557785
-5.666263445064245,-2.531006035416643
-5.670914482769878,-2.5363413148466414
-5.676036585730541,-2.5416768696111784
-5.680935347789625,-2.5470971955176633
-5.685621095920298,-2.5522831733379387
-5.690639063525269,-2.557285597546897
-5.695507269711409,-2.561790291069994
-5.700690356590916,-2.566128466812998
-5.706055527183075,-2.57056193415484
-5.711620199800854,-2.5752598808929252
-5.717337248855945,-2.5798511931259647
-5.723186079086015,-2.584480379563269
-5.729420914714952,-2.589522454200385
-5.735588674863049,-2.5946156956547823
-5.74238223802405,-2.5995610377887224
-5.749451518089788,-2.6048299619167388
-5.756425095484885,-2.6099870968906456
-5.763958183312652,-2.6155539902742495
-5.771598867785824,-2.6212465367254683
-5.779179077591221,-2.6266627224071915
-5.786800266108935,-2.6321156405273185
-5.794150712066676,-2.6372484555157647
-5.801620456814853,-2.6418909336777836
-5.809224846744247,-2.6464892233087225
-5.816542458522832,-2.6507478372142974
-5.823369378752043,-2.65445647201459
-5.829731443611145,-2.6580352658281545
-5.835723767062575,-2.6611765981679
-5.84140435341764,-2.664242379054383
-5.846711575213437,-2.6672266107284393
-5.8523393533098975,-2.670588145950426
-5.8576119912956655,-2.6737998765627475
-5.8620174860237,-2.677628438350483
-5.866376716714341,-2.6814411286155293
-5.870061742738965,-2.6852675079579544
-5.873483374549518,-2.689630164416031
-5.876428769178977,-2.6935875123444277
-5.879082251480486,-2.6974932580677673
-5.881430763945653,-2.7012468811063375
-5.883843932911137,-2.703434699256924
-5.88571998891239,-2.7053312366816398
-5.887393382459628,-2.7069885412830414
-5.888095483058621,-2.7082956355533536
-5.88894168010485,-2.709327284200478
-5.889575806723582,-2.7107347639873107
-5.889844700215358,-2.7118580733395685
-5.8895367602241375,-2.7133890781111405
-5.889932423563588,-2.715745310797153
-5.89058138272457,-2.7184361060292783
-5.891329616936789,-2.721418011332203
-5.892499140952985,-2.724890882843201
-5.893543763463292,-2.728251453441204
-5.894567567936946,-2.731292365160174
-5.89557644796102,-2.733979052907317
-5.896818704993494,-2.73645414654515
-5.8982999293707365,-2.739134065017671
-5.900283512741777,-2.741458211903404
-5.902122214341228,-2.743408526834373
-5.903426194455138,-2.7448814872210625
-5.905238335128142,-2.7454255775712246
-5.906564674086929,-2.745154787157019
-5.907992790826664,-2.7436631965995604
-5.908700931542933,-2.741322309177455
-5.9104145258984895,-2.7382716717068707
-5.911935944390267,-2.735049379995918
-5.912507509660707,-2.73070520145256
-5.913837124745472,-2.725825056139754
-5.914752941822349,-2.720574846258493
-5.914804521678342,-2.714302032087645
-5.915858719373509,-2.7073188416501273
-5.917112244153486,-2.700510517067039
-5.917490169527133,-2.692663095467384
-5.918270402932519,-2.684527602883753
-5.917953573560242,-2.6751344220649447
-5.91800722032152,-2.6656575936253293
-5.917589509242089,-2.655748634094688
-5.917537784377713,-2.6461590212475516
-5.91896914497689,-2.634438153575963
-5.920260721169955,-2.622811349007147
-5.921724700565611,-2.6113174160490646
-5.9232636068766285,-2.599768504472406
-5.924254425608492,-2.5885488367542115
-5.926176564617436,-2.5772834969135623
-5.928249475262607,-2.566087049383033
-5.930353817564643,-2.5548627546227496
-5.932294758962586,-2.54343576872222
-5.934937792521606,-2.532622037766942
-5.937462329668413,-2.5223011959158828
-5.939774296550316,-2.5118459481225117
-5.942530320845143,-2.5017720873963905
-5.944922473679793,-2.4919532347531126
-5.946930615654753,-2.481852999660523
-5.94960921388094,-2.4723436630156903
-5.951848427437383,-2.463144199698537
-5.953420003787489,-2.4533127694926278
-5.95512782573794,-2.443563493765948
-5.957136352773825,-2.4335949270339214
-5.957805577584318,-2.422292417260031
-5.958004829280361,-2.41054032582409
-5.9581884239889,-2.3987936856420555
-5.959786011890757,-2.3839928141572804
-5.960711843937554,-2.368596675482563
-5.961488588358022,-2.353319246915912
-5.9619857752528995,-2.338611207325286
-5.961419193909148,-2.3233827221380965
-5.960609964190465,-2.307948190771405
-5.958614263873283,-2.2933651892475346
-5.956130165189157,-2.2784278755313063
-5.95393059040734,-2.2637964456121815
-5.95031300862252,-2.250188244323132
-5.946735145066565,-2.2368243136861494
-5.94257203195745,-2.2242527661406113
-5.938450921542348,-2.2125917086596996
-5.933414847412116,-2.201724815647241
-5.92758725524648,-2.1901695020487852
-5.921953259608454,-2.17964564907864
-5.915292199531975,-2.1693903234986185
-5.908352816124504,-2.1588947006708565
-5.901909030508813,-2.149208438841881
-5.89414987447066,-2.1401546363523565
-5.885943634872615,-2.1307125386547354
-5.878807339048836,-2.122280826629201
-5.870596948671857,-2.1140557332679446
-5.8635382342077484,-2.107158967369659
-5.8566165204787195,-2.1001738930195986
-5.850067754516312,-2.0937399198785727
-5.842943136584005,-2.0866319624112593
-5.834752255090567,-2.081984751935832
-5.827644940031089,-2.0765539512622166
-5.820042617239144,-2.070521019306614
-5.812179360281392,-2.0642601485067447
-5.8057350344000875,-2.0569686673664256
-5.798148291165167,-2.0482924873297788
-5.7915333769638595,-2.039014607273553
-5.7846083996278574,-2.028675295176869
-5.778209440867083,-2.017915016986253
-5.771430382876485,-2.0068245792870743
-5.76425798502513,-1.9943549140631085
-5.757870353086839,-1.981959934907953
-5.751598765059793,-1.9696708230631148
-5.745319330813302,-1.9569751948092233
-5.739948421416698,-1.944543760795192
-5.734875140352032,-1.9323649798504159
-5.7296272445431935,-1.9196486837667885
-5.725178951744408,-1.9072102223857552
-5.7208596903955575,-1.8949178805036915
-5.7163286434065625,-1.8823322669105829
-5.714203093688841,-1.8685274660017155
-5.712242401054765,-1.8548967721138843
-5.710153326568779,-1.8408302512548116
-5.70607233832703,-1.8294563254631446
-5.702462378795861,-1.8184878663490855
-5.698824987070312,-1.8074833217262452
-5.695239189555762,-1.7964348374307353
-5.692880289996397,-1.7865711405451556
-5.690336368787016,-1.776533955067282
-5.6874908533667465,-1.7667162836071715
-5.6857221503627215,-1.757961966342323
-5.683454293850449,-1.748711729298318
-5.680987506441331,-1.7396053967315552
-5.679578131471804,-1.7315847253085699
-5.677771607481932,-1.7232417620387994
-5.675963027777236,-1.7148970617753734
-5.674234016787374,-1.706647569882171
-5.672997940930633,-1.6988216414889357
-5.6717107934536575,-1.6910307225488073
-5.6709452767182125,-1.68387585319575
-5.670016048883753,-1.6765777331322413
-5.668818879991599,-1.6694778320326542
-5.667962416732788,-1.6627936335376456
-5.6672710878609065,-1.656250475993007
-5.666755238041651,-1.649360899226216
-5.665810390993315,-1.6433956883840837
-5.665368090254343,-1.6380715051346344
-5.664497012350384,-1.6330248286092317
-5.6634187066518615,-1.629007892511821
-5.6625283252080605,-1.6253401512055488
-5.661568716373215,-1.621729069334878
-5.659207327499823,-1.619170869120435
-5.657336600134393,-1.6172375437143172
-5.655451048399518,-1.6153542239525511
-5.652720138147319,-1.6141069432669946
-5.650615236784738,-1.6136997288274246
-5.647190787786931,-1.613552727025067
-5.644761553334004,-1.6139881462133576
-5.641922500224258,-1.6149440476098518
-5.639107221943156,-1.6158434441405212
-5.63727911182795,-1.6172783541986646
-5.635305039221801,-1.6191952925087971
-5.632908713232303,-1.6206289372890132
-5.631272585220519,-1.621913162482042
-5.6294354464690315,-1.6235485569895098
-5.6272185703711255,-1.6248296695426465
-5.625529326968618,-1.6263908337739181
-5.622797843934699,-1.6292490211803592
-5.619972666833083,-1.6318993882359625
-5.6176961056757975,-1.6345903901706254
-5.613689842945404,-1.6390003368035955
-5.6095353251948366,-1.6432782350761812
-5.605554693888307,-1.647958774340359
-5.6015788108259255,-1.6522385193398554
-5.597910575931789,-1.656780246675486
-5.594083452114554,-1.661475090409123
-5.590592222197022,-1.6657679973230954
-5.586825616507034,-1.6696936925999115
-5.583053829947347,-1.6738725585599108
-5.580006720390022,-1.6773309157606275
-5.5759151514843,-1.680422289444113
-5.57202960580657,-1.6836481162417405
-5.568624867053493,-1.6865130362286533
-5.564518577670809,-1.688597980567503
-5.56083675338981,-1.6910376373020268
-5.557068275061903,-1.693542397696621
-5.5525020842331845,-1.6953031203939444
-5.547800119039887,-1.6968435499487469
-5.543234378186497,-1.6982821490479179
-5.538030073106214,-1.6990724597693374
-5.5331429991731245,-1.700207694877075
-5.528506592973504,-1.7009232432372936
-5.523342672648778,-1.7017072204611405
-5.5178716349018,-1.702223716305672
-5.511745768071837,-1.7027869071937543
-5.505865111676616,-1.7031661960078892
-5.499058813123805,-1.702545038853438
-5.49226750463932,-1.7019326572994264
-5.485211841375379,-1.7006265842616204
-5.478476871889312,-1.699599543212092
-5.471357030440254,-1.6981074695386398
-5.464130154619478,-1.696695300366642
-5.456698526103693,-1.6951054160666346
-5.44923352647572,-1.6934757788349089
-5.4411914525250555,-1.692280399866417
-5.433118146095302,-1.691058059046151
-5.425439196295268,-1.6903118900597236
-5.416706326928897,-1.6903606504246949
-5.40801133348153,-1.6904974015639744
-5.399123962692415,-1.6905343694969843
-5.389540665884902,-1.6910977416063944
-5.379992334143457,-1.6917759947546922
-5.370400783178427,-1.6925212901657294
-5.3599866570396575,-1.693890128724982
-5.349689626171152,-1.695434587772391
-5.338406260017668,-1.6985290895714782
-5.327121956379341,-1.7019135526377451
-5.316564678424793,-1.7042491391226038
-5.306458694851009,-1.7072065077227139
-5.296128874878516,-1.7104714690546365
-5.286095673218439,-1.7138829683460977
-5.276315989190989,-1.7175646436597356
-5.266860641929412,-1.721365372301662
-5.257272210735489,-1.7256659591777945
-5.247955442973321,-1.7303182988196586
-5.239029334713279,-1.7350195716330952
-5.230076736932284,-1.7398914558121743
-5.221188068275357,-1.7448541411532092
-5.212682867475775,-1.7498871342757443
-5.203854499605129,-1.7553424471017607
-5.195879321108477,-1.7609316336937588
-5.188432923218716,-1.7670158702723022
-5.180957919740219,-1.7731215196170562
-5.173738170373963,-1.7794569096872572
-5.166829327441046,-1.7860696320983327
-5.1600462611888,-1.7921041846903183
-5.154369415430232,-1.7991093795361495
-5.148721621729417,-1.8061430774283844
-5.143342394584792,-1.8129722507872528
-5.136738599812365,-1.8223112638132133
-5.130463419881839,-1.8318663357539433
-5.123934311982803,-1.8411188229933428
-5.117666870098374,-1.850172636586884
-5.1119304442445825,-1.8596949408451195
-5.106529138274083,-1.8696095305406588
-5.1011965997105895,-1.8794712761702712
-5.096481277410506,-1.8898623728583674
-5.0916077651653335,-1.9003957289852946
-5.087645261928725,-1.911054803055231
-5.0834711112155215,-1.9221098616780379
-5.079698999752717,-1.9336335655382288
-5.0770224264784325,-1.9450182339775184
-5.074602662248276,-1.956637808868599
-5.072427548526588,-1.96854211296405
-5.071280392009897,-1.98010332993749
-5.070540489296819,-1.992077721743167
-5.069801009924888,-2.0035826998696273
-5.06998030245394,-2.0147185730633095
-5.0702426782467205,-2.0259520300893024
-5.069510277021633,-2.0394580916030276
-5.0693869097388875,-2.052510051492015
-5.069244428597673,-2.0654781672168556
-5.069848601990659,-2.0792214476970203
-5.070605522911533,-2.0928547109748497
-5.071088245818019,-2.106183554486363
-5.07278646238074,-2.118203429029777
-5.074315676727577,-2.1300665128534613
-5.076120202902841,-2.142063539109829
-5.077829396891369,-2.153952299149053
-5.079214727123803,-2.165950553350491
-5.080462953833597,-2.17799475569404
-5.081509381150921,-2.189807595079863
-5.0821144460037315,-2.2015907614131214
-5.083103362416083,-2.213164967799474
-5.083925024292568,-2.224548223467234
-5.084186115612326,-2.2360087836127107
-5.0847044602732465,-2.2475265385423566
-5.085217295098374,-2.2590402844338255
-5.084974511153719,-2.270758482115043
-5.085113938542242,-2.282138029067017
-5.085400706632734,-2.2936893789950505
-5.085039149559222,-2.305062140869182
-5.085309543053521,-2.316471499436917
-5.0857453246662425,-2.328072926486717
-5.08314679902409,-2.3433064270933714
-5.080703753087368,-2.3589023457503324
-5.078177179375247,-2.374478169958935
-5.075935240147782,-2.3903584647062157
-5.074051937961333,-2.4065764943600154
-5.074156867162647,-2.420901563989639
-5.073946968190103,-2.4349741136514353
-5.074309869299619,-2.449702946118798
-5.075414386726409,-2.4649537539255775
-5.076415231361656,-2.479979252522049
-5.077814132383376,-2.495460197221217
-5.079977680601762,-2.5109775124331932
-5.081863623341265,-2.526268498748948
-5.0843239015849715,-2.541893731995035
-5.087154052186224,-2.557761163409657
-5.090204348631916,-2.5732300448707663
-5.093676595483091,-2.5891804556380706
-5.097495756358221,-2.6054492699751575
-5.101648051408715,-2.621477931457348
-5.105905788741062,-2.6376282458339286
-5.110728431628462,-2.6545490415808133
-5.11568872297541,-2.671033035862021
-5.120945557217106,-2.6883136541350954
-5.125034395673529,-2.7068031972866264
-5.130033484725279,-2.726076438163554
-5.1372862368522645,-2.7427463813989728
-5.1444661943364345,-2.759808819143587
-5.152113420622547,-2.7773024018396977
-5.160008164591881,-2.793913359619511
-5.1679386379781285,-2.8103217130738916
-5.176398096993468,-2.827219252282898
-5.184952646767408,-2.8437858211405715
-5.193497324397445,-2.8603528711234656
-5.201623035640835,-2.8765388832124117
-5.209415972584994,-2.892462786445083
-5.217213143274686,-2.907943816751617
-5.22459738343906,-2.923049143250656
-5.231479707593171,-2.9381279808503526
-5.238225511585725,-2.952718153584798
-5.24432593062738,-2.966917148638707
-5.24931330836787,-2.9805514815818968
-5.254492921911945,-2.9937499163434818
-5.2593205665191345,-3.0067733241143606
-5.264337152165017,-3.019196574252853
-5.270006759881149,-3.0313572851919752
-5.275268157844854,-3.0438734737682114
-5.279862551605848,-3.0557098500588675
-5.284751998753546,-3.067422918435029
-5.288912992491704,-3.0791527323697747
-5.292606623618044,-3.090414020890722
-5.299120586530166,-3.097732672861896
-5.3056549688499315,-3.105038528216951
-5.3116196863245815,-3.111779054077962
-5.31769089800579,-3.118666866576288
-5.32316863851419,-3.1253989069740418
-5.328006094317794,-3.13153967758755
-5.332947784868629,-3.137762299223117
-5.337607912532315,-3.143829708907979
-5.341769585045426,-3.149436729458204
-5.346129698034648,-3.1554161133121528
-5.34997129249943,-3.161048092499388
-5.3534547625384485,-3.1663492257116923
-5.356986389674957,-3.171691393085073
-5.360231930190641,-3.1765060979338755
-5.362784546935207,-3.180680423238877
-5.365475005985449,-3.1850241381471913
-5.367509336047111,-3.1884616273321464
-5.368518766320405,-3.191538642396582
-5.369340064399656,-3.194984630920879
-5.369463347493338,-3.197649170735419
-5.368829416543225,-3.1992221549203297
-5.367803292180341,-3.200961530781318
-5.366154788742372,-3.2020044489563873
-5.365665065219243,-3.2014895940105235
-5.364097164597683,-3.199977396839238
-5.361572174107702,-3.1989885205164934
-5.358845024453415,-3.197816042949175
-5.355099068390244,-3.1957009157986436
-5.3506452049227455,-3.1939542129333045
-5.346516677231722,-3.1921607595233548
-5.341785383541768,-3.1898036895160775
-5.336828371660236,-3.1876067681733566
-5.3317826909326715,-3.185309970646669
-5.326861992006868,-3.18312836499923
-5.322168060468198,-3.1807880226050567
-5.317772600980325,-3.1787807290534413
-5.313609796305521,-3.176988390345212
-5.310093016758387,-3.175187902988424
-5.306741364802104,-3.1735014562605195
-5.304043805927752,-3.1722150974220815
-5.302510075152956,-3.1710787235846967
-5.301009234277482,-3.1703255795609047
-5.29968158985135,-3.1695817151595342
-5.297833925375565,-3.1691126793569517
-5.296163625040687,-3.16832537247677
-5.294659201082744,-3.166909206652263
-5.293449271086806,-3.165765773039991
-5.292182099738354,-3.1645842598214697
-5.291391544543853,-3.163169404885412
-5.29084477119714,-3.1619802676892546
-5.290232314870717,-3.160716431613882
-5.289820123699029,-3.159280716387169
-5.289429158406556,-3.157864552964367
-5.288801176580688,-3.1563949002344525
-5.288423349859281,-3.1546971382197073
-5.288404567350319,-3.1533316217467533
-5.288513364913935,-3.1517210829205036
-5.28857652951934,-3.1498994847204074
-5.288254979718127,-3.1477214084813254
-5.287794478394565,-3.145128255298016
-5.287166501501972,-3.142114468862471
-5.286406423496549,-3.138977823947381
-5.285797699928757,-3.1356582330556706
-5.284824443832517,-3.1321369597920614
-5.283300288131711,-3.1291477599583746
-5.281611944823661,-3.125547877188715
-5.279387644131194,-3.1215191085751335
-5.277416276935712,-3.1171237507113854
-5.275004733592199,-3.1123162579865102
-5.272755606165477,-3.107778662774184
-5.270041504375943,-3.103181182044074
-5.267271728966066,-3.0989518260179647
-5.2642268191970985,-3.094484152617098
-5.2608993100696395,-3.0900525056948602
-5.25753591922382,-3.0854817928089253
-5.254101330689201,-3.0808610818838718
-5.250620762609247,-3.0761458943720905
-5.247513972478717,-3.071650522625837
-5.244205615239601,-3.0669825392590795
-5.240568358772896,-3.0623575076674365
-5.2370655009960885,-3.0578202171615074
-5.233252749243672,-3.0530200818633166
-5.22945170193038,-3.0482329491799605
-5.22576885131711,-3.043513567464375
-5.221762320031413,-3.038766072793414
-5.217684840627219,-3.0339791871695865
-5.213931933802405,-3.029511753042003
-5.209921423286216,-3.025226723733511
-5.205773132928392,-3.0208541037137975
-5.201556421801493,-3.016414845953926
-5.1971465808151125,-3.012112594473532
-5.193000258961345,-3.007732228161273
-5.1890224121339665,-3.0035404706210356
-5.185270517921759,-2.999520798502249
-5.181276055447351,-2.9957413082215756
-5.177346979420073,-2.9920350573580836
-5.173811533880569,-2.988103128052454
-5.170231775917882,-2.9841069512495237
-5.166473471099701,-2.979910934069379
-5.163106085416972,-2.9754679132819386
-5.159928218817509,-2.97120091057697
-5.156492553029303,-2.966645221881473
-5.153601778799458,-2.9619697864625367
-5.150804298914759,-2.957189905852207
-5.147866521132972,-2.9522525653902423
-5.145223676662747,-2.9469151815512817
-5.142574105823618,-2.9419192760277855
-5.1399370166074165,-2.936936813594903
-5.13759882541091,-2.9321062011097516
-5.1360020995346956,-2.9261038275673408
-5.134850701243063,-2.9205730613078806
-5.133980316996385,-2.915038353207394
-5.133239775367753,-2.910002747367879
-5.132966467115528,-2.9054481592674386
-5.133137367673515,-2.9002557935962674
-5.133436543505471,-2.8956355333960864
-5.134479464282,-2.8917901494704803
-5.1357997764943875,-2.8877450213717317
-5.137688735098371,-2.8842830696840362
-5.13949828827235,-2.8806680575453796
-5.141806177666174,-2.877086521097986
-5.1443839155314475,-2.873360480174241
-5.1474671311454605,-2.8700994024781568
-5.150693525671968,-2.866901168353398
-5.154294915708077,-2.8642433723067966
-5.15810624373268,-2.8617785070411386
-5.161950819438571,-2.859417606113218
-5.166232157456049,-2.85768983802723
-5.170982953310511,-2.8563937747015475
-5.175694458407635,-2.8553184276718575
-5.181163731546085,-2.8551444040973357
-5.187336426507283,-2.855617156632826
-5.193743354414059,-2.8560832354018575
-5.200840546895483,-2.8573749579828114
-5.209225025407561,-2.8571817855052313
-5.217840010307237,-2.8571652416367255
-5.226739224246015,-2.8567560830794387
-5.236236830077021,-2.8567490486140557
-5.247782147617998,-2.856805501204923
-5.25943098675984,-2.8569802733008016
-5.272077731116495,-2.856438201756866
-5.284883363720941,-2.8560419924747573
-5.297343966322021,-2.855254767215569
-5.310691115626973,-2.8538323722001153
-5.324349436326847,-2.8526933887386976
-5.338289316836445,-2.8518728353377214
-5.352726026297138,-2.850697350150898
-5.367617083025947,-2.8499124538303664
-5.383313542435483,-2.8487750262720724
-5.399016064915584,-2.8482571232645544
-5.415559523294301,-2.8468273183841437
-5.432056807861933,-2.845339855575063
-5.448806333827779,-2.844701556633093
-5.466383289344911,-2.843512276371903
-5.484800906048235,-2.840635075010274
-5.503297827145025,-2.83849828897716
-5.522069868698878,-2.8352624110331197
-5.54150852667148,-2.832653919353738
-5.560779753102925,-2.8299866402195035
-5.5796547182373235,-2.828260211938785
-5.598966954842393,-2.8269177974645783
-5.61817993080959,-2.825753027111529
-5.637317348234965,-2.8240608194062395
-5.656533672077521,-2.8224298124350167
-5.6756597139615454,-2.820684674876205
-5.695020601316286,-2.818577353208832
-5.714516879967854,-2.816580652532348
-5.7337982067239,-2.814865355875508
-5.752883971414854,-2.8127974777930365
-5.77208195650367,-2.8108190142965053
-5.790892520565583,-2.8088985661588057
-5.809523936346169,-2.806840480760465
-5.827856028915999,-2.804502466279602
-5.846372228104502,-2.802468490817388
-5.863986629813747,-2.8002786763341216
-5.881513058608386,-2.7979997888120853
-5.899351596000203,-2.7960047323883135
-5.918389021106664,-2.790475441522689
-5.937040360883268,-2.784594487594949
-5.95627863659412,-2.779119305439303
-5.97416257800884,-2.7731757760120055
-5.991952703241846,-2.767142420888488
-6.009982582284253,-2.7616728406068725
-6.0267462272961785,-2.7557936877857725
-6.042535247342147,-2.7516436041377754
-6.0584951320009095,-2.7477556339080977
-6.073682663611966,-2.7444121850897374
-6.0887977928061785,-2.7409763130781166
-6.102133435028441,-2.7377895900520905
-6.114867896723545,-2.7348662345013914
-6.126700601263676,-2.7329645725294247
-6.138021745433001,-2.7306095589827253
-6.1492143720086165,-2.728722870190793
-6.159654737781342,-2.7277265442490117
-6.169130170922234,-2.725878462646116
-6.17819855569713,-2.724198239156744
-6.186360286032538,-2.7231233150608323
-6.193783644442042,-2.7214290704700126
-6.200366793881732,-2.7203215428034175
-6.206618287309281,-2.7189320425164096
-6.212658862322417,-2.7169877789312045
-6.218531355838488,-2.7149983570767002
-6.223688881924888,-2.712474998310855
-6.227638396101761,-2.7100758838751617
-6.2306226996266645,-2.709279789119838
-6.232963603927558,-2.7081346984085166
-6.234521209878576,-2.7075852640172373
-6.2352601968128685,-2.7063158040338795
-6.235813091864352,-2.70535608664759
-6.235734760000057,-2.7045380296075767
-6.234284919479402,-2.703332337899917
-6.232770831474414,-2.7020487543552747
-6.230748572249397,-2.701122854278477
-6.22858886315227,-2.7000749926922634
-6.2264432493748565,-2.69904259367777
-6.223877949702383,-2.6983063720490286
-6.2208105065746,-2.69712601302267
-6.217333089230275,-2.6954495338672313
-6.214008015234571,-2.6936704390114876
-6.210738368089225,-2.6919390813798394
-6.207295110419459,-2.689996658381913
-6.20403130469157,-2.6879326471582647
-6.200913992576984,-2.685997028738009
-6.197109428983029,-2.6832329051831203
-6.193746993963651,-2.6802036074225564
-6.190434162342506,-2.6772070805272214
-6.186465856553597,-2.6734831354381052
-6.1808748752034655,-2.6726600808564913
-6.175201399158214,-2.6716747000042202
-6.169169845079355,-2.6702364234301
-6.163593399578961,-2.668480703214735
-6.157652033421503,-2.666387667986942
-6.151140828610943,-2.663669951049855
-6.145254961562462,-2.6605150964026327
-6.139097809071801,-2.6570674032296657
-6.132480509983498,-2.653091420881593
-6.126181004974267,-2.648893872441701
-6.119443704415497,-2.644170244777066
-6.112592023149983,-2.6393454425170852
-6.106346028111,-2.634095494460905
-6.0997595790725105,-2.628436862420629
-6.093066719078369,-2.6226842828653276
-6.086536436604847,-2.616189406401877
-6.079842884230209,-2.609490392006809
-6.073544606914152,-2.6028772932153723
-6.067979068250004,-2.5954332173787775
-6.062147220332006,-2.5877587018082315
-6.05612457434711,-2.579755754817286
-6.0503180496052495,-2.571598446801286
-6.044197410122347,-2.563144993159413
-6.036829591561691,-2.555498106643757
-6.029727119443438,-2.548398612316329
-6.022507853038459,-2.541105012177405
-6.015080624815058,-2.533562400529506
-6.008013613717337,-2.526256175263542
-6.000709640138696,-2.5185269815817795
-5.993250584325781,-2.510612158694933
-5.985605710260192,-2.5032343986838774
-5.977964350534588,-2.495421644230078
-5.9698716825282485,-2.487068323166031
-5.962036957095049,-2.4789368059054393
-5.953338193699257,-2.470047232586511
-5.944320034999965,-2.4602571393084207
-5.934460314878183,-2.4508235912379144
-5.923280768718784,-2.4400829520865903
-5.911161586529347,-2.4300092635491386
-5.8987796860546435,-2.4195999851023786
-5.885929350781518,-2.4088900808199236
-5.87166852471274,-2.3991892329790034
-5.856687682739573,-2.390491996814535
-5.8420847467222625,-2.382248509110312
-5.8264622133481865,-2.3733115931332383
-5.809348663083901,-2.365476014307156
-5.7927635736762575,-2.358271153907946
-5.775641494948458,-2.3504726899087163
-5.757286135639332,-2.343568551374716
-5.7395045010817745,-2.3372864625473957
-5.720802960981691,-2.33019243249262
-5.701385734686431,-2.3241622905352357
-5.6817662045442185,-2.3179035041785445
-5.66152283065964,-2.3108529037564836
-5.64076227186692,-2.304276001384523
-5.620127449351671,-2.2977826415074603
-5.597980581394907,-2.2906746556187634
-5.575695530689508,-2.283392398947978
-5.553163532635564,-2.2764289526358596
-5.5295068682981805,-2.2683724880201845
-5.505693020964586,-2.2601177903585055
-5.482016605727552,-2.2519772083499086
-5.457565698383973,-2.2432870557918774
-5.43306463943688,-2.2345245035934957
-5.408763770191654,-2.226134303436595
-5.38274125624781,-2.2196881252207064
-5.356528545364277,-2.2130119309135394
-5.33045784011929,-2.206840312791356
-5.303886923712611,-2.2011603109923983
-5.277550059525187,-2.195664037361028
-5.251776566885017,-2.190769325026736
-5.225870331171799,-2.1858867555373984
-5.199832559504373,-2.18076881352829
-5.174637677756835,-2.175817111320015
-5.1496703150001695,-2.170746994987957
-5.124473834606148,-2.165353712051515
-5.100542375133753,-2.160195003377776
-5.076083887526947,-2.1544282515364266
-5.052664916747742,-2.148478341520443
-5.02904347429605,-2.1422870319568172
-5.005927254273589,-2.135848470932022
-4.983806428666942,-2.1290956200690925
-4.961538847548843,-2.122169456737445
-4.939979506511933,-2.115075576315403
-4.9197137215889954,-2.108396560010564
-4.899535212588581,-2.1018169347375313
-4.880125288525682,-2.0948391684977943
-4.860750874264638,-2.0911172850361233
-4.84274212840677,-2.086361272159694
-4.824646370669475,-2.0815090224951662
-4.807313325544598,-2.077348603563322
-4.791242149095658,-2.072227487298557
-4.775688471993214,-2.065860592854278
-4.760283281355311,-2.059609502011237
-4.745882520502633,-2.0540037582412527
-4.732861295667122,-2.0472373740026497
-4.719708998208114,-2.0403429165064577
-4.707316547557141,-2.0338006461957194
-4.695916284226519,-2.0261562544073333
-4.684221745873542,-2.0182057967655607
-4.673396756747629,-2.0110555133188845
-4.663490403720153,-2.003124523112948
-4.65318276246265,-1.9948678547646534
-4.643471533753771,-1.9870591022664972
-4.6336763033014545,-1.9782551368035557
-4.62427795451733,-1.9699058637155282
-4.615897518438849,-1.9624884005415864
-4.607474341104432,-1.9551120423308268
-4.599780561194524,-1.9479481333132431
-4.592816858831353,-1.9421435965880092
-4.585900351522493,-1.935599506695901
-4.579692605920944,-1.9298644260574187
-4.573562830843678,-1.9251992206085577
-4.567522635894666,-1.9206675753623323
-4.562285653880046,-1.9168208033179108
-4.558565504260689,-1.9119139875580327
-4.555363510995293,-1.9076385785571737
-4.552009756572306,-1.9034777127951767
-4.549192727882375,-1.89990447647124
-4.54647702132308,-1.8964359098514776
-4.543595984136136,-1.8930931228767938
-4.540907347992884,-1.8899554148028619
-4.538946160421276,-1.8875725540648172
-4.536669904305152,-1.885431632702147
-4.534566330974311,-1.8834929116844796
-4.532906764959017,-1.8821279920177618
-4.530532228396014,-1.881158607023519
-4.528822773990276,-1.8807487811265007
-4.526778286926859,-1.8811562149634153
-4.5254714038667005,-1.8824039957973955
-4.524270263972975,-1.8834453011260377
-4.522444431407373,-1.8851380642346052
-4.521017062609203,-1.8883197419979811
-4.519301645013366,-1.8912230696050443
-4.51732965018219,-1.8943239964137144
-4.516096607118408,-1.8982206743917076
-4.514899522026035,-1.9021820602754285
-4.5153428586887605,-1.9040875024161759
-4.515842760809502,-1.9067035326702022
-4.516962586049898,-1.9100238508859566
-4.51833228900268,-1.9131776504509104
-4.519914404761499,-1.9167216737609751
-4.522001624399236,-1.920839320148712
-4.524355080816941,-1.924345871844252
-4.527417765743589,-1.9287630611497797
-4.531083837203351,-1.9338658869235237
-4.535431798776026,-1.9385635065751063
-4.540683077354482,-1.9444205166693658
-4.546515522310245,-1.9509383194140402
-4.553442937391858,-1.9567966989715477
-4.561640864589321,-1.9637971097803593
-4.570344008341496,-1.9713726439622663
-4.580577674072581,-1.9786908192731683
-4.592142750440056,-1.9873098048932634
-4.604514783218306,-1.996702973110875
-4.6174746013419705,-2.0050217167266537
-4.631061141300117,-2.01329477787018
-4.647336355232453,-2.0204280632286395
-4.663806392481111,-2.026632965356676
-4.68074267019275,-2.032573319746419
-4.698582998781052,-2.040179311198435
-4.715740248016152,-2.046961380748031
-4.733677005959142,-2.05349042665853
-4.751869893703241,-2.0602485957724315
-4.769395215328177,-2.0662308775887643
-4.787518444054192,-2.0720317564349986
-4.805450103345495,-2.0775346028034325
-4.823361211601946,-2.0830615861633355
-4.84089328068916,-2.0881468631147855
-4.858550454246036,-2.093339776871962
-4.876327440980438,-2.098451564473181
-4.893980010538133,-2.103412501446621
-4.91124856459475,-2.108021601977077
-4.928485274729468,-2.112663352672584
-4.945293150423939,-2.116803419832166
-4.9621955345499815,-2.120950632713037
-4.979149244489021,-2.125219776974453
-4.995887536412344,-2.1295044089174997
-5.0120106837530525,-2.1332302741438074
-5.02782506193969,-2.1370832053294633
-5.04333732152585,-2.140929519420262
-5.059407344731062,-2.1437761879177266
-5.0756399763429485,-2.145833342615364
-5.09131976951263,-2.148440657794448
-5.107086720459936,-2.151522849577036
-5.122390793453437,-2.1541874837519805
-5.137163826574886,-2.1569845471236926
-5.1518066756247745,-2.1601093091188264
-5.165553486846446,-2.1624302380316567
-5.178807527649268,-2.165256320455829
-5.191685325226755,-2.168138765023777
-5.203853197852801,-2.1712362968493464
-5.215406014243371,-2.1737077374087574
-5.226024938840169,-2.1771014191329856
-5.23590101266003,-2.1798741344539754
-5.244670620565557,-2.18216703022384
-5.252775029648297,-2.18488459983311
-5.259211683339886,-2.18655573334743
-5.2652413418638,-2.1877531574400355
-5.270000511246408,-2.1898899810601256
-5.272534895305735,-2.1913322011334277
-5.2742993174907165,-2.191874900940083
-5.275095980946783,-2.193133541083795
-5.274676048833589,-2.1933056376447064
-5.2738866754960165,-2.1930455117995002
-5.272047446239189,-2.193563220856351
-5.269769458572982,-2.193627156599732
-5.264733832720008,-2.194630465241588
-5.259072130743857,-2.196098525938621
-5.2533168174103615,-2.197467669177682
-5.246580695868798,-2.1978771354743474
-5.239641658322902,-2.1984388997866358
-5.232447804515521,-2.1987233203359047
-5.224722699601994,-2.19841880397707
-5.21690950340799,-2.1981819227680317
-5.208697812543954,-2.197549082386523
-5.2000862090519355,-2.196480977716131
-5.191663091387059,-2.1952756584338693
-5.183245199500218,-2.1940620266935627
-5.174558220871367,-2.1925763653301416
-5.165467770236329,-2.1913933824627736
-5.156197043861211,-2.190047068756602
-5.146970499634312,-2.188729180107827
-5.137231129222391,-2.188094623645216
-5.127357792110556,-2.188024640121378
-5.117481234229341,-2.1879483602167826
-5.107809007751603,-2.188033401357683
-5.097758599333246,-2.1885565466516446
-5.088116337409904,-2.1894422146709402
-5.0786514026748355,-2.1900392390980215
-5.0690946359606395,-2.19094520382494
-5.058823435041958,-2.192693135316077
-5.048840569059463,-2.194705951205946
-5.039386116671957,-2.196326163403341
-5.0293941220824365,-2.197322639659886
-5.019845366467742,-2.1987160831931813
-5.010535060258166,-2.1999325982687385
-5.001069771840239,-2.2009683422764734
-4.991833652846323,-2.202209111389154
-4.982825349858533,-2.2028129934207477
-4.973879343953637,-2.203454130838101
-4.96514926205006,-2.2034490901963784
-4.956525137419795,-2.203906509834434
-4.948306105233983,-2.2038392468754555
-4.939681664575016,-2.203367830577277
-4.931516335013779,-2.202837030188289
-4.923396302389079,-2.202358524799982
-4.9154595564891626,-2.2016073189125294
-4.906952850541223,-2.201681510059154
-4.898502764860992,-2.201712540985117
-4.890855567280442,-2.2011436391399357
-4.883469089373981,-2.2008872452760677
-4.876151596669698,-2.200578766282801
-4.868759200365818,-2.20018660571707
-4.8613460624874065,-2.199822711669148
-4.854093659712544,-2.199337902920063
-4.846839516640004,-2.1988008320544026
-4.840036892518722,-2.198787229064381
-4.83311783681253,-2.1988610408669924
-4.8263189871384675,-2.199060716816919
-4.8197158970137455,-2.199507835777339
-4.813248663670102,-2.199852877989626
-4.806812210330346,-2.2002131991772296
-4.8006185912691475,-2.200890282393865
-4.794458392155565,-2.2015424640570234
-4.788664506061959,-2.202551261432559
-4.7831409016968,-2.2038701163970473
-4.777820635886247,-2.205036087968694
-4.772480698067322,-2.2061886714169625
-4.767120027633492,-2.2073468775445226
-4.762472921321442,-2.208316153779182
-4.756940810694355,-2.2109195643725252
-4.7521626189989385,-2.2134894544282444
-4.747913791462064,-2.2154964207733303
-4.744066695978645,-2.217253265682551
-4.740661347710369,-2.2188186125436475
-4.737397904583437,-2.2205454062104124
-4.7348904247736,-2.2219230214557872
-4.732444767516296,-2.2233975297339312
-4.73041141232058,-2.2247218758266034
-4.728961970337364,-2.2262160418456105
-4.727976977793433,-2.2282218535717537
-4.727180442898055,-2.2300161698822794
-4.7267074847499115,-2.2319458061158617
-4.726639441423705,-2.2343345198989284
-4.72689408423931,-2.236196178744864
-4.728003836088377,-2.238584693273675
-4.729405073482242,-2.2413035632635085
-4.731364406847399,-2.2439380825054234
-4.734004006385693,-2.24705267645648
-4.736765689234203,-2.250305564748126
-4.740199210527423,-2.2532954096411073
-4.7444736551125075,-2.2566842985093802
-4.749049823156237,-2.2596515768025647
-4.753998968522663,-2.262985638529124
-4.759450318884036,-2.265944666285346
-4.765595907665391,-2.269533593304424
-4.772222183019383,-2.273592728724287
-4.779573596140576,-2.276741681795496
-4.787464748087424,-2.280065653268423
-4.795693082331763,-2.283769796198323
-4.804209821483044,-2.28735530244554
-4.813131615705842,-2.29149644622354
-4.8225002367246805,-2.296142337123555
-4.832063816197859,-2.3010083683680613
-4.841737015436839,-2.306062580284246
-4.851925441653197,-2.311699861687649
-4.862397985136782,-2.317182216156816
-4.87323739541556,-2.3227899392593887
-4.88453961293662,-2.3289214181095996
-4.896033171287757,-2.335088075401337
-4.908214546651061,-2.3418790299601833
-4.920552132325356,-2.348661060469692
-4.933694543903788,-2.356316790459331
-4.947049799762168,-2.3640777226728527
-4.960485605187094,-2.371586738698778
-4.975076946222984,-2.37752013993473
-4.989946837547322,-2.3840089829587905
-5.005375912606899,-2.3909996605285144
-5.021243673887069,-2.397888324820894
-5.0372377382074305,-2.40510265255609
-5.054701419245089,-2.4112001466875506
-5.0721620235713445,-2.4168260819686194
-5.089560987714594,-2.4223799152119243
-5.1074256906581965,-2.428348126264809
-5.125417679081509,-2.433922191244653
-5.1428797668464075,-2.4388858963337032
-5.160346010458087,-2.4441317588455753
-5.178146666472884,-2.4488028023762554
-5.195574943453935,-2.453672473696212
-5.212369631523561,-2.4579665739991485
-5.228631200502647,-2.461922906557587
-5.244594545378701,-2.4659676551165437
-5.260477253407347,-2.469937171548237
-5.27606827880146,-2.473864908458776
-5.291292914465629,-2.4783215697672873
-5.305702228091727,-2.482041148630138
-5.319812319795106,-2.485514808828745
-5.333377011412051,-2.489046996407558
-5.346236047477152,-2.4919421139163265
-5.359381699690138,-2.494265702940681
-5.37193363170747,-2.4969223078310305
-5.383784432387535,-2.4989476441837235
-5.39536388273131,-2.501379638487885
-5.406425849570027,-2.503211063028211
-5.416505934027314,-2.505109383553404
-5.425757155090001,-2.506234815794462
-5.434570930824387,-2.5074062067919
-5.443236590889027,-2.5086839137223733
-5.4509979752712105,-2.510037101208803
-5.458534790168977,-2.5111818656727904
-5.46554413907753,-2.5127078585654234
-5.472100900671106,-2.5138883312198534
-5.478190846399453,-2.514646736107045
-5.484412210628055,-2.5154798935163534
-5.490262597527579,-2.516459357821838
-5.495594218944008,-2.516897982585243
-5.500852583161095,-2.517256502381553
-5.505546127392129,-2.517740745711428
-5.5097182690088955,-2.517620174940466
-5.514068297156736,-2.517869087589087
-5.517302589082006,-2.5178086554559185
-5.520253555788201,-2.517657229105348
-5.522606987663359,-2.516809555665875
-5.5245584363280225,-2.5159938185948567
-5.526213435917533,-2.5152127864242533
-5.526897634511186,-2.5161860210675955
-5.5269308868204785,-2.516890001484723
-5.526359285281711,-2.5170517147910414
-5.525402404295417,-2.5173455558284816
-5.524128055989025,-2.5171275758404374
-5.522342910083959,-2.5164515308141215
-5.519652460567326,-2.5161170980092256
-5.517204311720997,-2.515606339684471
-5.514540069390261,-2.5149014301894144
-5.511016415412968,-2.514481076394234
-5.507765726756614,-2.5142874293240545
-5.504207189762491,-2.513816857162881
-5.499996657055436,-2.513552247929149
-5.495821708897222,-2.51334104963652
-5.491956377332441,-2.513406436496287
-5.4881980346628705,-2.514129944026446
-5.484097546844184,-2.515233505917159
-5.479886319639466,-2.516236000023217
-5.475977715521819,-2.517289337151501
-5.471627986540379,-2.518408217354061
-5.467672061022998,-2.519981509766078
-5.46333999234634,-2.521827768339156
-5.4593132329562195,-2.5240260334789446
-5.455795567879437,-2.5266791820909025
-5.451762465991349,-2.5299851777736078
-5.447984862589966,-2.5335847518938497
-5.44437088237097,-2.537328544153241
-5.440781534059897,-2.541054032298415
-5.437576378478399,-2.5452219864458865
-5.435075261793905,-2.549735121669272
-5.43257329105141,-2.5544451919523663
-5.430452616630621,-2.5590456907394765
-5.428361554889352,-2.5636522184242874
-5.426703793136144,-2.567943964896328
-5.4251603462528655,-2.572316117973019
-5.423792548377296,-2.5763759539073203
-5.4219914959014535,-2.5805637340373755
-5.420310913650201,-2.5847706969352653
-5.417779431939698,-2.5899600769121838
-5.415792728580319,-2.5951658197893517
-5.413940200024125,-2.6006476025091847
-5.412012999025578,-2.606515778750271
-5.4104458799355495,-2.612082566390914
-5.408718309409498,-2.6177749878106598
-5.406556588572718,-2.622965257508483
-5.405027741460587,-2.6279581908607854
-5.40364047857663,-2.633141569344068
-5.402169146257218,-2.638227660857359
-5.401009531286138,-2.6431664486833064
-5.399448997098906,-2.6476161228477526
-5.397532773179514,-2.652072109398732
-5.395659016474215,-2.6561493006350423
-5.393459251166399,-2.6598476053417754
-5.391096514655116,-2.663808760698832
-5.388737192495791,-2.6678932941905327
-5.386139202291929,-2.6716802638402046
-5.38313462673918,-2.676071169740417
-5.379652225936376,-2.6804196489636563
-5.375783698179653,-2.684391872201619
-5.371395617042053,-2.689073243946194
-5.366863285270196,-2.69371766298662
-5.361226244239627,-2.6999554161358197
-5.3548755925521165,-2.706971772535861
-5.348608239395142,-2.714069687761286
-5.341970715403541,-2.7208304146294493
-5.334577679518279,-2.7274038185390745
-5.327811140333294,-2.7339294472390616
-5.320276947864879,-2.7397544718211075
-5.31185072997093,-2.7459553947783
-5.303822583505497,-2.7520401865273443
-5.295058156858792,-2.7573623769299394
-5.286108006781178,-2.762818551701303
-5.277216221606147,-2.7683379059892537
-5.2672613547775455,-2.772883463621005
-5.257198219743875,-2.7772412989094963
-5.246455577405087,-2.780929417273758
-5.23565021515756,-2.7845632210119042
-5.224581938869251,-2.7883877991356205
-5.213034763113155,-2.791772284603894
-5.201313991926832,-2.79498270188587
-5.189720243339407,-2.7981032846548746
-5.177459077910952,-2.800587986177914
-5.165341120222551,-2.8032318733448487
-5.15316614350244,-2.805919307375877
-5.1390383463395395,-2.8111486783095874
-5.124765971301306,-2.8162418813595487
-5.11089818713447,-2.821138817076295
-5.096995405563881,-2.8260278401022068
-5.083502208760818,-2.8295086039104413
-5.069556247072579,-2.8325436289775476
-5.056107326971829,-2.835220987906687
-5.042609800315269,-2.8378282118913383
-5.028895498883837,-2.84019730901749
-5.015968521556361,-2.8419977032986474
-5.003452941578981,-2.844209574922922
-4.990079720413131,-2.845491751161542
-4.977877003640802,-2.8459258592264147
-4.965941869197577,-2.8466219333714338
-4.9531748566358385,-2.8464450146095985
-4.941928416767492,-2.846122416001325
-4.929924621456656,-2.8445583016229925
-4.918473676898063,-2.8435085492612733
-4.908201133737328,-2.8422428357565783
-4.897710299317687,-2.8403044928758425
-4.887082760456174,-2.838241818358861
-4.876941035503399,-2.836453277744195
-4.8670902048568285,-2.8339600428023655
-4.857530861931291,-2.831739826653081
-4.84670489277096,-2.8315818931525745
-4.836275164647787,-2.831130825925523
-4.82593028105694,-2.830750308806161
-4.816661364378893,-2.828719403788465
-4.808083526854308,-2.826179979422322
-4.799461669456855,-2.8235952357904988
-4.791023244228737,-2.821183800111296
-4.783338045844063,-2.8182172838020114
-4.775417076099946,-2.814993371995363
-4.768279546816911,-2.8125010997010484
-4.762167047626244,-2.809253501625725
-4.756066330541239,-2.8060213904846405
-4.750148681073774,-2.803065373954671
-4.744942542603828,-2.7997875044799514
-4.739635494448204,-2.796233077707595
-4.735025342656754,-2.793328702219562
-4.7309707097105145,-2.790757720761143
-4.727548604839331,-2.7885049059607736
-4.724051868436083,-2.786177847049341
-4.720628455932183,-2.7835357141893677
-4.7178773771136076,-2.781210370964618
-4.7151996513793595,-2.7789619959458913
-4.712614231071395,-2.776848059368516
-4.7116816290335874,-2.7737607935679542
-4.710747707701259,-2.770375888339795
-4.7101296963011725,-2.7670020094506356
-4.711400929853191,-2.7609152495376863
-4.7127009268901165,-2.755233103328872
-4.713721888012349,-2.749277363616343
-4.714967529006992,-2.7435304192801917
-4.71630719090055,-2.738294929752991
-4.717792468945576,-2.7332123743833665
-4.719152367677711,-2.7287210347080078
-4.719778180835394,-2.724672609109677
-4.721030256931321,-2.7213145716423255
-4.721421797594222,-2.718190792492108
-4.72087530613236,-2.715363600993409
-4.721566195867827,-2.7139053123004304
-4.720796705268266,-2.7129831407743654
-4.719115747959239,-2.712413618579175
-4.718470961427826,-2.712990969371328
-4.7166524069877855,-2.7141528265006527
-4.7154325569172775,-2.716714372238756
-4.714095325526239,-2.719206428745023
-4.7115656232553675,-2.721981901726525
-4.709638431318913,-2.725163185268261
-4.707369934029819,-2.727954630275657
-4.70484542373505,-2.7307503127919004
-4.703065850465046,-2.733187137225565
-4.70119542055653,-2.735586214660329
-4.700372464645567,-2.735641221775453
-4.699618353104186,-2.7352867775452396
-4.6989589237275515,-2.7348653110801413
-4.697849780114318,-2.733937568125625
-4.696728013667108,-2.732759408912724
-4.695060256863354,-2.73117948778239
-4.693580279233504,-2.729774280756814
-4.691571705882833,-2.7277364775882487
-4.6896645625802735,-2.7256408610953717
-4.687490801154273,-2.723297344781748
-4.684482304034019,-2.7205729714892364
-4.681456570613631,-2.7176577568513958
-4.678797223864792,-2.71497911745515
-4.675524554852073,-2.7116230737792923
-4.6722980347968965,-2.7082347389504324
-4.668932923180955,-2.704717593749154
-4.6647822431420884,-2.700332885752397
-4.660866744672423,-2.6957761432025116
-4.657093624969527,-2.6913520340233443
-4.653376530747189,-2.6869898479572525
-4.64954508626598,-2.6827137092560043
-4.646233739776569,-2.6776556235157427
-4.643137396214555,-2.67277842128212
-4.63888006888307,-2.6693117037673364
-4.634654077993957,-2.6658225626142213
-4.630446564030073,-2.662379341919662
-4.626404208677209,-2.659094436250481
-4.622696863253387,-2.6555620828300297
-4.619263294930082,-2.652292783694461
-4.616021111476434,-2.649165749819389
-4.613135558714807,-2.645774458247029
-4.610584744161168,-2.642756338372566
-4.607926818677365,-2.639591208502753
-4.605988242339618,-2.6358922102567073
-4.6039356359177175,-2.63206724245125
-4.602343759723472,-2.628670574658408
-4.601520147256125,-2.624702876749914
-4.600568683178644,-2.6205935499859403
-4.600289368596792,-2.616996793233519
-4.601050907398657,-2.6132326922861413
-4.6014207961255655,-2.6092874697910005
-4.601895993087477,-2.6054391307855584
-4.602843346432707,-2.601378810740103
-4.603484972890869,-2.597119957217067
-4.60455446361981,-2.5932570535725556
-4.604996823116758,-2.590170932512901
-4.606097965679102,-2.587812754877759
-4.607025116308749,-2.5857667215402707
-4.607374420676367,-2.5842742813866733
-4.607832852639579,-2.5828482002790203
-4.608392037281513,-2.5820016528976972
-4.609222133780229,-2.5814061490677185
-4.610234825361678,-2.581183897623927
-4.611500241472827,-2.581710006824548
-4.612958694450991,-2.5824151131767725
-4.614979299282052,-2.5835410096703035
-4.6167409894063605,-2.584771097889587
-4.618980830950241,-2.586545091229083
-4.621301659091111,-2.588579001239339
-4.62369609392375,-2.590886501578289
-4.626691300060583,-2.593849230381658
-4.629663936926417,-2.5969591373086303
-4.632230651995645,-2.6001679646896694
-4.635194401907495,-2.603835659269097
-4.638277399939542,-2.6078871493668427
-4.641381038103236,-2.612064842853775
-4.645273236659194,-2.617115792814273
-4.648844023823616,-2.6225317740635057
-4.652155201188586,-2.6279675991025426
-4.654255117548558,-2.6352928823765778
-4.656383643681148,-2.642779185341104
-4.658052491487194,-2.6511025967780326
-4.65939589005227,-2.6591199682640627
-4.6610386428447255,-2.6674674383978974
-4.662401006967973,-2.6758711175454106
-4.663547045103654,-2.6841284842505377
-4.66459049029782,-2.6922952668359
-4.6657250014631195,-2.7007231440725206
-4.666603527775004,-2.7092493338939287
-4.667422132078371,-2.7177765370365203
-4.668065320940042,-2.726307999683659
-4.6682060871813205,-2.734555833020039
-4.668242125674531,-2.7427144615030437
-4.66827052503742,-2.750944831167467
-4.6675983565930945,-2.759083910615721
-4.666974771416326,-2.767312008203017
-4.6662792760424825,-2.7755935661483857
-4.665030159069322,-2.7835725618760634
-4.663625520495909,-2.791548029810884
-4.6617073127468815,-2.7989869381679373
-4.659825356835141,-2.8063973860715525
-4.658185516264292,-2.814060796915384
-4.656637757508274,-2.8217951621203294
-4.655025514185065,-2.8296684703701382
-4.653611701804475,-2.8372897616106636
-4.652797381652267,-2.8443356434958105
-4.651489971202696,-2.8508389077478857
-4.650935201521387,-2.8567888563777717
-4.650785547713894,-2.8631169062278117
-4.650460157330065,-2.8692515070501603
-4.650862067959444,-2.874852345445642
-4.65144825784076,-2.8806253486556646
-4.651480580604451,-2.885792153491481
-4.652374337627872,-2.890328176894057
-4.65328092048207,-2.894876347161219
-4.654334423974585,-2.899114402861168
-4.655396441613941,-2.9029870894358334
-4.657104779222617,-2.9068899192328406
-4.658769147692389,-2.9107449967846724
-4.660708870532877,-2.9146542499665564
-4.662703260406513,-2.918429730041777
-4.664812585188177,-2.922331055077465
-4.6676856619492195,-2.9263576701466727
-4.670791708319802,-2.930307175933702
-4.673960898390419,-2.9343257770138202
-4.677444273631413,-2.9381163947026163
-4.680978823262867,-2.941915164840033
-4.684542451385653,-2.9457575425879
-4.68867668395121,-2.9491855887394407
-4.694306158664447,-2.950991492230163
-4.699752281679407,-2.9525962386622817
-4.705600658057596,-2.953764482524677
-4.711840910390304,-2.9553021268058033
-4.717950743489335,-2.956695789188107
-4.724212287058951,-2.9581298509274134
-4.73066706229464,-2.959658738127497
-4.737059025199941,-2.9611172596173185
-4.743440367764461,-2.9622554086627106
-4.750369530859223,-2.9635591254978855
-4.757159712253475,-2.964708461212025
-4.763960978907724,-2.965974641913363
-4.771064249935982,-2.967274451874348
-4.778143859162068,-2.9685458964911224
-4.785101987931921,-2.969839549211097
-4.792415006904761,-2.9708426651604523
-4.7996100398953265,-2.9717135122959566
-4.806840107374944,-2.9725585172610747
-4.814219488797872,-2.9732588996009466
-4.82137882180776,-2.9737143750042696
-4.828949540358713,-2.974035418351451
-4.836475944902041,-2.974391063734654
-4.843514830784148,-2.9742587071470163
-4.850520839553891,-2.974114967127484
-4.857454104597874,-2.9739281972550122
-4.864163347702389,-2.9740004360928296
-4.870311353634107,-2.9742903815727253
-4.876876747613775,-2.9750385238784727
-4.882677170784774,-2.975859546497291
-4.888010900846352,-2.9765157740267987
-4.893644194316044,-2.9775016392555025
-4.898522307569968,-2.978580613442134
-4.902972715372327,-2.979564497900106
-4.907618633553888,-2.9807640254536665
-4.911638023054645,-2.982402694596156
-4.915622859683818,-2.9839825019529287
-4.919451370128431,-2.9858683269173243
-4.923236488160665,-2.987747488396174
-4.926667059374963,-2.9895102081764677
-4.929769916557444,-2.99091125600112
-4.932700308970427,-2.9921517468470014
-4.935524976140831,-2.993468133505767
-4.938225927705407,-2.994648051503816
-4.940506623194192,-2.9953976191311096
-4.942683248103555,-2.99634579837239
-4.9446884428714615,-2.996844230955291
-4.946307489130859,-2.9973780854131613
-4.947535245310258,-2.9975475534375664
-4.948630707856632,-2.9976222799819587
-4.949278519881001,-2.997967219646545
-4.949749494152063,-2.998147485579672
-4.950474305738486,-2.998299113379067
-4.950610852056063,-2.998702641768729
-4.950038060741475,-2.998445446075038
-4.949705448408964,-2.9978609938839496
-4.9489171557576865,-2.9968845425837904
-4.947999381049509,-2.9957875293179246
-4.947770441176812,-2.9942482056828696
-4.946945667423262,-2.9923928674692886
-4.945693283791326,-2.990139400658658
-4.944324893977792,-2.986580950438636
-4.942973330017609,-2.982929631747196
-4.94157277847123,-2.9784449001098205
-4.940373753410971,-2.9733165488777438
-4.939661169210609,-2.96755213697614
-4.93896761241579,-2.961804307116843
-4.93812335524604,-2.955770702363168
-4.937252464628492,-2.949769130406841
-4.93663465023358,-2.9436224722118443
-4.93624654804497,-2.937693310963884
-4.935806778504531,-2.9322585900164193
-4.935506033613544,-2.926722188912364
-4.935614167238232,-2.921564654051231
-4.9357780674949705,-2.9164677436990805
-4.936212592055553,-2.9111737819208465
-4.936645321983121,-2.905841097887607
-4.937795220908003,-2.90047739817586
-4.938727911164694,-2.8949397346193284
-4.940139144963549,-2.8898442155849176
-4.942093122837872,-2.885047857949444
-4.943623018921859,-2.880185783060712
-4.945381415887098,-2.8755336502997992
-4.947557924489742,-2.8710061029971943
-4.949766457710219,-2.866607112439182
-4.952287653323519,-2.862495892883858
-4.955318463745688,-2.858979464954396
-4.958094581773678,-2.8555592324419226
-4.962027664642943,-2.8510562211745114
-4.965991030438427,-2.8469464777609303
-4.970430749944177,-2.8433662880482204
-4.974874186725425,-2.8398118770465515
-4.979507218288213,-2.836444077293738
-4.984368827875057,-2.833330249399578
-4.989168141438151,-2.830308161377398
-4.994242974178052,-2.8275397559299047
-4.999058748640432,-2.8247448438607883
-5.004146879417925,-2.8219974426994643
-5.00921027117539,-2.819226189960701
-5.014130136161155,-2.8162410864741307
-5.019308033265047,-2.8131217120392495
-5.024520027646606,-2.8100324621928428
-5.029341808686026,-2.80681907204458
-5.034129800830823,-2.803803902253456
-5.039120220432916,-2.800957899843124
-5.043763401438298,-2.798363883709697
-5.048914735471019,-2.7963387527712165
-5.0540999255163594,-2.794344038846348
-5.058451816579169,-2.792953732166603
-5.063222512002114,-2.792033468868357
-5.0682089721417825,-2.7913117166012653
-5.073727992839772,-2.7908173313925486
-5.079250448442097,-2.790400927948536
-5.084817146631694,-2.7908581763406106
-5.090047332719224,-2.79184830155789
-5.09476793999552,-2.7934884293883138
-5.099405971274137,-2.7950367410081185
-5.104193959622664,-2.796842479799786
-5.1088044137074915,-2.798761302858426
-5.113272629520173,-2.800949499588723
-5.117353540928009,-2.802782325984131
-5.121153892602979,-2.8045104998790262
-5.124841490626392,-2.8060915787430236
-5.128393271553247,-2.8075484292512525
-5.131487536442008,-2.8089899502146665
-5.134567356196336,-2.8105167487492486
-5.1377428500121285,-2.8121318896876093
-5.140587460887791,-2.8134960233737036
-5.143348112894638,-2.814696030600425
-5.145746339640738,-2.8155634802496916
-5.147492486664488,-2.8162099877587834
-5.149354966979412,-2.816574822874893
-5.15135647106119,-2.8170677127584
-5.1528411352863115,-2.817506803078576
-5.154419636672444,-2.817955749809824
-5.155828192693931,-2.8179288924537578
-5.156451582180513,-2.81707295289987
-5.1568047530219685,-2.816412150150716
-5.156201388964192,-2.8169919277074453
-5.155108373026647,-2.8171218180370663
-5.153413553105066,-2.817393420141554
-5.151057961636515,-2.817573545719426
-5.148358745058454,-2.8174067152765065
-5.14500735631288,-2.8171860623016522
-5.140978311382167,-2.816345735103642
-5.136272416232035,-2.8149125783608717
-5.131298311014816,-2.813255949965258
-5.126070777926612,-2.811569235824818
-5.120760209377723,-2.8101129897967105
-5.115062456380083,-2.808334829178729
-5.108857317786626,-2.80640581096707
-5.102721113675139,-2.8043255914112613
-5.09663099019089,-2.802331250685284
-5.090446070141199,-2.7999913477365377
-5.084540938774596,-2.7976518790044773
-5.078564029661759,-2.7952105097576516
-5.071829069571901,-2.793568270686291
-5.064829557231675,-2.791636372260469
-5.058171906712569,-2.789458409215921
-5.051219901632791,-2.7870062804135185
-5.043782208105199,-2.7840332485947363
-5.036033862441366,-2.781715415511708
-5.0282817013126015,-2.779319919901731
-5.020142429163582,-2.776489417566262
-5.01229450215409,-2.77359723133511
-5.004262346040214,-2.7703608155763253
-4.995797852440785,-2.766639444334635
-4.987617692409241,-2.7624657504174217
-4.979409009640989,-2.757990378012215
-4.9707333790739625,-2.752992036727828
-4.96256331008925,-2.747921535470567
-4.95422294143888,-2.7425084526757804
-4.945425743261968,-2.7365843366339098
-4.9370732325926605,-2.730395573902313
-4.928572007050508,-2.7236290190556787
-4.91968420505981,-2.7164303658133186
-4.910788007896671,-2.7090025332383263
-4.90166348910795,-2.701257146675621
-4.892226343878335,-2.693162534318313
-4.882948311645184,-2.685232182879518
-4.873363314625486,-2.6779132943326456
-4.863201391079175,-2.670083533744668
-4.852555851330525,-2.6617318911217054
-4.8422624573278,-2.653117295170562
-4.831099980563814,-2.6436228011462086
-4.819724391437848,-2.6343718540639944
-4.808259688363781,-2.624971432703396
-4.796771155565994,-2.6147661249613994
-4.785375347672914,-2.6045830790941333
-4.774083638941368,-2.5944719167429797
-4.762554259289055,-2.583392305336118
-4.751554475349461,-2.572481234283773
-4.740515434132937,-2.5615269096735394
-4.729573875536962,-2.550057240831603
-4.719119856493172,-2.5393277658136464
-4.7090814013270945,-2.528954341428845
-4.698965232628406,-2.518508743821089
-4.688736333407954,-2.5083613794982935
-4.678535550005689,-2.497901837218353
-4.668920154128722,-2.4879819219469206
-4.659299408737573,-2.4785963228075163
-4.649619148150763,-2.4693834209425516
-4.6403634123520225,-2.4605620488345323
-4.631138463788122,-2.452143288734451
-4.622474781770197,-2.442842839165616
-4.613906654124087,-2.4336309594572922
-4.606163310187945,-2.4236481288403997
-4.598257887085014,-2.4142081847898393
-4.590262180409134,-2.4049846769277967
-4.582888256881148,-2.3963342262398415
-4.575701111509177,-2.3882340568791482
-4.568195849917921,-2.3803351749437445
-4.5608222081315555,-2.3725575093676077
-4.5534780115727775,-2.3652093198108544
-4.545742677268724,-2.357794879216514
-4.538226865444205,-2.3506951063449044
-4.531545020976294,-2.3444671863602298
-4.524366308211971,-2.3384867887409726
-4.517246380508363,-2.3327858631926004
-4.5107046419827235,-2.327692974338521
-4.503671294728532,-2.3226562023351827
-4.4966199382924605,-2.318101675942412
-4.490234000677531,-2.3142925492214546
-4.483102200777124,-2.311048435680452
-4.4766314458741965,-2.3084068731226535
-4.471578563013079,-2.3047186878740047
-4.466088278264042,-2.301946008735754
-4.460827863761281,-2.299384827329318
-4.455529617371664,-2.297688667222915
-4.4504575196121,-2.2962234312391336
-4.446012153525715,-2.2939803783331136
-4.441863628595048,-2.2934315149161653
-4.437894784884772,-2.293122781724529
-4.434157286158561,-2.29320430528842
-4.430579078930574,-2.2946277808748627
-4.426674945066643,-2.2956276997142577
-4.423404462377049,-2.2973285066630442
-4.419930833653999,-2.3000016740483824
-4.416159612016344,-2.302469243823865
-4.412987832051159,-2.305597546364186
-4.409809977301768,-2.309653129345286
-4.40636841770189,-2.313240799067014
-4.403534358779985,-2.3174962850476337
-4.400637851082073,-2.3222314337192502
-4.397945832008642,-2.3268617930470294
-4.395944894747021,-2.332251273390107
-4.3942213089270235,-2.338178126114231
-4.392691663487029,-2.343899895969543
-4.390200695586894,-2.351298229556156
-4.387933200057387,-2.358942205273128
-4.386333863542695,-2.366074866386847
-4.38479526710427,-2.373244169749709
-4.3833443812067925,-2.3805479557123856
-4.382433561819807,-2.3874377037630654
-4.381397427354453,-2.395874049193647
-4.380656275093693,-2.4046295137515794
-4.380094951947993,-2.4129784209072436
-4.380203574680191,-2.4213018044319745
-4.380721767702473,-2.430071359143994
-4.381133488784021,-2.438350296863612
-4.382348281858455,-2.447068144396507
-4.384053546509147,-2.4563213170679314
-4.385794140783385,-2.4654022308116517
-4.388232845207014,-2.4748601931714376
-4.391661409802414,-2.4852674500707845
-4.3955019853519,-2.495355753993028
-4.3996012473914154,-2.5057741919323524
-4.404701979481601,-2.517132778354825
-4.410387143312749,-2.5280421887260913
-4.416239996551398,-2.5391639143412004
-4.423573549829399,-2.5516908015447965
-4.432145977804784,-2.563278416795031
-4.441102639365244,-2.5752837030576563
-4.448453751716518,-2.58968316694644
-4.456676137081902,-2.604899716862302
-4.464868058308901,-2.6207881522227168
-4.47349957819027,-2.636039157881602
-4.483647876462857,-2.652707609529074
-4.495415801008502,-2.668173190426168
-4.507245006026529,-2.683706478302674
-4.520367593304777,-2.700450061365741
-4.534998982225871,-2.71533019723653
-4.5499013196003535,-2.730471305003162
-4.565484012264566,-2.746201723185025
-4.582420829711051,-2.7609481551186192
-4.600005817748663,-2.776338630275895
-4.61883146323068,-2.791942186218255
-4.638605651704119,-2.807319192069866
-4.658399687660657,-2.82313433274541
-4.678126005773449,-2.8388092488561534
-4.699009680681819,-2.8547279640440024
-4.719697012532469,-2.8714803999327625
-4.740243007021801,-2.8880316758162743
-4.761987259714587,-2.9053000112601017
-4.78280612761604,-2.9232183047894313
-4.8028804988706675,-2.9403234752911884
-4.823764730234217,-2.957999869422595
-4.844965805159241,-2.9753420545459943
-4.866684939012674,-2.9915757161258063
-4.888069631053107,-3.0074523811409404
-4.909596273388429,-3.024187938389551
-4.930713570905734,-3.041013456458612
-4.95147008547009,-3.0574452002187438
-4.972050100433539,-3.074321235286283
-4.991730496208343,-3.090836055559327
-5.0114337892366585,-3.1073736295029257
-5.030313023644334,-3.123710811585663
-5.04877416211548,-3.139870114211402
-5.066824490019336,-3.155574357176294
-5.084360596347231,-3.171186476226431
-5.100897429366567,-3.1864618799581526
-5.117028701474223,-3.2012884701640467
-5.13247597395245,-3.2156781924907576
-5.147158529833688,-3.22975630387412
-5.160997890993617,-3.243044449476848
-5.174125336092655,-3.2562608033411853
-5.186194950269407,-3.269251912145135
-5.197247479059754,-3.2812862352214367
-5.207623394090058,-3.2934650614778045
-5.217292778923873,-3.3054017299604848
-5.224677592497531,-3.31740480011656
-5.230829474949043,-3.329876407482213
-5.236245757493169,-3.3415367224517003
-5.243411860968642,-3.350527949750412
-5.249527947592135,-3.3585381673718904
-5.254320238731859,-3.366997810257154
-5.258844361665938,-3.375400184595002
-5.2617265336559385,-3.382267330383093
-5.262593999493101,-3.3890470020848693
-5.2634415034744135,-3.3953684755494207
-5.262660121665656,-3.4001654496245353
-5.259729027450116,-3.4046933475548924
-5.257082505736913,-3.4089452884963443
-5.253030894706654,-3.4118803875883352
-5.247001311178351,-3.4138996577697407
-5.241122611289512,-3.4153939422920203
-5.233172381676507,-3.415856356825616
-5.224053555152507,-3.4150312374450253
-5.215138226413944,-3.4140654065046148
-5.205567071256534,-3.4124831431827576
-5.194675218730868,-3.4094490757892326
-5.184122705693948,-3.4061785082568927
-5.172240540891783,-3.401587739739685
-5.159133994595995,-3.3963486969235244
-5.146474610084617,-3.391163884876092
-5.133490910830966,-3.385615399207339
-5.119272077942041,-3.3788126271913446
-5.104232528511666,-3.3727848776775726
-5.08927361840686,-3.3657802443041103
-5.073723114318116,-3.3582211997393436
-5.057387572339049,-3.3502898609064027
-5.0410203888913605,-3.3418074646368097
-5.023924627912779,-3.332641669407721
-5.006222650758355,-3.3236041621664016
-4.988520232010242,-3.314044547072484
-4.970127140461795,-3.3037914622471116
-4.9518932911038736,-3.2942236122945077
-4.933896291591047,-3.284684604793342
-4.915362134601474,-3.2746331028020728
-4.8965970372682905,-3.2652110268632843
-4.878261993577891,-3.2556104606361087
-4.859035354473446,-3.245924547235915
-4.840734756315841,-3.237166470636975
-4.822351404676551,-3.2284630514362584
-4.803592528202303,-3.2194096776944217
-4.785469339538934,-3.2109984754437537
-4.767550763745502,-3.2026536442613094
-4.749362664080858,-3.1945846112195047
-4.730895967567497,-3.186254137203707
-4.712939383630868,-3.1779501599918802
-4.696380402347704,-3.1679769077337716
-4.67999573069311,-3.1581692323638113
-4.663702799050792,-3.1484617198279854
-4.648099129387766,-3.1382529842143754
-4.632033437721102,-3.1276077154204702
-4.615676964738824,-3.116649511482714
-4.599832462059678,-3.1053158597020443
-4.583759341110607,-3.0937664746545344
-4.5683467482745685,-3.082930542291053
-4.552583529565735,-3.0723472913755585
-4.536781428644156,-3.0617276166619973
-4.5216947090185675,-3.0518793182121113
-4.506011581633627,-3.0424663295064325
-4.490358344714514,-3.0330774550769264
-4.475928338357659,-3.0252073102555284
-4.460819831190024,-3.017281330360615
-4.446061133301263,-3.0096861493870986
-4.4321401697799745,-3.0032454095552903
-4.418041198703123,-2.996508450401812
-4.4037982941488485,-2.989633393361249
-4.3892139328459265,-2.9851797632617645
-4.375120056867304,-2.9803680187752093
-4.361636821201372,-2.9761352716984564
-4.348329316022279,-2.9714331169736887
-4.335599536636999,-2.9659818851265807
-4.322932933076155,-2.9605970875690417
-4.310696719784445,-2.955620665611972
-4.299155612924133,-2.950132166880095
-4.287928136599062,-2.944978701117216
-4.277092373786657,-2.9401974956953887
-4.266657065281504,-2.9351207299578217
-4.256157986272919,-2.9299754855724327
-4.246474705570001,-2.9256069856356173
-4.2374534881851105,-2.9207471205515394
-4.228451678208767,-2.9159082790326796
-4.219597012365719,-2.9112098589889075
-4.211099549162958,-2.9062451885168974
-4.20226448000962,-2.90092054000333
-4.193774974810487,-2.8959256663665354
-4.185565359518527,-2.890884251591497
-4.177098952751207,-2.885589708556105
-4.1692943933390225,-2.8801480024425437
-4.16086717278073,-2.874476484739113
-4.15399825152342,-2.8669001420098823
-4.147091409501383,-2.8592874849015075
-4.139831286970499,-2.851297996715756
-4.132477040873514,-2.843181974610784
-4.125270886809626,-2.834684811878545
-4.118147428107648,-2.8262227968828544
-4.110952852385957,-2.8175194569536814
-4.102860804756329,-2.808724087415873
-4.094315321268141,-2.7994378717721444
-4.086248721482964,-2.7901825441527826
-4.076651926149588,-2.7803265589195876
-4.067748912365874,-2.7705241758938635
-4.058575648309202,-2.760433407063518
-4.048728361384176,-2.75034468963424
-4.039540075075303,-2.7403382085420307
-4.029864539723454,-2.7298118777873164
-4.0199733979835,-2.7188901915289767
-4.010426080749197,-2.7081891497357384
-4.000497627974766,-2.697081298342982
-3.990587432561577,-2.6855231963784814
-3.98117767490993,-2.6741979595337106
-3.971711616112406,-2.6626109352756484
-3.9616292161692943,-2.650906187979211
-3.9526382646171236,-2.638115311130136
-3.943392748599639,-2.624797645544333
-3.934259813608164,-2.611835772143928
-3.925081213806207,-2.598829106692171
-3.9169322002710185,-2.5841194649463164
-3.9085560179136056,-2.569579024672346
-3.900050046078379,-2.554971542829344
-3.8915765234747806,-2.540374595661452
-3.8830120181767556,-2.5258447144177105
-3.8741098447023963,-2.511034761131582
-3.865363011689813,-2.4963698118403364
-3.8568422521221075,-2.4815301614515026
-3.8482777087509823,-2.466675966177213
-3.8397423238619868,-2.4518195602950144
-3.8315139759478543,-2.436725123983878
-3.823251238078679,-2.4216471167295195
-3.814596034388818,-2.406156640479094
-3.806266067833437,-2.390413776603662
-3.798055738898688,-2.3748195693474017
-3.789923695704692,-2.35928141582231
-3.7819589408275216,-2.3436123039197256
-3.7739193886765667,-2.327900222588045
-3.7657514513604484,-2.312035622240626
-3.7579701457601913,-2.295697203726677
-3.7504180368087137,-2.2794539723709906
-3.7427117274490627,-2.26308478166399
-3.7351438230831713,-2.2464245733948864
-3.726418844745715,-2.2313061266966097
-3.7176532192918392,-2.216103049257882
-3.709023218125768,-2.2008893211526424
-3.7006642329241815,-2.185211159137937
-3.692160462113336,-2.1693937703220096
-3.684170511791817,-2.153899061642528
-3.675902444360899,-2.1382705297471247
-3.668077089089526,-2.1230571963683245
-3.6605991825976036,-2.108550355279417
-3.6529627327509715,-2.094358631495736
-3.646240764596105,-2.0811331237451114
-3.639342410026318,-2.0680438144603857
-3.633293027212482,-2.055870016324635
-3.627536688400837,-2.0439717123586196
-3.6217538921187433,-2.032092867946709
-3.616385012749825,-2.0206606619355667
-3.6114179690421446,-2.0096062533847325
-3.606820597440271,-1.9982574704380627
-3.6027573913634803,-1.9874855569230818
-3.598763667012733,-1.9767786205464675
-3.5948235791504914,-1.9660282940026472
-3.5920019063311375,-1.9536573057728237
-3.5900940415295532,-1.9417094906562373
-3.5870798974750735,-1.9310984370868234
-3.5845001926043683,-1.9209573948907286
-3.581652187734898,-1.9103417174996544
-3.579126725948009,-1.9002455380679582
-3.5767008762229437,-1.890256976401859
-3.573777056586464,-1.8797650272912387
-3.5710714953546816,-1.8701607705855472
-3.5687041442094,-1.8609235212053608
-3.565839779422743,-1.8511886736055052
-3.5635328600656675,-1.842003563789544
-3.5607127282706577,-1.8323409380677267
-3.5576009611412447,-1.8226325156716565
-3.5545312799499604,-1.8129636225470798
-3.5517714504938604,-1.8025349988688106
-3.5474902858367465,-1.7913539648059613
-3.544245563994741,-1.780097285752455
-3.543572533834231,-1.7663630368170185
-3.542111564738767,-1.7516909864291457
-3.5402005924181714,-1.736503562724866
-3.5392377739313003,-1.7210544727935417
-3.537669190181238,-1.7053403986523088
-3.5368620677946048,-1.6895282511180878
-3.536287591024792,-1.6739712115942937
-3.5349663371466877,-1.657928432149461
-3.5342201516737934,-1.6414432819867169
-3.5338057827578924,-1.6252639607761619
-3.533071196975297,-1.608730623781684
-3.5327343141658,-1.5918712269955104
-3.5325623541145865,-1.5752194685264904
-3.5317216721125733,-1.5579881927107209
-3.5315300113942634,-1.5404805769563708
-3.5314852135919,-1.5231040961309585
-3.531039067409057,-1.505514943070476
-3.531004658093621,-1.4879444756076596
-3.530786932817282,-1.4701993063700725
-3.5306364317645467,-1.4521803395630333
-3.5302658572129273,-1.4341323243552533
-3.5296915912764004,-1.4158909042173875
-3.52917262267273,-1.3980459834627406
-3.5304515735168596,-1.3780036814840104
-3.5315822041034295,-1.3580753614496286
-3.5324571033989214,-1.3384149383387232
-3.533993622490656,-1.3194883349444002
-3.535074669646224,-1.3007925098958215
-3.535495557374671,-1.2822426118135488
-3.536390144461155,-1.2642220668474866
-3.53722839719297,-1.2465603951295194
-3.5377814556597973,-1.228982194512504
-3.538052166365099,-1.2139278749932614
-3.5379876636090377,-1.1991608276529429
-3.538317880660031,-1.1844821716949556
-3.539144611859808,-1.1703609294659474
-3.540274683825853,-1.156680394636352
-3.542123971596967,-1.1435641996183208
-3.5443907072752148,-1.1308392741588171
-3.547525765905007,-1.118299367232651
-3.550996822658722,-1.1053706899820297
-3.5549557942078676,-1.092850722995739
-3.5600756419641915,-1.0802653946130767
-3.5651903092577943,-1.0676256589341049
-3.5713443184081934,-1.05592747306635
-3.5780898178945457,-1.0440277946541603
-3.5848486450290995,-1.0320894802063236
-3.5939202178589524,-1.0182949001371946
-3.604663083710052,-1.0061539004961786
-3.6150478123027496,-0.9943105260716815
-3.622958101729293,-0.9849508610666367
-3.631656220889557,-0.9775063584870942
-3.641325608085606,-0.9704624031289896
-3.650035739773242,-0.9636890050452233
-3.659464605125889,-0.9576559039986277
-3.668497150295821,-0.9519516959358629
-3.6773977144983956,-0.9460948811372643
-3.687253772570226,-0.941233644407262
-3.69644777843455,-0.9369214784751626
-3.7058338745200814,-0.9328344662220082
-3.7157194056827643,-0.9292984654456369
-3.725007666973134,-0.9262569274368679
-3.734789249904137,-0.9237093898268922
-3.745225218393874,-0.9218936393350424
-3.7548634925859137,-0.92073696356315
-3.7651342260100447,-0.9202701464503065
-3.775812875265064,-0.9202406555894845
-3.7861603405873945,-0.920481930196025
-3.797121994454859,-0.9213858918757569
-3.808238723766165,-0.9224599917482843
-3.819323807163835,-0.9235557711566051
-3.8313071768777203,-0.925615824715897
-3.8445277760223022,-0.9255848138221278
-3.8564257412455545,-0.9281030885223601
-3.8691500179259584,-0.9302249966049966
-3.8822663975017266,-0.9318681731021872
-3.8950440795710244,-0.9331259674445115
-3.9083830521272476,-0.9342904825068242
-3.9220578048070136,-0.9354234135221073
-3.9357946470872767,-0.9366318486237072
-3.949674391237327,-0.9377153367535186
-3.9641785124082514,-0.9395000701919479
-3.9777391495186265,-0.9407564587500558
-3.9914137263065643,-0.9415282382888045
-4.005148267198864,-0.9424376455827935
-4.018486500044051,-0.9426460099967195
-4.031989282534563,-0.9428426057337279
-4.045215507043939,-0.9427220871330377
-4.058337031984059,-0.9420280242850056
-4.070883666279426,-0.9414321233128612
-4.083242308912572,-0.940621599660809
-4.095605269219588,-0.9386697201643713
-4.10700367582124,-0.937640220347772
-4.118654941325589,-0.9368715622522465
-4.129677667824946,-0.9355180541682384
-4.140540740602998,-0.9342927868940759
-4.151938074043098,-0.9336012961893491
-4.160927979028734,-0.9356757362431896
-4.169749512755819,-0.9368685458321858
-4.178735315098584,-0.9386311087649218
-4.1880440065391245,-0.940771160880594
-4.197317458265797,-0.9419812005128119
-4.2070405497819365,-0.944201715013484
-4.2169681381380535,-0.946661761155999
-4.227055621820502,-0.9484342495375605
-4.237572803083245,-0.9507079296203602
-4.2481767103467,-0.9530833526651116
-4.259149743756234,-0.9544931289567028
-4.270668195446503,-0.9563361429770765
-4.282132910111668,-0.9581156629851684
-4.29401445051644,-0.9594117326054329
-4.306533869028353,-0.9610618671141479
-4.3189392507533455,-0.962576429344101
-4.331921973011944,-0.9634930495880011
-4.34567282656455,-0.9646105210832723
-4.359191405346142,-0.9654510750550103
-4.3733700917617595,-0.9651527880878206
-4.388190977396991,-0.9643373553473175
-4.402531992426359,-0.9629518351656791
-4.417395811494149,-0.9620208169336318
-4.432955046074662,-0.9605319205196026
-4.448020849739113,-0.9584523636536924
-4.4617932018471995,-0.9583061255037763
-4.475396058209521,-0.9575681383439488
-4.488485065629638,-0.9573058690378521
-4.50140531323054,-0.9577218406397294
-4.514041751914326,-0.9583236232363894
-4.526957370810479,-0.959250284647974
-4.539908976234858,-0.9605378628309502
-4.552329424978283,-0.9615737486163447
-4.565163263099388,-0.9629146279320465
-4.57749043045661,-0.9636426873547472
-4.589831402430456,-0.9643649523171045
-4.602529998209152,-0.9654318719378833
-4.615136587666113,-0.9663185296777681
-4.627680165568686,-0.9672616789181732
-4.640125215238984,-0.9681040682316481
-4.652072480672384,-0.9684122168635115
-4.6638092151131945,-0.968894286790514
-4.67543542454514,-0.9691635010952421
-4.689286209460059,-0.9671332743148765
-4.702398871374125,-0.9656118271986713
-4.715951215105189,-0.9635913192087965
-4.7292633163276765,-0.9613227315620558
-4.742613844838513,-0.9591204905786883
-4.755509839567589,-0.9572831498650262
-4.767803905012797,-0.9548322388478733
-4.779959602367348,-0.9522956287557893
-4.791484575494452,-0.9502632446555483
-4.802652274147062,-0.9479434607977056
-4.813472890501577,-0.9455678010098709
-4.823722155027069,-0.9435942756910571
-4.8327339868276225,-0.9412193255641904
-4.841392086471292,-0.9385499496669474
-4.849349909340232,-0.9364377904554027
-4.85662099858815,-0.933754325778686
-4.863526418355161,-0.9314647924992363
-4.869377205453512,-0.9296021151804722
-4.874679943547343,-0.9279738130467853
-4.879455611961138,-0.9258425372365531
-4.884390701135054,-0.923233720417837
-4.888775135365007,-0.9209160867045255
-4.893060355438233,-0.918489788673309
-4.8973773473409805,-0.9174538465682981
-4.900772720116561,-0.9163247335693682
-4.903824577407486,-0.9148231710219533
-4.9065390453427105,-0.9148771431359678
-4.908760569780288,-0.9153214156947136
-4.911191916631921,-0.9159685143723204
-4.913417054645372,-0.9165736810093931
-4.91525942865034,-0.9174810786113538
-4.916994121542368,-0.918261518862235
-4.918506463873957,-0.918817241698983
-4.920427606986928,-0.9190466802314448
-4.922268517523491,-0.9191490878451939
-4.923756116895914,-0.918919627004863
-4.926185658357426,-0.9179411179116647
-4.928564775105174,-0.9167626637352494
-4.9307719582246285,-0.9154289032499568
-4.933748670367881,-0.9134835851101355
-4.936887749559563,-0.9115702365787626
-4.94009839309243,-0.9097507521491716
-4.944263396005151,-0.9071728327886802
-4.9487788811687095,-0.9038382532077712
-4.954106467192264,-0.9012038584426638
-4.959558150617099,-0.8988423438658721
-4.965755104435325,-0.8959465432376514
-4.9732495281924045,-0.8941659500572754
-4.980372696540796,-0.892084562098978
-4.989087405661622,-0.8894063278612746
-4.996813968527808,-0.8900877132718557
-5.004151439607677,-0.8902748478983612
-5.012444362032671,-0.8897046551298518
-5.020896602459417,-0.8890713059823171
-5.030034621370016,-0.8880204878572306
-5.038957647797821,-0.8868747960543157
-5.048399284741053,-0.8862657211601895
-5.057990160299256,-0.8859527871784272
-5.067792139612597,-0.8855138733411966
-5.077929532645923,-0.8853337610901179
-5.087917119236671,-0.8854256596228408
-5.098242449008694,-0.8859286705414176
-5.109023735312809,-0.8861567730871164
-5.119720462948383,-0.8869155115087624
-5.130772840544701,-0.8877105385125339
-5.141984981751664,-0.8886178463142671
-5.153290950331064,-0.8894544870777524
-5.166205028505333,-0.8887149766140544
-5.1792201701401765,-0.8873790150429791
-5.192527582698019,-0.8862877990816731
-5.205066311697006,-0.8861658765214687
-5.217900439095942,-0.8856245990704498
-5.2302938243837005,-0.8847044724269312
-5.241534097669442,-0.8833006591289849
-5.253487847468889,-0.8819158399393877
-5.2653448592381595,-0.8804441058738236
-5.276484969306555,-0.8786658745398926
-5.288080460511085,-0.8775649034247325
-5.29922024180353,-0.8760739800859679
-5.3096918889910585,-0.8743621950156588
-5.320235395566035,-0.8730953079252288
-5.330417625135434,-0.871862106713834
-5.341062652279735,-0.8712012943766595
-5.350991194425507,-0.871104448428708
-5.360940431697063,-0.8710232937685808
-5.371025071903284,-0.8711085050530302
-5.380226778482032,-0.8718870822521299
-5.3888228715744475,-0.8721537835105188
-5.397599361302911,-0.8726449920457395
-5.40566923781085,-0.8736898556922648
-5.413458759809432,-0.874222094861497
-5.421159367975923,-0.8746432176244722
-5.427759337337054,-0.8759250906206338
-5.433617384183864,-0.8775663052265377
-5.438294623521546,-0.8784512786146842
-5.442633659339789,-0.8789131933423243
-5.445995442916538,-0.8797451234390369
-5.448032131458313,-0.8798039794254988
-5.450009478343555,-0.879789082747957
-5.450530362933257,-0.8806414942376533
-5.450002922844899,-0.8807425136203464
-5.449665984701785,-0.8810819370907772
-5.447920947217824,-0.8820424646196069
-5.446231786088957,-0.8830907725345415
-5.443488719772562,-0.8840759913810822
-5.440833883508168,-0.8851866424569105
-5.4375449200392865,-0.8862151186707795
-5.434028174491052,-0.8868775944017819
-5.430339013325483,-0.887320775262764
-5.426083741180229,-0.8875519638154871
-5.422170510745588,-0.8873919836818659
-5.417331236087641,-0.8876972566772834
-5.41215321795294,-0.8884170367511843
-5.407393680804917,-0.8888498726151617
-5.402429849750556,-0.8890236043534065
-5.397459286228483,-0.8892285282135198
-5.392625910050557,-0.8890112778035165
-5.386379193776721,-0.890431609938166
-5.380009427640548,-0.891800084725526
-5.373851829247355,-0.893345022186959
-5.367740752988018,-0.8947183647173299
-5.361177006173805,-0.895925253204607
-5.354877550374024,-0.897353121011489
-5.34895350685675,-0.8982940567221228
-5.342745147191119,-0.8988871875351649
-5.336751827672918,-0.8996606596121882
-5.331060488194637,-0.9002197535672736
-5.324657697098028,-0.9003145315663453
-5.318528894848454,-0.9006401891851525
-5.312517477143041,-0.9004994608494381
-5.306214479856306,-0.9000932018795145
-5.300211952252194,-0.8996299835381873
-5.293682320027234,-0.8988439980518401
-5.286945450978208,-0.8977313579597822
-5.2804377425383455,-0.8963789748388048
-5.2739391403555205,-0.8949140673023213
-5.267586202926196,-0.8932315051975003
-5.261279880874442,-0.8915883196982901
-5.254769325698223,-0.88979640179326
-5.248157959844497,-0.8876387641384228
-5.241266532961217,-0.8855192081670635
-5.234196309125542,-0.8835548710465922
-5.227426211691206,-0.8811375774078143
-5.22078820681486,-0.8788521054914123
-5.214185991686238,-0.8765381637623719
-5.207652380774708,-0.8743093043680618
-5.2010726658395114,-0.872041398207623
-5.194186361659255,-0.8700150787731817
-5.1876413125051775,-0.8684105468230262
-5.181236536959591,-0.8669250666656712
-5.174395201307201,-0.8657843234279483
-5.167890220496532,-0.8650585072487452
-5.160827039118109,-0.8649665618893606
-5.153575310587272,-0.8649069222130189
-5.146259703419064,-0.8657895634272911
-5.138871348722337,-0.8666087948766302
-5.131834792862105,-0.8672647773284506
-5.124172107915346,-0.8694716662614241
-5.116087621237798,-0.8723313103613359
-5.107866711091123,-0.8748070500644132
-5.099319525672902,-0.8768510639385905
-5.090716154200893,-0.8786018792411803
-5.08173089171722,-0.8793280038706649
-5.072545068067955,-0.8798140430638222
-5.06275070385504,-0.8808944841508717
-5.052528400289338,-0.8815678467880386
-5.0422987543079865,-0.8821572995724175
-5.031353950385467,-0.8835282947947355
-5.019921944290078,-0.8843950716250513
-5.008255041573833,-0.8850119536672042
-4.996252665724702,-0.8860358621235481
-4.983887952066163,-0.8863708364628065
-4.971314140850809,-0.887207690736106
-4.958548775830482,-0.887804530615839
-4.945381713407382,-0.8880457255644065
-4.931877566777906,-0.888564888276659
-4.918147492733295,-0.8888018892557068
-4.904151704948222,-0.8884677101709841
-4.889916867092943,-0.8883817567332369
-4.875567551971308,-0.8881492770107194
-4.8598229542675355,-0.8897746963546409
-4.843951815891627,-0.8912607609417929
-4.827850297645567,-0.8929336145687083
-4.812026755451141,-0.8949368093713271
-4.795433064117459,-0.8967102707616852
-4.778359446321098,-0.8988710632736262
-4.76128029785183,-0.9010169686280698
-4.744068350236871,-0.903042052347113
-4.726460427522442,-0.9053884487855678
-4.709123392023001,-0.9080511678045229
-4.691608598314905,-0.9105524395800911
-4.673968601706232,-0.9128269803781626
-4.656204020452098,-0.915022466984938
-4.638638976232133,-0.9173990947340376
-4.620839118741481,-0.9199694588122828
-4.60330764705859,-0.9227943940795942
-4.586119920678415,-0.9259293164784188
-4.569211957480349,-0.9288440155836687
-4.552205804795729,-0.9316686028682128
-4.535223464460391,-0.9345042363408689
-4.5185561551436875,-0.9370908501706012
-4.501849809910033,-0.9396062630615181
-4.4859433385504754,-0.9417048770793837
-4.470027449479614,-0.9439334664481793
-4.452491246046466,-0.9484811333263513
-4.434991671244701,-0.953059117083034
-4.41719478641257,-0.9572837330158965
-4.400540984156494,-0.960118632082202
-4.38438703818266,-0.9624444824202908
-4.368301375563018,-0.9647615442887826
-4.352807373550847,-0.9674281857427556
-4.337502828499001,-0.9689902932510431
-4.322938475251039,-0.9712034325924848
-4.308986243206019,-0.9732878702992006
-4.295428418647894,-0.9745616302962375
-4.281992733635017,-0.9759448090304216
-4.268973691853423,-0.9774029032217372
-4.25638002909008,-0.97778522118689
-4.2441834427749585,-0.9785205795752135
-4.23206571038367,-0.9794418700347035
-4.220105758481732,-0.9797701212399581
-4.208444343026889,-0.9804086351896515
-4.197150340486523,-0.9807458113683755
-4.185880286192439,-0.9811152604022173
-4.174728953706696,-0.9816171372069695
-4.163594080042903,-0.9814795442614094
-4.152714545990072,-0.9815839448106566
-4.141080560854916,-0.9839134753446598
-4.1296446187859654,-0.9859504204750958
-4.118215170849746,-0.9886129510903323
-4.108204405105456,-0.9893065094541643
-4.098392862912254,-0.9901835620865514
-4.08867421440659,-0.9909821991138438
-4.079089002417666,-0.9918954097917578
-4.0701892595197195,-0.9934921258118378
-4.0611581695999375,-0.9951938562485169
-4.0522203719568015,-0.9970000802740059
-4.043581768268622,-0.9990814823869221
-4.03488307106529,-1.0012100006803566
-4.026094103654477,-1.0032513782630443
-4.017726983212759,-1.005716639564626
-4.009454566800862,-1.008442205229424
-4.001488445072794,-1.0114445458360444
-3.9932064117696253,-1.0140875662002828
-3.985172545673136,-1.016525806909044
-3.9766310048034885,-1.0185153292414337
-3.9677543851540875,-1.0201240639687827
-3.9591412975773315,-1.0215145490520552
-3.950454478770898,-1.02284338789729
-3.941495034537546,-1.0238641323586488
-3.9322166721542007,-1.0253620731524324
-3.9226462425777027,-1.0270117156073093
-3.912934774559778,-1.0285062699089413
-3.903094426288147,-1.0297651214203651
-3.895209499742526,-1.0284711190884517
-3.8875302206415188,-1.0273957566167482
-3.88013871558609,-1.0266625866880204
-3.872263782110297,-1.0263246160101398
-3.8645161151503045,-1.0261186520452465
-3.85714302753981,-1.026307126781154
-3.849410921585442,-1.026789425027122
-3.842444820424658,-1.0281490313166577
-3.835233961838148,-1.0292897470195137
-3.827458199839487,-1.030894554275006
-3.820136223250021,-1.0330178160660173
-3.8132506706074616,-1.0355330509257727
-3.805948167173579,-1.0383911891795923
-3.799475584026978,-1.0421953327282156
-3.7931358338441767,-1.046118068325254
-3.786862030991271,-1.0499866509174935
-3.7810610700812313,-1.0543926211878298
-3.7757109150488564,-1.0592033061147033
-3.770267024866984,-1.0640910720258552
-3.7654770918389384,-1.069721042651321
-3.7603372083585014,-1.0771667864694974
-3.7555346288256803,-1.0849690276870931
-3.750922819974926,-1.0930461063115104
-3.747682355923363,-1.0993964480010683
-3.7445483091569534,-1.1063551226763009
-3.742040810297095,-1.1133499416931136
-3.739558741544284,-1.121288015322431
-3.737269477320858,-1.1293946444768483
-3.7357292430647115,-1.137788583748238
-3.7334234839044393,-1.146527016799694
-3.7312173761056955,-1.1552915328894013
-3.730161844542203,-1.164303503866279
-3.728414733439092,-1.1738279609294193
-3.727354012579837,-1.1839659841400747
-3.726827140499791,-1.1939575742664832
-3.7263989403610545,-1.2040469956926787
-3.726533846639367,-1.214294956092364
-3.7265843090737647,-1.2240231675628983
-3.727245605909895,-1.2343044097839422
-3.7285831107421625,-1.2445491809662848
-3.7287262370237384,-1.2563264016331095
-3.729128926490118,-1.2683234161072672
-3.7304656675880756,-1.2807448593242305
-3.731596880280213,-1.2930213867049138
-3.733051861604827,-1.3053467030349648
-3.7349374176905696,-1.3181239580118909
-3.7372977949869606,-1.330223730070234
-3.739838323325527,-1.3421771812085113
-3.7426194483500512,-1.3543852421549816
-3.7459998895672717,-1.3672243294717008
-3.7489698074589994,-1.3803965210519864
-3.7516175142278665,-1.3932468823921451
-3.7549996824219956,-1.4069102201704866
-3.7579979997495623,-1.4208827222765994
-3.7610794595306642,-1.434916227154503
-3.7650316740259164,-1.44995060090813
-3.7682189532696344,-1.4655988798389132
-3.7709944197375744,-1.4808120320382712
-3.7748453339054016,-1.497192207310073
-3.7779477035667046,-1.5141688274252045
-3.7808871187229376,-1.530951226599825
-3.784702127713528,-1.5487274865365417
-3.7881496359441913,-1.566788808930327
-3.7913681118907254,-1.5845454378379786
-3.793176981521705,-1.6040664212530875
-3.795436894303089,-1.6241215250886378
-3.797250917560913,-1.644085796834079
-3.7989737693947982,-1.6639594336306842
-3.8012930236711644,-1.6842501053553511
-3.8032453189721793,-1.7041281533128503
-3.8062976470697145,-1.7228172657577925
-3.8096616168081097,-1.7418690635896301
-3.812802197630962,-1.7606722847548515
-3.816199297199703,-1.7797053631729527
-3.8197464009678277,-1.7984233089493655
-3.8234585190391117,-1.8164523189810717
-3.827293542402172,-1.8337076454521286
-3.831446606767604,-1.8512532614026815
-3.835449888615625,-1.8680448521711794
-3.8400667532251673,-1.8843712672777067
-3.8448441975137873,-1.9008443365627152
-3.849377254036821,-1.916365062505271
-3.854832183734996,-1.9316498256584589
-3.859885955187245,-1.9465605962316288
-3.8649774422525187,-1.961158689741057
-3.8701587911960478,-1.9758545292252427
-3.875084769594058,-1.990621890253744
-3.8801550691244904,-2.005833390851613
-3.882338042712924,-2.0232723653964837
-3.8846225362055202,-2.0415924248472708
-3.8883853878745236,-2.0584597635419164
-3.8919128754982046,-2.0756471351159727
-3.895211409393069,-2.0931675678133463
-3.899182371969818,-2.1113371277163924
-3.902572182013993,-2.129953974335486
-3.9064869271532316,-2.149161480058485
-3.911023003990602,-2.168949762283847
-3.91556679452086,-2.1887236147184908
-3.920493950200485,-2.208920003265221
-3.925553677770318,-2.2291753333912006
-3.93107244028263,-2.2490669812206976
-3.937260282240139,-2.2696527615356827
-3.9434727127442164,-2.2901579949478394
-3.9503525738214686,-2.3101426056414107
-3.957388125401257,-2.3303151904777333
-3.963761007735147,-2.3497201545933515
-3.9708954934985976,-2.3685373068118776
-3.978389680745705,-2.3877237020825577
-3.985423836207636,-2.4063497853225058
-3.9929235284623625,-2.4246211332583547
-4.00077367253442,-2.4432771551291856
-4.008004836450178,-2.461216625358364
-4.01462694831614,-2.480528882875781
-4.0210978659501615,-2.500213863916239
-4.028825831759993,-2.51793775048331
-4.036662011845225,-2.5355484385793416
-4.04503941179247,-2.553347382411718
-4.053116979101712,-2.5711903893357566
-4.061055969398165,-2.5888439698119323
-4.069473681555109,-2.6070139204076206
-4.077078319554196,-2.624975263849729
-4.084770604752145,-2.6429805436273255
-4.093121329111519,-2.6616892352459876
-4.100697611143836,-2.6803333949336268
-4.10833950072186,-2.6990176666377663
-4.116014181005681,-2.718632094853455
-4.123393573082991,-2.738348491895595
-4.130420732607884,-2.757730337877223
-4.13746500495025,-2.77769880854545
-4.14447290769717,-2.7976692065310726
-4.151376181568495,-2.8175391170389403
-4.158405239070582,-2.838204628679057
-4.1635094641296915,-2.8608652088331197
-4.1682176512439755,-2.8832990637949703
-4.173071977062406,-2.9060027277546645
-4.1781702042443785,-2.9289665552272792
-4.182893219459509,-2.951388015505995
-4.188173653557709,-2.97408021255426
-4.196179181639155,-2.9943933434972
-4.2037870969340325,-3.014088449831016
-4.211333337971774,-3.033721941689565
-4.219364689097408,-3.0533057086481015
-4.2272921047801395,-3.0721968358342298
-4.234675469286524,-3.0905647881310383
-4.242717912597133,-3.108835833294504
-4.250416604729558,-3.1261615735968076
-4.257913209373545,-3.1432925838916543
-4.265581702400437,-3.160520384490766
-4.272862621201917,-3.177224472502882
-4.279855949655965,-3.1936517390866226
-4.287383288963758,-3.2103153128023862
-4.294493611131542,-3.2264393879640374
-4.301990870207937,-3.242978913335651
-4.309403780837855,-3.259577749721565
-4.317111643177081,-3.2764866548200606
-4.322784658612674,-3.297202009470372
-4.328781499698247,-3.317686311977399
-4.33548099681041,-3.3389123058651125
-4.342656253604265,-3.3605987978561105
-4.350512626606108,-3.3817969585899306
-4.358992309243701,-3.4036519462617494
-4.368368918881191,-3.4263751956998427
-4.379780199770123,-3.446652633757579
-4.392345237183912,-3.4676459496916467
-4.406141689469185,-3.489840612031705
-4.421004404058039,-3.510457697145239
-4.436200682580479,-3.531425410213004
-4.453085006827898,-3.5537021984751647
-4.471525873203379,-3.5743274009329946
-4.490270917932536,-3.595271683529555
-4.510858025039312,-3.6174403291489323
-4.532747143663318,-3.6380113124042555
-4.554636720262254,-3.658581284027385
-4.578476183814978,-3.6803686835378215
-4.603323459156739,-3.701047622150435
-4.628311410938337,-3.721869467060117
-4.654718026990757,-3.7436699594854486
-4.681789752205743,-3.7647421224307362
-4.709088022825735,-3.786044793068702
-4.7356329258451595,-3.8085200862127824
-4.762094415993374,-3.83091137693107
-4.788266490322918,-3.8527125097165267
-4.816538158088242,-3.872635896552436
-4.845226602399525,-3.8928044757818467
-4.873947340422479,-3.912606271231965
-4.902670406073652,-3.9324010567037146
-4.931176179964203,-3.9521641530253198
-4.959536300643756,-3.9708400632998897
-4.987577460522041,-3.9878792274937664
-5.014963270879783,-4.004407890615006
-5.043040234654087,-4.020237357541491
-5.06951155265898,-4.034412502240042
-5.0957658487072965,-4.047891345956241
-5.1211931640262005,-4.060559052211561
-5.145777699079871,-4.072317665787986
-5.170712265585493,-4.083875903325051
-5.194766522813408,-4.094571264700813
-5.218200983193946,-4.104590530071238
-5.242219817029515,-4.114249820642706
-5.265602837015548,-4.123280281330215
-5.289743601878773,-4.130344983999251
-5.31311177102298,-4.136665163142718
-5.336330617759419,-4.141233979734732
-5.359340163031576,-4.145362498914502
-5.381023021654794,-4.148046038414536
-5.405088988172125,-4.145844417332037
-5.428759591579297,-4.143464741759543
-5.450991004816293,-4.139507069628934
-5.472567018782561,-4.134390309642631
-5.493151570424476,-4.128728199434668
-5.5121671015234925,-4.121340109260527
-5.530053678222303,-4.112528907849301
-5.54659168300243,-4.103880496302677
-5.56157618652342,-4.093517308048299
-5.575412987220005,-4.081995896826122
-5.586954530661612,-4.071106162782542
-5.597221722818838,-4.05880387559073
-5.606341873838369,-4.044683197057495
-5.612802830367674,-4.0312689503208885
-5.618013908603651,-4.0164702198975775
-5.622168988417905,-3.9997728209203736
-5.624024461797844,-3.9838248191891155
-5.624370847594759,-3.966209421430208
-5.623936420497627,-3.9464496247492633
-5.625467508765097,-3.9225051206291175
-5.625782598732861,-3.897303899506315
-5.624101693814293,-3.8700890815999722
-5.622423273726617,-3.842852642126956
-5.619860566138557,-3.8146854961613563
-5.617405498277244,-3.7845482684831517
-5.615224306241782,-3.7536387928495816
-5.6119090909515155,-3.721840685334729
-5.608639434492449,-3.6891933622986834
-5.604704136534984,-3.6558395352878064
-5.600219794656621,-3.6223510540223427
-5.595463547475784,-3.588399599337987
-5.590534072935696,-3.5542051881142678
-5.585164566278027,-3.5205707768506507
-5.579836269216767,-3.4878553573035878
-5.574880571568452,-3.455534567069127
-5.568567231406911,-3.423328062423278
-5.5639386014058685,-3.392518639257795
-5.55860442039036,-3.362031217594295
-5.553884278064813,-3.332095102908246
-5.550090986273411,-3.3027036960527028
-5.545102516027851,-3.2731965734536175
-5.539950042346219,-3.2435231189338065
-5.539716253394478,-3.2079073801348805
-5.5388729331452,-3.172716345377964
-5.53759931944881,-3.1369467220761056
-5.534407532671792,-3.1019951972509774
-5.531682492591506,-3.0680929612263683
-5.527412706714559,-3.034220484591406
-5.522543857994384,-2.999798273923016
-5.517943968136745,-2.966651264768611
-5.512009865266858,-2.933483231330923
-5.505116289807071,-2.8994439129774103
-5.498070501215651,-2.866622790939621
-5.489921263485168,-2.8331244671610927
-5.481287381823394,-2.799405834288417
-5.471929943521966,-2.7648602944469296
-5.462081807687608,-2.7306725118496455
-5.450998228783221,-2.695371332041289
-5.438812559835739,-2.65880431576563
-5.425841453137749,-2.6228105044935592
-5.411927915586952,-2.585971082662071
-5.397786087218778,-2.5488728117641237
-5.382208741947962,-2.5128287084799474
-5.365396485910738,-2.4754944605416402
-5.352438982341251,-2.434046756814111
-5.337519948197688,-2.3940710342214704
-5.321849189721726,-2.3534191175833334
-5.305813503599825,-2.3148390501231177
-5.288383654696014,-2.2764322942007085
-5.26635552409539,-2.243754476823442
-5.245126885822174,-2.211852830287067
-5.224075272471677,-2.180332139025972
-5.201536777520564,-2.1497334722081463
-5.179007443719541,-2.119154293044056
-5.156963755381712,-2.0891466093020723
-5.13408180177896,-2.059819161800373
-5.111732712559902,-2.031113192973241
-5.088512388177838,-2.002316609289267
-5.0656236434351145,-1.9740072301530838
-5.042168517625448,-1.9452029651663432
-5.018134983688855,-1.9158683556469285
-4.994507319426273,-1.8868929951931004
-4.970322602812786,-1.8574316939472828
-4.9454956773680925,-1.8276902121522742
-4.920855339867826,-1.7982535524590564
-4.89554484855177,-1.7682304617010047
-4.87136942913435,-1.7366488958511177
-4.847195541498018,-1.7050741827222842
-4.82328910535117,-1.6738545323922713
-4.79832991064406,-1.6421359688920056
-4.773667368054582,-1.6107681611503692
-4.749241233337543,-1.5803774450332717
-4.719528660543604,-1.5553087958851277
-4.6894089003365105,-1.5298134576720785
-4.659912777556232,-1.505584435633288
-4.630412782578243,-1.4813495553365552
-4.601118078972596,-1.456814787868553
-4.572002726763256,-1.4333477929903176
-4.543567003417088,-1.4104813930862625
-4.515629650560519,-1.3872166371538122
-4.487821533981371,-1.3649606164693353
-4.460925005723517,-1.3435113678086505
-4.434962211067649,-1.3217613324494906
-4.409676578727323,-1.3011263612022141
-4.385727221477554,-1.2815031221029343
-4.363428336881217,-1.2637314910491746
-4.3417639966308625,-1.2455011474853699
-4.321444694112918,-1.228390485323989
-4.30317832439462,-1.2135306525647207
-4.286541486500053,-1.1974013954239173
-4.270549834148294,-1.183537129004788
-4.255119729585029,-1.1703197046474751
-4.24101982643929,-1.1567012934943817
-4.2294199146359235,-1.144411971559134
-4.213923201012548,-1.1359376338294846
-4.2002350668187605,-1.1268094054441073
-4.188347721258538,-1.1182422734043622
-4.177515421411949,-1.1085024022160153
-4.167362723270538,-1.099365318303435
-4.158608529936083,-1.0890970455972562
-4.149461864098608,-1.0783740133982729
-4.1412237056013845,-1.0684584212130412
-4.133700319898049,-1.0582064514707406
-4.126660202209233,-1.0484172974573356
-4.120190072451841,-1.0391993076660362
-4.114211641616963,-1.0295792457950526
-4.108546365217014,-1.0202044017990095
-4.103685894377753,-1.0113470307619101
-4.098849496348046,-1.0024218312752513
-4.095105194001288,-0.9940289380415794
-4.092300463881062,-0.9866183191716448
-4.089381858578972,-0.9791878169593361
-4.087246389606333,-0.9723155598079799
-4.085481360336713,-0.9658916720763886
-4.084189300554352,-0.9588884654976646
-4.08392472492136,-0.9527681721849652
-4.082333262863426,-0.9483129170114729
-4.081475963560755,-0.9446872009613655
-4.08086168078544,-0.9412258455643278
-4.08069195218948,-0.9387677274096413
-4.080695740468788,-0.9365372917945719
-4.08134453554872,-0.9341912600281724
-4.082232756909283,-0.9330068018030474
-4.083422789060845,-0.932205054875473
-4.085519121033849,-0.9319141443331737
-4.087840466082127,-0.9328296810145823
-4.090819942013763,-0.934509809934265
-4.094444733646881,-0.936019586484508
-4.097532332228382,-0.9384467358647707
-4.101472936388681,-0.9418655293869568
-4.10585807858208,-0.9449344048627669
-4.109941748844793,-0.9487527852068843
-4.114412264259682,-0.9530209309697062
-4.119156935289078,-0.9572420508488279
-4.123094674690871,-0.9618622137079013
-4.127326496822502,-0.9668809053531321
-4.131010843328646,-0.9719661300751925
-4.134642447125115,-0.9776406854254421
-4.137733057360601,-0.983428277900238
-4.139729514520956,-0.9897551792059515
-4.14227518274693,-0.995279737335387
-4.145276555863939,-1.0013334176393445
-4.148035409113987,-1.0071711666529806
-4.1500790425588345,-1.013919343272712
-4.152476039327872,-1.0211139014506176
-4.154441928451378,-1.02793478179314
-4.155564800295453,-1.0354363993693625
-4.157106421289493,-1.0433513203900766
-4.158692797767588,-1.0513580119495756
-4.159960672352535,-1.059617786087565
-4.161712617477645,-1.0683589941406724
-4.162965890657445,-1.076607806177879
-4.164510255245711,-1.084615180130789
-4.166310281969757,-1.0928122011258066
-4.167762694640124,-1.1006922244424473
-4.1690470483393005,-1.1087031579269606
-4.170949141322992,-1.117291438766358
-4.172432898425634,-1.1258055011102854
-4.174051934124917,-1.13424989433181
-4.175794352783395,-1.1432356300411302
-4.176196636352687,-1.1535715723313285
-4.176631439679475,-1.1639849333692749
-4.177738029155453,-1.1751270985732978
-4.179202545885697,-1.186659214272855
-4.1800238458852865,-1.198905629922466
-4.181430469484044,-1.211822349010168
-4.183459739440789,-1.2252755010036875
-4.185201203410892,-1.2388173134067064
-4.187373901179194,-1.2528503704490608
-4.190488175078413,-1.2671122674454751
-4.193236322282562,-1.2818259633616371
-4.19632753868288,-1.2969287041682904
-4.200561155101416,-1.312104284714753
-4.2044059707021555,-1.3277836027139693
-4.208378283203203,-1.3436041541670605
-4.21326852957098,-1.3592425375912818
-4.21695988551777,-1.3747674463559154
-4.2209828356323245,-1.390719986356623
-4.226464533291129,-1.4065961594167464
-4.230616785294721,-1.4219560189597846
-4.235538249921841,-1.4381951667898303
-4.240853063169897,-1.4546686614431037
-4.246163322109728,-1.4711330960174551
-4.250464572936777,-1.4886730629923883
-4.254865216048549,-1.5061283302362198
-4.258895814362789,-1.5231287176582005
-4.263921943006878,-1.5412096036410392
-4.268955467107836,-1.559278445259523
-4.2743276371398045,-1.5770599511445318
-4.2805612651383935,-1.5957715694161911
-4.286686809140071,-1.6145606609674992
-4.292818581610655,-1.6333376098552903
-4.299531248996181,-1.652803650152282
-4.306259067656099,-1.6719316326672122
-4.313684946709732,-1.6916869762233437
-4.321961783301047,-1.7124053886701023
-4.330617601113915,-1.7328161342265107
-4.339769515873357,-1.7536720413858573
-4.349293212684012,-1.7749460377997182
-4.360038334840839,-1.7952572910033606
-4.371463881615949,-1.8161834058633655
-4.383087823202912,-1.8373323214083033
-4.395778008001938,-1.85764576632106
-4.408401261483824,-1.8777634359424282
-4.421783922015758,-1.8973207834052672
-4.435044253889632,-1.9169129840531367
-4.448344766581047,-1.9365413954416832
-4.459116736375497,-1.959647431556178
-4.469846826271056,-1.982792617438479
-4.480354171267314,-2.0057719233273645
-4.4924839065984985,-2.0276560546332956
-4.504135131569365,-2.0499106407927847
-4.515475117513739,-2.0719778275636673
-4.526772771990363,-2.0939462569850034
-4.537908367043652,-2.116039438032531
-4.549033177682987,-2.138120711503382
-4.559875080349816,-2.1599435982864374
-4.570429984489154,-2.1819846576025963
-4.581049240616993,-2.2040980179378855
-4.591681278298227,-2.226222833191553
-4.602470491940452,-2.2482282064471417
-4.613636016670436,-2.27065649484305
-4.624623991619701,-2.2929213690895263
-4.63579899770959,-2.3150435691478126
-4.6474740104809085,-2.3377265830783194
-4.659755242507993,-2.360965128825368
-4.672552559658665,-2.3838149993499855
-4.686465558898885,-2.4079155008905797
-4.700584273873234,-2.432203598592413
-4.717139365112516,-2.4571266087531334
-4.730758785626662,-2.484214708309765
-4.745633046906138,-2.511571284433897
-4.76120101772845,-2.5397061287076523
-4.77878996319067,-2.5657785770969115
-4.798460678442159,-2.5928065254645833
-4.818931843311653,-2.620754278912007
-4.840108952527567,-2.6468009987207437
-4.863034393137941,-2.673925841775776
-4.886860631602751,-2.7021090178003146
-4.910993831167187,-2.7289085108386666
-4.937073496325475,-2.7569327526041767
-4.964024988892582,-2.785943586977303
-4.990983816040536,-2.8136936001549646
-5.01996813428032,-2.8433815933352724
-5.048771206659318,-2.8722758790740452
-5.0774193188053305,-2.900994881233868
-5.107038781125581,-2.9308997344673933
-5.136076409989501,-2.9599833651251175
-5.164855611424503,-2.988775677212442
-5.193538025998278,-3.019415141134983
-5.221647645606959,-3.0488663944723857
-5.249900114695474,-3.078476222967313
-5.277377503577658,-3.1098490162666366
-5.304963556927582,-3.140671030570763
-5.3309435473857505,-3.1732940629238713
-5.356845245824807,-3.2058313365334277
-5.383552844886065,-3.2381053642959734
-5.412806717354172,-3.2668476966211504
-5.442505735059595,-3.2952937751915434
-5.472402488027993,-3.323894319322674
-5.501354490323809,-3.351575856808094
-5.531643106462422,-3.378347268634677
-5.561967046315666,-3.4050688832018627
-5.591889245678844,-3.431384853152469
-5.623137338226026,-3.456812333414693
-5.654254161222214,-3.4820294062832637
-5.684780867843119,-3.5066471827087997
-5.716453873458836,-3.5305122610577766
-5.747530579106891,-3.553697006060772
-5.77792426563236,-3.576230777722609
-5.808957580071538,-3.5983643896102495
-5.839262435122533,-3.6196456610910617
-5.869261062934841,-3.640658917982287
-5.8993293383107135,-3.661662212237128
-5.9279775590092925,-3.6811102877423343
-5.9558756549448475,-3.699903350769604
-5.984224167379506,-3.717793155256663
-6.010786350574489,-3.7337068696487408
-6.036863128865926,-3.749248641289371
-6.0603488615434395,-3.764318050469351
-6.085546793645245,-3.775855890377096
-6.109855106994812,-3.786611242942623
-6.1324138623683515,-3.7964319369474513
-6.153477870959801,-3.8068537617563365
-6.172559408417275,-3.8160754449989738
-6.190766945435656,-3.8242989923917694
-6.207245188270794,-3.833373470429346
-6.222127474093436,-3.84112653119518
-6.235879829299113,-3.847591054274826
-6.248078940639578,-3.85419495797325
-6.259002172045982,-3.858980616323599
-6.268631092564399,-3.862289755494826
-6.277208142376311,-3.8657825109152064
-6.284162442220338,-3.8670550294438315
-6.2902372032652565,-3.868049300203891
-6.295548774159073,-3.868196305589303
-6.300196020046484,-3.866902155521758
-6.304117135805404,-3.8651070755337833
-6.3076047884746655,-3.862853390208428
-6.310045251128184,-3.8594523516903485
-6.312480621146922,-3.8560540652891016
-6.314138088930994,-3.851764340646749
-6.314990798743215,-3.846733999744635
-6.3158785961921176,-3.841678858038538
-6.316921090688233,-3.834581809992535
-6.317618144966969,-3.827191796609746
-6.317473460194051,-3.819147062820408
-6.316272457724245,-3.8098899170791687
-6.3141292622534,-3.800603744619881
-6.312092376556447,-3.7906888616322223
-6.309400011168382,-3.780019599808385
-6.305144423402649,-3.7692323028925667
-6.300691349728574,-3.757844826495899
-6.295310924454542,-3.745390784917493
-6.287755548581863,-3.7324396935341464
-6.278741455572161,-3.7185036370311315
-6.268958655196037,-3.703922833852477
-6.257331599950504,-3.68886183420558
-6.244579954686559,-3.672772390218819
-6.230687022099606,-3.655897756288388
-6.2175608504821795,-3.637541506226743
-6.2024261971487,-3.617139023486924
-6.18680477345653,-3.596868712632745
-6.170598100154677,-3.5753707153310366
-6.1526909545724315,-3.5531177953208233
-6.133745780453394,-3.5296709793727397
-6.113683538129204,-3.5076025642770854
-6.092119984807957,-3.4841639969416787
-6.069262343965198,-3.4592378458381265
-6.046298445883353,-3.4343696094499783
-6.022088252211158,-3.408364056749397
-5.99717800530195,-3.3815543118732116
-5.971773276848047,-3.3550676085575204
-5.944931542272065,-3.3272050952910117
-5.9179356201149655,-3.2984376227322953
-5.889962549887123,-3.2703608270062428
-5.860814451405874,-3.2412131100617563
-5.8315195569528875,-3.211725520181628
-5.8011566020702166,-3.183057822326238
-5.769957541173429,-3.1536285989220407
-5.737930494924751,-3.1239941219545577
-5.705465010831531,-3.0954761315467305
-5.67202298115023,-3.0660688375019567
-5.639557500774489,-3.034940938165795
-5.607217093822867,-3.003954896897403
-5.574496295176478,-2.9734327880865803
-5.5403738051421305,-2.9424683800251534
-5.506364116477254,-2.911630051354989
-5.472161014983102,-2.88122600654849
-5.436884583363506,-2.850027591441686
-5.400728441701109,-2.8185785214348056
-5.365242904682416,-2.7879018131834616
-5.329149733413265,-2.756670863858015
-5.292192814789316,-2.7253993751226053
-5.25586237038594,-2.6950070166767452
-5.2193104242816935,-2.6644111733827263
-5.181479064080161,-2.6333866405116795
-5.145268286223731,-2.6031796336007234
-5.108897886333317,-2.572825272316036
-5.071304253365792,-2.5418949530776693
-5.035204109154167,-2.511667005454534
-4.998790359312653,-2.480919295659906
-4.961767348199342,-2.450031567221712
-4.92628931874477,-2.420237427652854
-4.891266800939662,-2.3906937427509356
-4.85694212971221,-2.3614409828703957
-4.824024444022636,-2.3327738749525184
-4.793090776954314,-2.304125296785979
-4.762302122185833,-2.275403977253642
-4.732568038529484,-2.247408543850757
-4.702052279342514,-2.220743038882477
-4.672758327138108,-2.1952490694293
-4.643328424217284,-2.1690318376110866
-4.615415040846524,-2.1435025273563815
-4.588578123563382,-2.117985617941331
-4.562151084239418,-2.0930363065646373
-4.536906127461641,-2.06720213427249
-4.512514055515804,-2.0419696540252184
-4.488867611595627,-2.01762600465831
-4.466607631190849,-1.9922264973583281
-4.445232358743064,-1.967497881893569
-4.42393717825401,-1.9429552990884738
-4.403977396791803,-1.9173822339071154
-4.385003615281465,-1.8925689544074165
-4.366421215713409,-1.8682396629245355
-4.3490207745190865,-1.842985648822973
-4.332534660120741,-1.8184817718154551
-4.315885317972474,-1.7938821717296662
-4.300436466697622,-1.7683327828079476
-4.285810723068726,-1.7434190055413064
-4.271144652519448,-1.7185641649541494
-4.257135206511332,-1.6931770371196775
-4.24556278214981,-1.6671996071918902
-4.2322737497691145,-1.6427986249311464
-4.219139360232421,-1.6190426143289303
-4.206501387438049,-1.594931355009692
-4.194258195244303,-1.5711704007404266
-4.182285792361703,-1.548951242750294
-4.16994992805921,-1.5268579695996098
-4.159139632606714,-1.5062721467567406
-4.149032511988622,-1.4876509535852673
-4.13893724023631,-1.4690287450217687
-4.130223182584256,-1.4518265887635216
-4.121753954723866,-1.43546797857231
-4.113871952047828,-1.419607043232595
-4.106707190243157,-1.4042958264011456
-4.100677324766316,-1.390194671406774
-4.094661467238513,-1.3771291774436596
-4.0893294153307,-1.3644639693831342
-4.084988006789309,-1.3528948177244133
-4.0802378945185165,-1.3418508168525922
-4.077686505520825,-1.3308625573191755
-4.076004863371572,-1.3206587567404706
-4.074103790864813,-1.3108633231239233
-4.073370053110072,-1.3016229062025115
-4.073430201209282,-1.2930981210490342
-4.072914635483469,-1.2847134874756203
-4.072135329837168,-1.2768783546376503
-4.0726757150832,-1.270466738964812
-4.073546114908436,-1.2643776590778781
-4.074113829646097,-1.2585334045858672
-4.075839608616157,-1.2539106819993329
-4.078295264010688,-1.2500017696187
-4.080033237459007,-1.246672275243067
-4.082943832138519,-1.2446027266277504
-4.086873871945723,-1.2435845204410585
-4.0902246461285525,-1.243032931184249
-4.095234745769066,-1.2441782540172006
-4.101022027099924,-1.2461640329569017
-4.105962250244712,-1.2488297438180378
-4.11231422486386,-1.252921157749041
-4.119510348160573,-1.2578743041987925
-4.126555863309669,-1.2629432468938744
-4.135057424704296,-1.26947793917548
-4.144080987841909,-1.2765656924624178
-4.153642259052233,-1.2828323947691036
-4.16367195162873,-1.2894200295224325
-4.174926991860062,-1.2971072054842552
-4.18599681230071,-1.3048954295671646
-4.197838446303837,-1.3129967921050147
-4.210275495723621,-1.3216634139868633
-4.223282855983673,-1.3305651185153662
-4.235224484564817,-1.3409988530553474
-4.247402034296154,-1.3516313533026243
-4.260288549117897,-1.362482202142227
-4.273111741651538,-1.3733208902086573
-4.286619782205208,-1.384835085829922
-4.300334972156656,-1.3953447377712984
-4.314402618173825,-1.4057168654630199
-4.328190739379945,-1.4157682898352761
-4.341783814058136,-1.4244246317533393
-4.354589935941764,-1.4336880196263262
-4.367104024766269,-1.4426154200662082
-4.3798209863147965,-1.4511970371827725
-4.391425220006679,-1.4597032967931964
-4.403535612026209,-1.4689040795669308
-4.415338983800433,-1.4778303712224647
-4.425811403647623,-1.4867788489076492
-4.436640179461898,-1.4963863773776516
-4.4475847213818165,-1.5055267877390281
-4.458842139811883,-1.5149217036126326
-4.468410142421448,-1.5259532910965516
-4.4782214502599,-1.5373977502642215
-4.488155239838609,-1.5489210724971587
-4.496973686559972,-1.5613122304275227
-4.506031739239757,-1.5740537232252658
-4.5157353680991825,-1.5874129306113995
-4.524150850748443,-1.601769138768834
-4.533109603489139,-1.616841459576936
-4.542593635415653,-1.6323543630691797
-4.551287514843043,-1.6484687435581848
-4.560279934713781,-1.6650334305022882
-4.568571386555371,-1.6825145093407166
-4.57808507528315,-1.7010386589615887
-4.586526323754519,-1.7197940128290814
-4.595974606433131,-1.7395399024866596
-4.60486534396117,-1.759691296784769
-4.6138538439391965,-1.7801218824324143
-4.621893828466758,-1.8002038679969434
-4.630976941174227,-1.8209130400401696
-4.63710093276409,-1.8438001374864281
-4.642792251121661,-1.8662297871133995
-4.649112822804598,-1.8896006315077976
-4.655173497151199,-1.9124997022764811
-4.66142479943985,-1.9354751967554917
-4.667091328964855,-1.9596802556040729
-4.672950315354949,-1.9837129690319422
-4.678925395689338,-2.007834393637712
-4.685309433239427,-2.0324074625586865
-4.691623825174132,-2.0570067514995842
-4.6986271150873495,-2.0821871439870865
-4.705456368202492,-2.107250646174186
-4.712574496482915,-2.132068187109893
-4.720756877221488,-2.157848076157358
-4.728883771398714,-2.1836573698388513
-4.737256514623649,-2.209252964045194
-4.7463574686201975,-2.235444495710799
-4.755567800728147,-2.2617434763129793
-4.7655961353490985,-2.2874025348622955
-4.776018818478026,-2.313349769215532
-4.786359566496219,-2.3391914519190062
-4.798171020722518,-2.3639132826689435
-4.8068478810251545,-2.391891859469496
-4.816192389151409,-2.420477639736747
-4.825924296630557,-2.4483368114692414
-4.835825623107685,-2.4750550709344536
-4.845930536420798,-2.5019605532693454
-4.856563207574573,-2.527967074903981
-4.867387437859669,-2.5529671362680064
-4.878283518181526,-2.578613457750977
-4.888683758926624,-2.6037908650591324
-4.8998754175152985,-2.62839493181091
-4.91054324913235,-2.652375446340618
-4.921025778131993,-2.676201224682124
-4.93230381748601,-2.699456920281382
-4.9435982903418285,-2.7227361017411043
-4.953955945011784,-2.745903945746676
-4.965640264079764,-2.7690246545104342
-4.976613445946432,-2.7913235701375516
-4.986531908397157,-2.813358915114106
-4.997951086677701,-2.835707819361084
-5.008511485786188,-2.8571310368159066
-5.0191070149243595,-2.8777277925696048
-5.029316610732579,-2.8978979528278996
-5.0404183268474965,-2.917706608179523
-5.0496146790784815,-2.936243510340637
-5.0571343926563035,-2.9577483409740157
-5.06428425916909,-2.9788779932238896
-5.071856015514076,-2.999760180264944
-5.0786323749705105,-3.0198625336692415
-5.087957497005241,-3.0374326531411637
-5.097212847033207,-3.0548972867661757
-5.1054095789720755,-3.07174161186111
-5.113337042714384,-3.088641244230153
-5.120953174121732,-3.1052580676991117
-5.1285384369116995,-3.121577530179734
-5.135961207489975,-3.1382983543528162
-5.142381835988123,-3.1540931064922035
-5.148743391007869,-3.169238352895355
-5.1545792987327745,-3.184238838801756
-5.159626730252178,-3.1985112395314688
-5.16494969128682,-3.2121594010961645
-5.169537881594128,-3.2258391796269565
-5.173496011427172,-3.238346953967372
-5.17657044035896,-3.249883269361072
-5.179506245083278,-3.261527437338539
-5.181369774551701,-3.272177136467017
-5.1829987685962395,-3.2825735296803447
-5.182435982254527,-3.2958225435776627
-5.181307307902012,-3.308344729155824
-5.180324505086572,-3.321029256175975
-5.178272631739934,-3.3338460162699795
-5.178914563647705,-3.3427292095269165
-5.178671945858504,-3.35078819100475
-5.1785068787717545,-3.3589358923140615
-5.177801907345666,-3.367465897457387
-5.176751233731752,-3.375644590873513
-5.17609945855607,-3.384037063435424
-5.174624412036224,-3.3927410553752155
-5.172767771557111,-3.4010903513741035
-5.171152217148874,-3.4094251259012025
-5.16941128104586,-3.4179960929078943
-5.167438174926222,-3.4263518586915325
-5.165473775269434,-3.434611096925009
-5.163412263772585,-3.4429175195267616
-5.160944920401356,-3.450764512159768
-5.158904974956874,-3.458314676811183
-5.156554230553343,-3.4655289728229977
-5.1538493671222,-3.4724137026649924
-5.151646026701514,-3.479141982557375
-5.148776967392574,-3.4851337546208567
-5.146580081969479,-3.490515159020671
-5.145249815061856,-3.4960389358358452
-5.143132679768028,-3.501001257939224
-5.140893759585273,-3.5058520756662563
-5.1392394187133945,-3.5106220953810876
-5.14020172927369,-3.5116601733408026
-5.140738338412787,-3.5122169417197853
-5.14149485068054,-3.5130159406836157
-5.142406358153249,-3.5137071326122618
-5.143225876159545,-3.5142474944413626
-5.14423004002497,-3.514973270771422
-5.14571621191843,-3.515363264621415
-5.1470780562970235,-3.5155924974680506
-5.148306870522012,-3.5157075804974927
-5.149736135216593,-3.515683228004795
-5.151390575713439,-3.515848654048176
-5.153124330304676,-3.516093870923648
-5.154826990405778,-3.516361431654226
-5.156930240077918,-3.5170493530141678
-5.1588191010030835,-3.5175081146457083
-5.160578334566451,-3.5180580388925793
-5.16261787362722,-3.518912696239117
-5.164281908953865,-3.520016377882411
-5.166423923096663,-3.521643192447588
-5.1690735619509445,-3.5224548056825737
-5.171685371948691,-3.5232064630836737
-5.174631579015144,-3.523977617868937
-5.179379440787777,-3.5222679683860316
-5.183639301295676,-3.520309406589275
-5.1879693155160265,-3.5182106533262374
-5.192503100672979,-3.5163340144992468
-5.196767643584977,-3.5142159961718136
-5.20129875404572,-3.5121468800732987
-5.206010063078996,-3.510274501327351
-5.210300108141748,-3.5083212456962274
-5.214788572122546,-3.5064141482506495
-5.219093712366585,-3.504535363248311
-5.223531958867611,-3.502805113965586
-5.22811182915315,-3.5010669620589216
-5.232654815063788,-3.4995723212355307
-5.237327853827193,-3.4981876170437465
-5.242255042518579,-3.4966736413654873
-5.247365317537155,-3.495470282590239
-5.252496779886952,-3.4943136682569444
-5.257569427942977,-3.4931120556430657
-5.262889078820806,-3.4917384196862513
-5.2684317746924085,-3.490545292234496
-5.274793298436026,-3.4886115679600103
-5.281305123086332,-3.4867701374757303
-5.287902261486642,-3.484713848772968
-5.294246929517047,-3.4836682671689907
-5.300166746225232,-3.4821554285126988
-5.306521439787501,-3.4803404742459088
-5.313135517862087,-3.478767826385577
-5.319656802288205,-3.477092177109667
-5.326451375924375,-3.475226971146135
-5.333438093555115,-3.4735405292934067
-5.339981013173382,-3.4713633730604108
-5.346758727089775,-3.4690236084472352
-5.353180477576948,-3.466349437500171
-5.359395529037275,-3.4634452686713253
-5.365778768614897,-3.4604246153656355
-5.372145454502214,-3.4573866368255044
-5.378125290053789,-3.4539186455406825
-5.383780947454472,-3.4506758491475544
-5.3888027055736964,-3.4468122675226733
-5.39387117138986,-3.442847447332157
-5.398515910397382,-3.4389506219815305
-5.402833832453016,-3.4347474659529587
-5.407245114381683,-3.4308012491894524
-5.412041521414674,-3.4252532097072774
-5.416590471337215,-3.4194742716281246
-5.421162748837973,-3.4136049815615217
-5.425426537822134,-3.407389676466258
-5.4287273146388815,-3.4016988627840323
-5.4321159739871465,-3.396168108362449
-5.434860563744127,-3.3902717683262753
-5.437422905148959,-3.3841925481924857
-5.439938926474542,-3.3787348372645236
-5.4422784826328146,-3.3733093755533385
-5.444405343021994,-3.367712798224036
-5.446448009256679,-3.362604087708979
-5.44823995242867,-3.357440760962727
-5.449677134248726,-3.351942907913883
-5.450781689876161,-3.347043077076891
-5.451466460657598,-3.3419240455843915
-5.451743920219841,-3.3369087479078194
-5.451513566456237,-3.331422811278197
-5.4510005050166965,-3.325779399732343
-5.450245620601065,-3.3200860216339514
-5.4488874798332745,-3.313833939571937
-5.446955504872354,-3.3073530223842758
-5.445490482733585,-3.299557815728671
-5.443291115672823,-3.291058907071923
-5.440451940399682,-3.2818445092700625
-5.437356344539586,-3.2728100275803835
-5.4331282561778185,-3.262728489774603
-5.427789129335576,-3.2530144387714746
-5.421951565628179,-3.24325725845224
-5.415317116950561,-3.2330595243210087
-5.4078146825699065,-3.2219412002935264
-5.400006607458763,-3.2110552208353678
-5.391691219273598,-3.200093870868349
-5.382313431774593,-3.1881509993957318
-5.372285422109446,-3.1765081858137703
-5.3614749026520725,-3.164766086054126
-5.349990791186619,-3.1524019571247717
-5.338273930585335,-3.140585222950946
-5.326128143074869,-3.128941521548529
-5.3132968728923675,-3.116664707207266
-5.300016879377046,-3.104951819078049
-5.286109711701747,-3.0932414241334305
-5.271612253868463,-3.0809852690115735
-5.256916898769611,-3.0694468550907583
-5.241968367515673,-3.057672794667335
-5.227325671051091,-3.0461104784158595
-5.21212004586221,-3.034348556735922
-5.1967727025151875,-3.022425426657702
-5.181650268012976,-3.0107131431294
-5.166111520123158,-2.9984755062428006
-5.149376316691508,-2.987629136020724
-5.13314730519535,-2.976828615898501
-5.116730711590003,-2.965957140733938
-5.100213723748295,-2.954970951776675
-5.0842820473723105,-2.944179972847563
-5.068069702392818,-2.9330782047177864
-5.051663653483474,-2.921758146954565
-5.03574195208664,-2.910281745164625
-5.020010681037358,-2.8983181699118163
-5.0039890664489945,-2.8860296123424964
-4.988378802809152,-2.8740285101790595
-4.972842123808349,-2.861531289647971
-4.956987966670261,-2.8486796077814684
-4.941180404224079,-2.836328948544044
-4.925469178877249,-2.8231651259329658
-4.90998155374144,-2.810192110269966
-4.894579988820935,-2.7974498761711426
-4.879447576539249,-2.7849567290962702
-4.864359867084969,-2.7725128108760875
-4.849653920694842,-2.7596152923440647
-4.834814754352959,-2.747446977527657
-4.81990201057267,-2.7352763171622443
-4.804245330890209,-2.7241039767978688
-4.789065206596016,-2.7137558432880122
-4.77445395973813,-2.704038805511446
-4.759767081949494,-2.6941838171738013
-4.745531887546869,-2.6851669861438743
-4.731636912198302,-2.6765266871873847
-4.71787861798939,-2.6675553238047747
-4.704698246889952,-2.659153519812052
-4.691981016696092,-2.651264335994993
-4.679279188423517,-2.6428790915464915
-4.666889043100771,-2.634719482373801
-4.654828985461251,-2.6267926681084117
-4.643268380397906,-2.6184170314092783
-4.6322972786939784,-2.610289255020301
-4.621480178902063,-2.602269361861144
-4.610822141745437,-2.593680206956073
-4.6006756050128494,-2.5848522020790505
-4.590831496809922,-2.5762387818132297
-4.5817612612314065,-2.5673964111506304
-4.573272617898429,-2.558588973167938
-4.565154303361176,-2.5501150483061137
-4.557588318018417,-2.541191951381632
-4.550467107422976,-2.532724178852145
-4.543748631450049,-2.5239800398422143
-4.537459637128286,-2.5154414104509937
-4.531539458565547,-2.5072952670079935
-4.525935121706269,-2.498909454109754
-4.520952557606982,-2.4911223839611147
-4.516685664096181,-2.484075388418193
-4.512402810580182,-2.4770377266346775
-4.508538800273753,-2.470440428790893
-4.505141233448874,-2.464353099687222
-4.501942064614117,-2.4589918667637978
-4.499382750869513,-2.4542234578832343
-4.498237346333316,-2.451020964500421
-4.4964624214778315,-2.448291753873414
-4.495271388254142,-2.4461037232632883
-4.495019647779567,-2.444956292485874
-4.494757219304392,-2.4438170108814132
-4.495319714365797,-2.443442265774773
-4.497226478007094,-2.444593645739061
-4.500267266750268,-2.446494193418888
-4.505066032773557,-2.4495821279170786
-4.509703783625569,-2.4531064198952195
-4.515846578912893,-2.457612792742862
-4.523278736185647,-2.463313974358314
-4.531336667598242,-2.468842880495066
-4.539901812461177,-2.4755941368952596
-4.55121340585476,-2.482459251467106
-4.563526584547037,-2.490356701410503
-4.576955454668713,-2.497453469955216
-4.591501442746001,-2.505200635197771
-4.606301611664556,-2.5132285806966164
-4.622312169139383,-2.5205537367171633
-4.639126600526366,-2.5282001859016074
-4.656119355419211,-2.5360416852757064
-4.67430899561312,-2.5432324950142853
-4.6930921519656215,-2.5509339517703093
-4.712145392224169,-2.5589310235530274
-4.732053891390952,-2.5667911501725054
-4.752183740065392,-2.574958334388536
-4.772758290005299,-2.5836156587467745
-4.793826289176954,-2.5919983033223883
-4.8151353808330715,-2.600964883263141
-4.836967059711867,-2.6105095228554127
-4.859127817396474,-2.6202756603536095
-4.881244299693929,-2.6298269105803116
-4.904175802951624,-2.640198193166322
-4.9270636061593605,-2.6505580454402455
-4.949743886403025,-2.6610784850149165
-4.972955424893884,-2.6720955641344912
-4.996553442670359,-2.6836780402324036
-5.020039600169229,-2.6950041655848054
-5.043763460499052,-2.7072999135085722
-5.067761402171466,-2.7199003877437105
-5.091714386707509,-2.7323977290966623
-5.11571265776588,-2.7454645062528575
-5.1400366579667995,-2.758895527730776
-5.164239480787207,-2.7719374102835084
-5.188860054987804,-2.78575664064391
-5.213663798831015,-2.7997796966634634
-5.238423414274331,-2.813785386372181
-5.263154211467527,-2.827626422158283
-5.287951008194325,-2.8415257024337905
-5.312119462187468,-2.8545672981689902
-5.336821580914297,-2.867692544412051
-5.361372763439594,-2.8806767620784655
-5.385157963115406,-2.893179588338883
-5.408922300230843,-2.905739051245349
-5.4320951039381296,-2.9177551386909135
-5.455717397698261,-2.9268951052139887
-5.47824332453691,-2.9352985011816677
-5.499538500260681,-2.943049135680587
-5.520673488985081,-2.950087254112754
-5.540262618240337,-2.956219232962346
-5.558635170339644,-2.9612107211059002
-5.576326410480254,-2.9663665579184166
-5.592548460749234,-2.9711983504596917
-5.606565707431289,-2.9756434215356315
-5.6196271537991604,-2.979089485592445
-5.630884582595544,-2.9838066747255705
-5.641128163519966,-2.987581972907228
-5.650766909043919,-2.9907576401990412
-5.658613330666914,-2.9951923677531043
-5.665786939927802,-2.998992641251885
-5.672738410350946,-3.002591293657527
-5.678240532005857,-3.0072053319939585
-5.682880177241512,-3.01097054366582
-5.686920774864921,-3.0141687331478053
-5.689811126850395,-3.018171419065261
-5.69228913597302,-3.0217689767248195
-5.694598894219738,-3.0252057805823114
-5.6959326122181535,-3.029324294501029
-5.696961032873717,-3.0332029689682725
-5.698308721487984,-3.0357971956001375
-5.699178291407932,-3.038033350016396
-5.699084402902924,-3.0414174446357816
-5.698229442184954,-3.0441071392317687
-5.696880644050834,-3.0471114307130733
-5.69528868620307,-3.0498010513413507
-5.693043246657073,-3.051851313952999
-5.690351657759605,-3.053190906431089
-5.687083966792423,-3.0540384560292946
-5.683630517734638,-3.0538858463509495
-5.680141232961982,-3.0536469226789524
-5.676217003377924,-3.052974338203638
-5.672324036112897,-3.0516902421514147
-5.6678096782840734,-3.0497377962219208
-5.662536288559201,-3.047227929304736
-5.656811654980514,-3.0439718720027806
-5.6503411926529665,-3.039930310544999
-5.6434377871442525,-3.035362218579702
-5.636270325652821,-3.030353318384867
-5.628448126211224,-3.0247475262653336
-5.6198374580455654,-3.020260149826865
-5.610557065538715,-3.0150036370596616
-5.600986280389428,-3.009589621724997
-5.591096924724229,-3.0035402062841143
-5.58065958228061,-2.996861766075063
-5.570274577146695,-2.990182138053189
-5.558320094976593,-2.985091967538754
-5.546283224022152,-2.9793908086892684
-5.533944523176581,-2.9736750542327295
-5.521425236431815,-2.9677938386763723
-5.508809357599969,-2.9609463846601356
-5.496197197074174,-2.954328870666484
-5.483165688524385,-2.94732831291402
-5.47053499049229,-2.9394428457805764
-5.457516027834162,-2.9315894018206814
-5.444325927896696,-2.9235796246482186
-5.4313661364794275,-2.9146355983990455
-5.418300964071044,-2.905926485026345
-5.405014409707861,-2.897015299007997
-5.392276117536397,-2.8875420584491174
-5.379360320836407,-2.8783786514445904
-5.366444357597815,-2.869215198673543
-5.3538550783738845,-2.8597854925756927
-5.341136596114525,-2.850954190973748
-5.328090496936132,-2.8437584271120766
-5.3154122266536366,-2.8360209346485927
-5.302717858807151,-2.828524640461585
-5.290316158164349,-2.821331733115598
-5.2783300735122145,-2.813684205763369
-5.2660432016564265,-2.8059433399967104
-5.253242615165398,-2.799258488241778
-5.240978632452406,-2.7930655003577702
-5.229431942369133,-2.7861655791630606
-5.218565321510311,-2.7799724904123093
-5.208092999960589,-2.773344394286562
-5.197895058754324,-2.767008209053028
-5.188023520801555,-2.7610432810284364
-5.1786248492560185,-2.7557140163884606
-5.170037699025477,-2.750716771489461
-5.161113394631386,-2.7462745011799683
-5.152161746991858,-2.7418079986714243
-5.144124171914181,-2.73744102554294
-5.135568140383302,-2.7332094853064586
-5.127596185785966,-2.7295137904198516
-5.120626721451283,-2.7262187805772675
-5.113521802660942,-2.7231491621841606
-5.107142124869772,-2.7207448821961973
-5.101643910878823,-2.7185633785783176
-5.095748989211456,-2.7166481189872624
-5.090270999394983,-2.7151159666149307
-5.085681085951933,-2.7124222274495793
-5.081569186346183,-2.7102685229839696
-5.077897839466615,-2.7084107100048014
-5.07493935098308,-2.7068997891628053
-5.072571733663208,-2.7060560255670367
-5.070176613979315,-2.7052353541897145
-5.067971741079633,-2.7047749021800973
-5.0661518980753035,-2.704749144515802
-5.064624627548801,-2.704700959514196
-5.063598457476639,-2.705315398251467
-5.063028214721927,-2.706668001369211
-5.0625316850756485,-2.7078661626352756
-5.062441080731007,-2.709771636372176
-5.062569824757327,-2.711966588334977
-5.062556523377266,-2.713860365374415
-5.063018735748438,-2.7161908271258968
-5.063440069757676,-2.7191384958706126
-5.064207767959915,-2.7207886689255654
-5.065194247322176,-2.7225596880659997
-5.06609838114048,-2.7245655394101504
-5.066866128999908,-2.725994923693388
-5.067440282731088,-2.7271619808290346
-5.0677819875438646,-2.7285307495255275
-5.068064831485706,-2.7291875885004133
-5.068897492630605,-2.7283373512492175
-5.069434516968587,-2.7279748677281166
-5.069549689872941,-2.72699643042401
-5.069271410281365,-2.725574473860435
-5.068578270794404,-2.7246090388933837
-5.067776806878784,-2.723325364997458
-5.06687266076601,-2.721925932215168
-5.065179058985018,-2.7209045070484454
-5.0629359744429046,-2.7196166193248947
-5.0602856684723845,-2.7178697239728256
-5.056972103889568,-2.716490640002158
-5.05339322699801,-2.7151116221871203
-5.049969032044755,-2.7139066953688458
-5.045336325875482,-2.7128533274397975
-5.040215741776257,-2.7118723524408592
-5.035077047542951,-2.7108700213420214
-5.0297393580235275,-2.709801902086324
-5.023416485905707,-2.7094528926798938
-5.01697400885951,-2.709019119298706
-5.010461107068736,-2.708584700670617
-5.003281958959743,-2.708638173849663
-4.996086917792411,-2.708660034917765
-4.988599467597837,-2.7084372029413033
-4.980670261539604,-2.7085394082239036
-4.973000471360299,-2.7083638864032262
-4.965329611378296,-2.7082164956233274
-4.957729891165854,-2.708020278989301
-4.950224356717962,-2.7078881121780873
-4.942674758614362,-2.7071749630252273
-4.934712690034812,-2.7063391101148566
-4.926843976546542,-2.705578133878376
-4.919620942206406,-2.7043444643564776
-4.9123008611896255,-2.7027921861660076
-4.904867893993375,-2.701131392629859
-4.89757214212048,-2.699183057798569
-4.889977775549794,-2.696683311920164
-4.882714004786344,-2.6942895185976594
-4.875671625519208,-2.6918379788365927
-4.868697949855867,-2.689089225175573
-4.8609186866222736,-2.687720593664803
-4.853403386370434,-2.6863454286082034
-4.845950275170894,-2.6850824923253067
-4.838645806254989,-2.683331125011157
-4.83111211063759,-2.6826720539924036
-4.823877076278459,-2.682507349035967
-4.816796495602109,-2.6821916222002637
-4.809959649684281,-2.682100597981145
-4.803456135039806,-2.682520672731221
-4.797109377783816,-2.682658849251794
-4.791032137893159,-2.683045744986207
-4.785122278136392,-2.6838400954387938
-4.779712244600069,-2.6843124642307346
-4.774836798696374,-2.685279319786958
-4.770359424244519,-2.6863842859345906
-4.766299027149488,-2.687027408162262
-4.762351155001812,-2.687724445739055
-4.7582500135654415,-2.6882511255509693
-4.754957808819626,-2.6881820028064043
-4.752086696278193,-2.6885033405461876
-4.7491764885747,-2.6887815395895815
-4.746873407110865,-2.688612285569883
-4.744537812052528,-2.688413119030579
-4.74169333716626,-2.6876496295425247
-4.739021402436013,-2.687140980853206
-4.736480790858878,-2.6868170100243165
-4.733662293168839,-2.6862148533474772
-4.730891129558294,-2.685543488558813
-4.728489674662306,-2.6844091521385125
-4.726100949276724,-2.6836761747665396
-4.723604145550444,-2.6828240081074477
-4.721205680000638,-2.681612446500058
-4.71877411457468,-2.6803404892974823
-4.716226235155358,-2.67894009854822
-4.7138744958367,-2.677672915043833
-4.7115652469260825,-2.6764876976281347
-4.709266220566653,-2.6753143285370173
-4.7067553237235105,-2.6743026675490755
-4.704334859380876,-2.6731845880499168
-4.701671289472488,-2.6723780991324064
-4.6992794778415945,-2.6718733722601757
-4.696748100801737,-2.671257552041589
-4.693891410063672,-2.6714062407614785
-4.691357537820105,-2.671913282297665
-4.688948064275347,-2.67250174982541
-4.686261280696845,-2.673313881918541
-4.6840639601540275,-2.674648439601817
-4.68163078176249,-2.6757596293719232
-4.679102037046754,-2.6769413145067293
-4.67702644025093,-2.678568812864963
-4.676016106006718,-2.679048193419547
-4.674990773861592,-2.6797598762932813
-4.674045919864332,-2.6804902745705657
-4.673380797790169,-2.6815301297030785
-4.67286320139466,-2.6825687307188635
-4.67247751063932,-2.6835840431478455
-4.672299701631056,-2.684829272354842
-4.672178479812294,-2.6863026694318064
-4.672250303913919,-2.6878287275695745
-4.672460435383766,-2.6895077447108178
-4.672843154189048,-2.6913646545431154
-4.673177973225551,-2.69297667429054
-4.673718177592969,-2.694815733790024
-4.674208390593172,-2.6967213209725607
-4.67467673787214,-2.6988812200425834
-4.675453941324608,-2.701382406586651
-4.676308241297705,-2.704085630115372
-4.6776553246527275,-2.707333219006789
-4.678905085876283,-2.7107410129333123
-4.6801533819272585,-2.714110812910308
-4.681618458262394,-2.7173283181236405
-4.6836714138490425,-2.721239016139389
-4.686007480796133,-2.725412831280827
-4.688401801778381,-2.7299116453848384
-4.692098057143257,-2.7343877479526535
-4.696336422885578,-2.739305496292014
-4.700958194369754,-2.744139117272932
-4.706586195445774,-2.750078670980427
-4.7130153780269,-2.7567768608168564
-4.719969041257765,-2.7630863228866542
-4.727482721811815,-2.7700145442417514
-4.736221850192328,-2.7780832506801922
-4.745697684985628,-2.7856084050908883
-4.755791907639929,-2.7938171868712725
-4.766552174585837,-2.8026460218839633
-4.7784783335318775,-2.8106186338449555
-4.79019830803333,-2.81836390612836
-4.802762333955151,-2.826894584036473
-4.816390776169234,-2.834499813029656
-4.829765523036636,-2.8418380410488417
-4.845107307725993,-2.849005337148669
-4.860204752405873,-2.8558800044334163
-4.8755361015541325,-2.8620642844788664
-4.891207672618639,-2.868492037914896
-4.906812876899569,-2.8748813640035973
-4.92299490535074,-2.880837657686121
-4.939667606074152,-2.8872461116144366
-4.956332650812534,-2.8936414941110087
-4.973290273536573,-2.89983217714338
-4.990211113793336,-2.9059849736542773
-5.006783949274606,-2.911745325658235
-5.0239329892772435,-2.9170975751869674
-5.041157031805539,-2.922514272916765
-5.058326305544467,-2.9278632705667187
-5.075476063458357,-2.93323491288684
-5.092596007948774,-2.9385739147729817
-5.109315553997832,-2.9434587239828423
-5.125953403500737,-2.9484110662972136
-5.142631229703984,-2.9534243791153494
-5.1590601732510155,-2.958193774875573
-5.175289095536882,-2.963114449382493
-5.191727619709867,-2.968229781241412
-5.208109411560429,-2.9732431075351764
-5.22426911940909,-2.978423716392431
-5.240625730571083,-2.9838486129259385
-5.256780263091561,-2.989038705345306
-5.273868783244195,-2.9929212774650384
-5.29045703537376,-2.996520876400071
-5.307188324640535,-3.000286712004654
-5.324064931104932,-3.0042183245913603
-5.340388345854691,-3.008663219292723
-5.356459845931728,-3.012818258794663
-5.372579503566757,-3.0170131295840377
-5.388357940920974,-3.02145641023048
-5.403901484815477,-3.0256286491493216
-5.418848566238488,-3.029249472232438
-5.433332291059985,-3.0339392140230688
-5.447006751972219,-3.0376741701655923
-5.4604845412965926,-3.0413383486920305
-5.473061247241853,-3.0456424388691703
-5.484811898924256,-3.049023113531068
-5.495882369252423,-3.0518687592821947
-5.505804240375369,-3.055525911537024
-5.515300513602773,-3.0586561773709224
-5.524550187323741,-3.061696839525627
-5.532197544108546,-3.065865809333145
-5.540186940994372,-3.0703543333295475
-5.547567753197344,-3.074346474078277
-5.553613922072481,-3.079275516315121
-5.560367315536477,-3.0837506794649836
-5.565383382391515,-3.088720310086555
-5.570599702639457,-3.0940064091997637
-5.5755265486754215,-3.099939744529297
-5.580146686042832,-3.1056762526032315
-5.584892101232457,-3.111409286715669
-5.589294043151496,-3.1177306428644833
-5.593277966387668,-3.1237128746323353
-5.597402403877932,-3.1296647506899316
-5.601286270483706,-3.136024221800694
-5.605306061668412,-3.142506190717573
-5.6096957446846965,-3.1491214072972693
-5.613657759756703,-3.156037311009189
-5.617874144461698,-3.163183773816839
-5.622554331917685,-3.17018335547837
-5.627272399305054,-3.177330429043745
-5.632232009015282,-3.18469676708759
-5.637595302535502,-3.1921760690959053
-5.643042141360491,-3.199381000064679
-5.648770458274853,-3.2068101086289
-5.65498430099829,-3.2142401297479593
-5.661437516125122,-3.2215358252421677
-5.667909671739781,-3.228841591692679
-5.674368076451014,-3.235889702273928
-5.680658713578636,-3.2434246412916288
-5.686493413916437,-3.250441101734826
-5.69269305255604,-3.2576067929511883
-5.698159338770963,-3.266187994057348
-5.703893246867209,-3.274579658195494
-5.709701898635177,-3.2829981679063414
-5.7153836775784495,-3.2913076148450124
-5.721494285651463,-3.2993169798157616
-5.727359216581012,-3.307029059383604
-5.7331864410147295,-3.314737866457432
-5.739683296768777,-3.321981587679589
-5.745998440733575,-3.32896170511135
-5.752443918931812,-3.3360721524718238
-5.759086894486779,-3.3423344988636376
-5.7653989181383105,-3.348293218041408
-5.771062181781889,-3.3535148072238745
-5.777465994426904,-3.358226872870072
-5.783873692476828,-3.3629424508191903
-5.7898155933788855,-3.3671283969980386
-5.79597127390789,-3.3711682647864034
-5.8018610738756555,-3.374964093280682
-5.806996842925495,-3.377902096437042
-5.812334286691747,-3.380702833150783
-5.816774212486085,-3.383650562480911
-5.820999575771812,-3.386353752195885
-5.825201015232276,-3.389074627109466
-5.828510811268446,-3.3920291077778724
-5.831393710749925,-3.394519490620644
-5.834199995631311,-3.3970639253433625
-5.8363324349325785,-3.3989027745522846
-5.83765202320661,-3.399963386056328
-5.8386892110899415,-3.401218124653102
-5.838860762884144,-3.4015361927711405
-5.838218800724181,-3.4010648173369518
-5.836830664364985,-3.4011043252108144
-5.834846178222276,-3.400465800124115
-5.83153544388792,-3.398611476555831
-5.827540618564602,-3.397224893785165
-5.823029979895238,-3.395252407212913
-5.817171695679475,-3.392044394797908
-5.8104131435906305,-3.3894525974930825
-5.802834523745323,-3.385929465201492
-5.794526577728869,-3.381737885924043
-5.785730245035105,-3.377880031119953
-5.77640097102841,-3.3734179166657565
-5.765850311188736,-3.367835369689251
-5.754606529351664,-3.3627282635083606
-5.7420298004889645,-3.3575690877150692
-5.728643108952118,-3.3516673051121897
-5.7139059962881875,-3.3460899760931375
-5.698755872168155,-3.3389987512132593
-5.6823892827963585,-3.332303197591304
-5.664707601628512,-3.324582999653685
-5.64692808474238,-3.31675100405238
-5.627932664568333,-3.30976355469403
-5.6080640343647,-3.301970294216931
-5.588047762257269,-3.2940071233181816
-5.567257183207592,-3.286587062653497
-5.54563339604381,-3.2783957038197173
-5.52382138222569,-3.2699872882392813
-5.501402188035534,-3.262009721666128
-5.478181163385468,-3.2532506847199985
-5.454830345240898,-3.2444988571564446
-5.431332487653421,-3.2355510378110752
-5.407635937638891,-3.226415074470185
-5.384208845458799,-3.2173658420901634
-5.36058714891307,-3.208339196996856
-5.336451063734031,-3.1999135381956285
-5.312192194766958,-3.1913448479708735
-5.288556487836042,-3.182673908017533
