x,y
8.921392590444608,-5.395127761607651
8.920536660607025,-5.389872800946127
8.91968100257997,-5.384776369810845
8.92052006867984,-5.378916084474007
8.920741674693636,-5.37193491513284
8.92015972230201,-5.3638017775041344
8.919670787519646,-5.354491048786544
8.91947779479971,-5.3444562658892485
8.920074398606813,-5.333925865224278
8.920033425160996,-5.321907576992969
8.9199928265168,-5.3092760810615784
8.920313714312165,-5.295710516506726
8.919204839975327,-5.282250974846368
8.919380922044585,-5.269248614940899
8.918104908670369,-5.256237812657474
8.916426739715142,-5.243695854029601
8.91484031040619,-5.231144814953705
8.912277495895733,-5.2197967632888025
8.90953572771475,-5.208487286871961
8.906251229194893,-5.197582313501851
8.903918811810287,-5.187170885379046
8.901665348125004,-5.176905870564315
8.898796955220561,-5.165954967983214
8.894927453692949,-5.154820406996804
8.891989077600307,-5.143982979668177
8.888317428125234,-5.132133539077345
8.882973001614475,-5.120200582828705
8.87813871061582,-5.10760818554998
8.873567411187764,-5.094170301508903
8.867040719181022,-5.0802064248219745
8.859393947830942,-5.063570414323222
8.851868049050498,-5.0470886491407665
8.842968554761404,-5.031275705790147
8.830808066455646,-5.01441818802551
8.817004046375734,-4.998449430168733
8.802582502931791,-4.9831837089359725
8.785520506165655,-4.9697148229563695
8.768106910826715,-4.955883434545173
8.749546747729113,-4.944029855595562
8.728364533475155,-4.933176027038479
8.707180405200013,-4.922198622772643
8.686787802730136,-4.912736962458078
8.663706852615944,-4.9027376123872894
8.64034762944472,-4.892647061020073
8.618029041756046,-4.881811930628746
8.596129910053227,-4.871441463224469
8.57416915501477,-4.861256145643995
8.552520468057327,-4.850485752229757
8.532410779041564,-4.841395653104783
8.512583778196841,-4.832726219692917
8.491413512116212,-4.823597954534969
8.471260340613323,-4.816014369143424
8.45273512341223,-4.808193082227503
8.433278830980841,-4.8002732753907695
8.414197534323064,-4.79298952455401
8.396502764290197,-4.785509337321766
8.380011676606351,-4.780277307884105
8.363268107639184,-4.774866433462121
8.346370265960216,-4.767805759280532
8.330514958118664,-4.763294041149175
8.315267514728902,-4.759389255972822
8.29991114927362,-4.755123745069897
8.285985785581929,-4.7510065815728195
8.27177921147399,-4.746542897899083
8.258814998001196,-4.7423120111221
8.246126352704131,-4.737560759889378
8.234924692499646,-4.734397562723572
8.224120867436117,-4.731768012823319
8.21400817724697,-4.728255156277868
8.20575328792021,-4.727631462930998
8.19755910378534,-4.729155736353378
8.189813960510211,-4.72949589391427
8.182943428618001,-4.731144637543464
8.177695114717269,-4.734832405074771
8.174347520006524,-4.739721051203343
8.171098617807328,-4.744980371786254
8.170015739550365,-4.752038670998785
8.170896041398985,-4.761027283785386
8.172183897845647,-4.769726418345241
8.175276342516087,-4.7797104853024
8.180088850649161,-4.792290409513065
8.18636846318799,-4.804604955853696
8.19399547013587,-4.816453497121102
8.20361170686201,-4.82852335643316
8.214934132238698,-4.839939154528771
8.227440259390406,-4.85010854431548
8.241432408273258,-4.857749666112056
8.255265191212935,-4.866229641326555
8.271360759962489,-4.872230850375555
8.289921153551392,-4.875997367726076
8.30844795338975,-4.880295052172288
8.326847437993882,-4.882769438685448
8.346623403670412,-4.884291691310977
8.366828910091023,-4.885692788367695
8.385621704792586,-4.887134298426085
8.404221535402081,-4.888308159902366
8.421487644760859,-4.887534566668947
8.43714528365027,-4.888228899575223
8.45217958782748,-4.889112348018469
8.465508353918905,-4.888206542847885
8.477306149133138,-4.888339129480229
8.490078037204972,-4.889602147797112
8.500296734082038,-4.890938879442175
8.509284374914024,-4.893988425469661
8.518767804268455,-4.897758427809457
8.527339867166788,-4.903017344924281
8.535016576407834,-4.906884002700617
8.543289674840993,-4.911655763294877
8.551036771347025,-4.918465229544966
8.558964391309454,-4.924389623426047
8.56714047029487,-4.9295349218447555
8.575187175811312,-4.935446297355476
8.583536874016454,-4.941272141781814
8.592057484823359,-4.946335078974744
8.60047145396624,-4.950570341171537
8.608324742084566,-4.954008789931509
8.61570120917103,-4.955746302703797
8.621624767513003,-4.954630805261147
8.62672379438654,-4.952543036128929
8.63049961964426,-4.947868573721112
8.63261603580109,-4.93937273385972
8.633820105367564,-4.930453446422907
8.634815957001047,-4.920931255216603
8.634644083085835,-4.909274414873175
8.631794318030549,-4.895625846222725
8.628382269697628,-4.882530925364588
8.62543849517752,-4.868742980923683
8.619627067120058,-4.854036862619521
8.61124808669295,-4.839175398600305
8.604320357518706,-4.824497575350303
8.596372864062374,-4.8097905382992705
8.587310497050197,-4.795085821659873
8.578075820224981,-4.7803637364059295
8.568848662006168,-4.766698987720234
8.559977698864397,-4.753294138609902
8.550048724115722,-4.741089230297625
8.5404076863721,-4.73003559549743
8.53219434430933,-4.7191502376307275
8.522931015107032,-4.709216454853969
8.51387583328247,-4.700200395102643
8.505049621523371,-4.690588201500797
8.495353707826133,-4.681480385343402
8.486832162991496,-4.6735507437915835
8.477980918448367,-4.665891991276789
8.468967107713002,-4.658870576817307
8.460001897814738,-4.651938693336433
8.452642034101856,-4.646549431703657
8.446763009424412,-4.641675457302708
8.440029134430356,-4.635853483979361
8.433674866128504,-4.631179709978695
8.43069896034952,-4.627174145020949
8.426304269029371,-4.621448506904611
8.422862731224223,-4.616018388510563
8.421406172762092,-4.609720504001371
8.419922504084724,-4.603084035950601
8.418182369152746,-4.59648895198526
8.416233803628584,-4.590172798721288
8.41502092301969,-4.583768808850741
8.415016371688921,-4.578360899751984
8.414176101186841,-4.573088699220391
8.412904648034548,-4.568266163982995
8.412046426195975,-4.564311855607537
8.41061792700741,-4.560906381270996
8.408373751279536,-4.557692580163104
8.406622703933929,-4.555422910818189
8.404985013207398,-4.554764157290197
8.4025302112896,-4.554014958278181
8.40190614136635,-4.5546592493694025
8.401617872107243,-4.556592421272429
8.400428626898298,-4.558103389010491
8.39994170272789,-4.5603287542430575
8.400449685329816,-4.563835963750092
8.400176925210138,-4.566638229637486
8.39936295911429,-4.5697456317928
8.399063416827893,-4.574049411049018
8.399639821850553,-4.579044608714213
8.398584593804276,-4.583208411650923
8.397802528591386,-4.587493683907264
8.400130065711211,-4.5929585864924025
8.400824631762474,-4.598698749250277
8.401882074581943,-4.603922308574024
8.403609301368835,-4.608542989955339
8.405075638638381,-4.6138127228692785
8.407030587263868,-4.61905498189934
8.408347889617673,-4.6230237962638485
8.410167256386341,-4.626391086502328
8.412926446736359,-4.630415529999487
8.414616510945569,-4.633181624295929
8.416858857281534,-4.635257237360628
8.41839715048561,-4.6374663616510885
8.41974469170729,-4.639068953804642
8.422164439237694,-4.6403939801996135
8.424022723595368,-4.6419759472722575
8.42509452754769,-4.643426934733214
8.427554253619299,-4.644518269327857
8.429732137766539,-4.645226291514535
8.431088820562184,-4.64605230867308
8.43182467299263,-4.6452436177470275
8.43204406819076,-4.643665335167104
8.433514505581819,-4.642587408968605
8.432897924352828,-4.640453355336912
8.431457311439601,-4.636989593862791
8.430379536407079,-4.634113061863463
8.42816257320256,-4.631204580611039
8.424117206998806,-4.628092617823801
8.418685322038055,-4.624695085878948
8.413319330875543,-4.62145178574283
8.405844477836299,-4.62092782031019
8.395480947904565,-4.619839627580081
8.385635716384419,-4.6193657342702625
8.374828834706747,-4.622351032643323
8.36211218257155,-4.624513736210611
8.349402649805887,-4.626138764285233
8.336479309089043,-4.628959615283494
8.323409232908764,-4.631041727673108
8.31048304184428,-4.632458122106402
8.29885200000934,-4.634673899139258
8.286672171107531,-4.636445893014579
8.274313178245205,-4.637974810782411
8.263735172632746,-4.639045793788998
8.253484083265755,-4.641269779492782
8.24312246826878,-4.642895952770969
8.23314868264362,-4.6443129872560185
8.223855792036064,-4.646025074306069
8.215403462662367,-4.6471501354966405
8.206441801117686,-4.646946422461414
8.197277169952557,-4.646247283105293
8.190039169304127,-4.645401416314366
8.181798162362956,-4.64435005884335
8.17326290540251,-4.641499908945898
8.16529674426939,-4.638233521745511
8.157111273362142,-4.636454769544936
8.149506219346593,-4.634085252622571
8.141936164287783,-4.631421903960347
8.134101661368891,-4.630083402040249
8.12773526801833,-4.631529070640874
8.121493309309285,-4.633030441680498
8.115207131538872,-4.637135210086116
8.110508145575709,-4.6441618640101865
8.10646291112947,-4.650574080263789
8.103945548323185,-4.658673222505884
8.103093645371343,-4.668228467787597
8.102556570349963,-4.677334665021892
8.10460954234469,-4.686259039062657
8.106989850694978,-4.6949674097037235
8.110086630397081,-4.705003416941873
8.114536335481382,-4.714193164579612
8.118410357722658,-4.7235097559990615
8.124163505659874,-4.735538095919054
8.13057803737279,-4.747841161796308
8.13675884912252,-4.7596737940632
8.144149715394512,-4.7750086311904045
8.152217505752336,-4.791289547262461
8.160634593723062,-4.807758126343314
8.16990356066475,-4.825027804114304
8.181003307988876,-4.843185488300059
8.192627100099127,-4.861726644746452
8.205700552740202,-4.877992249310416
8.220447738161818,-4.893998291126372
8.235022119529924,-4.909761809758641
8.252059079634705,-4.922408242511124
8.26989463306384,-4.934514077033985
8.287786615489063,-4.946977289076265
8.306942535948144,-4.958615860420483
8.325423048315988,-4.970369955768489
8.343926327074572,-4.982243109326616
8.361539333318795,-4.993264889005677
8.379386319752399,-5.004701695439718
8.397105599979312,-5.016519403254492
8.414983597591657,-5.0298203453291865
8.432957258194088,-5.0435584212845095
8.449823747826226,-5.057516758684652
8.467394912039806,-5.073067475697258
8.485693747731604,-5.09067646617436
8.503677065241778,-5.10820731381639
8.521207549473747,-5.125864479951639
8.54041727302705,-5.14514953437671
8.560038391547296,-5.164809002802827
8.578488971915617,-5.18356152298089
8.598093391071677,-5.202816069100537
8.617649457166213,-5.221835461184127
8.637278896765654,-5.239086678947643
8.657307071322048,-5.2557100733401505
8.676064054861156,-5.271284550099291
8.696093320781182,-5.285976491077028
8.715383823392171,-5.297697960538367
8.732556461915893,-5.30802510026818
8.750404503487472,-5.316577397191788
8.76623462352076,-5.322627874448717
8.78121875252369,-5.329665508028438
8.795171331199876,-5.335871153746528
8.806721510276283,-5.341182970858862
8.81783127582639,-5.347365357788866
8.828074052762046,-5.35360483730246
8.83711684348132,-5.360058589818974
8.845550869031632,-5.364726269126861
8.853195600992933,-5.369443379676246
8.861217155076885,-5.3746107261041285
8.868708412304485,-5.378191323178926
8.874582270210215,-5.380449134223782
8.880665251192205,-5.382847690823475
8.887528452591063,-5.383271813253026
8.89331150824887,-5.381978459862089
8.897662801979887,-5.380515287707517
8.902753063770248,-5.37800312156549
8.908083911816833,-5.374867201054155
8.911917545556376,-5.371310342792592
8.915783946341605,-5.366513454293648
8.920205957072996,-5.361781593618618
8.924677229493424,-5.356866738274246
8.927426316117424,-5.35095553051916
8.930406078837239,-5.345548166842096
8.934391559105535,-5.340209894445565
8.936907933661256,-5.334438310380869
8.940016462124138,-5.328673717778292
8.943050627210633,-5.322572655802706
8.945217860692782,-5.316678293548402
8.947751385072625,-5.310177634904366
8.950911783561908,-5.303879474558153
8.952929290135076,-5.297533737437658
8.954933460192027,-5.29027204200678
8.957771875465479,-5.282921353368375
8.960390766936785,-5.275585192787887
8.962330699446989,-5.266306566486326
8.963401140260569,-5.257023531897956
8.965768244601122,-5.247688963387177
8.967498081189529,-5.2385994599895
8.967592738840162,-5.2286659002198945
8.968697617510104,-5.218431599697356
8.970412291476165,-5.209552615135937
8.971650683994353,-5.201015303621616
8.972178501193204,-5.192772254153646
8.972112545670674,-5.1850903040247625
8.973054383885042,-5.179071385893082
8.973323295388672,-5.172700270223093
8.972324885591682,-5.165827293049908
8.972560252814029,-5.160557399696637
8.972671720320093,-5.154930293519185
8.972422266509698,-5.148746367912508
8.972852971094571,-5.142767681294446
8.972841224435525,-5.1369063530804615
8.973002879025266,-5.130574632025196
8.973770763787265,-5.124006832122168
8.972730140533567,-5.118042327310822
8.971932333775946,-5.112248061097452
8.971541603126484,-5.106930211205437
8.97012291305482,-5.102479486738571
8.968333563278081,-5.09789161206791
8.966227443359715,-5.092799330351081
8.964273388901061,-5.087708063893065
8.962710868243745,-5.083856091676683
8.959351513556763,-5.079317530222029
8.954115061137179,-5.073601017400643
8.950741681379016,-5.068189525371544
8.945772098753888,-5.063117504338101
8.940370338797637,-5.057681855972513
8.934926355532738,-5.052563981511894
8.928491001524272,-5.049667807515079
8.922147805944446,-5.047039644688581
8.915205196818826,-5.043703282717228
8.908706660458511,-5.042532503428971
8.902839390683887,-5.041989144760081
8.89609376317954,-5.040397842975863
8.889912442137692,-5.039524303684472
8.88417620471474,-5.039924576737774
8.87882790192083,-5.040360508632033
8.874483122558091,-5.041258613253395
8.869777749621646,-5.042828479374943
8.86457172647414,-5.044784560009824
8.859478034395991,-5.045973585665985
8.8546550139137,-5.047035256102065
8.849365433303976,-5.049179917788768
8.843871836338968,-5.050233378309276
8.838054923737008,-5.051264122886117
8.832698383624441,-5.054279074192804
8.82740280746551,-5.058195370700485
8.821110761554392,-5.061387671108449
8.815454057979883,-5.06644313539536
8.810162109236481,-5.073914156677463
8.80329315051805,-5.081104590016699
8.795934688349943,-5.088565126515924
8.788659081192888,-5.09771608835637
8.78128639450796,-5.1081398487534795
8.773482542287445,-5.116682604116429
8.764847420546527,-5.125860873442496
8.75698693725216,-5.137377860715859
8.749135006428888,-5.14758867245824
8.740479538197906,-5.157516988667372
8.73175253006685,-5.168250294145611
8.723653427667282,-5.179340258397287
8.715595600936028,-5.190327575683804
8.707543624948501,-5.2020042816386605
8.699383366444701,-5.214689716014295
8.692471718094984,-5.227376482712372
8.685271944040306,-5.2407822025872655
8.678110758431412,-5.255881304903261
8.672044691971317,-5.272130723189099
8.666589226997683,-5.2892733709000055
8.661182917833159,-5.309642691885208
8.657294465827464,-5.331728531092951
8.653639736737345,-5.35315532644831
8.650785717601023,-5.375753370814554
8.65078782130866,-5.400567865027345
8.65092944222942,-5.424234797140946
8.65235224227986,-5.445713240115453
8.653547633876617,-5.466973462491494
8.65634374094889,-5.486152244672547
8.660638830664157,-5.502283616578739
8.663718410440957,-5.5171695984823925
8.667081922567565,-5.531477479369747
8.670822159121961,-5.544641910242378
8.674542098543805,-5.556879345496643
8.677276617755627,-5.569829231284012
8.68075545150531,-5.58346301228474
8.683449377037741,-5.596193155932348
8.685379657916407,-5.609827230021714
8.687351391721908,-5.623734844947449
8.688972778978073,-5.6376593957487415
8.690428782439973,-5.6513731522989605
8.692269377064521,-5.665533585273414
8.6931717377459,-5.679334847421083
8.69457057413615,-5.691983218094404
8.695834080191508,-5.704953176366751
8.697618233968859,-5.718016762028269
8.699673008741751,-5.728599212335974
8.70115049097304,-5.738472444467382
8.702689823020448,-5.747798867450166
8.704887884576014,-5.755846027974873
8.706326412457049,-5.762240513771189
8.706702262213511,-5.767488470869415
8.70857368860276,-5.7727192258142015
8.7105507698387,-5.7772260493885685
8.712144621262729,-5.780924306619571
8.713395605410579,-5.785017739570832
8.715492894133403,-5.789489194102158
8.717708325779949,-5.792463440758853
8.719272299340835,-5.794758478353548
8.721550294824949,-5.797372004868821
8.724880723347361,-5.799452185126934
8.727230349754453,-5.80030478931155
8.730203944556985,-5.800658660884545
8.733566956008461,-5.799566563021594
8.736113561689676,-5.796516894544456
8.73916280514983,-5.792711492443113
8.741817506680116,-5.786741453663233
8.74462104322688,-5.779185026379027
8.745942911864196,-5.768983211236605
8.747272054170846,-5.756502963644618
8.748332715540847,-5.741082689833168
8.74797127144489,-5.724272677468315
8.746421299062739,-5.706912777459205
8.7451459391361,-5.68917609462477
8.743805081511544,-5.670812140298986
8.74031216380539,-5.653526839878964
8.736039904440004,-5.638238453097598
8.733232107826549,-5.623715134226709
8.728952689712354,-5.611567990692226
8.723700901212352,-5.6007155869533785
8.719766475928996,-5.5900269146417685
8.716476545912275,-5.581164162519873
8.712588502385842,-5.572200115448767
8.70801495249037,-5.561775407187194
8.705171368230198,-5.55037051305771
8.7017726846746,-5.537549989561048
8.697675215810806,-5.5233960335914665
8.694630982623453,-5.506815317571424
8.6913666301669,-5.48984998665379
8.688067898896882,-5.472506436820399
8.685230021577448,-5.454790117996942
8.68179226773888,-5.437469248895832
8.679034660455736,-5.42113632570516
8.676409456486859,-5.404943189260512
8.673903077643857,-5.388800740988144
8.671174163710381,-5.37392686551595
8.66839629302617,-5.359982865060157
8.665016342740174,-5.345843182087285
8.662895254356572,-5.332754604225664
8.659347023776157,-5.319265584389795
8.654723227612498,-5.304334547950935
8.651810182160212,-5.289272121345835
8.647740984556567,-5.2747694290578515
8.643006202436123,-5.258465045787779
8.637726698260895,-5.240801182642073
8.632715993113969,-5.225473765321182
8.626719375336602,-5.209071935014119
8.618922450126405,-5.191118513092784
8.610566932659273,-5.174453431465707
8.602008973343015,-5.158539410416559
8.591814244973943,-5.140838827053622
8.58107156714735,-5.124086453990899
8.568765497105606,-5.1075393198965955
8.555627682123362,-5.091301985027965
8.542735297352078,-5.075568178809073
8.527984263349323,-5.060362558928652
8.5140180527729,-5.046555449905986
8.499334039916935,-5.032127269504873
8.484703427444929,-5.018959205645241
8.47004320164693,-5.0079172880218925
8.454733409076493,-4.997789338868608
8.439831209026421,-4.987636639314838
8.424908408362068,-4.979849295263535
8.410050639985005,-4.973097878036341
8.394121560107402,-4.966274219239608
8.378848669024533,-4.960415905157877
8.365067659982595,-4.955747258965417
8.34967239332849,-4.950739617340333
8.335324607393314,-4.944823560998074
8.32215826119748,-4.939257252280395
8.308758838699653,-4.935777994541314
8.295505635212239,-4.931282410277223
8.281805684675815,-4.926161685298868
8.26901831885081,-4.924277255586965
8.256137805298227,-4.923205408877083
8.24274417712189,-4.922111069743123
8.230456793513126,-4.9233261588577735
8.218467331656697,-4.926705597157337
8.206615126877624,-4.929985899467264
8.19485811969183,-4.934099974089313
8.182981174294726,-4.9391285050863765
8.171528358430994,-4.944275377818319
8.159851585767004,-4.94918309247159
8.147868085986335,-4.955491933018323
8.135542150182994,-4.962822567172996
8.122965237229241,-4.969272488290806
8.110257678865754,-4.976532705370578
8.09846052752441,-4.985621285199628
8.08507443469597,-4.994542338521207
8.071647735305891,-5.004595436392754
8.059924558148339,-5.017481038347529
8.047077448365805,-5.031909061923421
8.034030895249389,-5.045962494754936
8.02134044683505,-5.061787710849638
8.009540832431865,-5.079383733581165
7.997321547905729,-5.095587406489198
7.984542929920088,-5.112189664940991
7.972604462087424,-5.130542851420323
7.961659866700293,-5.149531260599325
7.950291469302021,-5.167849616397572
7.939341021346033,-5.1885399439033915
7.92958554000799,-5.210017355114492
7.921261972856983,-5.232779552157039
7.912796255961582,-5.256927175763312
7.905299253018825,-5.2826993800075
7.898581162179996,-5.30897461896545
7.891032308908114,-5.336900481171256
7.883629615311734,-5.365843783710577
7.876694611212264,-5.395808333673874
7.8693297420403985,-5.426558270645704
7.861608199187896,-5.45662974581362
7.853715598195682,-5.48871571512283
7.846391858363,-5.5205336119470285
7.83736769224984,-5.5513001684718475
7.828615576634749,-5.583566642909234
7.820502603201719,-5.616036497225713
7.811392856722984,-5.6467968721393795
7.800876031466879,-5.677551219223009
7.790437059916138,-5.708999307167618
7.779643901490668,-5.740853853952263
7.768956439292953,-5.771105556966713
7.757223033550933,-5.801476954962257
7.746790001726619,-5.833194002117471
7.736892970085752,-5.863147890217841
7.726485327975694,-5.893118536578867
7.716933202137698,-5.924018615669949
7.708484050715893,-5.9545355732192045
7.700163267230759,-5.985131277932801
7.691644349662723,-6.0165414908534505
7.685083324713157,-6.048751750275124
7.679383493985114,-6.080841427173381
7.673544080995858,-6.112675607421714
7.668357492553135,-6.144124128131319
7.663413100028735,-6.174545614606392
7.658808618545423,-6.203756234525857
7.654718410298119,-6.233236526190229
7.651476099360189,-6.262178706266367
7.647751855580879,-6.289068577075014
7.644436249953278,-6.315786084282083
7.642785203461087,-6.342023641528703
7.640795492575842,-6.367157097992572
7.639097060279991,-6.391694017705121
7.637726440255575,-6.416218227077691
7.637687540442842,-6.44149659631393
7.638063319265485,-6.467370143704213
7.638691378953884,-6.492953676400681
7.64069737869192,-6.5197408993365285
7.644754243846432,-6.547724048731153
7.648806031323047,-6.575094012827951
7.653353948171594,-6.601744633640325
7.659877495692195,-6.627837199367357
7.666353346903486,-6.652575278960629
7.672011326061553,-6.675171310235284
7.679285015652695,-6.6951532295385965
7.686459757024177,-6.713637984756414
7.693467433335895,-6.730753018227612
7.701957507977861,-6.744363599320422
7.7110148843490025,-6.757667999976697
7.72057968489099,-6.77007623078857
7.731026678094043,-6.78122639509178
7.742780966935102,-6.7927318797755625
7.7550797040472705,-6.803251872839805
7.7675416612935,-6.812876375023417
7.781454762189124,-6.822467640685565
7.796739066052797,-6.831004400764255
7.811678076345523,-6.838765658168331
7.826395357483275,-6.846231886524596
7.843701149817489,-6.852712178054635
7.860959709080916,-6.858989732976707
7.877288036337522,-6.864309432446975
7.893612744849233,-6.86767058035762
7.910669224692881,-6.871394880398544
7.927148600433133,-6.874553196301649
7.94133946912125,-6.876486328828512
7.954968512474937,-6.878653136802245
7.968697083331765,-6.880979684850759
7.980324402355634,-6.8827866424214
7.991218621080959,-6.8835491448579615
8.002583870869383,-6.883913089454258
8.01206254164514,-6.88400993050262
8.020990928902007,-6.882435967100162
8.029751758968061,-6.880707108994238
8.037953843150383,-6.879814485865739
8.046462452128464,-6.8778589098241705
8.054897818842113,-6.87612170265205
8.06367409455657,-6.873835207690308
8.071730208084551,-6.871301981922804
8.079984606299883,-6.868556116455186
8.089340680138701,-6.865343296857838
8.09747964244459,-6.861711283653878
8.105008120173649,-6.857224623955618
8.113015532635456,-6.852675687817856
8.122355331207597,-6.848061089001831
8.130205565417313,-6.842149529717518
8.137560697928274,-6.834162367263114
8.145424201922895,-6.8259275687576855
8.15370345642297,-6.81772421252767
8.160596307527328,-6.80721515352219
8.166902698692539,-6.79557297446555
8.173899149065628,-6.785360413827919
8.180094311111375,-6.775110631348406
8.184880140195743,-6.764115748431599
8.189967859220461,-6.753718062815363
8.19443298463941,-6.744995431092718
8.197575075803071,-6.735854956758594
8.200990447229461,-6.7260518361860795
8.20383682945137,-6.7181410346823345
8.205936647298692,-6.7102216861089055
8.208353956716666,-6.701603673769103
8.209145992344435,-6.69357637914581
8.209073086428628,-6.685384505034272
8.208755804217544,-6.675925577692555
8.207720960509373,-6.666315130000038
8.207372094415225,-6.657835050096059
8.204933088659795,-6.647994554516131
8.201989926032633,-6.637687126585292
8.200386567098551,-6.628516878263765
8.197716302716106,-6.619947552348673
8.194538355907426,-6.610643865619281
8.191641400329692,-6.600847920435913
8.188825741975796,-6.593555424074745
8.185834687107038,-6.585905632975178
8.181880331827134,-6.575862855671249
8.178992423692272,-6.567427535078223
8.176823686964486,-6.559057414567272
8.174737266813493,-6.5491594467346586
8.172331936539313,-6.538467771245922
8.169702265055044,-6.5279607203796575
8.167642210254016,-6.517318130460549
8.165433945930765,-6.504517788428685
8.162306708242326,-6.491974974138187
8.159262593722273,-6.479307044259488
8.156168940011838,-6.465263481743337
8.151864542530303,-6.4512881691006205
8.147144596324287,-6.437771183108034
8.142080566197267,-6.423604629021416
8.136362414562065,-6.408807495898037
8.130083581751666,-6.395462649724741
8.123473602757205,-6.381871558688185
8.116280970063833,-6.368187229078554
8.109279333786898,-6.35569477397772
8.102810844954526,-6.343401883103352
8.094549904414091,-6.331319614100344
8.086104861488648,-6.319552975762226
8.07808438572085,-6.309431046335903
8.07015336405872,-6.300091266711121
8.061666452416244,-6.28946942105225
8.052904186741166,-6.279373553975579
8.044980475227074,-6.270301105632721
8.037104557857432,-6.260268091371325
8.02851517243136,-6.249039461645539
8.02092571302965,-6.239162598092162
8.014109597068234,-6.229848062600857
8.006988391824041,-6.220385327719497
8.00044149328548,-6.2121506610054515
7.993778872752272,-6.205008007499109
7.986993484918356,-6.197723194916535
7.98081280530045,-6.190564240413217
7.973752016177563,-6.183643455511458
7.967711132091803,-6.176424369685509
7.961838524201503,-6.168570743799813
7.95444603924503,-6.160713917287503
7.947779779868197,-6.152637135227104
7.940151066006766,-6.143077979591131
7.932051730282332,-6.135193630294105
7.924333425556045,-6.127358097558684
7.915929739158138,-6.119263653530218
7.9060991233617095,-6.111955382664933
7.895644995939147,-6.105183962021637
7.885613705757016,-6.100106958964156
7.874310232680653,-6.095361493467714
7.861964514069605,-6.090187294416556
7.849640451656896,-6.087954921438076
7.83801253337193,-6.086907090403355
7.826066956309124,-6.085519441096166
7.81225498834653,-6.086147155162266
7.800743996653235,-6.089060360003384
7.790000137888177,-6.092672458774385
7.777432501255058,-6.096634251031807
7.766108880634792,-6.1022122382807495
7.7559473308166025,-6.108893152285629
7.745802797084536,-6.116001581115636
7.736266287666576,-6.124698836057318
7.72824508747873,-6.135480490801858
7.720439623490848,-6.145868594460689
7.7127366678819955,-6.157725421902212
7.705851627602829,-6.169933696407442
7.700079370215673,-6.181747603283897
7.694232072621316,-6.194477499067035
7.689414817410049,-6.206892678871836
7.685925770912421,-6.219431722384738
7.681296705483236,-6.231488660338472
7.677855097067453,-6.243663639222885
7.676486230796626,-6.256277752849108
7.674409432809864,-6.268643071963695
7.6723835269997505,-6.28026055065546
7.670441252904582,-6.292248039369628
7.66973922200629,-6.306122612188716
7.669092295784974,-6.319759527994028
7.666831593476201,-6.33348877196039
7.666232495931217,-6.349684134683594
7.666118862224521,-6.365898623352181
7.664346259037061,-6.382081315097027
7.663422287211357,-6.398631572533966
7.662554299924481,-6.4147694770430395
7.6621857741951125,-6.431656794215516
7.662292440978231,-6.44802327399188
7.662308931309359,-6.4643960563152305
7.6633843253514184,-6.481271081451305
7.665196989812075,-6.497490001793586
7.667368472625378,-6.513909491632099
7.671323531480132,-6.531031903603766
7.67560329312014,-6.548072500966082
7.679806100486008,-6.565406836282102
7.686742079444947,-6.582467818432309
7.693086385203711,-6.599315345849491
7.699076924830718,-6.61567824851354
7.707447883442004,-6.631184352128242
7.7164696432566195,-6.646940856954949
7.72510084544471,-6.661835708142149
7.734366049479244,-6.6743909254958655
7.745103089518145,-6.688109545354607
7.75675603265344,-6.701265101973326
7.767246343310467,-6.711227556385591
7.778316988110791,-6.721140869885325
7.790369651265651,-6.7296894321685725
7.800164886797679,-6.734934655416697
7.8099405868652,-6.739263667155744
7.819836758876878,-6.741256883364452
7.8285285463089105,-6.742260786343337
7.835527102717397,-6.741516431223445
7.841537255337304,-6.7377206197522606
7.846811897457346,-6.73350763746391
7.850493390492845,-6.727165680355849
7.853433129237119,-6.719655188525773
7.855004142114851,-6.71258972014823
7.856291853864177,-6.705672501334119
7.855442056341463,-6.698943376439585
7.853450086893762,-6.692388348414741
7.851838959386624,-6.687112473413815
7.848231052113049,-6.681657985448709
7.845234828452752,-6.675911560400574
7.841907191419884,-6.670846062894784
7.836661887140245,-6.66612331100314
7.831613926113957,-6.660171422331167
7.826353508923994,-6.654801228454836
7.821399898622114,-6.650866343688252
7.815461553218522,-6.644749881779856
7.808913236105461,-6.63796986844027
7.803894649631581,-6.632320582588128
7.798027962848484,-6.625911948189584
7.7912584134750995,-6.618340064493383
7.785314464052565,-6.610945858768434
7.7794493599178915,-6.603996238600235
7.774095295493442,-6.596779921759199
7.768431651203046,-6.589310779055254
7.762938078025689,-6.582321881461843
7.757630698910915,-6.5766699671658
7.751972562667267,-6.57062985566106
7.746226669167237,-6.565768020872529
7.741291610386964,-6.563091827665076
7.7359865294334496,-6.559941561505132
7.730927713159892,-6.557175610511153
7.725497118956791,-6.555189571136691
7.719676384473017,-6.553322899518218
7.714281438519624,-6.5518458332149985
7.709283022877375,-6.55021800135194
7.704196558228639,-6.549355695672668
7.698966306069233,-6.548426216770679
7.694168562812831,-6.54693944068516
7.6904041875843605,-6.547599811308601
7.686432699565964,-6.548327721010311
7.682187721147399,-6.547739778010566
7.678010072871623,-6.5491078394659965
7.674515942777565,-6.551833868165765
7.671669415870568,-6.554154445432315
7.669429864916886,-6.558079999288867
7.667193009883324,-6.562964073647663
7.666636461708447,-6.569699860873309
7.665901816210513,-6.576464637116785
7.666134241995797,-6.584289401027324
7.667757969620494,-6.594478511651284
7.670621326708182,-6.603797057353514
7.674041710008664,-6.613653229383162
7.678614159364161,-6.624740757363478
7.684567161651237,-6.634932341051309
7.691345965457089,-6.644508498322758
7.699080159683698,-6.6539626485032235
7.707751671135886,-6.662945545345965
7.716227210137132,-6.670661599645468
7.725342066034846,-6.677759231962668
7.734901323270064,-6.685943298731267
7.744289707225708,-6.692399115689383
7.753780501674112,-6.697590103715897
7.76356837503362,-6.703631840260051
7.7735072065711,-6.709676316704068
7.78327876351155,-6.714275013969825
7.792508493342774,-6.718503554151042
7.801851474359869,-6.724776431939989
7.811226348546612,-6.730754094985764
7.819282580097706,-6.735958289086912
7.826735109056984,-6.7427245141166425
7.8352700446888,-6.749490799374569
7.842906403763212,-6.756161984645318
7.84942850396173,-6.763773134963521
7.856485003893724,-6.771410585284546
7.8627652141291975,-6.779784391340197
7.868853231615106,-6.786976482186811
7.874466079651791,-6.793992781563138
7.8794811582288915,-6.800583625263083
7.883992800416829,-6.804734209926732
7.88810285845535,-6.808068174304871
7.892045871496874,-6.81086390147878
7.8967455652914875,-6.811798865462198
7.900055389312511,-6.811283067383308
7.904237809898155,-6.810385866330023
7.90873815420959,-6.808926595426275
7.911896975806036,-6.806119289319078
7.91560934868367,-6.802593528653539
7.919429756875639,-6.7993354103937085
7.9223577115558195,-6.795030540427506
7.924432001198564,-6.789895150828719
7.9266913031461765,-6.785264692393231
7.93046872306729,-6.780990180151276
7.9329712508776105,-6.7751650017060845
7.934387113887334,-6.769187514308766
7.9366752866498445,-6.763486176118638
7.939183420867684,-6.757203902431288
7.940283291905321,-6.7503567157279765
7.942040716620463,-6.7435385110961334
7.944733539475581,-6.736317026613186
7.947051985336218,-6.72917618993418
7.947928184568226,-6.721898221924281
7.949418348006133,-6.714402335085681
7.951129789939746,-6.7070660806869
7.952643801814188,-6.699591647842531
7.953146974482709,-6.692532911514039
7.954626932440361,-6.685308350865365
7.955996824226498,-6.678396218821334
7.956306301692208,-6.6717860441367005
7.957117646287063,-6.665134798440315
7.957074302825439,-6.658351606394977
7.956134460822748,-6.651685836465156
7.955916109354637,-6.645251262909803
7.955518638115957,-6.638631379815593
7.954041588502026,-6.63170476260066
7.952176454432245,-6.624326129339477
7.95124089919379,-6.618165493559427
7.950366769930788,-6.611485276378114
7.947253652600863,-6.6036412160544185
7.944659580726904,-6.596395209380724
7.943143156176571,-6.589712177265531
7.939979130791481,-6.582346688437825
7.936444284520819,-6.574825087891043
7.933601254241651,-6.566496111819279
7.930232554977494,-6.558675719891968
7.926949330272873,-6.550329678008187
7.923511483143719,-6.541497194585642
7.9203851792233975,-6.533502156315405
7.9175532277219745,-6.5255436162916105
7.914013022381529,-6.517200290157581
7.910821959615326,-6.509845420689786
7.907852503885942,-6.502634380979921
7.904343725665542,-6.4960581139434685
7.901510134291986,-6.4900163413128595
7.898471041232215,-6.484313513561278
7.894187457554057,-6.479046620222301
7.890963280595931,-6.474572416006235
7.88753915913748,-6.47080210410629
7.883311595876392,-6.467975940124703
7.879012407407952,-6.4647684600378685
7.874966858901676,-6.461788394660882
7.871367146459867,-6.461189304746828
7.866535073947474,-6.459280818349345
7.861297666873952,-6.457146551694964
7.856764452436277,-6.456065155871198
7.852337328832163,-6.455830023469902
7.846373157263159,-6.454715282386272
7.840552724185514,-6.453574929058904
7.835113267343809,-6.453852190305525
7.829036215110048,-6.4553723475266125
7.822911471788251,-6.456368198231019
7.817680493781423,-6.458260914272641
7.812469289415871,-6.462582495077822
7.806895219964353,-6.466386486690471
7.801451927349228,-6.47022899942614
7.796552579158848,-6.475789908576692
7.7911667612208975,-6.48115530398079
7.786237007668305,-6.4864422088604385
7.7824451766241465,-6.493590409122132
7.77755613851126,-6.501813463972034
7.7734833098904605,-6.510024239738415
7.770653820564079,-6.519933736925058
7.767301772255639,-6.5310100137108105
7.763925735074662,-6.542353141520017
7.7617974225168345,-6.553066042330992
7.760380850741482,-6.565148755940713
7.75925796953206,-6.577096302849836
7.758547089642563,-6.586988953428647
7.759097609273652,-6.5974741345330195
7.761193766867718,-6.608481127832732
7.763723270222131,-6.61772420247417
7.766590388586665,-6.626631498884845
7.771218059523465,-6.635587615800042
7.776487366719552,-6.6447064937057165
7.781947189570598,-6.651669322352765
7.787827267480589,-6.658158124459971
7.793574588211025,-6.665301061017102
7.800240425970403,-6.672395249794845
7.807254723863583,-6.6792628383618915
7.814204201095039,-6.6876041448946735
7.82231179247993,-6.69657790982145
7.8299789448459,-6.704315336128091
7.838108491360923,-6.7130822736800955
7.84640490027448,-6.721672788766201
7.854750247004957,-6.729464290555291
7.864054890618042,-6.73723927638416
7.873866538921341,-6.745131033862277
7.883449014403905,-6.752717419932523
7.893289725703461,-6.759111071188285
7.9031991804300565,-6.766027205456599
7.91337691120324,-6.773940470908723
7.9232837837013745,-6.779952669201522
7.93251138898043,-6.786624880989318
7.942346035788583,-6.794751572430411
7.952618797936184,-6.802946807021834
7.961525917171771,-6.809501658955376
7.970029380717102,-6.816954642397371
7.979530749426421,-6.825309184143345
7.988188750814407,-6.832398296836358
7.995991955301703,-6.839085536205674
8.003145143111897,-6.846055223160979
8.010176947593788,-6.852861283644749
8.016973682722107,-6.857549310469304
8.022507915357265,-6.86196741050432
8.027586728630121,-6.865962428197935
8.032781027647742,-6.868217529621137
8.036635569047242,-6.870672638496174
8.040859210391734,-6.8736007710045
8.044225200116967,-6.874013581329765
8.048185630220223,-6.874222531597081
8.052305774828817,-6.874698931040421
8.055659773113106,-6.874046179180376
8.058683526322474,-6.872544307144355
8.061985159551027,-6.870734906809755
8.065594679947397,-6.870421708309478
8.068838976943377,-6.869408470859061
8.071663993742398,-6.867901418377313
8.074008046444009,-6.8684980576163115
8.077354951120892,-6.869134721439933
8.079193463501332,-6.868660259156778
8.07943480154378,-6.86872327589492
8.080883066107683,-6.869364000703311
8.08122911122347,-6.8699727020815695
8.080152701256191,-6.87009112725705
8.078629304891317,-6.871220593106807
8.07727498862154,-6.873085046418394
8.075308551212725,-6.874881992948941
8.072073226047474,-6.875513751452968
8.068089825556493,-6.876545455731895
8.064855866266726,-6.877067949021296
8.059815315663537,-6.876302749821666
8.054443400033339,-6.8773009171240975
8.048801756687332,-6.877296876863324
8.042733557049436,-6.877719754717373
8.035528971829676,-6.879170203926575
8.028123893446486,-6.881210707413161
8.01924222824836,-6.883440108593537
8.0095858770632,-6.885974614390543
7.999842750480428,-6.889603522877295
7.989275373477743,-6.8939729897025845
7.977833015160301,-6.8973906826112685
7.965155245103302,-6.901287731659946
7.952233818928167,-6.905770697167612
7.9401243408328215,-6.909372351986128
7.925589290349424,-6.91140454673416
7.911477233005116,-6.9145121129992395
7.899622006315599,-6.917812556937643
7.886250114155038,-6.9207909490562916
7.872716744292077,-6.923633494001542
7.860903121331794,-6.925542823425419
7.8501554525977575,-6.9276998217041585
7.8396147427335,-6.92944820059046
7.828793620265951,-6.930480701174992
7.819947738185197,-6.931922448379086
7.812256363577185,-6.933269322986032
7.8034543872571165,-6.934189476390134
7.796734076742054,-6.934204369698965
7.789725371277761,-6.933511734998207
7.78254467196006,-6.9331363160620585
7.7764022527582926,-6.93110044832585
7.769452960062589,-6.928426122308866
7.7625121124227086,-6.924731376978093
7.756565908401241,-6.920017336937143
7.75037149103193,-6.915346862803069
7.743136583222561,-6.909415945841563
7.735852192123778,-6.902373090069808
7.728849600254196,-6.896112432792778
7.72296002825801,-6.889414944275651
7.7150781883784285,-6.881185634268795
7.707258312043929,-6.872926368102538
7.7015282148562605,-6.864954623960895
7.694566669054088,-6.85669494269426
7.687280130340023,-6.8482431204686325
7.681207728556378,-6.840612596189863
7.67582198282311,-6.83452613289705
7.669598123863249,-6.828574532644563
7.664389321074168,-6.822140324984086
7.659923607188452,-6.817422870910826
7.656526833269849,-6.812614624049696
7.652916310860858,-6.80697748554911
7.6499453170173135,-6.801991174276394
7.648192329663551,-6.796908000929578
7.646825739633352,-6.792628147287215
7.6455730813201574,-6.788338742542306
7.646415821196161,-6.784398406089937
7.646752907996612,-6.780358000464035
7.649003955615919,-6.77565252075358
7.653124832235562,-6.771034015059032
7.657320490347847,-6.76621114462756
7.66365609610091,-6.759699859199907
7.671077085061582,-6.752521417580785
7.680233473347528,-6.746286714941182
7.691151023491209,-6.739006166962374
7.700466205981937,-6.730700262326851
7.712396131924338,-6.723881697058661
7.725823711874941,-6.7176523820452365
7.737653208436832,-6.71087873071504
7.750512035142334,-6.704100202350034
7.764684372246791,-6.69900114469429
7.778280713470672,-6.695408530879813
7.79104190044652,-6.691170058815266
7.803511123582213,-6.687987558285323
7.816765688309867,-6.687145834240366
7.829734904691324,-6.685510100816227
7.841478807184498,-6.683870095195289
7.854112144842797,-6.683578925535362
7.866573818978272,-6.683411415128413
7.87804896804288,-6.6825699135382255
7.890417514081502,-6.682565344082402
7.901846563223353,-6.683322711333694
7.913041096192816,-6.68355427832197
7.92498772242033,-6.684490363105572
7.936459136404226,-6.687049103850453
7.947603245130107,-6.689247177096127
7.959592067608166,-6.691030966814824
7.971248084277016,-6.694052707647996
7.982651267946424,-6.696798214495634
7.993029812016156,-6.698081760634753
8.00392473299658,-6.700475815429848
8.0157134414146,-6.703577397120166
8.0265118633336,-6.705188647004623
8.037075417651893,-6.705989553311729
8.048369668243865,-6.706919038996139
8.059469608705385,-6.7074826810339205
8.069880109074843,-6.705880901238515
8.080395704975563,-6.703255476605349
8.090718417547796,-6.700841035455675
8.10049192947183,-6.6977184605625455
8.108592524731517,-6.693197005944339
8.116544413946896,-6.68921508644312
8.124344132799502,-6.685987926291702
8.13120720943286,-6.681210141826654
8.137573014073638,-6.676102802985294
8.144037924565087,-6.671235113486772
8.149487719312813,-6.665142029640528
8.155181259310767,-6.658824258587116
8.160079898911816,-6.652698435029235
8.164370786300438,-6.645723707185953
8.168632357363652,-6.637682323215102
8.171870048846708,-6.630082016778335
8.174994141216459,-6.623453381656137
8.177541979265898,-6.613734181106393
8.178623657950869,-6.6035543437868185
8.180564195431934,-6.5945782770552235
8.182824774041404,-6.584371333888905
8.182753279178797,-6.571952718294226
8.182680621242158,-6.559667609954029
8.183282394775134,-6.547182025866268
8.182671858368318,-6.532936052047815
8.181012198352514,-6.51732712824166
8.18053994449365,-6.502344534714023
8.180548007122502,-6.48705572100822
8.180104619624965,-6.470064006870653
8.178512879713391,-6.453630565779692
8.177427106404707,-6.43772389326227
8.177222942798828,-6.421049751678043
8.175999040229305,-6.405231022642158
8.175807920187415,-6.390675008570986
8.175720171836009,-6.375004293098636
8.175630449841691,-6.3602171966926075
8.176741881459991,-6.346868589957788
8.177592402768289,-6.333179518157188
8.17854609453652,-6.319297204271718
8.18032001796272,-6.306339182819468
8.18197755587606,-6.2943308893848915
8.184365814202023,-6.281748009057121
8.186248530279439,-6.268673442857324
8.188895564184216,-6.256869933036245
8.19347567495747,-6.245152344885903
8.197037367363786,-6.2326129796758485
8.200065578455169,-6.2207696298887605
8.204668325115163,-6.209798476551608
8.209021309549085,-6.198528794986335
8.212921007189786,-6.186574267391417
8.217123968337606,-6.174921543138682
8.2227298452672,-6.1641502286042265
8.228249045444135,-6.152865458919627
8.23325161539902,-6.140656151185061
8.239622129060711,-6.129329659715169
8.246779701485007,-6.118285605560019
8.253516627235557,-6.106772338591253
8.260435030687011,-6.096275109773247
8.268011862085922,-6.086064933238776
8.275125046776658,-6.075708680777496
8.282162995134716,-6.065667094902503
8.28966541669367,-6.055762647859861
8.295951572181925,-6.046001575175239
8.301662111480557,-6.0367932871839844
8.308260241087153,-6.0281263267925445
8.313946339552999,-6.020625738447452
8.318638175340611,-6.013101619753267
8.323563820855668,-6.0077407536950655
8.32838459898206,-6.004279298985418
8.333267473227648,-6.000936018354292
8.335992544244476,-5.998871730918187
8.339451572711042,-5.998613046763581
8.344793933450651,-5.9990095502923095
8.348439065982559,-5.9992339335982106
8.352089471207966,-5.9997376316376165
8.357162533237721,-6.000735289001544
8.36146109873446,-6.002629899060957
8.365233170921151,-6.003646933404579
8.368878249709182,-6.004867154930508
8.37368955368543,-6.007613399684954
8.37865055239752,-6.010138050609973
8.382337951281016,-6.012934198840622
8.38690037235856,-6.016100109145712
8.391438705395323,-6.018430693553692
8.394784093348994,-6.021385685619867
8.399536390052882,-6.023469401845727
8.403139178654781,-6.024280222840165
8.406635032830215,-6.025772620134457
8.410622256298486,-6.026240809149024
8.414415176114192,-6.026451806827724
8.417628867354985,-6.0274844391197675
8.419953642316827,-6.028785856726411
8.423462291212267,-6.0313335215407875
8.426951496223541,-6.034815431913478
8.42905395773736,-6.037708215912159
8.431398157819052,-6.041593731816535
8.435638844884672,-6.04758614954007
8.438811816103387,-6.052471619812832
8.44144883528171,-6.0582894988107
8.445929196141273,-6.06434771337561
8.45109864413418,-6.071772526478733
8.455144834092872,-6.078213763386313
8.460314715756123,-6.083835109692674
8.465961476110053,-6.090578407966749
8.47264942508659,-6.09723057979947
8.477692058971767,-6.102611334836333
8.484070096390848,-6.107815825033113
8.492034212280746,-6.112205481278869
8.499067267713926,-6.116861593405079
8.506877331854188,-6.119908818724103
8.514224994848677,-6.122960062478577
8.521053641135767,-6.126618127009499
8.527979187618831,-6.129622097399238
8.534414835391898,-6.133165848470962
8.539856204236163,-6.137821772861071
8.54481753319667,-6.1421176023617265
8.55127357586349,-6.146062807541537
8.556454172233954,-6.150791870596504
8.561540005473171,-6.1558249317677385
8.567009181425359,-6.159957928868104
8.572428264860706,-6.16428403293986
8.578872087492675,-6.1699174956963985
8.583371655651032,-6.1738148726837645
8.587566898689158,-6.177777374898683
8.592795529105189,-6.183255533945693
8.596512651431565,-6.187961487887647
8.599828087484642,-6.190979232132741
8.602868387699719,-6.1943914954039565
8.60617197971536,-6.198850656222456
8.609156610143335,-6.201546038946083
8.611290890731286,-6.203747710651082
8.61366971754914,-6.20660375582735
8.616200398499695,-6.208811456116296
8.618042678964882,-6.210822691036534
8.62088712539918,-6.213058750567031
8.623595398277216,-6.214922687391381
8.626183795356239,-6.216469657748978
8.629237040142641,-6.2175877080771365
8.631858078573588,-6.2190793064999665
8.633775367166349,-6.219913458182277
8.636681264962675,-6.219231550252172
8.639965169777671,-6.218684883714345
8.642374707224391,-6.217828796228591
8.64394967265056,-6.215132466287707
8.645357714554729,-6.212963160183739
8.64754769684858,-6.211924115617544
8.648170307343685,-6.20845396155711
8.648373184617654,-6.205636904606048
8.648322305159711,-6.202566202753808
8.646770651340697,-6.200690524644639
8.644128914701616,-6.19760403550202
8.640801961871862,-6.1946955409605655
8.636750264646725,-6.193670256293927
8.63276985332395,-6.192752350137271
8.626633889723166,-6.191570131123052
8.621159645680109,-6.192124787091343
8.615078143891482,-6.19325412320155
8.607300466188258,-6.194999394151911
8.599033788212692,-6.195958022588391
8.590614934003659,-6.198747813438345
8.582928119192358,-6.2010835652488865
8.57514133272795,-6.203074586087636
8.568539008321318,-6.2057074418365925
8.562200755727051,-6.207575262520058
8.555900360486232,-6.208175876016215
8.551303174395766,-6.20842441002155
8.545202368021085,-6.208514933896349
8.53900665112423,-6.206359818079945
8.533893630605535,-6.203136141419931
8.526763871759854,-6.200706820540313
8.520244666535339,-6.197785978313651
8.512015800074982,-6.192965232895476
8.502050081559718,-6.188639684223273
8.493122897980745,-6.185257346791959
8.48258775879718,-6.179744684940182
8.47132523377586,-6.175738579894928
8.458905614023564,-6.173421928099787
8.446979268692193,-6.169300002754084
8.434939369444296,-6.164668096218191
8.42179911227808,-6.160737727170195
8.409692887312943,-6.156606681464455
8.399093692053723,-6.151625550466753
8.388462465297486,-6.146402793233428
8.37814323903367,-6.14155943332407
8.369092701698364,-6.136330660660753
8.359757427189361,-6.131273588964932
8.350497385843132,-6.127403520038953
8.342302372234347,-6.123494047599113
8.334104517184265,-6.1178562545325
8.327057018333194,-6.114807687399009
8.320777707794486,-6.112297983982345
8.314068785924322,-6.109304865370197
8.308240628611284,-6.106269943608441
8.303264361980302,-6.105096513448598
8.29881773030674,-6.104530947906403
8.294359270349307,-6.102681842900955
8.289040191769265,-6.101916818267826
8.284717577601567,-6.102202876219514
8.281678539351464,-6.1030449489337455
8.27739501423814,-6.103790432114453
8.273446718374423,-6.104948291164601
8.270598100675373,-6.107527951827226
8.267783754643776,-6.11075570349808
8.264200126577377,-6.1133334760160665
8.26100786965707,-6.117609017721126
8.25893570783606,-6.122286575790197
8.25626677908054,-6.126417179341756
8.252830300872203,-6.130890742562382
8.251226718559064,-6.135665864837977
8.249021158044838,-6.140180554477769
8.245630230647091,-6.145663010431965
8.242994159315257,-6.151248139269489
8.239377966919262,-6.157049643608031
8.235678036359188,-6.163548116679485
8.232823732251711,-6.170705963520636
8.229242802939481,-6.1780842167143115
8.225953241524218,-6.18650628327262
8.224008257507428,-6.196182072530945
8.22187153847508,-6.2057890881641615
8.221231312163724,-6.215649410228634
8.220909013159892,-6.225289341494845
8.221585170178564,-6.23478559668147
8.225118757427472,-6.2456066109139865
8.228194254629589,-6.256092631277086
8.231789326521943,-6.267114738042203
8.237125184648228,-6.27732346501899
8.244494044913903,-6.287130816248208
8.250975713861953,-6.299176026490762
8.257379423980233,-6.310316993049717
8.264197933203036,-6.3217609525896465
8.270794416842994,-6.334855996039476
8.275195946141457,-6.347512191270344
8.278793840288422,-6.360651160165364
8.282695432922699,-6.3743080245321595
8.284170850725953,-6.3877723659050565
8.285144827205563,-6.40167932732505
8.2864598785635,-6.4147178694264575
8.286012674439649,-6.428618782014328
8.28504344310497,-6.444007846313982
8.28352650028449,-6.456777910140449
8.280079158383339,-6.470345541683723
8.276807620774207,-6.484068733503841
8.27238352554357,-6.496200752908351
8.267448109631106,-6.507994732631446
8.261308616472652,-6.518589267610837
8.253684812361522,-6.527872973482897
8.246954988815576,-6.536910622070198
8.240285690952092,-6.546082014987569
8.231082771346411,-6.553047282915945
8.222919218109789,-6.558825030403811
8.21503638217432,-6.56535066760088
8.205468950059577,-6.57118861556642
8.194823237755628,-6.57398968666119
8.184890472531439,-6.577518616744217
8.174993601799615,-6.580744030605513
8.16473832425711,-6.581667215185154
8.153422646039413,-6.58143652030118
8.142985035582416,-6.581199235194575
8.131914072373592,-6.5801224975785715
8.120353920719685,-6.578267520053311
8.109730359546827,-6.57574468328898
8.098877173471738,-6.572958373684632
8.088194556825893,-6.5693607940192065
8.078245835568714,-6.564594145200413
8.06810334041225,-6.5593605770077295
8.058190762504266,-6.554164637245151
8.048796839131485,-6.548125346558475
8.039913216843422,-6.542357259897085
8.03136965161774,-6.537490271918173
8.022697613410223,-6.531613091845727
8.014639893320588,-6.525573078769839
8.006942414181642,-6.520967982251063
7.99959507281787,-6.515472264003196
7.992264896663241,-6.508686276770533
7.985707585038906,-6.503312185022767
7.979922554375734,-6.499274492856686
7.973413519999073,-6.494014237121759
7.967208044429137,-6.487586646000801
7.960880571543912,-6.482474444961936
7.955835629844974,-6.477858804145584
7.950923453195897,-6.472546293144427
7.9459471734923515,-6.469036428621988
7.942406306334029,-6.466606412908094
7.938447066429543,-6.463576159069118
7.93488227967381,-6.461449276286335
7.93184396375139,-6.460276177910976
7.928697370783465,-6.459275215537726
7.925719970953055,-6.4580171618528635
7.9233646562115165,-6.4575196963205075
7.921041018426042,-6.457299539567608
7.91921338721081,-6.4561871969966935
7.91804377592238,-6.455145924794015
7.916873279769585,-6.455463126267886
7.915581470683932,-6.454998543606352
7.915987841274657,-6.45448893068932
7.917393221445734,-6.455027769945593
7.919499041294238,-6.456073629824228
7.921190794929463,-6.455388093003093
7.923732797997108,-6.455218942756667
7.926851401599905,-6.456111821472423
7.929783829275571,-6.456567364145073
7.933117844632095,-6.457046846242638
7.937415824531615,-6.459810627161694
7.941781576624374,-6.462661525943967
7.946255266511892,-6.464627837469608
7.949649939686419,-6.466998059476089
7.95458366295582,-6.471102096332413
7.959993378682516,-6.47468655607279
7.964516101406618,-6.477887911188699
7.969913728431136,-6.481833802628099
7.975326993980774,-6.484916609348109
7.9802042935241575,-6.487336594724368
7.985587985261426,-6.4903234736113395
7.990500385615229,-6.493274445648969
7.995142976679677,-6.4965891061518795
7.999366111440653,-6.50007145252464
8.004240287423885,-6.504602767441488
8.00818873711579,-6.5090824699587095
8.01221268571086,-6.51302850794912
8.015773987067766,-6.517948337839367
8.019717205965197,-6.5237349576286325
8.024034148206537,-6.5281475241884035
8.026919969929175,-6.532145811833138
8.030997590936902,-6.536971549972485
8.035926063335308,-6.540538511811742
8.039461926154415,-6.541965133063648
8.04360275664668,-6.543241260911223
8.048529875322762,-6.54494498432034
8.053744495184564,-6.54549313572626
8.057663395443333,-6.544498082027143
8.061334739618733,-6.542938041808225
8.066532279590078,-6.540942483799694
8.070742068201115,-6.53738884347721
8.074167878747165,-6.5333073565549595
8.078241456863147,-6.529627014660005
8.081906445176562,-6.524482025299818
8.084733611322601,-6.519823583434283
8.087665591505973,-6.514912190315903
8.090726247801644,-6.509069904601522
8.093659318900992,-6.503039542298728
8.096922033010241,-6.496906354193431
8.100461514422774,-6.490077131705757
8.104846480397832,-6.4821319956487145
8.109842893198406,-6.473920915191564
8.114251344027254,-6.466616522172225
8.1196102588359,-6.458856330890141
8.124016413729889,-6.4501078986369365
8.128625509138908,-6.441938321021424
8.135673418753607,-6.433777948954735
8.142176159691175,-6.425018685037824
8.147881868854569,-6.415547280703831
8.154839932525594,-6.405516177819635
8.161975022912262,-6.395561949383346
8.168505515153273,-6.38475859361937
8.174792494103873,-6.373586086675034
8.182100727122458,-6.363333998318536
8.189627050325374,-6.352589281046735
8.196071342173601,-6.341573949521978
8.202845510875704,-6.331668574150356
8.209973711049908,-6.321902676128155
8.216369870833846,-6.313025326964882
8.222769784438933,-6.305046706749192
8.229331239474785,-6.29689314099278
8.235970975466472,-6.289557767337271
8.242408132103165,-6.2823664881980985
8.249530623232339,-6.274563087132589
8.255324090765434,-6.26651567822559
8.261412594582682,-6.258376708292091
8.267290788213007,-6.24986063335272
8.273837664042869,-6.2414520816699275
8.279834148626463,-6.233786899947517
8.28485393593729,-6.22648981175643
8.290833938501377,-6.220667101343906
8.297010257989438,-6.215700533415242
8.301160127913732,-6.21080935261867
8.305844644812701,-6.2067448635890585
8.310686894453433,-6.203451084421005
8.314844781039827,-6.200677114977479
8.318556099502725,-6.19774350540599
8.322807140504692,-6.195097525980285
8.327051781643366,-6.193858710461115
8.330671074806633,-6.1917392908961615
8.333461974142951,-6.1887658775274526
8.336853525100581,-6.187033812246099
8.340593875980652,-6.185465113212859
8.343714980593433,-6.184288648251973
8.347442404531122,-6.182931500763583
8.351285029366924,-6.181840346036354
8.354338395359044,-6.18173445137905
8.357218364163726,-6.1816793194750845
8.359566933210994,-6.1816986283634
8.360197261678524,-6.1830081061573585
8.36015737750829,-6.184781875006886
8.35946406033742,-6.186731771646974
8.358168132830933,-6.189826982337949
8.355425138057745,-6.192439797328101
8.353076848212003,-6.195314209640639
8.350949537266537,-6.19952434149344
8.347364267994598,-6.204266855836219
8.34276116977051,-6.207840457866821
8.339989859970176,-6.212358270921842
8.336809429218825,-6.2176164963920435
8.332778130475866,-6.221871125635035
8.329963170984175,-6.225011821893122
8.32757886183597,-6.228771461098507
8.32488880108154,-6.233123684791374
8.321871506237153,-6.2361848537869005
8.319161266762233,-6.23972181276979
8.317414833650167,-6.2444258893509135
8.31540169024288,-6.248498391145635
8.313557824930212,-6.252172198443956
8.311742529302045,-6.2562713597657185
8.309391965768624,-6.260791995749323
8.306628281998776,-6.265072778297856
8.304338637768685,-6.269540121879752
8.30154654930364,-6.274793725741654
8.299109628389017,-6.279551178893208
8.29682055522904,-6.2836297535958
8.294315300882982,-6.288356164924728
8.291728836061482,-6.292346204055909
8.288673722987749,-6.293872958631759
8.286319074803927,-6.296454604657056
8.284273298544353,-6.298484994248546
8.281091884075346,-6.298806489593495
8.278238171588276,-6.298898077549397
8.275905777890301,-6.299465463708477
8.273171129050656,-6.300513606158455
8.270329617752886,-6.3005664376983495
8.267790021448553,-6.301268085949111
8.265484723382468,-6.303388984740405
8.263268379735194,-6.3043874661113115
8.260158681811074,-6.305324689322553
8.257605212397422,-6.307979101175641
8.256013644462735,-6.310503396410924
8.253399482112128,-6.311561827365291
8.250606611071504,-6.313380450207078
8.24848472011327,-6.315464883135516
8.24603212523689,-6.316654018437448
8.243584585014162,-6.31787416741295
8.24125164422712,-6.3197762418285475
8.239088032800836,-6.321826902446923
8.237963402327098,-6.323095904265306
8.236597714990017,-6.324495180468402
8.235116460877231,-6.326446271248203
8.234012959391304,-6.326848014812449
8.232883569041014,-6.32751172319059
8.231670850434845,-6.329058874512455
8.23029417064527,-6.32973389534069
8.228232457900688,-6.329677943688854
8.2271659219977,-6.3316840578552505
8.22615798940319,-6.333404645401922
8.224546983814763,-6.334128546424587
8.22303699335245,-6.335362444450998
8.221347736384239,-6.338363152924372
8.219828081726801,-6.341489959576953
8.21778660343795,-6.3433194279157465
8.215427749943581,-6.346071614289611
8.21369570955324,-6.349538008325818
8.211878185444691,-6.350993311602396
8.20909663828999,-6.352374740948543
8.20659159229624,-6.3543464097035605
8.205297072185342,-6.355954186142298
8.20367034143984,-6.3571106035802165
8.202433594947104,-6.3583682354119
8.20108698538401,-6.358723660401531
8.199460503676272,-6.358372166779691
8.198407689893642,-6.357650461914124
8.196881308795845,-6.357056232146639
8.195498564712004,-6.355834607236381
8.194237706823637,-6.353895906937738
8.19278619582847,-6.352996608829871
8.191278776978768,-6.351203129332587
8.188930883530112,-6.3482323229117466
8.186048179829049,-6.34609190759591
8.184273407080228,-6.3446639129646645
8.181290914461226,-6.342037294326413
8.177407068928545,-6.338729115796316
8.1737336987902,-6.336576881549303
8.169181483820882,-6.334460065466597
8.164289682438577,-6.331418449691962
8.158140833067284,-6.328198578290204
8.153077497244253,-6.325103698887637
8.148640900633632,-6.322297995126084
8.143098984036591,-6.318624462473197
8.137754503058982,-6.315151836154398
8.134093828861907,-6.311313183685587
8.131055295670464,-6.307454446558639
8.127312527687263,-6.303753117400924
8.125239806190923,-6.299029815994719
8.123763451020325,-6.29359629368049
8.122150790683499,-6.288578659277691
8.121524772422848,-6.283855317632152
8.12135880006847,-6.279139546640849
8.121488035180397,-6.274417363345657
8.121739358538134,-6.269162308101528
8.122884337527253,-6.26483615433311
8.124661430511807,-6.259120020637996
8.125390815781087,-6.25305123525068
8.127122921097794,-6.248039657499879
8.130004404632864,-6.24229211583665
8.13043021067948,-6.235931402340541
8.131380548097878,-6.230159913791261
8.133043688923621,-6.224596096869793
8.134553748437435,-6.21851234493474
8.134950057506506,-6.212552488799443
8.134948089086018,-6.206300809980069
8.135622602271928,-6.200395029967406
8.13580916573956,-6.194451411235096
8.13413318910221,-6.188412693951019
8.133029428937915,-6.182528669954546
8.13288943956813,-6.176789052691596
8.130950863083942,-6.170398757013524
8.129725523998957,-6.163739843760005
8.128181463524362,-6.157298455294128
8.125838053604861,-6.151824824852271
8.124202076409638,-6.146244696753544
8.121861720810006,-6.141020840077433
8.11972728912025,-6.136943657072908
8.11689934128572,-6.133327302127118
8.114030609328212,-6.130793188272186
8.112297405252926,-6.129270871145437
8.109804789777169,-6.127249890599282
8.107566754861217,-6.126106722287524
8.107243391390481,-6.1253279776182525
8.106605981595154,-6.123830699901249
8.106095518783905,-6.1220653489743695
8.106951986008413,-6.120292216104977
8.109636004654531,-6.118608031515027
8.112082839645868,-6.116861862846185
8.1157671327688,-6.11441070774039
8.120947541281472,-6.111656061889763
8.126618609184028,-6.110297238563339
8.132483948455164,-6.107283710606086
8.138283789583607,-6.103930189542763
8.144534980714255,-6.101758858864963
8.150262981365932,-6.099713090753027
8.15418410437213,-6.096314313629258
8.159559080899554,-6.09372951055308
8.163555823454802,-6.0918396519359925
8.166688240245865,-6.089902826231751
8.169849963931519,-6.086420806549817
8.17198740233556,-6.0831369992248945
8.173626572938067,-6.079628078133219
8.175557184375737,-6.074357196057405
8.177144511137316,-6.070414953077291
8.177844564167057,-6.065670240711895
8.178438642965459,-6.0609867825320585
8.179291250689527,-6.056098395661038
8.180153348825963,-6.0515328531599835
8.17923410864862,-6.0461150278003615
8.178542282342638,-6.039957715194872
8.178302734257882,-6.033945733434034
8.177006162148395,-6.027718186179213
8.175185997327254,-6.020918435432699
8.17378641378013,-6.012827513353574
8.172701763603428,-6.006098469481779
8.17133951823851,-5.999119686686837
8.169564548100068,-5.989549623051923
8.169051835189974,-5.98088908549973
8.169314949633796,-5.973057749637947
8.168631771457221,-5.9634336292536245
8.169208359573423,-5.9538262941268885
8.169531040888975,-5.944843100514935
8.170043950618625,-5.934767835028484
8.171375450787709,-5.923888618519055
8.17283210098981,-5.913446087820808
8.174726502830985,-5.902908700754572
8.1770209405204,-5.891478015317755
8.180105167329453,-5.879432586293738
8.182853545489413,-5.867690216310725
8.185322028231539,-5.854839088447651
8.187944797906008,-5.841444106213414
8.191098894471267,-5.828824576385666
8.193349882033129,-5.815682826161307
8.19471909538471,-5.801991459487397
8.19650845917615,-5.78931949916063
8.198368598610218,-5.776859901464222
8.19807486661522,-5.763283791156359
8.198354405539515,-5.748746088955465
8.197520656184192,-5.734977278735556
8.19643758570136,-5.72222750630558
8.194122172099567,-5.707152061095258
8.190348804910531,-5.692489048416465
8.186990760206855,-5.679844462863895
8.18371211470347,-5.665964541176823
8.178584842651457,-5.650545545350244
8.173606284112909,-5.636123525635753
8.16865861777493,-5.621085600105999
8.163073727685227,-5.604670237556024
8.157824288829664,-5.588538337738887
8.151936416113754,-5.572048686292613
8.1450390978899,-5.5536725634691235
8.138402879699937,-5.535710303172228
8.129916807963014,-5.51746422864392
8.119703787083806,-5.497702142078049
8.11058745111543,-5.477188885346283
8.098554885982018,-5.455821168363907
8.087861618135955,-5.436303632749636
8.074135257738252,-5.414106560210752
8.059171467307578,-5.391951354428378
8.04641442514797,-5.372299198691984
8.03202075652624,-5.350755866942389
8.018048429548191,-5.329031836003394
8.003522620813243,-5.306914833950863
7.990714541381623,-5.286390234690767
7.978605421747365,-5.265583295920925
7.966637322376693,-5.244902492268802
7.954763688029397,-5.226911727001843
7.944326133952882,-5.2113115160931525
7.935824469082554,-5.196019001626983
7.9261547440047115,-5.18436944382945
7.919088764391509,-5.1761782074951235
7.913781498374186,-5.172000693635341
7.907583834568671,-5.172668213476286
7.904977625922587,-5.17762236078502
7.901021090536743,-5.184693273559974
7.89903057478043,-5.195288999735376
7.897942625193542,-5.207394816249465
7.896290795427563,-5.22061174478606
7.8954882463336675,-5.234070807610254
7.894171353128446,-5.246563149398739
7.894202667505846,-5.259753111690823
7.8932807323904175,-5.270290524211364
7.892653864519306,-5.280664678175773
7.891372122143681,-5.290177081292395
7.890897820766976,-5.299200177433762
7.8887167987987254,-5.307567971452889
7.885678854432801,-5.315687270969005
7.884117485072267,-5.324893483717002
7.881554815343024,-5.334362041092792
7.879168399963929,-5.344079425654245
7.876278577631626,-5.354767198651634
7.872910642125274,-5.366687772652812
7.87096556774715,-5.3781943237856
7.867454574233213,-5.389767069956399
7.864287980335106,-5.4022986471946615
7.862747588276923,-5.414215659364368
7.858514116838238,-5.424677975215749
7.855147691260138,-5.436347299399394
7.851038713691308,-5.445771607781491
7.846583335663072,-5.455853695955971
7.843250717256978,-5.467680654152096
7.839301911139482,-5.47902569758349
7.83630200471235,-5.4924981302797775
7.835405236950564,-5.507272151512283
7.833366974244717,-5.522834602941413
7.833722558684784,-5.540040863424059
7.8329648334529285,-5.556039119426274
7.8334777886473095,-5.5731790075887595
7.836573349838433,-5.591106953333599
7.838302968415477,-5.606980596506022
7.839728952073445,-5.624247446268772
7.841189036636852,-5.641357613045888
7.843932468283253,-5.658726185600453
7.844783000631232,-5.675091352108407
7.844587348581812,-5.690573583438177
7.8442276154759565,-5.704974176669823
7.844159620230844,-5.71973766449174
7.842237058627294,-5.731656983092442
7.837108612548825,-5.74250664814658
7.833769293241903,-5.751864008764266
7.827445239139618,-5.758133741234218
7.817755888508808,-5.760605422067889
7.8091806808071285,-5.759555428625827
7.79637618790208,-5.755377851653025
7.784428655845028,-5.749933518958068
7.7708313013469805,-5.741120449923617
7.755712710598548,-5.731615829753812
7.741534864616969,-5.722205955511962
7.7268023243926445,-5.712426340404257
7.711933102804416,-5.70429353741529
7.696539947297301,-5.696419501220431
7.680654042502057,-5.689383624109129
7.6645331075691905,-5.682590397807126
7.650251458007893,-5.6766081326311
7.634915700113023,-5.6712027386844
7.620240475655515,-5.6651179583749105
7.607899544210379,-5.659096067828291
7.594442873457617,-5.654514308183922
7.582434130095455,-5.648811175092015
7.569876715306225,-5.642584446609551
7.558549606302442,-5.638647295569492
7.549204508820996,-5.634749873025124
7.539439790944622,-5.6321024802049795
7.530989507258721,-5.633073011819656
7.52526631549571,-5.637922937881176
7.52142519261892,-5.646628099370088
7.520200042805306,-5.657636159609758
7.521834845975919,-5.6712273733889695
7.526645762413011,-5.689183711015428
7.534981088676359,-5.705475005793295
7.54622395147533,-5.722809859801634
7.560883498018552,-5.741756768251247
7.578191128373986,-5.757742915585877
7.596556386623861,-5.774801229143999
7.617209434077458,-5.790710125559802
7.6414671589201335,-5.8054054761627425
7.666548481069201,-5.820766230385376
7.694481664474498,-5.836105871274959
7.724132743101639,-5.851302575217799
7.753306650373455,-5.8664913645058485
7.786496709064744,-5.882466683694864
7.822098283761282,-5.899486108464059
7.856662865283281,-5.917544747806003
7.892759434994016,-5.935967170570566
7.929445514368839,-5.954919232899362
7.967277260488955,-5.976918301764165
8.005804061287071,-5.997868021781323
8.04495174483836,-6.019439730935773
8.086017698950691,-6.042985492960209
8.127031339965283,-6.064837739863193
8.167775133824192,-6.086375484469587
8.211311287173238,-6.1076860499488355
8.255412415108482,-6.127776308420279
8.300198544944694,-6.147346714625094
8.345594983112134,-6.165161412967801
8.391400188418434,-6.18231659213507
8.437719929888551,-6.199071300127552
8.48512904336323,-6.213601944069785
8.5316125554209,-6.227017192827503
8.57850914954268,-6.237561580883314
8.626526121870397,-6.2466441031285616
8.674149308661487,-6.256327183613476
8.722078567353222,-6.267658990952341
8.767936423344782,-6.2798446304896895
8.813810531964956,-6.291999745743995
8.860035419177516,-6.306982191156058
8.903831260591726,-6.322087468070554
8.946966175748686,-6.33462012625321
8.989211195835233,-6.348307854021662
9.031698685141262,-6.36181471496764
9.073500390492786,-6.372549355695956
9.113596572924873,-6.38084647970321
9.152937276254187,-6.388441826039399
9.19249749624696,-6.391013414736346
9.231773015405805,-6.389477039631738
9.265698754715476,-6.382631903778452
9.298848989912488,-6.372944678478208
9.32932998947163,-6.359491496826104
9.355599165016569,-6.342055885232895
9.377462101790965,-6.326194117155269
9.396358584760122,-6.309470149902297
9.410273751981089,-6.291605246337502
9.420465349443344,-6.276081737158093
9.42921316279926,-6.259836541516939
9.434908981369803,-6.24480723812202
9.435230266158658,-6.231884289390825
9.4341639487623,-6.217814973633449
9.429972105833803,-6.204950780838686
9.421519866923692,-6.192546805429283
9.413464745685697,-6.180259458343429
9.40216752845998,-6.165756651435177
9.387741552602595,-6.149618514637426
9.372826378006108,-6.131342514069811
9.356954149214188,-6.112569020777922
9.34079943656178,-6.093581777303906
9.322845148671806,-6.072197778943878
9.303923379982264,-6.050807767518418
9.28555995292029,-6.029855188976924
9.266794764306802,-6.007540495281323
9.247160210554519,-5.987546965913483
9.228279024275006,-5.968324217447263
9.209493549990963,-5.950593434973161
9.191935686726891,-5.93620362316946
9.173282475201754,-5.922016626207743
9.15650206073183,-5.910830708755759
9.140747583490581,-5.901730697663367
9.125389256997831,-5.892163548665182
9.110298975486426,-5.88518777769949
9.097990463594833,-5.881203464475749
9.086744443360825,-5.878721787062029
9.076755569237779,-5.877381330887166
9.068404471284738,-5.877306986561526
9.062141939380675,-5.874705504443262
9.058072825857984,-5.873335927572557
9.055800912239624,-5.870980740135402
9.056558895295822,-5.866539349802008
9.057860511348192,-5.862125126051472
9.062242428441841,-5.858549295404469
9.069702735659636,-5.853204870573756
9.076799957823566,-5.846775878062778
9.08615082575403,-5.83972662956449
9.097605973646163,-5.831826393722586
9.11037901572115,-5.82317350221902
9.123449146060942,-5.815890526214327
9.134829421377988,-5.808818948714703
9.149851773360833,-5.802921834028071
9.16592496843828,-5.79908978474958
9.181074057944233,-5.795416269822295
9.197970474946874,-5.792263305237588
9.217098137031211,-5.789778098962365
9.234609701172314,-5.786014738717913
9.25301460819908,-5.779279951127862
9.273277875491551,-5.772524157351127
9.29144226251817,-5.762730804735434
9.311171183550794,-5.752680829231791
9.330081964816898,-5.738524662516771
9.346706964222175,-5.723574239415792
9.362775583059667,-5.710207382353293
9.379111718773547,-5.694622645085899
9.393644893387338,-5.682927704431267
9.403716032152877,-5.676102407281433
9.414146286566679,-5.669668523397389
9.42283837486408,-5.668698386218941
9.427469953631437,-5.672801347027586
9.432744649774834,-5.6775601506161895
9.434439726367849,-5.685469711526814
9.428949541258353,-5.694244580796658
9.425730879523584,-5.704639480078656
9.417193495285089,-5.714362730075509
9.407637117601169,-5.721491320870046
9.398630608657795,-5.731490208009246
9.388257667893463,-5.741936154923536
9.377183880208959,-5.7488683306498185
9.36905508392823,-5.75815853472581
9.362622653128835,-5.767234223059217
9.354395680917108,-5.774752707969336
9.350673377850553,-5.782802840905403
9.349797992567257,-5.7909916910321035
9.346821209270034,-5.7972987368768
9.347319864113736,-5.804032213431085
9.348826168867786,-5.80927345716773
9.350929215643628,-5.814855109605778
9.355091093998045,-5.819371086974492
9.362386850470498,-5.819774209101045
9.369612973686952,-5.822945947514335
9.37673314615713,-5.823097782307173
9.386740614483067,-5.823495016375572
9.398811725780389,-5.823881795436623
9.41032782177758,-5.823140512247501
9.423433858078578,-5.823507269571046
9.437900049836635,-5.824251412789891
9.452414678521317,-5.826725897267656
9.465810970827654,-5.829547647524038
9.478882348061338,-5.830799979657093
9.492949920941648,-5.834341946207312
9.506576156398756,-5.839499554559952
9.51835097903713,-5.843686436326426
9.53013150385803,-5.850039845353686
9.540765034788459,-5.859633279046589
9.549803629501461,-5.86935912883704
9.558821572388828,-5.880142349352631
9.567333967132296,-5.896246705710262
9.573551670621308,-5.9119088863308065
9.58172228625497,-5.93089630302587
9.585502346667056,-5.952120273928417
9.590171159577649,-5.977527501148545
9.59677122036248,-6.006324017265257
9.603507233224303,-6.034743140050936
9.611088989303122,-6.069551831992508
9.615762096167323,-6.106573095972604
9.623310950125372,-6.143365940002414
9.629648247933732,-6.185962838427884
9.63447998946755,-6.232456473319818
9.640982884449024,-6.276238583344581
9.644494890969872,-6.3248053432084035
9.647637122123909,-6.379200736007283
9.652990434482389,-6.438504603127535
9.65572107349561,-6.497171264823615
9.652105964106605,-6.558542848873177
9.653625269091336,-6.625771410734048
9.648596611335357,-6.693540493582693
9.639871400627541,-6.760894023120158
9.63079575712398,-6.83039834102301
9.617385562718905,-6.896709225021538
9.601036255843118,-6.96051386655487
9.584487216778593,-7.024081019780484
9.565453323020602,-7.087019122244451
9.544182779685718,-7.1460128241399445
9.523164152729226,-7.204446993660832
9.500848148662609,-7.2623810860465055
9.474051942618479,-7.321126909044296
9.449420279180028,-7.374833655612992
9.423162397589252,-7.4299132637072125
9.391713300067957,-7.487177257050097
9.358111841912509,-7.53795581616737
9.324822640965252,-7.592784863841166
9.286113536342068,-7.644850240219716
9.241532434421513,-7.691464745552349
9.191484866014203,-7.739275178521078
9.140563219498476,-7.786967080442107
9.076142528929454,-7.835618255063974
9.011562914859375,-7.8845982954651355
8.943061326819716,-7.9370618436831775
8.867251922612587,-7.991063869740334
8.795534161462388,-8.04485975982588
8.7213312182536,-8.100293416539404
8.64917271424773,-8.157052615440072
8.580367879967842,-8.21276206333212
8.515541975016797,-8.266512611061794
8.455300712884165,-8.318831677973689
8.397790178418157,-8.369507789547344
8.344462134315043,-8.41591418374893
8.294217570799,-8.461016216680383
8.24579036276001,-8.502233970530122
8.203011060755685,-8.540736353419142
8.16229427720789,-8.577261482986064
8.1230847591872,-8.611521835710043
8.0869166494883,-8.643972289537977
8.051653541956624,-8.672207157416752
8.021725594350414,-8.697014766110243
7.994123665637088,-8.718881854565812
7.969898960676681,-8.737284695796639
7.950314512243735,-8.747393600458496
7.933778674398978,-8.756369777660394
7.922899093900501,-8.75850645738131
7.919489118917413,-8.74871326511251
7.920766043052009,-8.734253034929763
7.924419244856308,-8.713841771930781
7.9428712083964434,-8.68578547665676
7.956846558661482,-8.653414452061003
7.978275549395069,-8.613210660692564
8.006935521841763,-8.567220998414873
8.03440708003991,-8.520017903595496
8.066028546258604,-8.470779893689105
8.096923502162072,-8.422634925097466
8.129804741938388,-8.371494065082016
8.161933206216101,-8.31974608922166
8.192519430597798,-8.270734197784684
8.224082327903025,-8.219924173853403
8.255535142448315,-8.168824822684435
8.289043166872215,-8.117224955812684
8.321574097221344,-8.068419511970527
8.355623308824658,-8.016884717179558
8.390244526749502,-7.963462028663622
8.430204733902308,-7.914496752623121
8.471243190175342,-7.861609964809929
8.515635345120806,-7.811864922991975
8.562547143670002,-7.764021897234929
8.61047198077355,-7.715570373644834
8.659919872044107,-7.667142639221377
8.716534540402872,-7.617895063023866
8.772209731468951,-7.569335073087392
8.829060744465783,-7.517065723398729
8.892190639790272,-7.4676124483857365
8.95058618386279,-7.415756102202589
9.0078373964496,-7.361733294065761
9.06542932358931,-7.309582106641268
9.121263400555566,-7.256997708057513
9.173774875566075,-7.203652164727061
9.224297442648174,-7.150238067699276
9.274552908486314,-7.096662566999195
9.324144052242916,-7.044078550824089
9.37220104297728,-6.990548074998141
9.419131527725433,-6.940422941948727
9.463194475700629,-6.8917721789119355
9.50713202166972,-6.844479633213935
9.549291065376272,-6.798220675898953
9.5903568370196,-6.753344673856851
9.631724510723311,-6.70940322983209
9.67286455634075,-6.663013784830161
9.715074109627164,-6.617673977892275
9.755601904475641,-6.569639296193514
9.798805427976289,-6.52074039076992
9.842106850227188,-6.471910434789634
9.884443929617612,-6.422123483537932
9.928133201682147,-6.373309163409109
9.971005013394697,-6.323472441697972
10.014323637070957,-6.277428543843678
10.055623638195078,-6.236018562235033
10.096332307172814,-6.193660831657469
10.136314958745071,-6.157601314828264
10.173585721038847,-6.1271021331341915
10.210643932844404,-6.096203726867918
10.246583510373055,-6.068266228593718
10.28152869898393,-6.040696683204597
10.315557344395446,-6.016608011515157
10.348837355645495,-5.992462173353623
10.381218507685352,-5.968163504881738
10.41414167903903,-5.94569998879835
10.444556691098573,-5.9232454276977275
10.473661550456658,-5.902608133961465
10.501341636810608,-5.882856691304919
10.524363361212677,-5.866866489553042
10.54834181892666,-5.853527146659629
10.566728790959115,-5.8422455937629785
10.579192776511245,-5.836714017526286
10.591541627840881,-5.831000235541441
10.60048090689296,-5.832367478965989
10.610419180323003,-5.83816307185238
10.615004374808365,-5.845061463632736
10.619455073055788,-5.854930114586001
10.622412735856875,-5.866888290380471
10.626011250507332,-5.880022288115731
10.626628582044303,-5.8923025685917505
10.626527597872858,-5.90735294189999
10.628456064535698,-5.92437935296843
10.626191109918484,-5.942825855952999
10.622850776448997,-5.96379392780007
10.619951504405828,-5.9870519852266355
10.616087311678818,-6.01397407871684
10.610941533724244,-6.0442459736053795
10.605220247408527,-6.075120668458063
10.600824854841498,-6.111600149783989
10.59644938746294,-6.147065139609053
10.593748590321857,-6.18237775082199
10.590379474304973,-6.21821062929188
10.587149286396295,-6.255517610001461
10.581324850314077,-6.29377996871472
10.574345777215298,-6.332067712089451
10.565077413392252,-6.374037386168944
10.55382447590094,-6.41661475019824
10.539473808114801,-6.4631415494509605
10.520621805533017,-6.51284143342285
10.499671583004206,-6.5623338269045925
10.47493571654085,-6.612229779842007
10.441644220922658,-6.662934855476229
10.41009650787292,-6.714654704301168
10.370653181603359,-6.766674109567391
10.326240339150987,-6.822552778729902
10.282120480574237,-6.8764553471526595
10.235191818280386,-6.927759232873963
10.187138609115731,-6.978761697562101
10.139590768778758,-7.028057688113319
10.093025875807843,-7.076325207380146
10.046634700695101,-7.122590022025387
10.000664910690345,-7.167718848973688
9.954721028462707,-7.212971069041941
9.90897595889875,-7.256441377230372
9.864305773580787,-7.299883642993453
9.819212955750194,-7.343642270249652
9.773340001950961,-7.384642564272938
9.728918116314777,-7.426837988923007
9.682732139438835,-7.464664742913025
9.636600871853434,-7.504776965605244
9.583515722194882,-7.5380902562469085
9.531643385081411,-7.568535377471065
9.477739320893871,-7.60266616024749
9.423864537401125,-7.631602094558677
9.37147764069227,-7.656507356565688
9.321647546999046,-7.681142737205112
9.277476706765812,-7.704102139299899
9.237058430661325,-7.723916005400451
9.200313122764785,-7.741183632487665
9.168794141695745,-7.75639163022733
9.142556652081657,-7.7671688077216965
9.11975936214645,-7.775209923679201
9.10019377266571,-7.7777733648062695
9.0845579043115,-7.77725789437508
9.073360763660178,-7.773818269460753
9.061442921685831,-7.765928908481062
9.052406897113304,-7.754835837847278
9.04615296381662,-7.74234247335033
9.038762484074528,-7.724929154838291
9.032312140035254,-7.706022004495321
9.026760619596772,-7.6860557693162
9.021988893310064,-7.664277761658001
9.018676704411126,-7.639536562504389
9.017737715351908,-7.61297061760016
9.018521347212092,-7.58307076733415
9.0216571817794,-7.550171110863315
9.025085798097573,-7.514535985873727
9.03245298816604,-7.473348722104644
9.041647066966489,-7.430398962904993
9.051286346773313,-7.386022721740909
9.06292833539887,-7.344147897615717
9.078253978766217,-7.304461025836813
9.09241903841963,-7.2649380848630125
9.109658057552004,-7.227938610289759
9.129067520000165,-7.188982190942598
9.15004134087409,-7.15560390715377
9.170176906145748,-7.125128565756428
9.191320368540929,-7.094153385041183
9.213790440721702,-7.066697886822407
9.234879432962504,-7.0411525956633
9.256966271930889,-7.016564463334586
9.278628627604217,-6.992597163602373
9.299684973091372,-6.9703995753542625
9.321122384767596,-6.948966903607645
9.339160145829574,-6.927431520351976
9.356274767501965,-6.906974436749512
9.374600508837442,-6.888556333826514
9.38846523031911,-6.869236035352505
9.402364097380225,-6.853290631161006
9.415682298964189,-6.836168821588455
9.433249305164045,-6.823512236779105
9.448218546056443,-6.812039848391793
9.46479015006513,-6.798134567967903
9.480209448610953,-6.787463630333361
9.493462491645843,-6.779739178557694
9.507010065082484,-6.77175213368712
9.515500361482482,-6.7639334219157465
9.518599254319932,-6.756366445495039
9.521033315412218,-6.750682567192011
9.518847989405558,-6.74558352294856
9.508609480642988,-6.741637595694195
9.49394425385643,-6.737886879904783
9.475848166258638,-6.735935175307743
9.451098976334665,-6.73161689020323
9.413855318143996,-6.727341274947547
9.373612150183096,-6.728341685859769
9.33038652408594,-6.729577104093258
9.27714729822574,-6.735627678042282
9.225005867282684,-6.742550215564477
9.16817063419524,-6.755460931292007
9.10770837094886,-6.770273197262045
9.047840648692981,-6.785766005856252
8.986779855222867,-6.80273515267302
8.92727460939716,-6.820144030985664
8.866651605708643,-6.839536215660587
8.806574719850763,-6.858735622771266
8.748414923332849,-6.878715931903923
8.687922855723345,-6.900638383434083
8.629032573216874,-6.923058967505563
8.572139790202892,-6.945742551183024
8.513480612989769,-6.968432553271486
8.456664264145875,-6.990885902121175
8.400235982428603,-7.013320252913429
8.344476617777696,-7.034672331554612
8.290146856950802,-7.055983620869676
8.233614296884396,-7.073675855619087
8.180268519819245,-7.091028739838377
8.128032504355959,-7.107857031938234
8.073335157531858,-7.122233975117307
8.019144571806192,-7.1340445490224305
7.964866318043412,-7.145534871557422
7.909554655956524,-7.155563325740517
7.853720002136166,-7.16135650611852
7.798024940018858,-7.167300358486514
7.742581304033088,-7.172564047567401
7.687625853843134,-7.174207486055115
7.632499597483371,-7.175642816625088
7.579255693009184,-7.175141426322569
7.5289547267319685,-7.173393011721311
7.4774385925466165,-7.168860293731354
7.429142177911665,-7.161995242613999
7.384485675850512,-7.153633886142163
7.338941570045002,-7.142506054628961
7.297020492089572,-7.128270397176602
7.256198043800615,-7.111448679035849
7.214921382508615,-7.092958193405869
7.1767653570077,-7.070456081577783
7.142207621573666,-7.047319769614136
7.106482293640777,-7.0227001772155235
7.07479749236383,-6.995022759519432
7.047162788772386,-6.967162178434855
7.022354835122869,-6.938672059374294
7.002194212488106,-6.909025462267141
6.984086098566436,-6.881257139939313
6.974217876934543,-6.854959547725686
6.968094763257576,-6.8271886048945305
6.961968742680606,-6.800226281259443
6.9628241759634415,-6.770540706097333
6.96350413243507,-6.743006897417834
6.9679761184667415,-6.712239227855661
6.976035496708496,-6.679704120026339
6.983209150805509,-6.647159495653459
6.9922620856011015,-6.614498682928665
6.999826433374495,-6.578961950522596
7.008230503741845,-6.542420277249075
7.014721165417755,-6.506403174271297
7.0205724955075395,-6.469602387380707
7.026999493421279,-6.432498882188211
7.030478398422128,-6.395798703364934
7.03322005636511,-6.359301064191314
7.036784318341346,-6.321851343270427
7.038828191705918,-6.284909652769647
7.0408327393078665,-6.248261965880214
7.0431975018442285,-6.212024550814325
7.044074665333161,-6.175154675779794
7.046657976452285,-6.141398181517767
7.049137537337565,-6.107324775026681
7.049944861917569,-6.071867172378875
7.052140403108509,-6.039179284249226
7.054293470334757,-6.00801876395948
7.056641823755263,-5.977260013819602
7.0606954426367246,-5.949233567339626
7.065976716412851,-5.92487911642537
7.073183579174978,-5.902402178578246
7.0822770018624555,-5.879730842551649
7.092093224286899,-5.860135614266518
7.103223521278869,-5.8419345223090735
7.1149825658848265,-5.825158849058001
7.12597222940371,-5.810166580858403
7.138162798106034,-5.797516397722789
7.151157059313327,-5.78845297093458
7.163838938935712,-5.781375355317584
7.177199578253286,-5.776721274313801
7.190377252445336,-5.775475804347464
7.204255057471078,-5.775605729202171
7.219017245776747,-5.7767782476025955
7.234144999240753,-5.779730886672721
7.249411469721784,-5.783270675155647
7.265286275385095,-5.784551290564243
7.2805818313446755,-5.786077397819803
7.297169579241651,-5.787957733064929
7.313900714880172,-5.787949326576564
7.328639524086241,-5.787059226992954
7.34518679729992,-5.786240695389523
7.36236322923781,-5.783470077943034
7.377670215162299,-5.7774886984784946
7.39309973017243,-5.771153457252991
7.4074361567586875,-5.7636402974493715
7.420859092174126,-5.7548419825134065
7.4337841974856795,-5.745008871972837
7.4453094371255855,-5.734846299384279
7.457471896809682,-5.724270471241479
7.469314951225429,-5.712792320252483
7.4801286973686025,-5.7031572555191445
7.492004387897419,-5.6940164810070915
7.505524258370578,-5.684295792182437
7.5178628529039315,-5.675596770665898
7.532443886881837,-5.666400646397767
7.548281689478333,-5.656366713785528
7.563447354704978,-5.646345016717472
7.580318656790265,-5.636104717093011
7.597714654185327,-5.624961318941691
7.614719260827912,-5.61214743263868
7.631676438208152,-5.597500337048224
7.648989698856546,-5.583801514470275
7.667402948237265,-5.56818158629422
7.683780063766621,-5.5515153635782895
7.700162161452761,-5.5358242358380565
7.718446247137718,-5.518481518293831
7.73655344535269,-5.50093291729017
7.7541318136855,-5.482505362567731
7.7723253374243875,-5.4615277712517445
7.791075419094267,-5.439535535780728
7.80801271017638,-5.415277114273366
7.8254430244745805,-5.390760432184443
7.843606797878449,-5.366527141417366
7.862332617975807,-5.341802188124887
7.882295254060828,-5.317656034285451
7.902969484606834,-5.292517268421034
7.925470257869037,-5.2683345653883
7.9476163866457945,-5.243893206709953
7.969104612358409,-5.218099950101104
7.992843111668109,-5.19257911600925
8.016299453904969,-5.166342333298973
8.039476456674107,-5.139407161914147
8.063160300563792,-5.113618342467484
8.08553718374977,-5.089530086542378
8.107870308114252,-5.06536581334226
8.129471318231786,-5.044346896294588
8.151355799721742,-5.026393775272126
8.172498952998913,-5.008757411830648
8.191139848763333,-4.993907268111406
8.21126158652443,-4.982308781045876
8.23111581383958,-4.971984798040131
8.247386939241165,-4.964497307517373
8.264415333005694,-4.95910195234864
8.281455853523191,-4.955277455674069
8.296528776186374,-4.953168318260251
8.310944640519395,-4.9514010105155535
8.3238709706712,-4.949803201215258
8.335519870898217,-4.949979411283525
8.34567382268301,-4.950397301567987
8.352402549748943,-4.95092942022487
8.3585634780582,-4.951181850755039
8.361416429414346,-4.952880248497173
8.359797976275855,-4.954384737380278
8.357935038604,-4.954798978287711
8.352843656303179,-4.9574799412183905
8.34447325904261,-4.960694266886501
8.337799599919236,-4.96459853597846
8.327315633955076,-4.969567480051185
8.313932724109323,-4.97564349897381
8.302364297230044,-4.982957852303201
8.288508123696063,-4.99215195323315
8.275528036545623,-5.002423635488655
8.258938975649137,-5.010859448809579
8.241982228207345,-5.019123154924849
8.224894051754989,-5.027718372225908
8.205907718894325,-5.035911316032751
8.186192019758368,-5.04046929876977
8.164687331896328,-5.044552705615553
8.143953709909503,-5.050898484130025
8.122199765579403,-5.052979061320761
8.098421003688577,-5.054016274924693
8.0754452927682,-5.057567947284262
8.050468033023613,-5.058946979820143
8.024047665945622,-5.058416701111583
7.996689066142264,-5.058756682502774
7.96888884652626,-5.0602665894577665
7.940481143028503,-5.060947955051233
7.91166744321424,-5.0617161835353395
7.8836512806807875,-5.064197510482918
7.853641138531846,-5.067040888592934
7.822908010207475,-5.070475242931862
7.793469739950068,-5.075823940980266
7.761712685184015,-5.082088455528183
7.731703566456032,-5.089586041149275
7.70288985750275,-5.1004261582983315
7.6718124416424915,-5.1127888321935036
7.643064026407387,-5.12694892107604
7.61457668955092,-5.144029620100785
7.587107169968141,-5.1634573781363775
7.563096018456436,-5.185013936729955
7.539268652720826,-5.208770938376571
7.517266297058488,-5.231944070640277
7.497861260559104,-5.25639399637578
7.479079478400553,-5.281980297333153
7.462440857074386,-5.305144108287538
7.4474957004599505,-5.328703165676824
7.43398320700587,-5.353663699709437
7.422420889164764,-5.376865754784426
7.411060206728828,-5.400339987389428
7.402803499292445,-5.426340766358442
7.39626620060965,-5.4528172883594275
7.391316901238124,-5.479063749187883
7.390169899676219,-5.507441444567981
7.389352490799553,-5.537587659518841
7.391279231371355,-5.566629195072202
7.396256388987931,-5.595882143101767
7.399553390930531,-5.626361106467149
7.406594588748567,-5.656748084658236
7.415616271428755,-5.6870855730294965
7.422665215959162,-5.718869210781467
7.431341510262585,-5.75088144552937
7.4382849629835555,-5.781308142063198
7.4453008963883756,-5.814103163957579
7.452810914993097,-5.847984293871065
7.459807121862752,-5.881927954901694
7.464126659461118,-5.9167316949314746
7.468143818080827,-5.9549777174191565
7.474206906320959,-5.995447352253161
7.475897733603005,-6.034922093814426
7.477120491938904,-6.077864336189329
7.480060108112917,-6.123338820903615
7.480874036885755,-6.166816963309397
7.482918097637656,-6.21162903978536
7.483964091494933,-6.257187713062135
7.486269461791231,-6.30106691654756
7.488292039685423,-6.344687032943953
7.489398504299489,-6.385802256579404
7.491825043322159,-6.423854154776851
7.491922470359416,-6.459390592151016
7.493304390674583,-6.492857254843324
7.49464235343304,-6.522606964549464
7.494187473776704,-6.550443639571988
7.494637422060189,-6.5747039868903805
7.492521815003424,-6.594954517201147
7.489410710977069,-6.612298774772718
7.487637973171121,-6.624868062716283
7.482694201620877,-6.633067050106803
7.478116356813122,-6.639270443136231
7.473891126783465,-6.640741492938091
7.465144554477091,-6.6377787478334245
7.455885794956615,-6.63226861757946
7.448107708906238,-6.625268130033683
7.4373444315307475,-6.615394498164495
7.425648904853345,-6.602943835663415
7.4142387487663255,-6.591021541493554
7.401633170870631,-6.578116036808985
7.388733766840381,-6.56327620525815
7.375134862994986,-6.547950675153039
7.36269767847544,-6.532402780369061
7.350188677233594,-6.514494217832079
7.336551738254539,-6.496257489698788
7.323353876945434,-6.476998389702777
7.31008853726776,-6.456215987246333
7.296344453911845,-6.435462537884106
7.2816322091367685,-6.4149760886468945
7.266026205377543,-6.3942939325808705
7.2502617235727165,-6.373156432259055
7.233096264636285,-6.352667605744546
7.215096587051805,-6.331945426348683
7.197371473150043,-6.310400851296971
7.178775263422206,-6.28961949519023
7.16110588688405,-6.2695119696349275
7.145644534370806,-6.250884885371882
7.130225583058003,-6.2321481061676085
7.114952032370296,-6.214594823238484
7.102900407290865,-6.197661498060038
7.091192859847266,-6.181313506062681
7.078441704224786,-6.164169916950866
7.067581982869602,-6.1474158343353835
7.05808761159748,-6.1322439410216
7.047768777064637,-6.117382740325378
7.037342521435854,-6.103282104154392
7.02814537304042,-6.089841174119051
7.019749254610257,-6.077539233477436
7.009622347304986,-6.065484025923151
6.999810166682362,-6.052971959444055
6.9906516686167794,-6.043031910155108
6.980420717356567,-6.03626166374558
6.971852663930429,-6.030481775086324
6.963400745710267,-6.026248545612953
6.95561178780562,-6.026827896862231
6.9480200288314915,-6.027912121830432
6.94310782101522,-6.033858618806731
6.940400927365847,-6.0447965048972625
6.938233552198637,-6.056235727349279
6.940227832640056,-6.07311929500338
6.946074628939942,-6.092560268671347
6.95168835329923,-6.111743630593399
6.959142451536384,-6.132391421859145
6.970999567908253,-6.1539707907019245
6.98300897810069,-6.175855027359704
6.994918365701396,-6.197505776905726
7.008364498084142,-6.218416321072721
7.023492106920007,-6.2406510677089955
7.039366794771146,-6.2635277855387
7.055769936761859,-6.28425807074521
7.072781098289355,-6.306181743394978
7.092121424203307,-6.329071117210934
7.111633923654629,-6.350569561007085
7.131226029212731,-6.371419579606641
7.154006605683312,-6.391599366208134
7.17678455853902,-6.411285550495135
7.20016231696671,-6.42978115170152
7.2242104150624575,-6.447113261165186
7.24922157209098,-6.464062027722131
7.275317487788679,-6.479848065046726
7.302098120377069,-6.494910924046272
7.329171632704559,-6.510645407952437
7.3578162680357515,-6.52650191890245
7.38653954380359,-6.542399324785678
7.415761949563028,-6.559231348764856
7.445002971308107,-6.576922111903864
7.473997871880054,-6.593227818659446
7.502814947333833,-6.6096697639606425
7.5325270315815915,-6.626237071119139
7.561455323537244,-6.641770052647875
7.590310464128973,-6.655617777637145
7.62044938095747,-6.668671549315668
7.651570236435881,-6.680658790299809
7.681969332663648,-6.690577450878833
7.712884906047844,-6.696881241574922
7.744670951575091,-6.703077391181458
7.775792031774039,-6.7082628476161155
7.806431760699767,-6.7107888855567595
7.837558259768212,-6.713592599627667
7.868480767079498,-6.716989102417646
7.899351940275317,-6.718377549126664
7.930246230725021,-6.718730141742018
7.960570738383435,-6.719312820363204
7.990264256369591,-6.7183980638748455
8.019961946142653,-6.713996125885225
8.04994699299239,-6.70965396072011
8.078291610365053,-6.702212774537002
8.10643146381473,-6.690935579517855
8.134016231605596,-6.679154290141273
8.158290110659228,-6.664284553807135
8.180683258790006,-6.647489323104432
8.202553985639511,-6.630445594202691
8.223589127903985,-6.614093846965255
8.242613289428537,-6.597632602205961
8.261812527081622,-6.580075744285811
8.281591179965698,-6.562610312154535
8.301589150061721,-6.546156959696572
8.320759133578397,-6.527747747668626
8.340445331131814,-6.50650893715122
8.359747283874112,-6.48649868398389
8.379608886108363,-6.465247869261765
8.399297987020656,-6.441938829025102
8.417453771092609,-6.419121008069342
8.436084944454933,-6.397076405149296
8.452706047018832,-6.375964402532953
8.468816208254077,-6.3544505503424045
8.483547882212598,-6.334025618596153
8.4992323742939,-6.3144636713912625
8.513908318430502,-6.295155586024541
8.527628780228412,-6.276879930335007
8.541361400909766,-6.258402760143395
8.55465246971439,-6.238866172540001
8.567490192300832,-6.218293097212898
8.580663646900339,-6.197215521909783
8.594340198476358,-6.174826638408776
8.607455978735018,-6.149825419513406
8.620153379608546,-6.124040384280684
8.63385691266625,-6.097747102392621
8.646932458775831,-6.068921870054528
8.659089195344754,-6.038817951169844
8.671544128832334,-6.009531415447556
8.683581960941535,-5.979908459377663
8.693543784918246,-5.949791873473325
8.702241368009368,-5.919411883706151
8.711657122851813,-5.891848068956277
8.719607632744356,-5.8635712283693335
8.726968723169405,-5.835674182472422
8.733266819622337,-5.80957496798931
8.73934947431671,-5.783390168117512
8.744822928093646,-5.756589979644564
8.74815290205858,-5.730634198816682
8.750135297400101,-5.704101344557373
8.751416674020897,-5.676845945710945
8.751539005133964,-5.650009917572191
8.75008731346387,-5.622364436252188
8.748507336742742,-5.5945062028247285
8.746242680109727,-5.565768592359866
8.743473038285355,-5.537308677834469
8.740676500364813,-5.508888348326283
8.738082922444903,-5.479536252483867
8.73467907479792,-5.451171234059219
8.732100282952208,-5.42351317034134
8.72890318781058,-5.395558547079364
8.723298061114821,-5.367607341028124
8.718011062683388,-5.341329023021306
8.711329433682918,-5.3165203082913495
8.702414487954998,-5.292353610435209
8.692534464437667,-5.269507232739186
8.680925721242431,-5.249338754051265
8.669488482921738,-5.230357925946084
8.655966101839535,-5.211493467382869
8.640076792637966,-5.194060364702013
8.625471794301065,-5.177311164796476
8.609355768210149,-5.1602287379714324
8.592418165429232,-5.142415998278198
8.576177178305086,-5.125385591660562
8.560766235528199,-5.1083346136960674
8.544895429545555,-5.091114172133966
8.530884742592923,-5.0740156219695605
8.517401326194365,-5.056620562939
8.504999357992375,-5.041799209237976
8.493725594555661,-5.028374566268889
8.483362983440104,-5.016334286016598
8.473947652719064,-5.006501661071873
8.464841500204722,-4.995821460174167
8.45718694091436,-4.986699402409527
8.450626767568115,-4.978835967935138
8.44411106877095,-4.970990741177956
8.439103525709964,-4.963830836538187
8.435599449587196,-4.957989991550488
8.43273716490338,-4.952298822051283
8.428448670079934,-4.946156300193972
8.425925628887912,-4.9397193316226256
8.425470523496946,-4.934729801052027
8.423853568722853,-4.928429891613608
8.422021856037036,-4.9199451180710785
8.420249501608705,-4.911409960913683
8.420063400533197,-4.9027165993324955
8.418333060492206,-4.891887355582146
8.417003893076984,-4.881263360124592
8.416892407052332,-4.870138095907072
8.415826971099476,-4.858596679001916
8.415478914182028,-4.847870177631857
8.4153333348916,-4.8369929127518985
8.414490722051822,-4.828356272775825
8.412882374020763,-4.820070663491681
8.410732209313144,-4.812623827818061
8.406414134981782,-4.80823296751034
8.400789467812565,-4.802578107483625
8.393076636933277,-4.798884523984366
8.383235361164086,-4.796782007044535
8.37292734192186,-4.7944981256434165
8.36071834375387,-4.793608800750029
8.348643488424978,-4.793620384966187
8.337099481126202,-4.79447361131627
8.324080116100756,-4.796348871703601
8.312468209450161,-4.797745557612054
8.301878464335173,-4.800404614730285
8.291412250788916,-4.804144128025072
8.281227757465887,-4.807564742883909
8.272004897339738,-4.811798383814732
8.264462568853597,-4.818429588475297
8.256690058911635,-4.825496351740135
8.249181917248515,-4.832475465536766
8.24383516817503,-4.842276154850226
8.237715024278845,-4.852863831745467
8.232165462681591,-4.863441586159083
8.226562202853664,-4.874953955149665
8.219259301225229,-4.886851446851508
8.213002332379057,-4.8985725232097765
8.20534661321049,-4.907779076113245
8.19805725388733,-4.91518605857775
8.190526581280409,-4.923249969113915
8.181861671731642,-4.929277124770422
8.173361242137448,-4.935782046467678
8.16409588390205,-4.943755605778442
8.154027691432075,-4.950945455407335
8.142701217536349,-4.958405877995683
8.130788696984393,-4.967926624614047
8.11796520850446,-4.977624448264206
8.103801875148562,-4.98734936411174
8.092115313180436,-4.998889280516642
8.07995088670879,-5.012085078077679
8.06708585547525,-5.025554310254145
8.055473495010423,-5.039489527018603
8.044618627222377,-5.057977075024409
8.034484498237452,-5.077904933755813
8.024458088771375,-5.097894702638865
8.015332547420783,-5.12059150948707
8.007173926607678,-5.144568804580113
8.000421735882226,-5.16927302278975
7.995315161895017,-5.1942190609085275
7.99066641953638,-5.219587599132321
7.987128804014124,-5.244782406501674
7.986080641523863,-5.268387977992599
7.9857680427463515,-5.291696946624584
7.986431663596895,-5.3154694853408335
7.989826364572535,-5.336598609880305
7.994502111591312,-5.358840741714037
8.001151772426772,-5.380594803515038
8.010469164097294,-5.400949353025982
8.019949073645032,-5.420003728093434
8.031789210574678,-5.4396100605797315
8.046223304818199,-5.4605470346626594
8.059580827287839,-5.4802330318972325
8.074821986718343,-5.499579943038073
8.090860016868548,-5.520667255376856
8.107667158252918,-5.5411432400093705
8.125361107219293,-5.560445638714856
8.143038963961155,-5.580575478736725
8.162085314311057,-5.601592205869386
8.181683795882982,-5.620148627203438
8.200525592712209,-5.637945363048054
8.220943298478335,-5.657107572362012
8.240326230719704,-5.674782435919622
8.260607929918159,-5.691082735916094
8.280481080596195,-5.707679648852282
8.300106221472403,-5.7237557373491565
8.319937873463127,-5.738305149740293
8.338960689442759,-5.753195988684616
8.357712304841941,-5.767829633773479
8.375307325489832,-5.782682968836745
8.39177032491117,-5.796210614184952
8.408089368116089,-5.809964329020224
8.42417875728317,-5.8248115218625856
8.439614559928872,-5.837235541863083
8.454864061625313,-5.850997738269059
8.47012608969029,-5.864899905020756
8.485888256612268,-5.877492952072223
8.501542605292107,-5.8904879303805515
8.517823076635437,-5.9040506677860485
8.534469223726937,-5.9179738510650655
8.550194380767115,-5.931384654726786
8.56603167267398,-5.943942741362688
8.581291894637994,-5.956509130892272
8.597555673973133,-5.967204293232792
8.612582878580092,-5.9761080442271295
8.626795570815297,-5.985435789743565
8.64257218800431,-5.995458929433608
8.657754680792662,-6.004696081186201
8.67101854380763,-6.014426065021794
8.68474678851339,-6.025347294746714
8.698422210667001,-6.035345030744606
8.71128450150705,-6.046095870937818
8.723014193445497,-6.057442065662917
8.735189840237233,-6.067806813837592
8.747142959310699,-6.07797945600413
8.757868852412212,-6.088492229404344
8.768188399943392,-6.098125426943731
8.778401949456425,-6.106709837469062
8.787407928473897,-6.114067779972861
8.7964618518751,-6.122610552456431
8.805165651438664,-6.128544411816904
8.810292446738515,-6.131491566035594
8.816245794748077,-6.1342821001405765
8.822096297988898,-6.1348283124785405
8.826811359792702,-6.134130697397979
8.827640665907063,-6.131448981325119
8.82665383264837,-6.129407246931576
8.824994218387413,-6.126695735778272
8.821460246982996,-6.123921209096148
8.81561295523441,-6.120774506397932
8.809249183088063,-6.11917514726026
8.802039352590539,-6.1181857639064
8.794375484637767,-6.11704228435858
8.785493037162794,-6.116702451436141
8.777406978783937,-6.116491527370588
8.76896136946017,-6.116122664532946
8.760577631865932,-6.116394233454774
8.752594232928267,-6.1159467569938455
8.744724551655306,-6.115604994840558
8.737656030155492,-6.11465546176951
8.73130265391715,-6.111983635344917
8.725188032411543,-6.109101899082445
8.718910493744838,-6.104140734807892
8.712522674129364,-6.099499248501975
8.706955597199284,-6.093308599422187
8.702241402409829,-6.086634628476368
8.69551858076926,-6.079462610811304
8.690141787399472,-6.0716902072671735
8.685496513473566,-6.064113486898121
8.678931069696292,-6.0553599778316025
8.673704053655086,-6.045820145096932
8.668796642069758,-6.03709919073348
8.664287614760442,-6.02805023110813
8.659321718589915,-6.017125918354528
8.654394090625052,-6.006091978960153
8.650959194881668,-5.994612090294723
8.647419490306664,-5.980676508257284
8.642340617979817,-5.965037373387169
8.638784680710993,-5.947662067157487
8.634708438191891,-5.929961437737868
8.629272339123132,-5.910894091843561
8.623568450117787,-5.889432741684109
8.618255645705641,-5.8682387419974456
8.61174909635038,-5.846977180622521
8.60602437298176,-5.824739244698443
8.599340036267762,-5.801316737254174
8.591978914870811,-5.777543331555353
8.5849250467426,-5.753444406283572
8.578281798695231,-5.730129323054516
8.571263308346092,-5.706379850175094
8.564016884499392,-5.683650939938406
8.558944354635146,-5.66226118530774
8.554227222957023,-5.641795780783545
8.548781036501593,-5.623203145136374
8.543563964627577,-5.604763467726243
8.54189423447381,-5.587935896600378
8.541307790604682,-5.571945662840846
8.54124357410358,-5.556522308872396
8.541653990750364,-5.539340230660799
8.543155628334112,-5.524490102622056
8.546399277711027,-5.508960872326215
8.548637963029758,-5.490524318419246
8.550764989578207,-5.472305634314253
8.55441917663044,-5.453897000784293
8.556592277024569,-5.434008818084513
8.559107183816304,-5.413748961204907
8.561271807774018,-5.3929734125172315
8.56291771157692,-5.373010208635016
8.56423871569744,-5.352164898442686
8.56454779078034,-5.3300943701525245
8.564506576004202,-5.309796544838029
8.563309659385357,-5.288374901357112
8.560489233607006,-5.265323067166532
8.55773772564383,-5.243539652829022
8.553378355151521,-5.221070040135397
8.546494068181357,-5.198127206627034
8.540123218971154,-5.177036052992321
8.531505535082816,-5.156495969522586
8.520252738685505,-5.136874172927548
8.509066893858042,-5.1157767117885085
8.496855082897968,-5.097945178857035
8.483429700780471,-5.0787180373952125
8.468769346595401,-5.058599629468338
8.453235806464544,-5.041820192692467
8.438437746383837,-5.024431504363231
8.42395858960784,-5.006134000641677
8.408738589382107,-4.987514803879833
8.39492670870465,-4.970405364410532
8.382417667154535,-4.953344355832339
8.370726461926205,-4.934396142959303
8.359943385952299,-4.917824239574559
8.350885373902315,-4.902392369466732
8.341694213864091,-4.886593422859215
8.334283479462034,-4.871572017486338
8.326874286014222,-4.858167875986165
8.321383241341916,-4.846569399565912
8.31755058971806,-4.835654995752817
8.314528236649684,-4.8286966011425365
8.313914171550913,-4.824643470519904
8.313892809848468,-4.821706796912963
8.31545958570844,-4.822714158686128
8.319747006390399,-4.827254211710321
8.32288918669145,-4.830931503720269
8.327666325065172,-4.836123943979249
8.332707582978479,-4.841627766986719
8.339288137741502,-4.848282678792232
8.345101285466205,-4.853393811563185
8.35304248066424,-4.8574173118699635
8.362322610680492,-4.860848927410593
8.370168718122384,-4.861822487199684
8.379168090407427,-4.861328588552577
8.387519455556161,-4.860764891850046
8.396096416029703,-4.859700473018882
8.404229362309655,-4.858642755349543
8.410738487885993,-4.858095199577648
8.416744850034277,-4.8572285786701554
8.422514953293554,-4.857637013416922
8.427680459901806,-4.858180724886679
8.433241323971025,-4.860113165896526
8.438136084794866,-4.864565121800252
8.443469850980586,-4.86939144255233
8.44917848691975,-4.875647208250583
8.455595930048892,-4.885221293790321
8.462983797592338,-4.894427865360124
8.470929169917069,-4.904987430056436
8.48049570537158,-4.916114688799646
8.489197593206146,-4.925962682354352
8.497389385671777,-4.936560475387703
8.506203585880288,-4.945027844374178
8.514007991014076,-4.956473926979593
8.520764782011348,-4.965497749113411
8.525452848439098,-4.975118973596971
8.529267950911272,-4.986172490230633
8.531699998622415,-4.995926878358524
8.533757378657038,-5.007206244801285
8.531017835920194,-5.019288075236973
8.525259880089987,-5.0331281214211785
8.52090345809016,-5.047598131457384
8.512956582054713,-5.062978455493996
8.504406842214012,-5.080091810837184
8.496640934931744,-5.096937334414503
8.489259475646787,-5.116641659025721
8.48147974508846,-5.137567724919327
8.47515081556418,-5.161614903352351
8.470598847382218,-5.186482194260232
8.465437909184983,-5.2122836173370795
8.46229053688248,-5.239534580947642
8.459947265090806,-5.262705230100126
8.457084072703166,-5.285643605754232
8.45679524997637,-5.307897207784312
8.45750345184266,-5.324877485185197
8.45643517343239,-5.339602355501709
8.455782231473883,-5.3525225984622375
8.455172327671518,-5.365069335538075
8.456461748644168,-5.3763312313079545
8.454836334771164,-5.3855535517234525
8.453405990318522,-5.395111724351508
8.450101748259025,-5.404898722854384
8.444980123369692,-5.416668547634434
8.439449712035652,-5.428399236792784
8.43145951018895,-5.441584934524269
8.426209035992715,-5.456448449994754
8.418262093047558,-5.4717303561002115
8.409060196916613,-5.488388271330625
8.403189151555036,-5.5059051820206495
8.396621142138859,-5.524478923348351
8.389390093789633,-5.543045837678817
8.382480363604575,-5.5599115602280715
8.375820593311486,-5.577451512481749
8.369969488825413,-5.59495119176707
8.363752686445418,-5.611325287594349
8.35804033786937,-5.626822423993033
8.352354713013783,-5.6416253736307365
8.346281371162924,-5.656546923763043
8.340321406512285,-5.669612495878212
8.333660708196152,-5.68298114442729
8.328170621037469,-5.697272626827003
8.323391207630053,-5.708392053945663
8.318967622613373,-5.720691907554089
8.31627955929581,-5.7313550498128025
8.313095976208377,-5.74265302857574
8.31242359430682,-5.754616110048522
8.312813642731367,-5.766809162977213
8.314325321673465,-5.779599610386393
8.315203428568429,-5.790349581870752
8.319392227354191,-5.801855368128347
8.326996535323016,-5.81373782400428
8.332290288473665,-5.824027058781414
8.338800230618359,-5.834261133632713
8.345545151539698,-5.844510881369382
8.352220745181018,-5.854627840532601
8.357379382797204,-5.861502875451097
8.362986172924622,-5.866893762090557
8.367131474212126,-5.869754630737021
8.368752407907596,-5.870050951584312
8.370119003884318,-5.867463660431392
8.3681310824729,-5.863970814824437
8.364187873663939,-5.861616613763162
8.35848422933789,-5.8560923644289025
8.34930398306051,-5.850028667587966
8.337698602183929,-5.845895433495672
8.3244961598153,-5.840188081508956
8.310477759227863,-5.836263258316489
8.295182296132099,-5.831402721009964
8.277241041446,-5.828045934974312
8.259081485038305,-5.824818135999679
8.241875119378781,-5.8226066639928735
8.22412464334462,-5.821228917478146
8.20631807803896,-5.818964456333308
8.190196810857136,-5.8170691787028455
8.175173026451782,-5.8162217797496805
8.158687956707661,-5.815424407348738
8.144212845383423,-5.812679390370458
8.130313995746505,-5.809079712135413
8.115654041981216,-5.805737559422839
8.101543444635091,-5.801227816222435
8.088739820570941,-5.795884705371748
8.0766139896672,-5.791862701353019
8.064649819117456,-5.7866753127647
8.053240542946495,-5.780318810949038
8.04196781955069,-5.773303973759031
8.030916210574535,-5.7676840856656595
8.02076857190357,-5.761592877909001
8.010437683357008,-5.754276879396341
8.001246231126053,-5.748900857797538
7.993222816223085,-5.74289570167875
7.985254674499427,-5.735459982372978
7.978404983582856,-5.730585313414407
7.972989744537868,-5.725736936656626
7.966802170159001,-5.721072540468355
7.962901991827996,-5.71612123349747
7.959200432969616,-5.7118663071324205
7.95617764685354,-5.707872715371704
7.953496646013838,-5.701984867598002
7.951733242958796,-5.699015321481491
7.950775667617983,-5.696571484392787
7.949221929483508,-5.69251906628892
7.9472830485418635,-5.689703161057644
7.946838359452517,-5.688308662831904
7.946564036429082,-5.686573190628585
7.945101231198452,-5.6849620726276004
7.944301170983366,-5.6854455977613805
7.943283374284458,-5.686394077659688
7.940690147412888,-5.687162716305518
7.938247986324016,-5.689033011578016
7.935425957525225,-5.692513710430849
7.933710033036846,-5.696429547790864
7.932004445967231,-5.700229951959896
7.930157524836695,-5.7060568137134196
7.929842420162161,-5.712573484792175
7.929059663979405,-5.718988840256006
7.9290856506549625,-5.7276628417119495
7.931042987377887,-5.7374029034621365
7.9328143193274805,-5.746707963581048
7.935356636902396,-5.755780263601263
7.938937676186752,-5.766330991437068
7.942367826090203,-5.775822965432395
7.9463397054443075,-5.7846323462861715
7.9509246833298794,-5.794068902627513
7.955946478068412,-5.805313759163413
7.961425259942356,-5.815526664060629
7.966211854243157,-5.824970288978564
7.972193434734555,-5.83659970342731
7.979760096620977,-5.847681897769505
7.986781862412832,-5.85814632924776
7.993873679703259,-5.868491798712034
8.001623286561413,-5.8788249744542815
8.01005595026957,-5.889057208940593
8.018360428373143,-5.898342268174062
8.026653832427888,-5.907150610998739
8.036025650192085,-5.91690314915826
8.045839911259948,-5.9247525421169
8.054973453316762,-5.931739621594842
8.0642757792072,-5.939396326294023
8.07330815903854,-5.945962924868177
8.082082084466855,-5.952493216338997
8.090770323668332,-5.959588124630451
8.100280886892316,-5.965786596169968
8.108599789238731,-5.971352758931909
8.117491221096733,-5.977527499651551
8.126485624925207,-5.98311743606496
8.134650751576238,-5.987735040463617
8.142434838648297,-5.991051281025214
8.150820582592795,-5.9948248485277045
8.159118878236717,-5.997603503857081
8.166874434739436,-5.998917841578999
8.173997708142878,-6.000583850672933
8.18216074696207,-6.0019992860048355
8.190091502468963,-6.002501660971636
8.19590302004664,-6.002017349457441
8.202032648443604,-6.00096735741325
8.207750141167091,-5.999195124534134
8.212313206606884,-5.997713588624326
8.216940155701328,-5.995450168956984
8.22109522238397,-5.992917478357719
8.224379336239544,-5.98992652609426
8.226791183886728,-5.9861868493269235
8.228172635901403,-5.981330127199382
8.229643752715743,-5.975335531460313
8.229783872677869,-5.968650213346502
8.229499915811832,-5.961195867647826
8.229774965949128,-5.952072738625382
8.227835963369401,-5.941300665417278
8.225551825897623,-5.929879881157602
8.224444467795466,-5.91803633069019
8.222558509813556,-5.905348843325147
8.219969751272309,-5.892674697762169
8.217657937551579,-5.879685006819409
8.216178296579681,-5.867502362536858
8.214485290773984,-5.855261970777562
8.211721679371024,-5.842761189700481
8.210306538357413,-5.831204983936464
8.20930920469094,-5.820002640943004
8.20707860416486,-5.809100478426048
8.20422520805185,-5.798386323097448
8.2030665886664,-5.789415474467531
8.201212818020036,-5.780573153097779
8.197414080841165,-5.772002436086691
8.193364014672664,-5.763694631197686
8.189122451690379,-5.756314446987267
8.183320017129377,-5.74885387931235
8.176190149924656,-5.741185589810239
8.169683657245807,-5.7345035997219655
8.163067752887187,-5.727795542578839
8.155244615626595,-5.720481037796398
8.147865850538855,-5.713583588972331
8.14008300850446,-5.7057706011671865
8.130150110379333,-5.696842186535395
8.121066218914224,-5.68817908440426
8.111616676709826,-5.678368271043842
8.10115786042407,-5.669989524874549
8.090582845769408,-5.6607242654930445
8.079842732822163,-5.652193403977441
8.06865723080079,-5.6455267706559775
8.056208080043673,-5.638416884416985
8.043870529493246,-5.631687269776269
8.031013282463265,-5.626698976559961
8.018115493086164,-5.622960364064689
8.003719152198848,-5.618282765673784
7.990121872757759,-5.615165489647834
7.977330634862281,-5.613680091218025
7.963993405929144,-5.612049362586369
7.951576610035974,-5.610098709354806
7.940042694955708,-5.609245600017175
7.928760972459803,-5.609372218087245
7.919131642254054,-5.609073855915527
7.909067573340431,-5.608048124792444
7.900023494701248,-5.60917802261157
7.891894010736746,-5.609610735080718
7.883579525334933,-5.609617615464762
7.875771970113115,-5.610385612819675
7.8672994270430125,-5.611098677412624
7.859130528100159,-5.611928544391827
7.851221081641328,-5.613469058565419
7.842016415454519,-5.61560723568299
7.8324975195050905,-5.6178429969682435
7.823672782805586,-5.620206957096434
7.814793281462387,-5.624022817863338
7.804538492425704,-5.62720968453665
7.793736161184433,-5.628582291503153
7.783093079758715,-5.63005999288473
7.771641178745442,-5.632561559559809
7.759160861381337,-5.633806304252778
7.74596289697574,-5.6342702781291045
7.734485590125575,-5.635721106559832
7.722241897187144,-5.636216185254809
7.70935456519641,-5.63599715696439
7.697740007002962,-5.6352297008709415
7.686113035823672,-5.6354457282303105
7.674777168987988,-5.635368481543541
7.6640813016162905,-5.634347467449391
7.653956232851882,-5.634900760186921
7.644394997457219,-5.635809382425506
7.635207567431781,-5.636878300301146
7.6261161406918765,-5.639275150742176
7.617417258971782,-5.642462385422079
7.60921115538427,-5.646349137560998
7.602375027010089,-5.652025275152801
7.595593945909016,-5.658346735343882
7.589083475706103,-5.665346613652138
7.583400326937953,-5.671254301049068
7.579123417182332,-5.678848185136018
7.575913430143083,-5.686685050805708
7.573005832498409,-5.693147231458791
7.571687403889089,-5.69988273438619
7.570978999147077,-5.707756474467908
7.572686903933842,-5.714392645255056
7.573269718852674,-5.719060020800427
7.574565172332495,-5.724730392855385
7.577520755828457,-5.731287904045367
7.5803107573234945,-5.735974201596471
7.582917973685241,-5.740198592534737
7.586324432987024,-5.744618957331967
7.589727837921893,-5.748705260810986
7.592928576953911,-5.751658392296112
7.595497012554879,-5.7546346781929225
7.598778244016222,-5.7585366947288605
7.602435319900502,-5.760947145846949
7.604487144700308,-5.763034587642112
7.606776756406955,-5.765573305331429
7.609639678041091,-5.7664510529864055
7.611901006021794,-5.765956848994381
7.614360328652924,-5.7665409477669645
7.617383416566976,-5.766441115041224
7.619357163288792,-5.764984049746141
7.622359696368553,-5.7646697315548066
7.6252837431495015,-5.764603196982151
7.627364938031222,-5.763648093612707
7.629895253804762,-5.762145120544444
7.632124374232207,-5.762098328372638
7.634807318370344,-5.762514713037103
7.6376868738426245,-5.76165548325106
7.6397501591318555,-5.761386015315907
7.6430513870329735,-5.762378406755041
7.646587248883826,-5.763349665767163
7.64856721592984,-5.765150038918759
7.651287934253501,-5.767751304964648
7.654500290852711,-5.77186397144581
7.6585826058980375,-5.777228494796597
7.66166096422646,-5.782585025605874
7.665008201821018,-5.790025706023581
7.670062976424403,-5.798288742913898
7.674244885589146,-5.806272468957134
7.677844477583051,-5.814807006769561
7.682845612607807,-5.823832640986581
7.6871165996324455,-5.8320525506052965
7.691315115622305,-5.841176815356094
7.695629400092804,-5.850048873423008
7.7009703292197775,-5.858240876917546
7.706283291331333,-5.866498634921471
7.711676333598286,-5.8745051051938315
7.717276371310337,-5.881203505928189
7.722343649478403,-5.887192201461282
7.727523540100401,-5.8930516586041115
7.733124545956269,-5.899114943021535
7.738438602141371,-5.904670630650165
7.742797481126596,-5.909910153816215
7.748233455699811,-5.916534010796585
7.754435486192555,-5.923760368497839
7.760111800140584,-5.929744354012938
7.764555428503812,-5.9364573051142315
7.770866591383346,-5.944160085070205
7.777851385647822,-5.952313742488741
7.783422320608932,-5.960210724323064
7.7896458675082485,-5.968150673944042
7.7962380923479,-5.976510076674088
7.803002080049646,-5.985527751303369
7.809897400992697,-5.994533057794494
7.818041869523628,-6.004344831627949
7.826941132317248,-6.015040244030133
7.8351271449905475,-6.02682425960856
7.843673969122686,-6.039645036602685
7.8531344193515915,-6.051903664809542
7.862216535044797,-6.06472704543569
7.87230286741895,-6.0785955160024345
7.882817583457972,-6.090965890603765
7.892597429396283,-6.103511841855377
7.902613894865692,-6.116335512315753
7.913196575974552,-6.128858163809406
7.92428920811696,-6.141216324905442
7.934715654296802,-6.152983739918172
7.9448645086823095,-6.164153477012765
7.956318851953835,-6.175511769415878
7.96777700523842,-6.187057344384997
7.9774367903380705,-6.1970891929947145
7.988838150488281,-6.206740166490282
8.001150308726924,-6.216869827763473
8.012621394826274,-6.226064680487268
8.023416686552238,-6.2336527065672085
8.035934967084868,-6.240905020029339
8.048350680889822,-6.24809537378916
8.059577868744215,-6.253725378621064
8.071135642870248,-6.2586133019885235
8.083244439259145,-6.263769079954317
8.094924726558208,-6.268245045209276
8.106918777912329,-6.272497552896983
8.119244806183262,-6.276685262057395
8.131499447654003,-6.2811608319421355
8.141869456210285,-6.285001089722108
8.152457076488044,-6.288770992176732
8.163236604119833,-6.293270308900414
8.172656510442755,-6.2990759813395485
8.182583553049666,-6.3048476541418035
8.192282361552557,-6.311283892983368
8.20076632361828,-6.318869489818541
8.20884111470352,-6.325013862729671
8.216177478397398,-6.331911819690295
8.223961244069192,-6.33876744917407
8.23079496269355,-6.3439723637087235
8.236597908272401,-6.348677174667902
8.244082763854454,-6.354116646392601
8.250606304319383,-6.3592191496829376
8.255458060070698,-6.363240489821862
8.261203158378976,-6.366864806544389
8.26677131257713,-6.371133869202809
8.272096695701556,-6.374754866441939
8.276724533748556,-6.375813773881497
8.2806391751296,-6.37767608378621
8.284135575340446,-6.379656174954804
8.287218577246012,-6.379776381350585
8.289398905003218,-6.380416407863343
8.291668123295873,-6.381353777699121
8.29303087329827,-6.382646026061547
8.29356041111324,-6.383874990692471
8.293889745738362,-6.3850396829939395
8.293040093022295,-6.387069079467468
8.291366553164531,-6.3881230001850575
8.28965018947862,-6.389333893695028
8.286190359279042,-6.391933312512054
8.28147128976012,-6.393893309086221
8.276590065405417,-6.395622292575841
8.270524114076862,-6.398929628656754
8.264434313832092,-6.402300059006343
8.255850651111668,-6.403341567070521
8.24707661560439,-6.405259511624238
8.238202418504176,-6.4071830541988
8.22723563144386,-6.406893301225549
8.21646304782109,-6.40538723005496
8.20582832890063,-6.404038702892563
8.19518252259812,-6.402987134003459
8.184505045435928,-6.399583483912357
8.173108887776062,-6.395924414727627
8.162592734598341,-6.393031144314131
8.152044993128674,-6.388466503736609
8.14108732857762,-6.383008246790669
8.129862564446126,-6.378153336519165
8.118908457774946,-6.371893058822367
8.107543152490257,-6.364586133909071
8.096611992900744,-6.358050306934002
8.085677820962589,-6.351165877092891
8.073388248229083,-6.343271817777862
8.062223430845254,-6.334895134983462
8.050816793730757,-6.32705343831328
8.039181075055806,-6.318615456323787
8.027929722576308,-6.308619819457049
8.01669880095323,-6.3004972293913255
8.006114308962019,-6.29267493478661
7.994587843075374,-6.283684116698966
7.982175887257879,-6.276123809787788
7.970606605847932,-6.269824847845066
7.959078409575119,-6.263267504199385
7.945908776147831,-6.257109645692337
7.933493763019195,-6.251527199348478
7.921657038704612,-6.247167361036934
7.909448611868497,-6.242929576536159
7.896887258307937,-6.239605206257695
7.884210812150288,-6.2387501954609075
7.871762170827046,-6.23825063127391
7.859306342522392,-6.238017686152625
7.845231382897347,-6.239246252026067
7.832514914945821,-6.2412135502683554
7.8197208039493695,-6.242710137718736
7.806274021764837,-6.244745954203157
7.793372550593528,-6.247714170669028
7.780727726542575,-6.250560568195346
7.766950228618907,-6.253871827639319
7.754204789124167,-6.258736925167822
7.7411269111182905,-6.262651320618842
7.727904109660534,-6.264825067331057
7.715258326733691,-6.267308788769109
7.702900441452011,-6.269967127346386
7.691918140087526,-6.27129538863067
7.679815401903575,-6.271484809065381
7.668850231043855,-6.2729655270310865
7.6594434865981516,-6.273696567101459
7.649023941788439,-6.273381249555558
7.637742602350771,-6.273935366392258
7.6267379467477525,-6.275102780853158
7.6154040471886795,-6.275930651982936
7.601972824746226,-6.2767447541017445
7.587370648489187,-6.277919558828179
7.57374793917436,-6.280268584393639
7.558659098868399,-6.281909972593034
7.541841895292808,-6.283182734704192
7.525456072504296,-6.285406747087167
7.509361445381236,-6.28673791727933
7.491436491263814,-6.288525834238462
7.4739681365250705,-6.291105671660705
7.456547631544996,-6.292870929349689
7.437750412226655,-6.294312322076734
7.42027773320281,-6.296241148552314
7.401918430726116,-6.296790114317312
7.3838832844644005,-6.296957421733542
7.3655687884624825,-6.296405907999891
7.347304756812248,-6.295360622586541
7.329494499046699,-6.293455563004589
7.311284581791774,-6.290365017405875
7.293226421765676,-6.287366837252528
7.2767257439504025,-6.284513889339883
7.260547014200633,-6.281742654618196
7.242622060495601,-6.278671112137269
7.226361144468202,-6.275799494334217
7.210956924285994,-6.27407749357107
7.194823875463386,-6.273186644542448
7.178762824922216,-6.272476365309534
7.163711668332759,-6.272637324198819
7.149275150904241,-6.274636265726852
7.13434855184052,-6.276258703006463
7.119750700559287,-6.278231363382442
7.1071212602315175,-6.2816441066889475
7.093930828569604,-6.28421367615346
7.080610873536514,-6.287482190540237
7.0686087379380815,-6.291256427740132
7.056358468392138,-6.294491649848404
7.044101617288768,-6.299224318546931
7.033468683932418,-6.3029519530076215
7.024054781173885,-6.307016314253543
7.016258792566865,-6.313945970584231
7.010306922947571,-6.321162671111859
7.007046152863961,-6.330601838167195
7.005188548987906,-6.341121476784607
7.004758719682616,-6.350725331862007
7.005924648735105,-6.361893221595736
7.0096675252782354,-6.372941910068867
7.013040367096414,-6.38310616909916
7.016274972042827,-6.393104006598868
7.02350130734243,-6.403903399194173
7.030037220307769,-6.414574597168834
7.036692840092371,-6.424726242713584
7.045711171033796,-6.433577255427838
7.056246447311216,-6.443893410747559
7.066509842366026,-6.453482490402718
7.077867107472112,-6.461667468471018
7.090561236311469,-6.4710722834129175
7.104465195188446,-6.480611515509526
7.1188042683381845,-6.4890994507223665
7.13460063287279,-6.497501781749309
7.151513645372719,-6.5057172828683765
7.168949369756754,-6.513647991231397
7.187910885048128,-6.521931784115382
7.207183486969204,-6.529749376955794
7.2271205590763,-6.538515226982616
7.246651705138559,-6.5472328875707335
7.267857101194411,-6.55657636586776
7.288649590148345,-6.56747481534284
7.309132731087657,-6.578617568675483
7.329441510936594,-6.590601339858851
7.3502356888452285,-6.60498314557779
7.371316210521167,-6.620094189052515
7.390586459624164,-6.635629387095818
7.410933042466022,-6.652405382659378
7.431504129529512,-6.669964600260319
7.450844660327119,-6.68637667170752
7.470178944731497,-6.700602861583672
7.490489642224753,-6.714884099221016
7.510583745207945,-6.728500429818753
7.530732208711313,-6.738107637810335
7.551678556141494,-6.7470379033126
7.5729964244987045,-6.7561927923056215
7.594854798030785,-6.762368892118004
7.616922835590053,-6.767488488437202
7.638729365105052,-6.7724589954029595
7.661550974483863,-6.775889577919058
7.684944099758335,-6.778662742489803
7.707857267885765,-6.780756870374492
7.731005129678014,-6.783465698705137
7.753282084371445,-6.7851968024111455
7.774583380161011,-6.784609024817365
7.795864777835275,-6.7849422148139045
7.8148960608514,-6.783620764981306
7.832861365191748,-6.780891776972466
7.849171272061374,-6.779531504789548
7.864621846528986,-6.778336075014402
7.877856310507423,-6.7769600461159465
7.889415424968397,-6.7762460981965695
7.902182603090035,-6.777959241037584
7.9127154298394755,-6.77984150003657
7.922936159776687,-6.781359541557982
7.932205526946464,-6.784318215675524
7.940348967690516,-6.790616750346059
7.947870211647963,-6.796305786632604
7.953799148363086,-6.802800656767061
7.957841176198171,-6.813322471162768
7.962596963491069,-6.824535309440069
7.964842026506676,-6.836100860258937
7.964981269609504,-6.850624513231893
7.96566062435936,-6.8662423535033845
7.964618105901874,-6.882125107501998
7.962574513554126,-6.89864679616934
7.959590107015176,-6.916007218624382
7.955683808597118,-6.933443865466604
7.9510339498240175,-6.9506000468068425
7.946770253084201,-6.967980367570651
7.941147227098038,-6.9850970831047166
7.935457893469467,-7.000997385681426
7.9302510268705815,-7.016523015388749
7.925198239171861,-7.032666369717605
7.919811744720453,-7.046763694468565
7.913731063065474,-7.059696108930409
7.9083873187840155,-7.072136955032944
7.903398499266958,-7.083505876397129
7.897569880048234,-7.093620063991079
7.890787208785061,-7.103656293700131
7.8845408633694145,-7.114405696610546
7.877159604791257,-7.1248700599426344
7.868816924698669,-7.134865695160477
7.8598818319796395,-7.145631779292336
7.850567423287732,-7.157265661994225
7.840775237284285,-7.167986728706959
7.828774719757554,-7.1786215535924995
7.816860657772679,-7.190141629089004
7.80567679204895,-7.200569090254023
7.792434335071564,-7.210596760977891
7.778961607451276,-7.221133222598292
7.766428401718468,-7.230034626425403
7.75356549621343,-7.238437009234785
7.739961903795714,-7.246506366081025
7.7267048519396,-7.254152742519274
7.712884423578679,-7.261318865588465
7.69909523260925,-7.267788664376043
7.6854899577600895,-7.274938222196069
7.671853616519072,-7.281826849163419
7.657872277077762,-7.286376557919221
7.643815423655832,-7.29018338687914
7.630762999037658,-7.294311110544184
7.6170333756994975,-7.295095141136094
7.6026810542129395,-7.294749104764913
7.588617296983508,-7.294699049495258
7.576521454649218,-7.2933221285474055
7.563468460226474,-7.289591369012182
7.549985564801227,-7.285432173955948
7.538361137882411,-7.280326659491868
7.528447340086788,-7.2732972341146045
7.517808674839336,-7.265617767070203
7.507238165058873,-7.256591824348334
7.498322979562849,-7.2463515251109225
7.489238063432849,-7.23562871486241
7.480232916945905,-7.224729304743863
7.471729200793155,-7.214003780554841
7.464828734938004,-7.203087268355552
7.457855130829439,-7.1928778780434985
7.451591260430852,-7.182729305877489
7.445339556273555,-7.172433974450799
7.4383318200164545,-7.162495347817734
7.432065712322435,-7.1524726677430746
7.424883010218265,-7.142024801622929
7.4178320438393435,-7.130564408827879
7.41037124718286,-7.118392824656758
7.402283117390454,-7.105418253890371
7.395384059883611,-7.091807713944889
7.387371537550844,-7.076815806396316
7.378725546512442,-7.06021256707269
7.371968726053911,-7.043209814422833
7.365259039784048,-7.0258996192363155
7.3580680686194615,-7.0077744413555445
7.351170521398939,-6.989012563387539
7.344916117470161,-6.970889544883302
7.338104431202574,-6.95208398458674
7.33079034222448,-6.93157091755131
7.3242584708278455,-6.912281835483288
7.318248006539057,-6.893830959171666
7.3116709735335865,-6.8759197143962165
7.305298701395547,-6.858442360818276
7.2997025421092046,-6.840994882285628
7.293112765672776,-6.824836177509447
7.285960905088208,-6.808845291359466
7.2798839294297135,-6.7929122810798015
7.272397682654112,-6.778460732529606
7.26506414600393,-6.764248148508139
7.25839223956296,-6.750806292637023
7.250784360947789,-6.738104701347717
7.243454655934163,-6.725592709878568
7.236367820519057,-6.713945758933049
7.229891717585946,-6.7047705008968554
7.224275685750289,-6.696474160832641
7.21826600701946,-6.689307944004622
7.214311947607596,-6.683814502087265
7.211475349965245,-6.679460746461712
7.208029956309665,-6.67560150871211
7.2064305008217495,-6.670649196898539
7.205768048837632,-6.666637576393089
7.205470517258527,-6.663206663133594
7.204887946366265,-6.659490170633056
7.204940256948027,-6.654467090149344
7.2063694306950685,-6.650866853450582
7.208212445075229,-6.647697635546601
7.209580673630894,-6.643659278567308
7.211364877867416,-6.639780124063051
7.214254103524068,-6.637041833416603
7.2160130582673645,-6.634405460786677
7.2178121399652415,-6.631526754650015
7.220026047336892,-6.629669771528241
7.221654040807528,-6.628860198533366
7.224433744636427,-6.627897435118069
7.227475305926793,-6.628045081534022
7.230736340669423,-6.630044141004413
7.234343833469459,-6.631701910229226
7.238962957496344,-6.634804634749161
7.24460873935553,-6.640144301279499
7.249729496037153,-6.64556836569293
7.2549829658865255,-6.651370839818745
7.262172304354481,-6.659804808880845
7.269659661124283,-6.670025483645858
7.2763212993452235,-6.680018911560549
7.283821637798063,-6.691025764245667
7.292185924484258,-6.703903676744103
7.300856854298077,-6.717310966246325
7.309970176293377,-6.730709671275294
7.319337914248617,-6.746934889627373
7.330452742590766,-6.764336403657842
7.3412327083177376,-6.780892412448494
7.351718435408897,-6.7976462567197045
7.363256546179002,-6.816728526928555
7.374143046282707,-6.835532706407038
7.385150542381346,-6.854476777389031
7.397066330554272,-6.874545186651208
7.408410303398363,-6.8946274377975785
7.420874239409423,-6.914032620661692
7.433321551821154,-6.932837658421735
7.445660669475489,-6.9511691684152215
7.45917839953467,-6.9684224084601265
7.472766384332263,-6.984914442018522
7.486670052812512,-7.001528171709894
7.501121101312832,-7.016927553322245
7.51468948746281,-7.030606901435505
7.528871159707522,-7.044953957888089
7.542565901636265,-7.059240669706295
7.556325212450196,-7.072599503748479
7.5689950372201995,-7.086867749205096
7.581694682846354,-7.103366866256437
7.594298427461176,-7.120701367431589
7.605691886357752,-7.137925938310168
7.617384336108807,-7.155459000732257
7.629176478088853,-7.1756144509227795
7.641508596910667,-7.194750516422709
7.652787867051863,-7.212810069209994
7.663677141731646,-7.231928542773778
7.675790730459314,-7.250788735090071
7.6865983807303095,-7.268067200650653
7.697539426597206,-7.285069812615092
7.708962241865283,-7.302289093288634
7.719923688896568,-7.318342196490062
7.731056579173388,-7.333747101141109
7.742375120793871,-7.349631778034675
7.752872511694211,-7.365020485309904
7.763898319731223,-7.3795202900412225
7.774772366888591,-7.394482503916536
7.785450157023399,-7.40922908157536
7.7959344212360175,-7.421835608195898
7.806473073386641,-7.433273382931491
7.8181630550843,-7.445655610263889
7.829509832211374,-7.456092443969102
7.839463910317749,-7.464041264762477
7.85031641147869,-7.472559049303038
7.861689471007697,-7.480443790420397
7.872640146127209,-7.486418588597821
7.883154780257286,-7.491232517143433
7.8937901042682475,-7.496206915276945
7.905128749619331,-7.500678890073872
7.915036182398057,-7.503712823046021
7.924016808500608,-7.506103578422868
7.933466058928225,-7.50878247910663
7.943024774421366,-7.50960098325022
7.951566000797493,-7.510279517412648
7.959346907481695,-7.509783401922097
7.967960283820589,-7.507812933402091
7.975797190958274,-7.50571201966289
7.983379175102536,-7.503407876149156
7.990881973366044,-7.500509101178178
7.997622280624245,-7.4970866008122785
8.003773170592327,-7.493813986124929
8.009237124312355,-7.490226349740942
8.014476552937154,-7.486126883556914
8.0181177842352,-7.481160513442343
8.021350893379832,-7.475573338833923
8.024686717643592,-7.468781375225186
8.026847628402127,-7.460797685726531
8.026278403967149,-7.4521938373287995
8.026649756158038,-7.442809375384014
8.02564077057042,-7.431975479268467
8.022329172181614,-7.4201204985526115
8.017724965102278,-7.4076938791109725
8.013316869494435,-7.395094072379195
8.0066216453676,-7.382304799145614
7.998412811791648,-7.369242407801632
7.989457661414965,-7.357836458411609
7.980509243033686,-7.347254755683565
7.969856476192624,-7.336111127547537
7.95881585894039,-7.325288659894607
7.948441020932569,-7.3133923470019315
7.938235312000135,-7.301275778028868
7.927579021914286,-7.289376115339591
7.917954154139638,-7.275929018004451
7.907755826054567,-7.261862771600638
7.89855285990838,-7.247777213103932
7.890351949188263,-7.232829073170822
7.882062885262834,-7.218089034734413
7.874221193389661,-7.202199785733076
7.867411064735788,-7.1867020777821935
7.8604829349162975,-7.172605018128493
7.853942574317919,-7.158018989192369
7.846338374981745,-7.143191975667036
7.840105828652428,-7.13043862997752
7.834840140062346,-7.117445436602425
7.827859823691062,-7.104307732261092
7.821725277581884,-7.091874634402607
7.81654384643471,-7.079519436975373
7.811923420359875,-7.0686057949955075
7.806669592128702,-7.056498814913156
7.801735261958789,-7.0434747292766104
7.798359476749703,-7.031502056808565
7.7948731510719105,-7.0192068377384755
7.790311829471161,-7.005511823978353
7.787354641955227,-6.991966217718555
7.785153048944931,-6.979200258202618
7.781778623116824,-6.966213828290705
7.779026794761077,-6.952090820019262
7.777053451965164,-6.938819910128128
7.775069251801531,-6.926709263330051
7.773655940780738,-6.9145426649032125
7.772445873495981,-6.903491096255928
7.772140132679774,-6.895173400182006
7.77171261371396,-6.887368829921176
7.773117997871304,-6.8811554837158
7.7757751831279895,-6.877475831258348
7.778743082771022,-6.8739743703072795
7.782293297031634,-6.8709871833158
7.788983991807255,-6.868996320946206
7.796408841525855,-6.866143713704642
7.8037673600205535,-6.863224391471279
7.81492927598846,-6.859149541452789
7.829169572110828,-6.85557538753312
7.843013365916788,-6.851960055016808
7.859853890361015,-6.846414377274247
7.878226518364199,-6.843163269300329
7.898757668451631,-6.839745406194823
7.920712053615424,-6.8349937577239395
7.943219709578057,-6.830753664118204
7.967795380206245,-6.827727379656542
7.99339499341354,-6.825946607976
8.01783421651327,-6.823263014140573
8.044087240950166,-6.820337003059938
8.070634433996771,-6.817746327498662
8.097703910588711,-6.8155974367901715
8.125329120960378,-6.811863044513522
8.152632863888316,-6.808009220844481
8.179792690881234,-6.803707706487781
8.207326019951786,-6.798599438312807
8.233950855996376,-6.793480112013763
8.261090894943337,-6.789162053692466
8.287539934531878,-6.784678061608639
8.314948956327193,-6.7818573260553725
8.342575641163933,-6.780029986272027
8.369010247141444,-6.777587693132971
8.397323512160973,-6.775653865463045
8.42628446522038,-6.77395242365457
8.455624165211894,-6.772622275612659
8.483967633431483,-6.768522479393342
8.51307275099399,-6.764426941280242
8.542590812700723,-6.762540788618931
8.572333126014758,-6.758853020388645
8.602587680399559,-6.753326767047655
8.633215384511908,-6.750464739296531
8.664250947708407,-6.746177485799853
8.694901225495151,-6.740323332130364
8.725410628182903,-6.735042421279645
8.75629603834997,-6.730446976435582
8.785725175080799,-6.724680565339396
8.815173559896342,-6.718465192129857
8.843956420353795,-6.712657572655744
8.872099176316945,-6.706225002579248
8.900062472348166,-6.696999394218524
8.927606909786181,-6.688017196891629
8.953995000140234,-6.678674585801822
8.979777671790256,-6.6680186906989976
9.00441714730158,-6.657571346319424
9.028737753097186,-6.647499582251328
9.051531645294313,-6.636287030475529
9.071837436258207,-6.624541758404614
9.092307515590667,-6.613355838939791
9.110117340084145,-6.6018191057579
9.124685585364677,-6.5880752144100265
9.138005899792972,-6.574025076884687
9.148262578249716,-6.560089430400439
9.156591155741904,-6.543518628587734
9.161413843993584,-6.523990708083941
9.162549585079944,-6.50516124203586
9.163761482523547,-6.486839099081462
9.161468042327668,-6.467514862720654
9.154403284294354,-6.448096585259149
9.148241157800058,-6.430121877844091
9.140259231570344,-6.411718719930979
9.130933677548079,-6.39340003404579
9.12119549653416,-6.375003916074205
9.111131632563616,-6.357020672374236
9.10071817646171,-6.339184377130752
9.09185688222632,-6.320958525806382
9.083693170916371,-6.303268693248701
9.07602371332218,-6.286054990323699
9.069755359972001,-6.2668700164410875
9.064182236097594,-6.2482303028168085
9.058432008624102,-6.229507732156898
9.053459054916374,-6.209112583282939
9.049062122505065,-6.19054733388565
9.044113767271144,-6.172948238160355
9.039646279119848,-6.15585131494125
9.032894318955716,-6.139423730914028
9.028226795973954,-6.124412223259798
9.024389563201412,-6.110983109784851
9.019780885421433,-6.096423312588642
9.014746605737738,-6.082376376143252
9.010051060934831,-6.070269419306762
9.006142852935174,-6.056430351723609
9.002410451876912,-6.044131558970726
8.999059538521745,-6.032400598961936
8.99596384987019,-6.019978368066725
8.993297603166,-6.008441442747352
8.99059187685041,-5.99683864710949
8.988067329324425,-5.985069963106604
8.985528903988799,-5.973638426056213
8.983762105108614,-5.961863961501244
8.981618526006555,-5.950888756884429
8.979172593001149,-5.940222937224445
8.977012540415698,-5.929045458480075
8.974384932956022,-5.918431669737353
8.97171513023736,-5.9087557549262675
8.970204880869273,-5.898594660654455
8.96819199824422,-5.889216194791784
8.967414849106278,-5.881155745374436
8.968395246183238,-5.873384375967793
8.969447039336382,-5.866012244933925
8.971868549097055,-5.860338737321342
8.976286981093285,-5.853652278593481
8.982915115478082,-5.847086466218833
8.990102944999446,-5.841127924569444
9.000014784451157,-5.8352298086440255
9.013575740332318,-5.828488315941357
9.027037526522465,-5.821134486250276
9.041963298043946,-5.812317274189832
9.060674962559132,-5.801852408500982
9.079387175119344,-5.790933376004714
9.098391109944929,-5.779180131946411
9.118232787448614,-5.766849162743957
9.138082269899753,-5.752884422916387
9.15708127455897,-5.737807363580254
9.176397985819312,-5.721664335503795
9.193607947046383,-5.703855352413041
9.208116367803463,-5.682910997409699
9.2225519619125,-5.660715129080068
9.233627931688506,-5.6357808774832465
9.243242512030065,-5.608020961622492
9.251421280320082,-5.578741615026364
9.254828479777206,-5.546464617367396
9.25494064556207,-5.512807067054764
9.254336107696554,-5.477592065128241
9.24774136548285,-5.443536857235749
9.240740626960365,-5.405133859312702
9.226505012752092,-5.369258971003413
9.209577166377624,-5.335464950384943
9.19084980792032,-5.295934761885364
9.170199245877436,-5.260941338790929
9.148910616540855,-5.225978539797563
9.127220384283763,-5.188169072562372
9.104610233715634,-5.151701136219394
9.084275006417615,-5.116176216734975
9.0658433566211,-5.079983688647554
9.047956233264397,-5.0420782669838
9.031454766833754,-5.00321755097706
9.016713985805785,-4.963475892297749
9.004136039858343,-4.922042359456535
8.991120083205013,-4.879201925698422
8.97920918533848,-4.836345362398989
8.969415764398613,-4.791847238786376
8.958438793594006,-4.746285606603906
8.950004216600647,-4.702026448966342
8.944247757257871,-4.657067972229591
8.93725699965068,-4.612599855727014
8.932324190233908,-4.567194778746119
8.92773470035252,-4.521901068896423
8.923558877409757,-4.475826804646903
8.921177619030182,-4.4297916711971155
8.91975588813528,-4.384037861101163
8.918910837350856,-4.34099464734423
8.918536486379454,-4.298215068767495
8.918549915226302,-4.25562507201335
8.919545270551643,-4.216165284800017
8.920036665270084,-4.1769808832483015
8.920233383045185,-4.137097894497649
8.920831132301785,-4.099602960973051
8.921148896927034,-4.063911559562427
8.920809616979371,-4.027808528558098
8.920042925565946,-3.9944357473642405
8.918805958058384,-3.9627237051710567
8.916859789542979,-3.933748461757791
8.914172963258528,-3.9073767793523775
8.910755070930533,-3.8828934653436766
8.906722855122966,-3.8619966856231964
8.904377136648407,-3.844912997521658
8.9002822075019,-3.829856129432533
8.897089445534364,-3.819011541130883
8.89518627431059,-3.8108422525118435
8.893745794776997,-3.8039169408046916
8.895363454725043,-3.8005134126690288
8.900127467052286,-3.7980048948268226
8.904624989797648,-3.7953256968427667
8.913501181057619,-3.790696355027278
8.923855997100366,-3.7900343640929925
8.939183297966355,-3.7853700065754183
8.955599747930165,-3.7764639394713333
8.973120298488478,-3.7731153018621
8.992859674799362,-3.7663036556926186
9.012237627711167,-3.759048064886953
9.030537742010464,-3.7540933829424605
9.04895343445308,-3.7481509731844898
9.065481086438668,-3.7419519038435993
9.0793134881408,-3.7356974328734283
9.092074369811614,-3.731367528960452
9.104110256280963,-3.7286734947234685
9.113595561382448,-3.7260701953961264
9.120807231153897,-3.7246987272998573
9.127954436062355,-3.7247043271447535
9.133321042162999,-3.7243957521642623
9.137424393531102,-3.7252272772734645
9.141587599489423,-3.7273973850089366
9.142893884850647,-3.728566841069503
9.14221639802838,-3.7295306613501915
9.140468142446581,-3.730705713091695
9.13763299471843,-3.734432306824302
9.134100916432692,-3.737414258659874
9.12745845103318,-3.7418323572541055
9.119712683185314,-3.7481516644429695
9.111295199786953,-3.7549821095729614
9.100063746213168,-3.7614570237428486
9.08760568880286,-3.768091623410731
9.074768354202948,-3.776792044740829
9.059766201251431,-3.785028707992435
9.043613646982594,-3.792719310812663
9.025708364619678,-3.8017193081710654
9.007000293270167,-3.8107422724480493
8.987274462225145,-3.818685602089912
8.965989118817793,-3.82787116129487
8.944181018306754,-3.8365495179734905
8.921755053236279,-3.8444134270293207
8.899269537358096,-3.851441440988055
8.877487633875921,-3.858519684034125
8.855636696839543,-3.8647933574652074
8.835365464259402,-3.870563139044396
8.814630968131606,-3.8769206915502594
8.794842741420341,-3.882631324340901
8.77666064709033,-3.888651111346462
8.757301806861111,-3.8944280783160745
8.739192050401108,-3.9010919119002665
8.72221357145489,-3.9084427237093613
8.704010742198124,-3.914815635018547
8.687188415224322,-3.9232364832730284
8.67028744464532,-3.9329733656286487
8.654260244689972,-3.9424092011208303
8.638500875613301,-3.9534355308741476
8.622535117130127,-3.9655147714354424
8.608410030501444,-3.9778723653290964
8.593155193312077,-3.9895747785679174
8.577348764417817,-4.001035707120597
8.563071912862995,-4.01359152200929
8.549068417507183,-4.026318133827571
8.534382192783974,-4.03909340917094
8.52024915553543,-4.05293847612705
8.507193329820497,-4.067026112762688
8.494229264336253,-4.081311403987228
8.48144416418334,-4.0970774391025
8.470008028514245,-4.113402326248294
8.458156041779041,-4.130661514116324
8.446790277875927,-4.148600405031922
8.435348542168043,-4.166507834787054
8.424895204333355,-4.185323320460467
8.4147772634014,-4.2038825207801045
8.404287273400069,-4.222793209053317
8.394971575970096,-4.240854552250722
8.385292079930931,-4.2580143845619025
8.375573286582618,-4.275635627480084
8.367878064396109,-4.291840778936866
8.360728961874583,-4.3078064680951575
8.352997173618578,-4.3229862412165545
8.347059522232195,-4.336895513092481
8.342091740880399,-4.35106504177378
8.337312797768421,-4.363805984133696
8.333724182914839,-4.375572870446487
8.330359330524072,-4.387513965587675
8.330521116655742,-4.400396401453772
8.331879739006318,-4.412054117896546
8.333064136060367,-4.4237806838116445
8.337390874816283,-4.435526459580804
8.342542091084148,-4.447150776749809
8.348090883881033,-4.459664493210173
8.355375104146656,-4.472439872904653
8.362163756607647,-4.485757127453547
8.36949636339235,-4.499930576820423
8.377213088510716,-4.513351166360759
8.384396539944012,-4.5269630070913935
8.392492146143427,-4.540962499480702
8.399465734623465,-4.554144549540304
8.407091313447703,-4.568013303733992
8.41404221454449,-4.581651224659902
8.418850093731598,-4.594388203186816
8.424597939258009,-4.60816334646666
8.429921362308042,-4.621087444705239
8.434080145215773,-4.63299049586137
8.437137896248757,-4.644763931470743
8.440877304126623,-4.656324159770179
8.444643956061007,-4.669093404196605
8.446838930885498,-4.681438128617374
8.449001783915481,-4.6945235001878505
8.451845922139228,-4.709398063439679
8.454350122097921,-4.724747031917517
8.45571377028574,-4.73988382520274
8.457615583501443,-4.756220130335083
8.46054934615127,-4.774067569308446
8.462225592507538,-4.792363950231253
8.463862621662543,-4.810343451537027
8.466629807003688,-4.8286516071498315
8.468772838464742,-4.847893736991991
8.471556181677505,-4.866047735131369
8.474311449000481,-4.884493844338
8.477022563680814,-4.904340914870233
8.479774142776336,-4.923172807674709
8.482914550506969,-4.942292689466132
8.48574536940291,-4.962325708148555
8.48893551118315,-4.983617851835785
8.492162036748498,-5.005106847820786
8.495574877186066,-5.027491985277982
8.499045224374342,-5.051973696981065
8.501343710451179,-5.076009768596639
8.504004645896977,-5.101183185181206
8.507265776374794,-5.127858796760147
8.50932285347108,-5.155216362036754
8.511491633481327,-5.1817155554136844
8.513398810854955,-5.20857083729729
8.51594557946021,-5.236860957517538
8.517138834478983,-5.26310051531687
8.51736341386696,-5.289027391070255
8.518878861979621,-5.316797789360044
8.519920835380846,-5.343691232207211
8.520423292852357,-5.369722569064452
8.5207611542855,-5.396212660917251
8.520126518068967,-5.422552704387808
8.5200869046931,-5.448029578517574
8.518922868105081,-5.472761682463733
8.51703733796008,-5.4985844854088155
8.515592318832573,-5.524118449804072
8.513457364361168,-5.54880800759754
8.510618456991097,-5.574344999885312
8.507655504375222,-5.599912537641935
8.504994884237533,-5.624174278278362
8.502949343694619,-5.648676034901505
8.501059328851806,-5.673637780109711
8.498748872712468,-5.6974814933186355
8.496442213479028,-5.720805563844922
8.494356643721165,-5.744313779959545
8.49152045110149,-5.767367975028475
8.488260518772956,-5.788264814968728
8.484855718888534,-5.808450751184444
8.481348078617248,-5.829320080662237
8.477777122531208,-5.848799524657189
8.472848141711804,-5.8660637403553455
8.468001736673902,-5.884471892276039
8.463449321491012,-5.902040951174732
8.457847184405386,-5.918775410865778
8.451290575594783,-5.934180262154185
8.444195278836789,-5.949404520862961
8.436062083060149,-5.964402231068627
8.427142917138921,-5.977833116602732
8.417112139348854,-5.991353733274766
8.406458373925851,-6.004817193454681
8.395912814029487,-6.016773391367121
8.384593717190333,-6.028901659868725
8.373118966810015,-6.040872738993864
8.36253134209792,-6.051784453348633
8.351035525455831,-6.061355117843369
8.339774137490217,-6.07123556643431
8.329442938311548,-6.0804520206789805
8.317857932787714,-6.088181950952672
8.306660826611221,-6.096018176098858
8.296129769348704,-6.103512701598865
8.284214698352022,-6.109967400980522
8.272402694274403,-6.115508594583343
8.260495176914672,-6.12201163031362
8.248874833270579,-6.128928379089608
8.236808751322046,-6.134305381843318
8.22425977621827,-6.140271931792417
8.212854334994399,-6.147252776202855
8.202094868762835,-6.152704221881361
8.19061573744275,-6.157285503192847
8.1794844418511,-6.162319413816955
8.170343130399436,-6.1654344581126015
8.161930162361731,-6.167593567306279
8.15321764126478,-6.169541479187523
8.146255948383718,-6.171209898520547
8.141053707193363,-6.172250857422069
8.135939170860286,-6.173360527316111
8.131296475892434,-6.17383061221281
8.128967193433985,-6.1736410635211465
8.12583848863136,-6.172499495840527
8.12342253589791,-6.172563920075207
8.122773157700095,-6.172761235791027
8.12102514576465,-6.171561641688191
8.119504093402593,-6.171832227170581
8.119748685437182,-6.172603100065525
8.119418754673658,-6.1730033571697325
8.11909190710512,-6.17296517671854
8.11972522901164,-6.173328034956033
8.121300538670946,-6.1747489660834445
8.123561974819397,-6.175335295419413
8.125753471553102,-6.175551662175513
8.129015857143791,-6.177424334796768
8.133748542051999,-6.1785459127714635
8.13744227097919,-6.1790299111546725
8.14116309095478,-6.17914381355321
8.14715728371388,-6.179908783887681
8.153558967591461,-6.18119729629059
8.159891091443365,-6.181772148537655
8.167538447181377,-6.182690537039845
8.176368067094506,-6.184361651387184
8.18636561872746,-6.185543754352072
8.19597575269767,-6.186958722546481
8.20622076335276,-6.1887994891731894
8.21719838757789,-6.190117126184867
8.227264952356082,-6.191475339533129
8.23866522237384,-6.193435589079461
8.249668638186268,-6.194347585500068
8.259741998021873,-6.195176020885565
8.27057126656482,-6.195762494335004
8.28195059312017,-6.196708069143501
8.292446235327978,-6.197519622740915
8.303448484289898,-6.197863017487015
8.315061834574976,-6.1986917448991825
8.326985111831968,-6.199750473385757
8.338436077560052,-6.199876925778917
8.349811770127578,-6.200164106140276
8.36263062060521,-6.202258445151527
8.374630164753068,-6.203660655109527
8.385246354446934,-6.2049141272948525
8.396318300617118,-6.207567718326138
8.407477106834634,-6.211105461534868
8.416361956595978,-6.215018503444503
8.425239127101264,-6.219306181770418
8.43419839214165,-6.223930574672165
8.441901109632315,-6.229744399515624
8.448188152205455,-6.234959188003443
8.453935300960572,-6.2400512732866185
8.459432120671595,-6.246659199526869
8.463333386600732,-6.253282171035251
8.467827876243682,-6.260526803285311
8.471623839687936,-6.267261881830113
8.474387266751492,-6.273322231753147
8.477301372262032,-6.279493509687083
8.480858800600025,-6.284618039016293
8.483263851793078,-6.290172918510803
8.485541194106633,-6.295365597978984
8.488555453527423,-6.30021125782549
8.491332918079085,-6.306486687489489
8.493375504581993,-6.311624151411691
8.495112536417283,-6.315643220625394
8.497165696270589,-6.320775167015684
8.499762814691927,-6.3258395066898
8.500469759660787,-6.329327969108983
8.501768973341274,-6.333494434982124
8.503843324176417,-6.338204038415565
8.504256582505848,-6.342420918191488
8.50499585913702,-6.345842827672684
8.506101228686408,-6.349677379771822
8.506940389412328,-6.3544688375667295
8.507865626678262,-6.357954898416192
8.50814170678948,-6.361292650181543
8.50856036794182,-6.365010594180233
8.509318943033682,-6.368651376827361
8.509195206682206,-6.371991151340724
8.509280686692962,-6.375940636956296
8.508938109300253,-6.379818718246488
8.508676349719392,-6.383638472065368
8.508793052371814,-6.387424972355881
8.50910417181585,-6.391899530358132
8.508890041684886,-6.395014682093936
8.509314610449188,-6.397119213425749
8.509811626090364,-6.399762230062401
8.509916087368168,-6.402079453679009
