x,y
-1.4612753765448336,-0.6136162570115318
-1.4460331636865638,-0.5894337644896888
-1.4298136307295104,-0.566496482457319
-1.4144240830449946,-0.5416959122115541
-1.4006901211508096,-0.5162123892510132
-1.3860445345232766,-0.4938359351380542
-1.3727103157203748,-0.4714117678688367
-1.3606728659214284,-0.4473168198001393
-1.3460269285590634,-0.4249700248587044
-1.3321531687343602,-0.40161955829893387
-1.3198851744569768,-0.37580817039527725
-1.3038687553085129,-0.3486440563136058
-1.2890180171029824,-0.32065416448970596
-1.2727679156336873,-0.2924138219834055
-1.2562934762802915,-0.26241006992476457
-1.2415652424668242,-0.23225876986672989
-1.2250401754949594,-0.20442819840044496
-1.2117476470040722,-0.17756951369272647
-1.201129923566619,-0.15132929561156538
-1.1905111891767028,-0.12841330661272277
-1.1864244968510824,-0.10866323266341447
-1.1820755828384568,-0.0881214696090567
-1.1820252261663502,-0.07248743619902745
-1.1899785112466466,-0.0605645876393006
-1.1951742628140745,-0.048366999569933185
-1.2062880501187605,-0.042755008425950244
-1.2261553328312282,-0.04227225982681715
-1.2433976598427805,-0.044128596909655884
-1.2681247547107684,-0.04896457660049839
-1.2971445952109855,-0.05669659169024306
-1.3224899447844096,-0.06796236972474329
-1.352869363402752,-0.07907601379058553
-1.3811228282290842,-0.09234541919762038
-1.4084357124803886,-0.11032318986132562
-1.4389871107216625,-0.13285841198996753
-1.4673313025839068,-0.16269766655091658
-1.4948530331995196,-0.19364082961863796
-1.5203792638994713,-0.23312000038786967
-1.5428133389546357,-0.2728934666938043
-1.5671037051041905,-0.3166330764689331
-1.589041605233651,-0.36925735696397854
-1.610272444921307,-0.42059096477532154
-1.6313270248559508,-0.476159602376837
-1.6499258351860788,-0.5358791450286464
-1.6673150417196518,-0.5966689444182453
-1.6845593690034488,-0.6566330512633394
-1.700706159310383,-0.7171513119679164
-1.7142673788771732,-0.7769701633935822
-1.7255028461935986,-0.8362953399392321
-1.736939805829236,-0.8972529415707855
-1.7467332940703062,-0.9568869930730255
-1.754005043686933,-1.0172633399172784
-1.7616395755754297,-1.0782465106046635
-1.7695645405136313,-1.140765139275768
-1.776035966039022,-1.2055847974340497
-1.7807685560936166,-1.2691375408767436
-1.7866365592380797,-1.3366081621430834
-1.7918129028866057,-1.4043273399799237
-1.7975160507824832,-1.474784038430991
-1.8059736762414196,-1.5483198675305778
-1.8138073863027826,-1.6233852151695944
-1.8244644588356795,-1.7049455860943428
-1.8367834963164265,-1.7905093717980922
-1.8506118683876316,-1.8784822660540224
-1.8706473407109045,-1.9749620361361446
-1.891237334767141,-2.0774341633115987
-1.9142013958004374,-2.1807056056070597
-1.9424399079855614,-2.2860436595814004
-1.9681922731440717,-2.3912990349340633
-1.9945861788056944,-2.496807385165817
-2.018654815799466,-2.6019590982216254
-2.0426369627240035,-2.7070405085665326
-2.0617046643293895,-2.809945240392767
-2.0749083696850654,-2.9101775878103586
-2.088079321150146,-3.007812990013374
-2.0953878577928036,-3.0984671873979517
-2.0941578851915605,-3.184112599002174
-2.0943929421035947,-3.2661177034594946
-2.0888158316617043,-3.344076429114996
-2.0806492513557777,-3.417285178520882
-2.074007275164623,-3.487393419576902
-2.0655208891690076,-3.5551103295412436
-2.0595401857785807,-3.6204697951100315
-2.0533414321128376,-3.6812892542469164
-2.047714002840512,-3.7375326647118423
-2.0453764632944154,-3.789515940518014
-2.0423737407626343,-3.8400127966683346
-2.0426742237796724,-3.8847512328951246
-2.043332819597372,-3.929247028927381
-2.046606231496185,-3.970402397645119
-2.0510958846167937,-4.006652076861258
-2.0575180330615908,-4.041418291011864
-2.067367500411463,-4.075126888922184
-2.07789799401148,-4.1056480505167405
-2.0915115422366974,-4.134785407178908
-2.107307139385822,-4.1636542273720485
-2.1205450731034343,-4.190521165191815
-2.1374346349257634,-4.218483100931673
-2.1553362554679616,-4.245634368882158
-2.1696574164196725,-4.270855484228378
-2.186130639885312,-4.2972507995098805
-2.200547967621327,-4.323683879980813
-2.213991824470427,-4.34904774087815
-2.2265438756412164,-4.374980844839691
-2.2381413209156626,-4.400981037921944
-2.2545265169398245,-4.427812994292056
-2.2688241591606877,-4.452688592967776
-2.2835637398659467,-4.479202614962278
-2.2986462498088933,-4.504464169008036
-2.3136544111875916,-4.526335669876718
-2.3277113488088226,-4.547361278655937
-2.3399097705300633,-4.5634712091225085
-2.3528810384700107,-4.57632934994452
-2.3645975785112796,-4.586819968893866
-2.370836577247922,-4.590867936870324
-2.376524941543954,-4.590888151032671
-2.3820406311612117,-4.586807953135608
-2.3817483036981075,-4.578901357065899
-2.380417473534813,-4.570347961803686
-2.3786906207015877,-4.557048084446623
-2.376668455523333,-4.5399273269334435
-2.3711690853794805,-4.5228470645451795
-2.3673338473817718,-4.50366784702745
-2.364148903698104,-4.482088905079249
-2.3599762902876082,-4.461540504798114
-2.35723584059757,-4.441827255045007
-2.3555477802566944,-4.419765225210553
-2.354483574927829,-4.3986527843695855
-2.3526025517660876,-4.375963953447354
-2.35139241866631,-4.352744071106762
-2.3516280586241796,-4.327958634534636
-2.3493778148435567,-4.30147798782673
-2.347303732168196,-4.27498504015705
-2.3476929344742694,-4.2438781291595244
-2.3417626503503617,-4.212610451125845
-2.33441710561976,-4.182816146986386
-2.328385445549863,-4.149522903501104
-2.31872933721091,-4.116443371670981
-2.307746357634302,-4.080575070064843
-2.2919371544285814,-4.042687556969512
-2.2752070002858713,-4.000510036115505
-2.2571439570603355,-3.9582590349453017
-2.234672363091608,-3.913169253206982
-2.2135459441763756,-3.8674877188285968
-2.1898957056086115,-3.8211030737386587
-2.163786660424282,-3.774043733170676
-2.1388361999089756,-3.727405028293199
-2.1151851010371256,-3.680314693511302
-2.0909664287460674,-3.631520168469574
-2.07027028807959,-3.5843601054691074
-2.050238038606037,-3.5379174024633078
-2.032616806764869,-3.4914495082768315
-2.0175828616887257,-3.4462944810556526
-2.0039442046939193,-3.4031114795550876
-1.991714171690146,-3.360344881102037
-1.9789333100348234,-3.318757054995688
-1.9685573732691195,-3.2792701761753085
-1.95864597441643,-3.241217042861996
-1.9502277025876673,-3.2019194443510424
-1.9409289034618709,-3.165189821148851
-1.9324350663712393,-3.1292120168418927
-1.9255683147204636,-3.092022193056639
-1.916433690222452,-3.0553595144321717
-1.9069615427177158,-3.0185899034280235
-1.8971193199540746,-2.9816820742851875
-1.8864471021148632,-2.940812921321951
-1.8735917564771378,-2.9002613062839195
-1.8594945577712616,-2.8613471626680638
-1.847380494429381,-2.81969983461664
-1.835233691566503,-2.779256922759597
-1.8210910340074333,-2.7401638825531034
-1.809521818282824,-2.701813717471486
-1.7994651263078896,-2.6613194327516863
-1.7895687277589918,-2.6214955275288156
-1.781118738738254,-2.581427586316043
-1.7736217382380939,-2.5395203560975106
-1.7674151643512999,-2.4977871038249777
-1.7613643138597508,-2.4559667822177227
-1.7569589601043727,-2.41488525414219
-1.7517117405654035,-2.3716822768971766
-1.7465459196388502,-2.331021759837978
-1.7429749969135224,-2.2922138586801606
-1.7403400888230203,-2.2515490065193102
-1.7358994802721224,-2.2158443305792965
-1.7360886340735993,-2.1828422382268737
-1.7368142267519693,-2.1480594680067586
-1.7372551263919815,-2.1172425892200595
-1.7394262233183002,-2.0879792505453154
-1.743081704547445,-2.063139346060722
-1.7502048568133768,-2.0416853625682694
-1.7586235685569198,-2.023649946069073
-1.767404877943308,-2.008539098398917
-1.776495412573997,-1.9960071681274736
-1.7853229672894757,-1.984061888825933
-1.793714616131596,-1.97415550575992
-1.8027842966988266,-1.9654666410789101
-1.811968955692538,-1.9560633840416355
-1.8187472295943785,-1.9465596555525977
-1.8263125707627104,-1.939171678594745
-1.8334341256678877,-1.9315523691713008
-1.8405439845584157,-1.9237865920990638
-1.848377408256536,-1.9157144273189055
-1.8564168586161192,-1.9081950397965382
-1.864155863785839,-1.8997061356731029
-1.8722661627041421,-1.8895973046506744
-1.8784915797918955,-1.8823369828846164
-1.8836031118936292,-1.8703274387103506
-1.889967195466426,-1.8581784080054373
-1.8960051687234678,-1.848407603373662
-1.9001145039027114,-1.8377167203563256
-1.9060959166609774,-1.8277373990050714
-1.912220046340317,-1.8212179716938939
-1.9172483678917398,-1.8151066985335196
-1.9227089838633207,-1.8117304050960448
-1.931160766258462,-1.8078255154547793
-1.940532409637648,-1.8068750888526177
-1.9504011450726468,-1.8092840178086678
-1.9620873860919306,-1.8095042409864195
-1.9759946510437199,-1.8136279718336272
-1.9894558052213065,-1.8195726490170552
-2.004020467250982,-1.8264733344766313
-2.0216867212630145,-1.8323041507063347
-2.0372239320471293,-1.8409688444445684
-2.0532828947195236,-1.84963735568588
-2.0696626935595983,-1.8587052878584376
-2.085392864106067,-1.86845328974009
-2.100814617054594,-1.8789488267355965
-2.114896601986578,-1.889560489682311
-2.1282625095055074,-1.8993268203216225
-2.1428092130706924,-1.9114932794806763
-2.154776351438992,-1.9233438032100556
-2.168033775147529,-1.9337328792741597
-2.179358682268825,-1.9473160373818559
-2.189770138487552,-1.961144365674039
-2.2012676844333,-1.9739585472735137
-2.2119323706292597,-1.9893693056107173
-2.222454853841753,-2.005571048645511
-2.233527094443925,-2.0213043412596385
-2.2440874761755785,-2.0365337714012393
-2.25510939560028,-2.0509760048373105
-2.264609776495278,-2.0670182118275253
-2.2729616206524668,-2.0821115296127886
-2.284224644670654,-2.0954897553800573
-2.2938820884855695,-2.110481165213782
-2.302742860793793,-2.1240449754384216
-2.313063288262468,-2.1367527384334544
-2.323203905926334,-2.1501601221852313
-2.331716276149916,-2.162248431405931
-2.3406034863796483,-2.173477890041721
-2.348245051792336,-2.1832356803916713
-2.3534104920762395,-2.1905464866753306
-2.3572513413300595,-2.1977982160836733
-2.3595927613376126,-2.20374587794718
-2.3615550974832575,-2.207608470755978
-2.3612505082175166,-2.2118316852270175
-2.361707450588657,-2.213689303998874
-2.363745084887884,-2.217828318296129
-2.3622691877749515,-2.2222109986452154
-2.3613240213829956,-2.2251694093896264
-2.363697420956129,-2.2303839694000027
-2.366964402510065,-2.2381673398248716
-2.369683276045658,-2.2479607869051024
-2.375124514537544,-2.2602247146571477
-2.383799823882605,-2.2728564531445334
-2.3921367147175374,-2.2880188747873778
-2.3994341766655887,-2.305174737740532
-2.408913953459032,-2.3206585787613263
-2.4193811687642706,-2.338532196725245
-2.4261973702798305,-2.356401834342731
-2.4341332468954215,-2.373788616270221
-2.4440342145842195,-2.3897316317161352
-2.4504293548259213,-2.4063879647958304
-2.457666072624465,-2.4228891696194994
-2.465967442602055,-2.438708374115895
-2.4743770233102227,-2.4530808141278584
-2.4832387203969306,-2.467148432335929
-2.493093905812939,-2.4820191761624857
-2.5046651829874063,-2.4969525630096405
-2.517180906498995,-2.5128104031737943
-2.5290433887437542,-2.5308095988957495
-2.544513965620264,-2.5501253372728203
-2.5600941541627438,-2.5711883914312246
-2.57561303983609,-2.5910476884841787
-2.591880113019306,-2.6098985764153184
-2.608611236702189,-2.628633594656598
-2.6223461857252994,-2.644373590649414
-2.6356009517771186,-2.657782799581561
-2.6487245428927126,-2.6711213445610498
-2.6599659596311254,-2.682428990461757
-2.6698930395864893,-2.693859367552114
-2.6798493027239485,-2.704859267578383
-2.6903148138806277,-2.713534043417327
-2.6986718039901225,-2.7222239580102974
-2.7064530917085476,-2.732113190899366
-2.716962120482648,-2.741357461331901
-2.7264980032172508,-2.7493931668368075
-2.7359980936489925,-2.760344798721701
-2.7492289278252513,-2.773418114540386
-2.762320341167744,-2.7865486677474083
-2.776747121645315,-2.8010400835463902
-2.794341990064198,-2.8188451173497606
-2.8126691079334165,-2.837109047033339
-2.8317100013682714,-2.8556086548062654
-2.8514358833668902,-2.8765168302605857
-2.8714112218755763,-2.8995057238651394
-2.8917412560732174,-2.9223366502700734
-2.910769464654046,-2.9458990315590587
-2.9299891226720667,-2.968243505620332
-2.947946677310127,-2.9898510462370163
-2.9638189629432983,-3.0096164203687126
-2.974861284716871,-3.025245357545824
-2.986496959853196,-3.03737639599365
-2.9962070616546703,-3.04724347464985
-3.0014681583284823,-3.0552905100965253
-3.00527255835103,-3.0628154970307375
-3.0095246932172155,-3.068310646496586
-3.012301986182503,-3.074025755550948
-3.0136085463654454,-3.0791710385399753
-3.0153057935675367,-3.085758479825051
-3.0184461113287697,-3.094961924446599
-3.0205757547733105,-3.104230176226298
-3.0241336959509315,-3.11611273274861
-3.0306794001675117,-3.1269479656658787
-3.0369468265418993,-3.1372054869894788
-3.04495133113633,-3.1495270781840174
-3.055091407307135,-3.161026348442464
-3.0645621824705347,-3.1714033942555386
-3.0757089358403515,-3.1798369719778146
-3.087917224999498,-3.1871838262029084
-3.098562841864425,-3.190160545097369
-3.1094638159654227,-3.1906013410678944
-3.1184072898721618,-3.1920235360905616
-3.1268460948435104,-3.1926133467242597
-3.1369753434557013,-3.1950122049576146
-3.1433759688979213,-3.19969265326816
-3.153930598513042,-3.206769695076927
-3.167783205578736,-3.2175867818392905
-3.1804529691573524,-3.228320651315238
-3.197098864938749,-3.2430628073404546
-3.2135459258298322,-3.2588820227730384
-3.2335877388302805,-3.273710943019855
-3.2573912106623135,-3.290220576555881
-3.2822150996160717,-3.3071050615977162
-3.3091232310487877,-3.32133422742499
-3.3385429594605247,-3.335549574012492
-3.3687674865133204,-3.350289590724878
-3.3997552315606683,-3.3637511467099315
-3.432411613086343,-3.374494851325499
-3.4662170433345536,-3.3845996541770065
-3.498769818809393,-3.3954290596991377
-3.53338591790435,-3.403987627298935
-3.567889875275458,-3.410515233573169
-3.6016060333122417,-3.416683159042083
-3.6329517613310602,-3.4228136790559223
-3.664916566631754,-3.428081622043052
-3.6968989988786425,-3.433871672854562
-3.725583215399528,-3.4407934223050436
-3.755913461126719,-3.4483353831515724
-3.7848626359971753,-3.458576557009102
-3.811467852659063,-3.4718900482887216
-3.839612314439085,-3.486061057166384
-3.865818279823317,-3.5028875089199265
-3.891705499656195,-3.52079032732562
-3.9178176803000544,-3.539193061346025
-3.9422990506605107,-3.555943829021386
-3.9664596056563575,-3.5728684339687153
-3.9896378515909423,-3.589687120134195
-4.00989782702652,-3.60500457981749
-4.031115283589203,-3.6184104679869438
-4.050680875147401,-3.6279205374453896
-4.066574776651996,-3.63750194540005
-4.083638683971857,-3.6421066683722274
-4.098600491470186,-3.6467864081469954
-4.110677052312319,-3.6501348063290244
-4.120778445158815,-3.6499951811541154
-4.129625594825796,-3.651609651704225
-4.137709990643592,-3.6516542223021315
-4.134292042880799,-3.6557446367717628
-4.137980266795149,-3.663239739070352
-4.138534216676044,-3.6776249026565995
-4.133610860643876,-3.6894171323785105
-4.120176326189651,-3.7073498186382357
-4.092951868115554,-3.7253220069643405
-4.069286840885129,-3.7469595238532003
-4.0276527929002786,-3.758516328452992
-3.9765839014361104,-3.767947000581685
-3.9274709583130085,-3.779115716832557
-3.869986001609409,-3.7851794547831665
-3.805128628282384,-3.7877744427565276
-3.7446317663204436,-3.7851377335766583
-3.682742322585691,-3.77750068271034
-3.618178730400562,-3.7650140846457067
-3.5547452297267643,-3.750814734585778
-3.493984174369228,-3.7297972080118966
-3.4299347563815137,-3.7032044918989637
-3.3654136715862464,-3.676816236884682
-3.3036882471917934,-3.6430937256978124
-3.2418549120290154,-3.6088316502648463
-3.1749563781575763,-3.5732295515106247
-3.1111600202040472,-3.5328649970410506
-3.0459206281357405,-3.493389804866538
-2.9795822248645547,-3.4546390176051136
-2.913925368527906,-3.4174537645207987
-2.8496631373496055,-3.382068241031216
-2.786806742373002,-3.3448813934010198
-2.721517002357219,-3.3103942023092805
-2.660154646061609,-3.2754462567723666
-2.598102958868734,-3.2432604533045257
-2.5333383291180964,-3.212634952759958
-2.474135019104188,-3.1820886517915605
-2.415221096572624,-3.1556536143916754
-2.355397099055273,-3.128317487654474
-2.298358639448279,-3.10138791845176
-2.244796486331922,-3.074627387693329
-2.193634964300481,-3.0473651806761457
-2.143528167775721,-3.020411705513407
-2.096170304375609,-2.9919838893435684
-2.054120109528482,-2.962138586588545
-2.0116102627118964,-2.9296774590742336
-1.9682926875297915,-2.8967767318218205
-1.9291939967415557,-2.859146325747237
-1.8883404104169978,-2.8224210567270123
-1.8457286650523839,-2.786359825040992
-1.804329629073662,-2.752488186319323
-1.7639864622896875,-2.7220239971530837
-1.7218176095888384,-2.6918159347002155
-1.6808870883339408,-2.665686119795747
-1.6501583839358926,-2.6396923460218398
-1.610548331050516,-2.6123148895084385
-1.5787436175769027,-2.5815535449307747
-1.5497291364861931,-2.5568585757221474
-1.5308221314333328,-2.525065305318402
-1.5247256876281137,-2.4936076481891494
-1.5145640454731373,-2.457473343649145
-1.5226332469974593,-2.42536196349997
-1.5346011948846752,-2.3923420080752487
-1.5440586585919205,-2.3541054579726293
-1.5628486137532211,-2.3191099348140707
-1.585874841428102,-2.283800529557065
-1.6060247978506554,-2.252176987552332
-1.6256603610805387,-2.2262121129716093
-1.6458289780013304,-2.205296874415225
-1.6653377130768472,-2.1854997656742956
-1.6837868562816767,-2.1763151522393174
-1.7013493151571737,-2.1753155400263195
-1.72207480016641,-2.176963328911101
-1.7430778780831082,-2.187649874094925
-1.760166064654049,-2.201605645540383
-1.7837504561221993,-2.21863485743988
-1.8070981479624675,-2.2383957161832133
-1.8278271372593524,-2.258950941731268
-1.8511184424333063,-2.2810407904509775
-1.874661456486763,-2.300133617261625
-1.8985275757561246,-2.3166897625967513
-1.9212181993411988,-2.3346531913072344
-1.9442403522547802,-2.3478506852391896
-1.9674288621483063,-2.3589455640171484
-1.9895629845901397,-2.3666640434593456
-2.0144721566681385,-2.3702716321337878
-2.0368514158059763,-2.3694976280700173
-2.057881536166452,-2.3635590818274292
-2.0802114557721274,-2.3563032325904465
-2.100188257333404,-2.34592988489105
-2.1154897717946133,-2.3327207189711516
-2.1298874155165053,-2.3207902552575224
-2.1424598567514095,-2.3070948419997497
-2.1516529431703124,-2.295036452131675
-2.1572578715086013,-2.2849601981782857
-2.1611655225203,-2.2757878939469736
-2.1646680471183366,-2.2687237534091795
-2.1670351169886475,-2.2648970960196864
-2.1674087896698544,-2.2635044600058967
-2.1682976344405733,-2.2625963298040834
-2.1696109036326297,-2.2608128580978346
-2.1694344739006652,-2.2592138016088392
-2.1705263049472223,-2.258210588249134
-2.1711311971938074,-2.254713499902084
-2.1720646057618844,-2.249119087295173
-2.1745603124145725,-2.2429500579847885
-2.175132424295856,-2.2374577108390463
-2.17739855762358,-2.2301976990180625
-2.181339765058854,-2.224674088938714
-2.1856786181573713,-2.220658508274539
-2.1897203196832806,-2.2172254754284317
-2.1950939190741927,-2.2179050459029885
-2.2027031087223565,-2.220821279068284
-2.209555513267995,-2.225854407685224
-2.2170157451177026,-2.232792855400969
-2.224939742032548,-2.2403833880558355
-2.233966052481837,-2.2487010020651095
-2.2426098257215084,-2.254802313656069
-2.250259872446434,-2.2607594660013004
-2.258192105865099,-2.2667731735854426
-2.2637828054263633,-2.2691949387181514
-2.271145905004775,-2.2700912352026954
-2.2758389697654784,-2.2693414246734913
-2.277153951402357,-2.2684042228894716
-2.28000516535833,-2.266116746322035
-2.282812202938991,-2.264875051511498
-2.283714655610489,-2.267522617211148
-2.286771836319007,-2.2724518915809626
-2.2919820189717237,-2.281748855638426
-2.29854804146329,-2.2938809382276735
-2.3068273140361732,-2.3070175512988498
-2.3161373416404105,-2.320657667763553
-2.3290419873669674,-2.3332318031402695
-2.341912577300773,-2.3480303554609425
-2.3572414328413935,-2.361981119617534
-2.3755530427245493,-2.373787691079818
-2.393861465217911,-2.387522531326689
-2.4135958072302546,-2.4006181480878763
-2.4349145794914024,-2.4124132748678595
-2.4574818057889067,-2.426585581848533
-2.482379389332746,-2.4423518271085465
-2.5076544146335507,-2.457211605548371
-2.5348107876027286,-2.475156071080318
-2.5640735551992266,-2.494170366461489
-2.5937130247002855,-2.51327074210262
-2.624965909490505,-2.5340652788405578
-2.6605940232934446,-2.5537225049284245
-2.6940508629745388,-2.575214869719818
-2.730786811332216,-2.5966712567130084
-2.7720865542442623,-2.6152716232444573
-2.8111715580457557,-2.6333756112225104
-2.8541065677567454,-2.649703230947851
-2.898355215095501,-2.661225380217364
-2.940063427716005,-2.6702832696910757
-2.9849833049280092,-2.6790926382438403
-3.0281527684443894,-2.688069705747343
-3.0694118873690597,-2.6952458733351725
-3.1125615312011488,-2.701562212713435
-3.1493075660045866,-2.706365976709419
-3.1845178003669297,-2.7083412076946995
-3.2180020612956164,-2.711525146888517
-3.241303107222759,-2.71202171663974
-3.2645474233536897,-2.712355616577223
-3.2810326120070505,-2.7112575322779424
-3.2878286369635674,-2.7120957766498646
-3.295979653351427,-2.71124004442975
-3.2993632628479608,-2.7117221012920134
-3.298709743741646,-2.7143454224596932
-3.29855852711071,-2.716479064923174
-3.2916103452780354,-2.7213173018566406
-3.2872789414326054,-2.724782762934576
-3.2811441025879433,-2.7291277871425117
-3.2717545277531106,-2.7349880963803654
-3.264464180301374,-2.737820592101959
-3.2578989291987286,-2.740142588781509
-3.2486883553479493,-2.738752321704117
-3.2403919637401657,-2.734102730127464
-3.232745931458595,-2.726284269026383
-3.224677013909036,-2.714613587914088
-3.2148021878822632,-2.7027057030819313
-3.2075328091609063,-2.6926859704722754
-3.2041447429795684,-2.6817098180846384
-3.1999066127493245,-2.6742790683691915
-3.1948456419514297,-2.6632520795707153
-3.191696834795619,-2.6504835033248346
-3.1858067767735045,-2.6401671110234797
-3.1781165015846002,-2.625363443869261
-3.170084175515317,-2.6087413959368484
-3.160217172563879,-2.5926511188318493
-3.147650283549637,-2.5743605809308834
-3.1360028083256752,-2.5560079199175805
-3.121189794157225,-2.5378532381361105
-3.1044924701125485,-2.5180863641498283
-3.08502694296687,-2.497939139880533
-3.0660571158536123,-2.478305877521241
-3.0486392598076577,-2.4600517914221744
-3.027086447773561,-2.4428743161641546
-3.0069203083215306,-2.427493719663945
-2.9863345578486946,-2.4114115654462753
-2.9621453099018638,-2.3955715040266052
-2.940663395079818,-2.3826144355652406
-2.917208908492746,-2.370327291296352
-2.8942366467183556,-2.3605297130410334
-2.8747008517234813,-2.3540681020030076
-2.853652816731827,-2.347963661689709
-2.8347708264831932,-2.3406497917504625
-2.820614308676608,-2.3319279977477367
-2.8059056270211116,-2.324743132964121
-2.7950519734710015,-2.3171939774944916
-2.786919512093529,-2.310572783369519
-2.7795060534871157,-2.3035593260553773
-2.7800351736467523,-2.2987629859157837
-2.7803915615916392,-2.293067201331223
-2.7864864797075617,-2.288801270113363
-2.800295152531193,-2.2826064453318042
-2.813053052672213,-2.2778166446192434
-2.8287451309464453,-2.27142468166409
-2.849324878855338,-2.2661017046955254
-2.8685540036980886,-2.261945660647087
-2.894353483239503,-2.2556995393816903
-2.91974615283305,-2.2518481447945855
-2.9459985380368043,-2.2484342815879548
-2.975207248187898,-2.2432746918313966
-3.0049679521898285,-2.238197404541175
-3.033350572059222,-2.2353314431098967
-3.0629579253706942,-2.2354562935542455
-3.0925988052095943,-2.2357811969227073
-3.121049875250337,-2.2370310508208315
-3.147972890522325,-2.239794873133761
-3.1756797018677663,-2.241811668375853
-3.2002551014675524,-2.2411556642615125
-3.222178255486773,-2.242601164241668
-3.2415965904663806,-2.2440792436013375
-3.2615772027363255,-2.248379624437681
-3.279075566053617,-2.2560159529379855
-3.2948815399330043,-2.265549897553307
-3.3107900839125657,-2.279412654086019
-3.326417063556565,-2.296606216266895
-3.3391939704872637,-2.3153842336840613
-3.3533210949689263,-2.335406757734314
-3.3626988542002043,-2.3548968766746357
-3.3732733272411894,-2.375371703117121
-3.3829735270675205,-2.3941364785238024
-3.390457931421366,-2.4086802604474
-3.3968668945672,-2.4227756513971475
-3.4015103125211144,-2.4329071431561227
-3.404184665993823,-2.4410728506684802
-3.4084164267854886,-2.4449693108704875
-3.411819485730347,-2.4486496673999607
-3.413750060761506,-2.452568790080834
-3.4144867217330663,-2.452099044845496
-3.4139063345644263,-2.457121981478885
-3.413020600556158,-2.4624099472358996
-3.40477611160005,-2.4716089215542043
-3.3933332989475296,-2.4836348402619057
-3.3782752909042237,-2.5005189278579336
-3.3559725314200475,-2.5251317762026604
-3.329100873310384,-2.545830801351529
-3.3026658473894597,-2.5717853616750124
-3.273921039835633,-2.593550392753004
-3.241154989954753,-2.617658266110565
-3.209577843710389,-2.6420142577075985
-3.176589314407798,-2.6656632288846382
-3.1439095622785196,-2.6883218193646505
-3.111548247566827,-2.7095334839075753
-3.0791772783633147,-2.73107070058651
-3.0474826801542827,-2.751670440477675
-3.0144470226517166,-2.7680037329673977
-2.982281150962417,-2.7826798852897614
-2.948916038600575,-2.793862879269896
-2.9148333817648564,-2.804391966841161
-2.878377046188703,-2.8101752423160167
-2.8422782278382135,-2.811503534863172
-2.8052208065926556,-2.8134592806745093
-2.7663246434415956,-2.8110764999021445
-2.7276829243877097,-2.8045497700986375
-2.689254927858283,-2.797528049183795
-2.6494315899706806,-2.787275827169294
-2.608668043292237,-2.7734414253829915
-2.5680830045302327,-2.759162027829177
-2.527676065666912,-2.7445535631105282
-2.4848403489696897,-2.728886295693674
-2.4432322234643555,-2.7121690033861423
-2.4026569401153015,-2.6955882863626996
-2.360105083940076,-2.679123639877698
-2.3198828488224987,-2.661262743431917
-2.2829393466725456,-2.6437105551329756
-2.2446684752860584,-2.6263915979196555
-2.2112053118189263,-2.609402209734351
-2.1798865941664505,-2.5947366293636347
-2.1512661903333217,-2.580327424817688
-2.1252491058571263,-2.566681952362169
-2.102401028194093,-2.555628462488222
-2.0829298290322247,-2.5478242939855136
-2.066415017901142,-2.541301213785925
-2.049924293252198,-2.5364836283045853
-2.036010895621611,-2.5333329761733974
-2.022480761427287,-2.530768680699206
-2.0076794924594163,-2.5274498414786613
-1.9946840020409935,-2.5252584440845256
-1.9843701305872952,-2.524086629272669
-1.9735721752051039,-2.517778520459063
-1.962637751244518,-2.512681381354557
-1.9592154698619322,-2.5031865148017176
-1.9581256673095344,-2.490097744456094
-1.9596837321244625,-2.473637036752618
-1.9663894583783452,-2.4518863280362178
-1.9780126896581958,-2.4318410664733654
-1.9888514187796906,-2.4067785443506002
-1.9999608226381378,-2.386042033280267
-2.0169054570682734,-2.360914635566335
-2.031647653198918,-2.3345648621560144
-2.0470562834175583,-2.3079405512076496
-2.0634318446915936,-2.279935610956267
-2.0780807417603313,-2.252172090629126
-2.09243372088436,-2.2225629720679927
-2.1053971135319953,-2.1929971712828746
-2.118942175171518,-2.1653327474006576
-2.1321624120676623,-2.13686447256458
-2.1449041929928887,-2.1114986154635322
-2.156690849517234,-2.0869189538960673
-2.171812336051949,-2.064561328538215
-2.184195000412692,-2.0466971634803865
-2.193860651080079,-2.029903778836331
-2.2043418712070113,-2.014376462023786
-2.213716022630179,-2.001717573939905
-2.219061499751568,-1.9897527258401646
-2.224025488672947,-1.9814820365274899
-2.22900285227019,-1.9748008275255997
-2.2322794849324796,-1.9695272400715662
-2.233483681690072,-1.96668101418526
-2.2360351353535326,-1.9624589508093881
-2.239186033617473,-1.9582846162629717
-2.2410077553275745,-1.9547611212034286
-2.2448892534144695,-1.9511176721311059
-2.250250852325341,-1.9459936961680762
-2.2539607149498955,-1.9402478069179352
-2.2601029240662682,-1.9353025097049994
-2.26606477603858,-1.9279729314292193
-2.271248242724596,-1.9184832038217272
-2.278089677099582,-1.9107405795524592
-2.2837921372741006,-1.9004054620333166
-2.28992798318947,-1.888767742795393
-2.2952349564930876,-1.8772855707008096
-2.298904193227777,-1.8660562081318046
-2.3034023022241135,-1.8554977982725687
-2.308459764914463,-1.8450459168420021
-2.3118044097885897,-1.8380259108204573
-2.317271703694321,-1.8321149736130218
-2.3239929647022954,-1.827132817388835
-2.3291223283237987,-1.8263159527248252
-2.336493581025296,-1.8260123648080282
-2.344623003693411,-1.8276975602593983
-2.3523478958305937,-1.829037471751542
-2.3627526262831653,-1.8335490863917299
-2.374441099381166,-1.8392434734573258
-2.3882277181572253,-1.8423800234235401
-2.4020068867007693,-1.847374291070945
-2.4160948134430638,-1.8532518927591288
-2.43288302070045,-1.857308177543104
-2.4499055044405185,-1.864152607261719
-2.468060277571028,-1.8716484173089687
-2.4888017875648103,-1.8793096484357956
-2.5088035379622884,-1.8889455446882664
-2.5302067371238146,-1.898182939609794
-2.552605950760771,-1.909860553385008
-2.5764022539580784,-1.9206168147155505
-2.601305180105618,-1.9306555798288592
-2.626474640579263,-1.941809178655279
-2.650902485815793,-1.9510413710967085
-2.67856127230757,-1.9576192005122017
-2.7018189020972794,-1.9655427632710123
-2.7238852081890665,-1.97173957557709
-2.74865881959243,-1.9757942377615798
-2.7715826313792866,-1.979666526618297
-2.792862382162011,-1.9836057668827727
-2.8145764879280333,-1.9855940884715575
-2.8359852029749693,-1.9817324297186034
-2.856368464609684,-1.978728132128439
-2.877025630914432,-1.9740077903271143
-2.8982168625012505,-1.9643046638910593
-2.9189614556183994,-1.9552206682538147
-2.9385461276179887,-1.9461296612281833
-2.9569713047435098,-1.9349306195533098
-2.9761004256187524,-1.9215778954634875
-2.993060337359798,-1.9086998605258045
-3.0081231122722416,-1.895732454007711
-3.022099831590442,-1.8811888548454994
-3.0339016427222307,-1.86665725649188
-3.0431132620394115,-1.8520256726002922
-3.0498006484906828,-1.8354144314918197
-3.054345430999578,-1.8183829543352241
-3.055765445376233,-1.801458378694607
-3.0570917740180295,-1.7840455326041973
-3.0561254401896565,-1.763462161609236
-3.0550766241908915,-1.7410082150252397
-3.051969830084614,-1.7186844954486309
-3.04890545560087,-1.6918634454611454
-3.04646241650681,-1.6628227160294282
-3.041722637282609,-1.634569031777984
-3.0372613583727563,-1.6034978568966742
-3.0334178604042927,-1.5716330465940087
-3.0288348165069827,-1.5377045867935526
-3.0247541503650854,-1.505288054231352
-3.018458925567407,-1.4714613953535902
-3.011416205404184,-1.4361483902135683
-3.0037417834202436,-1.403263237530819
-2.993804840832306,-1.3708805346996789
-2.9838404110190724,-1.337520850844169
-2.974354694428656,-1.3055750591867181
-2.962593324038362,-1.271484520476499
-2.9492406890642324,-1.2362076484512392
-2.934537873627474,-1.2000708471509243
-2.919237507216954,-1.1622644523726744
-2.9024772526910096,-1.1248567028630247
-2.8851734170084358,-1.0851590295282325
-2.867191508547641,-1.0460136020797532
-2.847456939869589,-1.008164092176086
-2.827109380495635,-0.9703217853767034
-2.8087353957022287,-0.9344086773925239
-2.787423885421037,-0.9018688642378714
-2.767920858163398,-0.8700806489941296
-2.7514140909030917,-0.8401429273424764
-2.735080325385961,-0.8117752484969835
-2.7200393486690504,-0.7862827958194724
-2.706718061971059,-0.7611348151039291
-2.696557390873411,-0.7383124010072529
-2.6864298553870114,-0.7205625025776897
-2.6763121413336735,-0.7031108314301031
-2.666263005513449,-0.6874195461900706
-2.6558076123028966,-0.6749430119452982
-2.645005057257802,-0.6628350135218978
-2.6328322974900003,-0.6512522573091645
-2.6220939947310984,-0.6397751964060346
-2.6104701127382457,-0.6300784548609969
-2.597259035474877,-0.6222844727207324
-2.5856582213223684,-0.6135826358197122
-2.5746592784698747,-0.606111449421778
-2.5640127672090975,-0.6000884676911458
-2.5545185813348157,-0.593683783417662
-2.547144900906671,-0.5889114334442348
-2.5420878838616088,-0.5862070885217033
-2.5391446120150625,-0.5844726921632237
-2.5363591285753317,-0.5827705689929435
-2.536582703310426,-0.5828635354059039
-2.53638932367797,-0.5850255128358052
-2.5371988648616735,-0.5860823686166857
-2.5405637542536432,-0.5891122791301344
-2.5424972260927494,-0.5933111203005327
-2.5435032413190175,-0.5963817194721841
-2.545640946260999,-0.5992685704550861
-2.5458859948918957,-0.6025613569873306
-2.5436848603986997,-0.6061460645907065
-2.5410395993906514,-0.6089822001559639
-2.5377612240350356,-0.6109215141063404
-2.5335121268073717,-0.612924697538261
-2.5264982248214456,-0.6156165782385483
-2.5205172596791408,-0.617765065273943
-2.515228542164302,-0.6199422288555346
-2.506054614481396,-0.6242446944465057
-2.497742528278345,-0.6292357664924753
-2.49090325017396,-0.6343085787349628
-2.481282273254047,-0.6412583873461886
-2.4715264210508088,-0.649088600674622
-2.462855266216015,-0.6575373283896264
-2.452977910871129,-0.6670607853038797
-2.4428310808859073,-0.6775305116835347
-2.4329611167929572,-0.6887797725562579
-2.42301239096303,-0.6995025193303158
-2.41245007848458,-0.7111470023735433
-2.4005793769339525,-0.7224244236323293
-2.390475320869937,-0.7333498106874045
-2.3803062347897592,-0.7443197939947211
-2.368079308551051,-0.7562757448756859
-2.3581775373667617,-0.7681621873554788
-2.3492754492894137,-0.7791517767558994
-2.3394557455793215,-0.790253012909842
-2.3318234247583574,-0.8016409089557267
-2.3255557615948264,-0.8115544531288438
-2.320550640059008,-0.8204390495496617
-2.3169149957251327,-0.8300011914808937
-2.313204982356249,-0.8395699572699947
-2.3123323864083067,-0.8476232120825207
-2.31036331559853,-0.8565124056707595
-2.306944744251225,-0.8661094424967734
-2.3058152888597325,-0.8734753851721578
-2.3041450045337966,-0.8811673223468004
-2.299946454195625,-0.8888370323752219
-2.295826021464439,-0.8962576827235856
-2.290504394497406,-0.9028119347382644
-2.2836011876131086,-0.9082122822324596
-2.275803920539915,-0.9131723050876174
-2.2664853720365805,-0.9169530362927508
-2.2573419377853012,-0.9203679696680322
-2.247306046457226,-0.9239000536989402
-2.236403842981781,-0.9274410457287285
-2.226424236382946,-0.931530840089307
-2.214562033044533,-0.9363530732776356
-2.2022816096036024,-0.9425911377274893
-2.1932832624682743,-0.9490269116179739
-2.183090669035977,-0.9569759624104314
-2.1724304936776706,-0.9659462211572114
-2.165313071378863,-0.9745053019112518
-2.1578537792411843,-0.9828451940968101
-2.149852081228208,-0.9914059552437572
-2.141571447571374,-1.0008957951897952
-2.134440101201189,-1.0092467417181947
-2.1275171316389665,-1.017083869956134
-2.11883336311628,-1.0270578385731586
-2.110910853291629,-1.0357264443474943
-2.1037374652824337,-1.0437144203003519
-2.0958407019095424,-1.0522979078279415
-2.0883391226021635,-1.0621260675999529
-2.0810544705821514,-1.0726408388907707
-2.0730659865929337,-1.0828284906429348
-2.0653261109577237,-1.0943751009342624
-2.0572111427261643,-1.106484183342394
-2.048085433465465,-1.1170656857641268
-2.0393597136363577,-1.1288415435154706
-2.0296403169575954,-1.1411825189838856
-2.0206450237894793,-1.1521564492793357
-2.012188142285236,-1.1634966714618484
-2.0022422611392026,-1.1760147247583275
-1.9935616612008562,-1.1870272649216307
-1.9846365152249685,-1.1971930276535379
-1.9744477521755948,-1.2087950088032582
-1.9644138211939999,-1.2201812483345458
-1.9537775078031254,-1.2295910051525019
-1.9421054533767028,-1.2403972072308307
-1.9293420453435794,-1.252975551776224
-1.9153555815898067,-1.2646339580083692
-1.9011437926512016,-1.27653308849097
-1.8854106452737196,-1.2903218654411945
-1.86884666651557,-1.304752747868318
-1.8515374406624188,-1.3169883063023318
-1.833784372534295,-1.3285351190948396
-1.8150016909812368,-1.3410581264588652
-1.7965010409822693,-1.3510150048163077
-1.777756877781385,-1.3586943635796647
-1.7596569306399028,-1.3673640282448325
-1.741147545854464,-1.3752973448555468
-1.7216273673595728,-1.381810116310146
-1.7032999450038888,-1.3889842540874733
-1.6856926380807178,-1.3968664481343915
-1.6669338929943678,-1.4045139760865588
-1.6499613479379878,-1.4113014353282176
-1.6329823811383408,-1.419725309697638
-1.6158329544323078,-1.4290380962293698
-1.6012529811972158,-1.435695858686232
-1.586221367451703,-1.4454666314433442
-1.572234136737492,-1.457281171294172
-1.559800185800765,-1.4686221562665254
-1.54864701601615,-1.4820352124225977
-1.5406630789724909,-1.4984534222218344
-1.5333859068051925,-1.517212924212148
-1.5292130543663396,-1.535907465892092
-1.528180108611451,-1.5557509890213188
-1.5268384124192724,-1.5768306125707414
-1.526912521891663,-1.5970514331591616
-1.529850605691381,-1.6173313989858926
-1.5347054923017438,-1.639409507486965
-1.5377321789844645,-1.6622784017196315
-1.5444098577432932,-1.6842925153279331
-1.552676044950516,-1.7073938504951298
-1.5604742331341421,-1.730351891151924
-1.5708052209877434,-1.7535173926831198
-1.582163696054063,-1.7767533148219765
-1.5962444852000255,-1.8025783971027038
-1.6122623112000114,-1.8299948194962805
-1.6298548290107138,-1.8573886977698917
-1.6513377352996783,-1.8870300484809734
-1.6732323032374987,-1.9171835357821967
-1.696473073034398,-1.9468250776404485
-1.7225870089715283,-1.9777882498167976
-1.7488571670687099,-2.0092553735718806
-1.774515295739665,-2.040155214076747
-1.801784101601668,-2.0709710165781177
-1.8291589715493335,-2.1024484334930302
-1.8557154712119104,-2.132812973315799
-1.8823377967882662,-2.161188847043607
-1.9096317272373384,-2.1890460068997584
-1.9372440918394715,-2.2153530644783164
-1.9638386125431675,-2.239889450704757
-1.9916465619200256,-2.2633125159525234
-2.0224472544960346,-2.2853023432989925
-2.0515692842082363,-2.3070258497471854
-2.0816143013935298,-2.3280011663244133
-2.1149519364192586,-2.348136291095169
-2.148754446484755,-2.3697359388902757
-2.182492525899337,-2.3899668532117073
-2.2182293839002445,-2.4098471814712923
-2.2553728359802165,-2.430307546775094
-2.292156303933829,-2.449819117284351
-2.3295844468463587,-2.469893929248507
-2.3685097856368738,-2.490557324992161
-2.4079492791356962,-2.5125277493977194
-2.4474633418500127,-2.5355940919610975
-2.487689374817699,-2.558296261060731
-2.5283499166008157,-2.583899248283164
-2.5685058320844134,-2.6059664019390776
-2.6077058828984505,-2.625158893234049
-2.649715754897811,-2.641283741793495
-2.6889255645450842,-2.653715466808445
-2.7263146778468377,-2.661174205572299
-2.7657035170803006,-2.661357049539501
-2.804526433978552,-2.658274051989422
-2.840096375185792,-2.6520768437873303
-2.875113731173471,-2.6432344753000043
-2.9123332044973878,-2.6297653332795043
-2.948792449548794,-2.614968228933176
-2.981668673919825,-2.5998155306304835
-3.0183176912453984,-2.5814436396928304
-3.0541292012398666,-2.5642184058719044
-3.0888455847830603,-2.544210314317269
-3.127214610934154,-2.5244249574655195
-3.1637489880536465,-2.503497454181553
-3.200752627442542,-2.48037738516567
-3.2363790034728472,-2.455554237085845
-3.2708695625024697,-2.4263487868825946
-3.307446379237605,-2.3946971228925364
-3.3393650007858775,-2.359867074033472
-3.3686115861539565,-2.3205952335001268
-3.4001245448191955,-2.2804388648834086
-3.4271240829702583,-2.2372852550734357
-3.4526854217489262,-2.195011706950543
-3.4790442693800734,-2.150380702635444
-3.501987725749465,-2.1053451899457736
-3.522094904943902,-2.0628477095930546
-3.5437240718403342,-2.0222885753834583
-3.565596770939804,-1.9824566149566683
-3.5860128069085935,-1.9437794179139851
-3.604766848447371,-1.9088053451016327
-3.625498346688919,-1.8734044094597064
-3.6459259767001195,-1.8382626489433191
-3.6633008873360917,-1.8070150283373287
-3.6823570238700425,-1.7771811464152116
-3.702174761060119,-1.746669130009261
-3.7200568241400256,-1.7185960834086305
-3.735856882984632,-1.6922550471181312
-3.752060555142918,-1.6681341837768224
-3.767816409649337,-1.644509695233615
-3.780873440912687,-1.6232633641843552
-3.7942315849958463,-1.607593924524271
-3.8085924234756376,-1.593186614178556
-3.821532903101294,-1.5786445327494345
-3.834066587452123,-1.5656076376202448
-3.846058139724977,-1.5496947735055386
-3.8589906849549425,-1.5315970223233217
-3.869436050836009,-1.5100737517475635
-3.87971310220277,-1.488756180936525
-3.890729216968625,-1.4633233423626275
-3.8976406020421988,-1.4370107070442657
-3.9044449342968064,-1.4131193816501062
-3.909941715488127,-1.385578751222749
-3.907678228778619,-1.3597190331061768
-3.90361862367764,-1.3387801767759104
-3.8955663923880586,-1.3173206272090878
-3.88494836700999,-1.2971129072843048
-3.8654238326880748,-1.2789226249508996
-3.8418913177559433,-1.268812290719488
-3.81803908987688,-1.255130477241492
-3.7916428992809568,-1.2438486675028426
-3.7622648345637537,-1.233071532707383
-3.731901219464953,-1.2222582736538612
-3.698400987766734,-1.2128477115620337
-3.665573060336504,-1.2043290557246655
-3.6318486866603994,-1.1976063369348784
-3.5979051863395823,-1.1918526807582954
-3.564900558421004,-1.1905847534467524
-3.530591089666507,-1.1926678213248996
-3.497226253517419,-1.198559493005236
-3.4663728973926644,-1.2088632497220526
-3.4352599462259334,-1.2212990125248004
-3.40489408393434,-1.2377925899801447
-3.3761011366855485,-1.2532766988859014
-3.349283594462242,-1.2730789901252877
-3.3240025511814766,-1.2951727019958925
-3.302291943914961,-1.3156392765930267
-3.281453262315632,-1.3353031335147663
-3.2609296567766712,-1.3539290668467454
-3.2417602727522885,-1.3739731709609353
-3.223689934426868,-1.3922576585165252
-3.2053359975197058,-1.410837217281
-3.187154232401989,-1.431611750325773
-3.1688606989036194,-1.4515586711842896
-3.150213927367576,-1.4720817220699225
-3.130982657027522,-1.4941170465465505
-3.1095340900914277,-1.5172750485229611
-3.0894106144402667,-1.5396488916447062
-3.069501809408449,-1.5616527550856543
-3.0473473894181136,-1.5861204930086839
-3.025849934784932,-1.6106444904922923
-3.0037427670340295,-1.6306926552798175
-2.9788108584593695,-1.6511523409294526
-2.952637734049758,-1.6722194370020107
-2.9232808252347224,-1.6920819490329126
-2.8917088488520277,-1.7138336416368063
-2.8591424738993205,-1.737887389226569
-2.8236427050107227,-1.7661916760212664
-2.7872643346111468,-1.7949238786084516
-2.7508008102588564,-1.8281759782925755
-2.7134105076142463,-1.8649443778047783
-2.6762630634339843,-1.9009093979789442
-2.6399968530572395,-1.9400951438982172
-2.608847519444698,-1.9803858085872987
-2.5783037995475304,-2.0177541189986212
-2.5520089494376226,-2.0548329240557677
-2.5298604425934235,-2.091373358471057
-2.5134051477898773,-2.129509641627327
-2.499298241340539,-2.1606188513893008
-2.488798009311122,-2.1938036428953227
-2.478761082958622,-2.2270146201877576
-2.46987869934263,-2.258820733735552
-2.4641956809974372,-2.2918006228652974
-2.458829172608319,-2.323730556748839
-2.452993535168714,-2.355615937095226
-2.4488316953936424,-2.3883492726618876
-2.4449950962880016,-2.4198926153090907
-2.4423596111340857,-2.4500312824034824
-2.440297149806437,-2.4794098015513044
-2.4387633038988676,-2.5068791068629945
-2.439572221101041,-2.5335104705537574
-2.4385405939265383,-2.5582055239363823
-2.439339757787555,-2.581907422303457
-2.4417821801216735,-2.6044832235592996
-2.4427943392509968,-2.626087734117361
-2.4458053482078945,-2.6454927238941717
-2.449957820169836,-2.6645151240887976
-2.4537509799382318,-2.682852978441791
-2.457787919711166,-2.7013602932039906
-2.4628462889755554,-2.719419885736234
-2.471531677012437,-2.736843138756683
-2.4795231197457883,-2.7549250761568316
-2.488276571892729,-2.7712223587930214
-2.4986239363377165,-2.786595572806753
-2.5114862902331767,-2.80114008366283
-2.5238617484988217,-2.81421810446294
-2.53622691479538,-2.826034065853672
-2.5524307837062192,-2.8364120528944947
-2.5662831138917688,-2.8456008947170415
-2.5798745610004947,-2.854468423039734
-2.594237025110659,-2.8601419809354494
-2.605628211657835,-2.866277466682007
-2.6160149136645607,-2.8716976329017787
-2.6264826887770414,-2.87665322818806
-2.636407916337376,-2.8816154721753686
-2.6476644557764506,-2.8839333398523954
-2.654116727405291,-2.8878792948398893
-2.6615723356726932,-2.889364279490055
-2.6674835279026192,-2.8884210066113742
-2.6706226092674363,-2.887339219197978
-2.6738826531007707,-2.8843477053381994
-2.677199571330297,-2.881284943817127
-2.676955850933585,-2.8799533562496133
-2.676251326548005,-2.8829587818657454
-2.6754903289660805,-2.8859152848222234
-2.6741818877658896,-2.8940107514425106
-2.6687798582599602,-2.9048082371528134
-2.665597152480472,-2.916567587831218
-2.6627324259458014,-2.929493175412694
-2.656180265014198,-2.94281761516365
-2.650770193955137,-2.956176048804907
-2.6478040477276905,-2.968378538336802
-2.642583188827856,-2.979837831226759
-2.6369466993599397,-2.9911178252024584
-2.633771725395402,-3.0010574000322654
-2.628884056466034,-3.0086141565995446
-2.6241126595347732,-3.015051496305429
-2.6191603620054598,-3.0208992081533954
-2.611873318832,-3.0257614122413297
-2.606485911849938,-3.028199383578375
-2.599330894338137,-3.031574372837828
-2.592076399303083,-3.034736276322621
-2.5850976306993965,-3.036049580579567
-2.5756770904891266,-3.038828136056503
-2.5667467624457947,-3.0407835581992577
-2.557969366932411,-3.042211123219153
-2.5459300651335113,-3.0432426109304576
-2.534504398554546,-3.04344593802188
-2.523501237733528,-3.0431544771558756
-2.5114224283442383,-3.0402332921739226
-2.4971341695890628,-3.037629878208707
-2.482440183416854,-3.035218126701598
-2.467486370949157,-3.0312374267958675
-2.453379884842707,-3.027243221499175
-2.4355139692576495,-3.024448312058415
-2.418334583760481,-3.0215059534525306
-2.4040428183737976,-3.018109601285654
-2.3857207018709037,-3.0156360897482504
-2.3695963078300757,-3.014615882670626
-2.3552141727446823,-3.0116628610975438
-2.3416753212374606,-3.0092403600074022
-2.331590463942042,-3.0068180424412976
-2.3229551494713885,-3.0024926311541487
-2.3161541342062324,-2.9967262938009522
-2.3127957616442663,-2.99043058228453
-2.3091797327573738,-2.98554665640074
-2.3102732896940292,-2.977534836436306
-2.3137104633437855,-2.9702382819280317
-2.3187560105787512,-2.9651999308773007
-2.326196215946197,-2.9599688995194415
-2.336051320192743,-2.955951434292936
-2.345359523869327,-2.9520079223215263
-2.3579345319350016,-2.948419258904066
-2.371569212761057,-2.9421863727648194
-2.3849557106225188,-2.93577540123569
-2.398905009668699,-2.9281682801022657
-2.4149722911105753,-2.918457470143442
-2.429767041567468,-2.907304980143697
-2.4441364346662398,-2.896423562283475
-2.4588537193783027,-2.8861144823200067
-2.4737028731799695,-2.874704432410473
-2.486591946571026,-2.8637750492083525
-2.497560079448127,-2.8540318772320146
-2.5099683879679935,-2.844182836733385
-2.520251608365615,-2.833841613279106
-2.530314476380977,-2.825498367025822
-2.540698824148371,-2.8184995162637745
-2.5486779479887764,-2.8114821337584335
-2.558741896549526,-2.803653524412852
-2.567605202576483,-2.7986210498105013
-2.5748930566475727,-2.792489311722153
-2.584429084987839,-2.784960348521085
-2.5936394485147964,-2.7792837935231187
-2.6030645572144033,-2.7719136631679397
-2.613099253911345,-2.762855284943612
-2.6225086036687313,-2.7548941600768115
-2.63269160947345,-2.74654406713097
-2.642715568238862,-2.7368256221056146
-2.6519208132672043,-2.7283613244372784
-2.6610734847057085,-2.720731373500567
-2.6688558360580354,-2.712029102806363
-2.677224067668901,-2.7029759862984104
-2.685398510112609,-2.695549693964931
-2.6911590031228907,-2.6904592028838388
-2.6977148894299425,-2.683582408275402
-2.705120495579444,-2.6786986731480735
-2.7092620253266815,-2.6759634881447942
-2.7154210784472492,-2.672978935804727
-2.7226717923456136,-2.6714282292260307
-2.730330217529476,-2.6691183995811008
-2.7379484494601827,-2.6693848939809115
-2.746377788852858,-2.6686474172377395
-2.7558912198687993,-2.6666442178245306
-2.767169315076725,-2.6646113330169183
-2.779001772893251,-2.6605244630002507
-2.791308430732748,-2.655248472820255
-2.805980414244141,-2.648910965455881
-2.821573464393628,-2.641220801270331
-2.836878632886873,-2.6326105664209094
-2.8546465960852236,-2.6221466667351767
-2.872276952930315,-2.612232493540289
-2.889487179533305,-2.600912204537256
-2.908143000423602,-2.5885931986518846
-2.9276492650759574,-2.5762780132142966
-2.946566552392054,-2.56495739879348
-2.965610550747871,-2.55270672629013
-2.9856609448597067,-2.5405851322819655
-3.004420747260845,-2.530169371907947
-3.0208281006617987,-2.519204938513259
-3.038477488721305,-2.5071434121278764
-3.055267132730952,-2.4955228003795624
-3.0682887137098493,-2.4843879504526587
-3.0841368392877158,-2.472852335657955
-3.0994347967275147,-2.4622087727698334
-3.112814596275117,-2.4525154188707488
-3.1270907391344185,-2.4430499481968613
-3.140807731961932,-2.434651042263674
-3.1552730388415977,-2.4263453829076536
-3.168159627006181,-2.420049450329649
-3.17990737773143,-2.414221130019966
-3.1927187810408046,-2.4089597254601522
-3.2031032823351366,-2.4049424727276323
-3.2112259342993044,-2.400798974969703
-3.2194402365771837,-2.397663056995946
-3.226014168641309,-2.395252528367477
-3.2302327975746277,-2.393699957343582
-3.2353058509169736,-2.391763713548221
-3.2377173912580095,-2.3914358167449583
-3.2386787468802583,-2.3902712582813623
-3.2373008725376766,-2.3871572394445884
-3.2370178957447857,-2.3837311773969314
-3.2346902597044678,-2.378588837774008
-3.2329405128543485,-2.372948865083346
-3.2307873930211186,-2.364847270529398
-3.2306481393066395,-2.3588497946433016
-3.231229741019563,-2.3523915301820346
-3.232434837551443,-2.345453340818577
-3.235831561597048,-2.337945008238503
-3.2395882438190124,-2.3276522311728973
-3.2419789415882323,-2.318636892169945
-3.2473975846526506,-2.30719314769839
-3.2522919049874606,-2.2950991784338632
-3.257569825403152,-2.282226223945162
-3.2621569397797425,-2.269306296124561
-3.2647579586244397,-2.25794320708971
-3.269965040035427,-2.2453046485548156
-3.2708051457407037,-2.2352328480425068
-3.2708769308219536,-2.2266633134189164
-3.2714973024382212,-2.2184524922535593
-3.2670184819244907,-2.2126878743308205
-3.2627526666653583,-2.2079012943286958
-3.257832706305354,-2.2045466569515955
-3.2484347789711627,-2.2019761469376804
-3.238380421867151,-2.199850101286677
-3.2278817035848415,-2.195950939454583
-3.216083631772691,-2.191375977570739
-3.2036350101431226,-2.18738213556086
-3.1900815287154756,-2.1827002550609644
-3.1784410583883007,-2.176546248587788
-3.1671359614929266,-2.1707973218892502
-3.1534647308916552,-2.1669322760942964
-3.1435887884207596,-2.1623669119702384
-3.133341587533146,-2.1573704645257563
-3.120859658492739,-2.152206484822653
-3.1094670259329256,-2.148234032880769
-3.0976871001855035,-2.142946020133759
-3.08435389545294,-2.136258608360414
-3.0700994883309,-2.131304477706987
-3.054544484378325,-2.12502459081364
-3.038718121993947,-2.118704579341763
-3.0219043706833877,-2.111847019531495
-3.00209503926609,-2.107871550380747
-2.981802060980097,-2.1034883405928673
-2.9607461753446946,-2.0982526330837117
-2.938313605286311,-2.0954047097959214
-2.9169354523253754,-2.0903999386127525
-2.893758183099362,-2.0851678376772833
-2.8711439177862346,-2.080519729719024
-2.849599438746347,-2.075672538889859
-2.8289452975898466,-2.0711983323011065
-2.8078449930420932,-2.067299305163604
-2.7882238176069847,-2.064815659691289
-2.7667617230581443,-2.06156456147241
-2.746956388309357,-2.057101941134147
-2.72507499824031,-2.051286034004293
-2.7007148142108175,-2.0445244123620347
-2.6781912946749147,-2.0352362501171632
-2.6520398508368617,-2.0251335340955197
-2.623374809868751,-2.0163653601080225
-2.5960049676918358,-2.0064420755388523
-2.565977792888638,-1.9961763349862476
-2.5354051982922905,-1.98647995897043
-2.504944296800576,-1.9791020129946788
-2.4732343128586574,-1.9723723854527968
-2.4440494392473595,-1.9638225587427354
-2.413651435332187,-1.957860565239779
-2.3845789681778746,-1.951249221077438
-2.3567317081931636,-1.9431458776207018
-2.3295137976685716,-1.9357822331249759
-2.3046763330472118,-1.9277456586307882
-2.2801246155155117,-1.9184596475022824
-2.257125001386659,-1.9090547544478849
-2.236917307117457,-1.9005016729409054
-2.2169258742749918,-1.8917867261839327
-2.1974504162750894,-1.8835918374611742
-2.179031923396659,-1.8761398248614012
-2.160230537522342,-1.8695452188938906
-2.14303283361351,-1.8616735917740055
-2.126477245776073,-1.8543642567733518
-2.1082906447263796,-1.8489765421074709
-2.0925640755388812,-1.840869285193915
-2.077611393801421,-1.8319798646201744
-2.0620575108065844,-1.8232567732330518
-2.048269779386026,-1.813708634589826
-2.03574907346716,-1.802443089355681
-2.0237180298630673,-1.790937868727864
-2.0133081062714093,-1.7805550636171426
-2.0040465767690883,-1.7685557558345137
-1.9967311296721388,-1.7571407234219638
-1.9926026086359598,-1.745042421641842
-1.9883381995755416,-1.7332996046883924
-1.9863408288111863,-1.7186579619589548
-1.9880902114579162,-1.7029648094278667
-1.9890516157566613,-1.6883636822816888
-1.991246065421306,-1.671339909637957
-1.9943744634008391,-1.6553743199865172
-1.9975637464958895,-1.6411776805027467
-2.001921018357206,-1.626075589051887
-2.0060511121477997,-1.6119174038210955
-2.0112303108647076,-1.5986760742766701
-2.0159343355299217,-1.5856791366291794
-2.019660619739067,-1.5711663848593997
-2.0245829831545312,-1.555925437212216
-2.0289238628461814,-1.542157106084617
-2.0315390178541874,-1.5282909323349387
-2.0359900628887284,-1.5131517066934266
-2.040287218667501,-1.5000363246607717
-2.04356710510733,-1.488855898124325
-2.0476486419823448,-1.4770145731533266
-2.052765358466008,-1.4662696306231249
-2.057554332903617,-1.457714390893701
-2.0618473594492204,-1.4498682101587133
-2.065808390089857,-1.4429534457762392
-2.072310757206154,-1.4371768602839856
-2.077102063500859,-1.4328918790947076
-2.081547455047186,-1.4299132016083673
-2.089238875118208,-1.4278941566426546
-2.0958333388198676,-1.4265652683186725
-2.1015966723089226,-1.426339801427379
-2.1090661285356878,-1.4256334133586641
-2.115003334687849,-1.426136251346453
-2.120772251722791,-1.425754818674477
-2.1270710980999374,-1.424947873430251
-2.132930455395498,-1.4245539583181783
-2.138705831183181,-1.4247825488132269
-2.1440394713592936,-1.4247761519350794
-2.150781236582783,-1.4229677243587202
-2.157086777386303,-1.4228799559354302
-2.161837267878203,-1.423599679772431
-2.1688577805001104,-1.4222664736263206
-2.175301096145421,-1.4229698349798012
-2.17977720464608,-1.425786119347087
-2.18409997929653,-1.4286903878314214
-2.190104132387461,-1.4312890931251687
-2.194553895718113,-1.4346162403601943
-2.197985599866389,-1.4391375847614347
-2.2016469985277296,-1.443441867729514
-2.205577849348598,-1.4474061338122244
-2.2089843311240336,-1.451463283175573
-2.2094549599027715,-1.455870233326335
-2.21182169683332,-1.4593719979148285
-2.2153072220467083,-1.4633563707706674
-2.2158530408310946,-1.4682054279263275
-2.218728991428979,-1.4718680294415394
-2.221692954590822,-1.475593987841318
-2.223617494833214,-1.478476753927904
-2.2270760555312616,-1.4799520726174027
-2.2301426242449813,-1.4810109470774817
-2.2334217505091574,-1.4806597188767756
-2.236229027754828,-1.4790649547742019
-2.2393502912478676,-1.475462710211742
-2.243682822042993,-1.4703718196418591
-2.2453846770896444,-1.4639707846769436
-2.246690368849265,-1.4567818672501573
-2.250983810163367,-1.4479497311628784
-2.25230321116096,-1.4388380959820302
-2.252888678750702,-1.429644957862461
-2.2552076303490387,-1.418259236412214
-2.256069680086946,-1.4053638877480048
-2.254277278464528,-1.393079436627676
-2.2516230129367845,-1.3801562169926795
-2.248376624799241,-1.3658792946411067
-2.244097748965017,-1.3503640231438325
-2.2361151477367183,-1.3346268778127424
-2.2275667856343477,-1.3178725673769498
-2.2191302417313024,-1.2984775777797983
-2.2057314093345424,-1.27769142437663
-2.1917539873997764,-1.2572715765875824
-2.178842941239146,-1.233838987019979
-2.1631453716676936,-1.210714405252515
-2.1483933736178304,-1.1873445725942784
-2.134654456797807,-1.1644704942703723
-2.120103731407717,-1.1414908011137481
-2.105625013232536,-1.1184543256182755
-2.0923490305259893,-1.0969003105532955
-2.0802835472860175,-1.0761770210741868
-2.066943838838769,-1.0567513958475447
-2.0542172367074953,-1.0389758534851399
-2.0435086498281554,-1.0217487297163803
-2.0315266426408547,-1.0050365492291617
-2.01940485656084,-0.9898124765227467
-2.0088520415929634,-0.9749846563960457
-1.9989810230837861,-0.9606393570104259
-1.9871921868050126,-0.9488331815454044
-1.9764593911920239,-0.9396390529508367
-1.9664663409206828,-0.9302307669349194
-1.9559634243230992,-0.9211100967647791
-1.9447786051097586,-0.9141989412692267
-1.9326229828596133,-0.9074024373013718
-1.9214309865426673,-0.8998051254796103
-1.9091960263617695,-0.893489072520624
-1.8956786554431337,-0.8883616755944791
-1.8837901673590103,-0.882460152184571
-1.871497610535645,-0.8777924647470329
-1.8588507593715835,-0.8748414960294886
-1.8473859267209605,-0.8727716833776238
-1.835934384970755,-0.8720712415645736
-1.824954191769013,-0.8732443186447866
-1.8148751045032956,-0.8757357488878638
-1.8051712383090897,-0.8797726891293007
-1.7957648848064331,-0.8861194092794294
-1.7867772911972595,-0.8955789348228134
-1.7796186488429127,-0.9083204549849389
-1.773208954880418,-0.9208763989688165
-1.766087337355533,-0.9358782669792278
-1.7596684612889348,-0.9531899957249951
-1.7539189308814975,-0.9686793343369049
-1.7473289920889281,-0.9849957343190575
-1.7412797905971389,-1.0035215597362086
-1.7357877612361583,-1.020978313567432
-1.7308156055117547,-1.0367241687031792
-1.7258855018575905,-1.054050812913039
-1.7202584485196137,-1.0721862472114185
-1.7145973374026315,-1.0884576741837677
-1.709702843564821,-1.1045357898459451
-1.7041441687378789,-1.1216416443222674
-1.698300252500729,-1.1382910118712994
-1.6937172326415006,-1.1541947794157057
-1.6882978654715557,-1.171559309919175
-1.6828401077400983,-1.188774676395076
-1.6781994517797945,-1.2048598267789263
-1.6717167815606753,-1.220307523798249
-1.6653286616786172,-1.2344853473318518
-1.6596579571876244,-1.2481369788098045
-1.6521842740598005,-1.2589786658714777
-1.6450961922996277,-1.2690683875889173
-1.637619099198367,-1.2784750782108552
-1.6292164826509659,-1.284542358118509
-1.621227972155534,-1.2895891485836217
-1.6123744402374658,-1.2955607181395383
-1.6042359558010897,-1.299253800091292
-1.5967421322602284,-1.3015279772900172
-1.5876553969788885,-1.3052423529773325
-1.5796232032408184,-1.3084741025587483
-1.5712829971813738,-1.3096491718781633
-1.564240580276426,-1.311558019877467
-1.5561084935839424,-1.3145437660426778
-1.5480131236899717,-1.3197787509803212
-1.5436822474854035,-1.3281226778476338
-1.5398887572053097,-1.339986027330103
-1.5350964883317118,-1.3573585256539322
-1.534659901244077,-1.3788114564772302
-1.5359847797985196,-1.4040007635191358
-1.5366771473164016,-1.434360777671209
-1.5434010470946864,-1.4687398573827242
-1.551847775478409,-1.5066817785251154
-1.5616249049126179,-1.547710980884969
-1.5770232579341195,-1.593032071641825
-1.5943655185336816,-1.640576773486353
-1.615164759308686,-1.6903020069384367
-1.6378829071666612,-1.7413072212798242
-1.6636738309184949,-1.7947243404669309
-1.6908629271653146,-1.848138309413095
-1.7202195029200162,-1.9031468328627108
-1.7502074480539946,-1.9587745484699146
-1.7812770429228038,-2.013555651763896
-1.8147849018614894,-2.0693111076210875
-1.8473863491056668,-2.1246381727469115
-1.8803102620648666,-2.1786300116215607
-1.9150628294918983,-2.2322539943891146
-1.9489155919795076,-2.2862606273707056
-1.9831511875913728,-2.3402657451325366
-2.0170856693577184,-2.39351421541149
-2.0520874562802525,-2.447655657855822
-2.0864571004296337,-2.503387767002862
-2.1184108845736875,-2.558435716122646
-2.1514892845352462,-2.6128587172538347
-2.1834772983204758,-2.667974314146995
-2.2122824074155707,-2.721772096226946
-2.242162875939962,-2.7743627916526634
-2.271113483756407,-2.827303134917495
-2.2991040551927266,-2.879448240419337
-2.328057043298871,-2.931511685001241
-2.3573874493458598,-2.983639777000535
-2.387240784039116,-3.036095104947856
-2.4166753266847363,-3.088230755483538
-2.4472062470851066,-3.14086781630136
-2.4801259583990776,-3.193265148162741
-2.5122176964508522,-3.244165463922534
-2.5450026628213935,-3.293789461846344
-2.5804881796153887,-3.3418043216127855
-2.614059260573047,-3.3897613652558993
-2.6496848702951747,-3.4344968349535505
-2.687231006957364,-3.4756917615435237
-2.7241493522660765,-3.514943022931463
-2.759945264902467,-3.5527393788009545
-2.7976490282449915,-3.5881172090960436
-2.836620782601688,-3.617039012334302
-2.874023145444381,-3.6423802071698943
-2.9110308018570437,-3.6658510599028107
-2.952060222184357,-3.682067459977369
-2.990049937926437,-3.6930831685990695
-3.026346749821389,-3.6993272889858986
-3.066829778089429,-3.698572230509993
-3.1020723201391665,-3.692593733982936
-3.1360712882190005,-3.6802883337941896
-3.170955729359799,-3.661885813552255
-3.1998425688564605,-3.6374795991867956
-3.2283159345917083,-3.6078260082607567
-3.254050030850971,-3.5760010884443894
-3.2784831385642255,-3.5391334628949296
-3.3026644315036586,-3.4981034760112593
-3.3253774185405733,-3.455534338172911
-3.3463068881975313,-3.410552316291031
-3.3684873559750503,-3.363030067867103
-3.3905247973940216,-3.3146032834664867
-3.409679468250981,-3.2663847201917773
-3.431370111036416,-3.2185901677019855
-3.454127157933977,-3.170368739605154
-3.474903281230623,-3.123021938261371
-3.4976829134048057,-3.075568212295608
-3.5206685149954184,-3.025146715402305
-3.5445282555210884,-2.9748075043956437
-3.569153006100383,-2.9250499621197927
-3.5938669826471457,-2.8733266988181505
-3.622895626528981,-2.8204476792613615
-3.651807083392682,-2.7673576105449706
-3.6781955500876076,-2.711692511874402
-3.709549209286962,-2.657243199184288
-3.737927480312,-2.602255388843603
-3.765400963536855,-2.548045242273601
-3.792709772698763,-2.4942820041899596
-3.817711886190053,-2.440217080348885
-3.840497544042415,-2.387151824272585
-3.8619930763094614,-2.3347460380438187
-3.8799131849407273,-2.279973428993778
-3.8968262241953515,-2.224683743215711
-3.9078920949073312,-2.172616693762794
-3.9200141562088113,-2.1198141019038967
-3.932406861749844,-2.066868750475095
-3.940032297681604,-2.0177746611980156
-3.9491956383535087,-1.9678285807702103
-3.9593806016824544,-1.918144646070213
-3.9671975318689165,-1.8685773212779284
-3.975610261802233,-1.8217697613368717
-3.983762724163743,-1.7719654404271485
-3.9899332447066764,-1.7196818269560141
-3.994308249189572,-1.6726868251246259
-3.996088246577806,-1.6210095831484996
-3.9901908003030266,-1.5664956275285946
-3.9849117765948012,-1.5117684706996117
-3.969766905057647,-1.4595706557009636
-3.949256939625156,-1.4074120403011228
-3.9150750586898178,-1.3577419962510258
-3.878268144821766,-1.3169887745034752
-3.8355034171252513,-1.2737940990220555
-3.7912747776110627,-1.2364386702112753
-3.744549323587945,-1.19857508072912
-3.694414557702816,-1.1619648382094132
-3.6459023018557253,-1.1264604656748711
-3.5975843539806163,-1.0919379117658599
-3.5469985657783885,-1.0599157502584065
-3.497503159670784,-1.0272256702743623
-3.4510028510464283,-0.9946520178451342
-3.402029036421221,-0.9655079625505948
-3.3511645522272206,-0.9375205730235913
-3.300534247175683,-0.9094370193801067
-3.2485604744305556,-0.8815911864468581
-3.1945787679419415,-0.8555264078982053
-3.140111886353737,-0.8298362106025094
-3.0836307173409825,-0.8053118997005689
-3.0264545089734836,-0.7834176767749914
-2.968860153879296,-0.762896892807107
-2.9095349602072664,-0.7413567375179388
-2.8504636005949564,-0.721483047089489
-2.7889969923666955,-0.7042170738748614
-2.7270726907803415,-0.690161511549532
-2.667158920049516,-0.6798277479336642
-2.606615084333267,-0.6726027323296283
-2.5485058664434184,-0.6700967504952028
-2.4901237270068757,-0.6682962055470447
-2.4347524752602934,-0.668550312705509
-2.379579646188153,-0.6709574990260523
-2.3252906549581107,-0.6727655290886217
-2.271514537478703,-0.6732071934112736
-2.22120018274212,-0.6753626938592493
-2.1698092721495907,-0.6759150878014119
-2.1198290815136307,-0.6703901822052623
-2.0703231593792877,-0.6646836928505739
-2.0193589628180524,-0.657981643309894
-1.9680241801581249,-0.6466492912558058
-1.9171948973942237,-0.6347976211231148
-1.8639030237800567,-0.6230964575182943
-1.8091982562872762,-0.6140338376137221
-1.754215900172395,-0.6039671824430101
-1.7004764157225067,-0.5970713029266501
-1.6471083558282498,-0.5947881038498803
-1.594379657773257,-0.5903382687616071
-1.54368488023342,-0.589199207055707
-1.5013314031181897,-0.5890941638645545
-1.4551282527398348,-0.5921015575389212
-1.418540816845625,-0.5917981324962872
-1.3888229805594434,-0.5921083116637154
-1.3665866902193577,-0.5914039472910908
-1.3451265154985392,-0.5812511026817897
-1.329918241807005,-0.5766298482678746
-1.31138473549463,-0.5689173218299379
-1.296432416372339,-0.5631426475410934
-1.2831879960692962,-0.5623083197128862
-1.268430301387311,-0.5608982449108834
-1.2527732865725651,-0.5659614566017581
-1.2365834392529358,-0.5745501852491528
-1.2209629632635912,-0.585512855118027
-1.2027022153573022,-0.6001613338072945
-1.1849461337891456,-0.6155772415307228
-1.1701231572910518,-0.6317942053722854
-1.1561500615566986,-0.6487136501821874
-1.1420586312842225,-0.6684368671791312
-1.1306582294122398,-0.6890301034135216
-1.1209675115969375,-0.7108095283382716
-1.113836970813155,-0.7355482304308442
-1.1067264144284914,-0.7608595790214472
-1.1024851254410188,-0.7885409764011123
-1.1003354744538485,-0.8190526511411014
-1.0987953025209158,-0.8521359187855534
-1.0992250465999764,-0.8883664862632661
-1.1024167831356526,-0.9252642392896938
-1.1077166724339793,-0.9624941613306477
-1.1127897101604916,-1.001068324154302
-1.1200084787661682,-1.039842812033508
-1.129395250204844,-1.078656210112507
-1.1389227375907924,-1.1199232452869057
-1.1514562312703516,-1.1621163135031003
-1.164776306206177,-1.2058610680185136
-1.1815700491109098,-1.2542005600583408
-1.2019797043244507,-1.3076476505304293
-1.2220309212686062,-1.3643485857161812
-1.2492845239966186,-1.4319893759564124
-1.276668229799305,-1.5039888860883315
-1.3077480781167186,-1.5815422068710254
-1.3467634873385452,-1.6662245422433908
-1.3860971320021604,-1.7536721836926807
-1.427856877467748,-1.84421807937936
-1.474771298436631,-1.9355347574690152
-1.5225268510080856,-2.0258835306081195
-1.5690590824292296,-2.115109220293206
-1.6160518810521813,-2.2025127747931306
-1.663789141069139,-2.2893134840206875
-1.7105741038618274,-2.376324942142315
-1.755323561552462,-2.4643988130234966
-1.7998081838958924,-2.5508068563593786
-1.8452639969669054,-2.636588451341601
-1.8865483515474357,-2.7244134592611586
-1.9278801616260288,-2.8114696586727237
-1.9694420624245985,-2.8998796651191365
-2.0074502312456426,-2.988167645092073
-2.047378840018152,-3.076248234810954
-2.0854077944403375,-3.164254314947319
-2.1219274247527657,-3.2485744777150463
-2.1576774031404304,-3.3310688078781543
-2.193185565597184,-3.409525763432451
-2.2267016053511837,-3.481974108839877
-2.2598674490857955,-3.5521522700747044
-2.2926571729379583,-3.6185959728059323
-2.325857380569677,-3.682535331727248
-2.361026906492489,-3.7426977682720004
-2.3954938408883755,-3.801446613156755
-2.4319584788804924,-3.8577341242929264
-2.470652695308614,-3.9109549186265826
-2.5080045105097017,-3.9624013872682515
-2.5479410950876584,-4.0122162594614394
-2.5883212486559337,-4.0612454341138395
-2.6302477408096863,-4.105735494012108
-2.6744363929213595,-4.147858397935767
-2.716954184954037,-4.187522965275768
-2.7612922388742525,-4.221284502883692
-2.806577723412975,-4.2538585418737265
-2.8501948567959707,-4.282428213217972
-2.895136301693373,-4.305423645569992
-2.940068654184394,-4.324732092128345
-2.9843834868910744,-4.339606737305575
-3.027518246226601,-4.350901162918682
-3.069417675784755,-4.3593488888473795
-3.1111926583912664,-4.365593587316067
-3.150847432266371,-4.368835494687131
-3.186180245643632,-4.368709594737356
-3.2237068858842,-4.36673190713738
-3.256336148592118,-4.358173449637326
-3.2865060189834314,-4.348138551702104
-3.318329917651405,-4.331502572497915
-3.3413380690095713,-4.313700612311864
-3.3624912971293517,-4.2953788306638705
-3.385470287498263,-4.272799221537546
-3.400693176119554,-4.250874665085765
-3.417483454294091,-4.228131479341886
-3.430931986040249,-4.207837536181494
-3.4441987643130543,-4.187501143538969
-3.455187900119224,-4.165944190589534
-3.46473123916882,-4.146334455382163
-3.472421872728183,-4.125023250464231
-3.4792914482657302,-4.105236477327013
-3.4860246541597,-4.083338493985444
-3.4865482287383154,-4.0603354304267
-3.488178085604168,-4.042768358006222
-3.494184239256963,-4.025583258632966
-3.4953497628287202,-4.010273023937469
-3.4982338771253962,-3.998897162918031
-3.500374812185792,-3.985169913699312
-3.504859461743294,-3.9716742755459893
-3.509913791848842,-3.960930812659792
-3.5143593497197285,-3.949213026800096
-3.52143940513976,-3.939224698359973
-3.527290939383753,-3.9313736847251795
-3.5331287036389134,-3.926753563526016
-3.537158912725519,-3.9226827993696483
-3.537368533608978,-3.920443832127999
-3.5351981562976134,-3.923122660844382
-3.5263609100942084,-3.9278124939559036
-3.5134029447374835,-3.9332900317457082
-3.4925680103442303,-3.9414945746408474
-3.464661658920267,-3.9567344758888545
-3.434889999121981,-3.9659062584155316
-3.3994247279567245,-3.979675447457547
-3.359826478810701,-3.997721214075915
-3.320426705647568,-4.010923505219258
-3.278051467272228,-4.026921414817205
-3.234575332940201,-4.0424896862220585
-3.1917768948602525,-4.056898665445213
-3.149538897059892,-4.073218127368513
-3.1080155190738394,-4.088166201653604
-3.065796569002738,-4.10581340096646
-3.0289498825490906,-4.119882611923964
-2.9936907011949194,-4.133068818984001
-2.9610015932893057,-4.145192823356734
-2.9326862171690453,-4.155439946931012
-2.904772915790363,-4.164374850640894
-2.881318378470143,-4.1729599068967085
-2.860005500516794,-4.180775858033177
-2.84164813839443,-4.185378656042294
-2.8222443132429937,-4.195427824391367
-2.807810244471949,-4.2016286653746695
-2.7976350322274106,-4.203519427826447
-2.7827127711645345,-4.209336583446528
-2.7700839839799185,-4.2134915957049195
-2.75758349162459,-4.2175699462417136
-2.7456401977381386,-4.2244039795451345
-2.734361761422394,-4.227689634040708
-2.721755635609968,-4.2370946105482945
-2.7044819209381705,-4.243365936964038
-2.690629758245347,-4.250549424916296
-2.671501632282576,-4.258362185725486
-2.6466678683928406,-4.271358456048598
-2.6208801447255636,-4.289169801379087
-2.596244898265743,-4.304968777497195
-2.560488068062066,-4.321793367071134
-2.5285659560976175,-4.33449783780497
-2.4961729481362074,-4.342469671074549
-2.4630384930152656,-4.350681402010518
-2.4287094145280346,-4.356075690035183
-2.393709216400999,-4.359982784060116
-2.3604444353107277,-4.361452958288629
-2.32500667144798,-4.361025902717039
-2.2906159112516677,-4.360272196264646
-2.2555090128602417,-4.356392515321013
-2.219016693168738,-4.354161049171688
-2.187520119947144,-4.353607956035402
-2.1561792701039737,-4.349028280340383
-2.1330803668205065,-4.345415631272445
-2.107271472144607,-4.343804810881763
-2.0912842463539514,-4.343380001538726
-2.0802822895496615,-4.335670718695657
-2.0704811006141925,-4.334256621883298
-2.0635084419677927,-4.329902977142961
-2.05693475653007,-4.320470709212794
-2.052613642134071,-4.31363887649557
-2.0468157949466987,-4.304367631240394
-2.038148736784398,-4.293746955243725
-2.031057623684866,-4.285603368120371
-2.019685732453163,-4.277120595160418
-2.005885326533303,-4.272056854092064
-1.992836737366229,-4.267364774317889
-1.9747928887951334,-4.267160744528841
-1.9555926294909105,-4.270011651469478
-1.9333816776094366,-4.274798554793097
-1.9071842150856053,-4.28061532671158
-1.8817984949936624,-4.2879082018368155
-1.8505188277191142,-4.295429860085936
-1.8183953248191091,-4.3035379032049645
-1.7839365634658217,-4.314032950434223
-1.7465866973878155,-4.321929627601421
-1.7095279718512175,-4.328636564892242
-1.6685932810650643,-4.338354391506085
-1.6287628905159137,-4.344220485386898
-1.5925339643851044,-4.346176950105716
-1.5537887494565026,-4.350368342855486
-1.5184708940654355,-4.347731517395268
-1.4856921735000226,-4.345402809001682
-1.4560837826678015,-4.339117981118392
-1.4361378309554365,-4.330526010168903
-1.417185621306958,-4.3239252478708465
-1.4063728792686656,-4.3111386229845605
-1.40426975577731,-4.293463027559679
-1.4116688388716068,-4.270055759822263
-1.4171962523647166,-4.243276178944731
-1.431423799683777,-4.213309538462231
-1.4484671493397976,-4.183036214258249
-1.4638305408106764,-4.15542137029053
-1.4822851257555176,-4.130855301189057
-1.5002938697002255,-4.108397196321373
-1.5194763521302377,-4.087443253522065
-1.5360614283759246,-4.071424397988719
-1.5555741391725384,-4.058798665293085
-1.5765289442234223,-4.047550628221232
-1.5984603919820553,-4.038398723291942
-1.6255889267219816,-4.028614435947618
-1.6510485669397832,-4.017079860134983
-1.6791323573789956,-4.005672809168262
-1.7049465796973828,-3.991310128082921
-1.737855649247068,-3.97736015522405
-1.7697754369332779,-3.9606403661361522
-1.8004822222269035,-3.9441270108374322
-1.8330248293225635,-3.9286669787168997
-1.866862655898633,-3.9127976451014512
-1.9031793453700194,-3.8999431950121695
-1.9365529393540368,-3.8916494770381402
-1.975654608541381,-3.8884717868984886
-2.018672442508232,-3.890458145542981
-2.0575427688004093,-3.896395292751965
-2.1019511510136866,-3.9041657651936257
-2.1489042727220076,-3.914101468152148
-2.1938706389676477,-3.92343965930402
-2.242580940928705,-3.9340672645330126
-2.2921269657563927,-3.946216477117292
-2.3421422813473662,-3.9552389635085308
-2.393109433308319,-3.9657877717036376
-2.443811672079645,-3.97393009432983
-2.497253839519529,-3.9792242727213143
-2.5500941038644855,-3.9849623164421026
-2.602426587354647,-3.989916841708089
-2.655671094458356,-3.995345597052138
-2.708243915834893,-4.000838306342393
-2.7617214156383403,-4.005431526772144
-2.814153241303073,-4.011192469731801
-2.86588300340061,-4.0198148209796365
-2.916546889529251,-4.026417240351407
-2.9658496723229617,-4.037410401448687
-3.011982845174532,-4.053580659215462
-3.059195136500263,-4.066068547021154
-3.09902069312752,-4.085315991246101
-3.140220429913762,-4.101427355656035
-3.1766471129049725,-4.1183199536836534
-3.2020375252150037,-4.135902777489543
-3.2255368815318564,-4.154735353512401
-3.2424730900538328,-4.172416003704459
-3.2533831972185445,-4.191606806911802
-3.2612414376050656,-4.213482543895437
-3.266332165531416,-4.235318778262666
-3.26813789117176,-4.254466237180622
-3.265184843049493,-4.276211838373627
-3.261351833471644,-4.297919501861367
-3.2518246433149898,-4.31880905036017
-3.2405118117636538,-4.34280740239649
-3.2284005430230556,-4.365731820760348
-3.2113481285271113,-4.387048430885782
-3.194721359773435,-4.407836665648837
-3.1761101884840817,-4.429468347705268
-3.155678224969315,-4.448561134743186
-3.1362107706867146,-4.467211617950333
-3.113329871241787,-4.482717166143241
-3.090049617357233,-4.494970212234002
-3.0666148999535303,-4.504811067908957
-3.042300393012068,-4.511335063529773
-3.0157871875700177,-4.516337433509994
-2.9864031461018015,-4.520600531194762
-2.9580697503928497,-4.520014325711149
-2.92664662948181,-4.5161015622275285
-2.892355575831599,-4.508756590335378
-2.857410264913531,-4.499752538740378
-2.8197018118640442,-4.489664983502654
-2.7795503004691677,-4.477412993836217
-2.7389596247028694,-4.467589130020539
-2.695378815747704,-4.459025390486965
-2.649753160488125,-4.449076958410356
-2.604338507060275,-4.4426040321823015
-2.5572187201062815,-4.436423178422406
-2.510401816835401,-4.4329022811753
-2.464688963160455,-4.434019152098351
-2.4175876294946157,-4.435046792663221
-2.3712743014132625,-4.437377225851217
-2.3273902475366746,-4.440095957919754
-2.2822053490006398,-4.443886092702043
-2.2364232858782906,-4.447387131883557
-2.1957817413783745,-4.449994826541512
-2.1549296270449014,-4.452583807519028
-2.116801910015307,-4.454673812382445
-2.083785922115234,-4.454046622849356
-2.0529336249228964,-4.450914127666861
-2.0239280799770807,-4.452324364538849
-2.0024077562471296,-4.452621400888198
-1.979487447016785,-4.453577332878526
-1.9649187437353433,-4.458704537969286
-1.9584232130066521,-4.468996658965703
-1.9539464600538767,-4.477150516464084
-1.9599343178505335,-4.488601144004779
-1.967188668650656,-4.500044870488831
-1.9791888387745564,-4.511004183887263
-1.996158064414716,-4.521544739196543
-2.0141415935193105,-4.53075149665378
-2.038735794598331,-4.537776545164914
-2.0638517621998127,-4.545285140528805
-2.0965977312407067,-4.550231152916853
-2.1299595961624034,-4.55141280221
-2.1623981115262847,-4.551672327562635
-2.201001090393818,-4.551661522975931
-2.237772036615666,-4.550922935204139
-2.2740944539634493,-4.549439621116793
-2.3143408567517176,-4.549017644500309
-2.3520810899104143,-4.548857281025826
-2.390593591068278,-4.549093461673203
-2.4277855377292243,-4.550936161056545
-2.4651724166677456,-4.550295220656134
-2.503413059986031,-4.54993456738217
-2.5413129348331367,-4.550509369746411
-2.580210303661459,-4.549382279934852
-2.622210085026739,-4.549430169387008
-2.6618459891531407,-4.549837902468154
-2.702774588407026,-4.550501358310299
-2.7470758763168504,-4.549139293494294
-2.791204487119551,-4.548359782029369
-2.8340238990005564,-4.548506740233644
-2.880462839845261,-4.549095684603119
-2.92730959087399,-4.547548970768494
-2.97418214878765,-4.545216344348399
-3.021263442894348,-4.542047666013583
-3.067930779502226,-4.536658314049335
-3.1141035961112955,-4.527490587181689
-3.1560773783225096,-4.515007396109121
-3.197952060705492,-4.501302402788584
-3.2390189651730776,-4.4837223492069835
-3.273306860476631,-4.460949715804423
-3.306044862703723,-4.437597335022347
-3.336225300435338,-4.412004475960869
-3.3606255602650785,-4.386616956125419
-3.3816494598285654,-4.362792738404546
-3.401261019035647,-4.340880354220563
-3.4165311574787394,-4.320426594934426
-3.4292646453177285,-4.301431929588754
-3.4403926620518823,-4.282917698415709
-3.4496904705306393,-4.262658025887824
-3.459960787382589,-4.242249069924411
-3.4672628581400327,-4.2206615644326835
-3.4751527908407374,-4.196978798638536
-3.4840971229028472,-4.170161378031627
-3.4887776459036486,-4.139606255420642
-3.4961469912455323,-4.109568009411751
-3.5021450641387735,-4.07444755744872
-3.5054553686951513,-4.03566080623261
-3.5097647631671207,-3.9998653856455406
-3.5122620756815532,-3.9617428199982085
-3.5141223593172204,-3.921385342528676
-3.515296426172714,-3.882693754355516
-3.51474430051127,-3.8451918128449427
-3.513713274843438,-3.807533346769983
-3.5117445548524793,-3.7719825215097575
-3.5089284525649593,-3.738029411910444
-3.5061483118051218,-3.70436911426409
-3.501990216117108,-3.6721287731874246
-3.498357236407523,-3.640565329888971
-3.493527381311122,-3.609905685443812
-3.49003965438172,-3.579373712991563
-3.4848603059653076,-3.5524072120001775
-3.4790213322287262,-3.5275867714101095
-3.473521128463713,-3.5023229235902464
-3.468468051594472,-3.4768874825963714
-3.4602235787917843,-3.4529267405085444
-3.452035030662481,-3.429508375890889
-3.4442533492573935,-3.4047561843746768
-3.435717742067236,-3.3829491996505414
-3.425766803343549,-3.360445794505146
-3.4174473417175544,-3.339039492354011
-3.4070902235722955,-3.3171783656219302
-3.3944473193747027,-3.2931837424619963
-3.381386794897012,-3.2751165630021255
-3.3666682186591386,-3.2547013491713788
-3.350057936018497,-3.238754365988406
-3.3299227309693613,-3.223397060397956
-3.3045325952586,-3.208684338480723
-3.278236794614976,-3.1957924588077007
-3.2494348358307885,-3.1833299019438166
-3.219566071142466,-3.1761542784539194
-3.188779468370818,-3.17095257269416
-3.161934057596789,-3.1705382375077074
-3.1360257484367993,-3.172871037977931
-3.112878710577927,-3.1738106259566004
-3.090574080348146,-3.1724094124658433
-3.070146065803215,-3.1687789840690486
-3.0518758432704973,-3.1638038654605536
-3.032794023929009,-3.1533370716918814
-3.015973495813787,-3.141337336623876
-2.996914833032025,-3.129866188243897
-2.9773084726616754,-3.1160185018036435
-2.9595762882029044,-3.0996264741734647
-2.9393841748823504,-3.0874992504381216
-2.9190917684758446,-3.07735618221919
-2.9005831668050064,-3.0643131335534637
-2.8808917670298926,-3.05588599733211
-2.862617781184117,-3.0498166851427175
-2.844578658636334,-3.042572170696531
-2.826531015013683,-3.038325214707968
-2.8096135306005485,-3.035384414038229
-2.7908443442742974,-3.033528576616501
-2.773164190309391,-3.0297913097969267
-2.7562410533523805,-3.0264563548436523
-2.7381381255485198,-3.0234192448451918
-2.7205884021638176,-3.018420232647376
-2.704226777859845,-3.013513385702304
-2.6857742579516275,-3.0089887986593276
-2.6678584753409194,-3.0043333298422747
-2.651384566917547,-2.998937638050148
-2.6341403721673737,-2.9939422324685174
-2.617968356638562,-2.9886823926645922
-2.6018601138413695,-2.982025545348547
-2.585343403269229,-2.975724530743604
-2.5700212535769507,-2.9703401771796094
-2.554663681109114,-2.9635341171554557
-2.540379294711475,-2.955051123282567
-2.5268549925398527,-2.9475117043978725
-2.5120253987398624,-2.9380063364713616
-2.4982677811679865,-2.928333433660279
-2.486478408007158,-2.915708038275659
-2.4739325318165846,-2.9020218007492375
-2.4628077467871976,-2.8904013495068144
-2.453318876543799,-2.8727618957395338
-2.4446168442632956,-2.857242240092457
-2.4384035375852933,-2.8383813049403916
-2.434228707006459,-2.821527409143466
-2.4375692348298377,-2.804954807752889
-2.442341489852071,-2.787219112337687
-2.4471701782468016,-2.7717175609646487
-2.4570256041003673,-2.7545570983564365
-2.468327518309108,-2.7360334084636087
-2.4759612916852403,-2.714843688436828
-2.4843591254005313,-2.692663895351975
-2.492192120900672,-2.670179748354151
-2.4976263107103835,-2.6484086221448373
-2.501116070654652,-2.6287266508585767
-2.503430843885787,-2.6094330039154117
-2.505143505755864,-2.592245901471148
-2.5024895000869147,-2.5770242043721656
-2.5008028625545955,-2.56205918001625
-2.4987922331259904,-2.5489628832383633
-2.493671434205301,-2.538564007726632
-2.4865344028827314,-2.5275660548296184
-2.4811475504739993,-2.5154780913628056
-2.4733485268568898,-2.5054994386778837
-2.4631678680572477,-2.4948658916621946
-2.4523424540210343,-2.4831424666711643
-2.4412427443292826,-2.4712832700231875
-2.4277973961534336,-2.4569589291676976
-2.4120003121777653,-2.442168037139348
-2.3974790490877393,-2.424830011746324
-2.382221178061886,-2.4063948920044367
-2.3641754033494236,-2.387181601017027
-2.346262408875286,-2.366482775344418
-2.327726437872569,-2.343850996541449
-2.305763110408657,-2.3198627830363874
-2.2838081789918108,-2.294474437611258
-2.2615791022812446,-2.2659687862229667
-2.2365223885487278,-2.2368198346113806
-2.2114469991295183,-2.2065294421444737
-2.186774222859578,-2.175655539977934
-2.1605337535365408,-2.144481330199863
-2.135301385966325,-2.112900461154144
-2.1088392154184477,-2.0809230165506816
-2.0820531843459222,-2.0489652377793455
-2.0566134418683486,-2.016853179692647
-2.0286271325999286,-1.9848062473511578
-2.0020376803392965,-1.9520362158622233
-1.9773470964434483,-1.917606318032212
-1.949573373545655,-1.8835834977909818
-1.923842552414212,-1.8486987769774788
-1.8996337631667481,-1.8129390412190844
-1.8750142154006284,-1.776534857662912
-1.8505142924077695,-1.7404017164397507
-1.8277221031719806,-1.7044384132221861
-1.806325752741149,-1.6666839688086061
-1.784050234742069,-1.6295693176505688
-1.761535692189904,-1.5940263409284385
-1.7415377762809308,-1.5576003102889893
-1.7208585237909078,-1.5217040099972712
-1.6992521587028482,-1.4869082832917337
-1.678879734619019,-1.4534440525032835
-1.6587379892572882,-1.4189062784184028
-1.636881837432162,-1.385877954994408
-1.6167813430406945,-1.3539830873866405
-1.5964932457219394,-1.3229981688833559
-1.5746144303826917,-1.2927939951961662
-1.5533073011167622,-1.2637938590887012
-1.5330673300532554,-1.235766846378167
-1.5124535164631945,-1.2052503107934398
-1.4894995721024729,-1.1754467816767418
-1.4673882003446126,-1.1447395248641716
-1.448255876168889,-1.1109353767944634
-1.425745654298199,-1.0780694833697722
-1.4044032827243502,-1.0440177719286228
-1.3860073651494667,-1.0073036508767954
-1.3677130021848247,-0.9723729795064051
-1.3482890066382776,-0.9354454278009725
-1.3311301349606215,-0.9001308771465607
-1.3156273536575778,-0.8653000351678365
-1.3006753196446725,-0.830033726731435
-1.2870978407110494,-0.7980254899843647
-1.2762579397197074,-0.7673139443258824
-1.2675672284428594,-0.7363987323808847
-1.2625513453646358,-0.7093378239303356
-1.2586635425981412,-0.6847640322655393
-1.2588248073218233,-0.6622282134915556
-1.259393168329418,-0.6429083343140349
-1.2639471202266046,-0.6275973552569217
-1.2734207016973165,-0.6160167198768391
-1.281812725758749,-0.6055058764786639
-1.2962029017926961,-0.5980177793604623
-1.3136780783250634,-0.5965957139617962
-1.3335096104274722,-0.5938245341627665
-1.3585819882977292,-0.5936021372951813
-1.3838253496743342,-0.5993347876411469
-1.4109863080149794,-0.6015878100826246
-1.4397959219731464,-0.607422230756952
-1.4675576182409802,-0.6134110406348875
-1.4958520610467336,-0.6209541265121906
-1.5243417955943288,-0.6300380942382204
-1.551731980360375,-0.6382535235007588
-1.5779246464310448,-0.6493065205271744
-1.6043368122202248,-0.6617594447947295
-1.6296382535702008,-0.6737241490212257
-1.6547968727962632,-0.6886882062157409
-1.678260466924093,-0.7052978196994256
-1.7014300596774785,-0.7221258152834419
-1.7262031340386719,-0.7396796414095511
-1.7491426493799713,-0.7593912659889284
-1.772711062022022,-0.7775510159326272
-1.7958907895768959,-0.7950215772448177
-1.8172347026277682,-0.8152030771501432
-1.8378490698044536,-0.8322632209240399
-1.855910935225141,-0.8473225881982511
-1.8744366909519514,-0.861759528604335
-1.8911414209145185,-0.8757805437705243
-1.9052015674216156,-0.8899045314760428
-1.9199636501907023,-0.9033169429846736
-1.9333781293951826,-0.9219788510071941
-1.9472478536701356,-0.9439671432851627
-1.9614700366317042,-0.965676902004782
-1.9760709923228381,-0.9945082871895897
-1.9929795360733742,-1.0265539680898772
-2.009872849078674,-1.0604314307879446
-2.031377529214703,-1.1025089658153
-2.053165145141433,-1.14786520137937
-2.080059882268387,-1.1990407654706485
-2.1115058327908436,-1.2558247338955706
-2.143451858628254,-1.3103755172762876
-2.1794802795324313,-1.3689778893378957
-2.216474468789795,-1.4276624632686326
-2.254457590319462,-1.4837750565756305
-2.293185076707938,-1.5411561955690571
-2.32833709503877,-1.5981180744368069
-2.3659932127004164,-1.6525475385303963
-2.4010954875430106,-1.7062895444729904
-2.4349883323199046,-1.7599782756833726
-2.46670833513559,-1.811771447570377
-2.494509234848399,-1.861774308898898
-2.5216562724923475,-1.9133882538388807
-2.543914391944192,-1.9629470106490696
-2.5617373164342983,-2.0080137431941885
-2.5775287438364103,-2.0575816455365072
-2.587112875696166,-2.1035608687853804
-2.5947302821111053,-2.1468087665652726
-2.600415876655846,-2.191456242290328
-2.602763843028376,-2.2343695002137043
-2.602283041550723,-2.2800117393235655
-2.6029498346162256,-2.323334052702227
-2.6018336461176776,-2.365306119691349
-2.5983703709982784,-2.408642491755163
-2.595514390701377,-2.449081943486306
-2.5930686368339586,-2.4872860034215645
-2.589430764046037,-2.525703691399149
-2.5855994809685714,-2.562665947577097
-2.5834621626178027,-2.597303606336279
-2.583508923302831,-2.6295352313789264
-2.5803521088688597,-2.6618764957155294
-2.578534425675948,-2.691620456447597
-2.5785111927243354,-2.7220114116818097
-2.5769232284758212,-2.7531544422047993
-2.5758655681122695,-2.7816207611536985
-2.5773781738624884,-2.8149671536427707
-2.576601788967991,-2.850768327277528
-2.5758892720330726,-2.8867292381807728
-2.5756300359021216,-2.924289075070216
-2.574532896696084,-2.9620596048972336
-2.5731656131951897,-3.000296965605264
-2.5705136458645472,-3.0353265466799244
-2.5678245514368667,-3.0663188368179837
-2.5645566351786653,-3.0976891741763515
-2.557320665611482,-3.124324886555649
-2.550580953306419,-3.1468963308413955
-2.5431347828827753,-3.1683136571821295
-2.5280386736983247,-3.183326994466745
-2.5132794509186103,-3.1947777416196512
-2.494720469777807,-3.2023443193287595
-2.469801007800959,-3.2055837450352764
-2.4440156142635114,-3.2103969339798843
-2.4133683358127045,-3.2148719168544
-2.3814143179817386,-3.2180909324675366
-2.347877813175457,-3.2238833604400243
-2.311019381572497,-3.2304833264888444
-2.27642269581405,-3.235493369569472
-2.24095583226543,-3.241385311711667
-2.203791858839322,-3.24694636674151
-2.1701775515681856,-3.2514525362807496
-2.1361620628692166,-3.2549873261993754
-2.1030160831184173,-3.2566367836435344
-2.0738820271676306,-3.254829495576442
-2.0454011595762536,-3.253645651291536
-2.020797574040521,-3.2496202539408037
-1.998050825338138,-3.2430574014595948
-1.9792241966909547,-3.238179747174134
-1.9654848612664158,-3.231911643930298
-1.9531045853498947,-3.2291503588221735
-1.9453073052761007,-3.225050881700509
-1.942292536306553,-3.219327147476651
-1.93810656187379,-3.213679142670209
-1.9341603046378455,-3.2093556559419367
-1.9321795418799854,-3.2046675788892984
-1.9299987018046287,-3.2000120497699656
-1.9248496481559674,-3.197560579582322
-1.9216765970857899,-3.195530591012468
-1.91612526635344,-3.1938657476819268
-1.9104958827983023,-3.1913800561400714
-1.9028897116135357,-3.1929211335464074
-1.8942736261769606,-3.195344855283621
-1.8865014182233015,-3.196260247043754
-1.8765969763682406,-3.200484251714088
-1.868981831390049,-3.2037262173732457
-1.8621627408955042,-3.2085849893162
-1.853277985931725,-3.211791796545494
-1.848816654250637,-3.2139760436453217
-1.8440807878951195,-3.2165816125378095
-1.841100624781829,-3.2169800419356145
-1.8418984963976783,-3.2173123683032756
-1.8425203536206147,-3.217589637606593
-1.845237018169751,-3.218060328188332
-1.8511697454889982,-3.2204893954336433
-1.8572163987645232,-3.222432107873604
-1.8675357583803962,-3.2276061431104894
-1.8788994162248474,-3.2336507075120964
-1.891708704629761,-3.243584199722827
-1.910816360948728,-3.2552489038087846
-1.9317557062822561,-3.2641288207802734
-1.9540630971744475,-3.2755433348581615
-1.9811770472954253,-3.2871646164081247
-2.0083233454843876,-3.298581034100347
-2.0379581013580603,-3.3092531823331455
-2.070973138500831,-3.321539408129621
-2.1027299361434957,-3.334058157943766
-2.138316130216647,-3.345532970060412
-2.1743836644954886,-3.3586155962440043
-2.2094088392032205,-3.372463392664697
-2.2471576274524083,-3.3853594757316023
-2.283028385066987,-3.39984632535013
-2.319015948562294,-3.413990789296352
-2.3542489820860903,-3.4281106135949244
-2.386737152428814,-3.444459312435191
-2.416825300832934,-3.4595545828543086
-2.4435232886603333,-3.476124677575832
-2.4679105066725255,-3.4930150015944648
-2.488600186464907,-3.5094457141587885
-2.5037523399645254,-3.523817743436317
-2.5175249067176204,-3.536989118235881
-2.5283625892138364,-3.547426226292569
-2.535587000729371,-3.559665501033327
-2.5391609827864317,-3.570483684686253
-2.542614021109685,-3.5771587539423386
-2.5448513470022105,-3.584586397024781
-2.543977208851433,-3.59074043128767
-2.5438480290667145,-3.595441684394829
-2.5416145964025714,-3.5982105611813235
-2.53837360313222,-3.60056712194401
-2.534384470776891,-3.6062148942534957
-2.5300793448355634,-3.6049784909015288
-2.5272656049884015,-3.603553484580289
-2.5249454489280105,-3.6029871017692043
-2.5210914747890847,-3.6001198541715924
-2.519782192693262,-3.5967441396918542
-2.5196362888128947,-3.591017671394146
-2.5202144216617848,-3.584947328015891
-2.5229741528322123,-3.577102716154905
-2.525895383721487,-3.5687475378070763
-2.5306439347903913,-3.5588010364212064
-2.536115285038667,-3.5458202444348994
-2.541547186582812,-3.532702064757433
-2.549243917938102,-3.5182776824510102
-2.5558070541893083,-3.503182196317686
-2.56212099756052,-3.488009879456954
-2.569102011099105,-3.471067895763593
-2.5745839082582758,-3.4555266101228876
-2.578476424913324,-3.435851896365173
-2.5807622109157125,-3.4155215344306145
-2.579713770464334,-3.3982744623834105
-2.5772171515421753,-3.3791433619580733
-2.5726114914369655,-3.358765956915645
-2.568289451648578,-3.3380070355330296
-2.56155973380369,-3.3166369048481226
-2.5507958634228176,-3.2928023091122864
-2.541868433948456,-3.2672334997297945
-2.530415244980529,-3.2411782786161685
-2.5155483669159593,-3.2130262213403116
-2.5019664028810022,-3.1837677869512584
-2.4879133781060743,-3.1536687453598886
-2.471828759740828,-3.1224801971959795
-2.456077835852799,-3.0920972726399905
-2.44069946364788,-3.0645560257414997
-2.423517230732776,-3.036671940325173
-2.410512122769982,-3.011821402966499
-2.3990266608128703,-2.9885390157013147
-2.389160238708197,-2.9653048395707007
-2.3826520064481143,-2.9445043136968967
-2.3787391683511823,-2.926405082118347
-2.37588600660925,-2.907900826959611
-2.3750660381898334,-2.8927289463924435
-2.3753584174416518,-2.876224575653336
-2.3798297161355295,-2.861792051473739
-2.385680824085819,-2.8492122433308564
-2.3925220786747228,-2.8367975060241473
-2.40207798289184,-2.826794794070868
-2.4140678111148945,-2.817845451848798
-2.4258665473283254,-2.81005792031014
-2.439143461877894,-2.803054387361777
-2.453478028663474,-2.7946671339143223
-2.4676567020275613,-2.7892016333412712
-2.4822251670698936,-2.7837342852736366
-2.4940671844909175,-2.78038714792928
-2.5094073398927264,-2.776070088568202
-2.523465130057621,-2.7724990268170755
-2.5343552739304043,-2.771711455219735
-2.548225550020443,-2.7712154202564996
-2.560835789191772,-2.7733776027695276
-2.573072831694326,-2.774041971200908
-2.5868012068897612,-2.776875004815844
-2.5993488499056423,-2.782415376202792
-2.612942082574942,-2.7862652356913076
-2.624712427480372,-2.7919699027947975
-2.637294902499616,-2.7966156237108146
-2.6519370234824913,-2.800649476482036
-2.6646745493193187,-2.8053742849169625
-2.678528142028568,-2.8088488109719627
-2.6952362005279022,-2.812085322179137
-2.7100471639370367,-2.815185688856686
-2.725874893948417,-2.817247608915484
-2.744030935855267,-2.818740182813986
-2.7614436168284477,-2.819038583980448
-2.778914091505809,-2.819591638787183
-2.7981848924812884,-2.8189732867179558
-2.818017624205562,-2.817334873368061
-2.837833116512997,-2.8149320045986386
-2.8563352315987616,-2.812550564654746
-2.876104717125357,-2.8100920743432503
-2.895891521219539,-2.807686927581964
-2.913135692236392,-2.807621352869899
-2.931958035830156,-2.8081052113932614
-2.9522737601844455,-2.8083043639220238
-2.9716426526232875,-2.8068702632049543
-2.993736056465538,-2.8065934650052973
-3.0147888132019363,-2.803668574909997
-3.036483476468936,-2.8003533856043012
-3.0561985225778048,-2.7955777633667114
-3.075481837876373,-2.790438625667403
-3.0952702111080748,-2.785636097464728
-3.1141993169327957,-2.7800944019658407
-3.130584235274812,-2.7751839579839235
-3.1474050220836816,-2.7706621436199605
-3.1647771347646563,-2.766908437252563
-3.1792588528434145,-2.7659186291477447
-3.193938519326463,-2.7644789503236664
-3.2099538467758446,-2.7633670295399497
-3.2224389038964936,-2.762253615541861
-3.236005751481757,-2.761389561229207
-3.2505178732471975,-2.7607962583199597
-3.2631501049061087,-2.7585316891366234
-3.276225062689169,-2.7563693310561708
-3.2881532725947547,-2.754486939367906
-3.300614580011504,-2.750371963364593
-3.3120432305074687,-2.7462313342238076
-3.320223328152803,-2.7447414006017743
-3.329374900706591,-2.7416354634937528
-3.3372116698039123,-2.7380283083681585
-3.3424000345187,-2.735534774221428
-3.3474296073621947,-2.7360278088567513
-3.3501694351414972,-2.736428154737105
-3.351624229179034,-2.7378129886801466
-3.3527372934742603,-2.7415830013603557
-3.3524857636573557,-2.7460135967287567
-3.350497502432677,-2.7527982114666774
-3.3467610299278916,-2.761313810990631
-3.3404194917310517,-2.7706374825703053
-3.3332014173774303,-2.7806533337033623
-3.3219871238107666,-2.792460856814079
-3.3091800256782515,-2.8070087104326777
-3.2936302544845577,-2.8206923813343185
-3.2761506328025245,-2.8329318319385552
-3.2569176919262626,-2.8467745536583546
-3.2383690167786585,-2.859125286497463
-3.218220566037397,-2.86960772534884
-3.197801420551844,-2.8805511724333757
-3.17827738355212,-2.8919936761040814
-3.1595714731165216,-2.9016634072629346
-3.142640206710197,-2.910110051043996
-3.1255989796107,-2.91898707389537
-3.109317431340179,-2.92511952809751
-3.0955501181137604,-2.9285036467762033
-3.0803242677797207,-2.931872712924481
-3.065550753490722,-2.935550033325605
-3.05011125775605,-2.9364202713536796
-3.03360823644561,-2.937815061065305
-3.0164396398304776,-2.939040908978207
-2.9995922736900735,-2.940226859167585
-2.9805684516328057,-2.9388816091081695
-2.9603166088895354,-2.9361855943633857
-2.9401936719094524,-2.9342994512775937
-2.9199217354377436,-2.930775964633961
-2.8998483464028064,-2.926710699090421
-2.8783174030013416,-2.923534490420059
-2.8585472827354232,-2.9173050236814273
-2.8398020966541457,-2.910174604836631
-2.819505422948609,-2.9035214358101697
-2.801249826079421,-2.8954316873544976
-2.7833875254707108,-2.8870118164703724
-2.76584449198452,-2.8771643209185815
-2.7486908368521785,-2.8693582777318496
-2.731167033793493,-2.8616997745584793
-2.7139583508586154,-2.852337360194924
-2.6985473610682376,-2.8442125383488137
-2.680576647039572,-2.837837098500265
-2.6632955392694173,-2.8280593487116112
-2.647376386830806,-2.819067633732181
-2.629058188537613,-2.811897316821367
-2.611605885457567,-2.80188621706165
-2.594997177652158,-2.7912452765096334
-2.577209788411078,-2.7816397250679943
-2.5596495368336836,-2.7700115459518293
-2.5406408312277513,-2.7571535815581556
-2.5230864108129003,-2.7426557947652483
-2.5056202763713147,-2.7268320054356843
-2.4872390914014084,-2.7087282804812958
-2.4718017537657944,-2.687909157141446
-2.4562502878972183,-2.66633797504486
-2.4401040644249443,-2.6402992357907262
-2.4261785244788605,-2.6095268592487724
-2.4148230205533143,-2.57934790815158
-2.401101583269055,-2.5490277034493003
-2.390263087914227,-2.516366184216431
-2.377878000874131,-2.4846574276342377
-2.3641811051389956,-2.4535889109160487
-2.3499840185540357,-2.4230243624394223
-2.3348550645878134,-2.3920176368885846
-2.3198267461482858,-2.3617937468214505
-2.3025038990993694,-2.3335386793991146
-2.283907036280223,-2.305268739639787
-2.2671623480741965,-2.2780096932176526
-2.2473597527468248,-2.2533636950861187
-2.2262384821845873,-2.229499201854963
-2.2056167585857573,-2.2056531199705725
-2.184825753889448,-2.1837596285185055
-2.16338818253141,-2.1626523686808357
-2.1418258506421815,-2.142666568549164
-2.1209271335933972,-2.123703809664002
-2.10180579061167,-2.108446797958674
-2.0823617974090447,-2.095197294348851
-2.0645885847511054,-2.082708428399719
-2.049087170210507,-2.072419754584651
-2.0326836624465265,-2.0635961855390086
-2.0186752103592585,-2.0535730388476323
-2.0069211201085686,-2.045553942813638
-1.9955250220565046,-2.039695060104688
-1.9852544184115344,-2.0342564752665044
-1.97848035285268,-2.029998766324234
-1.971772466711275,-2.027444250872923
-1.966050235769259,-2.0274267692342307
-1.9628833594519726,-2.0278066118980798
-1.9618441811080023,-2.0287953515650927
-1.962636476365173,-2.032581917429147
-1.9617058606870157,-2.037697549924885
-1.9654714429267124,-2.041222546100276
-1.9701437660130137,-2.0452465589173663
-1.974254691640827,-2.0507968265918692
-1.981035286164255,-2.0544371083620074
-1.9900563601118768,-2.0584943494899184
-1.9984926260404483,-2.062035493842114
-2.008123631088277,-2.064706698584319
-2.0197892084471243,-2.06853184976434
-2.0320650621604366,-2.0726391023058595
-2.0443220527181096,-2.0777591080281033
-2.0578249234729906,-2.083671032478908
-2.0717257001037264,-2.091320243077873
-2.0855519446345667,-2.100411124856872
-2.099667138094136,-2.1108213732061625
-2.115229018141345,-2.124152117451743
-2.1309412601148066,-2.138748812436377
-2.145220471618352,-2.15348287953087
-2.161080378131343,-2.1691801584174355
-2.176645824488947,-2.1851559776054756
-2.1913431258867786,-2.2014258694495856
-2.2072847816319197,-2.2196631745565876
-2.2239096844241963,-2.2372201287752134
-2.2394796415965987,-2.2553831286582198
-2.2542638345091883,-2.2747547018344862
-2.269448830734309,-2.293671443224593
-2.285876318672779,-2.3112842495204418
-2.3002757292399854,-2.3296313965076703
-2.3138235657712576,-2.3482942209407716
-2.329068366073176,-2.3654231529370193
-2.343104783539888,-2.3821598625353424
-2.3560475264240015,-2.399217701025003
-2.3710967064314032,-2.4154450999104875
-2.385109752235464,-2.4298009006214
-2.3987259405200563,-2.44321195714459
-2.412908237039996,-2.4543957153516227
-2.426784481906327,-2.4630593606582085
-2.440927336335433,-2.4704142645525375
-2.454376441396684,-2.477282954306122
-2.468967339379167,-2.482907351892142
-2.484278820602204,-2.4875342240143823
-2.4978470104156347,-2.4917998218212856
-2.510558724243609,-2.495367751261195
-2.524820696153371,-2.4974784577735636
-2.5361146821498646,-2.498354047789391
-2.547544425027117,-2.498659445593592
-2.55920426753259,-2.497165285455688
-2.569711166265072,-2.491393984654894
-2.5795018304953303,-2.4863273331901756
-2.5898898158902264,-2.4765849250974683
-2.602708934294348,-2.4630366969787607
-2.614889328180374,-2.448284962222125
-2.6281648530959925,-2.432976305797098
-2.6434732391086615,-2.415739336950927
-2.6603389290314317,-2.398091462119516
-2.6769466335245102,-2.381606076391241
-2.6946288522141884,-2.367006971420469
-2.7139617914061502,-2.352754826234552
-2.733213023226511,-2.3390788061225356
-2.7540911653783517,-2.3271678624676957
-2.775513806770125,-2.3133645584104223
-2.7964411102814077,-2.2995433851790854
-2.819204370825971,-2.2848049343116394
-2.8430669089985514,-2.269242564337892
-2.865464353644874,-2.2518007724592177
-2.8902787619262464,-2.232371838478485
-2.9149228565316574,-2.2129317161928004
-2.9395889386453855,-2.1924431750209097
-2.9646856615328203,-2.1696097329916975
-2.9891860136792165,-2.148401406012569
-3.01389144753276,-2.1269483911072187
-3.039148683522782,-2.1027279557799927
-3.0640575125620892,-2.079523203735625
-3.088964168058963,-2.0576842454625317
-3.114300983120871,-2.0351565301397687
-3.1389974289485796,-2.0127390990302696
-3.162577855276384,-1.9930639844626643
-3.1844624882194292,-1.9746510203358871
-3.2070871219392716,-1.9551525429952357
-3.228951127764953,-1.9376626532855032
-3.248143733090136,-1.922492533249847
-3.2674540801610172,-1.9066858384532568
-3.2852316001236384,-1.8915429428546302
-3.3016505064081136,-1.878261233482785
-3.317667365378784,-1.8652160738816086
-3.33098260411476,-1.8515824790895952
-3.34540843156147,-1.8399572623062352
-3.3592920514946942,-1.8294429958789886
-3.3709573708255256,-1.8183869181128813
-3.3825197149057855,-1.8081570385487034
-3.393006708934576,-1.7996824514706136
-3.4013907951683002,-1.791671576685072
-3.4105246180691373,-1.784156124430539
-3.4184750298715523,-1.7783416544757398
-3.4251944348407157,-1.7762479217305935
-3.4321638987137475,-1.7742847792380891
-3.4386554720754705,-1.7727687565760264
-3.4441552900241206,-1.7751494037481068
-3.448723150263782,-1.777339810700171
-3.452586310179798,-1.7818046953945474
-3.456009675603635,-1.788270135476657
-3.457144009521469,-1.7955914508199684
-3.4572680051377183,-1.8032632204127543
-3.4569243847662996,-1.8088021839810715
-3.4536202971450085,-1.8142131550531189
-3.4481519763794855,-1.8186137540890666
-3.442903979706528,-1.8188423579756137
-3.435932878097729,-1.8187140390014793
-3.4260006935392138,-1.8159149405573165
-3.4145969090919635,-1.8097589643786178
-3.402258502041205,-1.8053213939112576
-3.388105414115639,-1.7992178756265318
-3.3702743026465836,-1.7946163294006194
-3.3516452561800496,-1.7920099431175105
-3.3332841828864908,-1.792440683002014
-3.3125412561482057,-1.7952460046274323
-3.287465862859314,-1.8009176111939196
-3.2625246064927667,-1.8097652309668615
-3.2379150256430296,-1.8226902615237575
-3.208150939289403,-1.8357272865296466
-3.1789470517541405,-1.8506414087026424
-3.149210319761224,-1.8674390433920685
-3.11663245542769,-1.8848363902244039
-3.084258893497861,-1.902433165431093
-3.052318504218728,-1.9194817342527497
-3.0203492743491287,-1.937384076449023
-2.988408857301038,-1.954977380579052
-2.958985478208266,-1.9703448440788212
-2.9308180308432727,-1.9858727683738675
-2.901512010581021,-2.0007867352733206
-2.8746513970807586,-2.013408124645627
-2.850352900772399,-2.0251573334342976
-2.8262909981963165,-2.03675617224724
-2.8031039772160518,-2.047207852314229
-2.7813528889794297,-2.058047634893611
-2.761479781339322,-2.06951201350071
-2.7405290407446468,-2.07897886868105
-2.719039634409973,-2.087495119063548
-2.6990087118488013,-2.0959214686958343
-2.6785735969724676,-2.102957756555228
-2.6567225757188173,-2.1094931247876696
-2.636839828638732,-2.115560749298412
-2.616846650615987,-2.120500772331363
-2.595928109113406,-2.1248584152173366
-2.5758786321242484,-2.1259380092644027
-2.556507127805979,-2.1265040788281295
-2.535912714270301,-2.1266452759565775
-2.5155867924713067,-2.1261659136742606
-2.496658518044202,-2.1246643471882374
-2.4767152885390167,-2.1232441356893204
-2.45568687022141,-2.1227754206628044
-2.4352312694953726,-2.122702875993087
-2.415431123210439,-2.122177739927481
-2.394374858329026,-2.124588306798708
-2.3728637505663706,-2.1281386257787895
-2.3530775489225473,-2.13177818989701
-2.332661486457382,-2.1374023538742395
-2.3104955012287207,-2.143630377797851
-2.2899810299337235,-2.152774571079967
-2.2703862676978583,-2.163684436245856
-2.2494284866219125,-2.175033856188323
-2.2303299078643604,-2.1889571463861395
-2.213258548206457,-2.203217495423212
-2.1946002151281063,-2.2168376863870853
-2.1778507036841392,-2.229567455072776
-2.160450455811543,-2.243079568283133
-2.1461572378477904,-2.2537491581602924
-2.1330778053786656,-2.262651106275961
-2.118346322751555,-2.2713122154471077
-2.1083216608509976,-2.278402448107876
-2.097427263210771,-2.283705996056453
-2.0850493608213974,-2.2903096434210757
-2.0751050006075302,-2.2949649481166263
-2.0645209000931386,-2.2974037995529715
-2.0524522606437765,-2.301266897062547
-2.040038341187216,-2.305054644973615
-2.0274314107348803,-2.3065602121312496
-2.0144497664535255,-2.308555359595101
-2.000239871407812,-2.310630929691275
-1.986362333193745,-2.3128975661686026
-1.9730261922962131,-2.3120963494872027
-1.9563419955946453,-2.3095520446893727
-1.9392051657484766,-2.3073350135917217
-1.9229835475056096,-2.3019108004786535
-1.90425194824357,-2.293909388455746
-1.8856731900063786,-2.2857919687975348
-1.8678944170246654,-2.276821944904718
-1.8491608310718963,-2.2672052699080036
-1.831322840931876,-2.257473486086905
-1.8132725114947528,-2.249163601991409
-1.7961704571849701,-2.2407710219781314
-1.7793526441183114,-2.232331467588762
-1.7623956715472733,-2.2258703636723007
-1.7469708143554832,-2.2194469355959128
-1.7326403685525544,-2.2131217465917565
-1.717926948212556,-2.2084566713808975
-1.7052372289930582,-2.2049555741327023
-1.6950336720889014,-2.2009249097324903
-1.6850093168204319,-2.1987394805147447
-1.6772323191959768,-2.199584072788763
-1.6713098470814207,-2.2004702624516708
-1.6663813423925233,-2.2011214252669062
-1.6629093788157028,-2.204503489655569
-1.6593917803084357,-2.2084155820183793
-1.6571204312801355,-2.211630021373644
-1.6561722304440616,-2.215805397190244
-1.6538117835339912,-2.221636558388712
-1.6524527141212222,-2.22664197506988
-1.652247250892939,-2.230534729466253
-1.650177364400718,-2.2348859964491607
-1.6490508873288794,-2.238410229106426
-1.6480996518065394,-2.2407570849940885
-1.6465026446843563,-2.2413920756522625
-1.6455088126139459,-2.241655687341916
-1.6439710970724173,-2.2415454627979585
-1.642495669720924,-2.2400214619816263
-1.6420933129187458,-2.23976599479626
-1.6413333223391495,-2.2407762789424073
-1.6408925910931171,-2.2406859520707645
-1.641178852505152,-2.2423892699476187
-1.6416033780810875,-2.2463963923396886
-1.643595181463833,-2.2494493618307767
-1.6472417376099842,-2.254159948043583
-1.651274734454765,-2.2607560749889473
-1.6571310483804063,-2.268584224248976
-1.6655995836657016,-2.2773402073341837
-1.6755766613756422,-2.28668335256334
-1.6871134209113363,-2.2996514636427063
-1.700298207598067,-2.313911346676992
-1.7159835920719273,-2.3259883556213623
-1.7334371610390802,-2.342828941567263
-1.7527455604215816,-2.3634095907861243
-1.7741934883883252,-2.3821765127806693
-1.797130724549015,-2.405376064373812
-1.821642185654132,-2.4309213439748385
-1.8463897827972937,-2.4567743944630864
-1.8715085654482537,-2.4831250107672007
-1.8984086446553872,-2.509930512241509
-1.9243628559041348,-2.536794024144584
-1.9497812035962605,-2.561845966142157
-1.9761332888334067,-2.5860606651075595
-2.001795380582299,-2.60989560670535
-2.025793375555092,-2.6311125753586158
-2.049902445330578,-2.6509754039186446
-2.0725807875745588,-2.6705221192552298
-2.09271607948312,-2.686934048518834
-2.111861910266481,-2.700720483571968
-2.127651057901949,-2.713149904057121
-2.140398386985404,-2.723847669279256
-2.1509719519064943,-2.729890525153957
-2.1581860908624604,-2.7343548198435994
-2.165283046453426,-2.7379549392831626
-2.1681261862508885,-2.739192133816308
-2.1691007484335354,-2.7374400393695866
-2.1703853567730484,-2.7342535154315817
-2.168154612874092,-2.730241424789692
-2.1651575323111216,-2.724405050989671
-2.1622688542666606,-2.7175966133473377
-2.157680396203518,-2.710319090710025
-2.1520611869930457,-2.7028342067970104
-2.1463465686527616,-2.695785066622974
-2.138990355594198,-2.68834584822106
-2.131139163945372,-2.6820743648629453
-2.1210955678208654,-2.6771308961084475
-2.110989776373146,-2.6719605499695196
-2.099108403359341,-2.6688071565789873
-2.0829290576367834,-2.6675750156851437
-2.068144099621102,-2.6660862952646007
-2.0524310428637222,-2.6655780956949457
-2.0337835953106396,-2.665728215356641
-2.016642984628856,-2.663905843193206
-2.0009399739919562,-2.662841484688045
-1.983763572884284,-2.6617256876488997
-1.9669335995623796,-2.660433711445532
-1.951589552578922,-2.657859727296029
-1.9343287592288774,-2.6538099486972007
-1.916937531867524,-2.651438066650154
-1.8987901089686068,-2.6465656931046926
-1.8802373727664592,-2.640920604648607
-1.8613136728817867,-2.636752827022791
-1.8406453911498257,-2.63318102188738
-1.8200337099698163,-2.6282035158827948
-1.801080469858434,-2.6260018649326233
-1.7813029923581591,-2.62454125864417
-1.7617833759195756,-2.6232741027498974
-1.744399722880536,-2.623681101157262
-1.727439444925058,-2.626171945032051
-1.7107930534891849,-2.6306981668602276
-1.6954386938736756,-2.6363805331981687
-1.6820045190239923,-2.6440371070265503
-1.6680277469752045,-2.6529157112987396
-1.6542699699367749,-2.6625853096659173
-1.6430874086202867,-2.6721663546233945
-1.6306675250644755,-2.6818723153747444
-1.6185072425001528,-2.6912164975400326
-1.6089792501000726,-2.6999152587744617
-1.5991914820225366,-2.709600284161635
-1.5895514398280968,-2.7189538863843374
-1.5833352227710076,-2.72738169812781
-1.577283311190978,-2.7364672574265168
-1.5727443496797742,-2.7448849930996153
-1.5685902557490046,-2.753351223037548
-1.5670676180785428,-2.760063284562417
-1.5681644636235552,-2.7659312100580005
-1.5690897119438953,-2.772159792079339
-1.5717208673833793,-2.7772294824623027
-1.5780016625005648,-2.7812519063678267
-1.5854906009860785,-2.786397269981205
-1.5932867194652351,-2.793119841073878
-1.6052239869840568,-2.8003491369549063
-1.6202568154826218,-2.8098641660103434
-1.6371114312676192,-2.8215435025585602
-1.6572111036770472,-2.835046494502743
-1.6817010925944473,-2.8494166219366166
-1.7085242529725895,-2.863313267149128
-1.7404354589705981,-2.8771219929572123
-1.7766858105627283,-2.88983252685563
-1.8136487019535965,-2.9009720563493926
-1.8518589847617537,-2.913007591993007
-1.8926825766337456,-2.923979724810468
-1.9338516180926586,-2.934868663405523
-1.9721152851402768,-2.9467574180501552
-2.011711486785365,-2.9585704947035714
-2.0511390702035435,-2.970464627114017
-2.088563207928896,-2.9818788711448727
-2.1259569113470045,-2.994939112674407
-2.1625710769032476,-3.007765594816121
-2.1990637087900886,-3.0195337392172363
-2.2349832010502926,-3.0319705672492674
-2.2697608744802342,-3.045835347225929
-2.30468672250214,-3.057117159337713
-2.340605193378042,-3.0677034806939583
-2.373129001171833,-3.076695201073735
-2.4045824501073905,-3.082984413829042
-2.4382989372698733,-3.087528079798924
-2.468691718830392,-3.0888397069615405
-2.497706575573702,-3.089180693987677
-2.527027264698397,-3.087322226052742
-2.5551167653812206,-3.0835622614193228
-2.5827828267499333,-3.0796405185351854
-2.6093991707239175,-3.076251303785038
-2.6358488260891004,-3.072105919960114
-2.661142847629196,-3.069297096836125
-2.685806410471825,-3.0680619990368427
-2.710366927582736,-3.067306989506298
-2.7338048337714254,-3.068464627361526
-2.755782608838806,-3.070679726012487
-2.7785162854349474,-3.0744007891330867
-2.799317754006668,-3.076850794337273
-2.819092967184176,-3.0810934208409346
-2.8392997106788904,-3.0851297207757518
-2.8580375769254,-3.0869617568317316
-2.8768326803152777,-3.090604706256524
-2.8953934844328515,-3.09604317045611
-2.912896653932706,-3.1018202002519346
-2.9321938995355272,-3.106364734959879
-2.9504137292427606,-3.11245798632773
-2.966862499859801,-3.117388298428524
-2.985497042926328,-3.1188626507295876
-3.002690416908003,-3.1200511470516896
-3.016697364967976,-3.118014516489606
-3.030047375216625,-3.112595066276212
-3.0411018199642554,-3.105210108197471
-3.049523709578034,-3.0947354648160252
-3.0555798243073538,-3.0847413436778797
-3.0573654470689293,-3.0722248911411985
-3.058602584512514,-3.0577403415131714
-3.0577847139430516,-3.043592406310006
-3.0552842229030666,-3.027035387687344
-3.0525517925428844,-3.0096520822501973
-3.048875703690863,-2.9922173236563245
-3.044623818769883,-2.971911800362011
-3.0398119982442524,-2.9497860617739238
-3.035025681113337,-2.926570427323337
-3.027875305031983,-2.9012091807998197
-3.0206380738026692,-2.872283494623342
-3.0127717132393923,-2.8408901721591118
-3.0026078812123274,-2.8088092403963687
-2.9914668728291893,-2.7762930914787085
-2.9788580803697697,-2.7408996499302782
-2.965820258566361,-2.704976786450312
-2.95102052283262,-2.6706535809252707
-2.9336090453648813,-2.6363457215827903
-2.9174377457670313,-2.602621997660008
-2.899504598589686,-2.5699848236510765
-2.879665650550607,-2.5398890618714627
-2.860513042182502,-2.5079675846476435
-2.842101794350298,-2.476491340775445
-2.8240157639208445,-2.446836918863048
-2.8060849280458653,-2.4161504756602104
-2.789202361742634,-2.3849044703527036
-2.7746760339495085,-2.35360715914501
-2.7604511298246885,-2.3218717428917937
-2.7475256009332383,-2.2891884607956836
-2.7373693737983142,-2.257241735268216
-2.726784188133997,-2.225992006728983
-2.717388776130245,-2.19394227328528
-2.7098322064501525,-2.162780768749993
-2.7017739641094902,-2.134313799048745
-2.694258154200506,-2.1055018924221924
-2.6874382122116143,-2.079245527261536
-2.680781199963387,-2.0554535222113937
-2.672737124368102,-2.0326743307212944
-2.664285293869371,-2.0111252233323555
-2.655880298888274,-1.9895615622837095
-2.64483316257537,-1.9705884305706935
-2.6314642838614963,-1.9513700528918627
-2.6184910348134314,-1.9329741771575468
-2.6036749295659023,-1.9160082233748814
-2.58452061270054,-1.8989057507941784
-2.5663374628797655,-1.8830516533512245
-2.547474539409097,-1.8681831097007893
-2.5272609583127643,-1.8523395188340586
-2.507744183218042,-1.8376713435008618
-2.488296808437525,-1.8226761339788136
-2.4701181085699684,-1.8077210997652076
-2.4512144282369435,-1.7934409593129446
-2.432097956520265,-1.779667955856533
-2.4151021550159775,-1.766128033034926
-2.396978383538024,-1.7526569194946071
-2.3776313411343737,-1.7403103741222539
-2.3600849470765017,-1.728138068738858
-2.341203416277875,-1.7177691844144027
-2.319543927617142,-1.7085839523925705
-2.3003667954175517,-1.701655271640581
-2.2808444931913208,-1.6972016457893602
-2.260371903558812,-1.6948784964038761
-2.2410168093930274,-1.6941669949695057
-2.221454099691062,-1.693531274133513
-2.203393061807111,-1.6940076697655766
-2.18436413278053,-1.6962918125337036
-2.164927018707543,-1.699293957632594
-2.148803697199563,-1.7032540638670681
-2.1309849975342856,-1.7086119219277827
-2.111250060667228,-1.7158917793751394
-2.093884667062068,-1.7230898392454241
-2.0759497776262954,-1.732476293314585
-2.054814316182261,-1.7434062084747401
-2.0336078454539224,-1.7558643940826424
-2.011037490990806,-1.768212573105627
-1.9882221874479806,-1.7805442751097595
-1.9633417912486033,-1.794105760684455
-1.9377072874494787,-1.807709858820914
-1.9131874190720395,-1.8206017733208337
-1.8860907492371457,-1.8330521633997063
-1.8588717837234128,-1.844311431910655
-1.8339186055471015,-1.8545297301311467
-1.8061803666232057,-1.8646541415594768
-1.7804225070829884,-1.872690752804437
-1.757363573241051,-1.8783639116019843
-1.732816161686147,-1.8822968250192986
-1.7091890755260242,-1.884739971657575
-1.6873025214532569,-1.8836874983199616
-1.66578259473739,-1.8809125902402517
-1.645714058306322,-1.8748744400625506
-1.6253105130201266,-1.865526851963482
-1.606370902391051,-1.8546822726611452
-1.588972876967872,-1.840238792140633
-1.5703102005119993,-1.825259526731512
-1.554873573766916,-1.809622160693838
-1.540221066876541,-1.792424243027837
-1.5252116591606266,-1.775746524011367
-1.5118947331691241,-1.7603373240898765
-1.498646699413322,-1.7461372331340037
-1.4835326172953187,-1.7325533720408148
-1.4700683671174506,-1.7216214727613754
-1.4562615364815605,-1.7132045539923493
-1.4421241054871197,-1.7048819441713035
-1.4295851459971032,-1.6990590414300788
-1.4160453689666466,-1.6963468975032066
-1.404838260646618,-1.6936655126268008
-1.394859216731564,-1.6943892602863848
-1.3839890187806305,-1.6962492868490666
-1.377630081945711,-1.6990099276916901
-1.3715027882510373,-1.7029059147913
-1.3663561178184265,-1.7058371269669188
-1.3627829253182513,-1.7109706907286162
-1.3589618101496923,-1.7143030254678706
-1.35872048653844,-1.716895212808492
-1.3581480387488352,-1.7222457336747974
-1.3586998322681834,-1.725369472191841
-1.3626891700846526,-1.7257297855332494
-1.3665229462089288,-1.725355539575643
-1.3714054702589862,-1.7243976195997959
-1.3788487444553137,-1.7208670405496789
-1.3881712702287505,-1.7162209982443715
-1.3963351346208681,-1.7124973326708428
-1.4072259077494222,-1.7091285476070002
-1.4196182735585872,-1.704993404285536
-1.4325162487644514,-1.7013684316136628
-1.4467887383825424,-1.7004478758173045
-1.4624917601874543,-1.7001305539156284
-1.4786973534528964,-1.6998024934921758
-1.49550353533138,-1.7019147874827505
-1.5111829741336351,-1.7042639819967635
-1.5293266345955683,-1.7079054670624785
-1.546410648914407,-1.713472095345329
-1.564203326421887,-1.717702960889475
-1.582954759176376,-1.722191260732285
-1.5986436048967243,-1.727572813967104
-1.6151575263749356,-1.7327472777252066
-1.6311667646163193,-1.7380889667313832
-1.6453386360168838,-1.743611350749855
-1.6605160749208385,-1.749436280687434
-1.6743371078570866,-1.7569675724636031
-1.68765147993373,-1.765368269665588
-1.7034436747061943,-1.773608472217658
-1.7172024279303713,-1.7848568870862311
-1.7320654556615174,-1.7970699774563177
-1.7483971861886012,-1.8069927629916391
-1.762441924903931,-1.8171798461523663
-1.7773171310258147,-1.8271511579634603
-1.7921180382483244,-1.8352116109229282
-1.8067185914947423,-1.8400305740396827
-1.8228931637563377,-1.844450675216186
-1.8375227316123062,-1.8471097074582672
-1.8527910649153725,-1.8468912738102992
-1.8698143727173375,-1.8465676825168171
-1.8846257797177473,-1.845505777983531
-1.9006456909160407,-1.8414627181220191
-1.9173273580029002,-1.8375705211508924
-1.932326367623111,-1.8321705669778692
-1.9484569859248537,-1.8243364286783297
-1.9639262760081098,-1.8150105254870117
-1.9773825492302206,-1.805422640775164
-1.9905707627031293,-1.795288734957176
-2.0037138763574562,-1.782524111482202
-2.0171578371535897,-1.770595004348259
-2.027410060227792,-1.759717517436752
-2.0373845785269133,-1.7469828189626282
-2.047183854545459,-1.7357289560378595
-2.055339434600324,-1.7270131360621288
-2.0626879880888342,-1.7187375975017698
-2.0700444710896724,-1.7098768359163694
-2.0785163077918334,-1.7021149100673303
-2.0842568523787675,-1.6946443388941868
-2.0915007080050616,-1.6859134859051423
-2.0982546620362967,-1.6751623924629135
-2.1036824124401923,-1.662982689117689
-2.1091253150023404,-1.6512193289358859
-2.114173422031121,-1.6369463496588088
-2.118671798067756,-1.620838713348285
-2.123954285857495,-1.6059855184249654
-2.1272501552309393,-1.5907453986674545
-2.1321691854425504,-1.5755650872733655
-2.137132440880698,-1.5615401468474541
-2.140955675897232,-1.5485502365973163
-2.1465275640216483,-1.5360815250769846
-2.151469594593293,-1.5268815452067284
-2.157767580147442,-1.5202160115777115
-2.165498161047302,-1.515178545844474
-2.1740277617833685,-1.5122352131829002
-2.18482477060485,-1.512776508868716
-2.194448779720142,-1.5149146955392483
-2.2060056147757297,-1.5191058913446167
-2.2205696135277777,-1.526398047516261
-2.23370625250732,-1.5369294969513037
-2.2487400893522027,-1.5514042745302548
-2.2669559615364476,-1.5670340587532643
-2.2841053480155558,-1.5868883167954781
-2.303272399365511,-1.6104936027212173
-2.3239893799004734,-1.6345419489512976
-2.3464507758179143,-1.6599161924034456
-2.3686079649307468,-1.688285327981368
-2.392008789840846,-1.715960380484472
-2.418283403995368,-1.7435230486927
-2.4433858577085563,-1.771347905961407
-2.468978518779679,-1.8002006469480838
-2.496533079095463,-1.829542516677049
-2.526207829226423,-1.8575221838833
-2.5558924571099233,-1.8845349840262917
-2.585946436016325,-1.9101618954336121
-2.6194176170224113,-1.9351488734358397
-2.652802041427379,-1.9598018036166647
-2.686762623776709,-1.9820745950081726
-2.7242658284954016,-2.005125036029818
-2.7609307160937417,-2.0271619138535177
-2.7993734884226007,-2.0482192695537633
-2.840414706297576,-2.0655251407085684
-2.8791856270327734,-2.0799313639334187
-2.920149841875773,-2.0929543935658734
-2.9588284129812683,-2.102459778859028
-2.9958530013295137,-2.1106830535052703
-3.035101146152353,-2.1171296130327466
-3.068315747586094,-2.1231164807140663
-3.099893869794179,-2.128382449785646
-3.132369632199195,-2.132964487409706
-3.159134544830246,-2.1384716192109305
-3.1852461760023854,-2.1443997689918053
-3.209860163277624,-2.1514771029863247
-3.2314119162300026,-2.1590593370090323
-3.2533153108797213,-2.1682797148003874
-3.272238826020719,-2.1784094270403687
-3.2908865985590277,-2.1877438409330074
-3.309067902066009,-2.196655162997756
-3.323444899859544,-2.205590083077222
-3.3378071086824623,-2.2125983720923257
-3.352125210624643,-2.2208632170020204
-3.36158045692237,-2.2277889128968456
-3.3702525251734055,-2.2325261227100492
-3.3763081601787186,-2.2387697268852635
-3.376270669127412,-2.2449838922323146
-3.374617863390078,-2.2497389382710025
-3.3693866811402327,-2.255700980833721
-3.3586670324507866,-2.264343427185503
-3.345638789829117,-2.2689899543761753
-3.332895247536993,-2.2743529495802832
-3.319226547300705,-2.2764356204856004
-3.3035186814954547,-2.276467227186822
-3.2877034680009074,-2.2765062946084758
-3.2749569004484265,-2.2716642169027925
-3.2622454744849945,-2.2669772081828174
-3.2476201259214124,-2.261386866468598
-3.235801257156849,-2.25488281588324
-3.2235471717818953,-2.250652124823192
-3.209120498168864,-2.2452655186565584
-3.1962618308832322,-2.242355997245082
-3.1818228667630066,-2.2379477601025948
-3.1656022878297922,-2.2317470300780484
-3.147672034350777,-2.229321362445821
-3.127398040234222,-2.2274327299572465
-3.107036150465149,-2.2261649253115556
-3.084154105892567,-2.2265307973798216
-3.05911612566049,-2.228613325254891
-3.0349800389892736,-2.2319489116560045
-3.007199719403365,-2.2350420864368816
-2.979704065469069,-2.240523835770171
-2.9505802014506206,-2.2470335432208284
-2.919143748887695,-2.256256962103488
-2.8907261898711973,-2.2681069884516702
-2.859608598076928,-2.282139503427976
-2.830059219262563,-2.297961244366939
-2.8036031073316803,-2.3145015142683887
-2.773824827478507,-2.3345264469396088
-2.7476917574066904,-2.3552471142681903
-2.725781667934057,-2.375867444400977
-2.702102294377277,-2.39874583362605
-2.6831469046225997,-2.423056571706565
-2.6653253920310096,-2.4466585137857573
-2.6491363556470024,-2.4693338209978344
-2.6348498929699535,-2.491780631582359
-2.6186344120693668,-2.514241862082141
-2.6038170010722577,-2.534476234431902
-2.589968048679528,-2.5546245927755504
-2.5747247723304243,-2.576516299799534
-2.5609395995835955,-2.5960839516346605
-2.5485953456249733,-2.6163035393163407
-2.534153538986602,-2.636580497509258
-2.5233419424787353,-2.6563355979665126
-2.513349050796194,-2.6758940349690086
-2.504947567613474,-2.69639198679521
-2.5046545944792262,-2.717493654500812
-2.5062079759159706,-2.7389302292001028
-2.512526494006611,-2.7595021935760657
-2.5252327933172998,-2.7792582408344946
-2.5401515261086884,-2.801436339538008
-2.5568401482186442,-2.820690890382448
-2.5763150515417235,-2.8422977268752976
-2.5972966531201576,-2.8649034670577342
-2.618975085455689,-2.8845440188163893
-2.64327493973606,-2.903412447690776
-2.6681575334076046,-2.921721514136249
-2.693677732507409,-2.941039706577403
-2.720907225204481,-2.959247747254304
-2.750044180989709,-2.9743254959993912
-2.7801507513776147,-2.9923990625618
-2.8121023599228447,-3.008095682536014
-2.8467454894978386,-3.022977097512414
-2.883361557788066,-3.0389276282739344
-2.920356194478331,-3.052867361080067
-2.95984556008226,-3.0653102768079643
-2.999940752352793,-3.0776135558514657
-3.0383145060608467,-3.08944750039517
-3.0767489439503732,-3.09970030342475
-3.115277796591418,-3.1100987615304314
-3.150632074230409,-3.1227039156677043
-3.1856185445000444,-3.1329916284274932
-3.2197333132253703,-3.145961699052343
-3.2509710117547423,-3.160604257192263
-3.281221317970453,-3.1741444158731937
-3.3102678235024827,-3.188186029838134
-3.3383385043613343,-3.2022356450342446
-3.3648455089906504,-3.2167212959210367
-3.3904369498154168,-3.229969925026063
-3.4165932022064296,-3.2423829229036865
-3.4410797881037847,-3.255942319776786
-3.4638052147661216,-3.2660887013315283
-3.485687895175559,-3.271591784944732
-3.506746756598093,-3.2780081850849414
-3.5246773307806514,-3.280410014175125
-3.540232928101184,-3.2826007861209603
-3.5548852451722572,-3.286292974306829
-3.5699314259946338,-3.290485970761717
-3.5795891168348337,-3.297946115865282
-3.590596424093876,-3.304614453249585
-3.5994032673880216,-3.314076700380836
-3.6035263474479335,-3.325109272109688
-3.6080406643520955,-3.334421843350313
-3.6139635094658833,-3.3451392841216774
-3.618315968999707,-3.35616986608882
-3.6219098393561,-3.363488969754581
-3.6243139980269454,-3.369018521751241
-3.6246897367356703,-3.3719559888708646
-3.622679760907929,-3.3730748844612974
-3.618131704337091,-3.370125893629561
-3.6110289736526338,-3.3657422910720007
-3.6002923104403384,-3.362481785931895
-3.583996532199935,-3.3574177550533695
-3.5625003100077195,-3.3523975200635716
-3.5421213036612893,-3.349968962597038
-3.5118952244838315,-3.3520839501503414
-3.4799175630944843,-3.353037044143979
-3.448642851227819,-3.35395684447892
-3.4121926802014615,-3.355482827458955
-3.3752106909064743,-3.358194112240793
-3.337061448698222,-3.357888679224956
-3.297113935745048,-3.355021327846864
-3.2572867267900487,-3.352004670889458
-3.2141432793581526,-3.3464376672840155
-3.173252295720708,-3.3381463134914613
-3.129644894715134,-3.328424967994986
-3.0845153701506307,-3.3171742002449163
-3.0428452524330454,-3.304793950503756
-3.0020328662833347,-3.2922136912627966
-2.9605444414456628,-3.279105904896594
-2.923846076190122,-3.264255986447117
-2.888035392351087,-3.25027976637991
-2.8527757529301296,-3.234522148149457
-2.821076609638999,-3.218173276568427
-2.7900595879333725,-3.202941583600008
-2.7612112886667335,-3.187108280837987
-2.732600965272971,-3.173191845888714
-2.7053321058814364,-3.1585898018817273
-2.6808451715224644,-3.143260298844997
-2.6550070868783395,-3.130009146567928
-2.6303851733664323,-3.1168484250421318
-2.609005892067594,-3.105239000469747
-2.587907019713437,-3.0981948529012677
-2.5703866936087576,-3.0918139143050074
-2.5558415756347097,-3.0893511179748
-2.545990895548395,-3.085662524672606
-2.5388499060137963,-3.0801391983573345
-2.533735126217419,-3.0735803989906407
-2.535093661861852,-3.0623587751947174
-2.538604055201153,-3.04925667940353
-2.546778298654964,-3.033217033746527
-2.558086473780465,-3.0148545948516863
-2.5735824114858774,-2.9951151244648506
-2.588503499290241,-2.9721034953992778
-2.6046036785691373,-2.949521225918646
-2.6238588713345767,-2.925750876207115
-2.6415674635907114,-2.9007502427217933
-2.6598893835270974,-2.8784982818491858
-2.6804538451308453,-2.8557476017842687
-2.7018549166816292,-2.8342807549408153
-2.7249834275640477,-2.8161042045951286
-2.7490141121670617,-2.796984219777378
-2.7771757045752787,-2.7770207608943522
-2.808299377096019,-2.757542572816932
-2.837183408945209,-2.7388425522679274
-2.8719046524617315,-2.7173663480885257
-2.9074272304519697,-2.6961282403556646
-2.941669729719969,-2.6762371864617225
-2.977957684043292,-2.656623022593036
-3.013176117054942,-2.6363720799149983
-3.0490171756515347,-2.616004590558198
-3.0849048208543173,-2.59870020404356
-3.1179609741070107,-2.5805146093372624
-3.1528256323970645,-2.5605027401742344
-3.184843384693934,-2.5440428729691917
-3.216032558910786,-2.5290749603527085
-3.247068769966142,-2.5144664739735805
-3.2755818695402747,-2.500686262733391
-3.3026058543917585,-2.4884487112202613
-3.3298128278933894,-2.4764232479902764
-3.355041621235415,-2.4635362695058185
-3.3799237527312322,-2.452318052323046
-3.4052180439042314,-2.440138308581622
-3.4308493931411848,-2.428491357733861
-3.4571087533657474,-2.4174583777483845
-3.4837632876086797,-2.4062354794249075
-3.5110912120493474,-2.3939066492488448
-3.5390076899204446,-2.380014428640514
-3.5664849750014573,-2.3681838181775468
-3.5930537660483712,-2.354790318373678
-3.619751150812391,-2.3389943871306387
-3.6459754955002563,-2.3251865982171243
-3.671182888408904,-2.311163188256881
-3.6938825277430176,-2.2948267180559454
-3.7169947614093446,-2.2790414089110405
-3.7385018508717067,-2.264642388420831
-3.7583474267167905,-2.2507629670784803
-3.7765486541987205,-2.2378975113006314
-3.7947782206808847,-2.2264353029659305
-3.810012680726899,-2.217424060572829
-3.822577695727847,-2.2086747616643057
-3.83589851302644,-2.1993126356053874
-3.8446238813738516,-2.193616328213736
-3.851051337887132,-2.1886170973022088
-3.8576200768920432,-2.185305992800327
-3.8612683685288385,-2.1836651766256914
-3.8621595666339363,-2.1866082040961627
-3.8610059545241837,-2.191174830776974
-3.858767804525595,-2.1975368218951616
-3.8541584117448675,-2.2083747459302296
-3.8477516834993026,-2.218918835288089
-3.8396186472397695,-2.232265467696362
-3.8288038165148195,-2.2503696270984563
-3.816106963758459,-2.2694260691183326
-3.800717287786269,-2.290071638615862
-3.779208709215147,-2.315965627346763
-3.750793831079781,-2.3474781911342126
-3.7202899798692886,-2.377515963709761
-3.680277256901881,-2.407720552530943
-3.636828466743466,-2.444661892941936
-3.5922159239873688,-2.4799070947640773
-3.53965671770932,-2.51469268958426
-3.4895964171471703,-2.5530923619450037
-3.439521652961865,-2.5952427443590134
-3.3870940071359845,-2.634955675748375
-3.3396981225346405,-2.67572931555572
-3.294211282480047,-2.7165530224962793
-3.25028353774123,-2.756774820979656
-3.207831705220179,-2.7951506219672178
-3.1684929300882967,-2.831621452474155
-3.1290620061565497,-2.8653073253882546
-3.0879458856944586,-2.8951762655538946
-3.0499168103638716,-2.923970706752075
-3.0104851880758163,-2.948040130953383
-2.967915410546915,-2.9685199832970883
-2.927238528167048,-2.988121176199966
-2.8881763991730933,-3.0036368360187713
-2.844762502842525,-3.0205778730899584
-2.8021014319290902,-3.036743558863826
-2.763600251146587,-3.05167168109181
-2.7236093045769403,-3.0691739335761463
-2.6830976751746687,-3.084959612598109
-2.6442343604192606,-3.099513463225325
-2.6068159032610967,-3.115270593169019
-2.568995527250226,-3.1309232958670683
-2.5319457580762896,-3.147043526161477
-2.4960479591793208,-3.162621405148088
-2.4615680606710275,-3.178389677184511
-2.42705385871159,-3.1943301214720408
-2.392503657876231,-3.210272013751315
-2.3598376567128514,-3.2262925654367884
-2.3272607624562984,-3.241836258626821
-2.2944048603783096,-3.2571874765028275
-2.264642890065545,-3.273037719748216
-2.234380220733837,-3.2866416059859818
-2.204306939100497,-3.3004294702184533
-2.177333328190956,-3.3113850521903503
-2.1518325552568656,-3.320207474437633
-2.1258458202412664,-3.327948455637785
-2.101878650621801,-3.331604509883118
-2.0787182024448363,-3.3344741178837976
-2.057647935002658,-3.3335610839633443
-2.037608261061017,-3.3278482387047186
-2.0194754425413675,-3.320382382340787
-2.006032100284366,-3.3074520831854124
-1.9942145521888386,-3.2898901288002493
-1.988373715310097,-3.2676023263491074
-1.98509654728155,-3.244715088978604
-1.9887111859813833,-3.220906059237529
-1.994107059736392,-3.1918119054482803
-1.999353273954168,-3.1660172326603955
-2.0107957798806115,-3.13895087611052
-2.019651717349869,-3.110773361718692
-2.0268879518590097,-3.082267794587572
-2.036062875802599,-3.0544734426801683
-2.0427032299205607,-3.025752186832184
-2.046831133608793,-2.9990793263550537
-2.0489314469039592,-2.9740461229134816
-2.052177202787487,-2.94985272578531
-2.0499451882137865,-2.9285539940260885
-2.049180441934954,-2.911025940266368
-2.0499136982874577,-2.897201764849995
-2.045613623192386,-2.884771050762738
-2.042463677144352,-2.875931842495731
-2.0412653494034716,-2.8700681372127583
-2.0376879569020936,-2.8638202333454563
-2.0322019855550866,-2.8626717223535962
-2.0281956251867665,-2.8629226759908524
-2.0241043883878285,-2.8616461462484803
-2.0173109479211067,-2.863596700448763
-2.010064649892121,-2.8655842052009164
-2.0045060074070884,-2.867367681524238
-1.9984199481744742,-2.8683314008986365
-1.9901747506428722,-2.869386977360627
-1.9817936531960048,-2.869440845960235
-1.9732236702842891,-2.866975315565202
-1.9638372394873336,-2.862906116104484
-1.9534873341308365,-2.8591182394673074
-1.9414161980642355,-2.8549089723104397
-1.9313281030433498,-2.8485866915241846
-1.9200112292672629,-2.843644475822352
-1.907199406816926,-2.8402492378480124
-1.896834809450472,-2.835534705276304
-1.8845209292109033,-2.8314432776299254
-1.8719178338870734,-2.8288262088143323
-1.8601273645598468,-2.826834265629057
-1.8475592153769662,-2.8252548562102575
-1.834878447270047,-2.8244150612188212
-1.822691020001346,-2.8251535372798466
-1.8095834020541905,-2.8266138660332563
-1.7960900948642182,-2.828553168102624
-1.7827100362681578,-2.8325998842892144
-1.768230694072399,-2.8366180117274618
-1.7541875191518868,-2.8415775794346785
-1.7395385090913844,-2.848971266489866
-1.726052546150758,-2.8567042864036476
-1.7137978889855985,-2.863484727567971
-1.6998026703429812,-2.869663495285543
-1.687284998652682,-2.8758322250116852
-1.6757589810635445,-2.88011822730839
-1.6633352649310174,-2.882365006855476
-1.652845744405598,-2.885342414687775
-1.6426232238167704,-2.8870838330765882
-1.6337274113663578,-2.8882781447288837
-1.6267175829136529,-2.8891028003532893
-1.618361715986526,-2.890918866325453
-1.61183682929996,-2.8909263224538764
-1.6073041497849159,-2.889255786011673
-1.6023550559240365,-2.888759510621628
-1.6003877689081565,-2.8872817610888286
-1.5987340305994082,-2.8856542841012645
-1.5977889834120678,-2.8833630355705795
-1.5992197887481907,-2.880909283831509
-1.6006603798725494,-2.8789126164689125
-1.6034349251418527,-2.8770914375257886
-1.6066620737822255,-2.8768343193267363
-1.6102919125600297,-2.8762742034022337
-1.6156179775382367,-2.8744050280544116
-1.621602772070527,-2.8744842490815397
-1.6273257965371595,-2.874505877593324
-1.6342647244942479,-2.873188425758618
-1.6415694566345596,-2.8721080142063697
-1.6490372757909966,-2.8719771492162707
-1.6567821296512564,-2.871431969801449
-1.6661614877025366,-2.8702326795027826
-1.6749843453308704,-2.8693431273082286
-1.6845545414686884,-2.870224390020732
-1.6934329001869652,-2.8689687509683814
-1.7045248405815143,-2.865911606571172
-1.7144834353808007,-2.864279389543599
-1.7237372036850798,-2.861681184242213
-1.733628922620999,-2.8585872854636785
-1.744906480219856,-2.8558388390448566
-1.7558353994091533,-2.8540541925400733
-1.7674183851115148,-2.8518109972447285
-1.7808626557511946,-2.85000866300088
-1.7953408020167703,-2.8490244788607075
-1.8109018235338203,-2.847003501182444
-1.826942309223136,-2.8449442471193627
-1.8450040606389664,-2.842606894596486
-1.8630719773647622,-2.84026651555227
-1.8819247463057258,-2.836619542183292
-1.9051064424162485,-2.8339283736005134
-1.9258485692437484,-2.8321754288079037
-1.947965157152709,-2.8293857401492932
-1.9735587069309555,-2.827638047699196
-1.9959049779544302,-2.8286770632078664
-2.0202696601813765,-2.8321653111525906
-2.0447270331901084,-2.837509220625796
-2.0693952757297946,-2.846102069975894
-2.0945090508469133,-2.860852802008247
-2.117591154487528,-2.8775687253286653
-2.1416116847333466,-2.8963972924680967
-2.1661425704933546,-2.917074597193319
-2.187317372648862,-2.939689790998721
-2.209449146985657,-2.9618354747248192
-2.2328380481073475,-2.983540745443988
-2.2539200108060133,-3.0052766137921805
-2.274707166485728,-3.0253203002566265
-2.297026086300505,-3.043625154346179
-2.317770794040961,-3.0591888630948243
-2.3381577019689566,-3.0734336594211804
-2.3595669833553017,-3.0864544427486433
-2.3812554567366826,-3.097180736247797
-2.4018535148947215,-3.106857688704405
-2.4233992829826514,-3.1145578103765716
-2.4466429388224835,-3.1195288417239317
-2.469500255051432,-3.123771758613688
-2.492126727313766,-3.1256317855122493
-2.5150498717204894,-3.1254843628726423
-2.5408005729571332,-3.1235221182968513
-2.564956442096986,-3.1204892781849356
-2.5895492308476493,-3.1160631218688573
-2.6178439036723855,-3.110450431140975
-2.6447724567368955,-3.103840735248036
-2.671208707267266,-3.097444877407342
-2.6994909758400647,-3.089573569698276
-2.729187625229623,-3.080222141823537
-2.7562871584293527,-3.071189392284203
-2.7842289700551452,-3.0611993636276384
-2.8135050630575917,-3.048279092344847
-2.842750451898666,-3.0343340629976927
-2.8680733425839273,-3.020574769926089
-2.89396470662097,-3.0047491573719087
-2.9197713715337805,-2.988210809679417
-2.9405942824256672,-2.970098230430194
-2.959747302583144,-2.951454105703533
-2.977389868720337,-2.932554293459998
-2.993391088109309,-2.9132766698609744
-3.007059000128289,-2.8949743945129627
-3.020545408462554,-2.875619090632875
-3.0324736386233373,-2.8570480944591767
-3.040081566108152,-2.838257127965964
-3.0498593597920114,-2.8174089011162375
-3.0580674642522707,-2.7950613318747544
-3.060904668620069,-2.7717352214041364
-3.0659688781914802,-2.7463133487604923
-3.0702467978221466,-2.719104800462016
-3.0725249067944715,-2.689953418136378
-3.0738990045387857,-2.6596596455269976
-3.0764759929758716,-2.625171032798256
-3.079702314091165,-2.5881549234075867
-3.082029004866574,-2.54973555193631
-3.0837417520563477,-2.5097788305358275
-3.0877329289462194,-2.468003729926497
-3.0929521634835226,-2.424858108270416
-3.0972577982076626,-2.382444167378833
-3.102868026580541,-2.3412453614336046
-3.110443174220943,-2.297979278018913
-3.115494475059776,-2.2552823130775184
-3.1215189897956277,-2.2151046795061284
-3.12845187622186,-2.1740701169224073
-3.1340466453833575,-2.133555634400531
-3.139482794466737,-2.0949285725145628
-3.1451935987657316,-2.0566256013653654
-3.1496605501140276,-2.0187542727335313
-3.1524116186543116,-1.9837907832658834
-3.154812574007796,-1.950524483964147
-3.1554886744971626,-1.917689196348604
-3.157480956919501,-1.885881305667985
-3.15578301533947,-1.8583325257540686
-3.1542345607209916,-1.8318082626290286
-3.154416317024039,-1.806832734447955
-3.1493767222594444,-1.7842364262682926
-3.1456688249237175,-1.7644441267532969
-3.1429265705162397,-1.745651392375081
-3.1375479190955327,-1.727611175716329
-3.1315009331383483,-1.714020652347691
-3.1256461505238495,-1.7022100130202973
-3.119311239357555,-1.690298517621609
-3.112401967946521,-1.682579540896444
-3.1044527166236664,-1.6768691891437766
-3.098623816667179,-1.6705860114194724
-3.092897782446181,-1.6657382320961853
-3.0859179735697992,-1.6626563303810837
-3.08151964321684,-1.6603800280079446
-3.0782919384084657,-1.6582333466206074
-3.075112672264963,-1.657621094435999
-3.073048388140825,-1.657935261650113
-3.071588758180651,-1.657354593098217
-3.0709487106273925,-1.6573966880295594
-3.0713847032137003,-1.658178795119359
-3.0728353790080334,-1.6589229969573807
-3.0739778042102786,-1.6604460462133894
-3.0752856802454485,-1.6642923668916458
-3.078056133291716,-1.6690168046291205
-3.0811028327367045,-1.6735011741506594
-3.0833656626051673,-1.6794463472939185
-3.0861286969424846,-1.6873388817964827
-3.089445574502324,-1.6933961342482988
-3.0901751742675994,-1.6986407982168448
-3.091321383392969,-1.7050183719671943
-3.0906001068266447,-1.7113657562493627
-3.0881563677985455,-1.716328660273487
-3.0855999406257912,-1.7212770790903682
-3.0797000291757914,-1.7282452588632145
-3.073083219930146,-1.73368265443623
-3.0664503063788047,-1.7383552973648022
-3.0570571318791484,-1.7469051478380506
-3.0474445809828055,-1.7554774854563011
-3.0391502878238557,-1.7642370734824377
-3.0315275196759295,-1.773682222558352
-3.0227794524969593,-1.784063961755504
-3.0145735156185762,-1.794520756564159
-3.0066848635811936,-1.8052393569334277
-2.9992808141725575,-1.8156741666743812
-2.992089003782455,-1.8251573631489209
-2.9852200204032506,-1.8332850632363815
-2.9804797100711307,-1.841159628468524
-2.973934521629167,-1.8483779655126862
-2.96801924234715,-1.8525551915086722
-2.963925044789518,-1.8552539492223719
-2.957704984372707,-1.8571578754573934
-2.952941872056849,-1.8574036507870837
-2.9484393399273436,-1.8555048922906825
-2.943351543231055,-1.8524795579216842
-2.938726046772672,-1.8497349157194112
-2.933552924803406,-1.8448519509041745
-2.928954643172816,-1.8387488905237312
-2.9254498234569755,-1.8328456942894435
-2.92036102421826,-1.8248983035351587
-2.9165246162091263,-1.8157683415622792
-2.91346324282092,-1.80582964226976
-2.9083650994185826,-1.7954654383946178
-2.9047380854869287,-1.7838978660198537
-2.9022953976974772,-1.771010599519941
-2.898366606135558,-1.7571575886154922
-2.8952560296801364,-1.7427048077973346
-2.891801197497381,-1.7261239581050813
-2.8883752369843214,-1.7094723421837292
-2.883965549008224,-1.6935325638766283
-2.8790579999496564,-1.676639445185048
-2.875782677275938,-1.6600390777370617
-2.8708544096583126,-1.6445843881158557
-2.8656392962191557,-1.6279764582786844
-2.862491415562425,-1.6105642969221967
-2.857280773951901,-1.595171327405818
-2.852114251879913,-1.5790492542138448
-2.849467513543244,-1.5619908435978018
-2.845902446844089,-1.5472555975262248
-2.8430725936179777,-1.5349162098176106
-2.840256409428261,-1.5228887329351177
-2.839243994861673,-1.5112509419809694
-2.840048274858983,-1.501625887189637
-2.839710295942132,-1.4934071193491065
-2.8413502569457094,-1.4846844708784162
-2.844912422813583,-1.4772096465541538
-2.847195116950623,-1.470813658819791
-2.8497254651090556,-1.4630429745817286
-2.855096561515774,-1.455172679172656
-2.85845783839453,-1.4463527585659424
-2.860393387684914,-1.437795515808467
-2.8642978715947107,-1.4283202506901043
-2.867324682003711,-1.4178073991151108
-2.8701247579127274,-1.4070004175992246
-2.872096468716017,-1.3972362424503795
-2.87382584203548,-1.3868838896377262
-2.876261169729688,-1.3776414628604683
-2.8759751335386508,-1.3695544915675495
-2.8770950831696127,-1.3620790313392335
-2.87883294673364,-1.355846891703017
-2.87695905301106,-1.3518503822587722
-2.8765985242480063,-1.3486895743579097
-2.876798058869269,-1.3462418257218494
-2.873993494683258,-1.3455973210352994
-2.871488695531948,-1.347161069444514
-2.8685550866116016,-1.3490539629731495
-2.8652842812564376,-1.3519087073481206
-2.860446390481046,-1.3567797850623393
-2.8542097733499583,-1.3635852303368932
-2.847944343013285,-1.372553360295914
-2.8407639207909607,-1.3827074859511417
-2.829928292014821,-1.395793237130563
-2.8209621527188533,-1.4096872239819538
-2.8123711273720517,-1.4236815820035702
-2.800160793700643,-1.4398751805706653
-2.788956543715268,-1.4573777172928388
-2.777905415646042,-1.4749254255897237
-2.765979807510425,-1.49272297953914
-2.754930626142516,-1.511491760579735
-2.744600585629574,-1.5294216894778716
-2.7348195124888224,-1.5460928113189505
-2.7245119809553806,-1.5623206170213624
-2.7155521794383373,-1.5772028188173417
-2.7077969561889605,-1.5919648713779362
-2.6991202912587586,-1.6067216882277762
-2.691537179953878,-1.6202991871005865
-2.686339525873878,-1.633696518203381
-2.6798632973961163,-1.6469736361843905
-2.673588656624474,-1.6598820077718865
-2.6701520061758894,-1.6716802261470938
-2.666565359589943,-1.6826186159706604
-2.663326688001087,-1.6935647429157408
-2.660357035633169,-1.7053772378502607
-2.6581948035293794,-1.7158885890048374
-2.656876434552914,-1.7261522823822928
-2.653189212870713,-1.738062691050775
-2.6504750605741227,-1.7486589577074976
-2.649457428940772,-1.7586390832737555
-2.6455183647164695,-1.7701696687719057
-2.642275526572003,-1.7824675435994384
-2.639547085136552,-1.7950190685076155
-2.635993638476741,-1.8081026244877985
-2.632667946005027,-1.8226512895322349
-2.6291480996945813,-1.8380101391346215
-2.6256761612639155,-1.853039344446765
-2.622500499068998,-1.8694161149555297
-2.619751477505719,-1.8879217035299964
-2.618057322301971,-1.906013069497507
-2.6178575402288033,-1.9250723975152775
-2.6175170481470538,-1.9460154468841881
-2.619749283845391,-1.966186628703938
-2.62276501829508,-1.984138339237675
-2.625849667541439,-2.0022361715716026
-2.630543287129724,-2.0197790874089545
-2.635864504654045,-2.033971187355182
-2.6431041037617624,-2.046915739329545
-2.649857158676417,-2.0610146404679264
-2.6576533656524526,-2.0724461728326653
-2.6661627638769687,-2.0824352102166968
-2.6750948879126244,-2.091789955471902
-2.683341814209174,-2.10063982234325
-2.6933444326350386,-2.1073576483682577
-2.703757997284116,-2.112605220582082
-2.712763513514299,-2.118463473377251
-2.7231898919768374,-2.1224550739533083
-2.7336152309593236,-2.124623511311677
-2.7438126361344284,-2.126517679138534
-2.7545646951106297,-2.1285105955769072
-2.7638615270312545,-2.1283251181814453
-2.7737553523641734,-2.1276526987331317
-2.7826835823306566,-2.1282983826900614
-2.790059418500011,-2.1280202429497947
-2.798062369980456,-2.127425666996375
-2.8051477034059036,-2.1281380596284607
-2.810750605599087,-2.1284667964204957
-2.8174634306331257,-2.1286153672207564
-2.822337641935565,-2.129313197522717
-2.8257042923683864,-2.131015824402838
-2.8291726040611445,-2.1323657112335326
-2.830887490440835,-2.133194316309075
-2.8320109437978775,-2.13492842445144
-2.8326834546426785,-2.137075375321113
-2.832633235967687,-2.137053120859035
-2.8332928373339743,-2.136993604139222
-2.8330126858146567,-2.138025962571643
-2.832582297104355,-2.1370746261929723
-2.8339469080913826,-2.135162800631004
-2.834334912178485,-2.1331077267476015
-2.8347738907827886,-2.1305981331570707
-2.835513940713571,-2.126242289935065
-2.8360600642868614,-2.12137815647829
-2.83687305509009,-2.116479815539663
-2.837682545749107,-2.1098273449235525
-2.838631103476645,-2.1022772118500628
-2.8406976577143173,-2.094694369183622
-2.8417855274468913,-2.0868450665226477
-2.8423269251244405,-2.0763060404927254
-2.843966165036925,-2.065837225668113
-2.843961796491345,-2.054229898725809
-2.84261142130461,-2.0404131103358387
-2.841798856267791,-2.0267373043949615
-2.8395386758991914,-2.0146282443190304
-2.835331085337819,-2.0023308457980193
-2.8318980415823742,-1.9901927841254834
-2.828377240137006,-1.980167260266985
-2.822352942851247,-1.9704780245844402
-2.817004769402133,-1.9604287765357284
-2.8136578677209516,-1.9512958183138784
-2.8095659865175917,-1.9418400370603766
-2.8054917362414633,-1.9323874360111548
-2.803582975302815,-1.9215692597309417
-2.8038138728796476,-1.911233563729935
-2.8027345516688196,-1.9020689682117338
-2.803059809030765,-1.8917675072421072
-2.806487228123474,-1.8826438842435749
-2.8100727924587656,-1.8744620121880193
-2.813896443740865,-1.8665478832882219
-2.8197511012211574,-1.8587689631651003
-2.8275566970346975,-1.851488664434844
-2.8349941447267,-1.8449205353197513
-2.8437457648200506,-1.8382419581149794
-2.8535729860554566,-1.8319754837338404
-2.8650799359356776,-1.8255173098854387
-2.8765929851465533,-1.8177044311588897
-2.892548669333399,-1.8090243743668897
-2.906884869424064,-1.8014667777009463
-2.9205477326789837,-1.7936395823652869
-2.9366879756212505,-1.7862708372782319
-2.9533532593289165,-1.7772848851264222
-2.9703228177210645,-1.7673439577630372
-2.9865775928805443,-1.7584404855647402
-3.0030544523506553,-1.7484067258729998
-3.01946337411915,-1.737793880366128
-3.0344891430149072,-1.7285453741541876
-3.0474841130358263,-1.7185370452590243
-3.0613922812523544,-1.7080874365029728
-3.0741265274391307,-1.6984129208226213
-3.0836045979369735,-1.6901029684362718
-3.093658628484234,-1.6802472682350436
-3.1045244986352682,-1.6715920233869839
-3.112101862534427,-1.664086802974226
-3.118263261052062,-1.655979244945911
-3.1244808170359484,-1.6491635729448169
-3.1290186053438567,-1.6414585808677236
-3.1306857141254154,-1.633767500776069
-3.132708002247697,-1.625296674292473
-3.133254221170206,-1.6160808644870177
-3.132493331039534,-1.6066404829256185
-3.1289755561829073,-1.5984395906487219
-3.125741916117496,-1.5915567242180815
-3.1204782712724413,-1.5840007119806303
-3.1130417074014853,-1.5781931435695942
-3.107054283147561,-1.5721304904428677
-3.0992060280065696,-1.5657185614816118
-3.0894080978025196,-1.5601681856642375
-3.0815943508867205,-1.555019659734708
-3.0732053441426896,-1.5479968091933871
-3.0634624273088593,-1.5407158728613413
-3.054156000431899,-1.5337367912358955
-3.0454013699097784,-1.5246610748795246
-3.0379650077095937,-1.5147525957893175
-3.027871930323785,-1.5045292968833028
-3.0182737837880778,-1.4932090740622768
-3.010132004932646,-1.4807519997702154
-2.9991616349437327,-1.4670074212741047
-2.987879909335996,-1.4530603980197785
-2.9777093220346025,-1.4388050675965964
-2.965289772340485,-1.4242792584878299
-2.9518125152876604,-1.410836016830605
-2.9384989901738257,-1.3986615815213517
-2.923836696865887,-1.3868579023626064
-2.9097543152780068,-1.374931594586869
-2.893443133263641,-1.364733551108335
-2.8766270535293046,-1.3554541086277645
-2.857660819940172,-1.3468364448411931
-2.83891020984766,-1.3380299921846055
-2.8212780003632014,-1.3300091965527645
-2.8031511861872453,-1.3199699169867427
-2.783255301594771,-1.3123587166209598
-2.7633191753492214,-1.3062121460920149
-2.744669343410642,-1.2985326551535954
-2.72491423188568,-1.2911094580038252
-2.7056437965207274,-1.285934069810957
-2.6863923372816103,-1.2807014454871826
-2.6694674555327946,-1.274266078217576
-2.6523592670302407,-1.270134503037099
-2.6333016666543276,-1.267213923636122
-2.6173425250718503,-1.2638262012391979
-2.602159752548879,-1.2621688820220847
-2.5828515817250746,-1.2630961818921387
-2.5660651326457358,-1.265101777762306
-2.5499353235104483,-1.267139591495923
-2.531710284822742,-1.2699673037592312
-2.5144353480536243,-1.2743723212464366
-2.4980007200920737,-1.2796709115629288
-2.480102978294106,-1.284805832244944
-2.4635475395602464,-1.290574261090079
-2.445286352388837,-1.2983439951889797
-2.428564200835335,-1.3048594871768426
-2.4127632176349354,-1.310295715101499
-2.395800134934235,-1.3184407111365328
-2.3817002175146276,-1.3251892761637811
-2.3671278273421708,-1.3339655890830664
-2.3522157849153587,-1.3452612729103546
-2.339518762252475,-1.3569517497489612
-2.325525314312156,-1.3688754051638523
-2.3122237710264133,-1.3821460849710963
-2.2988216752539747,-1.3961621318651352
-2.2847398529929386,-1.4083785809908913
-2.2719736578936853,-1.4208604618995306
-2.257357038020185,-1.4339478114713853
-2.242676536379044,-1.4452630230796824
-2.2296625654844617,-1.4559262632488053
-2.2150977759902895,-1.4667686537246618
-2.199423511377072,-1.4778702563087898
-2.185138320284788,-1.487983758371782
-2.1699420937454375,-1.4975622922612466
-2.1548941036904563,-1.5081499713341133
-2.139586587913684,-1.5185613600287267
-2.123717706479714,-1.5272713760339365
-2.108828892959478,-1.5355822924069573
-2.0927760667193085,-1.5449275520577863
-2.0759959587812484,-1.5529789337367905
-2.0606158974979154,-1.5614037381161285
-2.0438558234107203,-1.5709902052570315
-2.0271472584172106,-1.5803681010758723
-2.0113187862708637,-1.5895433595808934
-1.994347419417222,-1.5996953100439453
-1.9783354262629205,-1.6096143354617212
-1.962576016649082,-1.6183547852813216
-1.9468697641952362,-1.6271202204287922
-1.9311820081932876,-1.6361594882816155
-1.9153926071518923,-1.6440155394415616
-1.8999161981981034,-1.6504295060929364
-1.8844985872940592,-1.657492280111084
-1.8678917102869357,-1.6634551030680143
-1.8527711247540446,-1.6687524462126528
-1.83947549783758,-1.6737906243809069
-1.8243516296204256,-1.679555396183669
-1.811807106491611,-1.6840162161228802
-1.8011208112750996,-1.6873015518059318
-1.7899990120149902,-1.691682447644029
-1.7807096767818775,-1.695719554882577
-1.7724993475395914,-1.6994230353634183
-1.7655360408168452,-1.7024542213498246
-1.7605413810890702,-1.7062456093539669
-1.75474784116175,-1.7103826733152583
-1.751308810459313,-1.712077788286561
-1.7490301344641157,-1.7137456496452377
-1.744947685666512,-1.7156906533278586
-1.7427831558646414,-1.7157353884578341
-1.7403126146622017,-1.7158557597994468
-1.7369186450023708,-1.715152678214053
-1.735136708568054,-1.7123504692016733
-1.7329817457493526,-1.7091290021126861
-1.7316651439915118,-1.7066120451768825
-1.7302064339828582,-1.704735116544507
-1.7288233723939652,-1.7036526505250882
-1.7286648544411924,-1.7049886099931475
-1.727722959995384,-1.7085352935842593
-1.7251717134232956,-1.714460933904818
-1.7255948071027436,-1.7237012261731801
-1.7246351137493052,-1.7354598151206653
-1.7222415569053258,-1.7499858233326384
-1.72280262153869,-1.7667464330248717
-1.7222360716003793,-1.7854597564971575
-1.7205978449109776,-1.8060782591736144
-1.719668531008285,-1.8288225958358748
-1.7194899494458231,-1.8522092654655984
-1.7192178579020005,-1.8769384905012174
-1.7178280643880777,-1.9041546812298142
-1.717755419600453,-1.9311901479708675
-1.7189847763955886,-1.9589494311303384
-1.7185828105114014,-1.9872392177351854
-1.7186934335418855,-2.0149324017787285
-1.721160280903728,-2.0421506426693314
-1.721791452051801,-2.0673593079924775
-1.7217141124238007,-2.0913155712686144
-1.723999185571572,-2.1133165510620566
-1.7243798295405357,-2.1340406297316297
-1.7248874598411612,-2.1545443035728
-1.7269582391850722,-2.1737370812361148
-1.7295177237420545,-2.1919652628829276
-1.7322706359314566,-2.2110950329112447
-1.7340330920701295,-2.2310370116090787
-1.739815877816052,-2.2495531360554892
-1.745837206537531,-2.2678047799547505
-1.749487139798292,-2.287242530702161
-1.7561840572879328,-2.3054592145312074
-1.7642246721939352,-2.322997884626456
-1.7708185416126425,-2.341159789979953
-1.7790649912415233,-2.3589899477465974
-1.788017521121216,-2.3763901101637774
-1.7977261014245962,-2.3925306995693023
-1.8076212964401388,-2.4075460461763742
-1.817276119226914,-2.4232607614037756
-1.8289673684885366,-2.4377609342137676
-1.8395998245033638,-2.452307347309881
-1.84986224635764,-2.4675223497149417
-1.8624261288805963,-2.481192955111396
-1.8750327885499545,-2.494882379127376
-1.8865742901095643,-2.508809764626408
-1.9004132141736407,-2.521756799885587
-1.9134207254793778,-2.5343653510800666
-1.9246115517581468,-2.5465662062797945
-1.9362956712913115,-2.5577589813922126
-1.947198130164064,-2.5672896904952265
-1.9568448845913726,-2.5745974446586875
-1.9658815366323281,-2.581582089889689
-1.9733630303815632,-2.5863821425409452
-1.9835262040169925,-2.5883109824449537
-1.9901437582975923,-2.588582506824327
-1.9951265530896265,-2.587043237665515
-2.0035727911289296,-2.5828528560186736
-2.0096937657979357,-2.576172042777414
-2.014870260349725,-2.568280272888276
-2.021639733913344,-2.5597797108442015
-2.0269604774435868,-2.547651144313651
-2.0313687917696672,-2.5342204182383767
-2.03619649457046,-2.5209741761284112
-2.0402731365451166,-2.504463926088167
-2.0448092283247608,-2.4866363619842073
-2.0485058181305513,-2.4682010519108184
-2.051996824885469,-2.448333084847866
-2.057153396414684,-2.4271818769855296
-2.059496897566466,-2.4057101858963104
-2.062476771026483,-2.38600114800427
-2.0677251591724755,-2.3660960819081547
-2.070309521911226,-2.3482032261429064
-2.075523572971698,-2.3329111030851037
-2.081455778290354,-2.3168692244935567
-2.0868818073691955,-2.3025503986694247
-2.0929534646815666,-2.2891417233269955
-2.0989551268511617,-2.2767879296758453
-2.1067981469289223,-2.262926730011449
-2.1131209523368053,-2.2493706863310603
-2.1188633489638655,-2.238179803628405
-2.1261330867380783,-2.2250142605430585
-2.132648876737425,-2.211133025397579
-2.1378937040459096,-2.197104151768617
-2.1437449412274048,-2.1816597412536862
-2.149693770739357,-2.1651580762625366
-2.1550787549873673,-2.146501622852443
-2.1602462772749638,-2.1289080969826553
-2.1649292355279433,-2.1123038747154146
-2.1705885567419574,-2.093421316438975
-2.1758273376681547,-2.0761667301519107
-2.1811196796662036,-2.0600841573670308
-2.1874716106471173,-2.042153801751185
-2.1931960326771796,-2.02538903078585
-2.198090246684973,-2.0080972616414363
-2.2028344245327225,-1.9892216815655936
-2.207406947871466,-1.9697857463344952
-2.211889753863433,-1.9508299136448812
-2.2176524166962457,-1.9315790482766155
-2.2225127180334585,-1.9123569989564604
-2.228236224102876,-1.8937544585222992
-2.235293496301797,-1.8778113987514478
-2.241306498085272,-1.8622029907404694
-2.2496718791039347,-1.8469929373398115
-2.257058029844447,-1.8346933476513418
-2.264799307349205,-1.823360976713499
-2.275576216574521,-1.8114224759812803
-2.2846006351843644,-1.8013230836633123
-2.2936019472734417,-1.7923223615373198
-2.3040492773918135,-1.7835191778406387
-2.3139305197973754,-1.7741092670703962
-2.3252182532718835,-1.7663804646604597
-2.33604619496163,-1.760086179155075
-2.347271922495057,-1.7536158433553473
-2.3607292649250065,-1.749255012536419
-2.3729514992011347,-1.746016301979841
-2.384385400317246,-1.7441780099564421
-2.397423638837858,-1.7429574515546338
-2.4095618773724206,-1.7438062121782312
-2.42147322028437,-1.745772955380586
-2.43423101354478,-1.7475766110689606
-2.445949309177374,-1.750799810699232
-2.4581178861645623,-1.7544038882707018
-2.469350057892837,-1.757528732315636
-2.4799268285199547,-1.7619335160563718
-2.490763522850057,-1.7665938631250495
-2.500173787528461,-1.772072628715331
-2.509886199189911,-1.7760774493253928
-2.5195068950192994,-1.7815722310913513
-2.527051285998266,-1.7888787643123505
-2.5349930779661505,-1.7933088619072655
-2.5438192579480083,-1.7981129243177134
-2.551913694106739,-1.8034414823049159
-2.5580892142801623,-1.8088466838078858
-2.5637088584137344,-1.813728834945263
-2.5687247224893666,-1.8187575179260718
-2.572117426014539,-1.8250867667314659
-2.5741699662452384,-1.8316061764905027
-2.5754883270936206,-1.8375180207482333
-2.5754380213863426,-1.8436649504572666
-2.5730030231383343,-1.8500211810969716
-2.5703950694889794,-1.85503387665448
-2.567155623229271,-1.8600498453263088
-2.56220040883861,-1.865564527773447
-2.5570672916676633,-1.8705347658497657
-2.553239032316969,-1.8765570123404085
-2.5464301420174484,-1.8824170672289777
-2.539551348193304,-1.8871064306447343
-2.533115855136273,-1.891767596364761
-2.526185357551172,-1.8949893451730482
-2.518460285748549,-1.8984387831820528
-2.510618245205527,-1.9008644074024654
-2.5033071899976953,-1.9023803461960604
-2.4953435734933986,-1.9049242398975172
-2.4855298346631347,-1.9067291191765174
-2.4774866016988812,-1.9081881417971918
-2.469398170427691,-1.9106967050180248
-2.4601475612704244,-1.9141086972730978
-2.4524526718468547,-1.9182916575287232
-2.4456804933591068,-1.9234600187123074
-2.4384920082905466,-1.9309897283887596
-2.4315579370628573,-1.9396606259912035
-2.4256858809964434,-1.9491665107226666
-2.4207242865557546,-1.959527034084898
-2.415558621168457,-1.9699420875470295
-2.409401967930446,-1.9811130479207388
-2.4055994941817835,-1.9908976056121883
-2.4010215341664254,-2.0008926194147105
-2.394866890277766,-2.009806073262098
-2.3906866799356905,-2.017363434012601
-2.3856074012931194,-2.025036900530054
-2.378853629221805,-2.031852499350302
-2.3729766440349085,-2.038018513493064
-2.366865250597419,-2.044346768451417
-2.359946155527337,-2.050027232409561
-2.3532229610520123,-2.05587300365286
-2.3469792666170766,-2.0612286301631437
-2.3410060680976983,-2.0662417878942483
-2.33330977103363,-2.0710095962574497
