x,y
-1.5851297472092405,-3.167793207948906
-1.5748742223931105,-3.171447935554038
-1.5645834038561695,-3.1749796911290824
-1.554121257967136,-3.1775044840909064
-1.5436391273165857,-3.178623825766009
-1.5331637818167156,-3.178780377434983
-1.522307965024273,-3.179518727784991
-1.511725172185806,-3.1786091536835945
-1.501738140380995,-3.1765765505420402
-1.4913622847648713,-3.175189588582071
-1.4811292241922522,-3.1736777304625314
-1.4714004641515959,-3.170713274457883
-1.4612527250272418,-3.167738464995952
-1.4513171376353036,-3.164982485130341
-1.440976100681178,-3.1622503611578883
-1.4307417894597998,-3.1576736343439555
-1.4210258192182308,-3.153305105843742
-1.4108737344047853,-3.149286697497412
-1.4012717556371577,-3.1437024971044676
-1.3924340667288209,-3.1379397901604604
-1.3829720813251358,-3.132379738647591
-1.3742840976796622,-3.125753956631186
-1.3660620976327773,-3.118452072977485
-1.3573334778951487,-3.1114465768999406
-1.349612494986884,-3.1033591634187845
-1.3420847649667247,-3.093362570874708
-1.334704485376241,-3.0831923941560033
-1.3277722473347546,-3.0723344818763327
-1.3209016249748373,-3.0591333403842755
-1.3147744712513472,-3.045389073275542
-1.3085589528485408,-3.032110146596962
-1.3025715120700543,-3.0186300874476113
-1.2968757888601918,-3.00327820816495
-1.2919938423371256,-2.9881234087520028
-1.2866828680763795,-2.9734624786800525
-1.2821247296533518,-2.9579241545636843
-1.278064786103918,-2.9423766466507675
-1.2742495945728067,-2.9271464897396635
-1.2708572393501545,-2.912207508849812
-1.2680699120229684,-2.8967203249252567
-1.266014766055096,-2.8814083792204657
-1.2642354764507817,-2.8667221165441674
-1.2619152751573295,-2.852018765712297
-1.2613650403091872,-2.836567697178892
-1.2607031215950755,-2.821784315442989
-1.2596236934761889,-2.8065429507882755
-1.2602131488102195,-2.790186044692567
-1.2607016734516014,-2.7747138116196894
-1.2614694865746188,-2.7588282979592433
-1.2625641453184497,-2.742876414088597
-1.2645218035941848,-2.726523871867218
-1.2670241821103396,-2.710590690643997
-1.269556324127442,-2.6948135042042773
-1.2732645387113906,-2.678451002358038
-1.2773556548599894,-2.6622905713103266
-1.2811895389498844,-2.646400111227416
-1.2855615941608782,-2.6286522489227253
-1.2912521284172074,-2.6108626015777388
-1.296126590702588,-2.5933915219690094
-1.3000864267263685,-2.5757983522382095
-1.306143703320293,-2.5572425877519422
-1.3116271435600577,-2.53902598827054
-1.3163501383555025,-2.521524703463346
-1.3221656603562406,-2.5043610328900257
-1.328664243627916,-2.486894034475667
-1.334908230711309,-2.4701635840974765
-1.340713862327495,-2.4536302882647854
-1.3468324402745402,-2.4366215780278577
-1.3539040453252877,-2.4199877437641737
-1.3594588083575918,-2.403821637443407
-1.3653620045375974,-2.3871582189092457
-1.372386087824234,-2.37104818182471
-1.378585188987264,-2.3552964860410497
-1.3844819940978872,-2.3395352847485875
-1.3912852602423436,-2.3248098291403947
-1.3974070854584955,-2.3115254080069447
-1.4027055583007138,-2.2983662932530535
-1.408393265433595,-2.285708028382641
-1.414115804219023,-2.274643996721065
-1.4190153237477996,-2.2638474911804516
-1.4233680396031967,-2.253004005887066
-1.4281631503739358,-2.241682026096428
-1.4339949138341033,-2.2310900159792006
-1.437719804185352,-2.2215545676089077
-1.442149844706328,-2.211379267761634
-1.447932852775269,-2.201561702278918
-1.4519140701415252,-2.192438674218023
-1.4558591104000058,-2.1835120279836415
-1.4606155594744057,-2.1747631920618353
-1.46473358390977,-2.166045648430045
-1.468909474645298,-2.157949339301004
-1.4727250840531578,-2.1503539181529834
-1.477122037022342,-2.143054553426906
-1.4811201555558553,-2.1366597036444612
-1.4844772547070268,-2.130936793843168
-1.488673159408439,-2.126062408121782
-1.492238763757729,-2.1220232614416012
-1.4950804058411373,-2.1184351449508614
-1.4984914131684597,-2.116099881599161
-1.502725618419083,-2.1136976493379502
-1.5054738525264697,-2.112827712573738
-1.5082227698600845,-2.1122965656476382
-1.511737343547332,-2.1121583920073483
-1.5141705634329146,-2.1128137212237714
-1.516330162683452,-2.114360912581753
-1.5188350949768405,-2.1164084088906048
-1.5216562360620742,-2.118895121240481
-1.52349607030952,-2.1225281817835393
-1.5247564002970548,-2.127058196913479
-1.5276843332522168,-2.1309603655114144
-1.5295994815831575,-2.1353825020195347
-1.5304825179177233,-2.1404616640532717
-1.5324308365216073,-2.145674552661798
-1.5342524655498002,-2.1499467912526082
-1.5351305068404761,-2.154172298524503
-1.536770942283534,-2.1591233386825226
-1.5386387267601471,-2.1634870002613313
-1.540489181066566,-2.1672823839751563
-1.5420606016217764,-2.171399716680343
-1.543522246158095,-2.175456975817144
-1.545378808532574,-2.1796530442718303
-1.5466437497402459,-2.183862135259677
-1.5471928390479637,-2.1888625124955654
-1.549056486963644,-2.1938486958782644
-1.5500576059148257,-2.1986282847361336
-1.5503594255460698,-2.204127196405359
-1.5521909422541005,-2.2102269975637996
-1.553611225449472,-2.2166891026059483
-1.5545381551467798,-2.2236600869688945
-1.5559257386398517,-2.231629493065555
-1.5579791242071344,-2.23940506310538
-1.5599784878761815,-2.2473303492201047
-1.5615205514031236,-2.256749467474239
-1.5633024441782877,-2.2664095550534795
-1.5658266763197433,-2.2757821678306858
-1.5673289866521787,-2.285721737196929
-1.5689047587175629,-2.2962134690691416
-1.5713658926896996,-2.306669928576255
-1.5730966727713123,-2.3165914130453915
-1.5746214478823728,-2.3270418564075435
-1.5760115587882446,-2.337835842817421
-1.5772407280835576,-2.347342741738525
-1.5784652176177738,-2.3567646147017056
-1.5791163297076964,-2.367018103431355
-1.579891755610025,-2.3760675382376792
-1.5808171840044758,-2.3845514242861436
-1.5809615260416408,-2.393940040050618
-1.5820266431207908,-2.403066018910503
-1.5830176229172934,-2.411665209187314
-1.5826742663502984,-2.421117912293085
-1.5830618506284544,-2.430201103491787
-1.5838709645499889,-2.4390203783472733
-1.5837176306346739,-2.4472269644736993
-1.5837434101394048,-2.4557652011963143
-1.5836941972918517,-2.463742934747828
-1.5831586630774077,-2.4705961755220027
-1.5825909297258556,-2.4769117447742874
-1.581414496721296,-2.4825910936180158
-1.5806667615500125,-2.4864154004897374
-1.5796310135020573,-2.489465182066513
-1.5776970851558667,-2.4921732298834143
-1.5763917957108005,-2.4936835938781305
-1.5750790824361105,-2.493279064115333
-1.5730654401747157,-2.492690688169406
-1.5712251994952011,-2.491921465747105
-1.568909557813301,-2.4891336431821576
-1.5668735573331933,-2.4854673151265887
-1.564959816022881,-2.4824810844415044
-1.5622635537218033,-2.478959602475983
-1.5602948301848354,-2.473966588477829
-1.5582334806221172,-2.469135104471825
-1.5554694404562373,-2.4641796959546367
-1.5530156966163322,-2.458013955887188
-1.5508278245687612,-2.4508699392705378
-1.548210100351758,-2.443664588518193
-1.5459515454167445,-2.4353918653035316
-1.5431929724808817,-2.425400692459214
-1.5402378678197717,-2.4151156659714976
-1.53769854633555,-2.403887108739344
-1.5350019028574247,-2.3905271204924796
-1.5326648315872369,-2.377133090148012
-1.529972627321067,-2.3640398005759637
-1.526804748972881,-2.3492400370224567
-1.5251912067296725,-2.3331142307660913
-1.522780744726561,-2.3180495524294473
-1.5192088549126546,-2.302557081884717
-1.5170739218559581,-2.2858834036184095
-1.5148889858108838,-2.2692284498336948
-1.5118670655688675,-2.2534437360543986
-1.5095011844884947,-2.2371401581027563
-1.5071143069027535,-2.2203419136146505
-1.5050258266661434,-2.203771648345252
-1.5030904139770056,-2.1875017792540543
-1.5008993343615786,-2.1702899391519304
-1.4996480921189124,-2.153036022942533
-1.4980727305361827,-2.1361675903740025
-1.4962767611020447,-2.118055925872897
-1.495355777616701,-2.0994428805879126
-1.4939470157122856,-2.0807967063087776
-1.4924032583133349,-2.06102688080189
-1.4917567639089904,-2.04072470219279
-1.4903526309988595,-2.0204828403212063
-1.4891640350668602,-2.000131890849234
-1.488381532197682,-1.9791768125002218
-1.48770925567389,-1.957626681498519
-1.4878332727035788,-1.9366465459434625
-1.4872726461315036,-1.9163882623999466
-1.487221970787834,-1.8954246937142623
-1.4884306362891249,-1.8749932177733728
-1.488316019122631,-1.8562817048815408
-1.4884805990310905,-1.8372925415333055
-1.489804633044001,-1.8185786581906074
-1.4907737098298235,-1.8010555705265763
-1.4908857022791533,-1.7842374087871387
-1.4919503185645373,-1.7677263360059048
-1.4932066132652895,-1.7520987098943366
-1.4935142279162128,-1.7373240261308758
-1.4935786846136292,-1.7228692246753543
-1.4940840838636034,-1.7086030344635115
-1.4949680950633186,-1.6945610390760335
-1.495401583455008,-1.6800133141428337
-1.4962418363928092,-1.6652620221019405
-1.4984057567228521,-1.650238518802444
-1.4989529638674046,-1.6351701831621417
-1.4996427195748465,-1.6198531886133505
-1.5016858339886463,-1.604490395163042
-1.5022756991556965,-1.5898454640076185
-1.5033802759799926,-1.5751858379904164
-1.5051740436108256,-1.5602834870120983
-1.5064709852334832,-1.5459411811336354
-1.5073879982758787,-1.5319095257155897
-1.508189214889794,-1.5176255855438456
-1.509680812874679,-1.5035215494769962
-1.5108479085243578,-1.4897314265224066
-1.5112274084786002,-1.4753985533707172
-1.5129374022444655,-1.460896498753484
-1.5149525112733915,-1.4460973244051214
-1.5151536050426564,-1.4311009608126344
-1.516165021925035,-1.4153557230561946
-1.517816727893864,-1.399380472646505
-1.5190378775698694,-1.3827454967428863
-1.5202096321611362,-1.366465383745373
-1.521697843260113,-1.3500590838267095
-1.5242075698558983,-1.3331916138525073
-1.526322350540017,-1.3169238224070317
-1.5278403075001308,-1.3009169788845019
-1.5306813627126425,-1.2854322436850247
-1.5327287076125649,-1.2705652576172983
-1.5341836611864657,-1.25673639941657
-1.5372915410718866,-1.2439955975011894
-1.5392450125810593,-1.2318563255690353
-1.5407634606009184,-1.2210996389596316
-1.5430779194234245,-1.2110879950331142
-1.545053042305261,-1.2021343629862347
-1.5465089267997392,-1.194536044206878
-1.5475201047373963,-1.1882555509406656
-1.549052513361411,-1.1823314918948662
-1.5512087464619677,-1.1774706776523365
-1.5522645147890748,-1.1741193934791283
-1.55326130912761,-1.1711836621337224
-1.5555353036235307,-1.1686827550469419
-1.5567459069818872,-1.1671902840131039
-1.5574589973283932,-1.166980118217158
-1.5597844226041493,-1.1666964743032056
-1.5616889392500386,-1.1666475528246711
-1.5630430178684007,-1.1678388541863332
-1.5651562424722267,-1.1703578429418662
-1.5675623043583942,-1.1726944753251578
-1.5700603238095188,-1.1755361647419968
-1.5715796901696115,-1.1804473086001157
-1.573554097067348,-1.185852327553475
-1.5756967420346102,-1.1918123144984862
-1.5761195920619218,-1.1999817780832047
-1.5779544423979477,-1.2094399967105602
-1.579764611332682,-1.2194285709901804
-1.5801378084554885,-1.231203825896742
-1.5820795336209206,-1.244263397842254
-1.5837350032085968,-1.25771010213579
-1.5847637539576855,-1.2721248718509734
-1.5860375503959196,-1.2888723507132476
-1.5869997705685246,-1.3059165051696584
-1.588028121558029,-1.3231021151480662
-1.5886804340656233,-1.3411230120132382
-1.5885263255163102,-1.3604682849918035
-1.5889375757903883,-1.3793970571020169
-1.5895911828332416,-1.3977043663242337
-1.5886636209171265,-1.4178044669981797
-1.5886011945261498,-1.4383018725363022
-1.589193897215878,-1.4582359847864206
-1.5882541778041623,-1.4789433286341962
-1.5877194500493563,-1.5008617434745228
-1.5873388254790324,-1.5226368863931357
-1.5861313354088578,-1.5441711769495499
-1.5849048919178441,-1.566797220779638
-1.582939399377264,-1.5896744446066016
-1.5816921879898864,-1.6116373807943354
-1.5801881302908451,-1.6338568349270906
-1.5779939576791997,-1.656522539848298
-1.5762212421510906,-1.6779915805615393
-1.5742015478044669,-1.698360629643023
-1.5719933423622745,-1.7188195830647133
-1.5703947961203146,-1.7380880976283783
-1.5686901247308125,-1.7563847452902686
-1.5664959840743984,-1.7742014736568967
-1.564891471503056,-1.7914582367150473
-1.5634074022597608,-1.8068878435217444
-1.5619228281098032,-1.8217382592722833
-1.55974157114385,-1.8361124625530747
-1.5571679256735242,-1.8483761115217654
-1.5560199933794585,-1.8586964666016577
-1.5542158129877917,-1.8686804725056796
-1.5512509502103318,-1.8772662615975886
-1.5499550222853224,-1.8831307433353095
-1.5483261970765947,-1.8884691028976106
-1.5456576624881697,-1.8932162104497314
-1.543859812486921,-1.8963641319264164
-1.5418527460788916,-1.8980114238308303
-1.53973121114734,-1.898866166838225
-1.5372123456911568,-1.8994821125167396
-1.5349406101284127,-1.8985678206879995
-1.533103316329934,-1.8972843740103094
-1.5315389167985782,-1.8958816546047954
-1.5300758747263092,-1.8934845030207408
-1.5287026322536088,-1.8903679248658205
-1.5277050837244113,-1.8870449745305444
-1.5264650948258536,-1.8823778518081569
-1.5252877075731552,-1.8765270319545226
-1.5243479429943978,-1.8706186038113373
-1.5231255495807692,-1.8643806957303197
-1.5222230793816203,-1.8563362117689364
-1.5216877431326892,-1.847639750528617
-1.5215371919820748,-1.83883113210673
-1.5210014431944074,-1.8296833472915601
-1.5207862112452255,-1.819001303865402
-1.5215996831986331,-1.8082895988365622
-1.5217833628932487,-1.7984035940173726
-1.521832087607061,-1.7873739048902357
-1.5232699093957855,-1.7755030064370845
-1.5241087534510767,-1.7641241697440186
-1.524862123543159,-1.7525603118589135
-1.5260850224252953,-1.7405181808630215
-1.527356618808295,-1.7283884261450548
-1.5289147675410266,-1.716906477377955
-1.5294766794659709,-1.7054191483077168
-1.5307133643613198,-1.6936169729513064
-1.532532738301053,-1.6829304539025551
-1.5333122755940423,-1.6723052224264807
-1.534940167025746,-1.6613940461068948
-1.537614385657654,-1.6513465644465795
-1.5389173130314058,-1.64258820708147
-1.5404573146067528,-1.633785336659727
-1.543110320157023,-1.6256285000340887
-1.5446808768412068,-1.6187310147999399
-1.5468666253304022,-1.6118431120450714
-1.5492228925732943,-1.605171951882836
-1.55139666854517,-1.5996198875766638
-1.5534597013792573,-1.594974237106675
-1.5555667106476943,-1.5910142437600507
-1.5584367527888212,-1.5878591089891956
-1.5613089494527972,-1.5857504084785838
-1.5631967512434,-1.5842581314666715
-1.566434687049037,-1.583484106925483
-1.5698375800728184,-1.5841341421722088
-1.5722816553435197,-1.5852187290372655
-1.5754214671795126,-1.5868159084545006
-1.579069492850823,-1.588801529254598
-1.582371793759573,-1.5905029702871722
-1.5856086121920694,-1.593023859167915
-1.5892183098802313,-1.5953826951411452
-1.5935776019572894,-1.5975439978956987
-1.5975703364674185,-1.6001494218977188
-1.6007634944475868,-1.6027257807481823
-1.6056014814252226,-1.6048498920270042
-1.6097377353044529,-1.6070887677909478
-1.6131161496318793,-1.609314377506418
-1.6184417455067226,-1.6116507844352457
-1.6230957960827963,-1.6146645427265602
-1.6269274390870136,-1.6179294551478753
-1.631689374192375,-1.6221684133190926
-1.6362355942837898,-1.6268489985780372
-1.6405550409288132,-1.6322366711544973
-1.6448862503915056,-1.6389106897676406
-1.6491428372917483,-1.646049620285105
-1.6539324203617383,-1.6538811315788897
-1.6577006699056285,-1.6627006110367548
-1.6607895744679466,-1.672087942472078
-1.6657386340980145,-1.6812401171060052
-1.6696461143265615,-1.6909175997528312
-1.6722867406630237,-1.701186150537479
-1.6766342293396836,-1.7112834958041436
-1.6805934948062269,-1.7209135327325822
-1.6837806223068836,-1.730481103811849
-1.6870262849034532,-1.7400713710799052
-1.6904617340559598,-1.7488589294354246
-1.6939853207731401,-1.7570928288668821
-1.696472274778304,-1.7650222256122696
-1.6995819960850405,-1.772469811443943
-1.7032288372658073,-1.7789418202880773
-1.7058172085027685,-1.7844120981605947
-1.7093532434467242,-1.7891938176626638
-1.713859438530221,-1.7931604723014434
-1.7163909392201726,-1.7963675629857971
-1.7200095867198721,-1.7984953875524516
-1.7241614538051349,-1.7999232349040262
-1.7275102620109233,-1.80062268690888
-1.7307426839367885,-1.8013061724856352
-1.7343291070573426,-1.8018425299102074
-1.7380541384378447,-1.8017603246575267
-1.7418127705946975,-1.802118323506259
-1.7444753704915859,-1.8033653814837045
-1.7481345831764121,-1.8040471878023463
-1.7526151327325836,-1.8042859637784041
-1.7548674846942356,-1.8051433241603712
-1.7579260111825499,-1.8057989290094827
-1.761799971958918,-1.805869262167297
-1.7643294122261315,-1.8057463312360014
-1.7671775179311056,-1.806190854564205
-1.7701881617952377,-1.8060842865303819
-1.7729881402563612,-1.8048198725926576
-1.7754799396024175,-1.804195230488419
-1.7776376553845463,-1.803111656669227
-1.7811301146343237,-1.8003233598940218
-1.7835517178273386,-1.7973346978660818
-1.7855026340540516,-1.7939782588234359
-1.7877738975109077,-1.7901981229461572
-1.7895607990195146,-1.7850293396950292
-1.7915148862768995,-1.7791114855777617
-1.7942579796280065,-1.7729092086750238
-1.7966499340161555,-1.7645490945067284
-1.7989725618589338,-1.7561589466819507
-1.8016191543725948,-1.7471585745916227
-1.804319411029711,-1.7362646781005464
-1.8076091300944968,-1.7240126241369167
-1.8104602300245716,-1.7121677531448902
-1.8133090085594725,-1.6995239433887301
-1.817500912259643,-1.685289687198488
-1.8209386210934901,-1.6712769936144583
-1.8238168288510375,-1.6577135428206182
-1.8286650681184438,-1.642743613142864
-1.832931364041826,-1.6275062601201953
-1.836527958594914,-1.61290923664125
-1.8410067052939154,-1.5991116573104658
-1.8454025144660378,-1.5846797204160463
-1.849988872577006,-1.5705355088834188
-1.8544405110042903,-1.5580286569240482
-1.8592809138023698,-1.5454262283601885
-1.8643202488685267,-1.5329773287690758
-1.8693314467108775,-1.5220234962014825
-1.873859080265245,-1.5127681975093716
-1.8785746893924844,-1.5033287903530583
-1.8829820328697464,-1.4953842854651849
-1.8875009366629003,-1.4883437610304122
-1.8919214043430195,-1.4821004364738928
-1.895785703076567,-1.476649766683299
-1.8998262892253377,-1.4723090386714033
-1.9039470990713965,-1.4682566615884858
-1.9075186613149484,-1.46344921084095
-1.9114291401322103,-1.4593692064367476
-1.9145982695390806,-1.455742139346439
-1.9180851055487331,-1.4507678382089615
-1.9224866306219948,-1.4458718431111073
-1.9249871960647507,-1.442354659247417
-1.928135983621065,-1.4385837621664495
-1.9322378211836315,-1.434612124628524
-1.9349219888275375,-1.4315803769388902
-1.9379860020317798,-1.4289959219576136
-1.9411191241424275,-1.4263845520214486
-1.9439931866212097,-1.423895788640771
-1.9469073916535433,-1.4227189004050127
-1.9492654212325413,-1.4217836913658568
-1.951520737672068,-1.4207421078495
-1.9535244597776644,-1.4210400889124866
-1.9550971965865636,-1.4219526607664288
-1.95684753469579,-1.4229363465712401
-1.9595587490033464,-1.4241053540211217
-1.960856355663155,-1.4269397779549675
-1.9617790402462718,-1.4298975536379621
-1.9632011952336248,-1.4326885549703674
-1.9637406973935958,-1.4372674907840304
-1.9642926314725615,-1.441342283565829
-1.964708531580091,-1.4449331536087058
-1.9648509340548668,-1.4488931799123854
-1.9648226739121015,-1.4537614622122517
-1.9638788720082965,-1.4576554923063916
-1.9641067234697611,-1.460328038343318
-1.963775579427196,-1.4643590037625753
-1.9619504527544032,-1.4683857950066308
-1.9607137969578865,-1.4717826435529928
-1.9596798525211334,-1.475683735821263
-1.957398362871791,-1.4797618525309055
-1.955352009675146,-1.483703465182491
-1.9534938500675771,-1.4867122570200002
-1.9514434880881422,-1.4895313576389442
-1.9491675926690872,-1.492607600964087
-1.9463806899316607,-1.4944476540979894
-1.9439259028187146,-1.4961832143065033
-1.9413616453793003,-1.4979650598677035
-1.937273662131874,-1.499408577130244
-1.9347854241502886,-1.499810013150917
-1.9312185598489024,-1.5010435249906435
-1.9269482571059693,-1.5010399061524713
-1.9242724758947456,-1.500260349928273
-1.9205956942447981,-1.4997725687654724
-1.916749380629731,-1.498772518878575
-1.9139909261012558,-1.4971776828120282
-1.9113082441609512,-1.4951223716957507
-1.908643650325208,-1.4938403448801343
-1.9055758974874044,-1.4923122184276798
-1.9031371575001057,-1.490080055716139
-1.9014124146768616,-1.4881073478801397
-1.8978115856362499,-1.4867507689152701
-1.895363001633096,-1.484132341765249
-1.89412420178476,-1.4806841912622157
-1.8909573289510673,-1.477257685193479
-1.8884797361844223,-1.4730992557978655
-1.886834873497461,-1.4684921243035154
-1.8848860443962003,-1.463224862264561
-1.8829490438311034,-1.4583775910579269
-1.8812116455917758,-1.4531873704838858
-1.8800164679275033,-1.4470938864961072
-1.8791215964483403,-1.4414283821953928
-1.8770110497896966,-1.4362907419436806
-1.8763098355893857,-1.4305911962626163
-1.8761085945493585,-1.4253884075411651
-1.8744156538463161,-1.4205234164206146
-1.8744349575669084,-1.4150232286473423
-1.8745463282274017,-1.409913807072817
-1.8733891040706936,-1.4048019646446483
-1.8731928543622982,-1.399793295441008
-1.873582393404538,-1.3945568539891038
-1.873748868054324,-1.389944981354646
-1.8740575857845558,-1.3859974291890018
-1.874517488441069,-1.3819399476150958
-1.8760825132361512,-1.377777084851348
-1.876185622913765,-1.37532780469227
-1.875757350284624,-1.37290769990368
-1.87736744666057,-1.3701815641523634
-1.8786123403682213,-1.367322024977675
-1.8781452993465813,-1.3655173771937916
-1.879600771768923,-1.363302154910816
-1.8810980359507021,-1.3599664144932424
-1.8816986090446641,-1.3573980676155317
-1.8828422992592129,-1.3554850956564397
-1.8841860140859639,-1.3531891479027651
-1.885896357005465,-1.3503058892289446
-1.8870793721379593,-1.3479598410533955
-1.8882377149227518,-1.3454817024380525
-1.89077391916836,-1.3421231589600977
-1.8919014729719736,-1.339157609855281
-1.8941722798028588,-1.3357895082535156
-1.8968285287896272,-1.3332632117058636
-1.8980179236627706,-1.331566026473115
-1.8999128308909579,-1.3292307232385776
-1.902587564031949,-1.3276391231205429
-1.9043571869088431,-1.3259279052216086
-1.9054946062733373,-1.324842081559921
-1.9071032172099467,-1.3242038151196984
-1.9087110681366526,-1.3231202402936175
-1.9100605601453537,-1.3224831767500778
-1.91036889893214,-1.3228730602236254
-1.911416933269558,-1.3225866930104782
-1.913119566491778,-1.3223727686409228
-1.9130030943550163,-1.323830115957408
-1.9137971261833455,-1.325558693461337
-1.9151593482771618,-1.3270983891823245
-1.91490088432064,-1.3289900971682371
-1.9150222693255623,-1.331401634738742
-1.9154881329287547,-1.3332461746910107
-1.9153269450267807,-1.3340963908927796
-1.915038672077042,-1.3354676184753242
-1.9143805379246772,-1.3365012440292519
-1.9147138492104052,-1.3358566515811918
-1.9142501809041508,-1.3353419842770777
-1.9128337116837397,-1.3346175432763185
-1.9120632048626967,-1.3334731879011141
-1.9107383860622098,-1.3321557362066316
-1.9088653187728468,-1.3311640300126284
-1.9078444261811505,-1.3304153644867047
-1.9063695053685146,-1.3290296464295845
-1.9039618309059516,-1.328862923123744
-1.9018056817652007,-1.32935826157177
-1.8993825721527253,-1.3298108596709286
-1.8965344082810363,-1.3302675668958162
-1.893414848360349,-1.3321820179612014
-1.890261818387638,-1.3343589026247473
-1.8877920442410057,-1.335410570586576
-1.8845336451015404,-1.3377416443475338
-1.8806822434503816,-1.3410946494193996
-1.8778208117173216,-1.343323317399795
-1.8742009570317655,-1.3461033317387872
-1.8699865082100073,-1.3503795512566446
-1.8661197450313511,-1.354456317709583
-1.861719326088146,-1.3578857391609593
-1.8572375246201858,-1.3614922071583946
-1.8527905372184645,-1.366307417557669
-1.847741933949613,-1.370416584878575
-1.8428893012436307,-1.3745252095377185
-1.8377999817348374,-1.3794627266649375
-1.8320678412671079,-1.3841282125640724
-1.8261244112470656,-1.3885110551115272
-1.8200247208199711,-1.3928094096977253
-1.8133562843252102,-1.3967556447611125
-1.8070118517998286,-1.4004413357557652
-1.7995736611264903,-1.4039742089617324
-1.7913430275136115,-1.4085845685206362
-1.7837084390247404,-1.4126608829299796
-1.7753956389366679,-1.4158800493036892
-1.7673026772513607,-1.419586483070936
-1.7588924124127168,-1.4235743753080956
-1.7506103694890633,-1.4259971208901145
-1.7430716945562295,-1.4285170812686463
-1.733888878001313,-1.431904694144825
-1.7251851824839068,-1.4335375425480363
-1.7175525192899173,-1.4343593728420783
-1.709375009851484,-1.435346975485418
-1.7012160879162066,-1.4365570680266404
-1.6935172376432661,-1.4370584589117696
-1.685399638271665,-1.436777318371912
-1.6775870682493683,-1.4373354698886944
-1.6697151322366552,-1.4371445893165895
-1.6617436888850508,-1.4360172310279677
-1.6538571713250898,-1.4357186289509645
-1.645596484721346,-1.4351321459385045
-1.637385020919849,-1.4338537054626346
-1.6306143263668362,-1.432025615666962
-1.623060667143537,-1.4303950042127092
-1.6159290149884522,-1.4280229786231355
-1.6097606313920547,-1.4250316304681612
-1.6029063274693856,-1.422654665980135
-1.5966111798968314,-1.4190223318247075
-1.5908218577193065,-1.414504130048002
-1.5852894636497297,-1.4099690515345822
-1.5799044613167295,-1.4055607889113606
-1.5742352524836023,-1.4006596247800918
-1.569585901699061,-1.3949534446781628
-1.565602487702687,-1.3895990979164203
-1.5608342656976972,-1.3836464931188281
-1.5575376186366694,-1.376185343925715
-1.555024840365084,-1.368536440073413
-1.5515054086861855,-1.3598611172808743
-1.548917428214917,-1.350368742974126
-1.5473454890326552,-1.339886706874959
-1.5457724388948975,-1.3284629184886156
-1.5442592642762287,-1.317034005461606
-1.54309624759823,-1.3042335299468861
-1.5431336738759025,-1.2907750925483092
-1.5430499717467454,-1.2773968911229185
-1.5424559573857524,-1.263857824230729
-1.5441941365146161,-1.2500377769611064
-1.545084980881094,-1.2365489283986062
-1.5469304435014006,-1.2229261426487545
-1.550110471347401,-1.2094762125353795
-1.5525252496498532,-1.1969966930856861
-1.5557825119391153,-1.1847734804354486
-1.5607941455102905,-1.1718318928292524
-1.565719925954524,-1.159606539659307
-1.5712394367923639,-1.1478257837578671
-1.5768924899270176,-1.1360817421759166
-1.5837207778276285,-1.1242468679902515
-1.5906966996401197,-1.1134957429409265
-1.596592906030712,-1.1040620192392887
-1.6046966039600978,-1.0944926287958565
-1.6131043004121075,-1.0858858365964863
-1.6196890229852199,-1.07881887387225
-1.6270837058147865,-1.0720426471532782
-1.6355481424844007,-1.0652629026222482
-1.6429891189956303,-1.0596525935946233
-1.6508477685032132,-1.0559714950422012
-1.658925482371575,-1.0525453315214246
-1.66705796137452,-1.049954168829613
-1.6751470083559346,-1.049825710501858
-1.682782114889996,-1.050112504158272
-1.691170826840921,-1.0512695643932533
-1.6996768043156953,-1.0543930596095372
-1.7071978516610955,-1.0585534054877355
-1.7154998862410438,-1.06331938749205
-1.7242510307401198,-1.068542741379664
-1.7313239689691016,-1.075266503762659
-1.7397168879007214,-1.082053313474552
-1.748056623848038,-1.0896565152693556
-1.7553055400809356,-1.0988309663372775
-1.7626925028058387,-1.1084525029340002
-1.7704194673103213,-1.118372446756259
-1.7784578459855351,-1.1286846247689963
-1.7854195776992077,-1.1402836228039799
-1.7919907371344792,-1.1522785373852558
-1.7999847014134702,-1.1634593550422039
-1.8065240631612103,-1.1766174329511159
-1.8124055232723515,-1.1912959109778136
-1.8196644960022375,-1.2063509956554606
-1.8260970019543021,-1.2222555878523282
-1.8317086090958516,-1.2401256535694851
-1.837773940551001,-1.2589923785810027
-1.8436259957233174,-1.2777805767508879
-1.8496723172060296,-1.2978701283325678
-1.8544792930496026,-1.3194123231514114
-1.8591749989480877,-1.3408905572660093
-1.8641871084944885,-1.3623425160681077
-1.867459307056935,-1.3848951386125141
-1.8719089796263229,-1.4075025473073595
-1.8754294711840742,-1.430137513110144
-1.8781812803737785,-1.4533384471530943
-1.8819955768600674,-1.4766123584729582
-1.8853226176906117,-1.4995610137532103
-1.8872912682503389,-1.5227831316982163
-1.889639116560914,-1.5460059902856838
-1.891694363473824,-1.5689851673611368
-1.8931381268383225,-1.59144079539739
-1.8936234345634513,-1.6140315097275033
-1.8936867180968666,-1.636846837720077
-1.8944578683509634,-1.657854872457564
-1.8937949733493387,-1.6788990176213654
-1.8924251266273728,-1.7005354277772853
-1.8925303414932977,-1.7207651797061845
-1.8918129716841503,-1.7406937511410052
-1.8899890097459644,-1.7609607044988245
-1.888547738335661,-1.7808701773657385
-1.8868499073256264,-1.799191855782271
-1.8852051553377729,-1.8171447729894612
-1.8835899296521645,-1.8352481262587508
-1.8817769477980197,-1.8514634321064984
-1.8805158432784848,-1.8668069821996793
-1.879054955435196,-1.8817169399388955
-1.877679389888742,-1.8951366114339931
-1.8763795035082698,-1.9068471322308385
-1.874544207154679,-1.9181047949555219
-1.8720971257816326,-1.9287717865699123
-1.8706573846665366,-1.9372828026341897
-1.8684187832633237,-1.9449948112631175
-1.865973770977795,-1.9524637695836677
-1.8643276723221534,-1.958650701752521
-1.8623715653575403,-1.9638886498060797
-1.8602642322992284,-1.9688936224764901
-1.858428370538463,-1.973492876104917
-1.8567044993768724,-1.9767913772323336
-1.8553470161069943,-1.979869548264407
-1.853709211646846,-1.9841242178688292
-1.8521520348692118,-1.9876546062366098
-1.8509063755629513,-1.990060904297435
-1.8493563132494457,-1.9930633132642428
-1.8477575918116025,-1.9962236602357715
-1.8464360506150532,-1.9981186475301589
-1.84490550991818,-1.9998520310149137
-1.8435435173479504,-2.00180139941904
-1.8416846818750916,-2.003120984308895
-1.8399262205483702,-2.0031908529127587
-1.8389573311307772,-2.0024703305072578
-1.837715105537447,-2.001669633851263
-1.8363572750223682,-1.9989528424104461
-1.8355916250582893,-1.9948843321240812
-1.8342068606933668,-1.9911869867951089
-1.833128334325641,-1.9850362984885006
-1.8319860686507523,-1.9773918264131705
-1.8305937907634,-1.9698439356402704
-1.829819786054431,-1.9611421084669216
-1.829364928482415,-1.9507572306608696
-1.8286797729489932,-1.9400994775794909
-1.8285280670238448,-1.9299804606069515
-1.8282764533958065,-1.919536314834172
-1.828742861870217,-1.9081992874071554
-1.8297422574770594,-1.8978810741139074
-1.8301765671232055,-1.88777176179689
-1.8314334458919908,-1.8766889967588678
-1.833328091193391,-1.8663218557489087
-1.834263250250602,-1.8570367149903504
-1.8359805257404667,-1.847496288338744
-1.8383982272115655,-1.8375821569269786
-1.840675303697574,-1.8286531944581883
-1.842689677041571,-1.8203175081373844
-1.844648233998944,-1.8116141350593018
-1.8476609742710142,-1.8029116734090511
-1.8499419716360328,-1.794900548844667
-1.8516372560278793,-1.7863138424178395
-1.8543902043915614,-1.7771130462994142
-1.856650866389001,-1.7692071151442452
-1.8582150716568828,-1.7611407512213981
-1.8601530767914545,-1.7534256382899647
-1.8626107250834967,-1.7467313044604875
-1.8644839216361906,-1.7400278185054536
-1.8663159469660304,-1.7333168820299578
-1.8683667726980144,-1.7264783957939733
-1.8700772759270101,-1.7197132140615803
-1.8717258275794928,-1.713028810356126
-1.8732053967649198,-1.705892513057932
-1.875675024151762,-1.6986749472338927
-1.8772177233695284,-1.6917723966852134
-1.8775777814774983,-1.6845324509624335
-1.8801800155440715,-1.6760765590032134
-1.8819918606845678,-1.667880634803919
-1.882579513302511,-1.6599171105524266
-1.884719265317226,-1.6509137335704052
-1.8867444692493545,-1.64168782784565
-1.8879767486958587,-1.6327470202195766
-1.8898639007221194,-1.6236935486843158
-1.8921115557755055,-1.61417737942726
-1.8948477286685061,-1.6049974934740985
-1.8966151711809889,-1.5963363452754387
-1.8983450918449218,-1.5874362774018904
-1.9018697534456404,-1.57827712184269
-1.9037170955582998,-1.56936120336546
-1.9058819908032176,-1.5598697336424476
-1.9095892655578108,-1.5512925019577937
-1.9117296810874826,-1.5431917078056763
-1.9145114783481239,-1.535203293921941
-1.9179128856796008,-1.5275239408245902
-1.9201985304828566,-1.5207676988445447
-1.922662061025698,-1.5143558634868635
-1.9254635146178172,-1.5077207631779668
-1.928740333560444,-1.5005987051779763
-1.9318442155055604,-1.4940024273874266
-1.93380297984976,-1.4870729662559647
-1.9372249955063243,-1.4791222419187666
-1.9405656035977188,-1.4715110372768214
-1.94169879499426,-1.4642532712840555
-1.9448592005968366,-1.4559145376569296
-1.9481906942186002,-1.447377044728709
-1.9499412960591893,-1.4395778293772148
-1.951910579926165,-1.4320802316967913
-1.9541819695267777,-1.4244582459987727
-1.9561319667674397,-1.4168865642269588
-1.9573126250828075,-1.4106798641077642
-1.9586890361378753,-1.404671627073601
-1.9609458123930126,-1.3990289100473814
-1.9627563134537043,-1.394373036556812
-1.9639555024464932,-1.3904689139078386
-1.9664187850039367,-1.386730982342009
-1.9689575054950497,-1.3830752931380927
-1.969791494728476,-1.3801046612810954
-1.9719938299213686,-1.3775377641634816
-1.9740023566964933,-1.374784026959162
-1.9750647086658522,-1.3728688162509346
-1.9768656832709537,-1.371485512749109
-1.9784272499413749,-1.369587020603957
-1.9796612662035138,-1.368147793165869
-1.9799613424762916,-1.3676888957430153
-1.9804090452361707,-1.3667761424444098
-1.9822869569842778,-1.3653004581306256
-1.981481609024433,-1.3655934580693938
-1.9810358545124689,-1.3659397452379858
-1.9820797987618959,-1.3654727301085405
-1.9816115876333797,-1.3657535224478543
-1.9809996656806688,-1.36648119865169
-1.98159033506045,-1.367587745264606
-1.981633482013303,-1.3676917552914407
-1.9809736535035072,-1.368538989106737
-1.9805415548376983,-1.3700867757238206
-1.9799236162861473,-1.3715353509619739
-1.9798088314898057,-1.372810326421752
-1.978413241472519,-1.3758473724504348
-1.9772793311412034,-1.3791879960642668
-1.9769008151983671,-1.3822331907946943
-1.9747827325222773,-1.3859027070708516
-1.9735281577719752,-1.389846371088043
-1.9724335111250868,-1.3930417713951315
-1.9699026449264938,-1.3966231253792272
-1.9680726835709124,-1.4001872788512806
-1.9668858035564296,-1.403117012098984
-1.9645987525069077,-1.4052571510995546
-1.9621553465585495,-1.4078619128559322
-1.9597260539005255,-1.410431561809496
-1.9580392883972515,-1.4116844389195673
-1.9555455776981994,-1.4138345766502987
-1.952432145777877,-1.4163845387466192
-1.9502575278868661,-1.418353254821742
-1.9478480013937458,-1.420024911238695
-1.9445670532664845,-1.4223425393480968
-1.9422847896847169,-1.4243860199770073
-1.940231565665736,-1.425200080197304
-1.9378886419251067,-1.425599559141117
-1.935791048742421,-1.4264074162098046
-1.9337392065077605,-1.4260614875537503
-1.9321102276038704,-1.4252391235263675
-1.9303300172595856,-1.4247501329446794
-1.9279606481336298,-1.4244139836194745
-1.9261981599268343,-1.422880116049507
-1.9241625518798595,-1.4216041153845311
-1.9214479196504002,-1.4208068658681807
-1.9199454254876476,-1.4187533813534066
-1.917620179612352,-1.4166814121259201
-1.9152570368451887,-1.415140621250952
-1.913145345451237,-1.412938344766312
-1.910778897300036,-1.4095449218979361
-1.9084495709681448,-1.4067005909480013
-1.906473425954574,-1.4035845038237185
-1.9044758770346977,-1.399165179476626
-1.902862205967062,-1.3946756957109783
-1.900700664785253,-1.3909590119100943
-1.898907761145408,-1.3859723427274284
-1.8976872239574403,-1.3802558358592687
-1.8962100443032344,-1.3753545557400346
-1.894698212501305,-1.3703716776841128
-1.8937667271824452,-1.3648178852240527
-1.893003628334899,-1.3587672164429083
-1.891862279483843,-1.3538583799483086
-1.8912804349472438,-1.3482655726092145
-1.8903888876495594,-1.3420377580113716
-1.8908510514085861,-1.335539667093479
-1.8909835826136088,-1.3293306812654133
-1.8911116908436387,-1.3221331514532841
-1.8927349320124942,-1.3152520670546182
-1.8931488804557226,-1.3093735668595727
-1.8940609778046837,-1.3028149023705742
-1.8961714690319689,-1.2963656134902866
-1.8971066395277072,-1.2908899495418453
-1.8989304167160383,-1.2851873743463773
-1.9012867960333313,-1.2794114390533442
-1.9027879685750257,-1.2744351726030267
-1.9049948821646578,-1.2704230552095732
-1.9073669986453028,-1.2659327114839103
-1.9100624179334447,-1.261159479126652
-1.9127776145021431,-1.2586165317471216
-1.9149681854784424,-1.2561229612468066
-1.9179665504943064,-1.2530082222089607
-1.9218035505379543,-1.2506332027079725
-1.9238130499531783,-1.2493793052849052
-1.9265551826369354,-1.2478904439127358
-1.9304738934907069,-1.2461854721948615
-1.9332727280955995,-1.2455624361043505
-1.9360989171693328,-1.2457068254371462
-1.939468305626779,-1.2455882578428856
-1.943141287437737,-1.2459830764844728
-1.9465038287957817,-1.2469711756961321
-1.9489379656679144,-1.2480498702941987
-1.9524840368491734,-1.2490842944469476
-1.956299906409966,-1.2508508800795566
-1.9590965329569061,-1.2528003683499935
-1.9633042548283581,-1.253812169614305
-1.967055494659737,-1.2564001855793199
-1.9697252151724314,-1.2592219987386337
-1.9728836811178265,-1.261957428019002
-1.9765711759626619,-1.2648589700952926
-1.9791060342718187,-1.2689793491148835
-1.9818790351234377,-1.27297872336437
-1.9846997719163717,-1.2769683354046468
-1.9878960135516208,-1.281319698162683
-1.990230489128797,-1.2863524177482322
-1.9919560738733098,-1.2912098782904045
-1.995019863687164,-1.2957633309295922
-1.9967022230348408,-1.3011930070190982
-1.9970472286938243,-1.3064581314170678
-1.998979265971698,-1.3108435828410858
-2.000111942537183,-1.3152985724856858
-1.9995120735054113,-1.3200774577823144
-1.9995184441499378,-1.3247493265429418
-1.9992531429371647,-1.329599840779605
-1.9984678888662464,-1.3345777225455977
-1.9964877573241901,-1.3408906291841067
-1.994456518760055,-1.3472116486415793
-1.9930194812336086,-1.3533173231574251
-1.989851218528001,-1.3596868350282494
-1.98739949937203,-1.3656156358260112
-1.9857810827625288,-1.37143452128962
-1.9816890983076973,-1.3772688915899691
-1.9787840918965953,-1.3819202673408038
-1.9764209282336274,-1.3860024953889636
-1.9721596108584691,-1.389635441607971
-1.9683787335817728,-1.3927961829072235
-1.9652558736352694,-1.3955167630640204
-1.9613827680728015,-1.3980422217053865
-1.9571389134883412,-1.4009665736778312
-1.9522823837042498,-1.4032115296355856
-1.9482311267278714,-1.4048050646096866
-1.9442326585205203,-1.4065141275152946
-1.9384459369988003,-1.4082951886680393
-1.9337874694322084,-1.4099264109696865
-1.9298036483608183,-1.410797206704868
-1.9234973194251483,-1.4126094565898781
-1.9176028050053824,-1.4144697844062628
-1.9125076416604916,-1.4161386389668447
-1.9062608539079593,-1.4176300246134175
-1.9002000968610935,-1.4191797007055773
-1.893650652422314,-1.4209702506163302
-1.8873193521420026,-1.4222828088675696
-1.8805657512549263,-1.4235766722383243
-1.8729369223762324,-1.4254683207234757
-1.8662418525340216,-1.4268680608560727
-1.8589801227160339,-1.4288800906780323
-1.8507505284523054,-1.4309492994226578
-1.8440324861291142,-1.4328826035937192
-1.8375191290974968,-1.4348647288742562
-1.8297861472655774,-1.4373216508416735
-1.8232004509660722,-1.4396010141554079
-1.8168888054221295,-1.4413710602030747
-1.8097187376970367,-1.4427466626131067
-1.802761650142792,-1.4447218338369137
-1.7963130411554604,-1.4459429999424775
-1.790642299937743,-1.4460028764438113
-1.784455097379062,-1.446862549879334
-1.7781373513850929,-1.4478442025046243
-1.7736685180749765,-1.4477914944327763
-1.7682633444593339,-1.4479952123925446
-1.762180118353526,-1.4491379701248903
-1.7579107663216622,-1.4498322043508085
-1.7533320428968724,-1.4497934470630613
-1.7483859761966867,-1.4503272793175392
-1.7442181645292627,-1.451009545308187
-1.7397988136340932,-1.450460606418149
-1.7357637728315345,-1.4496044185783337
-1.7314897953165989,-1.4495804458143515
-1.7273686365280567,-1.4489154327788802
-1.7237653789654455,-1.447620302518384
-1.719520401590131,-1.4469787867131514
-1.7159914035212487,-1.4465956805869833
-1.7124611897085362,-1.4464544168286468
-1.708273728732848,-1.4471176820724285
-1.7048621351774695,-1.4488650590855323
-1.7017488613734455,-1.4505242417030662
-1.6977582204010273,-1.452071096154695
-1.6942199888962326,-1.4541513812090927
-1.6911292732356549,-1.45635928169565
-1.6883566670234784,-1.457818502901127
-1.6858165841009218,-1.4589962231239977
-1.6829914051202162,-1.4610727115409872
-1.6810426017020939,-1.4620195259854238
-1.679635095077047,-1.4619517912588378
-1.677234329141569,-1.4631971217005917
-1.6759693068358958,-1.4636638382239169
-1.6759367462594656,-1.4629396922336027
-1.674961993459276,-1.4620372262694217
-1.674942446531388,-1.461515438669267
-1.674822024465094,-1.4607351733621008
-1.6751118311304758,-1.45925477825316
-1.6762870126390583,-1.458306630741653
-1.676929752733136,-1.4578247704894653
-1.6782765919131923,-1.456578369098733
-1.6803753753376198,-1.4554464577859287
-1.6818643118848342,-1.4548099215055497
-1.684284309028256,-1.4532909294154672
-1.687011379052232,-1.4517068262933028
-1.688719441296054,-1.450608855409117
-1.6913757079598724,-1.4487789732532403
-1.6946621137879088,-1.4467922178004626
-1.6973550380509128,-1.4457314087916473
-1.7008816204011905,-1.4453535387085226
-1.7041436714191691,-1.44451286278896
-1.7076122002511822,-1.4438560629365649
-1.7108166322691492,-1.4444187965552309
-1.7129770937765856,-1.4446380539494081
-1.7167299924466033,-1.4436734323288862
-1.7197317426588923,-1.44405259982501
-1.7215176207596503,-1.4448979775558135
-1.7241152461543563,-1.4452844968491467
-1.7268025616721314,-1.445565051139137
-1.729226680249541,-1.4465520119584159
-1.7316239259773356,-1.447383220101173
-1.7340962771902222,-1.4476817467093257
-1.7374299795366115,-1.4479983427157674
-1.7403067588864187,-1.4485515155841941
-1.7423694838889274,-1.4481252018766682
-1.7454450803277017,-1.447589144282369
-1.748085416954706,-1.4477632694952451
-1.749773749469338,-1.447504472565685
-1.7527016905489015,-1.4463714120231912
-1.7554480556141472,-1.4459588947492588
-1.7577418634902349,-1.445450592087471
-1.7610998366385133,-1.4438290317246487
-1.764075408048531,-1.4426551273000028
-1.7668240664579173,-1.4420348353484398
-1.76970062782392,-1.4413118705867223
-1.7723674073932638,-1.4399481204256357
-1.775287408870427,-1.4391456416523314
-1.7776541007460753,-1.4388509656987019
-1.7797370202527958,-1.437646975863504
-1.7830016901626695,-1.4367329860369413
-1.7854646363999254,-1.436548949722659
-1.7872424426409972,-1.4357363519174569
-1.7901082943923925,-1.4345603172780592
-1.7923663869429576,-1.4340106351681772
-1.7940733185134141,-1.4335103287953108
-1.7958802062669832,-1.432683062074608
-1.7979448693671805,-1.4314865347266141
-1.7999069306665831,-1.4307152355553356
-1.8011184983293427,-1.4296151466653966
-1.8026158027778396,-1.4278008314530812
-1.8049472346127222,-1.4256492967264764
-1.8059008675888315,-1.4231382552496117
-1.8072608128736873,-1.4199203355065324
-1.8097208142992416,-1.4158244584467392
-1.8105718853945403,-1.411387137298925
-1.8122773183011032,-1.405660767267556
-1.8149749102650694,-1.3995261900138967
-1.8166998878438565,-1.3932065573548105
-1.8183583384382425,-1.3859235968250094
-1.82040848334932,-1.3780723394885066
-1.8224898591848575,-1.369828012156879
-1.824535622236003,-1.3611643501455863
-1.8264614687890672,-1.3522790682614734
-1.8297040472381447,-1.3427445764692654
-1.8330062683790327,-1.3332291932342522
-1.8356753472116307,-1.323423267084353
-1.8397128719776763,-1.3131880979073316
-1.844888583651499,-1.3023889967215754
-1.8486847836137061,-1.2918634202792827
-1.8528831376584598,-1.2815160872146276
-1.8580821356389354,-1.2710035355898555
-1.8626665624004266,-1.2606380221248685
-1.8670980009365643,-1.2509599404043252
-1.8716563165478495,-1.2416583565793364
-1.8775925822474528,-1.2326707491099849
-1.8831772249060037,-1.2244675803767038
-1.88812436487559,-1.2164370452891013
-1.894114645829087,-1.2089157208812866
-1.9000511480087148,-1.2015256255767408
-1.9048942573649068,-1.1940359668775835
-1.9106569805660858,-1.1870882561781935
-1.9161254977342723,-1.1804494002905077
-1.9207088259451401,-1.1737466384008424
-1.9260032803451217,-1.1672350792028754
-1.9315320038888584,-1.160482966635711
-1.9366163002342645,-1.1535484636861588
-1.9412253762065783,-1.1469693356937327
-1.9458456202282535,-1.1402957163573408
-1.9514205636988324,-1.1328445181243327
-1.9556423257587756,-1.1257548666530064
-1.9591833699616528,-1.1187660336913334
-1.9645974563985236,-1.1109188257269034
-1.969005074759332,-1.103230245771064
-1.9722343845692256,-1.096100622893774
-1.9768854833741303,-1.0891756872793188
-1.980907942197589,-1.0818130802191126
-1.9841446791728252,-1.0750409288436131
-1.9872379733050616,-1.0688574432202578
-1.9902642284813716,-1.0622363878969916
-1.9935019657039588,-1.055592504733956
-1.9954508624312337,-1.0501051784254014
-1.9976858317382635,-1.0447386201750508
-2.000411503205955,-1.0392900248903778
-2.0019300445835886,-1.0346311750522725
-2.003692485504148,-1.0307558981579166
-2.0058805699646935,-1.0274829512884018
-2.0067150722136917,-1.0246250155611305
-2.007226959926339,-1.0223568537880923
-2.0084561448822225,-1.0205486483818653
-2.0086545750277245,-1.0186050783595357
-2.008560345860238,-1.0175865762416365
-2.008033176956207,-1.0177721711750494
-2.007426106461929,-1.0173840993873584
-2.0067502301943847,-1.0177067314598895
-2.004615170927598,-1.0197464143809654
-2.002957150191208,-1.0216830575867157
-2.001841715780366,-1.0232029608529856
-1.998413446891697,-1.0262298622237498
-1.99552359684732,-1.0297193571117702
-1.9930834223447744,-1.0325095254700958
-1.9894394855816042,-1.0352120661900113
-1.9864976171238287,-1.0384320423478555
-1.9831689194131308,-1.0418063659798211
-1.9795599303930114,-1.0443757418462614
-1.9756210990295417,-1.047276739790762
-1.9706266719423968,-1.0504205539063347
-1.9658532718284052,-1.0529831917881665
-1.9613350718746265,-1.0551973696536858
-1.955614989190768,-1.0583835218305444
-1.9505099237763612,-1.0611925104155349
-1.9454204447280423,-1.0633471631623626
-1.9392746085812476,-1.066366715697642
-1.9339962656192555,-1.0694065021268564
-1.9285764966352112,-1.0717295569555156
-1.9223239549302717,-1.0740902687912894
-1.9165154751798588,-1.0771991116266728
-1.9105723817550115,-1.079876059154693
-1.9048044058774871,-1.0818025225813372
-1.8986523350632014,-1.0851104007706005
-1.891943782230719,-1.0888673094145498
-1.8863524960015219,-1.0915093881807667
-1.8798154527983513,-1.0949839352238127
-1.8723395531824847,-1.0993037666222152
-1.865773531545653,-1.1033833455844402
-1.8590716114757866,-1.1067027019638391
-1.8521420924643892,-1.1107902273616803
-1.8455326278943232,-1.115225828329802
-1.8387438353191468,-1.11843815048199
-1.8325388727766214,-1.1217397750643712
-1.8264198989968805,-1.125634364519146
-1.8202337281317702,-1.1287486474543766
-1.8144956511571646,-1.1316744096129996
-1.8087063279720508,-1.1351053510302906
-1.8019830094657634,-1.1391005829446765
-1.796398171448383,-1.142266673053887
-1.7903668821973613,-1.1455700904187314
-1.783969520586971,-1.149609956259918
-1.7785117042036296,-1.1529420286150096
-1.7725717153435796,-1.1562731276197349
-1.7667523593920547,-1.160387254692919
-1.7610683631290684,-1.164417615185869
-1.7553974917134705,-1.1673216337731762
-1.750378459390188,-1.17048772030463
-1.7450542532469664,-1.173719800276986
-1.7396024451487866,-1.1757757497291665
-1.7352208156428066,-1.1774236160585088
-1.730042785528201,-1.1794564549896656
-1.7250702218105516,-1.180781061111478
-1.7208745148816889,-1.1811587418567309
-1.7164788213448468,-1.1818064913611086
-1.712322455495476,-1.1828033319945563
-1.7079439236606828,-1.183412945422022
-1.704081753347873,-1.183333828016841
-1.7005041029692909,-1.1835441525642327
-1.6964451776708198,-1.1838007012329346
-1.6929242429482994,-1.1832999730378908
-1.6906365689745617,-1.1823657367836262
-1.6876650910395794,-1.181436829639219
-1.6849678181025984,-1.1796535600322957
-1.68328197233658,-1.1775461760510273
-1.680532057080592,-1.1758867231025432
-1.6783838222944312,-1.1730949703174043
-1.6769837335018103,-1.1700953516908126
-1.6753557049784373,-1.167445045554404
-1.674084163213857,-1.1650700759656358
-1.6728258858817433,-1.162424362533191
-1.67209479047961,-1.1595165980279036
-1.6716022842997869,-1.1570257975008449
-1.6701295716737348,-1.1537953774061411
-1.669785052944377,-1.1494633980330997
-1.6700831486769994,-1.145410238997238
-1.669477160780132,-1.1412292317021484
-1.6698735191995226,-1.1361254922210289
-1.6712820512121258,-1.1304450393817904
-1.671660156334229,-1.1249857524600764
-1.6722421905836296,-1.1194201361488059
-1.6734530927133604,-1.113188818679568
-1.6748608757176717,-1.107186821958958
-1.6760608907734122,-1.1014612446372194
-1.6764628202206373,-1.0957668629045447
-1.6777623427288038,-1.089976959259893
-1.6789106786496308,-1.084664783630157
-1.6787082145065646,-1.0792864089255976
-1.6798093210080731,-1.0737093036578418
-1.6812079501586266,-1.06803273178011
-1.6817371014354638,-1.062088739061478
-1.683120834327732,-1.0558859793691704
-1.6845711699228059,-1.0493463515034809
-1.6857152616224438,-1.0424543280916367
-1.6870839725268207,-1.0350691192951167
-1.689092660073454,-1.026930747189686
-1.6916020815614856,-1.0190050358800062
-1.6934448901050119,-1.0114450990279296
-1.6951338138274712,-1.0038393617538122
-1.6983649770441618,-0.9961669512785118
-1.7005488812874967,-0.9890360210396271
-1.7022908112739352,-0.9827373546892028
-1.7060421162586898,-0.9758622153651948
-1.7092295043790562,-0.9697491410517938
-1.7112633115023803,-0.9640984857273741
-1.7141376676970026,-0.9588314064265726
-1.71709410312322,-0.9536306367079191
-1.7192370577557707,-0.9489030027769515
-1.7211181859615587,-0.9454174977500374
-1.723275028911013,-0.9419705332482926
-1.7260070574870576,-0.938327830465804
-1.7272396205348355,-0.9358839123710329
-1.72875229569733,-0.9336166407447071
-1.7311988436066714,-0.9310535453042348
-1.7323949211000007,-0.9286014729554497
-1.7338032204623737,-0.9263377525787867
-1.735733948197025,-0.924655584435808
-1.736329156762582,-0.9226051468541556
-1.736731874207999,-0.9208284296681956
-1.737795137632649,-0.9190957621559294
-1.7383343202276271,-0.9170612276957083
-1.738315110642668,-0.915668694658152
-1.7378526785369286,-0.9151986224840356
-1.7382768893125375,-0.9144818198639563
-1.7388394900017874,-0.91373477708277
-1.7374409475386374,-0.9142575376317127
-1.737153938806577,-0.9145320051042715
-1.7373036223019587,-0.914446092735497
-1.7355695237487874,-0.9151518288823852
-1.7341717812171942,-0.9161445237960143
-1.7337750919118609,-0.9169936625739705
-1.732769501777392,-0.9173207829606758
-1.731612656981732,-0.9181636426770056
-1.7305513267723225,-0.9195342566123165
-1.7299049899657288,-0.9199810406998014
-1.7291495042518175,-0.9203026447117294
-1.7278062333182806,-0.9211621550030186
-1.727239534380096,-0.9215163429480412
-1.7269454448893027,-0.9211314742716802
-1.725325286281714,-0.9213587903052621
-1.724498365292665,-0.921773926897165
-1.72377763349573,-0.9214697432243575
-1.7215643279207136,-0.9215674614945117
-1.7200846923146251,-0.9221365288164135
-1.7189652156825097,-0.9222748063120648
-1.7168706743791586,-0.9222915555408501
-1.7144813912804273,-0.9231354019803351
-1.7118952073361868,-0.9239090476644781
-1.7099725175300218,-0.9237646034092849
-1.7070235270426373,-0.9245739915464699
-1.7034488022134777,-0.9257085766211111
-1.7004909348063717,-0.9256688529172655
-1.697196437344324,-0.9250079111241236
-1.6931159828497806,-0.9246790893719402
-1.6900572575928376,-0.9237851364747248
-1.6867987001953864,-0.9215371025690756
-1.6835502621305762,-0.9190637204137502
-1.6809520957216246,-0.9169468891553723
-1.6782059106445302,-0.9133469308985372
-1.6758007906505448,-0.9092123960006782
-1.673523939709255,-0.9059548381734644
-1.6712830226436177,-0.9026539754365308
-1.6693037561048794,-0.8987769389912198
-1.667171347035793,-0.8959498279160938
-1.6646048572039618,-0.8938544762275364
-1.6632416530678653,-0.8907764034427079
-1.6613103143934032,-0.8882267834874297
-1.6595795883816613,-0.8866219634958822
-1.6582241413808343,-0.8849248033164641
-1.6567063262137758,-0.8828789486454638
-1.6553474300823452,-0.8815920828499281
-1.6545788905669099,-0.880398498334138
-1.6536042510570492,-0.8785986073413101
-1.6531286028325285,-0.8770679740061808
-1.6522428389405313,-0.8767890135288716
-1.6515000095803078,-0.8764531191186734
-1.6511624348518092,-0.8757157118868868
-1.6505459093434045,-0.8762901150843294
-1.6501084096938192,-0.8773990516995258
-1.6499606382677925,-0.8782606361556979
-1.6493530998592942,-0.8793401990635166
-1.6485347154945609,-0.8820331366471238
-1.6475907300331916,-0.8849169070788877
-1.646622050706709,-0.8873548662726898
-1.6462710980039494,-0.8908186832559513
-1.6447186995714895,-0.8954456967136745
-1.6435581539474566,-0.899346536498324
-1.6430793406375934,-0.903917757400691
-1.641291112680932,-0.9100428256995371
-1.6400059853301379,-0.9156816723377489
-1.6389024909918608,-0.9211555041064732
-1.637796688289203,-0.9274544563788372
-1.6370616895595673,-0.9343587371825609
-1.6364290973149709,-0.940878755347223
-1.6353778295339219,-0.94776541496354
-1.634542162504443,-0.9555928239669301
-1.6336514998612128,-0.9630365014808874
-1.6329850196308315,-0.9701498974183412
-1.6320718533694296,-0.9786189478956541
-1.630640741834467,-0.9869755008069407
-1.62975020003414,-0.9945338911697589
-1.629871238688738,-1.0024149673695943
-1.6282307994827643,-1.0122316103166733
-1.627087498398416,-1.0219538758201414
-1.6267508334918552,-1.0319386069422618
-1.6253434106461588,-1.0434862156051152
-1.6235502914227595,-1.0558281347443725
-1.6219218959823294,-1.067739966190385
-1.6206704011739836,-1.0802722945491485
-1.6190394113259692,-1.0932969905775782
-1.616389217766953,-1.106604640991876
-1.6141562880547233,-1.119726118510499
-1.6120188081447546,-1.133295468627723
-1.6085150756846995,-1.1466929115571889
-1.6059334971572745,-1.159846132805793
-1.6034741274628463,-1.1735944338272553
-1.600099914329811,-1.1870178101236102
-1.596994061908367,-1.1999751427057683
-1.5943479058508636,-1.2129524210740874
-1.5907530303921922,-1.226375072936523
-1.58716316927968,-1.2396402089503162
-1.5835238870907922,-1.2526656508041072
-1.5804939313184505,-1.265930088292963
-1.576581657200793,-1.2796874331214814
-1.5719611263580828,-1.2931809908668146
-1.568882165448943,-1.306198695545171
-1.5649722002630937,-1.3200308749999323
-1.559755850783973,-1.3336356874186033
-1.5559775041401984,-1.345971034785826
-1.5524934941941493,-1.3587558646846933
-1.5477724085634461,-1.3718656538940763
-1.542853673611647,-1.3845906933247951
-1.5390026306935167,-1.3972542541249264
-1.5347608088172566,-1.4101674764530434
-1.5296756817668418,-1.4227773523931058
-1.5254824335528097,-1.43502622869454
-1.5217286368191487,-1.4473411009310981
-1.5176123284884637,-1.4590931186544058
-1.513376345455145,-1.47026917902526
-1.5100506304218204,-1.481443605989658
-1.5062114450748032,-1.4924272369918223
-1.5014754881432157,-1.5032807857686423
-1.4980312892990426,-1.5136841889768642
-1.4938403803453475,-1.5240270705083045
-1.4895654751406828,-1.5343839115887292
-1.4861873937356689,-1.544255814564587
-1.4830482280001238,-1.5538385985555285
-1.4799931475547152,-1.56320393719999
-1.476372938272367,-1.5720698583212802
-1.4735540947161967,-1.5797380707063944
-1.4716358485735577,-1.58629060388793
-1.4681036802922636,-1.5930911883873353
-1.465651759979396,-1.5981679392579056
-1.4644665645905561,-1.6020881167837273
-1.4618916358990686,-1.605810077048568
-1.459915407641888,-1.60865452742191
-1.459212368398734,-1.6107913688441173
-1.4583265727721646,-1.6120409758660104
-1.4573554583153443,-1.6130862150089404
-1.4565821013102642,-1.6140583834036013
-1.4564695049045697,-1.6134821415535607
-1.4568177453314304,-1.6122223152865378
-1.45674429011772,-1.6109110499331611
-1.4574043547841116,-1.6091796573777162
-1.4589073785868705,-1.6062652574003518
-1.459473994355915,-1.602913284307414
-1.4610034985360272,-1.599406152439953
-1.463204524368458,-1.594968080111583
-1.4642399178825223,-1.5903177534724047
-1.466200574188011,-1.5854742414242242
-1.4688751566461868,-1.5799342343230294
-1.4709066714193724,-1.5737075792400719
-1.4729757181986354,-1.5679674965622468
-1.4753052748647537,-1.5618772297459986
-1.4785938863416803,-1.5548701957733366
-1.4814153327432564,-1.5483139153738332
-1.4838496855040653,-1.542015139319932
-1.4882880456624334,-1.534681515400299
-1.4921187276544619,-1.5277961752197629
-1.494882406031896,-1.5210771851163551
-1.4990926958564204,-1.514492197580735
-1.5042090116106546,-1.506985395272356
-1.5084614034068768,-1.498919187005237
-1.5134366262995278,-1.4913725518273988
-1.5187315225682885,-1.4834584451423598
-1.524254083313302,-1.4745150761010273
-1.5299327752413854,-1.4662329805974283
-1.534981228457577,-1.4585276659625184
-1.5413592813709809,-1.4503231858568109
-1.5472171490869873,-1.4425112064163959
-1.552651065535219,-1.4356068149386148
-1.5591586097947792,-1.4283043240199695
-1.564770992640028,-1.4209280188448175
-1.5703753005450471,-1.4142078867166379
-1.5767553675392456,-1.4077642661536616
-1.582196043929385,-1.4015021471098708
-1.5871249695132172,-1.3957665118394507
-1.5924304781335392,-1.391138532093405
-1.5980284597563514,-1.3862456944614159
-1.603914625196199,-1.381858999850292
-1.609225435081517,-1.3798209341733498
-1.61430999308803,-1.3784156119452926
-1.6200282852032482,-1.377337347059119
-1.62469544403925,-1.3776380612767547
-1.6289670829227068,-1.378920470810381
-1.633645653762684,-1.3806439739439336
-1.6373671080223293,-1.382728550424627
-1.6411973939382432,-1.38675511223571
-1.6446765194288193,-1.3915823233419489
-1.6477362505176414,-1.3960751386092178
-1.6515053844938612,-1.4020629568835512
-1.654298470121668,-1.409382926789739
-1.6570343265937628,-1.4167309485018333
-1.66040645971329,-1.4243684976798359
-1.6624586037260145,-1.4341136092036595
-1.6645112366746195,-1.4441928368667016
-1.6669717375031068,-1.454363658863126
-1.6689536448183808,-1.4656735223220707
-1.6712054354524186,-1.4776809153105
-1.6734575639062244,-1.489407037208043
-1.675158188805469,-1.5015055621446551
-1.6770835491350602,-1.5149240672058366
-1.6783493671291823,-1.5279068183366271
-1.6795313217057077,-1.5406012070884183
-1.680525616175725,-1.554441552142697
-1.6805078081047446,-1.5683326371959017
-1.681092152987339,-1.5815902785563574
-1.681346316746173,-1.5955189485220926
-1.6805699589366272,-1.6101286172537104
-1.680150461057329,-1.624183900697041
-1.6800100294753297,-1.637362902002928
-1.6789723358462292,-1.6513169029091124
-1.6780867664801986,-1.6660881312784361
-1.676727910935799,-1.6800890294507276
-1.6754655587410874,-1.693980847812643
-1.6744181539451306,-1.7086976614974394
-1.6715267673706211,-1.72305046832729
-1.668954267946603,-1.737194216979889
-1.666809304868294,-1.751291390400104
-1.66363387112234,-1.7654377854721293
-1.6611125148942107,-1.7789134909835596
-1.659067307111527,-1.792645976578624
-1.6570125955739168,-1.8067036809615333
-1.6552004206537256,-1.8203451201923917
-1.6533926729753428,-1.833406662658415
-1.6517986490817766,-1.8465601073459998
-1.6506417664397086,-1.8594576665313083
-1.6492110461445835,-1.8712330949409757
-1.648368538986533,-1.882906261237261
-1.6470973724761766,-1.8952720445269682
-1.6449530036504423,-1.906674710336585
-1.64431521763928,-1.9167651016413276
-1.6432781504106022,-1.9276701429150165
-1.6412309307571098,-1.9382137602377334
-1.6408697263896832,-1.9473803001452734
-1.640614041191184,-1.9563491900716599
-1.6395496851892635,-1.965365506199892
-1.6380921065764797,-1.9737089415701674
-1.6373616093229981,-1.9812684373453668
-1.6371976390751155,-1.9889231004213044
-1.636229368705606,-1.9961819432467756
-1.6353830564600134,-2.0026435855656235
-1.6355667709669235,-2.0089633410737755
-1.6353154763561593,-2.0151862300812193
-1.6346167264368128,-2.0204538068280837
-1.6348073313646618,-2.025681023854514
-1.6345434045221836,-2.030751857455038
-1.633429204246237,-2.0353420763639685
-1.6335411236564383,-2.0390408578398387
-1.6332589411093426,-2.0429958841806566
-1.6329520864710707,-2.04636659801387
-1.632602352407878,-2.0487073604410013
-1.6327476088282784,-2.050369127489878
-1.633196572325212,-2.0518921154717713
-1.6326447671060647,-2.0525491075100937
-1.633278359500977,-2.0521323242851115
-1.6349638343982766,-2.0510486863461748
-1.6352034155080508,-2.049856716086861
-1.6364025279955272,-2.0478393756557627
-1.639100471806911,-2.045403049595852
-1.640934925899571,-2.042918193308072
-1.6425619416157249,-2.040118415450094
-1.6448880753191693,-2.036768118382343
-1.6473635750076334,-2.032998453309207
-1.6498002526141344,-2.029165920025626
-1.6515563781096962,-2.0256539425066276
-1.6546992644522789,-2.0218492504473295
-1.6588199578398,-2.0176529876179403
-1.6615065515420462,-2.0140180633930087
-1.6652761327514805,-2.0104021035810984
-1.6700917043074084,-2.0064972855049197
-1.673373339958091,-2.00220272750364
-1.6770123768285217,-1.9979408107016932
-1.6816780132726263,-1.9932216212138902
-1.6856977084394487,-1.9878860383210473
-1.690022260929938,-1.982612882204134
-1.6946612094799258,-1.9765442243442728
-1.6994754131948517,-1.9701429608000474
-1.7038731508488658,-1.9640861228149116
-1.7082095832381712,-1.9573520239243745
-1.7141257415686029,-1.9500043383360655
-1.719167275020575,-1.9435028203313878
-1.7233825318370792,-1.9368687532149857
-1.7298600264796393,-1.9296390598993596
-1.7354534092570029,-1.9230547998283691
-1.7398475464890366,-1.9166395018350542
-1.745248966579081,-1.910846865444767
-1.7512151505346982,-1.9044758393227263
-1.7569109104482172,-1.8982938217649605
-1.7623466641603038,-1.8930446892362074
-1.7677152452867606,-1.8880171991039205
-1.7737220437312424,-1.8822437914963674
-1.7791428247367622,-1.876931381804318
-1.7840980071971997,-1.8723316298953248
-1.790302085306305,-1.8671381781176877
-1.7957269609012834,-1.8621113336014947
-1.800806285417954,-1.8573010168609094
-1.8072973596305544,-1.852313176545549
-1.8123603601870573,-1.8470713861767492
-1.8174747366937851,-1.8416990773392319
-1.8231614508128497,-1.8367365075060358
-1.828473530268758,-1.8310549195615058
-1.8337245868916272,-1.8254527597669215
-1.8387325457714505,-1.8205521043765185
-1.8443266153946032,-1.8149205074636203
-1.8503265631400552,-1.8090681551038574
-1.8550645937155386,-1.8040795381575083
-1.860039074181604,-1.7991515722006468
-1.865757603201486,-1.7935517295176469
-1.8700830022477022,-1.78815111595225
-1.873905807568234,-1.7834471610544531
-1.8788935171501524,-1.7787382048721179
-1.8831607936675454,-1.7735070005979057
-1.8872350931075235,-1.7689697337546886
-1.8910686723860703,-1.765569482518916
-1.89496370909403,-1.7612158819743504
-1.8990972704258273,-1.7566688218648159
-1.902218383744408,-1.7531764605949005
-1.9058583257586366,-1.7491204869816304
-1.9098042000863673,-1.7442846962999343
-1.9122378854753208,-1.7401808683662487
-1.9148908054305116,-1.7360271815480535
-1.9179353744428802,-1.731312137442711
-1.919216174451539,-1.7270580693292439
-1.9206933281193588,-1.723383420971144
-1.9223826478482462,-1.719212025628211
-1.9229189512591083,-1.7151100105043995
-1.92369560273697,-1.7119586209886433
-1.9240029765219313,-1.7088040483303304
-1.923975011435429,-1.7051607613515511
-1.9236073101475113,-1.7020592605263716
-1.9226313955805165,-1.6991942982238228
-1.922123303542161,-1.6953537066766402
-1.9211673234556754,-1.6912334131336975
-1.9195334687695749,-1.6874315011575753
-1.9186642669674634,-1.6832980700139142
-1.9179240024686104,-1.6778293781532987
-1.9165775014375417,-1.672609075747509
-1.9150555833647338,-1.667741832106182
-1.9130908561264208,-1.662037382283887
-1.911724356360203,-1.655738446496758
-1.9105499955740788,-1.6504480500071856
-1.908501550757913,-1.6456885241903463
-1.9072168518306667,-1.639898980538129
-1.9058607872632771,-1.6350075082318383
-1.903600750863765,-1.6308268104432702
-1.9016175050240007,-1.6263503277407358
-1.8993505073107138,-1.6222060885806804
-1.8970394532022212,-1.6186041939645224
-1.8945391961560265,-1.6149876705792845
-1.891651151454829,-1.611116737340134
-1.8890298966270083,-1.608286065605944
-1.8864752638274727,-1.6059756690708107
-1.8834209084147098,-1.6029940927206205
-1.8810432897557208,-1.6003059554137409
-1.8778706204910396,-1.5988697787885253
-1.874051239127975,-1.5971488874463495
-1.871417950313324,-1.59462998831306
-1.8682465535340345,-1.5929491177958823
-1.8640174307483,-1.5917510529036472
-1.860972044230847,-1.5893849767948494
-1.8577384570541244,-1.5866723059641306
-1.853987173424382,-1.5844345620428038
-1.8504530093574063,-1.5817014834636256
-1.846765907742569,-1.5776440642212068
-1.8440673503196379,-1.573191548302726
-1.8409810568096325,-1.5691085822392024
-1.8373678214072011,-1.5640435378882647
-1.834634113493801,-1.5588860950243837
-1.8315168518222968,-1.5539882893798498
-1.8276160542587812,-1.5487112374850267
-1.8246988934583004,-1.5432171801215324
-1.8207531446537553,-1.5385940788496786
-1.81751438856765,-1.5333013692958064
-1.8145828138984432,-1.5279453656272566
-1.8112919955833022,-1.5228939808734088
-1.8086043055529908,-1.5183666938882339
-1.8053773295862627,-1.5130248324052473
-1.8030619674266843,-1.507313316637983
-1.8009759169036115,-1.5026421744427896
-1.7973868537547426,-1.4979734681616381
-1.7948372644274968,-1.4925605689756205
-1.7932020164459406,-1.487481656543727
-1.7895735677900793,-1.483354367887196
-1.7866129461368685,-1.478856288391259
-1.7845049413884753,-1.4737978005265093
-1.7812551823153726,-1.469216749504037
-1.7782288183607795,-1.464691765971302
-1.7755829003595298,-1.4595143826273653
-1.7735264171153757,-1.4538565716425407
-1.771049808830568,-1.4482482700948534
-1.7675964617096311,-1.4421753486456597
-1.7654884167756368,-1.434880796783463
-1.7630382437277525,-1.4278489960484098
-1.7593706918019,-1.4205893328487833
-1.7573079306308916,-1.412467705515305
-1.7553528878041225,-1.4044478834254652
-1.7520088015371575,-1.3967425823574897
-1.750054827022535,-1.3890555173624102
-1.748065972800248,-1.381734115833747
-1.745393480929363,-1.3749937227068767
-1.743171351747436,-1.3683929806205974
-1.740717429330784,-1.3614969651206743
-1.7391419137228659,-1.354708054824751
-1.7369565513428007,-1.3488997001705507
-1.7342294623625498,-1.3432069477388056
-1.7335115325741748,-1.3376572872134287
-1.7317948937413938,-1.3331109907456677
-1.7287682070356247,-1.3292610138675514
-1.7282378339816171,-1.3253151333049416
-1.7272386563402307,-1.3220329031251463
-1.7252019776664047,-1.319419862714396
-1.7241754388677426,-1.3174706053876266
-1.723055595730595,-1.3156937579172365
-1.721847967509937,-1.3142316775032137
-1.7194713498995102,-1.3147407017677064
-1.7174117816860779,-1.3153215418552298
-1.716380928060505,-1.3161278326460841
-1.7137675409740487,-1.3182971780148964
-1.711233961176367,-1.3209978421729007
-1.710557095808808,-1.3236209886636243
-1.7084231897900077,-1.327141362613661
-1.7072399834552843,-1.3306689430839396
-1.7062834874047612,-1.3350316208629365
-1.7042148899702487,-1.3400527158522881
-1.7024862943745853,-1.3454557304246009
-1.700974745677383,-1.3510430488424487
-1.6996544819938262,-1.3567505717898103
-1.697679675816708,-1.3630796927014328
-1.695584785090429,-1.3692721140972937
-1.69516250774235,-1.3747639858897922
-1.6944348758293197,-1.380604334753112
-1.6919082216904233,-1.3867217087887405
-1.690867374439079,-1.392213958593395
-1.6907245854816657,-1.3965467714684292
-1.6888025365079289,-1.401378174409364
-1.6877289523940597,-1.4067604826538938
-1.6870148307729238,-1.4115708393746254
-1.6858575231469182,-1.416139371482824
-1.6846058726546733,-1.4218734843947458
-1.6831441059626084,-1.4278321618164775
-1.6826300546984658,-1.4332477011362619
-1.6814628856834835,-1.439276429816377
-1.6796401552220792,-1.445818538538663
-1.6790966546536588,-1.4517746048002103
-1.6777258494540017,-1.4577464865579817
-1.6757815053472767,-1.4643490895803257
-1.6752826681026587,-1.4706001558328154
-1.6738457581720667,-1.476692664313122
-1.672372538613825,-1.483000550796425
-1.6720129964383568,-1.489400189046266
-1.6711954999605005,-1.4951258488736026
-1.6707201711689468,-1.500907826205557
-1.6702334884417465,-1.5071762843838503
-1.6693439356303386,-1.5124112128770022
-1.6695419097502675,-1.516194596699423
-1.6687604874291662,-1.5202301500711761
-1.667813372028662,-1.523960866279807
-1.6686412421583117,-1.526032945918239
-1.6680881631009563,-1.5274788072189402
-1.6668367354982228,-1.5290904580609812
-1.6670739365299507,-1.5297927535207942
-1.6666564764640295,-1.5290951659914154
-1.6660940033381666,-1.5283799117846615
-1.6661828921947208,-1.528222986688088
-1.6666216765356803,-1.5262637072235479
-1.667240014837548,-1.5237773262593646
-1.667291534676576,-1.5220523896590383
-1.6679535971024997,-1.518977350854297
-1.6687370658019418,-1.5152957108759733
-1.6685746726958908,-1.5124241781408752
-1.6691577765029573,-1.5091625681301517
-1.6698160176914962,-1.5050308926850406
-1.6702391321224401,-1.5006894176508463
-1.6713203677916981,-1.4963625427713678
-1.6723899678837857,-1.4913386409628997
-1.673089118204774,-1.4860564276135035
-1.6741519076489155,-1.48162178726352
-1.6750856648799244,-1.477251692542598
-1.6761117846887585,-1.4721765855894833
-1.677225541610471,-1.4680015143822764
-1.6777224494331962,-1.4643790297550312
-1.6789616236205398,-1.4602961578547562
-1.6806670345814054,-1.4560316457364315
-1.6808827194567255,-1.4534471980653447
-1.6820821757379951,-1.4508934185511018
-1.6835853696533942,-1.4472972262773773
-1.6846276271711293,-1.4439457648329408
-1.6858887615679228,-1.441282313788486
-1.6868493354800773,-1.4377866179420749
-1.6884156520478903,-1.4337747084123535
-1.6900984901242073,-1.4308601306883428
-1.6909736944630027,-1.4284162314273747
-1.6929238913406057,-1.4248316807862131
-1.694798846347744,-1.4220535813255186
-1.6961168140716907,-1.4199530230531439
-1.6980842936985914,-1.4172995517670999
-1.7002026544717304,-1.4147185937936408
-1.7023225088369462,-1.4123691927862374
-1.704727705154872,-1.4096518706589984
-1.7068570547949637,-1.406285837233841
-1.709179182288442,-1.403219029053119
-1.7114558603129355,-1.4002748215100413
-1.7130617141707816,-1.3968593346903437
-1.7158767885864488,-1.3935010771182894
-1.7182383689491496,-1.3916132262522307
-1.7196641690764578,-1.389514488797234
-1.7223294030048308,-1.3867666650754893
-1.7244897073838765,-1.3854953455480958
-1.7259056619954536,-1.385053961133776
-1.7282756918816982,-1.384111918905104
-1.7300519856329037,-1.3839754069652492
-1.7313542414855485,-1.3848864882539176
-1.732520135663979,-1.3861179089383044
-1.7332981774473732,-1.3868688653062118
-1.7346035456296847,-1.3879444903198348
-1.7354248843650573,-1.3894638381946511
-1.7356256010687559,-1.3900881645501888
-1.7368655583559027,-1.3904536759010828
-1.7380588096245997,-1.390720169544429
-1.7383327616072823,-1.390161098907185
-1.7395603077514719,-1.388818696342225
-1.7402101898078897,-1.3878414908168022
-1.7404396315950044,-1.3864410081726772
-1.7411511883002424,-1.3847362565071004
-1.741476705504426,-1.3833953270262638
-1.7418682442296238,-1.382381259244159
-1.741939528072554,-1.3809937279256241
-1.7427989428793786,-1.3789155452634763
-1.7436987367671417,-1.3781170328673265
-1.7429495215044821,-1.3775275822649968
-1.7435764192194443,-1.3756973234902177
-1.7447811582490351,-1.3749938131829367
-1.744143906414807,-1.3751803113114067
-1.7440840655873708,-1.3748807448373344
-1.7450026039008273,-1.3742998329916598
-1.7448966551833418,-1.3745679006326281
-1.7447825597223199,-1.3751997324631346
-1.7450328920213782,-1.3758527411131658
-1.74539981890105,-1.3765849940911374
-1.7450977036642306,-1.37823667253963
-1.743833346227839,-1.3799638973167287
-1.743862650543622,-1.380962638324649
-1.7436938460157385,-1.3828150997461575
-1.742266131293125,-1.3848174259672676
-1.742119150928286,-1.386236041144647
-1.7419286217520098,-1.387605970312303
-1.7403943840507605,-1.3889943643957392
-1.739627800325788,-1.3903473936928212
-1.738622050502946,-1.3914525382555476
-1.7370656485909695,-1.3927213243489769
-1.735611034141497,-1.3943002453603086
-1.7340193574574765,-1.3955648053232854
-1.733019297969965,-1.397111363613737
-1.7314129991668568,-1.399240922447689
-1.729161687447349,-1.4008635043584239
-1.7285782117644324,-1.4020037777189673
-1.7268037348044232,-1.4038071645399932
-1.724142648218181,-1.4058278508436344
-1.7232349303891807,-1.4072011676797358
-1.7215245647797723,-1.4084236089126765
-1.719130586090022,-1.4098226822084048
-1.7176622380999473,-1.4112339306464423
-1.7163313132148694,-1.4117354112253209
-1.7151472773120577,-1.4122268513974736
-1.713097618005839,-1.413689752167224
-1.7109146775303983,-1.4149982127300027
-1.7100302829007066,-1.415861968427843
-1.7075204633894554,-1.4177878746479917
-1.7046647080909947,-1.4201533829569046
-1.703620390461135,-1.422447271842239
-1.7007171794949028,-1.4258585161699675
-1.69800998659939,-1.4294781248150994
-1.6961896477589422,-1.4340012467155647
-1.6933315368644286,-1.4380573610293554
-1.6903846843831414,-1.4421315886567325
-1.6880684848290608,-1.4457240159397875
-1.6851069925845363,-1.4487942311805557
-1.682143355427416,-1.4518552842983703
-1.6789782680108125,-1.4543686089872796
-1.6767617124158074,-1.4558329264508683
-1.674603813827062,-1.457272647790695
-1.671131339763188,-1.4583497534487255
-1.668933703522198,-1.4590476948385203
-1.667526449499325,-1.4590112759114162
-1.6642324412447667,-1.4591776026633299
-1.6617530588253737,-1.459269145307972
-1.6596977131844044,-1.4588219695002425
-1.6571829088398367,-1.4572148722675369
-1.6547478425971849,-1.4561377282346615
-1.6524264372613533,-1.4544581359489872
-1.6508352497875236,-1.4511948312811143
-1.6486630297238447,-1.448112783299431
-1.6457673099056085,-1.4450548878267748
-1.6443448428538394,-1.4406518485403177
-1.6422376483146837,-1.4361828636474996
-1.639273990783218,-1.4318560464360497
-1.6371012174834216,-1.4277422209564965
-1.6345497676560963,-1.4233328147432402
-1.6319245766898343,-1.419006260328313
-1.6298890159133306,-1.4152745624215597
-1.6281306534700648,-1.4111838046537901
-1.6260659587842308,-1.4068680733356784
-1.6239809409689658,-1.4024973338055833
-1.6217326994273784,-1.3979226853211393
-1.6203130275232869,-1.3920685353479956
-1.6181747559171331,-1.3867258236418714
-1.616061316735107,-1.3812394861511998
-1.6152781525547275,-1.3739282201961143
-1.6137271993230062,-1.3667144989595184
-1.611937849490517,-1.3602206843844145
-1.6112615625124245,-1.352820943889542
-1.6101313478362667,-1.3446653427053907
-1.6090441824369066,-1.3370559951038674
-1.6081601866451287,-1.329839489648664
-1.6071991504850383,-1.3213785565752059
-1.6072653543873658,-1.3121720889386037
-1.6073526727980794,-1.303594530494191
-1.607380787187983,-1.294260842313068
-1.6083905948854647,-1.2840090358840495
-1.6091984175737961,-1.274196268735983
-1.6103465125276941,-1.264136612775106
-1.611848320510559,-1.2535368272304803
-1.6131962712120982,-1.2427700655795375
-1.6151696749159166,-1.233164531354277
-1.6173347831395077,-1.2234578879525646
-1.619040472629646,-1.2141416977793595
-1.6217633600621146,-1.2056854130788275
-1.6237308048643424,-1.197909272551813
-1.6259271520554028,-1.189359464059185
-1.62830963509341,-1.181312975098013
-1.6298146104174558,-1.1749898744532818
-1.6323288028820926,-1.167846454659804
-1.6353508985808294,-1.160008307964886
-1.6377030401251635,-1.1530015212707545
-1.6402013145831154,-1.146637430961494
-1.6430395415274275,-1.1395724180482356
-1.6457771413224196,-1.1327988562280829
-1.6485304075222746,-1.1272266100729045
-1.65092107537172,-1.1216783400708532
-1.653400353540474,-1.115958350641171
-1.656122423272046,-1.111396720556107
-1.6581332635649464,-1.1075346450315349
-1.6603154598249081,-1.1033465318966353
-1.6628159164359915,-1.0998510719884114
-1.6647523331491085,-1.0971625062778452
-1.6674353174869574,-1.0942197469677686
-1.670682647525739,-1.0911071507569776
-1.6732688045667874,-1.0884172489596733
-1.6760624910747546,-1.0857737307976976
-1.6790999986704769,-1.0826476394628868
-1.6817446607278035,-1.079616316276224
-1.6847713262833788,-1.0772973177431138
-1.6872099860244676,-1.0750859340679355
-1.6897855723458308,-1.073043990651753
-1.6924516299846708,-1.0724235048780417
-1.6941048120510653,-1.072063499732489
-1.6964150369090583,-1.0716154026891576
-1.6988541081521777,-1.0718647206343241
-1.699994867976128,-1.0724604772355946
-1.701976930940741,-1.0727962544148713
-1.7039906319995397,-1.0732673302693154
-1.7057905904354684,-1.0740970106910976
-1.7074738161839407,-1.0752441789659437
-1.7089986014267622,-1.0758307827910643
-1.7113126656633804,-1.0763492674326933
-1.7127009058703508,-1.0778952379971702
-1.71314833299151,-1.0795112374875864
-1.7149398110095895,-1.0807569511154935
-1.7160278492306615,-1.0832027295456474
-1.7155317054178145,-1.0856721034786783
-1.7159918818647786,-1.0879306265376105
-1.7162281176090974,-1.0908599959304437
-1.7154954970895895,-1.093569879716153
-1.7148223212065905,-1.0957941966894793
-1.714440559675993,-1.097995434476092
-1.7138090157679733,-1.1002634144536234
-1.712688796430899,-1.1021954477549543
-1.711844862024429,-1.104019638081346
-1.7113311752082485,-1.106719302554248
-1.7098439829887537,-1.1101209747018268
-1.7087060199964683,-1.1121958383616883
-1.708519864702251,-1.114524922156884
-1.7074983498093295,-1.117611586262667
-1.7054352644039625,-1.1208650735210834
-1.7052664047949144,-1.1234115141787662
-1.7045624769686654,-1.1264322129604738
-1.7029853633236218,-1.1296840919884272
-1.7017592152958563,-1.132786634797547
-1.7010677292671716,-1.1352762504731828
-1.7003050815285956,-1.1377388765824883
-1.6988569864419996,-1.1404749739518358
-1.698029586795604,-1.142316981875989
-1.698414991909524,-1.1439196815477284
-1.697244444355808,-1.1461992235870826
-1.696667117791212,-1.1476990828671307
-1.6972497987418667,-1.1493366137881715
-1.696400716221663,-1.1512462268980634
-1.6959216194294227,-1.1529309395813347
-1.696262172737796,-1.1548148694196305
-1.6954090554907235,-1.1568885303352126
-1.6947266075798875,-1.1591001649862147
-1.6941097515862078,-1.1612961313791743
-1.6937426672947902,-1.1631925188260908
-1.693713805273369,-1.165178546160027
-1.692783448966995,-1.1673344257489833
-1.6932464011479653,-1.1689613833486219
-1.6939269676223778,-1.1705831858906386
-1.6928913983197726,-1.1732094883782036
-1.6935353177386883,-1.175903562241524
-1.6947846070345765,-1.1780696966484023
-1.694576063445439,-1.180763842497972
-1.6950227250693835,-1.1842034187214723
-1.6957816241227057,-1.187105861688511
-1.6963042576952807,-1.1898512290120806
-1.6967709732686216,-1.193763584429763
-1.6971666006035704,-1.1976143205472292
-1.6986482490106432,-1.2006229159378408
-1.699613307761814,-1.2041206403689748
-1.6997018640807466,-1.2081002173803355
-1.701582111851946,-1.2115795619997016
-1.703112637391887,-1.215199857030292
-1.7037437251087748,-1.2191502788785646
-1.7057257554762406,-1.223705040175916
-1.7078879402902623,-1.2280286719826234
-1.7090063165460019,-1.2324944972245928
-1.7109651666893635,-1.2374823084900248
-1.7129872936347217,-1.2424801386093465
-1.7147007124560645,-1.2473295448298252
-1.716506401305636,-1.2522402573141773
-1.718670812944025,-1.2568897410455167
-1.7211235411599854,-1.2611152443086227
-1.7223583395740776,-1.2657370590391428
-1.7231063395168775,-1.2707197482378059
-1.7256218976622606,-1.2746756990334893
-1.7266607132677283,-1.2784538650459158
-1.727314770593848,-1.282571593143238
-1.7291571451059813,-1.2863864480536358
-1.7306121953296045,-1.2895293324473576
-1.731566045638993,-1.2929132110879071
-1.732718098441221,-1.2971661997527835
-1.7338321104070293,-1.3007970710721541
-1.7354697319283026,-1.3039105095343269
-1.7357188591476378,-1.3080908714293464
-1.7364388130016453,-1.3115740283706763
-1.7378953140817046,-1.3147343543407544
-1.73843100819286,-1.3175558580156443
-1.7389088482372204,-1.3208817767641161
-1.7398666511387717,-1.3240077554468455
-1.7398881203193306,-1.3268124419461331
-1.7403778259992877,-1.3298519134528637
-1.7412662179427953,-1.3325288156968396
-1.7414413822202068,-1.3345246535369293
-1.7418929532181007,-1.3362092163732888
-1.7418508991401143,-1.337755437018526
-1.7422581109809985,-1.3380629834892959
-1.7428456521864575,-1.337888358306825
-1.7426202807019764,-1.3382042859986834
-1.7435012830687957,-1.3372514068852646
-1.7447823542250591,-1.335004193503896
-1.7452828781848564,-1.3333594967930766
-1.7458076902359143,-1.3314918866035006
-1.746618840808171,-1.3282323550870034
-1.7474518573999926,-1.3245412891633088
-1.748298489886925,-1.3212859079209558
-1.7488745551865301,-1.3171703965347312
-1.7494224797303366,-1.312023445576109
-1.749941141451322,-1.3072547501802176
-1.749863629663741,-1.3027032919100696
-1.750098620943336,-1.2969997122836658
-1.7508034410222506,-1.291168324628625
-1.7509103286477172,-1.28583883134265
-1.7512698888595524,-1.2795411740865072
-1.7515384985249303,-1.272594420580867
-1.751112117716393,-1.2661243399586468
-1.751403821708863,-1.259623934270635
-1.751222960606281,-1.2521959936206866
-1.7508186606254945,-1.244954743812482
-1.7509727623971933,-1.2380195192290129
-1.750223439657155,-1.2304305820747246
-1.7502197968048954,-1.2222419929477715
-1.7499288553769992,-1.2154151842189138
-1.7490352381331125,-1.2085048935691802
-1.7493885863323753,-1.200544347751474
-1.749222845814544,-1.193782509125487
-1.7486939684069902,-1.187974593903731
-1.7484355543293377,-1.181596457060098
-1.748453347543584,-1.1746232510187806
-1.7484177000643188,-1.1682952119989995
-1.7485114785757205,-1.1621436234029183
-1.748463528690423,-1.154874272038403
-1.7493043943047348,-1.1471432221310753
-1.7495671775737338,-1.1402308016991625
-1.7495771535107045,-1.1323187227505154
-1.7505124653095203,-1.1238877610602525
-1.7510732493941816,-1.116138617225158
-1.7507692352000137,-1.1087362157036473
-1.7518117078456712,-1.100261640812663
-1.7525203032744376,-1.0921275177139504
-1.7528749002110564,-1.0842181877865111
-1.7539190261752204,-1.0756536783233435
-1.754261128677939,-1.0673399911487238
-1.7549788602864576,-1.0592299549554276
-1.7554712817363092,-1.0514783563193024
-1.7557896798093953,-1.043033947695811
-1.756850259167603,-1.0349380571465114
-1.7571311632493218,-1.0273616008901543
-1.757373210333125,-1.0189846765007764
-1.7583940063761423,-1.0104789816564776
-1.758337286978123,-1.0028241663292585
-1.7572608580915572,-0.9951623767634282
-1.757817157138314,-0.9869524445400503
-1.757941823281043,-0.9791735012354728
-1.7572939620144568,-0.9721869012487049
-1.7570871277913416,-0.9650900772873164
-1.7571003137419678,-0.9578857049571059
-1.7575263169803566,-0.9513139666538444
-1.7568529169063132,-0.9451910713419667
-1.756901124337926,-0.9386963419731478
-1.7578648483544335,-0.9323899057924069
-1.7569290061829916,-0.9267951014127456
-1.7567218452487967,-0.9208224164940897
-1.7577387894028098,-0.9150376600921504
-1.757429093469657,-0.9093977189165796
-1.757706316660378,-0.9035748303673816
-1.7584689296670455,-0.8977349172650686
-1.7587289659728986,-0.8922883137570752
-1.7591457206001504,-0.8866391639219685
-1.7594146134734912,-0.8804979964372404
-1.760315036979587,-0.8740448672251564
-1.760754086664659,-0.8680159899306897
-1.760524447578335,-0.8608895921260797
-1.761977093935065,-0.8529013443421303
-1.7626521494107366,-0.8456288393119116
-1.7619599400949029,-0.837570505239277
-1.763168647831704,-0.8280839898366763
-1.7644712595268586,-0.8188448320100447
-1.7642120963810224,-0.8103944891347031
-1.7642546846602323,-0.8022259867268063
-1.7647876690324453,-0.7934253905789809
-1.7654213676709856,-0.7848205949575885
-1.7654501158393645,-0.7772138959861736
-1.7652234962616986,-0.7696522621953783
-1.7664711475703045,-0.7620548611812844
-1.7670195552672732,-0.755089519834227
-1.7662559963860693,-0.7482919723420149
-1.7669087330837263,-0.7412951854317364
-1.7667231222666389,-0.7343756195594223
-1.765806411997765,-0.7279551116971333
-1.7658566656935444,-0.7218081793081421
-1.7650516985220897,-0.7157491326489075
-1.7642042541380367,-0.7101589685306925
-1.763600044822674,-0.7051090894634572
-1.7632331117904159,-0.7001830752314304
-1.7630042927391254,-0.6958148668864462
-1.7617392350168584,-0.6922439842775083
-1.760558613729556,-0.6884509400412815
-1.7600272438065157,-0.6847471619430587
-1.7578751166950641,-0.6824015989515811
-1.7557448924546217,-0.6802059339373961
-1.755550617076035,-0.6776408107551071
-1.7535737916584795,-0.6761546223888147
-1.7512714798103777,-0.6752158658378972
-1.7503385442345387,-0.6739808566265978
-1.7489898403183899,-0.6723239853369294
-1.7472701588128183,-0.6710002123255244
-1.7451286570575055,-0.6708160838150821
-1.7434627150562096,-0.669989476779896
-1.742172148038753,-0.6691807765863176
-1.7396987405380917,-0.6690363705461884
-1.7379914315878222,-0.6682306561148919
-1.7368088356145164,-0.6666708195161641
-1.7341053124737167,-0.6651504365038412
-1.7322683694667391,-0.6635892298218664
-1.7310702246856777,-0.6611353338953699
-1.7289153577478282,-0.6577980626561098
-1.7272427606694327,-0.6544894898607769
-1.7259145751693332,-0.6509293390557539
-1.72421744228654,-0.6467074535981128
-1.7225189834191865,-0.6430608726567507
-1.7212404463404865,-0.6389310010999686
-1.7199021290862724,-0.6346716114600919
-1.7182954149867649,-0.630216677706189
-1.7162860988381685,-0.6260200313837954
-1.7153637159648791,-0.6213095208067357
-1.7143747901130642,-0.6163789554011404
-1.712590720198753,-0.6112604676267877
-1.7117203326675121,-0.6062491975926839
-1.7112492432469428,-0.6003254804785679
-1.7102409840878705,-0.5945012593763095
-1.7093982794989857,-0.5898320576459456
-1.7084486684027276,-0.5848931527331203
-1.7079001582460915,-0.5791995934331446
-1.7070749223809982,-0.5741725167483132
-1.7055954625886376,-0.569751578637447
-1.705703021093967,-0.5640347994079605
-1.70514347967682,-0.5584687418005502
-1.7043482682806266,-0.5536331046015972
-1.7048859436095485,-0.5477908504116076
-1.7048685054594248,-0.5414985699564377
-1.7051659709221143,-0.5355101967987521
-1.7058477960880336,-0.5292894001699325
-1.7063748925084052,-0.522086366627292
-1.7070729965938984,-0.5145072450293527
-1.708268995991699,-0.5073972279578637
-1.7097479341672048,-0.4995191623061351
-1.7119006483750998,-0.49130191200941237
-1.7139598140347116,-0.48410144781519754
-1.7162097824747822,-0.4767352134756492
-1.7193358033015798,-0.4687250118628923
-1.7214614467277918,-0.46161509872213863
-1.723518732480412,-0.45529713588733645
-1.7262900913419097,-0.44858614884024833
-1.7282154387072428,-0.4420569650826928
-1.7302904516603814,-0.4367007873479237
-1.7319891719328486,-0.432103383439659
-1.7336052760665652,-0.4263439568306893
-1.7359543838042804,-0.4213890292111235
-1.7368619728238355,-0.4176107902853052
-1.7380942724584596,-0.413154093018285
-1.7397821596257599,-0.4093209854888513
-1.7411586732594089,-0.4067079542344778
-1.7423302625241381,-0.40536750611683625
-1.7437202540766137,-0.40451608897340247
-1.7445615325940773,-0.40463255047985625
-1.7452157997259532,-0.4067548644647012
-1.7455106533388542,-0.40950228198521005
-1.7455292552805897,-0.41257220264626177
-1.7458624749043499,-0.41784286278486404
-1.7457037914187101,-0.4237772774351938
-1.744906594425758,-0.4304504409063682
-1.7450441985458796,-0.43870204036108534
-1.7435443959776336,-0.4488827974542542
-1.7425452113251332,-0.4586661255981067
-1.7423701010749557,-0.4699052602289427
-1.7401484947992696,-0.48301760375848646
-1.7385279960263063,-0.49688522266336277
-1.7376955553236029,-0.510864533940898
-1.735584372760434,-0.5260468986617182
-1.7337617889063737,-0.5428743127686012
-1.7319167653870053,-0.5597153833440225
-1.7300330183810722,-0.5766082732786172
-1.7287975582501294,-0.5949087864969942
-1.7259154590762917,-0.6140894866805305
-1.723563926591135,-0.6333705061425977
-1.7216935725502243,-0.6541906379522389
-1.718305410821863,-0.6763443935683143
-1.715831247820039,-0.6984538234800394
-1.7131694535556863,-0.7221269983748004
-1.7097456870595,-0.7466044769686344
-1.7066507904419757,-0.7714264890783784
-1.7034488415879465,-0.7966866175790243
-1.6997712895310817,-0.8230994506757415
-1.6960449058451197,-0.8501357063727895
-1.6916691666866455,-0.8770987622988512
-1.6876753479132462,-0.9041113787912629
-1.6829308595532597,-0.9324620584850277
-1.6775405309048106,-0.9602661812956399
-1.6734274775831703,-0.986689611438421
-1.6687742960815588,-1.0140905024399565
-1.6632682672997845,-1.041171275514261
-1.6588268179120427,-1.0667820940355839
-1.6548821476812925,-1.0919505576738109
-1.65041806610653,-1.1171724616307335
-1.645904670588985,-1.1417965682728979
-1.6423662063981972,-1.1655717003740818
-1.63935930093969,-1.189127377726305
-1.6357511947924686,-1.2123882031278546
-1.6325358887837267,-1.2346962936443582
-1.6303208200383845,-1.256275483533674
-1.6279882116618691,-1.2769442052957174
-1.6241579125513075,-1.2968281680582578
-1.6219585668305179,-1.3142966711585409
-1.6191985975930825,-1.330895959379828
-1.6156645488739136,-1.3462669460124137
-1.613461925976444,-1.3594731155190907
-1.6112140752556527,-1.3716529740033834
-1.6087947630090742,-1.3830630177643142
-1.6062442773648404,-1.3927225038607651
-1.6043925986552778,-1.4014093019182847
-1.6028665943077467,-1.4085385644897759
-1.600005019323118,-1.4141386066052257
-1.598609103343693,-1.4183300121871005
-1.598023202951906,-1.4214808148355669
-1.596125280213885,-1.4234263356442702
-1.5948143381145816,-1.4248031235853753
-1.5948237024763294,-1.4253135388191258
-1.5938845107154282,-1.4255291573397115
-1.5929508626898725,-1.4253698443174532
-1.5922107647054338,-1.4246713881333721
-1.5912999311202034,-1.423148239132715
-1.5902422066883626,-1.421636400711447
-1.5881745242081886,-1.4207168218051096
-1.587457128048149,-1.4184676549073458
-1.5874718301178017,-1.4157778882909997
-1.5857046817043574,-1.4133616026848568
-1.5855759738293376,-1.409754913232227
-1.5857427114197444,-1.405890713500091
-1.5845083187689466,-1.401271339285945
-1.5846712552513746,-1.3965048952308654
-1.5848293337347734,-1.3913927349498831
-1.5844613812578914,-1.3858853336311676
-1.5849984089316156,-1.3803387521489174
-1.5852388550903134,-1.374823913811363
-1.5859965674844618,-1.3691269231182326
-1.5861905091795054,-1.364065404267792
-1.5862809585322561,-1.359288246509029
-1.5875546039625992,-1.3540013462247367
-1.587709970450307,-1.3503353528387074
-1.5872690916425913,-1.347452255895955
-1.5880292530735642,-1.3448353785336244
-1.5892404648106329,-1.3426359439045406
-1.589140431293558,-1.342014146877628
-1.5897982395699735,-1.3422002455591273
-1.5908271520427737,-1.3423311853997089
-1.5908658899720887,-1.3426835902824117
-1.5909902931157882,-1.344796244620097
-1.5910686677668273,-1.347368925951147
-1.591758699295578,-1.349662753025598
-1.5921622107300921,-1.353858955256004
-1.5917332452931703,-1.3597399337586331
-1.5928425463663796,-1.366026157719651
-1.5936972424548577,-1.3741423995617414
-1.5941685527659761,-1.3837268165790793
-1.5954618988184956,-1.3948094352464209
-1.5962383102738664,-1.4071390144230418
-1.5970017246222645,-1.4206966845146354
-1.598463116778767,-1.435610247440814
-1.5997979342151027,-1.451432517792262
-1.6003539020464197,-1.4681367273322734
-1.6015744007348283,-1.4867919743591576
-1.6033851278422298,-1.506141378709235
-1.6052273276834672,-1.525586589348705
-1.6064068746044295,-1.5467686344446587
-1.6075902947423368,-1.5689388125542552
-1.6098508011654142,-1.5901368868399486
-1.610883994775337,-1.6115903845401034
-1.611237407212921,-1.6336327186888004
-1.6130732522686826,-1.6551359391975309
-1.6142617712814982,-1.6754740564678223
-1.6151298299199055,-1.6960954603919147
-1.6162062709184266,-1.7172825030174217
-1.6173487986136652,-1.736561445493615
-1.6186778238830062,-1.75570578936176
-1.6190127496173128,-1.775781683951478
-1.6198696232667762,-1.7946734768373191
-1.6210353820536794,-1.8130215735496995
-1.6207450087037854,-1.8319387708972863
-1.6211574821660453,-1.850266398519939
-1.6214192000840448,-1.8679103035839812
-1.621186712561075,-1.8853842315313942
-1.6212460128222128,-1.9028647224071857
-1.6212086954362883,-1.9195985649837375
-1.6207401438967883,-1.9355705988044574
-1.6203432211205324,-1.9517619987715114
-1.620168383343606,-1.9675098809942813
-1.619715669804382,-1.981803994906192
-1.6193766809034398,-1.996251593063034
-1.618582461366631,-2.0101316980158193
-1.617882223462994,-2.0216329528547
-1.6176780850269623,-2.0313399922750577
-1.6161768079582641,-2.040793788073449
-1.614847974152984,-2.04868727394377
-1.6136489216323346,-2.054661881424507
-1.6118739045459456,-2.0600805929600527
-1.6106165196739308,-2.065570939817183
-1.608783658129045,-2.0691004031363
-1.6073753300397688,-2.0714179726804742
-1.6061846291502266,-2.0742297039106403
-1.603740023160173,-2.0766693440605946
-1.6022212876071051,-2.077377956643594
-1.6006021549270706,-2.0781112789302663
-1.5978919464587913,-2.079006517253313
-1.595758385039225,-2.0789307246407285
-1.5941799957599008,-2.078120252938891
-1.592062933467448,-2.0774572419801176
-1.590339495137202,-2.075970148347665
-1.5882624923594482,-2.0738618058670686
-1.5863116421791943,-2.0714863911283397
-1.584942752854925,-2.0686874424615556
-1.5826876357621504,-2.064971270108591
-1.5813040546036885,-2.0606796048421407
-1.5795073693362172,-2.0570555868726985
-1.5768275987985607,-2.0522060621001192
-1.5752984488694033,-2.045964985778935
-1.573443142896685,-2.0404188917526014
-1.5707578579441501,-2.034668161503902
-1.5699663885015727,-2.027280124784669
-1.5686976027566568,-2.019795068957176
-1.5673316849806336,-2.0126212492174838
-1.5661422752657064,-2.005333762291
-1.5651450891441503,-1.9968126819023062
-1.5649989244955267,-1.9880030636682369
-1.5645356082151776,-1.9794765921110964
-1.5635657272679675,-1.9695447296194
-1.563703832832639,-1.959085721793768
-1.5637127292676825,-1.9486063754545946
-1.5631389552470525,-1.9372393923559916
-1.5635943095680795,-1.9255930196084377
-1.5636617029614719,-1.9140853716688155
-1.5633859338573228,-1.902431810568546
-1.5637142455115196,-1.8903051490296612
-1.5637512462494223,-1.8785341016088648
-1.5641779447655673,-1.8675264419436828
-1.5641586405572512,-1.8564108599052407
-1.5640672256600667,-1.8455148164605708
-1.5647392067967203,-1.8354316164274218
-1.5639639900516935,-1.8261490301828127
-1.563857957053059,-1.8163464625244368
-1.5651212413815885,-1.807708123267861
-1.5654534098414143,-1.8007246591549435
-1.5657635543364201,-1.7944724299962695
-1.5671658508098465,-1.7887568744975721
-1.5683258661094466,-1.7840678892248019
-1.5689608925878058,-1.78037099474424
-1.5700958436542238,-1.776486983541224
-1.5717505262566784,-1.773223998046388
-1.5732526679415249,-1.770806653861259
-1.5736475305457482,-1.768730682922724
-1.5748810590047964,-1.7659258344624238
-1.576458633969943,-1.7635204930633261
-1.5769633557399225,-1.7610988657229694
-1.578108385571636,-1.758055722798167
-1.5804855345489455,-1.7546166522695137
-1.5814235724917118,-1.751243920704949
-1.5827469890749042,-1.7475624415699336
-1.5848115737578805,-1.7438727338400095
-1.5861298935476147,-1.7399516449650823
-1.5875546950261896,-1.735744422300449
-1.5891155300740984,-1.7315215662365826
-1.5908655865449244,-1.7269366856805577
-1.5919004686935925,-1.7227146176197168
-1.5925929526562677,-1.718167849995807
-1.5936770416348345,-1.7138529480815263
-1.594946608770134,-1.7097786569891362
-1.5944781564338693,-1.7055000070117399
-1.5952924770994086,-1.7011473285441334
-1.5958472949041402,-1.6970624401757346
-1.5951202377398526,-1.692980025954033
-1.5946179939532756,-1.689053637104358
-1.5949646305809686,-1.6849471918591965
-1.5950481352985053,-1.6807141772624328
-1.5945960814826212,-1.6774313881268925
-1.5941106352577907,-1.6744703513826553
-1.595140600440078,-1.6709713995992093
-1.5952819927744875,-1.6679217604995855
-1.5945105219801163,-1.6657615221863666
-1.5960545801032164,-1.6628968335614989
-1.59637373651626,-1.6601278461433853
-1.5963151734068282,-1.6573877185063008
-1.597600732385119,-1.6546322091080483
-1.598260409547011,-1.6519356524769755
-1.5988623108963298,-1.6488927021009996
-1.6000501798422166,-1.6457552649323646
-1.6015483402959154,-1.6423123686548038
-1.6032225748857158,-1.6384780175536056
-1.6043636724137325,-1.6349407232078088
-1.6064100147368934,-1.630555365512179
-1.6091666910398053,-1.6260498646389328
-1.610924088524251,-1.621698851938815
-1.6122579196159035,-1.617068767758978
-1.6152119382133503,-1.6112887814974852
-1.6169391060246552,-1.6052707615989499
-1.617927602231223,-1.600000972595408
-1.6204915729697766,-1.59433816000604
-1.6225666952287592,-1.5880897230232027
-1.62438857111294,-1.5820007627304726
-1.6259151320710954,-1.5764569886253716
-1.6281666821194363,-1.5697496413634997
-1.6308521952874062,-1.5628548483737001
-1.6325120352772549,-1.5567290649193528
-1.6348215115894709,-1.5501840629608623
-1.6379320318341266,-1.542826421147062
-1.6396859467552691,-1.5357694022013666
-1.6419131067449233,-1.5287213051615718
-1.6446635859621672,-1.520841088775863
-1.6461851293549,-1.512496410118556
-1.6484620990921264,-1.504057055493996
-1.6510476495895894,-1.495008155605159
-1.6530307204375991,-1.4855122476776228
-1.6555380451414434,-1.4764455676679036
-1.6581192341209463,-1.4669606270159405
-1.660632181226286,-1.4572193564825218
-1.6640216762617328,-1.4471202949647852
-1.6662394573976373,-1.4383773328539202
-1.6698269178408498,-1.4292939391078108
-1.6737503538651033,-1.41963161124737
-1.676229104162805,-1.4112629956503018
-1.67982371761599,-1.40352673863782
-1.684123011421582,-1.3954583867855612
-1.6875015325803129,-1.387245335865365
-1.691054021277693,-1.3804396311218978
-1.6943778427987883,-1.3737093382392298
-1.6976519170936613,-1.3660330898160071
-1.700641227149319,-1.3598137527024294
-1.7028613288955383,-1.35449669148288
-1.7060852241340128,-1.347746516795978
-1.7085175055280013,-1.3420548958653442
-1.7107255841174267,-1.33715791127349
-1.7130771474726931,-1.3325648438272197
-1.715115962208745,-1.3276689742919987
-1.717014330247768,-1.3233370432836469
-1.7191305931129237,-1.3195052930502218
-1.7205200336980457,-1.3152324684259846
-1.7215675243401467,-1.3111389660315125
-1.7229322693334932,-1.3077389514407851
-1.724112866492424,-1.3037621681153908
-1.7256259437997616,-1.299495457636495
-1.7266125583933283,-1.2962992479691338
-1.7267775214036627,-1.2931571592366065
-1.728223912393564,-1.2893855004491268
-1.7287902370115096,-1.28612651188305
-1.7287021060116177,-1.2835417063659076
-1.7299064143074767,-1.2798621427189754
-1.7303014076115586,-1.275146225040956
-1.7304285676154885,-1.270921479329994
-1.7307065138794142,-1.266303779351169
-1.731207912398199,-1.260066139746211
-1.7324531303867303,-1.253708711878905
-1.7329994308696692,-1.2474088225964028
-1.7332594977038958,-1.2403637754791987
-1.7344297210588553,-1.232393995091996
-1.734958833922967,-1.2249018794059203
-1.7349685911636017,-1.2174836589930698
-1.7357418661005375,-1.2093314060584917
-1.7359327587691828,-1.201957029865184
-1.7362902555838367,-1.1947690447999466
-1.7368992557351444,-1.187350490992096
-1.7370042272767385,-1.1804042263799903
-1.7378610959714915,-1.1732124022894093
-1.7379394128408385,-1.1661465616146043
-1.7381253735226583,-1.1587354910384617
-1.7393387783916772,-1.1514022489877178
-1.7394024860051038,-1.1452127087618968
-1.7397938643535396,-1.1375949506820857
-1.7414229713817981,-1.1299901033522841
-1.7417077083062622,-1.1237158725371632
-1.7424681379385156,-1.1164386142198108
-1.7440443303114255,-1.108579683966973
-1.7452958225403223,-1.1008419441972912
-1.7461964900102132,-1.0937284160968537
-1.747211230289436,-1.0858226600904648
-1.7484191917533516,-1.0775810290277963
-1.7504312125111534,-1.070229389238503
-1.7511397655188072,-1.0630740276905524
-1.7524876773968798,-1.0553720001198923
-1.7545692955938876,-1.0487493158406502
-1.7554605204798632,-1.0424008566783576
-1.7566612803403985,-1.0358876653844322
-1.7591124641631988,-1.0289014602977486
-1.7605597973744482,-1.0224576843326574
-1.762653324042333,-1.0154469481565054
-1.7647341142362671,-1.008426274137426
-1.7671206308093004,-1.0016623214292146
-1.7695358686115756,-0.9950337569760517
-1.7715048625478513,-0.9878309162063864
-1.774479137357224,-0.9804036571793707
-1.7761792632056403,-0.9736759688031087
-1.7778320633812967,-0.9658086861790868
-1.7812117534104988,-0.9574029714783923
-1.7828325050802338,-0.9496613697452114
-1.7845576423527643,-0.9415407766748684
-1.7881203753988792,-0.9324721357028928
-1.7911502627797822,-0.9236403681327431
-1.793256862114487,-0.915809616248872
-1.7962159467190553,-0.9080828182879781
-1.799071497235233,-0.9003908431714767
-1.8020139191653708,-0.893368635189002
-1.8036560344831003,-0.8876137853256504
-1.8053516726857401,-0.882023973114775
-1.8084870403065807,-0.8763364115498464
-1.8098459510285434,-0.8721779580381953
-1.8110586594995457,-0.8683871254407175
-1.813741611627648,-0.8645440616269956
-1.8149442404407705,-0.861703730587866
-1.8164085955968245,-0.8591503745003743
-1.818476460767123,-0.8571087171999914
-1.8196349665608238,-0.8555582282083167
-1.821137218120537,-0.8543523410530557
-1.822605006819476,-0.8537099629238122
-1.8244435167590676,-0.852469433764862
-1.8262792597517534,-0.8518296500157956
-1.8273048529383562,-0.8512583059538014
-1.828851466317724,-0.8501532942997551
-1.8311078904257125,-0.848791541610171
-1.8311568620151937,-0.8481496165668558
-1.8321222278895517,-0.846743729327885
-1.8339991011266124,-0.8451004932119139
-1.8342201797062585,-0.8433998001704409
-1.834221610385345,-0.8422515237674283
-1.8351028036580868,-0.8403658462188962
-1.835410997782446,-0.8378486847121183
-1.8355841285918284,-0.8359436717972757
-1.8348063193650777,-0.8339699025007896
-1.8354701250162397,-0.8300669279267496
-1.8360980269033893,-0.8254740333087467
-1.8349681937663909,-0.8212710982451155
-1.8355905382583193,-0.8158908477557761
-1.8363258424830353,-0.8100573006883548
-1.8356025219339955,-0.8043703582470436
-1.8361569409459133,-0.7986683700143506
-1.8362624234180647,-0.793028358754652
-1.8360053795763367,-0.787193316825766
-1.836152696444427,-0.7818615152608239
-1.8363484339945177,-0.7765166004937842
-1.836371223274119,-0.771161451596429
-1.8362242986157102,-0.766365042779347
-1.8363845594816899,-0.7617614001356379
-1.837216174383358,-0.7573396765428739
-1.8369021389451228,-0.7537580794556307
-1.836986980696834,-0.750491468911636
-1.8381008475862781,-0.7472672041669145
-1.8382264633570435,-0.7442578778127243
-1.8376281011446203,-0.7419798231562653
-1.8387525850888073,-0.7398561187742804
-1.8392134002125233,-0.7373141953182051
-1.839617584683723,-0.7353151117773368
-1.8396555947311768,-0.734639711711595
-1.840264579732435,-0.7329194346028542
-1.8415824284932047,-0.7311280143091907
-1.8417085800037838,-0.7306687986179667
-1.8426825882669533,-0.7296026082326383
-1.844422518851969,-0.7281237139096361
-1.8450090822419343,-0.7272225018263826
-1.8464854358690939,-0.7262352546715718
-1.847818890894313,-0.7248807326571258
-1.848845071639474,-0.7232713773480551
-1.8503573982270742,-0.7226461626081222
-1.85156627229339,-0.7220405210947815
-1.8522418167879233,-0.7212977397073351
-1.853075688801303,-0.7218432644138408
-1.8535087647484476,-0.7230221954286018
-1.8538242105798806,-0.724162660994737
-1.8543730676945327,-0.7258466678643258
-1.8536674323290487,-0.7295968714235669
-1.8539896873420127,-0.7331808289065972
-1.854707989834977,-0.736915709952178
-1.8538195943022433,-0.7421988697492148
-1.8537548659569665,-0.7480991525773881
-1.8539776686664509,-0.7536348490552458
-1.8534047605899688,-0.7593975292284321
-1.8532361159720698,-0.7663243396061705
-1.852898527623087,-0.7727539652395398
-1.8530135202541098,-0.7780894176600903
-1.8528715223770482,-0.7847599334765437
-1.8522066590015203,-0.7926365588414104
-1.8514588063526993,-0.7997270210706378
-1.8510705025950793,-0.8071304706147286
-1.8501687989687718,-0.8152841727836939
-1.8493364000752774,-0.82369873398428
-1.848520081005386,-0.8317711714174314
-1.8476067567163645,-0.8402116305533094
-1.846864775875736,-0.848650934673215
-1.8454399983004406,-0.8560473380504974
-1.8442019362657232,-0.8632356355117587
-1.8434906184421807,-0.8709211538498919
-1.8421767906412516,-0.8778459857196325
-1.8418335462049193,-0.883770965792481
-1.8409480278001524,-0.8904025088602999
-1.8396444468944129,-0.8965907118754973
-1.8396038600834137,-0.9016449862734
-1.8385934307053733,-0.907460627462033
-1.8368574367870842,-0.9141737093328343
-1.8362232277345518,-0.9200669006057811
-1.8350871029621476,-0.9256055039398623
-1.8337617230816827,-0.9318983260617997
-1.8322940067171893,-0.938188736889733
-1.8307439089633202,-0.943066602408321
-1.8296061657626552,-0.9479582277489155
-1.8279962814325477,-0.9534241971924456
-1.8259439232105723,-0.958110416580689
-1.8245006025556083,-0.9625516851581303
-1.8225305953319721,-0.9678445002661282
-1.819981476524961,-0.9730576149266266
-1.8177756740783029,-0.9782137230309068
-1.8158613786160829,-0.9838495482984864
-1.8133473655561443,-0.9898098411123133
-1.8108803603335164,-0.9954094320697043
-1.808853599056158,-1.0011143730102914
-1.8066893905408878,-1.0075481447064845
-1.8040565484683158,-1.0137936108662453
-1.8016805727983722,-1.0194805895325807
-1.7999637201568475,-1.0257575425112229
-1.7974390922945809,-1.03234244525108
-1.7954335596285453,-1.0371697000561844
-1.79417208551728,-1.0415798883332925
-1.792184661404486,-1.0459512602420555
-1.7899490909826996,-1.0496439803694482
-1.7885786193161644,-1.0524126417493476
-1.7866804360435786,-1.0549308357710343
-1.7847509230426948,-1.0577291052300224
-1.782973161784128,-1.0596208128651707
-1.7816556725834716,-1.0612210116158272
-1.7802843331108373,-1.063377665205415
-1.7778483941612866,-1.065745403836288
-1.7760630292106445,-1.0674952730989304
-1.775717098521696,-1.069138274196304
-1.7729214858538316,-1.0712974240400657
-1.7705994919362593,-1.0730832214522847
-1.7695323105031011,-1.0741780552117803
-1.7666573397246788,-1.0755082599599417
-1.764341085667719,-1.0767121620509101
-1.7622221730550476,-1.0781115507311811
-1.7599522950517064,-1.080285781395873
-1.757388629316876,-1.082649445853548
-1.7546959977337033,-1.0846288367457904
-1.7524345116753506,-1.0867844070953088
-1.7492983175984356,-1.0892610592932073
-1.7456887870130224,-1.09133505975708
-1.7435322118856185,-1.0926443890969442
-1.740664057041388,-1.0946529408556913
-1.73653877535135,-1.095596679258849
-1.7339973256709484,-1.0951571856935987
-1.7310549281830034,-1.0948347142273234
-1.7268063185539384,-1.0944546017902197
-1.7234353851852036,-1.093381122391629
-1.720341670391231,-1.09186901283198
-1.7173498371077087,-1.09018826896037
-1.713559755785939,-1.0893176272730405
-1.709597902368112,-1.087740052956112
-1.7070526349622206,-1.0853991592055963
-1.7030434002524721,-1.0840491416707796
-1.698747269501771,-1.0822034080639853
-1.696473627837681,-1.079689110615862
-1.6931735940406905,-1.077187633663843
-1.6897015781132028,-1.0745279553598597
-1.6871654386924242,-1.0717208452089506
-1.6844872661654617,-1.0683022252702459
-1.681252702506391,-1.0652165706733698
-1.6786427869655396,-1.0619059606098176
-1.6761047724994056,-1.0580084582876377
-1.6741780445380012,-1.054192420155769
-1.671761683662282,-1.0500906735186242
-1.6698497122571985,-1.045066854854364
-1.6686456915007075,-1.0400100230341986
-1.666097907864441,-1.0357212725470923
-1.6640104194490246,-1.0314990750962576
-1.6634993768659718,-1.0261427858837189
-1.6615143275718474,-1.0215899212637298
-1.6601039753643254,-1.0177843891647629
-1.6596445777172437,-1.0133692997181634
-1.6587546081777365,-1.0088386331561896
-1.6576843494709432,-1.005275835024407
-1.6561754277330605,-1.0022906365848585
-1.6559834630544281,-0.998066828741014
-1.6558722906690908,-0.9939357876629067
-1.6542857886470137,-0.9910183466982544
-1.654573881148676,-0.987938258725919
-1.6552190811471381,-0.984818616878785
-1.6543763472384434,-0.9826477401504968
-1.6549296451601234,-0.9814877088030571
-1.6555201588734678,-0.9799824093175928
-1.6554253570564585,-0.978384006106691
-1.656235588402781,-0.9770888042956453
-1.6574151770064525,-0.9755306001172165
-1.6583617228975618,-0.9734769985650509
-1.6593466106554209,-0.971893294718709
-1.6605632975967608,-0.9706573516497584
-1.6627184679221794,-0.9685783050631765
-1.6637617129386544,-0.9674468073739042
-1.6645517145792923,-0.9664749036335764
-1.6673685867713448,-0.9652238410742756
-1.6693838868148745,-0.9647609727338882
-1.670742133592257,-0.9645709838026182
-1.6736850110023356,-0.9644617333260457
-1.6759795508142774,-0.9642343984743446
-1.6780075707614968,-0.964034587983777
-1.6801214556620465,-0.964950153347506
-1.6824520753259355,-0.9650660877997002
-1.6853330432425984,-0.9650617083056306
-1.6879098024726746,-0.9661017575975814
-1.6906432205767281,-0.9669765578355316
-1.694213003431852,-0.9675197541166098
-1.697113903342792,-0.9682258006859921
