x,y
-0.29303747330280167,-3.2297253766860616
-0.28095892343744017,-3.2293926163841324
-0.26747586961716824,-3.228167301297886
-0.2563902298438354,-3.2249859599475577
-0.24525507549856632,-3.2253054270106913
-0.23287610444908544,-3.225073439195966
-0.2235437769073062,-3.2222386606203512
-0.2155710666109321,-3.221171585345153
-0.20544765616685332,-3.221902675231992
-0.196265404903016,-3.221804738166223
-0.18865471425298883,-3.2209673188030017
-0.18127002983907425,-3.2213237276936164
-0.17320930123684194,-3.2223986318891913
-0.16506142230669846,-3.222910680538956
-0.15968161521450566,-3.222348043308249
-0.15329974210966893,-3.2234518595998995
-0.14513559487011665,-3.224482356309271
-0.14081405372306044,-3.2242349229887983
-0.13576127066383825,-3.2244528091914346
-0.12859488207142783,-3.2247453003637165
-0.12406324337384551,-3.225160279822437
-0.11933454502567166,-3.2254879647915877
-0.11414369688432671,-3.225278694205514
-0.10957015445270415,-3.2251837211707945
-0.10537982454739163,-3.2246796978264993
-0.10215192133606521,-3.2239446712732645
-0.09809666960097084,-3.2240953695864625
-0.09454107102000339,-3.224020841205415
-0.09349937069248969,-3.2235898144236574
-0.09113485534578752,-3.2226418739979685
-0.08799975389226847,-3.222052509157291
-0.08870807528510029,-3.2203602689485016
-0.08743678294534572,-3.218826482819151
-0.08583448974424865,-3.2189474440009924
-0.08799960676698487,-3.2176836741169392
-0.08946027938717163,-3.2157857169897506
-0.09097685608863743,-3.214847175764339
-0.09248373059461147,-3.2149037797021536
-0.09629769726151563,-3.213125349667305
-0.10068644842751268,-3.211583446259726
-0.10271682549154235,-3.2123912893647395
-0.10629686033991967,-3.212211326899719
-0.11184098018888237,-3.211658971647705
-0.1139877641385668,-3.2124017984623414
-0.11740346418308716,-3.2126967311196957
-0.12244393107027374,-3.213967758296433
-0.1254282439598029,-3.2151980295578766
-0.12856143783303428,-3.216873330200651
-0.132564074938209,-3.2192449878665297
-0.1358422706117709,-3.2210850425475064
-0.13832979952078248,-3.223591215459135
-0.14182431076691565,-3.22661575888797
-0.14641495389676018,-3.2291623130889433
-0.15050513326283474,-3.2322279076021676
-0.15348372282473613,-3.2355088855891503
-0.15895666174765652,-3.23856575716613
-0.16466152824506686,-3.241450819828276
-0.16786891404204426,-3.244248546347876
-0.17373766337531285,-3.246912587276045
-0.18055050837782066,-3.2487794121303213
-0.18564834542540373,-3.2506946823001557
-0.1919074899786087,-3.2544541828537574
-0.1987934443031537,-3.2575373631582525
-0.2074622137015691,-3.2584134189366973
-0.21507843050817127,-3.261236126686764
-0.22238244147590416,-3.264736234927733
-0.2329473525279542,-3.2663315146671774
-0.24251516179847524,-3.2691415825958345
-0.2511596550051838,-3.272799035811957
-0.26290959320609164,-3.2753263502482115
-0.2729925537341215,-3.2773108806789737
-0.2824757219116247,-3.279453781199784
-0.29291114607337904,-3.2833360549866244
-0.3035668132864209,-3.28624529432823
-0.3137200561918846,-3.2884391004487084
-0.3240039879157416,-3.292089347708819
-0.3346060460047052,-3.2951053689903373
-0.345399039578515,-3.297300650025471
-0.35607365852455486,-3.3003046702069674
-0.3660766484345379,-3.304115840548598
-0.3783722034014449,-3.3065169284140357
-0.38829388733229675,-3.3103511346008916
-0.39776539884974715,-3.3148104811753565
-0.40938165030795776,-3.3169947110100964
-0.41925165696772104,-3.3190967683305215
-0.42859631311813656,-3.322724519329569
-0.4384628950912267,-3.3266381624729857
-0.4484112521742284,-3.328812105471802
-0.45810536389492246,-3.331415531025496
-0.467291292554778,-3.335600990983684
-0.4759172054360887,-3.337942372563762
-0.48628149199958975,-3.339362874237177
-0.49569752739501355,-3.34281188016039
-0.5046727417358816,-3.345715177660687
-0.5148802066503924,-3.3475974098709407
-0.5248997070575262,-3.348774581317636
-0.5342409169418872,-3.3511923185442183
-0.5437011390401456,-3.353306768374477
-0.5521625823079874,-3.3545756652917302
-0.5611389858437502,-3.3571146530612443
-0.5696850200736542,-3.360068182256748
-0.576895591951548,-3.3618594155685595
-0.5851822877164984,-3.364541982710081
-0.5912278127334415,-3.368994391247941
-0.5977000438518039,-3.370677833505342
-0.6047906003961411,-3.3729376366792057
-0.6086500860769295,-3.377864250377981
-0.6136308167507505,-3.381121545173336
-0.6187130748499007,-3.3826729508635993
-0.6229097059434351,-3.38597771136766
-0.6264669552616182,-3.391282059859866
-0.6296510375307645,-3.394782701339628
-0.6328628668779122,-3.3981480105955804
-0.6351035193714055,-3.4045028851254417
-0.6364312623429207,-3.4103422406435877
-0.6383390925071879,-3.4141859375602928
-0.6402983661589055,-3.4193999920732447
-0.639848210212144,-3.4254755502582435
-0.6396580653915328,-3.430424535157234
-0.6402933232182432,-3.4354291118623235
-0.6403703603392261,-3.4412116284518484
-0.6407407535084787,-3.446456703770989
-0.6418567323177837,-3.451029393802417
-0.6416078471583202,-3.456406232557496
-0.6421624706353735,-3.4627659534479696
-0.6422771433616299,-3.4682271158676494
-0.6431182734856843,-3.4732256094817364
-0.6437842823492363,-3.4798304818695374
-0.6430694448256372,-3.4856750204052336
-0.6429135795660746,-3.490702209350745
-0.6425372732603846,-3.496846866106684
-0.6403559809201909,-3.501951779079602
-0.6391139536015262,-3.5066985191029705
-0.6383677035349078,-3.5119473726879136
-0.6358651337497655,-3.5178706944322986
-0.6344775963740792,-3.523525603346446
-0.6339227155983578,-3.5277979044491667
-0.632702106307337,-3.5327313590992273
-0.6307249784116491,-3.5381293147721293
-0.6285018441191705,-3.5426958925031977
-0.629565873726752,-3.5461715417722717
-0.6286159156636514,-3.550948145293509
-0.6258979572561306,-3.5552548925928313
-0.626665581145827,-3.558051718854061
-0.6266570976508534,-3.5624231084142894
-0.6238226188355563,-3.5672093207326614
-0.6230959644599797,-3.570732506550734
-0.6225333642967434,-3.5749230554620515
-0.6211251045314345,-3.5784475151282953
-0.6203870814446318,-3.5812101923673474
-0.6201986132917867,-3.5838306995758513
-0.6207651493396036,-3.5858562842722974
-0.6203895773282491,-3.587154866694883
-0.6207404862408142,-3.5872381744903548
-0.6226754477684926,-3.5881806913217895
-0.6230734482240314,-3.5886951955173694
-0.6237141242027859,-3.5875862678256762
-0.6262847036258009,-3.5864971211863397
-0.6274952700274629,-3.586604929763583
-0.6264590643075943,-3.58549076004404
-0.6281614525696634,-3.58225952151551
-0.6297492964876221,-3.5790391937944226
-0.630246462170761,-3.5757071647341907
-0.6304019028600071,-3.5716353967490155
-0.6317209073486448,-3.566420981204273
-0.6335214680249286,-3.5614062890016713
-0.6319099961162552,-3.557535457058937
-0.6321129548295122,-3.5516884839603073
-0.6345528582162886,-3.5452497898503847
-0.6330194828407291,-3.5397996300884036
-0.6321934068432646,-3.5337432029902693
-0.6332782068257732,-3.5278883978506173
-0.6334495368721953,-3.5205695263074146
-0.6332172960103583,-3.5136435226798453
-0.6341004188703633,-3.506425673797462
-0.6345272086801818,-3.499104009475081
-0.6347868939884485,-3.491598525299936
-0.6342298935566231,-3.4849574644740873
-0.634179088370974,-3.4781515044353575
-0.6353015793722515,-3.471256110939336
-0.6338676569832224,-3.465465816522461
-0.635069189464458,-3.458776060603919
-0.637495105361704,-3.4518155584566084
-0.6363205159187764,-3.446261144342684
-0.6367678754574996,-3.4400598720552558
-0.6387184205982351,-3.4331603743609262
-0.6377749491099335,-3.4267327873379987
-0.6376959720860305,-3.42075609336162
-0.6385197576825973,-3.4151466900976857
-0.6400850386252945,-3.407894262429139
-0.6392786805060275,-3.402934385236886
-0.638346372211716,-3.3983638640258795
-0.6386210976229879,-3.392396852701571
-0.6388712987684579,-3.386340242154023
-0.6373731003147514,-3.380839383923768
-0.6377426224382536,-3.3759463833933654
-0.638785135561194,-3.370020889104481
-0.6380657460577555,-3.3638248601508676
-0.6389072571933709,-3.3590782437956226
-0.6393594327994578,-3.3542997567453554
-0.6386497567228822,-3.348701310437059
-0.6383095415953796,-3.3448939615514184
-0.6375747973306788,-3.3413934327451065
-0.6370536340587923,-3.336548745276519
-0.635567301186354,-3.332225557705053
-0.6333723594574348,-3.3284477829524888
-0.6333239971743737,-3.3233895817666506
-0.631257157955132,-3.319788403845101
-0.6282846504538295,-3.316804315550027
-0.6287917419524175,-3.3128937100686136
-0.6268577530686888,-3.3085208689044143
-0.6235038814888775,-3.305414527015551
-0.6216531915570594,-3.3036867053877486
-0.6203416322949111,-3.3007443374343364
-0.6181662832430922,-3.2977115945481574
-0.6158280538699067,-3.297027421626346
-0.6144556468403105,-3.295835913821091
-0.6137943444245777,-3.2929226882851643
-0.6118316563622483,-3.291209086058164
-0.6103869366719286,-3.290332503083654
-0.6101039207559253,-3.2881909359979735
-0.6082536910591048,-3.2858190629635082
-0.6054954083392573,-3.2857552894768585
-0.6045576810002776,-3.284772618769771
-0.6019844211426469,-3.283569402679216
-0.5991460803077596,-3.2828552726493876
-0.5959402470370353,-3.283615308412603
-0.5924434113964742,-3.282240269397767
-0.5897985751840208,-3.2805953109372084
-0.5856827658712815,-3.2810147816624964
-0.5827783317345242,-3.2794273297107273
-0.579976564952067,-3.2784206648300684
-0.5759464469135652,-3.2777311525946904
-0.5720870850036783,-3.276585390016149
-0.5696002811059273,-3.2744818273586556
-0.5648440962513254,-3.2730261575527746
-0.5597749579279919,-3.272737052458068
-0.5551690929347025,-3.2716573165043226
-0.5499325349487698,-3.269133522132193
-0.5439234131238919,-3.268491230121131
-0.5374522192182792,-3.267010042636906
-0.53107898210752,-3.2633713957183286
-0.5263218604461496,-3.2604754084583893
-0.5180964645031418,-3.2599101315057615
-0.5102875365088072,-3.257320121779303
-0.5040339778255948,-3.253045064405976
-0.49457268330057963,-3.2504846132841068
-0.48570754662054666,-3.2468992787886055
-0.47732380203605806,-3.241818768521101
-0.46811288314938726,-3.2368173653067935
-0.45966591670234247,-3.2322491292311777
-0.4501373830905127,-3.2265513910312937
-0.4406284931954314,-3.2201343074074487
-0.4325665303230408,-3.214514251533633
-0.42304083772629,-3.2087279260830144
-0.4133690756807895,-3.201435393608321
-0.4043189633663474,-3.195587154497289
-0.3938616868600823,-3.189946768079241
-0.3844593784279494,-3.181832673370087
-0.3754687591859875,-3.1739876981921933
-0.36675909439868565,-3.167813792275503
-0.3592798820554125,-3.1602292985202562
-0.35292819950764603,-3.1505876621525593
-0.3459370000562829,-3.1415881327731854
-0.33865399139857844,-3.1336567877264363
-0.33065601626612706,-3.1236684684042295
-0.32479330646314736,-3.1116746998836153
-0.31923122046279356,-3.1023887973595508
-0.3116710280905866,-3.092941186869691
-0.3073798177653563,-3.0806046097420063
-0.30276606262607897,-3.070399562858486
-0.29692835164735565,-3.06076088363176
-0.2918039408356075,-3.050512865953095
-0.2876023621991677,-3.0398034799081244
-0.28294283366855244,-3.0291914722951674
-0.2788981619321699,-3.01849727007365
-0.27481273453736876,-3.0065106853829273
-0.2721794696822061,-2.994799787171546
-0.26923811070849385,-2.983860422730974
-0.26631454213509703,-2.970449462126679
-0.2649010907895524,-2.9574972629227543
-0.26268310244231313,-2.9448853216211477
-0.2592935711130767,-2.931525731014008
-0.2587956909806085,-2.9161113677623125
-0.25730767825341827,-2.902142636982028
-0.25546173287641555,-2.8869631974863874
-0.25696805891049246,-2.8693230674919494
-0.25805613627675594,-2.851845402789028
-0.25821557832393377,-2.834834607195159
-0.2588309731855773,-2.8170112290453218
-0.26120345674659323,-2.797646710077552
-0.264909002085038,-2.779117584821323
-0.26704170951682565,-2.760746950815705
-0.27031655299268187,-2.741204427290994
-0.2765382831735792,-2.72095121134914
-0.2816083773845241,-2.7012943437108343
-0.28676081999010394,-2.6815261744924106
-0.2943343993707013,-2.6619451922505544
-0.3010850334610979,-2.6426421890314478
-0.3065297321152743,-2.6239436741597606
-0.3129679971962245,-2.6064253996014477
-0.319700188017762,-2.5891989268657967
-0.3264702820626994,-2.572428134599633
-0.33196875473793097,-2.557440943517741
-0.3388287380643933,-2.5424868724061196
-0.3474201426947029,-2.528645241530237
-0.3533315103048516,-2.5164469471853574
-0.36118771711718745,-2.503198744165637
-0.37014734588991516,-2.4923058723840774
-0.3753985709007353,-2.4835533808025225
-0.38144875333868244,-2.4741350228299077
-0.38947250000545486,-2.4653679270294115
-0.3943239672446699,-2.4589061995747534
-0.3987761483510331,-2.4529079861509007
-0.40499045658116606,-2.4477600152358785
-0.41186623009785717,-2.4432805488051255
-0.417403105149978,-2.4401277309884026
-0.420482807717676,-2.439462427808086
-0.4255438406874435,-2.43846652757559
-0.4304506265335609,-2.439741575820024
-0.43279687947168566,-2.4427611454183995
-0.43580565093920937,-2.446393885607809
-0.4413580139392328,-2.4498014498821217
-0.44312185962468775,-2.4557248674183394
-0.44663285649584367,-2.4628997585256673
-0.45031406267715735,-2.4714179092546624
-0.4536131490031059,-2.48146957723129
-0.45716308442013814,-2.4931103897830083
-0.45978398834271267,-2.5058574842791694
-0.46305613358179654,-2.520552836844365
-0.46581576545583214,-2.536675118072914
-0.4673245523846195,-2.5550066701182317
-0.47126998075030696,-2.5734681660863017
-0.47371085273875657,-2.595125325280997
-0.47418461258140643,-2.618351236092103
-0.47740250414627317,-2.6426264330202978
-0.4791848533663372,-2.669351080703107
-0.4794153252146825,-2.697317179789904
-0.4808994142342027,-2.727005447868658
-0.48259362159422764,-2.757268860088052
-0.4830801557621085,-2.7893297620514703
-0.48270636211195883,-2.8234293390439826
-0.48191610252892075,-2.8589317687587075
-0.4823527797564992,-2.8932338580301775
-0.4809303139546088,-2.9306148299799624
-0.47761141664721224,-2.9698558045266688
-0.47739792700647576,-3.0083640578461472
-0.47579141316117163,-3.0478853744926124
-0.472759697332501,-3.089514997260559
-0.47258866557027285,-3.1313061594460354
-0.4715768158260625,-3.172009677959843
-0.47001653212301947,-3.213603370113238
-0.46921460239113233,-3.2566787603874445
-0.4683264216817515,-3.2982997560871907
-0.4671591214869654,-3.3399517187249748
-0.4651627119369668,-3.383323605022496
-0.46406649318481497,-3.424567162038251
-0.4635393790852486,-3.4655803752225585
-0.4621952206952391,-3.505918099428266
-0.4620297594766806,-3.545237004162348
-0.4635143936619904,-3.583128994170714
-0.4627227674862573,-3.620581547220349
-0.46268250637682556,-3.6574355687589817
-0.4644311606844581,-3.6933710375692463
-0.46472795338202066,-3.7266717786026677
-0.46482435627257623,-3.75984224803429
-0.4647970978465135,-3.7941970905909095
-0.46575987020724985,-3.823731449139636
-0.46769281680476177,-3.8525289207417543
-0.46692064450467263,-3.882985645802796
-0.46759544408801096,-3.910518637250761
-0.4704360001671884,-3.936044715259055
-0.46997737391632183,-3.9627775477726717
-0.47143700725631155,-3.9876738023713805
-0.47282659721236453,-4.010755187169175
-0.4739057622073743,-4.0325035690742626
-0.47587508189048333,-4.053546178896501
-0.477077173658407,-4.07355496220236
-0.4779904320436163,-4.0911847687251734
-0.479728068060657,-4.107507991161006
-0.480158956268076,-4.12316693683509
-0.4810185364581244,-4.135801135282802
-0.48196342900350436,-4.14849689679007
-0.4820287484354297,-4.1598282975794625
-0.4833585630508356,-4.168931464484111
-0.48465360328086815,-4.17654029252864
-0.4844418236011556,-4.183975086192861
-0.48570755790691456,-4.189736500950986
-0.48758961325234884,-4.192784902767941
-0.48811606809902597,-4.195477485056637
-0.48889399767028935,-4.197880579609313
-0.4887959776990441,-4.198016874836524
-0.49019857590842775,-4.195701965056314
-0.4913676341855128,-4.195689934449506
-0.4903520118882765,-4.193960742169683
-0.49254909154750265,-4.189462998223251
-0.49395607830799165,-4.185921894786901
-0.49329745387147844,-4.182635333724502
-0.4944239133671777,-4.176759879623819
-0.49486825537242507,-4.170340697955485
-0.49426980994102376,-4.164517380059931
-0.4935911909906392,-4.158412089999152
-0.49293214773058747,-4.150184621234046
-0.4926375774924182,-4.142180533237279
-0.492686059847907,-4.134257914464201
-0.4917351752662305,-4.124200293385992
-0.4920047515910236,-4.114812645229733
-0.492005388143232,-4.10639860897381
-0.48975670092688595,-4.097698055842987
-0.4896213352339362,-4.087990977198029
-0.488234279935398,-4.08108367289085
-0.4853891708369062,-4.074509078494591
-0.4844661709663057,-4.066416622006883
-0.4822388775923523,-4.058846292592524
-0.4793584809162402,-4.053120235514496
-0.4760634670912867,-4.047870773360518
-0.4728715781432739,-4.040903164568068
-0.47071516281435877,-4.036004502746617
-0.46683036988935905,-4.03273450586618
-0.4621166485374012,-4.0273468290902255
-0.4597706717229325,-4.021953655724299
-0.4556691426489886,-4.018074112010226
-0.4501549677697113,-4.013569061092543
-0.44586946845237435,-4.009802068227789
-0.4408792058482899,-4.006640071754231
-0.4342858923962893,-4.004286877193639
-0.4275634376566204,-4.002494858761469
-0.4208565831452682,-4.000825408722846
-0.41542783245311526,-4.000577019256442
-0.40847702549255444,-4.001484270526085
-0.4017365055960903,-4.001854160415748
-0.396333430054049,-4.003973823324279
-0.3884987311337215,-4.007489824211613
-0.38146795379892806,-4.009852186609164
-0.3765931235948029,-4.01262151331409
-0.36999286505036744,-4.016829335836082
-0.3634985436135743,-4.020382822728345
-0.35856550036050483,-4.024137851431585
-0.35273345445586135,-4.029175588108634
-0.34606277456642565,-4.034829296265786
-0.3403525241358913,-4.04043343606206
-0.3360531902072428,-4.046266239203385
-0.3307236291400198,-4.053779580956166
-0.32429070527695064,-4.061035872248134
-0.3196667475870241,-4.067822836898875
-0.3148128827939533,-4.075232859821726
-0.3073865984837894,-4.082884921583515
-0.3014589179050781,-4.089949079452787
-0.2972272423343463,-4.0977003231402405
-0.2914648636025433,-4.105434245530408
-0.286827374376436,-4.112679486632373
-0.28431613938221395,-4.119625896158489
-0.2802459788817275,-4.1263118234304415
-0.27602665443472246,-4.133038588614143
-0.27183733408391175,-4.140301880487033
-0.2685138410068006,-4.146754710172794
-0.26429649676749406,-4.15329525043579
-0.25898372236493594,-4.159645662370706
-0.25564942571826216,-4.1661236243069535
-0.25195774595727133,-4.173031281912243
-0.24641255091330103,-4.1780326553086
-0.24301801611777604,-4.183344802882108
-0.23938537264819065,-4.188940574124923
-0.23372241435847255,-4.19466503069987
-0.22948787911501142,-4.200631657978484
-0.22637952582495668,-4.205446094364425
-0.2225510355556745,-4.210071371630337
-0.21782797448118155,-4.214917240006628
-0.21346007927537114,-4.219795774847152
-0.2117802052217052,-4.222754536380301
-0.20775946770551582,-4.226438039749713
-0.20260654493141664,-4.230573079537215
-0.20135459133174194,-4.2325808569637475
-0.19935925392312565,-4.233803625893805
-0.19491966423923357,-4.235394391096913
-0.1931377211742773,-4.236250204584059
-0.19044311352823942,-4.235310976963206
-0.18736452115873237,-4.234049984762956
-0.18440908787152746,-4.232887197581802
-0.18121619621212734,-4.229624823251282
-0.1787011744736001,-4.225462913295302
-0.17570036994767216,-4.220606615378837
-0.1735465290793208,-4.214455806518013
-0.17301577568673757,-4.208701798259811
-0.16946884007493704,-4.203861456865179
-0.16634926114032028,-4.198202467561545
-0.16572216298602818,-4.191072388782352
-0.1628104262618278,-4.184023451582097
-0.15886872561258816,-4.176846809357528
-0.1579241335465967,-4.168628545846197
-0.15615605788906697,-4.159098996082156
-0.15328463807838782,-4.149685953114996
-0.15059256145205085,-4.139788484546092
-0.14850905822788943,-4.127527306301284
-0.1472312758599029,-4.1148697423256735
-0.1435861944003064,-4.104398357759126
-0.1415663922898386,-4.091549893290696
-0.14138240226233234,-4.0774594457113515
-0.13752505691453862,-4.064278239338265
-0.13488665373916056,-4.050536627992926
-0.13398810268213,-4.035647328717135
-0.13139762697143106,-4.019453982387325
-0.13008628148381562,-4.004286229797428
-0.12920565983081353,-3.9887892727087024
-0.12852041880507195,-3.9707763833276464
-0.1286839004822739,-3.9546301757567486
-0.1289566859844934,-3.9382408978026033
-0.12950630874284808,-3.9210896674903917
-0.1317807820065031,-3.903303341454941
-0.13260791599069674,-3.8863664383762546
-0.13444923749657015,-3.8691212663822734
-0.13725438871076448,-3.850582441174194
-0.13786982383057902,-3.8337819933129325
-0.14053668312384898,-3.8159678140632125
-0.1439084846322397,-3.7961873193333346
-0.14582467996131507,-3.7774222215164337
-0.1495680495089966,-3.7607511930182564
-0.1536859995949735,-3.743532511937915
-0.1588743939341583,-3.7235022745263575
-0.16338412456624035,-3.7069969889480405
-0.16726016529775778,-3.6909369480021197
-0.1738992075841403,-3.6719932929351993
-0.1800829298369047,-3.6555100421926627
-0.18468115583312217,-3.640431626910514
-0.19279008209299142,-3.623802180071062
-0.20029142934418293,-3.607493520373705
-0.20793020506321613,-3.5922952651763236
-0.21561482825835399,-3.5781193059820358
-0.22291366233854304,-3.5624528046321076
-0.23131582083801225,-3.5474244769925023
-0.2398896199721762,-3.5341141365936717
-0.24745857482979536,-3.520369313849089
-0.2558845472883749,-3.5067750123008854
-0.26370939276919947,-3.4944823329717196
-0.27153804602518566,-3.481488697298154
-0.2799047790072139,-3.4678539453190984
-0.28689087903790805,-3.4567625960103117
-0.2926473584215707,-3.446859072046402
-0.3005394600513035,-3.43622369086262
-0.306731000322583,-3.4267336092914626
-0.3119548691891516,-3.419895765626694
-0.31777747232878806,-3.4132586253771997
-0.3234746459402362,-3.4060214222958303
-0.32996624125803914,-3.400550907674842
-0.3341335786163206,-3.3974753095321315
-0.3392005032586616,-3.391627522574128
-0.34611477250958866,-3.3862565171725305
-0.351254351954849,-3.3821073891098576
-0.3559869492339969,-3.3779327690512497
-0.36199507029171507,-3.37340644089622
-0.3670110584878016,-3.3702152568998667
-0.37055130569573763,-3.3687799896096613
-0.37431699641334326,-3.366923016585165
-0.3775980356069883,-3.3654043938412386
-0.38043943573172784,-3.365398790178761
-0.3819574544461654,-3.365272382292077
-0.38318167335907943,-3.3651662031558116
-0.3851795458748977,-3.3656001087971705
-0.3844787482668511,-3.367528965562679
-0.383833961643428,-3.3687497320913806
-0.3853783909314463,-3.370709491709732
-0.38357627223880514,-3.3747002214766413
-0.3830013528662581,-3.3764845212731602
-0.38416763317831154,-3.378950487946532
-0.3829192818687631,-3.383479138295782
-0.3818094454105591,-3.387454129149614
-0.38024809784214286,-3.390093944936639
-0.3787472248332165,-3.392580444301795
-0.3756585336203279,-3.397949605728116
-0.3713503569812318,-3.401966108906899
-0.36836284287495535,-3.404735249724169
-0.3652425615295129,-3.4091243823325303
-0.35867925254257504,-3.4133266060252843
-0.3534816113233215,-3.4163783782723107
-0.3489386761830137,-3.420231169371524
-0.3422023763331388,-3.424095653907502
-0.33546803068228404,-3.4283141442232163
-0.3305181803128069,-3.4314432920687157
-0.3246832739733265,-3.4353847421069177
-0.3184885110125173,-3.4395591436208006
-0.31168413332761963,-3.443367301444752
-0.3066224307498311,-3.447087285247764
-0.3010982932019706,-3.4510671700597584
-0.2935554551581941,-3.4545122888568955
-0.2891905499141857,-3.4568748895522936
-0.2833232052039706,-3.461174385482213
-0.2761148432471407,-3.463977244624686
-0.2728063210548274,-3.465547755764182
-0.26793231240518744,-3.468296417850884
-0.2620550841412072,-3.470773007297845
-0.25786223446488743,-3.472405153569749
-0.25505765833105776,-3.4730613820426757
-0.251728137674943,-3.4741220547110157
-0.24789349671998387,-3.475348315891306
-0.24601540689101867,-3.4749448350306857
-0.24513269113316488,-3.475227939072848
-0.24264096179084751,-3.476963044315029
-0.2384809980143256,-3.479218054512636
-0.23839008495792102,-3.4796068274539826
-0.23749885595486045,-3.4807479441577582
-0.2342996503374513,-3.4822310637536376
-0.23456713871151125,-3.482422016822761
-0.23431782784286542,-3.4827038391984333
-0.233952372745481,-3.482057600703272
-0.2349472050545558,-3.482350550044897
-0.23647273491074636,-3.481925594291985
-0.23865888917862954,-3.4802461943119973
-0.2407046814251092,-3.4791601514896366
-0.24340196749666687,-3.4769840867644297
-0.24751278523223863,-3.4740933089181083
-0.2497923596419058,-3.4707736474303394
-0.2534992289274971,-3.466067655696739
-0.25884066167985853,-3.4618636605714217
-0.2617525156540553,-3.4569676810096035
-0.26536333703669757,-3.451589951621244
-0.2709046955801215,-3.4461939184208865
-0.27515615597833853,-3.439161407782215
-0.278605762621166,-3.4329571101001837
-0.2834127663945332,-3.426447302534678
-0.2889579360381319,-3.418007256660457
-0.29491176129495883,-3.4093559194739718
-0.29819087323925836,-3.4021577980085866
-0.3040291430982403,-3.392838765224852
-0.3113771031712722,-3.3822450788947935
-0.31521661904139503,-3.3729645307398943
-0.32109004565497373,-3.3639522692283257
-0.3289152363010941,-3.353108953454417
-0.33385157617838146,-3.341957548382637
-0.3403210818120941,-3.3318233644724398
-0.34738806504631387,-3.321757890539127
-0.3541202333153951,-3.3101814198415194
-0.36073130419349,-3.299626262790965
-0.3669573041763352,-3.2896038681431765
-0.3741110523350189,-3.2788409362371476
-0.38051879991876325,-3.268087040898907
-0.3867314849473951,-3.2573975021352264
-0.3945046218320722,-3.246939717631517
-0.40070587121181866,-3.2365954082372905
-0.4053761395104051,-3.2270141733250224
-0.41211690807535845,-3.2175699022065363
-0.41941608085108106,-3.206938625912323
-0.42417662636792985,-3.197790011602143
-0.4297482492032714,-3.1905073196801976
-0.43541126570707434,-3.1828467054185428
-0.4402684084234289,-3.1750398456596796
-0.44382745150757263,-3.1695393787401915
-0.4463333566785648,-3.1647832138754257
-0.4520045673284471,-3.1585531646165337
-0.4557008629096285,-3.1547784498605
-0.4572420917824536,-3.1523076994720576
-0.4610403681528498,-3.1488480517974566
-0.463758615965259,-3.1466157697192982
-0.4653565555837638,-3.1456540649985003
-0.46692668398974646,-3.1474665134715294
-0.46805871192950843,-3.1483327854298424
-0.4694231204749499,-3.1497200648168073
-0.47105733485956647,-3.153396143580494
-0.4711600889291686,-3.156322304272293
-0.47199813017212283,-3.1599890592368434
-0.4726501627502415,-3.165774293310128
-0.4720962416614812,-3.1727760370516047
-0.47335820540154344,-3.17988797044279
-0.4734955951164808,-3.18824417774377
-0.4734270664492774,-3.1979968976004813
-0.47510351503094733,-3.2066181432711125
-0.47550423846457934,-3.2163340199809674
-0.4752501691959632,-3.22901437937851
-0.47646461678198665,-3.2411676604134847
-0.4771150602671671,-3.2522248564488665
-0.47832144507540064,-3.2649306148469006
-0.4781457274827031,-3.2806489663183993
-0.47954834259232,-3.294679025089658
-0.48253303134836106,-3.309563110509761
-0.4843556713980436,-3.3269514954206403
-0.4863611926584334,-3.3445543334021433
-0.48953804715593136,-3.360539766794348
-0.49241164447042945,-3.3782823518538136
-0.4951837851839436,-3.397872791082032
-0.49808238665930094,-3.41608520646748
-0.5011057410291367,-3.4338828370023515
-0.504818736265869,-3.4539645301680784
-0.5077372866686435,-3.47398633681783
-0.5107530777795045,-3.4931961163342313
-0.5155893783371581,-3.5139111166434978
-0.5181145666308867,-3.5365964568412394
-0.5207040931366963,-3.558050760124403
-0.5246943155128169,-3.57985341436205
-0.5267224621163697,-3.6034055308477546
-0.5310205397043277,-3.6251172009236114
-0.5358994203082871,-3.6465660692663353
-0.5384083561620703,-3.669603936179078
-0.5419798813540039,-3.692679279112583
-0.5461059798484128,-3.7138517747761615
-0.5507578169697643,-3.7346610644396456
-0.5561208603724607,-3.756491660653893
-0.5608566305883093,-3.7763347392989033
-0.5669663326520297,-3.7941591385549525
-0.5729398539074033,-3.812249331961625
-0.5769490778242419,-3.8305474074501453
-0.582222931757349,-3.8462184585674537
-0.5889625568603412,-3.8614411030407974
-0.5936343442711565,-3.876655898692218
-0.5985112927427378,-3.8901253229111226
-0.6050734930633508,-3.9009984283122354
-0.6105169356811263,-3.9118338970046507
-0.6157401010734824,-3.9221577767774187
-0.6206510017006486,-3.9318241302553623
-0.6271217253194493,-3.940757445078457
-0.633228120611235,-3.9492781076896732
-0.6372356067934327,-3.9568783200023527
-0.6439491258700462,-3.96232776773277
-0.6494623723758945,-3.968874747194913
-0.6528857549033416,-3.9748868935833386
-0.6574867211822141,-3.980512323549507
-0.6627150467376305,-3.9868751495943378
-0.6659135403395748,-3.992266812794813
-0.6705491468842433,-3.996491052160541
-0.6754707796575641,-3.999973268376312
-0.6796819401793606,-4.003829966458103
-0.6833305234992375,-4.007953371133304
-0.6881413255881369,-4.009420219724521
-0.6938218750498657,-4.011357887885238
-0.6974925285032743,-4.01415575076538
-0.6991355190864189,-4.015995864197663
-0.7044288489289582,-4.015775860491059
-0.7086368190613855,-4.0162752408776985
-0.7093722534811835,-4.016316920155975
-0.7132123199309455,-4.014969097613105
-0.7166186379971599,-4.013731487124492
-0.7176701902944631,-4.012869331713606
-0.7188645528119786,-4.011287342091387
-0.7208578644020407,-4.0087145493171885
-0.7226960507789102,-4.006040858603118
-0.7222072190844041,-4.002847239738107
-0.723099316327578,-3.998818238554684
-0.7255894234666871,-3.9947003811238226
-0.7254371615241572,-3.9899938202381633
-0.7268057854148225,-3.9842551420915067
-0.7292236050720763,-3.978260560169276
-0.7286143794591587,-3.9716768492716326
-0.7300149883690701,-3.9649200834243716
-0.7322530793313078,-3.9572633180213677
-0.7326446304403302,-3.949585317492802
-0.7321687172065056,-3.9425247927307314
-0.7319531595241379,-3.9342133871727754
-0.7328825191149884,-3.9255290781056216
-0.733374038958957,-3.9183291451191544
-0.7315436065645934,-3.9122488361987537
-0.7334564472575,-3.903351260615877
-0.7358075167292656,-3.8959740580817788
-0.733734295760515,-3.8899061584905907
-0.7347584664550113,-3.882710093030978
-0.7369494579166672,-3.876243805148979
-0.7365790391083594,-3.8703523102355137
-0.737525851518257,-3.864822135025274
-0.7384769002435557,-3.859327569959246
-0.738462246410016,-3.852372659968934
-0.7379067787482301,-3.8475699319676986
-0.7370317479849786,-3.8424668796292902
-0.7378548027526678,-3.8362943602014963
-0.7374448929938019,-3.831416940788085
-0.735849333553396,-3.825579972354865
-0.7371293417669611,-3.8192134309843033
-0.7377608223074253,-3.8122111663586384
-0.7353172097580165,-3.806180633375937
-0.7361915974184007,-3.799661923584384
-0.7360847536762184,-3.7926457530185997
-0.7338877281118789,-3.7870688727687147
-0.7333449018156777,-3.7819491972772217
-0.7324333310013352,-3.7750194269679382
-0.7312011791414839,-3.7681589235457724
-0.728487272883183,-3.763137335783817
-0.7262519754000176,-3.756619853501107
-0.7268910738949931,-3.748801000623822
-0.7238182436116444,-3.7434535466741843
-0.7204886054673284,-3.7381851404024933
-0.7210865566590896,-3.731516990088754
-0.7176122758211586,-3.725315357117848
-0.7137476115621864,-3.71957591317985
-0.7121683206097673,-3.7142590134221023
-0.7097638948728994,-3.7073554502369657
-0.7062834608610757,-3.701501674789266
-0.7031271672542939,-3.6971143021119874
-0.6999606842459147,-3.6912917676264763
-0.69718073961582,-3.6848665382511965
-0.6926280736639059,-3.6802610725593343
-0.6887253425978056,-3.675264345595369
-0.6850746230895585,-3.669825945549291
-0.6778896484707827,-3.666324816011027
-0.6722194093928598,-3.6628837635911116
-0.6666024576430865,-3.658166856977311
-0.6579242868652557,-3.654494490438666
-0.6502866785112712,-3.651226978380786
-0.6429948018125964,-3.64751728866347
-0.63331151625104,-3.64390766533554
-0.6229173702356054,-3.642070055461737
-0.6113243962244195,-3.640190476923895
-0.6007144163515719,-3.63535638080631
-0.588121891795786,-3.6332505349762076
-0.5737206882276884,-3.632025472453334
-0.5609228371408393,-3.6299478574457935
-0.5475335953626536,-3.627529123417098
-0.5322330709863318,-3.6259484639706323
-0.517644867367905,-3.625417003516088
-0.5030521186796797,-3.6239072060466486
-0.4878904507137394,-3.622521581759667
-0.47357127911449126,-3.62276687557891
-0.45944627178069564,-3.6218042501655363
-0.4460595293965578,-3.6198552392122756
-0.4329451839003677,-3.6197336734100136
-0.4187648982164066,-3.620179856170501
-0.40604761111677323,-3.619484551717572
-0.3924902377744428,-3.6197512074966056
-0.37873621841435806,-3.620920883397988
-0.36772537355380175,-3.6198972173882025
-0.3558461017965931,-3.6204949460068
-0.34358264776430775,-3.622192820726608
-0.3320854082195883,-3.6228464680713084
-0.3203505980545833,-3.622165870648558
-0.3091780794967065,-3.6231751926365705
-0.2980768266378048,-3.6251398813305
-0.2873909757524729,-3.6250785284818137
-0.27783513931409054,-3.6255749157005455
-0.2674655477886159,-3.628438624470626
-0.2566666120829434,-3.6299227697735987
-0.24763387189955136,-3.630087215073106
-0.23746175872631178,-3.6318806325760438
-0.22758187220719986,-3.6336687278140656
-0.21898406487800764,-3.6344308494990734
-0.21082666842157746,-3.634608143979995
-0.20225635933767797,-3.6368295724042836
-0.19432332585386825,-3.6386111669455232
-0.18620439428917782,-3.6389620958168742
-0.18016749736072862,-3.6399069520661005
-0.17328611462818586,-3.6415198064048364
-0.16619907716450483,-3.6410211479710823
-0.16131344833670302,-3.6407990843012454
-0.15597578599790088,-3.640751508981837
-0.1511676642763492,-3.6392441855239586
-0.14817475892426357,-3.6377731399248883
-0.14435523213970625,-3.6367041944592216
-0.14128793995154165,-3.6349555586791378
-0.13950508880843898,-3.6319482400138687
-0.1381006840054114,-3.6288162308989866
-0.13793721394964006,-3.6260501507086516
-0.13866355123420546,-3.6220274559226007
-0.140962057381317,-3.6161219244720963
-0.144262151001761,-3.6120873469536154
-0.14677704829830188,-3.607735522511648
-0.1507458767485618,-3.60037774500571
-0.15707715745336867,-3.5924100292450936
-0.16115715139083434,-3.5860311534041847
-0.16629542209581252,-3.577958718178534
-0.1740686960745188,-3.568207792139172
-0.18021936905712524,-3.5590364665100123
-0.18630546101617015,-3.5490416262071145
-0.1934061602472688,-3.5383157129934943
-0.20063845693094326,-3.5268596236806196
-0.20749598185582768,-3.516391658007795
-0.21336202686026842,-3.5056021921319878
-0.22012302112227797,-3.494099032902306
-0.22743476308370678,-3.4826817835606336
-0.23349489476703944,-3.4704103977862566
-0.24018375887466578,-3.457684927245526
-0.24702284210321615,-3.4462595078829916
-0.25117807286890037,-3.434347314975794
-0.2571860488586211,-3.4210003788330097
-0.265446746670121,-3.4073021337718266
-0.27190747866764275,-3.3945424086979026
-0.2783789616028847,-3.3817519286482383
-0.2851851896684007,-3.3681598257748724
-0.29191176687716947,-3.3546463854138775
-0.2969656646561121,-3.342117081255029
-0.3008628092691404,-3.328634981270262
-0.30869684615253157,-3.313879884845082
-0.3143738870805591,-3.3011400389002956
-0.3178808852497147,-3.2888213857199307
-0.32586633219590394,-3.2754088421810974
-0.33304509280589656,-3.262493730273329
-0.3372603505538121,-3.2500744100588963
-0.3436873022379396,-3.2374241359428724
-0.3505276240927253,-3.2242003756245667
-0.357040029904389,-3.2110547054112133
-0.36220569461104213,-3.199388682635045
-0.3674813268454692,-3.1872347318152725
-0.3742570074296219,-3.1755263443466144
-0.37806407075248805,-3.1646011305964747
-0.38228496987157956,-3.154141124136545
-0.38930195861008077,-3.143777709588619
-0.39316278412437233,-3.133872769032904
-0.39753195008269715,-3.124513001895915
-0.4045647390691633,-3.1146562663566817
-0.40892720821301504,-3.10620549289144
-0.41296696674795663,-3.097847460320314
-0.419031673821069,-3.090053937535813
-0.424701862879202,-3.082108821126158
-0.42953307184692247,-3.076077824781123
-0.4329867075765317,-3.07131149177464
-0.43857229452414304,-3.064446311033837
-0.44428381290872976,-3.060084299941725
-0.44693799268328094,-3.057980735662126
-0.4525801801937955,-3.0541064767901913
-0.4596071089337348,-3.0507551113258025
-0.46231199990713356,-3.0489950694954957
-0.4655881055761591,-3.048275363304108
-0.470544249559493,-3.047656165146871
-0.47393662746549176,-3.047063124844275
-0.4772574395091018,-3.0483561970850235
-0.4802886092812808,-3.0498555746893503
-0.4833912236142134,-3.049805028683386
-0.48728263438373265,-3.0505488751790275
-0.4892133442663171,-3.053099149254006
-0.4924866562850599,-3.0553438793557874
-0.49573755736930225,-3.057546450635762
-0.4961098150653126,-3.0603337043763443
-0.5005513135559805,-3.0618109577612493
-0.5036169455559825,-3.0638450388492884
-0.5037839987504592,-3.06702442236996
-0.5065541947921254,-3.070346553054217
-0.5086556245615318,-3.073102666066813
-0.5099149700093704,-3.076078754971695
-0.511150381785777,-3.081332417683172
-0.5128438462647845,-3.08479235205794
-0.5162418457672168,-3.0870562030922217
-0.5177381368300632,-3.0916070974185947
-0.5183457062928892,-3.0969098339604546
-0.5218840001453834,-3.099978860025013
-0.5231403005196696,-3.103684585095188
-0.5224061891028547,-3.109352543761964
-0.5247161899648322,-3.114598409774424
-0.5254771289634866,-3.118741900859543
-0.5250736065404117,-3.124335678097387
-0.5254112785430665,-3.1309944602824857
-0.5252907416159679,-3.1358276976068233
-0.5256283242978106,-3.1406600612713405
-0.5254547989832197,-3.1473524022927086
-0.5259538681563767,-3.152939672821792
-0.5264434758436816,-3.157848445616214
-0.5242948910424825,-3.1651416102866348
-0.5236379366760127,-3.1718146553164397
-0.5232315895755881,-3.1776236862613776
-0.5199800986878859,-3.185304881110583
-0.5186586785996202,-3.1928584294988602
-0.517958443422084,-3.199946393719015
-0.515288136597252,-3.2060491450567707
-0.5122523183545076,-3.2137131512409454
-0.5098879981772623,-3.220833420290224
-0.5075246223458726,-3.2262098967926667
-0.5043597327636947,-3.233818189406559
-0.5001068251419297,-3.2418422841012244
-0.4967171721616486,-3.247548174054668
-0.4933959904475251,-3.2536268628359486
-0.487567151010854,-3.2613219416911594
-0.482988466823351,-3.268101575506434
-0.47985037158504007,-3.2729488957865307
-0.4744129780674262,-3.27896460804389
-0.46909220357310094,-3.2852575811644424
-0.4638142022028031,-3.2905140326865174
-0.4585298750821928,-3.294311827161191
-0.4539467086760174,-3.2997105226926187
-0.4473974137766538,-3.305414042695927
-0.4419309899544137,-3.309238042253684
-0.4365573772205124,-3.314327089752676
-0.43003045244053145,-3.320281885336663
-0.42429230146293434,-3.325222280299247
-0.4177357407180368,-3.330916907397983
-0.41054014542867184,-3.3371059366429408
-0.4039459292237582,-3.342527452143777
-0.396824528417776,-3.347672372619858
-0.38946210632618183,-3.35393051071479
-0.38217044247024307,-3.360525146460021
-0.37529412536818385,-3.3644195827379066
-0.3688472984109906,-3.3694220612885326
-0.36127735925057375,-3.376303935437317
-0.3519509215156976,-3.3819645530023124
-0.34549131059787047,-3.38476805713965
-0.33861062661123686,-3.389774393895283
-0.3294205141887057,-3.395380370651469
-0.3229334591036633,-3.398617892094195
-0.3160905504874583,-3.4021212238923995
-0.3076577578839394,-3.406618654700739
-0.300461769394464,-3.4098283303549266
-0.29301151538646625,-3.4120613800993382
-0.28662253963682277,-3.414571837120056
-0.2799491680284603,-3.4173660590454746
-0.27237010425745983,-3.418781595158798
-0.26677339022649643,-3.420556721022571
-0.25959811995600274,-3.4235270393244064
-0.2530953102399762,-3.423344851494243
-0.24821430571362105,-3.42390284582508
-0.24137262619981564,-3.425971828972285
-0.23554441422343772,-3.42531366980428
-0.2304308455447045,-3.423889034361453
-0.2238134048563251,-3.423694973834199
-0.21743844968437143,-3.4234477873851943
-0.21179974200875745,-3.4214499388844124
-0.20650734867009624,-3.4188130563232457
-0.2014357678712681,-3.417402416557084
-0.19507562264319397,-3.415215870332414
-0.19047055632803173,-3.4111849812088733
-0.18804020707515307,-3.4080955548048912
-0.18183079439324878,-3.4060672596509294
-0.17748867872755952,-3.4029164929626523
-0.17628727275347678,-3.3996530044069755
-0.1719154246820173,-3.3978086130944187
-0.1686481259143798,-3.3958322879585245
-0.16666788281241623,-3.3935601434154816
-0.16469073485106056,-3.3900261049447575
-0.1630490995295169,-3.3881100556421027
-0.1610752227234154,-3.3857184769016606
-0.16121374305040384,-3.381581201497183
-0.16146424228888165,-3.378690393984518
-0.1599271733011656,-3.375401246656186
-0.15911174232399247,-3.3709238112386886
-0.15991138967955487,-3.366855529168362
-0.15849590884115186,-3.36298659994006
-0.1585013909518746,-3.358802694816662
-0.16037882050163432,-3.354731806311688
-0.15972145067582796,-3.3509196693521144
-0.15988580670685038,-3.346319066571252
-0.16128510638765922,-3.3411081232835995
-0.16165983133934608,-3.336265243368394
-0.16111326183368543,-3.332250196608389
-0.160983210679271,-3.327113162113554
-0.16304691781298675,-3.320967862678432
-0.16326423555633618,-3.316876082021095
-0.16134905224015597,-3.3131774931980678
-0.16384616916406203,-3.3085905364112436
-0.16505157456855712,-3.3049602134589238
-0.16333930781496514,-3.3016093822923582
-0.16503634290509625,-3.297761204430168
-0.16598289753802017,-3.294071136488949
-0.16624576366261062,-3.2897989982166207
-0.1659147708350756,-3.2866607946868287
-0.16554693364101036,-3.2834118771343674
-0.16608177600463284,-3.279168468887383
-0.16512896700945645,-3.2761912197556833
-0.16549877622950912,-3.27233424939212
-0.16785022775209896,-3.269050083964658
-0.16739331487560638,-3.2659367562774615
-0.1685785262883795,-3.262065490652609
-0.1712186867871576,-3.2597119843538294
-0.17060160893012688,-3.2583637147373534
-0.17125836542080122,-3.255798319543487
-0.173497679717905,-3.2537989588655734
-0.17445256430188866,-3.2520685390935413
-0.17454205440069048,-3.2513306836534857
-0.1754855658658023,-3.251382453912562
-0.1781706910644691,-3.250455025288391
-0.17992277160305092,-3.251005649912298
-0.17868044198867955,-3.252943150069088
-0.17959357707984305,-3.2539638763463863
-0.18219614105398416,-3.2535823123470555
-0.1810177759540564,-3.254628453262987
-0.18156553223277477,-3.256653121726585
-0.1836817235543005,-3.257695129232566
-0.18359881074404807,-3.2592830498748486
-0.18362688002574187,-3.262780431730137
-0.1838338595071449,-3.26613184307112
-0.18401276327725843,-3.268915301724023
-0.18406719234733843,-3.273233008004861
-0.18309309925102119,-3.27797378293206
-0.18393312752191907,-3.2815574922481394
-0.18547758757301575,-3.285808658274385
-0.18478216930140062,-3.29067584099542
-0.18672770773393066,-3.294103183593533
-0.18824967532229467,-3.297923915356336
-0.1869343220404283,-3.3028304862260813
-0.18875054864181567,-3.307215084887994
-0.19012865955546748,-3.3115856241672788
-0.18974093516296078,-3.316799587521599
-0.1905021508455594,-3.322953024482343
-0.19179958789701662,-3.3284368667275026
-0.19273310078495978,-3.332933124376183
-0.1938107600122533,-3.340292301554227
-0.1946735249356791,-3.34712394385704
-0.1981082984519704,-3.3511553480293848
-0.19952298768124785,-3.356185883125277
-0.19977910243013544,-3.3623369725893344
-0.20347253854769806,-3.3667619677388334
-0.20567146151121118,-3.370317818415687
-0.20702503370355038,-3.3748079769947696
-0.2099282161435644,-3.3804635978157496
-0.2123884108570709,-3.384761480739583
-0.21518611719113473,-3.388797978125055
-0.2179741451763515,-3.3951896065870675
-0.22024409098599057,-3.3998981860259416
-0.22301584452313578,-3.4039705423804407
-0.2241874997100994,-3.410237031284595
-0.22632506395217844,-3.415844469822896
-0.2292107443150017,-3.420289687410666
-0.23147478861113935,-3.425041115802965
-0.23429849133587102,-3.4297867563373763
-0.23789288711311868,-3.4340563790170187
-0.2399917022930897,-3.4381959252502354
-0.24328214150418917,-3.443465397119128
-0.24778164022852683,-3.447856218221094
-0.2513477293163879,-3.4504158080332172
-0.254837194032346,-3.4546543988140677
-0.25835616325833477,-3.4587487639552186
-0.26292201239768753,-3.4601792922132493
-0.26896642377253327,-3.4612630583126522
-0.27165317599913735,-3.464606571970512
-0.2754845380288344,-3.465564100390004
-0.28066886078435904,-3.4642170416848956
-0.2836410764774819,-3.4641306743691964
-0.2874811076629556,-3.4646618452739175
-0.29190026209286185,-3.4631993837846315
-0.2962953333418192,-3.46071918666849
-0.3007449002977486,-3.458940583064989
-0.3043827281168636,-3.4569100627774625
-0.30918224674514105,-3.452646974760778
-0.31391051562113903,-3.4498763512411665
-0.3173115653113114,-3.4471481768099004
-0.32106513072312715,-3.443216335120661
-0.3251667029812457,-3.4402765572078517
-0.32872469113772324,-3.4370169212734316
-0.3327906361772088,-3.4320568486539096
-0.33673785873735335,-3.4271201910515616
-0.3399620571431111,-3.422827613760271
-0.3436571918077934,-3.417718538301885
-0.34776209706956346,-3.4112607235257197
-0.35165822946469455,-3.4047396333899207
-0.35566750168756117,-3.3996525933629655
-0.3579164924528587,-3.392828169581642
-0.3623854435747396,-3.38472517854648
-0.3659132151683873,-3.3795454783851024
-0.36713818549980354,-3.374174054755116
-0.37171060582248483,-3.3661811692685517
-0.3758618657276456,-3.359288238238046
-0.3775672840684407,-3.3536952044136914
-0.3799540041276239,-3.3478418502768976
-0.38317467047940124,-3.341079458977764
-0.38671962952548544,-3.3346956524162583
-0.3896153772180787,-3.329090831152172
-0.392530940389955,-3.32181717323397
-0.39698304806615775,-3.3149630255051354
-0.4007932848267452,-3.3086097406006925
-0.403330586439648,-3.3008570161620567
-0.4076092249430967,-3.29385825427975
-0.4091356378443269,-3.289067838909406
-0.4100236605409145,-3.2829288940604044
-0.4135452392324136,-3.2768112962769544
-0.41471754834207825,-3.27264091994827
-0.41574872804391616,-3.2676433443390724
-0.41777164678802087,-3.2619357851045097
-0.4186792940177782,-3.256876453478107
-0.41940068153833676,-3.252653510709491
-0.4188262860507094,-3.247661358429639
-0.4192209924001076,-3.2416571549211914
-0.4205327647759324,-3.2371283938533915
-0.4181163770380896,-3.2338666389472377
-0.4175788871306608,-3.229152515024564
-0.4192604312139568,-3.2250515411490093
-0.4174734324998026,-3.2227332701546767
-0.4163613588503436,-3.220126793505264
-0.4173944443482027,-3.21655907911102
-0.41664205213229333,-3.2136532876337967
-0.4151703223725421,-3.21231346726913
-0.4140383051173767,-3.2108853290369033
-0.4137407075996257,-3.2081399234637376
-0.4133429953485251,-3.207239381391709
-0.41196009738052014,-3.2063998229711754
-0.41261140547304603,-3.2045909906637964
-0.41408666147554624,-3.2036224178738113
-0.4121770500005396,-3.203168654110042
-0.41280545170210653,-3.2018576528568823
-0.41362732981351485,-3.2016899281728803
-0.41138538406748404,-3.2023374471465305
-0.41116327502330524,-3.2032277479515066
-0.41183147033187256,-3.2034138721705836
-0.4107833877309968,-3.2045916160161676
-0.4100673303861195,-3.2062925290704576
-0.410287081624799,-3.207590159519774
-0.41208533051734014,-3.207749321438684
-0.4118770864756882,-3.2100155544757825
-0.41053131687787,-3.2120119396952305
-0.41348604427503577,-3.211963624551566
-0.41412186551044783,-3.21364466779746
-0.4120454263960517,-3.21618444423276
-0.41349391838983784,-3.218289574689553
-0.4156965766560657,-3.2194380780258127
-0.41458708782076764,-3.2216398372652577
-0.41487711646486886,-3.2248181460394125
-0.4154859267015916,-3.2274838401806503
-0.4157992434722132,-3.2292887462310764
-0.41494327279692433,-3.232810805669797
-0.4139400640586888,-3.236226562386262
-0.415900889443884,-3.238029385990573
-0.4163107143859758,-3.239326625252597
-0.4173063601342856,-3.2400214520644606
-0.41966848137556045,-3.241322310291271
-0.4204369075535852,-3.2418017351855535
-0.4212775568815928,-3.242091536447032
-0.42359346503364065,-3.2429018409513466
-0.4238553670224595,-3.242707027177047
-0.4239009276265681,-3.2426873407973074
-0.42509942334551304,-3.2431970851343275
-0.4264351336562712,-3.242578708868816
-0.4273621695704341,-3.242615605664232
-0.427356825256747,-3.2437878898342904
-0.42953868699298503,-3.2438072412752232
-0.43268683680667597,-3.243000805026025
-0.4316587233493681,-3.244430965812964
-0.4328985690343711,-3.2453263467498927
-0.43570756153429124,-3.244955332255346
-0.4352764565428101,-3.2452682390029133
-0.4362356018905827,-3.2463080671484947
-0.43770915191001586,-3.246918646049021
-0.43784970282882396,-3.2465189051224095
-0.43789640652067274,-3.247596993804805
-0.4368470228535683,-3.2494481413130907
-0.4356116869927862,-3.2500742242874177
-0.43414099657975813,-3.250566080318748
-0.4319868436394111,-3.2520541409222434
-0.43111958769292247,-3.2529808723817677
-0.4295677474251,-3.2539748571550957
-0.42717107704035706,-3.255312768620489
-0.4263699990664579,-3.2563307082683925
-0.42559768085274274,-3.255775866794232
-0.4225107731890455,-3.2559973287563406
-0.4209160550658683,-3.2564919689818437
-0.41932141203983864,-3.2566470876054767
-0.41610123354971573,-3.256216747420556
-0.41261684366659596,-3.257875405905412
-0.40887139226793456,-3.259700297141218
-0.40694616631837255,-3.2585236404301368
-0.402974414009704,-3.2604176745390414
-0.3976343507108199,-3.26296904150916
-0.3938217526184832,-3.2643149676593146
-0.39008624104099454,-3.264669995021182
-0.3843107960462432,-3.2669153784789002
-0.3801479396323011,-3.2694127539944815
-0.3759432832427904,-3.270331810643403
-0.37165945479314444,-3.2713231207204867
-0.36799351134735153,-3.2750229779554996
-0.3640966696041859,-3.276599415503853
-0.3610076518758478,-3.277718639877437
-0.3574590430912859,-3.281131301414467
-0.3523132432517644,-3.284849032688172
-0.34941941732039594,-3.286814798018655
-0.3459226671943268,-3.289649283392699
-0.3420317999712746,-3.2935362495875493
-0.3401068070992695,-3.295116107483569
-0.336750763793767,-3.2975583286286105
-0.3334677980359857,-3.3015171323192436
-0.3314258184029282,-3.304673095051679
-0.3284390713669764,-3.307037270140358
-0.3256599944787899,-3.310472475326752
-0.322888190078011,-3.314861147208419
-0.31973793238297205,-3.316961756160283
-0.31736519484257797,-3.31889944641615
-0.31425885611600346,-3.3232180624806618
-0.3118635190548814,-3.3261284966945963
-0.31086184989719096,-3.3275206732522853
-0.30914081286637046,-3.3306882518620204
-0.30716143117867817,-3.334227055806947
-0.30589226665399194,-3.3369551468212686
-0.30493739023491556,-3.3391943477831774
-0.30428872995209166,-3.34285373413456
-0.3029086633837506,-3.3461665333239496
-0.30199851066307043,-3.3480967840507465
-0.3029699337851714,-3.350394317102197
-0.3024946526966015,-3.354010759049152
-0.3018098669584947,-3.3556873352683523
-0.3030856377195988,-3.357458101035608
-0.30202510375413666,-3.3612539068729697
-0.30226776546241957,-3.3631930442286633
-0.3036537730949346,-3.3652905403102915
-0.3041438701719298,-3.3680571210210837
-0.30490765116532154,-3.3713334000671153
-0.30644991202049543,-3.3735823743662334
-0.307593714772839,-3.3755861144997823
-0.3087443699053155,-3.3785952323443937
-0.3092230129779338,-3.3807331770731386
-0.31035190891080017,-3.381476377712328
-0.3111650172939763,-3.3846736996781464
-0.3099969923267656,-3.3869147874822105
-0.3108576771010617,-3.3877005035730954
-0.314203666238125,-3.388584484667535
-0.31437890691096537,-3.3915575271416567
-0.31506678531721444,-3.3929896861950546
-0.3173440837510754,-3.3928279244490094
-0.3179387130491614,-3.3935545454258658
-0.3182741488979723,-3.3938158063839916
-0.31873472961760807,-3.3929814515848435
-0.3200669578814059,-3.3924113147752406
-0.320656641491115,-3.3923337280516606
-0.31904118314817276,-3.3919846331408032
-0.32027891444679,-3.3904822611839367
-0.3207318692564126,-3.390361882884052
-0.319258194278433,-3.3892205218651754
-0.31863558864955666,-3.3875104022299474
-0.31894847385845315,-3.387301963939731
-0.3175082020418381,-3.386521898775546
-0.3179809226125372,-3.38444336556577
-0.31810582715770436,-3.38302837842893
-0.3178097783567159,-3.3815793872452176
-0.31749791563634494,-3.3801792200643486
-0.31766179315905313,-3.377085032204994
-0.3189325063708695,-3.3748669971413627
-0.31871987720115835,-3.37405715030999
-0.31722606671535525,-3.372016473529851
-0.3189727176137906,-3.368904666601382
-0.3188162956779557,-3.367504906794062
-0.31598146339662125,-3.3658792349509046
-0.3167684340275934,-3.363374024202401
-0.31673637201246385,-3.3609883485355176
-0.3143785962039308,-3.3590387806945237
-0.3132964819703252,-3.3572328556272857
-0.31253676621124515,-3.354470339458172
-0.3120566682750035,-3.352090346111148
-0.3097222667374993,-3.35117377794203
-0.3078841628859715,-3.3495097587551905
-0.30782516218953765,-3.348111132020268
-0.30496204718662673,-3.347863786111591
-0.30334934762441823,-3.3460962350805326
-0.3028817036300217,-3.345112991708741
-0.2989622425454512,-3.3444164070781555
-0.2955114061265342,-3.3429940840347774
-0.29457714323625084,-3.3412928220087297
-0.291677323613566,-3.3395632799665678
-0.2883636360302537,-3.338693882939585
-0.28648481569707424,-3.3373885652158704
-0.2849694046713774,-3.335097223957484
-0.2833829157645351,-3.3336845056765116
-0.28059176104192735,-3.332714864044895
-0.27966975391949056,-3.3305590984145637
-0.2790543786537922,-3.328567770907412
-0.2749377367752103,-3.3283228887664853
-0.27260172874202143,-3.327341094730115
-0.27305143300582174,-3.3252274356229083
-0.2705697238757357,-3.324576989759513
-0.26904897916699827,-3.325113411679753
-0.2688011355559172,-3.3253725229184874
-0.267247153259638,-3.324402359449642
-0.2656383170704921,-3.3241441585618294
-0.2637963933197759,-3.325434941011523
-0.26302014773508453,-3.3253462532382665
-0.2610988630373519,-3.3262219362212515
-0.25799645179135267,-3.3279036105678155
-0.2563142551584066,-3.330047954520688
-0.2557187077755897,-3.331257347796082
-0.2521014354038934,-3.3333631290939363
-0.2507454230745458,-3.335911910474677
-0.24907034347698737,-3.3386815112476187
-0.24567394299380707,-3.341216207978044
-0.2438194260664226,-3.34493924914946
-0.24251606511494675,-3.3481346226911493
-0.2400592618153475,-3.351435152262123
-0.23749108257674303,-3.3560071169958228
-0.23489177164367891,-3.3603622720159247
-0.23361047199347632,-3.363549961250744
-0.23085680580817194,-3.369172938121716
-0.2269460450872255,-3.375675854089836
-0.2267349719162644,-3.3805986724672863
-0.2242406339751411,-3.3859984515946735
-0.2200772829804316,-3.3930517691561137
-0.21911263503960787,-3.400356216899836
-0.21737386983065773,-3.406989916686381
-0.21486533248730003,-3.4144215174950165
-0.2125316445182502,-3.4235190513975824
-0.2102312259206913,-3.430702335368157
-0.20875139798982975,-3.437752545716556
-0.20710078221468042,-3.4465000728771438
-0.20581535967954845,-3.4549741393489093
-0.2052383289175869,-3.4627206128320362
-0.20384363662745023,-3.471142845089411
-0.20355288422843,-3.4799959334844184
-0.20378811127676613,-3.489097365672668
-0.20293505334293876,-3.4981854196951536
-0.20140872837391247,-3.5085534403040666
-0.20154931537721085,-3.5181666767826005
-0.2003358703886794,-3.5274634589047884
-0.19895610194142183,-3.53806219889848
-0.19775657481955272,-3.5492341485082473
-0.19702917857299074,-3.558371908158052
-0.19727422747179352,-3.5678910688598497
-0.19563232734388744,-3.580196559279243
-0.19539951031299055,-3.5900146768212227
-0.19656122735799672,-3.5982682684905445
-0.19641731980563287,-3.6080177726554927
-0.1959179117688678,-3.617790425319398
-0.1963035655919756,-3.6253099577655425
-0.19587118848957172,-3.6330820328075157
-0.1953234181008939,-3.6421405592564815
-0.19429559097235236,-3.6509421238007977
-0.19364755293192468,-3.6575305872049517
-0.1941077252123655,-3.6650438895659874
-0.19315353493355794,-3.673247345090446
-0.19230918756679416,-3.679443390025027
-0.19294509733654583,-3.6853246272358935
-0.19143773660330898,-3.6927408376763147
-0.19016984507779094,-3.6983113642913175
-0.19034688709468442,-3.702901407585343
-0.1885839442799262,-3.7089258899981776
-0.1885767231375513,-3.7139571329295684
-0.18801470068825962,-3.7172288232898887
-0.1864371579526896,-3.7213755475127073
-0.18539424183821998,-3.7263447983933333
-0.18348652955682895,-3.7293828883647575
-0.18262502744061898,-3.73164808650617
-0.1814805767111164,-3.7361354870896766
-0.17945048266481806,-3.7397148957905775
-0.17869918772534096,-3.7407716452501965
-0.17810776712560034,-3.742135097666707
-0.17600744319377393,-3.744485172465523
-0.17432296521892301,-3.745062710317656
-0.17277623610322088,-3.7442662968334877
-0.17056700278018003,-3.744009771745942
-0.16854092871533838,-3.7433526109507644
-0.16681719771606526,-3.7401454260142684
-0.16634227005469904,-3.7368816610622564
-0.16534110188460627,-3.7340561493733815
-0.1622482577248496,-3.7304799612522683
-0.16074843390441865,-3.7248727385433047
-0.15912075029373035,-3.7205725813271413
-0.15574885157131363,-3.7159056935388066
-0.15446663185929096,-3.7095992981940946
-0.15248747419750636,-3.704136912790622
-0.14890724682565518,-3.698207198786017
-0.1468015334077494,-3.6918678542591845
-0.14485418309182727,-3.6855034250824357
-0.14283025135440888,-3.68001969598574
-0.14097716641675306,-3.674140211210892
-0.13890068090917929,-3.6667464037669273
-0.13720514404737819,-3.660192450580754
-0.13397906172882673,-3.6544984908243068
-0.13088135321629513,-3.646258821948447
-0.12920671825986524,-3.6384886829492498
-0.12571641703202371,-3.632353872493839
-0.12009055248083135,-3.626608838624459
-0.11824739390570503,-3.6194436546568354
-0.11510227585615428,-3.612886667635584
-0.11009187251362446,-3.607433482287796
-0.10677941524228937,-3.6015366840599903
-0.10384866592445784,-3.5947613469954733
-0.10019350376395827,-3.588527834456176
-0.09496268097300734,-3.5827032588780607
-0.09113079665285985,-3.5761760413374355
-0.08896444959840503,-3.5698309495137157
-0.08353607559223035,-3.5642251390181525
-0.07915351447081269,-3.5579792377978077
-0.07700279970837691,-3.552587308263765
-0.07124077400149852,-3.5476838523831415
-0.06677771432948194,-3.54192487040604
-0.06336131613482658,-3.5373639330333035
-0.05808359089844466,-3.53379019141602
-0.053346170170026276,-3.529751546604712
-0.04986550141138771,-3.525358176795157
-0.046316574646172295,-3.5212728032103153
-0.04181574796192582,-3.518125757196781
-0.036595066607413386,-3.5147704336796215
-0.033776774105551535,-3.5094675492424603
-0.030527121509683827,-3.5061696695718583
-0.02363734412180606,-3.5044435431396335
-0.02062435501869186,-3.5006227984352196
-0.0188567409778722,-3.4972761775102352
-0.012982542103438454,-3.495108392777273
-0.00807083249023371,-3.4938809677825042
-0.004614086959286255,-3.4922294235445746
-0.00029133035273899656,-3.491155558194715
0.005371933510395149,-3.4915736231760683
0.01074078450223651,-3.4923348579430717
0.014113316371683128,-3.491807202039035
0.01812390503632488,-3.4929059493494696
0.02398769463186114,-3.49423337381565
0.027611417057364036,-3.4954464575473154
0.03226715274699824,-3.4973036501267654
0.03850531368258272,-3.4995596678810617
0.04209132653943488,-3.501948634403516
0.04587410962372392,-3.5041715732715915
0.05247168183318689,-3.506456223100863
0.05735216778460904,-3.5081796382772197
0.06246010328335134,-3.5098481763776497
0.0685941385994529,-3.512102307185893
0.07492331333774861,-3.5157424383877918
0.08023966763985879,-3.518315128157751
0.08352557964015363,-3.520113590444208
0.08836414507716686,-3.5231496422759854
0.0942010801157595,-3.5267392211957125
0.09695343569401324,-3.5283086517299176
0.1021330031617186,-3.5306204553338807
0.10905421015830775,-3.5341479350983676
0.1129755675010651,-3.5367885768232874
0.11809663854941303,-3.5378153836152957
0.12380639441129149,-3.5404185809011337
0.12857351640679734,-3.5439557682224554
0.13312710460931657,-3.5458200815459975
0.13723186860324327,-3.547482836132933
0.14243931112921765,-3.5507417278984548
0.14625831335352404,-3.55316991300907
0.14889346567219594,-3.5544999180071795
0.15399152132064922,-3.5567567451064814
0.15744606827741037,-3.5589725600070703
0.16018868322218918,-3.5604682943648753
0.1660149425500496,-3.5623654856005915
0.16940696295193555,-3.564164530106339
0.17216185111649268,-3.5654901531201237
0.17675158309787864,-3.5660277273174072
0.18100686173148384,-3.567157124955067
0.18426176841437242,-3.568384381433836
0.18747825361581866,-3.567230731571014
0.19202727168542066,-3.5672786731578343
0.1964568210488708,-3.5679026331046333
0.19926589980585688,-3.566447786481252
0.20287516929459823,-3.564475263000335
0.20783109421535934,-3.563790940946763
0.20958425892931884,-3.5632246344514886
0.21028629854787753,-3.560110323568907
0.2133991208080983,-3.557252819666254
0.21628030320314887,-3.555733144810146
0.21773961486000193,-3.5528028977270645
0.21925799466922422,-3.5477470476856756
0.22094507761468163,-3.5442231764707213
0.22313470221472181,-3.540741052946347
0.22339404807350122,-3.5345913732503407
0.22401009018975757,-3.529069335252303
0.22546367701036502,-3.5242124043105902
0.22573271247926113,-3.5183728746718486
0.2257587445116532,-3.5118937659757714
0.22666218236962551,-3.505869577367106
0.22595178130929497,-3.4998816430149793
0.22535157023873628,-3.4926582814378877
0.22499643536119107,-3.4854850034632494
0.22294530506712437,-3.479033792711336
0.2207440822286885,-3.470498067790916
0.21838407757133713,-3.462055039014278
0.2168886739654036,-3.4555344543477293
0.21601370669866732,-3.4483319346949757
0.21210248155436587,-3.439204783614647
0.2092999830111206,-3.4319832094284335
0.20762475340452993,-3.42568542792088
0.20196930089447768,-3.4175612881552078
0.19647994114050607,-3.4095506784748624
0.19172927961725814,-3.403951803444351
0.18594339753032216,-3.3975427687549353
0.18056353019176402,-3.390275632937952
0.17399412722765956,-3.3833031775693496
0.16768148974255964,-3.3775829397705666
0.16202729365641738,-3.3701973387365447
0.15467865217647206,-3.3623690156609864
0.14791603290521238,-3.3563488094008234
0.14138890152428987,-3.3495771115074016
0.13327959371972115,-3.3421290711148095
0.12520887754374313,-3.3362340669039043
0.11600039989698582,-3.329522791241395
0.1061172513008631,-3.322137985958688
0.09662224521052211,-3.3155754487224156
0.08645980722464064,-3.3101993590289385
0.07569638204911618,-3.304387453209228
0.06508464630998781,-3.297576690519519
0.053202565828064353,-3.2928133576451977
0.042366918572660006,-3.2887980404147763
0.031008111997137034,-3.2827161489005774
0.0173756008289461,-3.2776880213375716
0.007086013522804902,-3.2756805125087722
-0.0045416062359101145,-3.271457430600617
-0.018197956255160692,-3.2669263946594373
-0.03082230303679496,-3.2632062903085886
-0.04320182008876061,-3.2604665721384145
-0.05686954398352654,-3.2563755572955917
-0.07007583127255018,-3.25255435023187
-0.08318870383337977,-3.2510731506451602
-0.09564701801018015,-3.249435103517426
-0.10869824163831442,-3.2470619387231765
-0.12262156050829917,-3.2463085650144903
-0.1347892047739229,-3.2452961224536607
-0.14787776144762896,-3.243698091903102
-0.16296940298658216,-3.242219231187521
-0.1756489505805667,-3.2422218425540605
-0.18893872707667841,-3.2413687883620352
-0.20403051269003908,-3.2404102714752785
-0.21740719006486284,-3.2417033762387555
-0.23124882765105076,-3.242039042113726
-0.2449376035958886,-3.2415433665863094
-0.25839883587185686,-3.2421830355984116
-0.2713640937845232,-3.2437423971380066
-0.2833700088238725,-3.244585588170955
-0.2968080330640345,-3.244974337404959
-0.30971651328491584,-3.2469228040335683
-0.32075815488031073,-3.249161237799797
-0.33375674362338803,-3.249981741468395
-0.34690537667044175,-3.251072508781588
-0.35712221385445936,-3.2525100592418354
-0.36808498021693503,-3.2533655305438254
-0.3802813046768639,-3.253732139300094
-0.39224172274319,-3.253217776669214
-0.4032171660335169,-3.2542183540419045
-0.4145361494336002,-3.2541737208918957
-0.42772542214605264,-3.2534180147268232
-0.43990297002304407,-3.2538277463520657
-0.4507058531142629,-3.2543364018229384
-0.4647723530863627,-3.2543306385556336
-0.4776581380186489,-3.25543025189589
-0.4884053983362856,-3.2553600252045936
-0.5022162889673256,-3.255893584381303
-0.5143700578681469,-3.2570072350267325
-0.5250777174745087,-3.2572510207490373
-0.5375937629753269,-3.2571447753042584
-0.5496461543770834,-3.257429727535917
-0.5610492397435973,-3.2577331049726554
-0.5722265618690112,-3.258093181509441
-0.5844550432623826,-3.2574171425470304
-0.5975349041019556,-3.2564697491671604
-0.6080048647980908,-3.2559753483455705
-0.6196824090292187,-3.2541788973117476
-0.6330545648846857,-3.2521526384682655
-0.6436042931660937,-3.250389996378595
-0.6520338109193555,-3.249296510365786
-0.6637870204891533,-3.247432917426784
-0.6747103578734068,-3.245573297727877
-0.6835437259339748,-3.244136899442391
-0.6926964729151786,-3.242674258764676
-0.7023749649510727,-3.240111965855693
-0.7111787001234122,-3.237480760219047
-0.7178243734488271,-3.2364322387622226
-0.7256595196472487,-3.234971547975684
-0.7349437491522949,-3.232916634173356
-0.7410832180910594,-3.2315842786010895
-0.7483752250375889,-3.2297685612080764
-0.757198534833349,-3.227614828093132
-0.7628634255108538,-3.2255433924845724
-0.7699782710456569,-3.2231098003768475
-0.7776428713030736,-3.2209155179554743
-0.7835060650868887,-3.218429351732147
-0.7891914210096758,-3.2157020724183845
-0.795549491184323,-3.212721452365279
-0.8019793517539738,-3.208677259361025
-0.8082026605441023,-3.205306654102611
-0.8120513501386443,-3.2023735262041884
-0.8177466669462798,-3.1979533718572246
-0.8242890381951278,-3.1931266993000684
-0.8265539447318117,-3.1897700228049737
-0.8309609314037484,-3.186373440450102
-0.8374251241696039,-3.181319283937793
-0.840995974920932,-3.1772062478514207
-0.8448986864106645,-3.1748543806338114
-0.8494428059989697,-3.1710319899962793
-0.8530744334196215,-3.165898874952169
-0.8555516556936635,-3.162779286203778
-0.8568558302808682,-3.159849214278961
-0.8590235416124141,-3.1548968016153434
-0.8596542900474816,-3.150745663386085
-0.8585419831448411,-3.147066816065995
-0.8598142478157049,-3.1423226033494265
-0.8584334215832059,-3.1368125282393726
-0.8560591070557716,-3.1320491618975494
-0.8548386127103361,-3.1277930201922453
-0.8521910539167594,-3.1218967575997807
-0.8491727694336177,-3.1162209143627306
-0.8467178757766968,-3.11130269053833
-0.8429642303137047,-3.104324198230037
-0.8394524627176336,-3.097296745169058
-0.8352430386393587,-3.0923185893599454
-0.8310872747145388,-3.0865540330915757
-0.8284113606943673,-3.078505120220505
-0.8237782227845585,-3.0727187574365393
-0.8180988860829632,-3.067747532054222
-0.8153649045226604,-3.0609492618585312
-0.8112129819088973,-3.05358359282564
-0.8054624265999524,-3.0476539612956373
-0.8023920165775023,-3.0415688583679854
-0.7985667941292542,-3.0336095659050506
-0.7938620773668599,-3.0265561284833224
-0.7895358103068163,-3.0216040458984748
-0.7852063475423426,-3.014661915231638
-0.7818891249479596,-3.0070835743186137
-0.7765776955015062,-3.0017246549274312
-0.7720760383461429,-2.9952509940143326
-0.7685435571087433,-2.987690550860672
-0.7644825532493202,-2.9815999375627555
-0.7606418837581076,-2.9760192797950724
-0.756933050544441,-2.9695430993804064
-0.7527363659953863,-2.96385124797984
-0.7490874378503884,-2.9592975384583857
-0.746221560917743,-2.9546692441556304
-0.7417340455848174,-2.9494045867130496
-0.7379924516596025,-2.9458501361458658
-0.7332756261901588,-2.9432186718285536
-0.72998948505748,-2.9386537023624992
-0.7282857108807274,-2.934932386781892
-0.7238458158436946,-2.9333434040212
-0.7210401347325925,-2.9301446676942513
-0.7200159498288456,-2.9258026781250615
-0.715383376655435,-2.9243349129189284
-0.7110203779629052,-2.9228326564096023
-0.7079184382498389,-2.920191668484949
-0.7043909754059807,-2.918053950425686
-0.7013589600516812,-2.9173955355368695
-0.6980185651506904,-2.916823030243728
-0.6953522847518508,-2.915361068039574
-0.6934773230613162,-2.914939940125714
-0.6901110170760153,-2.914877526875562
-0.6877404247328343,-2.913577436076217
-0.6860970554396587,-2.9135216922941867
-0.6833944605799571,-2.9145827699285087
-0.6811318764667251,-2.9142800748331443
-0.6800190578126591,-2.9141465668914965
-0.6773611668900088,-2.9161088588628084
-0.6747964678345545,-2.917535688079741
-0.672597272041917,-2.918437482274181
-0.6708673104089357,-2.9210410999950382
-0.6683765979187063,-2.9243433725944423
-0.6646183566951653,-2.925976010838285
-0.6617339903428304,-2.927531671122404
-0.6577830804871915,-2.931964247753627
-0.6512596376677925,-2.9354248719122955
-0.6459857392539949,-2.9378164599475642
-0.640739438529275,-2.9416564079331233
-0.6321917362118321,-2.9467009820445513
-0.6245217402140473,-2.951131723357061
-0.6173293284479232,-2.9556182071793313
-0.6093083775095217,-2.9615673624444874
-0.6009890913659784,-2.967974777160398
-0.592798926950164,-2.9724917812779403
-0.5856542491255068,-2.977627652269993
-0.5773313810600399,-2.984054374984957
-0.5682703824294735,-2.989281655047391
-0.5609110765472592,-2.994625989204744
-0.5524662545399143,-3.000907748921793
-0.5414694978094834,-3.0068314624056294
-0.5325405559115697,-3.0114981084957555
-0.5234730720511911,-3.017049270560547
-0.5130883009095313,-3.021998204006799
-0.5044569655623412,-3.025310869860797
-0.49577746457646876,-3.029879153951735
-0.48688152240312466,-3.0350505090293267
-0.47843703107022034,-3.039716601660552
-0.47078912580057913,-3.0433657675812795
-0.46378838048507076,-3.0475058284389673
-0.4547392765740022,-3.052394087767012
-0.44671737764937597,-3.0556368360805934
-0.441042939203803,-3.058898079959755
-0.4333513888938052,-3.0633552647776026
-0.4253631400436082,-3.066960791250981
-0.4201091594324796,-3.0699596076807403
-0.41370060050444213,-3.072992366579594
-0.40577806959947504,-3.0762843744991484
-0.39819050469109984,-3.0799128918244363
-0.39112829523073117,-3.0820889671570173
-0.38445472042324885,-3.0844444119286147
-0.37645948905220167,-3.088662605925647
-0.3699385896739025,-3.092467092901374
-0.3649375513928919,-3.0963571960644525
-0.35705269154918534,-3.1011614663281377
-0.35063866859808507,-3.1053171972173104
-0.3461625726388764,-3.1097925887148845
-0.33912969751047695,-3.114990759678052
-0.333991606682515,-3.119299548317399
-0.33065731018794464,-3.123954957427362
-0.3259525279392381,-3.127997808703705
-0.32126693618048763,-3.1319167354787756
-0.3182890787426635,-3.135735445695685
-0.3160211143020648,-3.139792054204999
-0.3136093988957005,-3.144070409878022
-0.3111518282758638,-3.1480079571716253
-0.3119360974831027,-3.151359038386637
-0.3141399621514026,-3.1535941070876166
-0.31389891478981,-3.1564403760720308
-0.31726324131312444,-3.1586017057458258
-0.3230508338814355,-3.1595607915939032
-0.3269447409890883,-3.160830955373319
-0.33157070608460254,-3.16200147471054
-0.3391705753594575,-3.162572433598367
-0.34705698428656406,-3.1620649785644486
-0.35436273646848837,-3.161983914332994
-0.3622498668484385,-3.1622594452534
-0.3726057825518936,-3.1603284891752534
-0.38208592540285724,-3.159176695748915
-0.39055420353335524,-3.158860319017917
-0.40249869082492035,-3.1576990679553503
-0.4131040466008003,-3.1569247107170195
-0.4226913367172884,-3.1556542176606106
-0.4355747749046726,-3.1541570670099732
-0.4471799337275569,-3.15382575538527
-0.45746667815590847,-3.1518654732526863
-0.4695185781436701,-3.1506126468916076
-0.4819760604470301,-3.148125055861246
-0.49405481617020225,-3.144932611936057
-0.505769281118756,-3.1428112095448824
-0.517875050045713,-3.1397784080977784
-0.5317765340701149,-3.13556621346239
-0.5433430152404294,-3.1329819561869634
-0.5538182668552233,-3.130682335767971
-0.5683003520070072,-3.12681412603358
-0.5805768068323289,-3.1231490844153815
-0.5913877660320209,-3.1207869219975692
-0.604681855411494,-3.118629548884441
-0.6175338736069507,-3.114866033870251
-0.6301558799768827,-3.112187104657944
-0.6426347621716808,-3.110905506918243
-0.6551097700080032,-3.1074352114202277
-0.6683207707057733,-3.1028602086612076
-0.6801570429260588,-3.0999943699469377
-0.6924813327310795,-3.095563540190447
-0.7058972521854006,-3.089852072898455
-0.7179705698685678,-3.0845188373479613
-0.7302333101178058,-3.078745910849613
-0.7430853912294789,-3.0726644556441727
-0.7541557960605538,-3.0663083583875226
-0.7655882122869383,-3.0614270347270356
-0.7774400250095872,-3.0563230108537294
-0.7872601654951351,-3.0505240283139763
-0.7972490031670241,-3.045626796953366
-0.8067475941538108,-3.0418931264465767
-0.8163905804272205,-3.036116226693945
-0.8262837969774925,-3.0308516476212737
-0.8339924175735131,-3.0284982465659347
-0.8430905810453626,-3.024222992919108
-0.8531237489221689,-3.0190704247551463
-0.859687918780768,-3.0165248230369284
-0.8663536647562874,-3.013824735243344
-0.8743150902315655,-3.009971394665973
-0.8791870686298505,-3.005901781130149
-0.8838287887670914,-3.004270984240128
-0.8888065654381209,-3.0022751375771444
-0.8931278506619005,-2.998535096795457
-0.8974407247580904,-2.997100717623389
-0.9000547904609483,-2.9966333157016
-0.9028315790066064,-2.9944861193364227
-0.90586217634261,-2.992714585690748
-0.9079804406223136,-2.9922461164138463
-0.910084283817767,-2.991090049301013
-0.9106118212494155,-2.990524064397744
-0.909887396154617,-2.9906157596995753
-0.9100266310317905,-2.9912012315117837
-0.9095392412565618,-2.9905186304905986
-0.9076790952388931,-2.9908068593391386
-0.9065960531982321,-2.9924931827689467
-0.904062874409368,-2.9932663976696916
-0.9021665586273933,-2.9933940992410863
-0.8992689886160768,-2.9966546553026765
-0.8947971413629129,-2.999906232824125
-0.8929286510878345,-3.0012674280636884
-0.8891756022749748,-3.0048348267342915
-0.8835324131534061,-3.008977697716023
-0.8791210576588917,-3.0123696172372214
-0.8757226050073073,-3.0144504140700397
-0.8708031529518578,-3.018292430376197
-0.8657341693318088,-3.0225416679388633
-0.8608067616047158,-3.0257024948832947
-0.8562882102488331,-3.0289311190032158
-0.8505708093358255,-3.0341060518617238
-0.8436321647813041,-3.038191923785554
-0.8379040543932897,-3.04236733358632
-0.831197427910124,-3.048050402817423
-0.8223152981717449,-3.0547347078233855
-0.8155745828442286,-3.061040818115328
-0.8082453525108839,-3.068795911754409
-0.7993062785925146,-3.077214921668231
-0.7915779017905131,-3.0842869044786028
-0.7834269959348857,-3.092466141941508
-0.774562602029954,-3.101712992346763
-0.7659569836553396,-3.1107628392734217
-0.75747331174176,-3.118705697612301
-0.7496462180377803,-3.128562277880833
-0.7409521841356036,-3.138345522441525
-0.7315075400883906,-3.146585498503662
-0.7241906840785343,-3.155512356428399
-0.7149101800447819,-3.1661060215870642
-0.7051301685431509,-3.1747232070139857
-0.6981211109731527,-3.182811903934999
-0.690398073189003,-3.1913740493921328
-0.6814962146329397,-3.199946945006476
-0.6737275613717929,-3.206813013138578
-0.6666696648307463,-3.212819267570335
-0.6599517271482568,-3.2193933191100816
-0.6513062237834192,-3.2258644416641964
-0.6443740016019306,-3.2306576254339814
-0.6398349534105394,-3.235248766465275
-0.632078045222532,-3.2396059968017585
-0.6252695005725143,-3.2427959162445523
-0.6207781172026053,-3.2460943498327537
-0.6144323721489509,-3.249504761090647
-0.6094202183326868,-3.2518419139883763
-0.6062839510118724,-3.2539433962931885
-0.6018081611730257,-3.2564103835934852
-0.5981794771563874,-3.2586296841058235
-0.5946240690138552,-3.2599954569896856
-0.5917127797397908,-3.26142916334432
-0.5887428212636668,-3.263622804405127
-0.5848872533937328,-3.2648555833489468
-0.5833269616322394,-3.2647731511221187
-0.5818113034727647,-3.26570977095963
-0.5787444218895126,-3.266118824676493
-0.577734240087314,-3.26566490986154
-0.5793981051465129,-3.2643514324298963
-0.5776536389880349,-3.2644973818381864
-0.5773578402892183,-3.264068071503595
-0.5786865658526448,-3.2628324652946814
-0.5798319089647676,-3.2605171645912794
-0.5807081878308393,-3.2592031942473656
-0.5819132118664596,-3.2572244406010364
-0.5856557689350419,-3.253768576866818
-0.589232682373632,-3.2512039474113745
-0.5912866209296238,-3.248815047592661
-0.5971798033298983,-3.244510075479143
-0.6022062061264631,-3.2400738109454537
-0.6051513279009583,-3.234955296568212
-0.6105309332937745,-3.23010466284856
-0.6161028226430073,-3.2248783312867184
-0.620493135730027,-3.218659154753371
-0.6267956328484453,-3.2126718326028127
-0.6329551569944073,-3.2060130818833836
-0.6385879679464361,-3.1987839640079305
-0.6442680513105681,-3.1920668587724643
-0.6497234845282671,-3.185382568120351
-0.6572679568253806,-3.1770574008823904
-0.6622724617494229,-3.1700898891967704
-0.6666390493584867,-3.1634185290630614
-0.6745252301347897,-3.1557325266944627
-0.6792616455475393,-3.1478784594427887
-0.6820464632210351,-3.141791763780025
-0.6884414005255749,-3.1358336422758715
-0.6931988658604697,-3.1292216824744017
-0.6967171371732613,-3.1239120604808654
-0.7000678351911755,-3.120129419249033
-0.7042342167002359,-3.1160095742895852
-0.7083496902051897,-3.1107567702782344
-0.7103095645659634,-3.1080130280296903
-0.7132363483782884,-3.1052113745054837
-0.7177022492779306,-3.101659030253014
-0.7187568935970856,-3.0990985846754318
-0.7214424108980704,-3.096839844905551
-0.7255235631391339,-3.0941970757204245
-0.7272702559036224,-3.091382570567226
-0.7294395834323966,-3.089100536777982
-0.7323012317848491,-3.0875591431531193
-0.7337439329093426,-3.0854552531017396
-0.7350407976288373,-3.0839445692438696
-0.7357972788394888,-3.0834602451761164
-0.737014867478465,-3.081673718026332
-0.7381323400190051,-3.079999582004254
-0.7365482366948053,-3.08018099136731
-0.7363616257656964,-3.0791480420880073
-0.737513599465773,-3.0777213479317815
-0.7340511719194637,-3.0786012636647415
-0.7325337377758016,-3.0792550978939826
-0.731826250098662,-3.0789897309452825
-0.7283858956648809,-3.078998099781193
-0.7248433911784057,-3.0811430972263967
-0.7216340867355904,-3.0826765912406393
-0.718364710846418,-3.0821067841543273
-0.7145520503864979,-3.0833998537409566
-0.709172457446994,-3.0854543483368686
-0.7042125566519908,-3.0865537306194564
-0.6990605347890059,-3.0880544778361014
-0.6919041856103176,-3.090982150287778
-0.6859237405487801,-3.0935658173229705
-0.6803354016057782,-3.095270705691067
-0.6727424603149812,-3.0982185910062694
-0.666673278718521,-3.1012669473549885
-0.6599708144160643,-3.1033621905629487
-0.6529402966916531,-3.1065133755148953
-0.6468715539137893,-3.110855026395153
-0.6399407389889351,-3.114353447702957
-0.6334593771150697,-3.1168856978037254
-0.6265414330859234,-3.1222069836836357
-0.6189120689953526,-3.127114711756271
-0.6132126615026282,-3.1295667366668787
-0.6060410404700681,-3.1342278824875756
-0.5982140063269462,-3.1404476658416196
-0.5927301556887533,-3.144011848787026
-0.5858403192063488,-3.1477570187535155
-0.578298232334886,-3.1536786913665953
-0.5709307649061193,-3.1598813549096163
-0.5637033053882226,-3.164342589110622
-0.5569216428420424,-3.1683068843330866
-0.5496900625851179,-3.1751820840606357
-0.5413189298030964,-3.1802761231697705
-0.5341419641555795,-3.1850346646426106
-0.5260395459799111,-3.191541943394896
-0.5171427365519284,-3.1982223739369937
-0.5087977596214579,-3.204135586410405
-0.4996127219589601,-3.2110167198309063
-0.4894911652189801,-3.2186624461264914
-0.4802408394957252,-3.2258626743268572
-0.46981903649807055,-3.2323092906647055
-0.4596575457648232,-3.239985196957305
-0.4499035545618208,-3.2474109195528764
-0.4397863068107386,-3.2530090469656106
-0.42988795148513914,-3.260014880279881
-0.4197639645887813,-3.2676171544381005
-0.40927842463401487,-3.2733804759063263
-0.40108103178579463,-3.2793166610436284
-0.3914226178957412,-3.286436471258286
-0.38201740549818824,-3.2920807626326565
-0.37412497495316777,-3.2968168527793487
-0.3653038822577707,-3.301723399641962
-0.35653885798614615,-3.306793302336125
-0.3488829797088331,-3.309895023296054
-0.34170018989644224,-3.3123549361436084
-0.3345829314669396,-3.316367056848518
-0.3265353409721285,-3.3204150824354173
-0.31967068178654245,-3.322300010877121
-0.3147609955363206,-3.3241559448630102
-0.30693081084184354,-3.327626450686493
-0.3002829780925878,-3.3287995746340853
-0.29554513837098806,-3.3298828783991476
-0.28856980107922237,-3.3317054170557094
-0.28200533116785914,-3.3327247585577857
-0.27709444832068414,-3.333120615649898
-0.2720464557586507,-3.333649152503383
-0.26705463940478075,-3.33288399003858
-0.26211009061055174,-3.3313348529773132
-0.2574324199017998,-3.329333682545762
-0.25301541876770994,-3.3281552733215753
-0.24771316947193167,-3.3260130793742864
-0.24406360365951446,-3.3229856802579985
-0.24103792859107812,-3.3215241939339233
-0.2361398079379333,-3.31957417087651
-0.23325587900306574,-3.3164138473872553
-0.23139262067387445,-3.313610115008736
-0.22725891924022856,-3.3106319612286996
-0.22458003537841972,-3.3065331572141274
-0.2238238766257942,-3.3018957635645654
-0.2231458845934778,-3.2972041149057754
-0.22145632600140766,-3.2936947433842096
-0.2202519291678665,-3.289254975666905
-0.22243874798453128,-3.284021213036431
-0.223958124352059,-3.2792707715864307
-0.2240770023432989,-3.2744061820435415
-0.2284201383706373,-3.26860643096566
-0.23238410291493553,-3.2628842786388104
-0.2342287126728991,-3.2571123910886968
-0.23930847629304258,-3.251117455430714
-0.24397967580903265,-3.244742232637107
-0.24817643333976494,-3.2385913081602444
-0.253663663099389,-3.2323546112877346
-0.2588412794892353,-3.225714722124876
-0.2644731562672088,-3.219582433471319
-0.2705186726213564,-3.212870211674188
-0.27643992461353883,-3.2060578564795477
-0.2846779211590999,-3.1992204377794415
-0.28924637376711826,-3.1934558027747153
-0.29430499727566684,-3.186859529023831
-0.3034965958743103,-3.1795203797887153
-0.3087753171131453,-3.173308819738726
-0.314457127164094,-3.1673910102821674
-0.3230807478075135,-3.1605364568646293
-0.33025342832364085,-3.1535074005508106
-0.3363779847750208,-3.14762337989048
-0.34311529111336,-3.141865116607823
-0.35130718268347294,-3.1340101305015056
-0.35961138396856984,-3.127314228677515
-0.36526679661123673,-3.121786077160324
-0.3737120932065387,-3.1138150903684
-0.38307249551480926,-3.1068295266915684
-0.3898079027890575,-3.100532749842791
-0.3973226105675026,-3.09427092795604
-0.4066619806700071,-3.0871259258792
-0.4127074956406039,-3.0800973760440877
-0.4192218604681972,-3.0735991767945943
-0.42653796810597244,-3.0673563404969055
-0.43228594691817523,-3.061060051430366
-0.4390274160193312,-3.0557593746408016
-0.44521765941101565,-3.0502377810684584
-0.452591408969666,-3.043293212220173
-0.4595759297257237,-3.037989853381431
-0.46382732149587885,-3.033770466529909
-0.4708896954930688,-3.027380228997189
-0.4769562899647025,-3.0214941844130108
-0.47975889895462476,-3.017848492242566
-0.48595837123119967,-3.013852715436639
-0.4915801594378713,-3.0090465595521785
-0.49465783758830517,-3.004890865436101
-0.498104793270545,-3.002028267375853
-0.5015345541053726,-2.9973069954100136
-0.5048816251684743,-2.9919295525169276
-0.5065664261999199,-2.9885547051076076
-0.5069478336387918,-2.986012767177863
-0.5094887512632673,-2.9812475578424023
-0.5103457341015528,-2.976838661942577
-0.5093186084894961,-2.974151186814063
-0.5109136939562459,-2.970405962023097
-0.5105423139260848,-2.9665183119027305
-0.5096268284112807,-2.9634917396370963
-0.5102472584226048,-2.960227054020255
-0.5093142809726543,-2.9558989624015513
-0.5084555630476232,-2.9519592352384203
-0.5081747536842045,-2.9491204052386886
-0.5067102848658512,-2.945042898770603
-0.5055466611931042,-2.9407457169881863
-0.5030314611780006,-2.938290651924457
-0.5023640214734805,-2.934417545372946
-0.5029587215369546,-2.9295774085060855
-0.49953193560683723,-2.92701544282565
-0.4980337172671321,-2.9241689417219576
-0.49764488149356295,-2.9205612496533395
-0.4955899550844838,-2.9175821971878197
-0.4928059024645247,-2.9172861849833938
-0.4912855593995338,-2.9164237360942282
-0.48907814162276303,-2.914387856250108
-0.4862472490143601,-2.9143282910552197
-0.48254094253206076,-2.9151518995018897
-0.47976554025343937,-2.9140535452438776
-0.47737519274652485,-2.9142793119129835
-0.47353869840622775,-2.915539283020899
-0.4704388432009395,-2.916235483219759
-0.46894319433040815,-2.915540752682333
-0.4654235308759374,-2.916996797038832
-0.46308963454243535,-2.9184631709183555
-0.46132341105941843,-2.918830400337429
-0.45830365851908855,-2.919866017079827
-0.4570504566833935,-2.921234997117872
-0.45526507229352675,-2.9215934421241565
-0.45313574778700183,-2.9218359930664066
-0.4514564935819191,-2.92394583592964
-0.4490382496122608,-2.925191422522008
-0.44723611082196024,-2.924709914258593
-0.44621042869908667,-2.925980368088399
-0.44401283402294073,-2.9282974678818583
-0.4433421368104758,-2.9285017308609484
-0.443328286721782,-2.92842040752865
-0.4425028245438495,-2.930278842473419
-0.4422867003417816,-2.931782966397339
-0.44234260449283885,-2.9320618381025305
-0.44299145211092744,-2.933400552730567
-0.44335226910885056,-2.9360625460973124
-0.443192166496416,-2.937704297660759
-0.44551174852281406,-2.9374722676566956
-0.4473401966265045,-2.9394330555770196
-0.44704021394133925,-2.941972547411371
-0.4494370173256051,-2.9422913632896175
-0.4517839685070879,-2.9441068875215493
-0.45249284102136383,-2.946337871966787
-0.4546161003112892,-2.947639000271581
-0.4560963175892976,-2.9493216270243714
-0.45783593290307945,-2.9518030103245723
-0.45998542140147736,-2.95438263892655
-0.4614157358340175,-2.9558000096554626
-0.46403302877159824,-2.958451872416921
-0.46651262237629393,-2.9614604554719763
-0.46884047933628015,-2.962923388145962
-0.47201609468671085,-2.9641995726482007
-0.47393430273354015,-2.9679320511557115
-0.47649377340886245,-2.9699047621247887
-0.48091107834649066,-2.97031143501044
-0.48411713639639165,-2.972877947339034
-0.4857536674306896,-2.976103111999416
-0.4894100535673336,-2.977018718162949
-0.4930445104549508,-2.9779461782120817
-0.4959331162539571,-2.98030971793417
-0.4978775884900277,-2.9830430898076417
-0.5010036357232003,-2.9845204330752635
-0.5056435140798236,-2.9870047131331603
-0.5074632241982042,-2.9907558397368708
-0.510298669820839,-2.9930150960496125
-0.5152039660546449,-2.9950450993124296
-0.5194423626246304,-2.9975981115278008
-0.5227464953982756,-3.0002440149599416
-0.5275189495954401,-3.0035350936263563
-0.5311809793880459,-3.0073333380273004
-0.5345486688512898,-3.010990095489891
-0.5382086919158909,-3.0150114978849776
-0.5414689436317087,-3.01910289407574
-0.5450278461825102,-3.0238060294531866
-0.547349436592741,-3.0286433283374565
-0.550740804027031,-3.0330408203076282
-0.5556532378802925,-3.0380664774209873
-0.5570819359234535,-3.0436975366872496
-0.5606780604789178,-3.047728968591012
-0.5660038083580158,-3.051688622365426
-0.5668359672037897,-3.0570670527028336
-0.5687546170814874,-3.0616710654583446
-0.5732429564283714,-3.065709422273628
-0.576309783297092,-3.0700899979084735
-0.5787735436690826,-3.0753137199020504
-0.5820185057607636,-3.079712567883422
-0.5861006113068208,-3.0837609648186093
-0.589223483211804,-3.0887098953330026
-0.59034344097815,-3.0949821393650847
-0.593422133590694,-3.1009443219841994
-0.5966213199176239,-3.107262185283296
-0.5969375066246652,-3.1131628689900297
-0.5992722106129337,-3.1190293793092523
-0.6024874605761011,-3.125143829905527
-0.6041870794071413,-3.130906217831234
-0.6071002501386735,-3.137452106568795
-0.6099437575601662,-3.143843776152176
-0.6118411928157542,-3.1504299891993215
-0.6136586715077,-3.1573107096379704
-0.6153200703637249,-3.164378150669951
-0.618237537196402,-3.170919901050647
-0.6196585931632616,-3.1788765460508888
-0.6195045285887476,-3.1863401785421233
-0.6223540754807407,-3.1932253607622814
-0.6230109916964038,-3.202104231770033
-0.6211427829611158,-3.2105530604532446
-0.6222052765024003,-3.217813538237524
-0.622214258606297,-3.2259793983039775
-0.6200385584385316,-3.234333494757086
-0.6190926463771996,-3.2435327989138334
-0.6187770007901326,-3.2514792120710228
-0.6173452817136219,-3.258932640460521
-0.6149145345606642,-3.2675869587975357
-0.6124991977436051,-3.2754954333118556
-0.6113843801463887,-3.282618513862043
-0.6083917651951289,-3.2902962401062834
-0.603296086303502,-3.2993767355642363
-0.6013409404072244,-3.307123952428698
-0.5978785427583765,-3.314160135859108
-0.5933552297797546,-3.321855466218102
-0.5905536420108582,-3.329362009377306
-0.5863085308386353,-3.3359175855103547
-0.5819141184387382,-3.342759402177201
-0.5781612107126443,-3.3501434175130305
-0.5738832944259018,-3.355499867922956
-0.5694469175057708,-3.3609879164435834
-0.5634215552085651,-3.367868138818507
-0.5591022669166019,-3.3727837282456887
-0.5554817855747156,-3.3773060392411045
-0.5486057039764527,-3.384043301701373
-0.5443376949993173,-3.3892515384987862
-0.5417232455378884,-3.3930498151518473
-0.5364883443372898,-3.396439775653135
-0.5308986354015586,-3.4010448884681472
-0.5269096324798604,-3.4050590107595182
-0.5216126010738192,-3.407320053126012
-0.5161810656397078,-3.410250126655807
-0.5100773029312857,-3.4149568742151537
-0.505152369800954,-3.4166870483308434
-0.5012765574334439,-3.4172223126814827
-0.49476239100553604,-3.4202815107802134
-0.4896985707586546,-3.422850249850215
-0.4857684540948635,-3.4239628618252587
-0.4795808086700028,-3.426079412650387
-0.4746850754026173,-3.4283665221560464
-0.4698543142188017,-3.4292357332948535
-0.4643259976501674,-3.429580537100748
-0.46045998746693745,-3.430682501780088
-0.4563962619567327,-3.4311885789798806
-0.45192377309743864,-3.429942463411064
-0.44739532075424293,-3.4302405389503265
-0.44288473854250177,-3.4301866834281483
-0.4388529030785962,-3.428841846458019
-0.43429352637798757,-3.428126083871076
-0.4287584543400088,-3.4282005629935965
-0.42594357097284885,-3.427214888587901
-0.4231357170682994,-3.4255163890949185
-0.41938550018100984,-3.424532130478915
-0.4172442113696419,-3.4234305882092273
-0.41541390688702134,-3.4203981528296667
-0.4137509728922253,-3.4170601634128848
-0.41318996972968064,-3.4156447149319846
-0.4118641873868943,-3.4123572393818566
-0.4124602609136517,-3.4074330248341917
-0.4122434554611038,-3.4046191381322215
-0.4102328606529791,-3.402149159355298
-0.41140523500648385,-3.397536071290958
-0.41163915926421435,-3.39410298743765
-0.41105500701253633,-3.3915641821909532
-0.41205468454555316,-3.388099075784876
-0.41274383445542695,-3.3849825017138144
-0.41340579107226827,-3.3825240113223147
-0.4144717740164169,-3.3800178274559354
-0.4151199840690532,-3.3761250470856154
-0.41657731761435524,-3.372942394552403
-0.418125347361112,-3.370332289130898
-0.4194342269949708,-3.366134649625059
-0.42196352596623066,-3.361913133654361
-0.4232496153521466,-3.359504032556801
-0.4243966166398569,-3.3553274794826904
-0.42682623167565426,-3.350633820125097
-0.42828263599110816,-3.347936808188809
-0.4279467846560917,-3.346675327824402
-0.4299983085751099,-3.343840970571022
-0.4312403733125981,-3.340392288491228
-0.4324140842400931,-3.33841978754749
-0.43297447459833227,-3.3366446149192983
-0.43403037691486285,-3.3324810780783642
-0.43631914990845616,-3.329383207079465
-0.43718370702882514,-3.3274809321220307
-0.4375118342133462,-3.324003412139373
-0.44048635333508046,-3.3204238506988912
-0.442106547446459,-3.3179624094719085
-0.44253692056597865,-3.3150854661061038
-0.4444013338227388,-3.312053984026688
-0.44585391717082645,-3.3091382147008486
-0.4462202296075928,-3.3071464871966736
-0.44611131466071857,-3.304585761766884
-0.4459037607753579,-3.302080258776461
-0.44570127409649896,-3.300737676303509
-0.44436653007372634,-3.297641514155272
-0.4441821884393825,-3.2937477722711965
-0.4447627587728,-3.2916375195725904
-0.44204885374353764,-3.2890961433247448
-0.4422689830527052,-3.283955535601284
-0.44221051577501186,-3.2801473394603518
-0.4387515772843214,-3.277870079986623
-0.43661799764920567,-3.2744307781115323
-0.43588711866337765,-3.2702263838452432
-0.4330968727165901,-3.2670394521033237
-0.42975527054918766,-3.265047733685528
-0.4258946591621068,-3.2612981928560116
-0.4236907716499452,-3.257264749316414
-0.4201531252258159,-3.254852807696436
-0.41518571354314215,-3.2520556317839486
-0.41364421181875133,-3.247832324589745
-0.41072485739327913,-3.244198908056502
-0.4050066553299341,-3.240488028923432
-0.4022827063047974,-3.2359361240320657
-0.39899656630043495,-3.2316455395347115
-0.3940254844806452,-3.2267322795254905
-0.39023677148232727,-3.2221709291076737
-0.38642537835325413,-3.217581317311429
-0.38218201099526744,-3.2129102195566586
-0.37778489173812635,-3.2089684609153797
-0.3728581727616045,-3.204200753494585
-0.3694147230112976,-3.1992888252077734
-0.3647945784128947,-3.195615987651193
-0.3597003658271967,-3.190743739216312
-0.3581027559687363,-3.1853970864222094
-0.3548140669978153,-3.1818242357413062
-0.349047095972753,-3.177901325025712
-0.34725951171334796,-3.1729527037755827
-0.3441233936222798,-3.168357709475032
-0.3392104785731767,-3.164474081422135
-0.33560980661205214,-3.161373846271118
-0.33271958305393795,-3.1571143275420828
-0.32936137571783014,-3.1534219655403595
-0.3242993705887754,-3.1512178594625695
-0.3198951832473692,-3.1483421133054934
-0.3183964657820164,-3.14409122678256
-0.3131764516511818,-3.1409811285608233
-0.3079534388829765,-3.1380172864452245
-0.30644861381005567,-3.1334505994540853
-0.30206874008086937,-3.128515406201503
-0.2973148734997223,-3.1240621548679086
-0.29539749346845284,-3.1195571270745455
-0.29281522143913236,-3.1140156717519973
-0.2901492386614684,-3.1085841190379613
-0.28840907386750825,-3.103931763038185
-0.28766134264271737,-3.099175611219706
-0.2860859821448269,-3.095169400450412
-0.2841953502558302,-3.0906841208304687
-0.28565228447179963,-3.0856867638122067
-0.2851494863978847,-3.0825047434870774
-0.28283139812532176,-3.0793754034682697
-0.2834319189126321,-3.0760354007587454
-0.2850995560929787,-3.071805502885906
-0.28343327992264444,-3.068487239013072
-0.28343435718792226,-3.065818734863179
-0.28519717819131174,-3.061800010355119
-0.28625275523911,-3.057723941968741
-0.2862588378175483,-3.055898210260793
-0.28639433963509914,-3.053738697205026
-0.28909915994538843,-3.0494061773967474
-0.2903884562711603,-3.04659283256708
-0.290046166006992,-3.0453059070549995
-0.2934946657346187,-3.042598402124601
-0.2950452442480815,-3.040147903304572
-0.295977696794805,-3.038294416728407
-0.2994691713156295,-3.036672204705178
-0.3020644540824144,-3.034350747479655
-0.3044519147201545,-3.0316459625990877
-0.30761541854493196,-3.030207456222637
-0.31129431052797835,-3.0285414381003957
-0.3151443282098831,-3.026837326751341
-0.3191471753996254,-3.0263021816923064
-0.3226142069573005,-3.0260490677740544
-0.32704460209451414,-3.024873386598152
-0.3298696869281413,-3.024970354384083
-0.3318055314501922,-3.025053843975282
-0.3370417525405511,-3.0237762478845163
-0.34019754796447943,-3.0230023973758353
-0.34197162256784636,-3.0236558300677965
-0.34629124355191443,-3.0239490885064466
-0.34989861958163726,-3.022752879213963
-0.3530622985079056,-3.0226219344480625
-0.3560714100342619,-3.0242978268693066
-0.3593013163684374,-3.023240704752124
-0.3630125121807918,-3.021946396273756
-0.36474999587948864,-3.0239026043502615
-0.36741945196457,-3.0241165482577914
-0.37110830489157426,-3.023555557902628
-0.3716845565579898,-3.025364575358383
-0.3737699740215722,-3.0277302563086295
-0.37642888264213814,-3.0296935894267643
-0.3781757007352514,-3.0307250084982624
-0.37970314984825587,-3.034178565653557
-0.38122771875003564,-3.0377434741306217
-0.3813745263739673,-3.039939410264477
-0.3815615059685548,-3.044213268342395
-0.38106745712033024,-3.0489950582284546
-0.3804349872622323,-3.052782779514199
-0.37964509543265296,-3.0581355711056974
-0.37762703403415193,-3.0644033180863173
-0.37679856644251186,-3.0684939417813952
-0.37598205153671965,-3.072388857560321
-0.3723717490141794,-3.078361405222092
-0.3704712386684782,-3.084202042909792
-0.3687839571190095,-3.088601342815636
-0.3644679930732427,-3.0947094924982097
-0.36040498955984707,-3.1028835515086772
-0.35634745114548366,-3.1099791887028028
-0.352604707110801,-3.115524708404473
-0.3478162876215774,-3.1239205071954315
-0.3416242340130038,-3.132819917200263
-0.33618676556968935,-3.1398608443341725
-0.3309153978349614,-3.1475357959880315
-0.32354659625814297,-3.1571442866829313
-0.31619498487296505,-3.166737163122507
-0.308976632650686,-3.1756221560949527
-0.30097792330879664,-3.185377908289939
-0.2930886570004839,-3.19543152484796
-0.28422657853970396,-3.205536391532935
-0.274334013139033,-3.215529173267619
-0.26464871451137717,-3.2261638992494874
-0.2530831751445802,-3.236199694541882
-0.24249647833875884,-3.2454079993957627
-0.23155817632835024,-3.2570112251613734
-0.21890716492026777,-3.268323500371237
-0.20884399108725024,-3.277868546984888
-0.19741297502015825,-3.289610983747617
-0.18421681183056007,-3.3013954900180185
-0.17379761381678843,-3.311044495525632
-0.1625217830592723,-3.3215977734536857
-0.1498552023349504,-3.3326886240174822
-0.13674389714981655,-3.343738096484821
-0.12446294539333,-3.3523407050681397
-0.11277433105394737,-3.3619105282172286
-0.09991891317989192,-3.372351228056405
-0.08646814210292093,-3.380762237827377
-0.07529144363325292,-3.3892776425885973
-0.06327289316960803,-3.39822136110561
-0.04974532687929752,-3.406111995369222
-0.03752159537487755,-3.4132025512070268
-0.025106216088721937,-3.42020677815042
-0.010458668555415588,-3.427907041815421
0.0029578443368960356,-3.434051242236308
0.016642322156714733,-3.439955923894322
0.029525339958516073,-3.4466942003802723
0.04276513820145371,-3.4523796137179783
0.054431874305044425,-3.4567545798012085
0.06613922049857524,-3.4619045508856616
0.0803760010241788,-3.466199635154171
0.09147694489408235,-3.4678116604817855
0.10173473352017817,-3.4719667013237374
0.11471485038628774,-3.4763995887821437
0.12491423898736033,-3.4787793172314374
0.1343507870171996,-3.4815115507146603
0.14623554258332902,-3.4845898244216436
0.1569940647498722,-3.48688098435005
0.16610522051365129,-3.4869732470727683
0.1751249999197456,-3.486208428555534
0.18439192483488379,-3.4871094000782863
0.19474609464700687,-3.486840585826057
0.20219738417998945,-3.4840382156960175
0.20897176780734403,-3.4821987348187897
0.21898977527359811,-3.480592767913664
0.2245593047475833,-3.4758354725986242
0.22954429861849726,-3.4704975341900703
0.23758043095458697,-3.4651567273243002
0.2432830232680862,-3.4593744741961765
0.2491220977908135,-3.453481533835517
0.25467538072838536,-3.4461032428026566
0.2589711760572723,-3.439004212230397
0.26375029401599637,-3.431466483809403
0.26727049612821646,-3.422685448525348
0.2720234980037169,-3.4155861807894743
0.2763707344695223,-3.4063810126594793
0.2782182314116248,-3.396375444698293
0.2816473147513278,-3.387278452567032
0.2854818069834367,-3.3773433231361243
0.2854892794012053,-3.3660682294396262
0.2870924717062103,-3.355076728070585
0.28928106736125886,-3.3442562243610876
0.2885626887732875,-3.3335833587962833
0.28750610005705574,-3.3215939351195454
0.28694014625721126,-3.310474005173963
0.28669618390053564,-3.301101873134445
0.28593234446518123,-3.2906604554801993
0.28242858366585843,-3.2788613911854436
0.28108197431037896,-3.2691809874984825
0.2795955032360803,-3.2598936499030864
0.2737458916364258,-3.2490261335749056
0.26991976332267315,-3.239135428178375
0.26605244799632316,-3.2300529411201526
0.2586071123062744,-3.2201372523175666
0.2522296182990602,-3.2093898881908234
0.24524785414575379,-3.1990254652796546
0.23722701273857014,-3.1889802485517396
0.22962728687393277,-3.1783490917906296
0.22193960085380873,-3.1675759603653577
0.21359284600063014,-3.1571032395200334
0.2043696345937788,-3.1463695056832917
0.19553712339831997,-3.1360629073996984
0.18805293760682631,-3.125804023281879
0.17782808497792968,-3.115235449577519
0.16759287939632062,-3.104700682087377
0.1596142080071713,-3.094309192995801
0.14886031239879863,-3.0847463703885722
0.1368299404055712,-3.0739723085696973
0.12707392607265988,-3.063414788478266
0.1174089151228421,-3.0546725632677934
0.10761399713862937,-3.045821887572372
0.09610308263858555,-3.0353920821972404
0.0861968101176346,-3.02719210087342
0.07758349215884676,-3.0196593849443567
0.06643255396199428,-3.0105085907374627
0.05752690416998375,-3.002817001287289
0.0498223032139484,-2.9964240238558775
0.03907424631067928,-2.99033861648746
0.029924789254233523,-2.983940927924975
0.020679319455814152,-2.9778297570285455
0.010706370963108263,-2.973116563307262
0.0006070258881040617,-2.968200205044825
-0.009171582197699923,-2.9630086514592704
-0.019754750385934557,-2.9599050221610153
-0.030656172694102278,-2.955913454972735
-0.04154648530234108,-2.9521543552186538
-0.051785112208983027,-2.949758500972548
-0.06092866558546681,-2.9486247532517567
-0.07188786543429702,-2.9457877028782904
-0.08067435279860878,-2.9450335444119013
-0.0881635560437272,-2.9459351040678374
-0.09704417928980043,-2.9451648103235333
-0.10447094960529985,-2.9436623888457905
-0.11165850517973931,-2.9438246044870744
-0.1194063459397421,-2.9446784439252776
-0.12713182995951178,-2.9431654964936595
-0.13526974950081527,-2.9422483871451024
-0.142314029163112,-2.9437233352566494
-0.14813304470835528,-2.9435411700446403
-0.15500409456435044,-2.9417414653359915
-0.16059142469834614,-2.941613875428629
-0.16493067213230925,-2.942036700915674
-0.16984503708988483,-2.9412169169368605
-0.17335716635856996,-2.940519283404391
-0.17627666154396351,-2.941899117048588
-0.1787897139804547,-2.943203475993656
-0.17993825064169194,-2.9439091291437802
-0.18193703128730743,-2.9454405988476258
-0.18266539300290405,-2.948160486915281
-0.18210737707727348,-2.9491162025555533
-0.1825455267832475,-2.9509566773620945
-0.18031422322858387,-2.9550238463424616
-0.1786395445081558,-2.9565458855293225
-0.17697144420500546,-2.9580315557231125
-0.1722706178413846,-2.962103324949949
-0.16861472810719058,-2.9642270320035977
-0.16470208887021845,-2.965073602138338
-0.15920739483581564,-2.9667259941451376
-0.15345734422299243,-2.97023480547275
-0.1481197453004983,-2.9724255992315687
-0.1425250596587006,-2.9736029989664075
-0.1356832976611101,-2.9773563764571898
-0.12793781179325414,-2.981089869766179
-0.12069468058376416,-2.982967234665595
-0.1143543351513687,-2.9858190190354197
-0.10645407792689418,-2.989940684426478
-0.09853326862736472,-2.9923451746638703
-0.09110080702805563,-2.994346360398303
-0.08295124710759427,-2.996951839831878
-0.07414243125435367,-2.9986392467719205
-0.06512197308846543,-2.9995263605518376
-0.054859804085631764,-3.0000409004358355
-0.04520994866884359,-3.0010641038511956
-0.03380853105341889,-3.001281969065764
-0.02323500888128259,-3.000860206190618
-0.012860184073400154,-3.0015645500200105
-0.0009188802967290753,-3.001155669491705
0.009696645144266497,-2.9997973911948725
0.020281626907533885,-2.9995906745507432
0.03211583926299511,-2.9985643075027077
0.04209199283950927,-2.996695444950724
0.05109285757470051,-2.994756703064984
0.061408744462972197,-2.993666172189806
0.07128632090554746,-2.991830416275645
0.08058111554615821,-2.988961038151853
0.08986957992875728,-2.986674161822385
0.1002375691890646,-2.98504218940615
0.1112195697968967,-2.9820801796176255
0.1185780237359229,-2.9773189185178657
0.12725200949018511,-2.9744535334303643
0.1380554634433029,-2.9719651938131735
0.1452936301309667,-2.968007643360388
0.15299873532138691,-2.965494884763346
0.16245432127413856,-2.9636088532755274
0.16998059023239484,-2.960340453926467
0.17690507943029432,-2.957434673894797
0.1839710993908392,-2.954271897710235
0.19138422315990353,-2.9508204727960288
0.19815517033109475,-2.9470530915524478
0.2033515206811066,-2.9440547360766836
0.20915473984599783,-2.940599870654102
0.21397215368392,-2.9358727301021865
0.21716896149058487,-2.931892986839668
0.22150203249521072,-2.92771784799214
0.22574339925237072,-2.9222743173163654
0.2274562451487196,-2.91781364339129
0.2303376623014662,-2.914480711580737
0.23421803223974674,-2.911808463327297
0.2347425258311098,-2.9079497905647904
0.23523380206181282,-2.903991589179404
0.2356294618458651,-2.9007518319298202
0.23567548469749866,-2.8977585353675424
0.23410690372451273,-2.893145990547699
0.23010191736763033,-2.8892916135162054
0.22906526629423216,-2.88706819416694
0.2263858488082762,-2.883468894680977
0.21970695865081893,-2.8796949498298736
0.21596550868143782,-2.8769367751099835
0.21122966321329065,-2.873881549740134
0.20413513929261845,-2.871521645697564
0.19808524549160728,-2.8686923669565165
0.1916710499687967,-2.8659877806120884
0.18472422094272226,-2.8636550158237033
0.17719872211071167,-2.8608078295664043
0.16953504560887633,-2.858148976549339
0.16254560660155506,-2.855147885685403
0.15478165070412123,-2.8524390518027256
0.14605069221574163,-2.8493038528855705
0.14026927162920677,-2.8475629907269995
0.13198383640131944,-2.845379332626293
0.12252861621102411,-2.8421463303943515
0.11630969841252793,-2.8402864205706173
0.10862147382747929,-2.8383052037081904
0.09917317051276707,-2.8359163869414545
0.09179769311780708,-2.8335069512893516
0.08422635717276128,-2.8318132710367028
0.07579350604144094,-2.8304189795661667
0.06620136354698648,-2.827286575451197
0.058773113506321736,-2.826837840418779
0.05216410555560243,-2.8270892547744992
0.04240457595020438,-2.8251130405541502
0.03404383645281931,-2.8240071341839896
0.027504895851551137,-2.8234924608836027
0.019449607230809095,-2.823940449754152
0.010708662396089901,-2.8232786300846993
0.003672669241649234,-2.8219192141643648
-0.004156084703471954,-2.8226906372603313
-0.012497173231263486,-2.822882100529106
-0.02062096734437115,-2.8222204106859277
-0.02924183659161881,-2.8229746434054737
-0.03756693682173436,-2.8240353221672096
-0.04681213531117886,-2.823839245712886
-0.05520456863928706,-2.8244374266618615
-0.06315098868319811,-2.825775921942214
-0.07416038276894424,-2.8255924477352274
-0.08267737743246124,-2.8262194104030613
-0.09005760090792209,-2.8276937226252303
-0.10017890017460351,-2.828531011945588
-0.10743591119500762,-2.828813352439435
-0.11368703961776001,-2.8300507169781426
-0.12055313520479896,-2.8326275371389005
-0.12754685137430624,-2.8330383963774133
-0.13382298686915634,-2.8340835103046644
-0.13833913168217601,-2.8367326094219667
-0.1429646043097004,-2.8393087409447992
-0.14835006666744502,-2.8405381974697232
-0.15151317518425297,-2.8433420374390495
-0.1543702365139261,-2.847333135278214
-0.1581648751281438,-2.8504300216812135
-0.16038571640583357,-2.8527265807280364
-0.1622633307391895,-2.8567796251110398
-0.1648076637510422,-2.861855723652425
-0.1664203546771652,-2.8661768754405537
-0.16806535903085312,-2.8708593908970257
-0.16928685363315252,-2.8770707634751496
-0.1702330455525568,-2.8825180502148435
-0.17194202708054895,-2.8878938219620087
-0.1719391756467304,-2.895570275347072
-0.17326258031837236,-2.9011753749345823
-0.17464075459316122,-2.9063099488921478
-0.17333766074549853,-2.914063343741066
-0.17362584557163546,-2.9209650414836097
-0.1751438988955473,-2.927212940140207
-0.17475756281055305,-2.9344692875294442
-0.17446909156472792,-2.943563444248125
-0.17426208919957992,-2.9523430460445983
-0.17325326093177137,-2.959377462482225
-0.17124616019713332,-2.969332800402519
-0.1684759897345593,-2.9792889139494174
-0.16623785286389883,-2.9868527650703935
-0.16404837515252182,-2.995371225146046
-0.15973850417146654,-3.0046145157472948
-0.1558861254385804,-3.0123159956461953
-0.15375708969160454,-3.0182658130242737
-0.14889669787919416,-3.026192441683987
-0.14515855168467365,-3.03416434848422
-0.1414567913176499,-3.0406669568550777
-0.1370038991494636,-3.04772765782662
-0.13261631924232514,-3.0556971077718575
-0.12678355224284715,-3.0625227533733392
-0.12078896035887376,-3.068520376929112
-0.11559410605143632,-3.0754756876308744
-0.10889919495734386,-3.0824896918176425
-0.10223261250302229,-3.0882402074160504
-0.09560040460602623,-3.0948593726332714
-0.08875133661706913,-3.1013360834660033
-0.08298150383184721,-3.105995676037538
-0.07689164673858308,-3.110766114001964
-0.07064606299873165,-3.1170389923034203
-0.06475298916847225,-3.122493434407624
-0.05967587806344203,-3.125651401915928
-0.05458171502437945,-3.1296919666438914
-0.04931944831700284,-3.1349378961607877
-0.04299553266993878,-3.138357573342187
-0.039170097045276936,-3.139508359590235
-0.034989070537485976,-3.1430866475405717
-0.028399890896676605,-3.146529674046666
-0.024668473714803428,-3.1474981398789024
-0.02051730483628931,-3.149908159773546
-0.014454041268813762,-3.153575311700163
-0.009039752420199465,-3.156718090280594
-0.004479061386812577,-3.1582968135963654
0.00017238537417430935,-3.160476387348321
0.004357425347420576,-3.1628008370432004
0.008988927856481383,-3.1639698703310692
0.012481886687272247,-3.165176668230279
0.016240435036369544,-3.1668675935454313
0.02035638087015095,-3.166756375838222
0.023024315841855506,-3.16769747525223
0.026437560120622865,-3.169461964738913
0.03046635181613006,-3.1696986263628224
0.03244003858293228,-3.1698515662547546
0.0359735076976109,-3.170917462599723
0.04068943833208234,-3.1720511518111807
0.04315225852799009,-3.171883626580688
0.045343901131429096,-3.171566446179338
0.047561120736774015,-3.1723208066024733
0.049885580234578154,-3.1731453378181036
0.050770845740149534,-3.1729691052077342
0.0501421561834162,-3.173562250341054
0.05124759247589534,-3.1753211685467995
0.0519254215346427,-3.1769927671430773
0.049478022800232446,-3.178034470880304
0.04839310781016303,-3.179412961268716
0.047909401611059776,-3.180780967271914
0.04590879188526722,-3.1828920481585783
0.04398902359603456,-3.1844700578307723
