x,y
-2.4430774254108933,-0.7084967675774416
-2.4303340387385144,-0.7137225583628114
-2.4177286195667715,-0.7190588243136529
-2.405340711438152,-0.7243780984297253
-2.3933116467003592,-0.7292097206399673
-2.381552167388276,-0.7342773168231314
-2.369863631338306,-0.7393147077764594
-2.3587111011613833,-0.7436153097994516
-2.347925730965396,-0.7482465537051762
-2.337105756279597,-0.7527494916180528
-2.3267042800985185,-0.7565691130915493
-2.3167114629983185,-0.760761411801409
-2.306861819207316,-0.7647137906799034
-2.2974597807987753,-0.7678675001961314
-2.288417336871692,-0.7713510988006737
-2.279525778858295,-0.7746387339883333
-2.269519549592872,-0.778851437633934
-2.259895410256117,-0.783418284106641
-2.2497034929787114,-0.7886671540749568
-2.2392693599009172,-0.7936518553838042
-2.2296980987176687,-0.797918276835538
-2.220185198718611,-0.8022021635691134
-2.210506156727802,-0.8062694057476127
-2.201260110279511,-0.8091818817435004
-2.192246558121931,-0.8125569138594456
-2.1827404122577048,-0.8154274536528131
-2.1737693351672367,-0.8178256033232553
-2.164766918990343,-0.8201848397205546
-2.1553627210695363,-0.822526490100977
-2.146547066045606,-0.8241001981429756
-2.1378346665356367,-0.8257544207204924
-2.1288810431540286,-0.8274710507739002
-2.120592004686987,-0.8285038124411672
-2.112407831390652,-0.8296257321147047
-2.1023893344272735,-0.8325848000998481
-2.0927372335494825,-0.834945401654837
-2.083214305972376,-0.8374243279746812
-2.0739812046627346,-0.8396443793034599
-2.0645913340060815,-0.8417157800610205
-2.0554007985407385,-0.8439749157391302
-2.046515523715777,-0.8459610565254502
-2.038345000142079,-0.8467387984710354
-2.0301700857816183,-0.8475148673890868
-2.0220325783229893,-0.8487631495695601
-2.014111093903723,-0.8494687794852072
-2.0061593371142292,-0.8501455462891984
-1.998232615739152,-0.8511264352883807
-1.990487159757679,-0.8517576822762011
-1.9828216287532032,-0.8524761698929855
-1.975217141529731,-0.8534098609933104
-1.9676351664919658,-0.854349375121156
-1.960046242788942,-0.855284741564331
-1.9522063743964277,-0.8562718822570415
-1.9441566731847773,-0.857274965268955
-1.936171179555208,-0.858348482408469
-1.92793253934756,-0.8594294841297733
-1.919551262390028,-0.8604588571713152
-1.911307796359413,-0.8616355133669173
-1.901644375907554,-0.8643240181744463
-1.891900614034843,-0.8670818032016201
-1.8822037408289374,-0.8699037878687743
-1.8723557253177483,-0.8725785943567761
-1.8622502311161564,-0.8754808604415216
-1.8520266403249357,-0.878281477613637
-1.841684922729097,-0.8811349147670317
-1.8310839947291448,-0.8840632446807497
-1.8220865923795937,-0.885195011529809
-1.8129131712675461,-0.8864765896609599
-1.803644667405319,-0.8878829174295395
-1.7943597484691576,-0.8892891942130268
-1.784882665621552,-0.8908249757990825
-1.7757139479144728,-0.8926820963070496
-1.7663847571042781,-0.8944190186770777
-1.7574314677357563,-0.8966052196720534
-1.7486168223369483,-0.8986805705198494
-1.740007905227263,-0.9009683124158995
-1.7314832621787462,-0.9031807483624106
-1.7234863511773169,-0.9059210601162464
-1.7155219059805908,-0.908317633662009
-1.7074400444920097,-0.9110687100386179
-1.6997132359525324,-0.9141869269293003
-1.6909726492309332,-0.9184767582303858
-1.6820606101680249,-0.922600622681845
-1.6734236885362872,-0.9266855187958156
-1.6665494264882788,-0.9288003971159874
-1.6599375918555785,-0.9311690280071058
-1.6539125353169237,-0.9331567239797567
-1.6479735988417905,-0.9347955862357192
-1.642373547072839,-0.9367635506677181
-1.637413892439904,-0.9382738759650001
-1.6325368061041137,-0.9394829015168148
-1.6286084080798962,-0.9407541543493064
-1.6246859951781076,-0.9420322873740408
-1.621188372419638,-0.9429286912311103
-1.618107994125749,-0.9442318610289759
-1.615185163630124,-0.9456982922881187
-1.6126618171307059,-0.9468057401358597
-1.610543302843369,-0.948308117481276
-1.6086135584728452,-0.9500058630081504
-1.6070617385551853,-0.9513641866211733
-1.6059843949071835,-0.9531854021762413
-1.6053299432996677,-0.9554429420582043
-1.6053215966203926,-0.9571207602893221
-1.606345541240212,-0.9598181724759757
-1.6072744856909233,-0.9626797807312724
-1.6089623898211323,-0.9648615684012247
-1.6108076532531057,-0.9672003123973777
-1.6133409977656226,-0.9702097976126739
-1.6176541517259009,-0.9713157285034962
-1.6220378532497695,-0.9724201626156864
-1.6269865170746263,-0.9740736671340511
-1.6322516724803577,-0.9755921719170264
-1.6376526374602147,-0.9771311916974585
-1.6436623468566671,-0.9792683381052172
-1.649847440416061,-0.9814224887411639
-1.6562099203435976,-0.9837521368231317
-1.662993046036371,-0.9863396578365108
-1.669975004083923,-0.9887990092703784
-1.677065121366741,-0.9913675527438119
-1.684425105673925,-0.9940867117696076
-1.691985082484898,-0.9968809509138364
-1.699672940799615,-0.9998045405060974
-1.70759677423744,-1.002787750655667
-1.715748365598178,-1.0059254851071762
-1.723984546202727,-1.0091476722556774
-1.7324795951541878,-1.0124424744206741
-1.742231646214496,-1.0143547005727314
-1.7520003232280685,-1.0162687610597858
-1.762288130858574,-1.0186925872491583
-1.772988512597165,-1.0207553957394238
-1.7837491167316843,-1.0228595293256515
-1.7958632333841984,-1.0238051318201076
-1.8082876901999572,-1.024899469396119
-1.8208263389853934,-1.0264147586885695
-1.8336625563290432,-1.0282330180775203
-1.8463518474727132,-1.0299706599785137
-1.8587071482291435,-1.0323441073411646
-1.8714877819048041,-1.0351548662511296
-1.8839654788407063,-1.0378243773396767
-1.8960313498881023,-1.0411871715758902
-1.908451561512524,-1.0449154331755712
-1.9199962539500173,-1.0488503277021042
-1.9318032675912284,-1.0530485355776116
-1.9432574900893385,-1.0575611944856875
-1.9546693661454275,-1.0620463624341419
-1.9659199837515025,-1.0663597412741046
-1.9767232701357347,-1.0710695020866023
-1.9873302235379158,-1.0755981275483073
-1.9975850760196487,-1.0797660863074403
-2.0072356672878993,-1.0844667395763028
-2.0171496090201604,-1.087807336383953
-2.0267477905424096,-1.0908186277784133
-2.0358198112351404,-1.0942518615194436
-2.043776877033571,-1.096880307980355
-2.0518407079995677,-1.0993569939648278
-2.059187659882601,-1.1023263683568623
-2.0662385614271392,-1.1054363318993983
-2.072489831635238,-1.1077696808148338
-2.078300856457575,-1.1103959156567027
-2.0838583092133973,-1.1131832705590732
-2.0888574785610983,-1.1154260919349297
-2.093571458417709,-1.1178444626826385
-2.098028487274873,-1.1203485042229804
-2.1021269101786126,-1.1225020581687055
-2.10606905309542,-1.1247068998934944
-2.1098549525470567,-1.1267570439616876
-2.1133503356244927,-1.1289030697886748
-2.11688772061123,-1.1310898967792484
-2.120323710832131,-1.1331711600499748
-2.1235513815432046,-1.1354325746974283
-2.1266820362842638,-1.1376010084483297
-2.1296153518680985,-1.139563351270475
-2.1325902938400874,-1.1414092703027043
-2.1354019886962834,-1.1430986454541354
-2.1381784350680744,-1.1447516235116377
-2.1406245034587825,-1.1466910411339601
-2.141882373372182,-1.1498566447962641
-2.143011905736173,-1.1529031700161823
-2.1438232586846686,-1.1559387980531382
-2.1444339387845677,-1.159065562528533
-2.1448390680665055,-1.1619975435933492
-2.1449385541624366,-1.1648794015879824
-2.145085871702722,-1.1679611864683885
-2.1447924297888594,-1.170910500627448
-2.1443092641842743,-1.1736601157639268
-2.143918701799482,-1.1764312874892926
-2.1431653018194092,-1.1791846862775253
-2.1422279412677594,-1.1817443703964183
-2.1414285633756065,-1.1842809492901885
-2.1403116524483146,-1.186770722265268
-2.13900614903097,-1.1890619988633697
-2.137869671801895,-1.1913307754515938
-2.1363974271172905,-1.1932812049192099
-2.1351058878808433,-1.1951154460158444
-2.1336731729967373,-1.1967973887546455
-2.1318039416576626,-1.1989120540111924
-2.130063886249747,-1.2009141822823468
-2.128313713959669,-1.2029046274990978
-2.126703532666196,-1.2050289459229928
-2.1253534093029534,-1.2069268187857967
-2.1232252722215916,-1.2096738395810833
-2.12116090652505,-1.2124762938595832
-2.1190058335904634,-1.2151274023463752
-2.116978449499779,-1.217615250335245
-2.1148623708185177,-1.2200100158767013
-2.1127716844453315,-1.2225161166903378
-2.1107696623920806,-1.2246806984424183
-2.1087472447927045,-1.2268234920438246
-2.1066283701125648,-1.22914022198003
-2.104508328287067,-1.2310515088032172
-2.1023363224948386,-1.2329081621208366
-2.100039945374577,-1.2349443820496142
-2.0976941095781614,-1.2365966199577416
-2.095319141470618,-1.238217968665546
-2.09283408315476,-1.2398517494887968
-2.0902239093219173,-1.2413682293778165
-2.08771132661694,-1.2427517959151788
-2.085009632319069,-1.2441759468237752
-2.081106484278452,-1.246937177695018
-2.0772757917244675,-1.2495000409700725
-2.0733746918869618,-1.2519922504215772
-2.0694417160322827,-1.2546178283176046
-2.0653598552750143,-1.2574295056624893
-2.06111569689707,-1.2603270769630897
-2.0568513837562548,-1.2632033565440373
-2.052683354259676,-1.265747862849249
-2.048462955467386,-1.268461336537224
-2.0442342380311884,-1.2711658498843337
-2.040077818947309,-1.2736334776067877
-2.035914691229962,-1.2761889970040148
-2.0317352954005514,-1.278727386916411
-2.027681357620523,-1.281129957873518
-2.0235360275524195,-1.2833706783504024
-2.0196041203973656,-1.2855306854039983
-2.0155998739737644,-1.2876151595055714
-2.0116274939781973,-1.289569231443978
-2.007883724480645,-1.2914171370590086
-2.004114851699404,-1.293172488361287
-2.0003391426314243,-1.294924086321327
-1.9968071532295792,-1.296463426473387
-1.9933121731261159,-1.2980365197131354
-1.9889496504127002,-1.3004659764264273
-1.9845596789635405,-1.30284311026517
-1.980301890597973,-1.3050636990994795
-1.97603957860065,-1.3072807016523291
-1.9719884125828473,-1.308831214023537
-1.9681156982234254,-1.31022603067415
-1.9639997783910523,-1.311378714037737
-1.9597487898555503,-1.3123955900625852
-1.9555048542956208,-1.3134059810953544
-1.9510730761656785,-1.3142351315981455
-1.9464455393525457,-1.3148703266141932
-1.941851893637769,-1.3157455483296017
-1.9371148773713056,-1.316481337081518
-1.932347214368458,-1.317186002073731
-1.927604108290634,-1.3178689901541796
-1.9229014289985569,-1.3185918456759949
-1.9180650891698847,-1.3191777694515692
-1.9134563538035227,-1.3195647125399759
-1.9089863807776313,-1.3200877353161795
-1.9043999523209416,-1.320491767964076
-1.9001202521107725,-1.3206274945893945
-1.8957209264618957,-1.3206368314198822
-1.8914833876917052,-1.3207006709915035
-1.8870753114326464,-1.3206216248666338
-1.8826359624492752,-1.320512940362621
-1.878196975352872,-1.320451503252762
-1.8737730788277487,-1.3201763612080268
-1.8703884411349403,-1.3183848163879
-1.8671220304351026,-1.3166249416633047
-1.8638035577478878,-1.3148118785346725
-1.8603988715754882,-1.312753646276492
-1.8570361402258682,-1.3106804650159654
-1.8536715785590796,-1.3083555778914533
-1.8501471006253325,-1.3058729102574032
-1.846825711518308,-1.3034601509763923
-1.8435783514320638,-1.3008973729969824
-1.8401734877916336,-1.2981782543266858
-1.8370011673511928,-1.2954288034168868
-1.8338504332187782,-1.2926042773496274
-1.8306920217406413,-1.289770961940508
-1.827655472741656,-1.286856369228742
-1.8245421507047244,-1.2839316698013057
-1.8214306956849884,-1.281006240305108
-1.8184651869125705,-1.277932045031858
-1.8154127079425608,-1.2749346227779463
-1.8123695854557276,-1.2719440695319162
-1.8094178227138156,-1.268794897023689
-1.806651268487466,-1.2653316265714527
-1.8039536172865345,-1.262126347880063
-1.8011510269175044,-1.2588169833079217
-1.7992778767965834,-1.2544772420520263
-1.79762218987672,-1.2503517370090138
-1.795810489562246,-1.246358956590156
-1.7940298385414322,-1.2422589195002511
-1.7925213604282229,-1.2384339964869346
-1.7908576394613867,-1.2346706555292513
-1.7893900621892034,-1.2309916506471057
-1.787954667600965,-1.227347944129624
-1.7865420457176804,-1.2236633581186567
-1.7852744366842876,-1.2202400903824495
-1.7841018297380007,-1.2169147349293876
-1.7829712063480172,-1.2135516857857729
-1.7820313688622718,-1.2103757305236122
-1.7811972852352813,-1.2073093411017557
-1.780364872314207,-1.204240878316909
-1.7797235450964461,-1.2013631893084524
-1.779262771623499,-1.198674005648985
-1.7786415103617612,-1.1961260237223361
-1.7781340324649606,-1.1936906420698223
-1.7781253088353393,-1.1912705162763482
-1.7779875078246714,-1.1890043608207674
-1.7782603295303652,-1.187152587877851
-1.7784423007685186,-1.18538093210777
-1.7790461036440057,-1.1836649623120603
-1.7799661999766405,-1.1822630484720897
-1.7808239314327599,-1.1809161792760607
-1.7817818604933051,-1.1796725411547757
-1.7830350605636756,-1.1787245173118663
-1.784100362533963,-1.177942380390554
-1.7851238241815057,-1.1771237594787565
-1.78644082227542,-1.1765979470601382
-1.787723884576011,-1.1761020786489407
-1.7890862275581634,-1.175690636687624
-1.79072308666777,-1.1755548029597431
-1.7923118928603774,-1.1754613245247556
-1.7939419546782698,-1.1754105338566452
-1.795826115428765,-1.1756155062903264
-1.7976304318558534,-1.1758908289245649
-1.799490060842727,-1.1762217497315015
-1.8014848041199356,-1.1766929366542838
-1.8035042821273592,-1.1771421207109674
-1.805668821599554,-1.1777350494882233
-1.8080141416257163,-1.1785172781056423
-1.8104387672479147,-1.1791686467276161
-1.8129624616990487,-1.179730507658452
-1.8156038479003802,-1.180407350044527
-1.8182591932953327,-1.181418813643452
-1.820862640182312,-1.1825353582991545
-1.8235336517560978,-1.1837179207591988
-1.8262989027793952,-1.1849976793829051
-1.8292331361461123,-1.1861281411681395
-1.832228433867352,-1.1873171136998997
-1.8355260530881923,-1.1882430250643023
-1.8386694696348536,-1.1891517025449634
-1.841880558793977,-1.1901264610000504
-1.8452650328754217,-1.1910226389151317
-1.848393767647052,-1.1917658706198233
-1.8514074978561712,-1.1923971863279976
-1.8544568454385641,-1.1930170270287517
-1.8573641046982539,-1.1933670028891872
-1.8600273274553627,-1.1934769235810812
-1.8626604548651602,-1.1936132185012887
-1.8651587744161178,-1.193610626620467
-1.8675099266037236,-1.1934648470901714
-1.8696990605132902,-1.1934614466248932
-1.8717395630315352,-1.1933048719519923
-1.8742620225850353,-1.192746221985724
-1.8767109164240459,-1.191972926627316
-1.8790283860034684,-1.1912514900427529
-1.8810851441606309,-1.1907573562233598
-1.882909304012681,-1.1900264065381918
-1.8845175498480622,-1.189373368024979
-1.8862042710901878,-1.1887407212842205
-1.8876066535943181,-1.1878317665973068
-1.8887361017046673,-1.1869667608397152
-1.8899783559730172,-1.1860525990397848
-1.8910302981526355,-1.184953644342929
-1.8917458732954568,-1.1838780194233087
-1.8926296991578997,-1.1827033908330677
-1.8934125579115644,-1.18143086017097
-1.8939401583702526,-1.1801534021719644
-1.8945047410294247,-1.178904697737569
-1.8949485195065607,-1.1775388267827736
-1.8952403304694714,-1.1760949755079106
-1.895318134650633,-1.1744835476358355
-1.8955373301584089,-1.1727569943637186
-1.8956162457970407,-1.1708853574028695
-1.8958590368498183,-1.1688757176588795
-1.8969364152062578,-1.1658576112330876
-1.8977383804441326,-1.162553747300267
-1.8986818570734953,-1.1591258213319737
-1.8994764210522213,-1.1555512045837946
-1.9002722411698953,-1.151580817216241
-1.90076475047359,-1.1478091511897022
-1.9014801334154796,-1.1438416079199227
-1.9021936631894745,-1.1398725715398044
-1.9026402208896265,-1.135627389924759
-1.903238140589484,-1.13124908381997
-1.903909386093809,-1.1269420037396434
-1.9044123083852025,-1.1224606209123813
-1.9051186451775979,-1.1178000576791571
-1.9058960420366526,-1.1132097306763602
-1.9061786685053124,-1.1086836832565907
-1.906970473747223,-1.1038613874932683
-1.9079307013075137,-1.0992019786460245
-1.9085777510269564,-1.0944760780567544
-1.9098803133047764,-1.0895497615656544
-1.911696596272885,-1.0851200333760516
-1.913349281128002,-1.0805683152975882
-1.9156414100687027,-1.075847298076971
-1.9191191282349283,-1.070882342409021
-1.922586545515562,-1.0657763731619672
-1.926468879721717,-1.0605235202984957
-1.9307291962311897,-1.0556343792664076
-1.9351070519633415,-1.0505143769273784
-1.939685760171221,-1.0453313976079754
-1.94391959569525,-1.0406766186921235
-1.948298155213699,-1.0361587100362144
-1.9528093691804387,-1.0315235361947717
-1.957397116359346,-1.0269623112141666
-1.9621735310146262,-1.0225780365598993
-1.9670343663258847,-1.0181191893358807
-1.971759996005362,-1.0135237522947973
-1.9766903333475345,-1.009121612509409
-1.9817180381228638,-1.0046335012380723
-1.986642422389041,-1.0000409553866239
-1.9918045249555587,-0.9956773139068693
-1.997063886753761,-0.9912278740735679
-2.002248770357111,-0.9867064498925922
-2.0075844487552446,-0.9824715393130464
-2.013005883475552,-0.9780604719159163
-2.018341607351663,-0.9735610413599923
-2.0238048115045713,-0.9692744215713638
-2.029920947598975,-0.9641800354939171
-2.036293486058679,-0.9593335641874975
-2.0424028237780036,-0.9544852067349963
-2.0484358601473445,-0.9496936164679048
-2.054248309678198,-0.9450974652552118
-2.0590662570218243,-0.9413455244176326
-2.063873272582218,-0.9378355291867466
-2.068411442439783,-0.9345778445235368
-2.072804743169542,-0.9311838473286839
-2.076669614043065,-0.928195879119376
-2.0806712697729077,-0.9253504832589876
-2.084152694417012,-0.9226082886985171
-2.0871925391195822,-0.9199286630524351
-2.0904078563841053,-0.9174333155815471
-2.0931611129127607,-0.9151153039814333
-2.0955197918173454,-0.9125616299273376
-2.098001899474251,-0.9101379631308754
-2.0998162063548307,-0.9079945446599166
-2.10127036591534,-0.905591823526335
-2.1029073830879015,-0.90338236023163
-2.1039777440734224,-0.9014318878063917
-2.1047731449104847,-0.8991424399829985
-2.105707885136245,-0.8970005814892896
-2.1061612749212215,-0.8952529299633892
-2.106240884851398,-0.8932078406782799
-2.106468734720802,-0.891319823389279
-2.106164250627704,-0.8897303073024769
-2.104863626078376,-0.888616250247135
-2.103681247390319,-0.8876271037819993
-2.1021565239586235,-0.8868689676983001
-2.1004671346123565,-0.8861556976481535
-2.0989612496015635,-0.8853822373453447
-2.0973137080495077,-0.884733938958963
-2.0958608983948492,-0.8837730418797609
-2.0943003262867337,-0.8826981314495551
-2.0932580240323695,-0.8815031688143266
-2.092015785747872,-0.880101489429018
-2.0911933733682972,-0.8783867017652505
-2.090559486970215,-0.8767135332051921
-2.0898433641640226,-0.8749441864077279
-2.089495085577061,-0.8728736184341621
-2.0893519772298483,-0.8708598678371099
-2.0895082682152206,-0.868671125526876
-2.0894819329443513,-0.8662895769874303
-2.089897203811312,-0.8635176075340906
-2.090475859463059,-0.8608954886106487
-2.090922651378826,-0.8579808983585253
-2.0916896080887852,-0.854883858422101
-2.092697108237288,-0.8520156697624132
-2.093568891773519,-0.8489044645746211
-2.0940931241168124,-0.8462625735138832
-2.094679640146742,-0.8436730213319649
-2.095188847925337,-0.8409876068531178
-2.0960012423257175,-0.8380333676795774
-2.096848423107876,-0.8351110945722363
-2.097511392676631,-0.8319779142778578
-2.098517946592404,-0.8285398169620903
-2.099346123926562,-0.8249302004142179
-2.099936176282629,-0.8210462612594318
-2.1008883012261736,-0.8168404643187818
-2.1015104533623616,-0.8123120314509524
-2.101892920075824,-0.8075061961415289
-2.1024115996087898,-0.8025778945064983
-2.102431668107952,-0.7971654020748227
-2.1022845856959727,-0.7915594070673431
-2.1019581129249416,-0.7861102413828627
-2.101184572336323,-0.7802325331355044
-2.100838959006945,-0.7735764921250706
-2.100342737661189,-0.7670517585843449
-2.0994983107156293,-0.760196154018747
-2.0984975905900636,-0.7531574177152827
-2.097411179220355,-0.7461921113886195
-2.0957853633503905,-0.7386857753429786
-2.094187206859938,-0.7311827483690669
-2.0924519268185877,-0.7234709495840275
-2.0904091636210254,-0.7154648261940195
-2.088231601685164,-0.7077478552548505
-2.086018813024304,-0.699938613541809
-2.083429807465375,-0.6917669173890982
-2.0806615157163715,-0.68382399886934
-2.077822465065845,-0.6756040271524447
-2.0745730832418565,-0.6672370709582804
-2.0712336522426984,-0.6589479667691336
-2.0676312714002183,-0.6509106866477544
-2.0639741408162346,-0.6428347597629837
-2.0596103439870372,-0.6350495834587978
-2.055347951407751,-0.6273720684271068
-2.0505283366500002,-0.6198878439842709
-2.045467152678675,-0.612409860319376
-2.0406597468276213,-0.6052024511781753
-2.0355236508219745,-0.5982827127669174
-2.0300823829883896,-0.5910749372253148
-2.0242308397825894,-0.5842850785234084
-2.018747070487879,-0.5778876545708926
-2.0128627523002973,-0.5717439283309063
-2.0067848654082434,-0.5655679108799002
-2.0010640957241286,-0.5597729311531541
-1.9951515972777873,-0.5542924599999435
-1.9890515571787968,-0.548641099349035
-1.9832817859823024,-0.5433419985874203
-1.9773215494227723,-0.5384055794306132
-1.971328766580521,-0.533273938138516
-1.9655957127864978,-0.5284191353146115
-1.959815651892058,-0.5239455819712567
-1.9540991562585446,-0.519346587468136
-1.9488028629079905,-0.5151954466361469
-1.9434250909548991,-0.5111200666299406
-1.9385040111920377,-0.5074889633144585
-1.9340164728263673,-0.504320489860533
-1.9297570806513136,-0.501521358169308
-1.925742801670557,-0.49898487966156063
-1.922201537229485,-0.4977437538410013
-1.9189119435644248,-0.4962760610588294
-1.9164856580838754,-0.49565426237727156
-1.9146165533077546,-0.49565522512177856
-1.9131050936657559,-0.4955225803126056
-1.9122975212827014,-0.49608845221136366
-1.9111919195428047,-0.4976197609033342
-1.9104827927772123,-0.4991645650729181
-1.910388086565005,-0.5013205387533799
-1.910590628375779,-0.5037783879703754
-1.9110322548784788,-0.5063823077938401
-1.9123364856018337,-0.5098690900971621
-1.9136215295922363,-0.513372184857466
-1.9152823487560684,-0.5172494969584777
-1.9175276879446357,-0.5217135081197346
-1.9200599225772883,-0.5259167555273887
-1.9228254903595419,-0.5303475812987273
-1.9261970255639806,-0.5353835701003621
-1.9297241534870286,-0.5402774962520063
-1.9335107004677696,-0.5454200986302273
-1.9378243462056126,-0.5510891354653518
-1.9421888805699483,-0.5567106778533848
-1.9468944514832156,-0.5619544674634833
-1.951909199589269,-0.5674904618329583
-1.9572377191454502,-0.5730631657971595
-1.9627253430159892,-0.5786002003650454
-1.9686557242770262,-0.5845558710326748
-1.974884311615557,-0.5905804067113576
-1.9811321777081556,-0.5964291300585561
-1.9875580460068825,-0.6025045698454506
-1.9942852261909183,-0.6088801529737865
-2.0012541469950937,-0.6150374737988652
-2.008054951790144,-0.6210094440555661
-2.015005808497449,-0.6271343908443615
-2.0220658601649935,-0.6331606784236258
-2.0290414088103943,-0.6390900434845098
-2.035930692429094,-0.6449366999169415
-2.042843727242868,-0.6507615664257353
-2.0495872861066173,-0.656398391359869
-2.056237715083715,-0.6619297375939752
-2.062706859055734,-0.6674423755622807
-2.0691524427998003,-0.6729264526670896
-2.0753924130358694,-0.6782584200896487
-2.081439154980297,-0.6835811030764237
-2.087353493408556,-0.6887676318615201
-2.093870998596542,-0.6932412460850107
-2.1000585023899054,-0.6974731659852549
-2.1061739436338707,-0.7016278386256948
-2.1119199979760177,-0.7054163785367079
-2.1176738382076357,-0.7091970293225609
-2.123347303920069,-0.7121034518162289
-2.1289161726775867,-0.7151386863786087
-2.134081765712297,-0.7176887018115066
-2.1388750053262484,-0.7198126947987233
-2.1435595310998403,-0.7218342214826462
-2.1480770456648166,-0.7234604937734714
-2.1525644143328977,-0.7249840066117953
-2.156784754608395,-0.7262555325553235
-2.1607559453771397,-0.7272492600324965
-2.1646827867540877,-0.7282101325504533
-2.1683894176036063,-0.7289632804383137
-2.1717536685969834,-0.7294699015831771
-2.1751224150484765,-0.7299664331941703
-2.178225887553634,-0.7302127691858293
-2.180855700864683,-0.7303184935146658
-2.183478498947618,-0.730537854286808
-2.1858300959645627,-0.730638239488152
-2.1878423618830913,-0.7303762901857926
-2.190496152278354,-0.7293998667515353
-2.192974572818725,-0.7281565710606853
-2.195229340535778,-0.7266731777983074
-2.197423478226554,-0.7250522572700029
-2.1993887552277216,-0.7237181983230759
-2.201227182859438,-0.7222647193873232
-2.202737634828044,-0.7204606110356346
-2.2040278408426155,-0.7188517130670992
-2.204795854956546,-0.7167509572088605
-2.2051579818677487,-0.7142161230551338
-2.2052855971701537,-0.711889274272794
-2.2045334124524367,-0.7086951758658854
-2.203440397638735,-0.7055558953249014
-2.2019855154848478,-0.7021384075100157
-2.2000571179321526,-0.6982751860964603
-2.1976487206110003,-0.6946583431229824
-2.194974318033097,-0.6908127610810231
-2.1916704807057097,-0.6863747468627536
-2.1880243637349803,-0.6822608489886309
-2.1841858229613824,-0.6779818302595527
-2.179796291363179,-0.6731962312477681
-2.174921098280485,-0.6685723116013131
-2.1697242457857375,-0.6636574337481667
-2.164337318563733,-0.6589000654726013
-2.1586157496858664,-0.6542971247500722
-2.152561627462053,-0.6493927857816295
-2.1464821337773166,-0.644455576298632
-2.139415698649547,-0.6405753409567863
-2.131928685390279,-0.6362154319289496
-2.1244733214283777,-0.6318883345319557
-2.1169570730647234,-0.6277451476980068
-2.108984810661773,-0.6231554951708747
-2.1009582749424136,-0.6185065095513169
-2.092920883471674,-0.6138343196420627
-2.084582769334566,-0.6089513045546419
-2.076223818527063,-0.6040446126303444
-2.0681493721842865,-0.5988967492650406
-2.0598839754285727,-0.5937711070490087
-2.0515220564702323,-0.588541098400127
-2.043593583917715,-0.5830432598195704
-2.0356079908422835,-0.5775023220935516
-2.027482108188489,-0.571810682764269
-2.0199372272860097,-0.5656413627237996
-2.012503927412957,-0.559466274463201
-2.004805381720902,-0.5530076126365643
-1.997798985116559,-0.5460220590484485
-1.9906335234778776,-0.5392565989057188
-1.983513393671584,-0.5325270157214124
-1.976178599099373,-0.5254201358270074
-1.9696015296013234,-0.5177663727560212
-1.962228264718602,-0.510539470023577
-1.954908012650107,-0.5034639371658234
-1.9481446155510538,-0.4958627735021123
-1.9413673146801524,-0.4882467268525477
-1.934671942481621,-0.4809012767271193
-1.9285905619506285,-0.47296955075012476
-1.9226570600398456,-0.4651954526896478
-1.917142380208342,-0.4576062440951312
-1.9124916907532825,-0.44966885355706687
-1.9080768763280072,-0.44198260054648303
-1.904165508689178,-0.4345261762097894
-1.9014952029368646,-0.42721599485800243
-1.8989403337833728,-0.41961030589877774
-1.8970549464261452,-0.4126725800527396
-1.896134913558785,-0.40561763515980925
-1.8956144294111912,-0.3982299696562069
-1.8956835166699209,-0.39142486937615745
-1.8967421066923873,-0.3847577017689138
-1.8982473206215265,-0.37787512276816404
-1.9002537567318463,-0.37148187227748786
-1.9031730572756065,-0.36531596315069503
-1.90707900376193,-0.35842889693327284
-1.9115192239813115,-0.35205328843164135
-1.9165230350920563,-0.3456567440665682
-1.9220171798443928,-0.33921883439407297
-1.9279945374631358,-0.33312188875733695
-1.93428870678094,-0.3273232804285041
-1.9410856502925549,-0.3215431687588791
-1.9483006568359824,-0.3162425763750361
-1.9557894136781566,-0.3111953580183837
-1.9635571737913735,-0.30617723672547187
-1.9715894195407837,-0.30178079579735634
-1.9798749908452127,-0.2976266021910571
-1.988485738588264,-0.2938263776913909
-1.9970031373930723,-0.29060086523733547
-2.0057009706279065,-0.287556203406641
-2.014403194502138,-0.2850607660413888
-2.022880517993964,-0.2829276170769664
-2.031499182532133,-0.2809447553711067
-2.039997937745417,-0.2795625813592538
-2.0483667921886437,-0.2784011315080868
-2.05715168542048,-0.27768450802233363
-2.0652522874932204,-0.277362084299751
-2.074851306647006,-0.27527845805541584
-2.084585818094836,-0.27361563595012006
-2.0938412889795712,-0.2727231116737942
-2.10339358090079,-0.2713972376811549
-2.112717548617497,-0.27009364890224535
-2.122493682889579,-0.26927954893222933
-2.1315338897844485,-0.26906598452363795
-2.1406867654586805,-0.2691731119576646
-2.1498162584316343,-0.2692722574498364
-2.1582485430752985,-0.26978764385959175
-2.1667410801601914,-0.27047101718074984
-2.1750933988413657,-0.27103332350929116
-2.1828234534963245,-0.27219764505638006
-2.1906308422009233,-0.2733295053690518
-2.1981885023147454,-0.2742416300463524
-2.205139941591464,-0.27576777273137876
-2.2122864371462483,-0.2771180757651773
-2.2190158214518596,-0.27807787356951486
-2.2252966990943595,-0.2796945147636497
-2.231748593754687,-0.28100246883386126
-2.2380094476165144,-0.28213488111593277
-2.2435943251864185,-0.2836584483813087
-2.249312023830852,-0.2850265527130101
-2.254740029175451,-0.28612806914923167
-2.2607140048077534,-0.2865208144696329
-2.2665307842931286,-0.28674412904650853
-2.2721655736214736,-0.2865220422098072
-2.2774323078977106,-0.2865917970219857
-2.2821138408344073,-0.28713878385207764
-2.2867619946437943,-0.28747422733911693
-2.290982527280618,-0.28762518711467433
-2.2949328965043607,-0.2874821138198597
-2.2989110187632167,-0.2873128537953544
-2.302658512026859,-0.2869323401990061
-2.306228496784314,-0.2863590681652288
-2.30983080041031,-0.2857557907906195
-2.313196000803402,-0.28493542290656154
-2.3164806165092915,-0.28402840963102793
-2.3199839793631454,-0.2829239580297395
-2.323343905243944,-0.2816899172392381
-2.3262884760086218,-0.2800186894109517
-2.329620962914664,-0.2779983804502985
-2.3329974990574285,-0.2760343288393754
-2.3360845906038796,-0.2737574221638549
-2.339434589845718,-0.2712440257672239
-2.342886332296603,-0.26883842806480723
-2.3461654497737654,-0.2662325967718071
-2.349721591642237,-0.26337766075888164
-2.3535820574021606,-0.2596781159837845
-2.357556642538174,-0.25608318258228857
-2.360225022353259,-0.25438683285183084
-2.3630559270186913,-0.2525443365935367
-2.3657403781452353,-0.2505410779712335
-2.3686697603185514,-0.24876293115060058
-2.371695747168279,-0.24689792533550303
-2.3749003802049393,-0.24522973187588165
-2.378213412442943,-0.2437926458188267
-2.382040067119656,-0.24272127888991638
-2.3856774327488326,-0.24164932340633816
-2.389686842240529,-0.24091884183559908
-2.3941469872972663,-0.24058259035402044
-2.39841694503441,-0.24031571114750486
-2.4030017358482003,-0.24033771839180937
-2.407914349716239,-0.24083980506128855
-2.4126409809832965,-0.24138198373385242
-2.417675053782038,-0.24220618244155126
-2.4228593845786266,-0.24358854778679434
-2.4279353345881556,-0.24513589456127366
-2.433209898910257,-0.2468655449620517
-2.4387170553415296,-0.24935187031545966
-2.4438891574609056,-0.2518120342099613
-2.4496929426643863,-0.25487117431413475
-2.455834715928031,-0.2586075749521794
-2.462335834641451,-0.2617947752980009
-2.4675906617262324,-0.2663222743162281
-2.473703262171683,-0.2716456736723718
-2.480247955205109,-0.2777537024496223
-2.4864509277994316,-0.2842017657448705
-2.493470468010592,-0.2914118823992825
-2.5009165026361924,-0.29927082566020585
-2.508130211664788,-0.30737262722268266
-2.5159582842031374,-0.31615316048190334
-2.524153063248012,-0.3254261037870056
-2.532245995356749,-0.33474974793393436
-2.540475949629662,-0.34422465046121153
-2.5491190461930864,-0.3540417948049972
-2.5578581684625794,-0.36377981207702054
-2.56657568384522,-0.37349393451413265
-2.5756203767450714,-0.3835239403151419
-2.584938212781216,-0.39329596701829916
-2.594226823711798,-0.40301796949852514
-2.6037846680864587,-0.4130244294205767
-2.6136606142172853,-0.4225895504173126
-2.6233552513734755,-0.4319513261539274
-2.6333902579596185,-0.44152797857654524
-2.64380860425141,-0.45062548041369266
-2.653902101437586,-0.45937727260438105
-2.6642503440623417,-0.46781095047398435
-2.6742313836752523,-0.47698535143311044
-2.6846300873334514,-0.48581433159962517
-2.694447901468354,-0.49404141420521946
-2.704239031423716,-0.5022847947766128
-2.71434304358476,-0.5102188208997276
-2.723750757213648,-0.5174195847527576
-2.73305958266776,-0.5244708918558508
-2.742230072251641,-0.5310355007366676
-2.7508524606039853,-0.5368760134098584
-2.758813257006977,-0.5420330301261671
-2.7664556902808792,-0.5468103583431462
-2.7734118091867046,-0.5509589841012059
-2.779791110033993,-0.5544683186078284
-2.7861133830093916,-0.5580292697113836
-2.7915255149069944,-0.5607568607564172
-2.796493054737604,-0.5629914740885431
-2.801447606580926,-0.5652385450847301
-2.805596836617987,-0.5667484428168011
-2.8092946388518727,-0.5677576670395255
-2.813039812140776,-0.5687262591726642
-2.815952707912649,-0.5689332522065852
-2.818121777199067,-0.5688654967970646
-2.8191223233003964,-0.570203882675862
-2.8194947855578874,-0.570949319785383
-2.8186265751218604,-0.5704666507499491
-2.817040943411604,-0.5707322217804609
-2.8156184326111666,-0.5706256479771448
-2.8126051957188447,-0.569064299901215
-2.808872248628037,-0.5669866924737403
-2.805281645494163,-0.5643438613609544
-2.8003320497162076,-0.5604579307826764
-2.7949147956632174,-0.5559694093158821
-2.7893343547797897,-0.5507950482899597
-2.782908215185479,-0.5444899114448443
-2.7756864514125907,-0.5373925639680197
-2.7685417861398616,-0.5302242655771227
-2.760664544290714,-0.5223475704496469
-2.752142988000689,-0.513834538871754
-2.7433634305245747,-0.5055437188925799
-2.734008488703722,-0.4967188106374826
-2.724143484719561,-0.4873951663259602
-2.7138501741166388,-0.47844452986453084
-2.7031516215148006,-0.4691466428981968
-2.692025052208143,-0.45943172456138254
-2.6792578190560787,-0.4514940922459168
-2.666592526598376,-0.44385508602176255
-2.6531915078772745,-0.4355433039896365
-2.63924366139906,-0.4275342937037459
-2.625463203522616,-0.4198850346330063
-2.611056945538406,-0.41237576698127554
-2.596390229409634,-0.4046083253261632
-2.581210534929488,-0.3972944659691353
-2.5661007828499174,-0.39011434655319543
-2.5509508774463248,-0.3828885971959554
-2.535464909564042,-0.3759624493825076
-2.5202254919686964,-0.3693560515689413
-2.5050715071554213,-0.36281800511418444
-2.489946612537335,-0.3562567371170256
-2.475196401410121,-0.3501271539863626
-2.4605553392149657,-0.3440692257114501
-2.4466031646668385,-0.33807530476860376
-2.4331261212222035,-0.3325169497257849
-2.4196179552713084,-0.3269232573380709
-2.4067108423323744,-0.32079388596286035
-2.394075160271939,-0.3148614384940125
-2.381592474255252,-0.3090818032811091
-2.3697460296250514,-0.3027316672373974
-2.3580618998644383,-0.2964802099372922
-2.3466122181013245,-0.29046541290483474
-2.3363380296913325,-0.28314905859546213
-2.3269291408938377,-0.27593165299622124
-2.3176812082204155,-0.26834559733900165
-2.3099980581363204,-0.2594216146839636
-2.3027376261884585,-0.2503136177044848
-2.2959145534327243,-0.2415537706803759
-2.289505673259528,-0.23264661331247735
-2.2835785061194644,-0.22354104480576367
-2.2781720046421046,-0.21487098272402227
-2.2730330254873925,-0.20619198891011667
-2.268418615671319,-0.19749249443463363
-2.264183330726952,-0.18910160510259427
-2.2601143393582013,-0.1809386087169886
-2.256555165420584,-0.17316914773491984
-2.253226627029077,-0.16585268999239747
-2.2502658503516932,-0.15893404126607455
-2.2473214282526177,-0.1519975482468398
-2.2447352657639166,-0.14535903755259041
-2.2422015939779736,-0.1388120836822065
-2.2396512622475218,-0.13227730855330813
-2.2375659891034054,-0.12615741326345126
-2.2355102290545092,-0.12009405256511041
-2.2332447643552373,-0.11421848075797911
-2.231546013553276,-0.10887080432679275
-2.2316748696851736,-0.10179281369412799
-2.232942949554159,-0.09318710410576779
-2.234044383465851,-0.08473250870065656
-2.235771700013307,-0.0768854410522686
-2.23747324941728,-0.06903113947552
-2.2391317569427036,-0.06148015280479176
-2.2410049717679796,-0.05412536817514044
-2.2428589067491145,-0.047306672336407576
-2.244808588106809,-0.040384593488355734
-2.2470043775857977,-0.03429870800856131
-2.249596800084173,-0.02865105596361178
-2.251948926663245,-0.023221304681459845
-2.2548622607715103,-0.018362255551112858
-2.2574764554935007,-0.013819647187405656
-2.260194382212426,-0.00978211883967804
-2.2627177426419154,-0.0061252310449491296
-2.265467761267824,-0.002705504733154062
-2.2682211475137883,0.00019318074611071942
-2.2707477275890966,0.0029702579102802266
-2.2736063158995115,0.005399325240316337
-2.276238877952888,0.007656650062954032
-2.279376102053369,0.00935332256874988
-2.282228625221634,0.01094588187885837
-2.2846727706485983,0.01199793631684788
-2.2876711642178367,0.012434129822817256
-2.290367383320021,0.012815290342164337
-2.292261964379429,0.0117362989301123
-2.2940937652262705,0.009952445113634268
-2.295918516425663,0.0076105558444442886
-2.2978425171455847,0.005178590748739797
-2.2996966738048927,0.002169575748324281
-2.3017335944995394,-0.0012918785581709654
-2.303990080897149,-0.00495246773486558
-2.3061224710797745,-0.00920828865383811
-2.3084197665174058,-0.013797893188777053
-2.311053828297472,-0.018692850591254976
-2.3135941717592616,-0.0240826265349696
-2.316225891787574,-0.029821792625460686
-2.319168130737635,-0.03584185159676929
-2.3222639156850855,-0.0421961208249819
-2.3254816325036303,-0.04870128573007753
-2.3291263540118643,-0.05559349340341291
-2.3328911015091154,-0.06264785077493315
-2.3368742585077347,-0.0698261115328237
-2.3404814846753452,-0.07781050667724594
-2.3446989088753907,-0.08603009864305766
-2.349130478616816,-0.09448474416379897
-2.353747736881058,-0.10301908664373026
-2.35910668616503,-0.11159431407197996
-2.3644834001008017,-0.12018789999114449
-2.3681981575297373,-0.1306343865679177
-2.3721246502809836,-0.1412880983811208
-2.376599643451709,-0.15197317075663563
-2.380902850529297,-0.16243952931391223
-2.3853901321304574,-0.17308545425642727
-2.3902954210650926,-0.18361535931719755
-2.3953174390987284,-0.19414824998561306
-2.4005456116860366,-0.20435494164629525
-2.406035983711457,-0.2148007094967932
-2.4115436920363873,-0.22472563093800796
-2.4168005575344327,-0.23437332246909515
-2.4224979155247617,-0.24397807288842976
-2.427732292978459,-0.25340749810974167
-2.4334188944051087,-0.2626969948501762
-2.438926073975949,-0.27176758784352695
-2.4445619557019382,-0.2807232286889933
-2.45029906755169,-0.2898046369598543
-2.4558085654473127,-0.2986300600758719
-2.4612498348500664,-0.3075168486922953
-2.4658808100888296,-0.3171021617894932
-2.4704427650100547,-0.3269985969678608
-2.4747333750099814,-0.33660844822046754
-2.4788923116589103,-0.34633706076058307
-2.4830917455888666,-0.3561276700441639
-2.4869267961533676,-0.3655362517421419
-2.4906601959838857,-0.37503645483024295
-2.494243508219635,-0.38442358522326253
-2.4972880369288637,-0.39325865470530025
-2.500329439756875,-0.402097220576992
-2.503160486278402,-0.4107598272587939
-2.5055257032274256,-0.41894905987732184
-2.5078187746068963,-0.42720267651378724
-2.5098311971335265,-0.4352099627158263
-2.511464235490014,-0.4428258667823169
-2.5129726997866397,-0.45055224426086776
-2.513954584932157,-0.45778345478248905
-2.5144710412114084,-0.46455003630438924
-2.514788280544419,-0.47128051429680917
-2.5142120117380804,-0.47747295759972064
-2.5133444020717706,-0.4833452201556728
-2.510771634368854,-0.49116846730678176
-2.5073625244226645,-0.4984103986636837
-2.5037250377924503,-0.5054028082359946
-2.499829005855603,-0.5124003134037685
-2.4963434979026142,-0.5185881684193068
-2.4923757903999917,-0.5244090790839196
-2.4880977609046075,-0.529916359147593
-2.4834737661506265,-0.535140758214499
-2.47852541985291,-0.5399338757541977
-2.4734426655167385,-0.5445908277341778
-2.4680224251294742,-0.5488938701727041
-2.4625848563539465,-0.5530474006405678
-2.4566858891553522,-0.5567735608214924
-2.450531459586475,-0.5602480943002992
-2.4442677379585915,-0.563684974989017
-2.437488967480598,-0.5666441187724788
-2.4304991078245735,-0.5694849222622299
-2.4232332928426046,-0.5724137368137558
-2.4154788466787536,-0.5748884348871922
-2.407617107996071,-0.5771713584755398
-2.3995213942901694,-0.5794752991958709
-2.3909894774509732,-0.5813731077353471
-2.381540261620454,-0.5843603764148686
-2.3719002732578756,-0.5871412820829196
-2.362065139723374,-0.5898909376692052
-2.3522995550083925,-0.5923869081987088
-2.342358412219738,-0.5946934469557975
-2.332323280418104,-0.5970336099050587
-2.32244602302386,-0.5990735325334132
-2.3131845018493555,-0.600207257934772
-2.30377446054471,-0.6012670083484554
-2.2943525531338054,-0.602315847526661
-2.285275772009814,-0.603091809002846
-2.276030064512935,-0.6037542305148671
-2.2668335526837353,-0.604463146510058
-2.2578996861311653,-0.6049050430987841
-2.248824469505658,-0.6052054896727695
-2.2400020051447975,-0.605743435783723
-2.231456717403089,-0.6060286308967424
-2.222741875850942,-0.6062745927505738
-2.2141726049089447,-0.6066490846661273
-2.2057499548757606,-0.6068072160778135
-2.1971829587880323,-0.6069614788452495
-2.188730706403473,-0.6072214508107578
-2.1803402766291735,-0.6071790058256619
-2.171874410701954,-0.6073177414760867
-2.163686683103912,-0.6077217764251593
-2.1552877089431974,-0.6086534426416521
-2.147233820498537,-0.609625601260165
-2.139040599863983,-0.610834169963176
-2.132563262648554,-0.6100385354650047
-2.1263991230632193,-0.6093429195995401
-2.1202612576242204,-0.608807408811436
-2.114296387712215,-0.6082932523931841
-2.1084381090713826,-0.6078999169625384
-2.102552833401268,-0.6075302713070924
-2.0969066645695773,-0.6073975184300097
-2.09155958408055,-0.6075856209864923
-2.086011364750078,-0.6079534427054667
-2.080579457719841,-0.6084377322196037
-2.0754465861976943,-0.609246503156795
-2.0702149668749996,-0.6101436611331124
-2.065117278999002,-0.6111631190817288
-2.060178200013093,-0.6123629151499075
-2.0553458721835183,-0.6134671700544004
-2.050738795696151,-0.6147842185073875
-2.046361253886678,-0.6163373361472185
-2.0423086080598023,-0.617599397793724
-2.0384624972592196,-0.6190536278095164
-2.034887515383784,-0.6207821871307581
-2.031561772194511,-0.6222873570181464
-2.0285049759550366,-0.6240505108844047
-2.0259598619821166,-0.6252386852148155
-2.0237481174331244,-0.6265415467378872
-2.021680945878138,-0.6278386126802596
-2.0199231377384135,-0.6290505973256033
-2.0183736011163695,-0.6304601425361426
-2.016948948689339,-0.6317577684048261
-2.0158050749948315,-0.6333236532061558
-2.014711575005431,-0.6350286837425807
-2.0137902790501783,-0.6368223687341532
-2.0129062132036672,-0.6387216364003984
-2.0121436123943277,-0.640743980824918
-2.01140837973102,-0.6427467251548185
-2.0108470142025534,-0.6449143051338373
-2.0104040314758937,-0.6472080999778501
-2.009921861842289,-0.6495371967620728
-2.0094903816247447,-0.6519145710083789
-2.0091263363991745,-0.6543639334094022
-2.008792337824577,-0.6567866018097943
-2.0081675758818336,-0.6596819273495416
-2.007655101359542,-0.6626840718370712
-2.0072033512301113,-0.6656029074843182
-2.006818999308745,-0.6685108114271086
-2.006586859813713,-0.6715634414817738
-2.0064704673653466,-0.6744812546167942
-2.006352323941045,-0.677362253650351
-2.0066814382771643,-0.6795541433194554
-2.0070818959639447,-0.6818199306257977
-2.00748820202147,-0.6840807842691293
-2.0077753734244452,-0.6862323170303395
-2.0082510484745315,-0.6885769298900039
-2.008717698767739,-0.6909298691445404
-2.0091105301717214,-0.6932157315999388
-2.00962646909765,-0.6956269872021942
-2.010171836911484,-0.6980121643588658
-2.0106395543503974,-0.7003138392284473
-2.011102498765407,-0.7026101248707805
-2.011734592295514,-0.70475552018199
-2.0122913703299594,-0.7068236970962539
-2.0128397976010226,-0.7088789559599485
-2.013549450984699,-0.7107904974611018
-2.0142107041416986,-0.7126598478081743
-2.014985934814389,-0.7146403769353965
-2.0156441183128826,-0.7167599100732135
-2.016308604746848,-0.7188853951348374
-2.0168704005811073,-0.7209101827393127
-2.017464233348645,-0.7229067198821408
-2.0180633469743694,-0.7249090464146014
-2.0186345736672147,-0.7268850968904661
-2.0193286683994978,-0.7287518505873534
-2.0200387666151505,-0.730635734049348
-2.0213144655800086,-0.7318184916746822
-2.0224590925661854,-0.7328734516554751
-2.0236417254103425,-0.7339686876117029
-2.024644540193989,-0.7352719712266116
-2.025533407374346,-0.73628634647793
-2.026494802586691,-0.7374939542857314
-2.0273569225237638,-0.7386050112938364
-2.0283183094668926,-0.7396276211607317
-2.0292829336615967,-0.7406627007601706
-2.030416636049878,-0.7417880515364536
-2.0315856202090794,-0.7426163100077992
-2.0329799562807045,-0.7436649849852925
-2.0344794335219785,-0.7448134812275596
-2.036029868391169,-0.7457186595625938
-2.037942976181834,-0.7469217020739047
-2.0397979219600897,-0.7480173873843917
-2.0417412811632576,-0.7491898109046997
-2.043822619590324,-0.7502394852422876
-2.04660444419098,-0.7512486288675911
-2.049520891547003,-0.7523855721887286
-2.0527074438147244,-0.753311283840307
-2.05609948810048,-0.7545379839150518
-2.059977526875202,-0.7556756212815593
-2.0640941535518427,-0.7570662943401439
-2.0685943145402823,-0.7581158913296614
-2.0733875321745288,-0.7594433550114766
-2.07827260076293,-0.7608680769708642
-2.0838150269255022,-0.7617088758793684
-2.0897557743505852,-0.7629268706937623
-2.095575360283159,-0.764015463295049
-2.101957954345194,-0.7646050213491826
-2.1086490512310325,-0.7654858454242596
-2.1153382508380583,-0.766363297104904
-2.1225774511360895,-0.7667542528278166
-2.130039953125596,-0.7673549530016466
-2.137547170682916,-0.7680011949041393
-2.1455684189939532,-0.7681938091174396
-2.153525058785526,-0.7683123035232096
-2.1617513353441615,-0.7686888913772704
-2.1706475326364787,-0.7682740127409453
-2.1801967211655153,-0.7674318532292866
-2.1895617751391265,-0.7663899169051459
-2.1992556928986784,-0.7655282762877826
-2.209488567095519,-0.7641770639430252
-2.2195929835942043,-0.762684137788329
-2.229801877325667,-0.761586289547966
-2.240522761487802,-0.7600771298212681
-2.2509814417622556,-0.7582942553244598
-2.2614066849169285,-0.7569081227085659
-2.27209483680516,-0.7551397341584162
-2.282967043925377,-0.7535390530697378
-2.2937672358498156,-0.7520862773269993
-2.304715286373997,-0.7503106869132
-2.3158016544344338,-0.7486591234971304
-2.326869278500124,-0.7471750769659478
-2.338006315880812,-0.7453779516289016
-2.3492896989197387,-0.7437118126455178
-2.36066249299326,-0.742245577274923
-2.3720615693571068,-0.7405040763767002
-2.3836079967553587,-0.7388939844300014
-2.395036055849493,-0.7374973754194452
-2.406350725308242,-0.7357821542768488
-2.4192864056827257,-0.7317248257996433
-2.4322214987050836,-0.7279436249826424
-2.444943443049875,-0.7239255116200297
-2.457662565875848,-0.7199193414722428
-2.4703660407000414,-0.7158925308920016
-2.4830525058375783,-0.7120336174873773
-2.4953817693724827,-0.7078267952986297
-2.507641968517536,-0.7035494983163795
-2.51973749828114,-0.699600599868522
-2.5315229083090895,-0.6954455506840223
-2.5429113220240045,-0.6914710466180102
-2.554175187387361,-0.6873551906157986
-2.5649505204910774,-0.6836690494618322
-2.575563294741642,-0.6798277524027287
-2.5861694386126524,-0.6759744363383962
-2.5961601574187476,-0.6726611443771552
-2.6060957101620272,-0.6693263575334485
-2.6161002801907243,-0.6660521570590155
-2.6253259731993506,-0.6634600482414474
-2.634556788604094,-0.6609078865391831
-2.643684494341384,-0.6582468972202813
-2.6520625605976096,-0.6562414491577937
-2.6604539997908967,-0.6542912202198836
-2.668802254698532,-0.6522950349908689
-2.6762572661249298,-0.6510787643332135
-2.6854265262414656,-0.6480729440916654
-2.694716865674556,-0.6452428682091839
-2.7032678130543966,-0.6433633861428999
-2.7107612745601863,-0.6424051850579264
-2.7189580051233118,-0.6422227918623942
-2.7268916615267433,-0.6418006600633889
-2.7336787655016037,-0.6423753673106645
-2.7412015335944857,-0.6437629674244453
-2.748623706550614,-0.6450607514038301
-2.7550822342083845,-0.6471934394088183
-2.7621586974525227,-0.6500098472379678
-2.768996584700471,-0.6529788523064352
-2.77583148899115,-0.6566275849033992
-2.782372086271814,-0.6602543295762477
-2.7890386276459047,-0.6639911716642657
-2.7956565158223987,-0.66816640233281
-2.802114580532559,-0.6721827187353486
-2.8087579473454585,-0.6763572526133939
-2.81534862552282,-0.6808671131030907
-2.8217452001666965,-0.6851056582449276
-2.828191574616663,-0.6893659486555203
-2.8345757314495033,-0.693863032080876
-2.840818685625407,-0.6979768718385295
-2.847298409202843,-0.7016854785338289
-2.854025825538137,-0.7057978978888997
-2.8590298678008965,-0.7121102934894981
-2.864084998090299,-0.7181003053208466
-2.8693629988268166,-0.7242767755803484
-2.87455944027816,-0.7303970482580667
-2.8799086216652223,-0.7361341248912349
-2.8854866971523965,-0.7420672132999623
-2.8910734530767943,-0.747963416671645
-2.8966737973261645,-0.7536045061318842
-2.902060224308089,-0.7590097083368066
-2.907799678251467,-0.7646138921510854
-2.913545774303725,-0.7699978408599154
-2.9191101179197134,-0.7751815649551447
-2.924959570517617,-0.780485429305061
-2.9308700000226198,-0.7856567736113527
-2.9365733861490915,-0.7906000585308611
-2.942557959066369,-0.7955571723849966
-2.948486867174145,-0.8001818039387885
-2.954263119317522,-0.8046514439934198
-2.960435218404307,-0.8089859879216943
-2.966678610125357,-0.8128399453121307
-2.9728350335067284,-0.8165923676134735
-2.979354336699728,-0.8202752450086015
-2.9855470500297523,-0.823780285313335
-2.991888958120417,-0.8269315667644341
-2.9986734895228007,-0.8299135715903784
-3.003909629471646,-0.8345630899731945
-3.0088954035755373,-0.8389187345054508
-3.0138374275367568,-0.8430815533091237
-3.019243592973862,-0.8468371527352797
-3.0240658868182533,-0.8499466461360283
-3.0287792805276466,-0.8531082209529605
-3.0340228029010534,-0.855720325359454
-3.0387587511853345,-0.8577701262108703
-3.043071793170713,-0.8598714961216565
-3.0476469112569893,-0.8613998505682058
-3.0518393525690266,-0.8625037287310211
-3.055674204478664,-0.8636002505154688
-3.058921552050116,-0.8640989537685136
-3.0623111919228347,-0.8644834937517822
-3.0652471275102458,-0.8649519472566838
-3.0677128434154257,-0.8649504615291504
-3.0700462814584113,-0.8648166129614546
-3.0718229497461724,-0.8646893411652564
-3.0728310849065057,-0.8651387138302471
-3.073265087777598,-0.8651241133457183
-3.073162062268199,-0.8652264974129397
-3.072901107237024,-0.8651539302818553
-3.0720775095913675,-0.8648191179755333
-3.070549739705303,-0.8651827082139378
-3.068606798723435,-0.8651540133211187
-3.0662366237800116,-0.86471825252084
-3.0633462743682642,-0.8647253766016639
-3.05997152231935,-0.864257613795854
-3.056429658433571,-0.863648304780384
-3.052410966445076,-0.8634452144084992
-3.0479099898940407,-0.8627667911888901
-3.043224186260608,-0.861921114701848
-3.038249476361159,-0.861321788396764
-3.033080607024597,-0.8605076908646399
-3.0271192636076942,-0.8593415347025352
-3.020682194591539,-0.8578993608431789
-3.0140139253450933,-0.8568319828512969
-3.006720406637539,-0.8551898543431934
-2.999033862853472,-0.8533214646033002
-2.990999963855276,-0.8518983342637271
-2.9825378288063704,-0.8500807570859309
-2.973744154492747,-0.8481679765123457
-2.964063993045909,-0.8474933189288019
-2.953843084177296,-0.8470740704918227
-2.943051637286339,-0.8466365636526199
-2.9319671086862025,-0.8458746702656283
-2.920386192256176,-0.8452953224474753
-2.9085287531690476,-0.8442912168830402
-2.8961218411941694,-0.843196356736377
-2.883035596165408,-0.8424755744289996
-2.869481846158609,-0.8415603112263556
-2.855707630371608,-0.8404148582909893
-2.84087148263018,-0.8403382920310339
-2.825185987800704,-0.8394714647854299
-2.8097914233487082,-0.8389162672663191
-2.7934672323510994,-0.8391685828448406
-2.776266304558821,-0.8386006911221342
-2.7593075102556117,-0.8382865042299935
-2.7421728494115816,-0.8381334308818486
-2.7247287766302337,-0.8376839809231856
-2.7073607916761615,-0.8370595320423369
-2.6901554157357186,-0.8358531436853912
-2.6732122565073775,-0.8348818358123092
-2.6566356547676793,-0.8335954531202628
-2.6402145979843303,-0.8319267125926502
-2.623355548989284,-0.8313892490580476
-2.606864181044985,-0.8307880812811717
-2.590529995218911,-0.8297914506150577
-2.574709495354393,-0.8279419122869547
-2.5595157414971776,-0.8265094040320897
-2.5445451210535786,-0.8246559498708351
-2.529484511604869,-0.8227231202410845
-2.514900221911508,-0.8211182381370913
-2.500611007284339,-0.819040207409632
-2.4864746820148413,-0.8171106772297488
-2.473010259827653,-0.8152060476529918
-2.459649231132661,-0.8128180014294151
-2.4465970119707676,-0.8107402708375504
-2.4342810805915143,-0.8084210136872211
-2.4218500430938255,-0.805632339176784
-2.4098336496079495,-0.8032559510455051
-2.3983180553858925,-0.800788000551629
-2.386641381096403,-0.7978850364915016
-2.375408149549123,-0.7954416748732457
-2.3648030090112857,-0.7929642529686549
-2.3543973540845053,-0.7907007534384416
-2.344320743250737,-0.7881799407490506
-2.3347337990254275,-0.78583048771105
-2.3242296220432808,-0.7851865464542784
-2.314254306867597,-0.7842954696097247
-2.3044930411765407,-0.7835994881598269
-2.295141510552017,-0.7829297294435205
-2.286919503783552,-0.7812512101206829
-2.2790079640456056,-0.7791043203597041
-2.2716028255648313,-0.7770143318552888
-2.264708307181685,-0.7754606235971184
-2.258147518882592,-0.7735832581564482
-2.2520906399722147,-0.771893613951281
-2.246605526949283,-0.7708111081665057
-2.2417322540028737,-0.7691873896950128
-2.23743804504898,-0.7681298457142886
-2.2333026586192766,-0.7672400678216272
-2.230279867564133,-0.7653662601127204
-2.228271712047464,-0.764471991565032
-2.2261233320210527,-0.7634160742950429
-2.2250785803081388,-0.7613835332809256
-2.225134681559661,-0.7604117698949735
-2.2251668181874984,-0.7592225534204132
-2.225940461123248,-0.7579997766872494
-2.227246690720126,-0.7572281497450087
-2.2283626532608687,-0.7570110455553671
-2.230045553889731,-0.7573992292312289
-2.231758661305076,-0.7578065134548294
-2.233408108399857,-0.7588010363575479
-2.2354707570865875,-0.7602369770884744
-2.2381939869531178,-0.7608504756918576
-2.2409173940728127,-0.7618839461919658
-2.2439305730350916,-0.7632264943949019
-2.2470387748675664,-0.7647140551389437
-2.250156424930341,-0.7663976528959444
-2.2533437625005477,-0.7681550675957043
-2.2566449883675928,-0.7701041518227645
-2.2598546127852113,-0.7720794116446096
-2.263123689821139,-0.7741176439113019
-2.2660457872686166,-0.7763101776270608
-2.2684125669973123,-0.7785834883141738
-2.2709848637215186,-0.7810766439402407
-2.273139996286479,-0.7836841308809093
-2.274562679755401,-0.7865375141059006
-2.2761728761643334,-0.7895918909954395
-2.2773181766979684,-0.7926276807999292
-2.2779083943726843,-0.795705215704902
-2.2786852724518654,-0.7989828268626539
-2.2793095938354493,-0.802182655014979
-2.279610717331896,-0.8056675249947977
-2.2799675747287402,-0.8092254921585073
-2.280130283782315,-0.8125783518635828
-2.280124369045825,-0.8162131625842783
-2.2812385997020366,-0.818334450432187
-2.282119110320966,-0.8204402142533642
-2.282919455330217,-0.822460246134924
-2.2835323747992287,-0.8246932433830438
-2.2838513118597032,-0.8269327799747087
-2.2841877612735697,-0.8291908948072216
-2.284343049599273,-0.8317018538778439
-2.284177220231032,-0.8343348046704873
-2.284044055996591,-0.8370023344761006
-2.283817234276524,-0.8398710734714652
-2.283196096118854,-0.8427983513299317
-2.282555584518914,-0.8458352812850329
-2.2817613510869537,-0.8487073461874897
-2.2807788458561062,-0.8517036913048116
-2.279708908387079,-0.8547583040996227
-2.278546360568104,-0.8577030403240614
-2.2771277412885573,-0.8606937345661966
-2.275509053330305,-0.8636823830958957
-2.273685263027125,-0.866454221244853
-2.271837218284836,-0.8688409980491157
-2.2694910152507375,-0.8710440628923501
-2.2669741710023392,-0.8731173016562163
-2.2643669109632483,-0.8745910695393202
-2.2611244370513663,-0.8759801895594856
-2.2577925606967004,-0.8772824475322369
-2.254017860255501,-0.8781647355930043
-2.249615336202879,-0.8790574552158457
-2.2451992722013543,-0.8798029204217339
-2.240322751225283,-0.8801112631638622
-2.2348285637783705,-0.8806714328508438
-2.2293544431441616,-0.8811915708976293
-2.223650564784619,-0.8814924722968259
-2.2176296640573048,-0.8821769086712115
-2.211686088126376,-0.8828511674659659
-2.205640951066501,-0.8834271461616489
-2.1993348046361243,-0.8844024046865566
-2.1930279518272533,-0.8848937736796005
-2.186613329446925,-0.8859898781584973
-2.17997616153068,-0.8868919264923162
-2.173031183081517,-0.8880671436821461
-2.1653568371260747,-0.8905360705883257
-2.158016458855975,-0.8933552092286146
-2.1502132037703303,-0.8958645867630716
-2.1427755629301237,-0.8987305636779066
-2.1353207401422454,-0.9018329463108901
-2.1278129392973977,-0.9048146335684091
-2.1206274654329964,-0.9077780773335387
-2.1134795245787195,-0.9108984020593076
-2.1065805575703243,-0.9142700786329367
-2.0999468544918574,-0.917759657098258
-2.0933585289752554,-0.9214120003120065
-2.086919256694229,-0.9249983927988795
-2.0807806929624295,-0.9288970509792345
-2.0746280136385242,-0.932760975694284
-2.0687138365147923,-0.9365661758067247
-2.062942192399673,-0.9405168058812288
-2.0571855435008692,-0.9443616502881695
-2.0518424908173105,-0.9481757406170152
-2.0465038853354494,-0.9519904041783426
-2.0412437930511205,-0.9556178811928364
-2.0364656604811446,-0.9592621542083343
-2.0316954654548147,-0.9629113712264242
-2.0271814221500954,-0.9663313744359039
-2.023229376084291,-0.9699871898165688
-2.0174616278735313,-0.9757325495317849
-2.011595353143621,-0.9813802042521708
-2.006131351573851,-0.986672710256067
-2.001160623167835,-0.992445512302752
-1.9962119301301195,-0.9982383848896716
-1.9911544301311959,-1.0041911558649295
-1.9866699187286223,-1.0103702793527654
-1.9824201180388719,-1.0167943343871058
-1.9785504648017418,-1.0231689441751464
-1.9752593535111813,-1.0295482163199146
-1.9720809484589201,-1.036045337698443
-1.9691492296934945,-1.0426011031787041
-1.966874482634343,-1.04915661321735
-1.9647364059745678,-1.055855322416563
-1.963023611047236,-1.0625998190362436
-1.962215543815654,-1.0693743494016408
-1.9616669678824987,-1.0759447283589303
-1.961398209450294,-1.0827987292891321
-1.9619942245942723,-1.0898138040617744
-1.9628004427175245,-1.0965896777698783
-1.963936235110836,-1.103700105861668
-1.9658480042283097,-1.1109240882816125
-1.968159691818537,-1.118283228945109
-1.9700419991758114,-1.1261268031034426
-1.972456573492302,-1.134497379184677
-1.9758649128494064,-1.14276156778704
-1.9803155163292592,-1.14986131969131
-1.9849451784947574,-1.1571481991678476
-1.9907491708126313,-1.165022349175542
-1.9964063468417625,-1.1728031350060248
-2.002626260640096,-1.1809155371311189
-2.0093985589691017,-1.1895636831680778
-2.01580226046896,-1.1982803396374706
-2.0227663893599703,-1.2074498387445587
-2.030000323354075,-1.2168818342231733
-2.036724264421534,-1.226420131184497
-2.0440444377154394,-1.2364608438500437
-2.051517298037433,-1.2466508997663128
-2.058475537542618,-1.256993606058031
-2.06588409200958,-1.2678222486655675
-2.07333013933668,-1.2786888697724437
-2.0804102029293343,-1.289772152970494
-2.0878326150680806,-1.3013324637421706
-2.09505461083038,-1.3127002018372516
-2.1019649116502848,-1.3243058068413047
-2.10912257319979,-1.336438607573055
-2.116132753387529,-1.3484299532878337
-2.1223117330935377,-1.36120254883758
-2.128459213165146,-1.3744360420491635
-2.134240199303082,-1.387315849504927
-2.1418890961109707,-1.3982151061415375
-2.149669398991603,-1.4092432366500385
-2.157273004186319,-1.4204658266345578
-2.1647969667477645,-1.4313249169402724
-2.172458481071831,-1.4423264314821498
-2.179829477203666,-1.4533039058552144
-2.1869663994586386,-1.4640644430942287
-2.1939578238895696,-1.4747795390123213
-2.2005984242406407,-1.4855713829162873
-2.2071463221716705,-1.4962845441017916
-2.2137599378182187,-1.5068890873481045
-2.2203140998131663,-1.5176159667025728
-2.226609108733147,-1.528093978361569
-2.233070963867353,-1.5383261730958642
-2.2394703320860523,-1.548864831229104
-2.2448905319859755,-1.5596516528676538
-2.250239658968642,-1.5704978785658887
-2.2555781132676462,-1.581323977792442
-2.2604057757791134,-1.5916521162524822
-2.2652143145264936,-1.6019951968323685
-2.2697699349768707,-1.6120802565183703
-2.27375410971045,-1.6216021721653877
-2.2778749371433222,-1.6310068004067884
-2.282740784285569,-1.63951308244403
-2.2871993372770976,-1.6475992102686703
-2.291578864743518,-1.6549864593471408
-2.2959625736146974,-1.6625336939138808
-2.2997337264864637,-1.6694497570738511
-2.303433447798741,-1.6755283543966553
-2.3072021896894173,-1.6816179899261692
-2.310238876350446,-1.6869538700756064
-2.313286181985359,-1.6914270673490954
-2.3166258939016324,-1.6957507858466554
-2.319127900572703,-1.6992122963745218
-2.321666482151286,-1.70202620199853
-2.324493835997985,-1.7045093609619526
-2.3264950226671806,-1.7061420954941289
-2.328623296122439,-1.7073288130188744
-2.3310531893584825,-1.7081480906087936
-2.333215753517626,-1.7075695557408483
-2.3356280065214703,-1.7065661424164011
-2.337996936543128,-1.704928288371787
-2.3402150403280975,-1.7026715197552593
-2.3421809684667045,-1.7001520213412227
-2.3444173483078035,-1.697353838501745
-2.346447075590661,-1.6940120890252242
-2.34824572671177,-1.6904347411248222
-2.350779058053931,-1.685973479501498
-2.353158062353602,-1.6812226500918472
-2.355383780283458,-1.676312127749388
-2.357570808429374,-1.671249060203859
-2.359681507213673,-1.6660370621723002
-2.3615608737998013,-1.6606779562490877
-2.363004505261194,-1.6551787051944615
-2.364295316785788,-1.6495492609884712
-2.3656353693195777,-1.6439599563094367
-2.3666939654768107,-1.63808301222398
-2.3676663137213123,-1.6322763527105741
-2.368743565219673,-1.626566858295999
-2.3696446352064746,-1.6206704011824855
-2.370211971055246,-1.6150534357236874
-2.3707667802899115,-1.609422868982344
-2.3723175990824927,-1.6024719172581974
-2.3735567804904805,-1.5956217492921425
-2.3744744691653668,-1.588785359939062
-2.376003567387598,-1.5813358336119083
-2.3771821505210347,-1.5738767026882898
-2.37798964980708,-1.5664544496093094
-2.3788608410163614,-1.5590961836256276
-2.3793084890251053,-1.5517388683631983
-2.3794620892846567,-1.5447344021824965
-2.37987454182794,-1.5379976586898214
-2.379445604661588,-1.5314800988673118
-2.3792077534607046,-1.5251601786134972
-2.3789227085598617,-1.5190672029544812
-2.378225473344331,-1.5132113251900283
-2.377272935343008,-1.507406074642985
-2.376541730346131,-1.501835557926624
-2.3753330012233764,-1.496671297822311
-2.373974046950444,-1.4913625512080813
-2.3730880007449016,-1.4862404872027373
-2.3716208969537536,-1.4814303580700874
-2.3704120494488676,-1.4761996771767667
-2.3697125933040377,-1.471211038568877
-2.368635953110744,-1.466541783013866
-2.3676944529093533,-1.4617010683963585
-2.3670727695617404,-1.4571933140689186
-2.3661068126966,-1.4529255735465547
-2.3653815853220728,-1.4485680441639504
-2.3645270782715975,-1.4452008456078984
-2.3632040133284593,-1.442045965599712
-2.362457815063709,-1.4390813737796184
-2.36158751638458,-1.4364485744492315
-2.360889090384633,-1.4339955669474262
-2.360451108290201,-1.4313714250561058
-2.3600132217505907,-1.4290676638796929
-2.3597398098524116,-1.4269360375285092
-2.359678599765121,-1.4247024061842115
-2.359612968492567,-1.4225885683173014
-2.3597008016096006,-1.4206354567970516
-2.3598070872037042,-1.4186737396339206
-2.3598849032609075,-1.4167562365256867
-2.3601106586491403,-1.4149937520349563
-2.360434600714396,-1.413344470379094
-2.3608049686928374,-1.411646170674469
-2.3612344988084804,-1.4100136698777996
-2.361787966157161,-1.408501872786972
-2.36252108897599,-1.4068368594445713
-2.363297043256443,-1.4052152057524598
-2.3640711586139185,-1.4035933512463137
-2.3651274485237046,-1.4017306411297776
-2.3662143871780983,-1.3998957652276593
-2.3662819754212605,-1.3993397661701832
-2.3664706006728378,-1.3988406646262246
-2.366816781349847,-1.398165401465901
-2.3670966066106542,-1.3974208282575264
-2.3675815785787555,-1.3968047260936942
-2.3682642255164845,-1.3959804276000403
-2.3688553229641247,-1.3951186450600477
-2.36967121049894,-1.3944756933359712
-2.3708166158586073,-1.393512954367725
-2.371843541129774,-1.3923547020484175
-2.373470381061952,-1.3912526922433097
-2.3748097550086555,-1.389858454973224
-2.3763345214894556,-1.3883057821098508
-2.377925812709977,-1.386805278822082
-2.379620653687918,-1.3851076428246765
-2.381721346483549,-1.3829198328505488
-2.3838927537776176,-1.3806715607982942
-2.3861884026439855,-1.3785430444997668
-2.3882785011570826,-1.3765096875534828
-2.3905160780416015,-1.3745335486231967
-2.392398679167892,-1.3728771597029201
-2.3939947086760434,-1.3712221720677045
-2.3956277285939565,-1.3695388853812833
-2.3971240745214466,-1.3680222563306004
-2.3984460370680205,-1.3663380063671484
-2.3998495419601036,-1.3646385067528428
-2.4010012698365,-1.3630125440068568
-2.401963377168197,-1.3612044580004976
-2.4031577684313397,-1.359385888433046
-2.4039102353149424,-1.3575132139349795
-2.404345087208364,-1.355335693605767
-2.4051007346265276,-1.3530800616598035
-2.4052335339330435,-1.350613495430568
-2.4052598338546898,-1.3479185427675944
-2.405019354569778,-1.3449653422152896
-2.404280716823414,-1.3418109249034058
-2.4035117330340627,-1.338566946455482
-2.402448761595986,-1.335038037125955
-2.401196287714355,-1.3313381880411048
-2.4002951298134447,-1.327201923221197
-2.3993072400633406,-1.3231635201966674
-2.398012873696823,-1.3188133482412705
-2.396501653150143,-1.3143017462576605
-2.3949908325949747,-1.3098670762316962
-2.393244254786461,-1.3052056850248361
-2.3912375007533573,-1.3003413338580438
-2.3893191094051285,-1.2953577067447384
-2.3869965125272326,-1.2899649762430243
-2.384764079410104,-1.284494880943826
-2.382253199058067,-1.2787373132321782
-2.379566168263232,-1.2728077298973786
-2.3770630633066405,-1.2667200101914358
-2.374355399582661,-1.260414657067511
-2.371454900165313,-1.2539229861598482
-2.368629257432892,-1.2473665735525297
-2.365608284618726,-1.240603309176148
-2.3624593578344717,-1.2336617291741006
-2.359383619875891,-1.2266005146588175
-2.3560841887404185,-1.219301273102302
-2.3525544816087565,-1.2118499944284276
-2.3487529594663497,-1.2040199506608307
-2.3448469541296606,-1.196089620627866
-2.341531387801718,-1.1874571648086893
-2.33794401608431,-1.1785378281192882
-2.334426893241984,-1.1696657696045027
-2.3301827339006533,-1.160968867060443
-2.3255347329217275,-1.1518815290904145
-2.3208978947544603,-1.1427580081472866
-2.3158766169217877,-1.1332670979972241
-2.310390900026694,-1.1233824899508367
-2.3047256096014754,-1.1137374680475667
-2.2985949607281033,-1.103648204727601
-2.2921331879672637,-1.0932826390370196
-2.285418973028429,-1.0832325635049964
-2.2782303058684428,-1.0727299914175221
-2.270849568622221,-1.0621258322843374
-2.263295408719854,-1.0518166997082086
-2.2553834861133195,-1.0411666415247331
-2.2471770594405585,-1.0304615599328038
-2.239169692575716,-1.0200244922610748
-2.231097921710772,-1.0095261828370137
-2.2226626018699354,-0.9990617501873601
-2.2146364660927107,-0.9890017273885177
-2.2063462055792593,-0.9788166173487259
-2.1981032737164026,-0.9686564082427189
-2.190305149761113,-0.9587509124946768
-2.1829411706563357,-0.9483402735232621
-2.175433740735625,-0.9377746240536589
-2.1681152373561865,-0.9273871706641346
-2.160366466808361,-0.9173515153949049
-2.1525484220001325,-0.9070703106212272
-2.145051551831395,-0.8970821698414791
-2.137711694536568,-0.887260376774387
-2.1303340329448,-0.877326362825202
-2.1232156762651564,-0.8675747801024488
-2.116228780209387,-0.857962543158822
-2.108975903176685,-0.8483016477310803
-2.102095948674663,-0.8390581317955242
-2.095037241445545,-0.8298813296960078
-2.088064040927779,-0.8208103410352958
-2.081182785976185,-0.8119163186344726
-2.0741026139490795,-0.80322892036594
-2.067257472457872,-0.7947903362024521
-2.0606849289754274,-0.7864313681505742
-2.053962684864726,-0.7781314346046866
-2.0475459217423686,-0.7701460611485244
-2.041429085053913,-0.7621837599361864
-2.035248668581403,-0.7543518237457219
-2.0295158000187037,-0.7468411580475156
-2.0242293488309566,-0.7392232364100817
-2.0192163686434985,-0.7319878974359024
-2.014502438595626,-0.7248654561537347
-2.009229145622567,-0.7185396401274444
-2.004190978074051,-0.7124631715460849
-1.9993167829792917,-0.7062416944882743
-1.9947972445262308,-0.7003570828039931
-1.9905020254040808,-0.6947104214636927
-1.986365022973423,-0.6889233683754369
-1.9826487381335811,-0.6835358001657543
-1.9792238537591516,-0.6784573652338205
-1.9762564745167366,-0.672969895708945
-1.973913758191154,-0.6680752655661889
-1.9717189875893897,-0.6633376327824843
-1.97001687632199,-0.6581584364757173
-1.968915132442017,-0.6535486012105002
-1.9676875119338766,-0.6488050171885658
-1.9667854110285123,-0.6437689384053925
-1.9660281815625527,-0.6388451092528444
-1.965453709800618,-0.6340770840750677
-1.9646906012523377,-0.6290505885337005
-1.9639371865066968,-0.6240326660983164
-1.9633238802715676,-0.6191800817604469
-1.9632128046835393,-0.6137612551635055
-1.9629863008143293,-0.6081968503939281
-1.9626915443226942,-0.6025899145895677
-1.9623067124338338,-0.59706350609993
-1.9611041699807086,-0.5916938585842325
-1.96009786968509,-0.5865303750549288
-1.9591571590013157,-0.5813070114206371
-1.957932070896185,-0.5757804215256258
-1.9565444412070232,-0.5700994033754601
-1.9551111981844,-0.5644583990930633
-1.9534951236274898,-0.558622097881761
-1.9515428332911589,-0.5524673306518925
-1.9494333729854745,-0.5464531834543302
-1.9472110606255746,-0.5403183234496132
-1.9447523838891683,-0.5339596327539172
-1.94194940152159,-0.5275509765987856
-1.938827274991593,-0.5208463574655982
-1.9356897844134495,-0.514108281762694
-1.932359137438855,-0.5075436919798862
-1.9287123638020025,-0.5006786023398593
-1.92504631739964,-0.4937931193886569
-1.9211034091513242,-0.4871574257521318
-1.9170189858071507,-0.4803928928373389
-1.9130732960737877,-0.4732471540789321
-1.90880213801955,-0.4663962903668112
-1.9042296147300173,-0.4592566506350433
-1.8994635951545347,-0.45206663343998477
-1.8942052984008801,-0.44537565588142136
-1.8886876311043472,-0.4384355898252452
-1.8831126658731843,-0.4316177318518703
-1.8772083886858246,-0.4249544620405404
-1.8712792071824835,-0.4182730750855363
-1.8652460985850228,-0.4118230272428727
-1.859045760030706,-0.40544886794747703
-1.853112295267164,-0.39936388780965876
-1.8468401483540677,-0.3935895107870382
-1.8406670529277667,-0.3879204759487128
-1.8346020225266078,-0.3823693105961722
-1.828135035699986,-0.3771874402280312
-1.8217592470097694,-0.3721067535868742
-1.815556129253744,-0.3672071428448183
-1.8089999146710145,-0.3626331725315529
-1.8026089722690855,-0.35823208220215486
-1.7965364546949698,-0.3541639573295441
-1.7902680463527374,-0.3502783104500062
-1.784499971136844,-0.3469100801572032
-1.7786149799610083,-0.34367030498396617
-1.7730109000587784,-0.3407216241893114
-1.767629887837193,-0.33802200119741893
-1.7623581851111676,-0.33542065537209503
-1.7566932911994644,-0.3333541790195473
-1.7514094034421113,-0.3316923501732752
-1.7465146810195582,-0.3301605788307755
-1.7417569136409918,-0.32879458013544804
-1.7373433653281283,-0.3277939730403247
-1.7334148149921624,-0.3267300925350389
-1.7295861156295105,-0.32590144916915936
-1.7261248528744972,-0.3254629420651878
-1.723224925131441,-0.3251153353396289
-1.7206227041856532,-0.3249774648351906
-1.71837290323081,-0.3252138867304302
-1.7166344973360896,-0.3257450996465113
-1.715297171772035,-0.32643032720605286
-1.7143709641324205,-0.3275523923474494
-1.7139150289540575,-0.3289601231922209
-1.714216940255064,-0.33077094117374833
-1.7152319131153861,-0.33329695525112657
-1.716520173368846,-0.33587546838339266
-1.7186241605924057,-0.33878154194327376
-1.721375053904761,-0.34234031371330226
-1.7241091775960193,-0.34595058789440764
-1.7272051288281685,-0.3492279835976786
-1.731125555048239,-0.3532847930929745
-1.735325841199329,-0.3581757985780306
-1.7399932144364845,-0.36263803606843015
-1.7462174935845873,-0.368632459284561
-1.7526809229641187,-0.3743999917522328
-1.7598147370237527,-0.3804204727515959
-1.7680655959879612,-0.38749696463327943
-1.7765121428052817,-0.3943263520729002
-1.7856109944307021,-0.4013572888168491
-1.7956667797736765,-0.40929256299146966
-1.8057478968256793,-0.41707245879952826
-1.8163620516416674,-0.425171773966716
-1.82741962662447,-0.433673857063861
-1.8385231441881469,-0.44213812287748255
-1.8499475268929888,-0.4509432547071182
-1.861650531144298,-0.46001123406257116
-1.8731662996685001,-0.4692533149550696
-1.8849682340638463,-0.4787995861440874
-1.8969064802519944,-0.48847433810247215
-1.908691540476141,-0.4982914559332725
-1.9206666672922794,-0.5083106198959142
-1.9325608990682812,-0.5183251450327226
-1.9447485606147055,-0.5283986943319964
-1.9566116867574321,-0.5384635366656019
-1.9689475724016,-0.5488159471788959
-1.9814796987333991,-0.559353477495259
-1.9939066661132152,-0.5699887647875245
-2.0066322352797252,-0.580942101857725
-2.019546898082582,-0.5922296357037988
-2.0326931771715113,-0.603970719772911
-2.0459888643008814,-0.6160888473027188
-2.0593037293952547,-0.6286110885554087
-2.072928454364362,-0.64142670387725
-2.086585479197432,-0.6548317663450971
-2.0998808984581125,-0.6682338376492892
-2.113445513860748,-0.6818883597219774
-2.127107908987463,-0.6961152744024064
-2.1404143269697187,-0.7101745203161243
-2.1538558328515673,-0.7243450426396432
-2.167324327419989,-0.7390366435847355
-2.1810202600412736,-0.7539667609126834
-2.194435833745237,-0.7687582246679394
-2.2074448799789197,-0.7839883088485089
-2.2202536368671906,-0.7990537939347638
-2.2330812982535626,-0.8140949868301343
-2.2456540767743656,-0.8293590802770868
-2.257814055649784,-0.8442545540803607
-2.2698613667411567,-0.8590016619152927
-2.281718615157297,-0.8739047589089497
-2.293485641651632,-0.88907981878167
-2.304493415530037,-0.9039065156932379
-2.3150267974195056,-0.9182269426399996
-2.3252160694158404,-0.9328445556614424
-2.3342654750509766,-0.9463232995410282
-2.3430070896179993,-0.9599559812611226
-2.3513740975581574,-0.9730856453828696
-2.358903468273674,-0.9854213936486186
-2.3660695226309545,-0.9978251842685565
-2.3729580854379235,-1.0097086161993891
-2.3789266861743448,-1.020719443973115
-2.384751417558655,-1.0317579090991171
-2.3902336091935,-1.0423263775999136
-2.3950861905332506,-1.0522967853335818
-2.3999986978984156,-1.0621047289248173
-2.4045823563730435,-1.0714157950783103
-2.4082951960601,-1.0811898823568538
-2.4121858598128543,-1.0904718713561377
-2.4155944023086198,-1.09924090221841
-2.4189411715291778,-1.1077739508523554
-2.4223597150714555,-1.1157895495845804
-2.4253714268649564,-1.123372758674549
-2.4284568027343205,-1.1308813858455733
-2.431268916756235,-1.138130111829861
-2.434132690718326,-1.1450978045157483
-2.436745681037436,-1.1515833469991614
-2.4390059764981316,-1.1577335720098925
-2.4412428971540563,-1.163608415826066
-2.4432747042455945,-1.1689190711953603
-2.4449008111196826,-1.1738440266106063
-2.4462019518664238,-1.1782193744491842
-2.4473374442791265,-1.1822298660845543
-2.448239940594477,-1.1856366280821673
-2.448954674720399,-1.188650830551576
-2.4492006385426563,-1.1911684177769288
-2.449498940189312,-1.1933984827846327
-2.449627080604393,-1.1952566733506753
-2.4492917013997086,-1.1966239521059776
-2.4489249530168298,-1.1977934665994974
-2.44745067922758,-1.1996877625775526
-2.445888266338262,-1.2011296064768777
-2.443752469573228,-1.2019994397791034
-2.4416061876048283,-1.2027097939039506
-2.439861476157287,-1.2029760386468122
-2.437787775147001,-1.2028944842044504
-2.435220776955227,-1.202343570959497
-2.4329381100873686,-1.2015475683000436
-2.430209858086,-1.200280362007436
-2.427077598664263,-1.19862866923455
-2.4242497346396843,-1.1967139965719136
-2.421134536442197,-1.1944955673344886
-2.418015073392197,-1.191902983267128
-2.415040543491168,-1.1891477581060337
-2.4118868206947357,-1.1861075329849449
-2.408448142955723,-1.1827958210210976
-2.4051833727337346,-1.1794417469486318
-2.4014910896806683,-1.1757379954110578
-2.397437274358925,-1.1716897567168005
-2.3934434575488797,-1.1678297028936626
-2.3889290979436892,-1.163642082099578
-2.3839132663734204,-1.1589767597728504
-2.3788297040199367,-1.1544602711945644
-2.373295265966366,-1.1495711775582316
-2.367743263727707,-1.1448613664742335
-2.3616734343560473,-1.1396642480395278
-2.3555001353927203,-1.134553620158561
-2.3494622984501263,-1.1282211377190303
-2.3431199641491367,-1.1215983953400859
-2.336168618454526,-1.1144371298090594
-2.3286070699223322,-1.1068719999491161
-2.320633953267416,-1.098804912070736
-2.3121633812851745,-1.0902118004094117
-2.3026984526102368,-1.081288209843142
-2.292942457356459,-1.072047005472595
-2.2820601039996635,-1.0627211759177246
-2.270936616239721,-1.0533572591382916
-2.259005475661313,-1.0448652898234607
-2.2462982091402455,-1.0356504165835319
-2.2333751623734264,-1.0265553584173945
-2.219739793385386,-1.0182390299156865
-2.2051143077238637,-1.0089827656712325
-2.190221392202068,-0.9996640965295949
-2.1752126968830385,-0.9905749796074989
-2.1594647289653004,-0.9809955608539549
-2.1444027880441423,-0.9709931057686918
-2.1291035169540287,-0.9607258794126367
-2.1137450439318832,-0.9505142020124873
-2.0981208726288596,-0.9400616240118193
-2.0822535650557037,-0.9293394931245664
-2.067320754685752,-0.9175764446417258
-2.0518820395522774,-0.9053966828938044
-2.0362826744092772,-0.893046640736073
-2.0206813491835383,-0.8808737400626633
-2.004511060284402,-0.8683153907380032
-1.9883439752801835,-0.8557591063653338
-1.972131875244761,-0.843481237185489
-1.9553774297161295,-0.8309613739630207
-1.9388843206170652,-0.8187146909090177
-1.9224301646358692,-0.8067544281623532
-1.9056515066892326,-0.7946344810212558
-1.889017536017171,-0.7826644957383659
-1.8724010446017056,-0.7708702827947279
-1.85544245853229,-0.7590462389162252
-1.838556456128215,-0.74729588600154
-1.821889626460154,-0.7355774938825014
-1.8050187290983952,-0.7238759823464616
-1.788344428946018,-0.712378220186157
-1.7720844549888866,-0.7010225624705424
-1.7556817422405637,-0.6898511867369912
-1.739833402692248,-0.6792467595851568
-1.724321539033978,-0.6689478849666123
-1.709129508071779,-0.6583680985101595
-1.6940907366475142,-0.6479471093120106
-1.6793155500310706,-0.6375808931900946
-1.6654469666748877,-0.6274343617644665
-1.651377618197453,-0.617027410059613
-1.638014962991538,-0.6073407096305947
-1.6255190175439709,-0.5977550158674728
-1.6136474847765023,-0.5887181514461265
-1.6026210547223143,-0.5804913642212632
-1.5926241605235085,-0.5727025737593965
-1.5832351879020021,-0.5655493123476174
-1.575249724338566,-0.5592006266905674
-1.5680243550270556,-0.5529344566263821
-1.5619891588179662,-0.5468391629035303
-1.556522630321342,-0.5413007885217366
-1.5522705913301649,-0.5346497497840329
-1.548988595390946,-0.5289353536296916
-1.5461668379692302,-0.523665253633922
-1.544314239701445,-0.5175047535010475
-1.5435890575795739,-0.5124359260590816
-1.5433978137803586,-0.5078917388518499
-1.543407756983071,-0.5031614291839531
-1.5441148527841788,-0.49890777586704066
-1.5446173277764443,-0.4955781084590343
-1.5458030562123826,-0.4929359287491766
-1.546837255280771,-0.49043240074717614
-1.5486085167909425,-0.4886646891019621
-1.5510648385061263,-0.4875860203119913
-1.5532409969660972,-0.48676509542603685
-1.5562835427918427,-0.4868095780454553
-1.5597933365848498,-0.4873214106478046
-1.5631669928483636,-0.48795939705500574
-1.5673116346474032,-0.48936143339645133
-1.5716736858391236,-0.49098313310298397
-1.5758936437280675,-0.49273691808385517
-1.580785682294147,-0.49515904787213716
-1.585642915835001,-0.4975489481695417
-1.590536840629309,-0.5004646561627671
-1.595445550767278,-0.5039560822695459
-1.600666952316664,-0.507775391856165
-1.6059044729955967,-0.5119991207021678
-1.6114340288287465,-0.5165020059235063
-1.6168429150045123,-0.5220447171190808
-1.6221815328622635,-0.5276963328318549
-1.6278701427556257,-0.5337065487099284
-1.633496330651635,-0.540160167883594
-1.6389967427211187,-0.5467466704823645
-1.6448903148689147,-0.5532854114014202
-1.6504342346394731,-0.5598954675500573
-1.65619650467762,-0.5667299527706218
-1.6619203119555002,-0.5739219311774274
-1.6677155688330136,-0.5815579092545452
-1.6734090982808911,-0.5890964535415963
-1.678944929188407,-0.597151715257025
-1.6846115248553004,-0.6055372014256258
-1.6902325695335767,-0.6138787149569079
-1.6956224838618061,-0.6227450190920565
-1.7009589462442105,-0.6318299181203303
-1.7061490243012922,-0.6407738529215323
-1.7111510878426024,-0.6502019764564382
-1.716058945686,-0.6596986494828372
-1.720581824416346,-0.6688251841713211
-1.7250588689681416,-0.6786181538146889
-1.7293595198737737,-0.6885973166345393
-1.7334608437766805,-0.6983832286520535
-1.7375099057636874,-0.7087914114966603
-1.7406018024815826,-0.7201062296804772
-1.7430513089217496,-0.7311964741985653
-1.745685738028476,-0.742832315745434
-1.7484474602470501,-0.754597916576781
-1.7507424091150876,-0.7660716775249088
-1.7534209473149531,-0.7779523280340952
-1.7563229415242951,-0.7902610314099168
-1.758873440568595,-0.8022490823712525
-1.7615786022013888,-0.8143822991412206
-1.7647598714638972,-0.8268138100224834
-1.7676272380120428,-0.8388614792814817
-1.7708162640450105,-0.8512156804963545
-1.7745315318560388,-0.8637114420067123
-1.777873668392694,-0.8757634304084158
-1.7813529708043854,-0.8879737709130807
-1.7856262147074136,-0.9005118015929106
-1.7897188352526738,-0.9126472826427421
-1.794116241998374,-0.9251037160379154
-1.7993900695283112,-0.9378159302015876
-1.8043955094249684,-0.9502294185119348
-1.8098580474261827,-0.9631122674458644
-1.8159381104361172,-0.9758582657691787
-1.8222999486884859,-0.9882230978876734
-1.828768404967663,-1.0006978591340796
-1.8347390769787304,-1.0133489189891594
-1.841075648014066,-1.0263537856322216
-1.8477438942125852,-1.0384744109312087
-1.8546973638212665,-1.050892454953523
-1.8619095825316319,-1.0635438713785739
-1.869515634500093,-1.0758478810067533
-1.8773996544091287,-1.0884409089117493
-1.8856059446914355,-1.10133466460124
-1.8939828575956295,-1.1140799454034824
-1.9025833181714338,-1.1270607144739728
-1.9113689895041643,-1.140210773464613
-1.920376928789266,-1.1531679903177927
-1.9295811866036552,-1.166333056910177
-1.938778385140661,-1.179479536256366
-1.948039658409179,-1.1925728691900133
-1.9573294623973043,-1.2057071244064965
-1.9664800724393954,-1.2186965569951425
-1.9755795211514877,-1.231733483636019
-1.9846470291213718,-1.2447509433569568
-1.9936426207709892,-1.257688923850832
-2.002618655243431,-1.2706463886155497
-2.0116913553376055,-1.2837106317252056
-2.0205497196061173,-1.296603340153367
-2.029713573348994,-1.309445753677404
-2.0377001388712146,-1.3231270717746229
-2.045255230852223,-1.3366309656022959
-2.053813807577083,-1.3492627250573912
-2.0623930775140695,-1.3618791629340277
-2.070860046397502,-1.374399886669954
-2.07888717383423,-1.3868200229250223
-2.0871687756167288,-1.3993409409266047
-2.094915697102524,-1.4115678756146601
-2.102523327087082,-1.4236507831686904
-2.1100582914352635,-1.435797220465622
-2.1172908686665055,-1.4476587479925973
-2.124178496446024,-1.459163108368765
-2.131137123850697,-1.4708562963200114
-2.1375872455780573,-1.4820540389654158
-2.14377991184236,-1.492986354069942
-2.1501159577762947,-1.5037956538470088
-2.1562801221214847,-1.5144169844406825
-2.161927120862715,-1.5245371266652334
-2.1676488341553823,-1.534593456179623
-2.1720304835792454,-1.5453826349459663
-2.1759787445159766,-1.5557498052425542
-2.1798429050933747,-1.566048965735567
-2.183407082538191,-1.5758591698740179
-2.186592611968053,-1.5853005841172227
-2.189700870519416,-1.5947593730159224
-2.192494638358111,-1.603818976858253
-2.195978543432814,-1.612338460344102
-2.198937668957126,-1.6203433371875322
-2.2019006998569797,-1.6283458009007055
-2.20449292925793,-1.6359712727207965
-2.2064856863556987,-1.6430069644077392
-2.208381121470831,-1.6501260493485457
-2.2098026739056698,-1.6567683898560346
-2.2105427790665035,-1.6627359261952859
-2.211337336594323,-1.6686576170539997
-2.2117169183904255,-1.67416080125519
-2.211533923849758,-1.6791037808011358
-2.2112139673849853,-1.6841633082025973
-2.2104512949959276,-1.6887780172517288
-2.2092048793179977,-1.6929056865313918
-2.2078966427184263,-1.697086041417809
-2.206209683468345,-1.7008871199619988
-2.204198334088892,-1.7043574638179153
-2.2024113427012377,-1.7076377738354742
-2.2002546030838546,-1.71097589692965
-2.197734780362389,-1.713947212012998
-2.195115543307558,-1.7166235713588553
-2.1923187902215178,-1.7190818429020587
-2.189146330957058,-1.7211051744981092
-2.1856454755840633,-1.7228026920529738
-2.1831293366166573,-1.7233540066724833
-2.180518736329959,-1.723544390585986
-2.1775083658916254,-1.7233392163649472
-2.1747053110481196,-1.7229578171987405
-2.1715126211834037,-1.7221812532062082
-2.1683240995358535,-1.7210662991636625
-2.1649806295691523,-1.7197698016086922
-2.1616193748928714,-1.7182242270545733
-2.157915857933363,-1.7163364923513158
-2.15426806545811,-1.7144002753530951
-2.150304056972275,-1.712141772673569
-2.1462028512159725,-1.7097488412123716
-2.1419906218978157,-1.7072014413045913
-2.1375554848904312,-1.7044320489903784
-2.1330096618766725,-1.701552162166955
-2.1282980327843997,-1.698811517459481
-2.1233259837110094,-1.6958130793844683
-2.118266531272572,-1.6927996439260573
-2.1128128459085382,-1.689866310009982
-2.108368830088508,-1.6858425835071393
-2.1037104914087643,-1.6817353347068975
-2.0992370197008476,-1.6778166645210164
-2.094630388530966,-1.674010823456833
-2.0898665882735514,-1.670050452077909
-2.0851000089925176,-1.6660873108996808
-2.0802849757817836,-1.6621649631408213
-2.0753529950333953,-1.6581276305508428
-2.070568528473161,-1.6542407357605704
-2.065696411340348,-1.6504283961664215
-2.060910076414003,-1.6467004856231915
-2.056373505612027,-1.643227202378948
-2.0517133961225382,-1.6398594547162693
-2.0472487421692214,-1.6366840353432792
-2.0431292057441324,-1.6338603529843057
-2.0389150628461397,-1.6311177165687503
-2.034936672926643,-1.628610293025772
-2.0312085092907144,-1.626356548063054
-2.027582307232317,-1.624015576182191
-2.0242701992086696,-1.6219880943124927
-2.0213079841502073,-1.6203154898318488
-2.018127549538675,-1.6189288809632463
-2.015255822457293,-1.6176157642389606
-2.012839361422684,-1.6167663374063064
-2.0105192891539674,-1.6160640149714711
-2.0085381472950514,-1.615008917593911
-2.006910793523949,-1.6143140488340255
-2.0056992984104336,-1.6140286022649826
-2.0046390140279637,-1.6136134271678269
-2.0040130754779506,-1.6136404783311387
-2.0038156084167364,-1.6140894203011005
-2.003986046198753,-1.6146490562249263
-2.00472472742379,-1.6157762042222361
-2.005903418410321,-1.6173424334895046
-2.0072950568576045,-1.6187259365012892
-2.009117843082204,-1.6205378245639497
-2.011243032200209,-1.6226515284953815
-2.0135554699529488,-1.624604741217449
-2.016312509974234,-1.6270005044114655
-2.019382968958462,-1.6297096945188456
-2.0226692137338413,-1.6322342100086427
-2.026281003003623,-1.635084383226119
-2.0300570760219094,-1.6380980885841352
-2.0338995981697354,-1.641055277529857
-2.037921297174392,-1.6439972759675203
-2.0419817729590037,-1.6469774030724242
-2.046067699871633,-1.6499956724098206
-2.0501819989201944,-1.6531028236961687
-2.0541217531522387,-1.6559655758012148
-2.0582573699243834,-1.6588954893544077
-2.062334554509414,-1.6617897158899195
-2.066180508909567,-1.6643290213808049
-2.069820369888631,-1.6666583261017949
-2.0735307319039724,-1.668927670465711
-2.077048042261357,-1.6710069634867282
-2.080430513479969,-1.6729488048078835
-2.0839422328324986,-1.6747805996810239
-2.087172140265566,-1.67632540219902
-2.090038067351927,-1.6775083554326349
-2.0929921197115418,-1.678616416918816
-2.0956985521220526,-1.6794725783007893
-2.097976106677914,-1.6799007414981622
-2.100337818473718,-1.6802573882196299
-2.1024204176878234,-1.680329390827768
-2.1040985710472184,-1.6799973562206123
-2.105920430682771,-1.6795429903777728
-2.107283355903219,-1.6786201939957561
-2.108359058013853,-1.6774146171906554
-2.109528803494775,-1.6761288553081317
-2.1111588530169194,-1.6740237686884476
-2.1122148332911035,-1.671334033517541
-2.1132809869531597,-1.667972387179836
-2.1145025756587463,-1.6644779744062819
-2.1149575042218487,-1.6602000319714882
-2.1148536129930156,-1.6553723906840179
-2.1148619322993185,-1.6504483081566144
-2.1141300733824613,-1.644767031438765
-2.112753843639827,-1.6383716905574774
-2.1106653284048997,-1.6315703293502413
-2.1084064060850136,-1.6246163612719404
-2.1055550339898597,-1.6170801738648566
-2.1016922606880852,-1.608883351139703
-2.097462244446461,-1.6003884557852475
-2.092703745446263,-1.5913670537568056
-2.087319245844447,-1.58212875322098
-2.0813502799306014,-1.5728028722893201
-2.0747948845529183,-1.5628963984438344
-2.0677989063400326,-1.5529144412178257
-2.0600045267298865,-1.5430570744479204
-2.0515633264633673,-1.5325594059083385
-2.042985277955289,-1.522248206730948
-2.033673022746641,-1.5122506735707744
-2.0244666816834513,-1.500966422166652
-2.0153139639624356,-1.489841175593717
-2.0057156743505606,-1.479129869927995
-1.9957675457002293,-1.4680761418763546
-1.985882490882606,-1.4570871771658525
-1.975736000186028,-1.4463278021610297
-1.9658422081594158,-1.43581796328642
-1.9557214095466435,-1.4250864700020347
-1.9453144549283197,-1.4146071601657233
-1.9353309785521338,-1.4045477218699873
-1.9253311364050185,-1.3944767306360384
-1.9151180189734067,-1.384595499046544
-1.9052912927719803,-1.3751007003447369
-1.8956871613529696,-1.3658313507731643
-1.8857992711364575,-1.3568139397724384
-1.8763975142873526,-1.348294230879662
-1.8674412962414306,-1.3402105825162078
-1.858262647836443,-1.3323258816380814
-1.8494912191807693,-1.3248578122587344
-1.8411924598182814,-1.3178522714156913
-1.8328171068726296,-1.3109181140873236
-1.8249352488301531,-1.304488796794029
-1.8175410802926806,-1.2985367166505675
-1.8101099232081088,-1.2926209962989696
-1.8032214406456857,-1.2872556320843829
-1.7968842537105552,-1.2824298447576654
-1.7906117725903288,-1.2778663981395664
-1.7841003381734226,-1.2743286060555628
-1.778194009318307,-1.2714092118388551
-1.772627381032028,-1.2687529164572906
-1.7671174061225812,-1.2666657638042849
-1.7623100146764425,-1.2652962352812227
-1.758005649572009,-1.2642789567599892
-1.7537029911513478,-1.2637237073220593
-1.7501361267375222,-1.263919497630111
-1.7470452634230482,-1.2645700930683919
-1.7446954721707737,-1.265968850612439
-1.7424864601943713,-1.2674874958074391
-1.7406492470817143,-1.2693688979797388
-1.7396018736467855,-1.2720478544218266
-1.7387929858822593,-1.274904783248974
-1.7383432875880072,-1.2780914777219121
-1.738527552105756,-1.2819150275517894
-1.7391315614378267,-1.2856723724643895
-1.7403283411986372,-1.2897551027013876
-1.741899625050281,-1.2942190386159087
-1.7437247516865522,-1.2989847988043257
-1.746165156217339,-1.3041247896318786
-1.748688611115049,-1.3093488741646706
-1.7520135353429633,-1.314334375826036
-1.7552713188290996,-1.3204401273612758
-1.7585316264176802,-1.3265482381287104
-1.762352504293763,-1.3325557834738082
-1.766671813214033,-1.3387945605817435
-1.770967415023901,-1.3450091775048796
-1.775686148004144,-1.3510991163830053
-1.7804680482731141,-1.3570529803696738
-1.7855392320289767,-1.3632932802351347
-1.7909878725921269,-1.3692760312394059
-1.796411180262825,-1.3752329997047725
-1.8019610442793503,-1.3812924758923477
-1.8076501374661578,-1.3871548063435037
-1.813236208216248,-1.392912125255823
-1.8187141367642332,-1.3986651836146187
-1.8243735222677129,-1.4042925584591632
-1.8297888474551258,-1.4096711220682219
-1.8350122734837842,-1.4148823263976917
-1.840470275519632,-1.4199879538618854
-1.845798507327494,-1.4249612146274249
-1.8501799849796305,-1.430581702883769
-1.8546513861179983,-1.4361260743532298
-1.858797538529532,-1.4413432479917738
-1.8628469759260247,-1.446470964416255
-1.8667841185212897,-1.4516981047166315
-1.8703632523522797,-1.4565720760988057
-1.8736829502187846,-1.461192546173679
-1.8768065056832626,-1.465673246469546
-1.8794365504606243,-1.4696686677272406
-1.8820374924213068,-1.4736346315283442
-1.8846907790513403,-1.4775561238671713
-1.8869821968987843,-1.481121735988314
-1.8891611698408088,-1.4845729540034915
-1.8914804883324028,-1.4879032373277228
-1.8934358994130305,-1.4908755374449443
-1.8952858830564812,-1.4937405677775175
-1.8973115996879832,-1.496453925212724
-1.8991221130303841,-1.4989548463596853
-1.9008501333917407,-1.5013703136329606
-1.9027976860590403,-1.503596254144643
-1.9044850445418762,-1.5055640370862233
-1.9061456250955715,-1.507498575543314
-1.907963371673283,-1.509297709935827
-1.9095997212341567,-1.5109200264317701
-1.9112414431955185,-1.5125421878830843
-1.9123552036747962,-1.514736175875115
-1.9135010085070394,-1.5166537967867697
-1.914930627829573,-1.5178935562551938
-1.9164846041046306,-1.5194858301783833
-1.918076938938449,-1.5208187298801206
-1.9194644814526565,-1.5219516411649079
-1.9211885513887061,-1.5236125144640855
-1.9229323604315725,-1.5250487675056605
-1.9245153069813077,-1.5263283701669064
-1.926430341549732,-1.528194538637504
-1.928335865397149,-1.5299384874308155
-1.930269836467688,-1.5317159234909288
-1.9325162704619245,-1.5339984548242431
-1.9347035406033912,-1.5362336887393255
-1.9369973961050913,-1.5386572739952005
-1.9395316589766962,-1.5413145543519906
-1.9418547941175441,-1.5441553602584082
-1.9444750324474698,-1.5472974458494713
-1.9471508077199444,-1.55049178693376
-1.9496087663268318,-1.5538753568565076
-1.952315476707163,-1.5575130221255415
-1.9549647007861168,-1.5610955717609116
-1.9575036938290473,-1.5649470106201333
-1.9605742761856866,-1.5680670310448903
-1.9634166406016802,-1.5709609670410176
-1.9669760798389995,-1.5729723201007146
-1.9704517133774102,-1.5750560143467036
-1.9737838956516218,-1.5769984475127041
-1.976850639391214,-1.578787977281204
-1.9797149930168934,-1.580193827600574
-1.9825873743992346,-1.5815445023264536
-1.9851464761787905,-1.5825759452602426
-1.9872889974576835,-1.5831382644342342
-1.9892004758718291,-1.5834601745031793
-1.9904531935969396,-1.5831324198400563
-1.9915735579298015,-1.5829185001743602
-1.99236160974692,-1.582364825436524
-1.9925642182063088,-1.5812861570982957
-1.9921708391415671,-1.5800081790929659
-1.9918771325407427,-1.5788577342297185
-1.9910291381116285,-1.577163589164572
-1.989515527782227,-1.5752162874394295
-1.988056898528691,-1.573261427303731
-1.98626512286152,-1.570442352802752
-1.9838595277121418,-1.567413360314666
-1.9815441460067795,-1.5644223242285784
-1.9785982937434172,-1.5608111758952403
-1.9752101664527277,-1.5570678457332965
-1.971835182532823,-1.5532182744205645
-1.9678498145243186,-1.5487683927199762
-1.9639333893687276,-1.5435377754832837
-1.9599636311569466,-1.5383541118773196
-1.9556460966749354,-1.532826478745348
-1.950754420019633,-1.5267226185336806
-1.9459337592754367,-1.5205586685073957
-1.9409449398481684,-1.5142277681965646
-1.9351771032685559,-1.5071188124031691
-1.9295993166514713,-1.4998469406333792
-1.9238689113121157,-1.492423324654802
-1.9173805076904258,-1.484244217488383
-1.911195493008328,-1.4758038608446011
-1.9048183174088031,-1.467168815312883
-1.8977806068160696,-1.457875745626572
-1.891242487823199,-1.4481502896643634
-1.8846143612626,-1.438329436889287
-1.8773606439006334,-1.4278826696187934
-1.8708117635536092,-1.4167786342484068
-1.8638946223358919,-1.4052941545276847
-1.857100429065036,-1.3934616726871667
-1.8505765952187232,-1.3813881350659638
-1.8438608805116112,-1.3691150103283678
-1.837379289308168,-1.3568121930582715
-1.8310500518477886,-1.3442600168755814
-1.8242108319048906,-1.3324564846491371
-1.817615028256062,-1.3207812092502462
-1.8110641030718828,-1.3091507009848522
-1.8046059188562829,-1.2974703837579378
-1.798393155146782,-1.2860487016994098
-1.792409751463917,-1.2747424177678917
-1.7867270034114882,-1.2637292336532044
-1.7811915602784245,-1.2529954430615693
-1.7761187985101003,-1.2427344581018747
-1.7715711580053162,-1.232962174779669
-1.767416889724389,-1.223558151850706
-1.764079702255612,-1.21496175535784
-1.7609239402476031,-1.206462968864465
-1.7581880323828085,-1.198290193250721
-1.756313479698174,-1.1909201630264075
-1.7549168208640513,-1.1840345599161195
-1.7546557561250071,-1.1758624022852897
-1.7550313502271466,-1.1682345615262957
-1.756008703201903,-1.1612235493847607
-1.7571175820843903,-1.1544024607237282
-1.758579076338178,-1.148325114738965
-1.7605978163437428,-1.1428193353806742
-1.7627443562007752,-1.1374901682192613
-1.7653966365617053,-1.132550747381084
-1.7685221178620194,-1.1280969485566594
-1.7718309594281747,-1.1239382711485388
-1.775626219674178,-1.1201721526814339
-1.7798329992027178,-1.116828516793207
-1.7840925788851314,-1.1137407491839255
-1.788621710082908,-1.1109510294249931
-1.7936247298961416,-1.108648691586857
-1.79851014117138,-1.1066558950559109
-1.8036364054724752,-1.104897285860744
-1.8091135374421659,-1.1034492191134049
-1.8142357775359699,-1.1022458886473205
-1.8192077104781268,-1.1009773813668877
-1.8251965646736925,-1.099179973662815
-1.830681368471969,-1.097557013356675
-1.8362453772648981,-1.09592106818901
-1.8417709954784152,-1.0942636919822024
-1.846538666414813,-1.0927683649774442
-1.851364676595514,-1.091040989506829
-1.856228727645625,-1.0893707769265455
-1.8603059238844344,-1.087899435878442
-1.8647107099796112,-1.0863625518142854
-1.868653653736346,-1.084848841826028
-1.872373190623958,-1.083104521039882
-1.8762014234674866,-1.0811241162328262
-1.8796548862637656,-1.0790410288461796
-1.8827139180223933,-1.0765497624324052
-1.885841878157161,-1.0738510587335255
-1.8886223789020717,-1.0709263629889394
-1.8910051259502922,-1.0675896583765505
-1.8935640362336048,-1.0640618400026642
-1.8959120969474057,-1.0603112502804977
-1.8978334007881277,-1.0561180243522648
-1.8998917988101132,-1.051800479807736
-1.9018127942399525,-1.047279384170632
-1.9033162624609816,-1.042324647138681
-1.9050085001291244,-1.0370768541150113
-1.9065877469722197,-1.0317530726537945
-1.908690662926228,-1.0254006046028072
-1.9104000699890924,-1.0186498690355759
-1.9122353822729945,-1.0117880982074061
-1.9138287784415327,-1.0046750595740197
-1.9151525937091742,-0.9972888519003338
-1.9155400553700626,-0.9910089675356919
-1.9158047646085798,-0.9846868508041934
-1.9158029375803458,-0.9780861274384702
-1.9157099215505229,-0.9712585514988965
-1.9153545854270968,-0.9643102095293128
-1.9147752032381355,-0.9571274126865165
-1.914118742948972,-0.9497220305191867
-1.9131001785669088,-0.94206012584306
-1.9119515030574736,-0.9341359734792463
-1.9104524958749742,-0.9258657049342626
-1.9087339120490403,-0.917463777601703
-1.906950691433434,-0.9089536617711289
-1.9048676617127105,-0.9001433064903951
-1.9026420586400445,-0.8911585235756039
-1.900368558012699,-0.8819372966576671
-1.897841020097562,-0.8724590721651149
-1.8949664696089978,-0.8626430044910016
-1.8921787199703155,-0.8527772775701397
-1.89023545798985,-0.8420376246190122
-1.8883925000004609,-0.8312987498918486
-1.8855678664745341,-0.8211311891813338
-1.8828549009023288,-0.8111365345188486
-1.8799473671726947,-0.801031558552615
-1.8769614902888354,-0.790850869884711
-1.8742384751936496,-0.7809477994341123
-1.8711060573634826,-0.7709178809982683
-1.8678492587583795,-0.7607684533343582
-1.8647865363168559,-0.7509880913939772
-1.861298284708149,-0.7411793640030796
-1.857695239971985,-0.7312606883718584
-1.8542290991962969,-0.7216578666779528
-1.8504005079468488,-0.7120338268174453
-1.8464478651550937,-0.7022913092277598
-1.8427331213997864,-0.6930422643200636
-1.8387441367280102,-0.6837943227864249
-1.8347346852439417,-0.6745271170565565
-1.831005353165478,-0.6657402931723896
-1.8268550333884805,-0.6568921894359567
-1.8227507192623784,-0.64808838260925
-1.8189856117096173,-0.6395894390313694
-1.8148899152203894,-0.6310139023930357
-1.8107968135354051,-0.6224413208260205
-1.807550730407306,-0.613010744668123
-1.8039317163962751,-0.6035660617403582
-1.8000730564268443,-0.5938596980558398
-1.7955410123888405,-0.5849135414242653
-1.7907227182534284,-0.5756874181512303
-1.7854206023431602,-0.5661912847014686
-1.7798737862603486,-0.5564625936125128
-1.7740840003280856,-0.546524395135398
-1.7677336045341685,-0.5363777555516347
-1.7611133399649967,-0.5259377502457162
-1.754546678460257,-0.5156697014642304
-1.747392341040356,-0.5049816528540774
-1.7399901477835287,-0.4940117854395135
-1.732582688634954,-0.4831786675157013
-1.7245691674817152,-0.4719177153712394
-1.7163827330551653,-0.4604541344795018
-1.7080925850866635,-0.449087139581794
-1.699369030468239,-0.4373199960452802
-1.6903760650784396,-0.4252493081681302
-1.6820906865671161,-0.412380178633857
-1.6734358518420789,-0.3991762172891971
-1.664402309750184,-0.3855547622188502
-1.6551680872860526,-0.3721217022865971
-1.6454136412371263,-0.35821186153652096
-1.6353446744729399,-0.3439450781839981
-1.625166790214444,-0.3297832640666684
-1.6134481971367785,-0.3158259254676371
-1.601314727662532,-0.3014293678020966
-1.5894727722589184,-0.2872391691258113
-1.5769807958703839,-0.27237945924393253
-1.5640420423868153,-0.25704663599503685
-1.551381034671662,-0.24212569602921188
-1.538127566787893,-0.22664164325115982
-1.5246504288310725,-0.21092077796708333
-1.5115184861550242,-0.19559576113773788
-1.497927887482379,-0.17967967272416288
-1.4841197434195907,-0.16353321334730042
-1.4705399338909415,-0.14777235567524952
-1.4566205482356902,-0.13152734334627864
-1.4424809381313792,-0.1150490575397477
-1.4286494899271074,-0.09894665779241578
-1.4143765906683152,-0.0821635590930265
-1.4004748536863658,-0.06526001654144423
-1.3867294180949545,-0.048782296626290876
-1.3728251643234206,-0.03195078007766284
-1.3588656088169742,-0.015093617688248693
-1.345062095586194,0.0015840483043848682
-1.3309093973290778,0.018578627922701936
-1.3167128695681953,0.035591742719109656
-1.3026975524946867,0.052453254793065396
-1.2878938866196314,0.06840327707405451
-1.2729990385670245,0.08430404178950589
-1.258337287976667,0.09973564396750556
-1.2435342734670678,0.11521263863090964
-1.2291018220151413,0.13030023371230298
-1.2148276076025184,0.14478920369320553
-1.2007614116791867,0.15908568313292976
-1.187111597326464,0.17298588276516466
-1.1736727100747064,0.1863671246263577
-1.160689269700828,0.19926533392033638
-1.1478524220601554,0.21213339348528296
-1.1354019619630051,0.2244152919387053
-1.12366207854415,0.23594358486660844
-1.1122529232217124,0.2472932100905037
-1.1010141706478591,0.25782372818525146
-1.0907118717451914,0.26736129233066586
-1.080145966269527,0.27661779358003385
-1.07060154402747,0.2849093348863409
-1.0614206470062169,0.2926241259546399
-1.0518741404854464,0.29914531368470315
-1.0433522972887401,0.3046984856925616
-1.0353815747011457,0.3096585429010832
-1.0278382285920338,0.3143780581430381
-1.0211746395747725,0.31782001685877587
-1.0154506726491515,0.3202667581356721
-1.00940526399134,0.32239990302885946
-1.0044131970314343,0.32353740467993325
-1.0004905322250777,0.32354292877283514
-0.9961454852796873,0.32313698455184814
-0.9932799938682039,0.32127201184000503
-0.9906825344439338,0.3184289325086862
-0.9888830848788779,0.31492541388888246
-0.9873150057306961,0.31053461607952165
-0.9868682210247836,0.3049872491561193
-0.9861521714971104,0.299179826499254
-0.9862975960202786,0.2925220899451116
-0.9870845924144028,0.28521045908026627
-0.9872345166201519,0.27723923541536755
-0.9875419846070257,0.2686213336852669
-0.988618386971956,0.2591941130768647
-0.9899483129618493,0.2496124757377473
-0.9918823661095201,0.23910403878992398
-0.9938279921476155,0.22810142203822775
-0.9960932970479476,0.21705575284399486
-0.9985264200765103,0.20565961103495867
-1.0014457922278142,0.1938040577482501
-1.0046499908205526,0.18168431569451707
-1.0081787858928155,0.16922303034101135
-1.0121544456747158,0.15633941402034904
-1.0165029194994084,0.14304550233023056
-1.0209601611728967,0.12952546292193795
-1.0260335317107259,0.11542142693598102
-1.031875157486864,0.10073155116344523
-1.0376540412951776,0.08580584332426311
-1.0442971875732296,0.07005880859574007
-1.052381831675948,0.05311507102697506
-1.0601166484632052,0.03577321737406206
-1.0690111456680635,0.017327520878002597
-1.0795458443052266,-0.0025012334071144652
-1.0900239540245737,-0.022183541097160853
-1.0990542830246712,-0.04319969505726719
-1.1099886270585781,-0.06581525331251917
-1.121709379810374,-0.08925125631567268
-1.1338774741368314,-0.1117638733429015
-1.1483602196742473,-0.1358400908452218
-1.1630087856921,-0.16008915589838538
-1.1788364529448978,-0.18318677252108084
-1.1956317164463381,-0.2072131196837096
-1.2130311821166755,-0.23168326920410817
-1.230293467305008,-0.25553159216662064
-1.2480830725970282,-0.27993395038708924
-1.2654537484738049,-0.30472959010520023
-1.282995492827412,-0.32970356087780833
-1.3000242631754202,-0.35374049225533616
-1.3160730805853789,-0.37794387603194257
-1.3325528385000447,-0.40192866463585225
-1.3482454024947927,-0.42515498214411007
-1.3631363520190385,-0.44818796397970334
-1.3781577163790615,-0.47058857551481426
-1.3919292092661901,-0.49174397990433255
-1.4061660583795008,-0.5124675913581798
-1.41937794114463,-0.5321428194175684
-1.4327156333783904,-0.5512736156914668
-1.445653497512498,-0.569573114412064
-1.4576918984229321,-0.5889117093128999
-1.4689785865401894,-0.607470548364907
-1.4798544769073163,-0.6256346782765432
-1.4917068843764631,-0.6427836196337783
-1.5034106843243584,-0.6592626634998441
-1.5144335899059531,-0.6750598440209175
-1.5254369924479756,-0.6904789496361038
-1.5359160976192228,-0.705040786221631
-1.5456589790782287,-0.7188921585012371
-1.5553702665824898,-0.7324445636093551
-1.5645590851950297,-0.74528271505564
-1.5732799266319413,-0.7571895515052112
-1.5810621010701869,-0.7681238293771033
-1.5889551707790617,-0.7789650172261836
-1.5960451924554508,-0.7890303152624553
-1.6020755152094242,-0.7979979601763194
-1.6082114356894084,-0.8068766486191631
-1.6131192824535154,-0.8145676594911432
-1.6166855127271713,-0.8208692019852304
-1.620264157821256,-0.8271641372510135
-1.6222344503259538,-0.83190268682306
-1.6223687324554164,-0.834740086506559
-1.622221121487969,-0.8379752639219438
-1.6206490861448117,-0.840289626728773
-1.6166650262896891,-0.8401723793741908
-1.6121159068043591,-0.8395546541622763
-1.608777058736376,-0.8375631212797786
-1.602098402714914,-0.832290752802247
-1.5944099613987655,-0.8259315061408807
-1.5853966238460684,-0.819605412791795
-1.5736769914532924,-0.8106563790324538
-1.5614082481321383,-0.8010429873328164
-1.5476956755201874,-0.7916771912656047
-1.5316989469348203,-0.7800967471867909
-1.5151566563065708,-0.7680299027411105
-1.4979099695224953,-0.7557123916350929
-1.4789430294222026,-0.741690406607085
-1.460345467243382,-0.7273290376737036
-1.440874791405534,-0.7120662211490129
-1.4211476152093436,-0.6965550348085509
-1.401983971303915,-0.680521920276095
-1.3823194467285624,-0.6639724453067682
-1.3626407048946318,-0.6474098120187319
-1.342963951908152,-0.6302395172274945
-1.3232157678015029,-0.6130162317614382
-1.3041734064294876,-0.595929577336395
-1.2848406373412224,-0.5787795494237167
-1.2657881603522263,-0.5619830103223555
-1.2467754837618623,-0.5452255603195716
-1.2274561567171063,-0.5285870676986966
-1.209315656446096,-0.510662715383477
-1.1916020294953167,-0.49317938803095945
-1.1740961864007595,-0.47589796194327205
-1.1562758415632557,-0.4589071438757774
-1.1390634043545207,-0.4425323555129919
-1.1222282978462859,-0.4265270552877233
-1.1053376128966197,-0.41057161991525126
-1.0893845920955394,-0.39555746271738823
-1.0738676624404084,-0.3809650879669465
-1.0584990544273056,-0.3662301103927787
-1.0441452268989202,-0.3525186909519284
-1.0299212956008665,-0.3394093045813989
-1.0166369697552047,-0.32679468233525955
-1.0035242535800444,-0.3145472555591531
-0.9909573487669072,-0.3028284466666909
-0.979139185406971,-0.2918047289785931
-0.9675410569536749,-0.28108719756894396
-0.9565472607264741,-0.2713110370000433
-0.9470720684903922,-0.26144131475480525
-0.9379203147116402,-0.2516244376858717
-0.9298052768164212,-0.2428151388450117
-0.9220537644346493,-0.23484943915865558
-0.9151623552956125,-0.22631407725782413
-0.9086471120227501,-0.21768522840520219
-0.9029002801402067,-0.21013488588841644
-0.8977687485084062,-0.20321873065140564
-0.8927957137412919,-0.19623342246638356
-0.889091427107174,-0.19097494649507663
-0.8855563613324551,-0.18593313892296162
-0.8826491640590788,-0.18153820863411074
-0.8801114929283482,-0.17807199415815064
-0.8777621355877375,-0.17489675360853033
-0.875908915771037,-0.17223712467194838
-0.8744570000246606,-0.17067759502544447
-0.8732838478848289,-0.1693281348646642
-0.8723305787475224,-0.1687356884027854
-0.8721161790597358,-0.168866519304484
-0.871769829511493,-0.16912367714221904
-0.8719318137400722,-0.16989801427096646
-0.872763277011202,-0.17133107127217012
-0.8734685408844947,-0.17288452163196155
-0.8746758820271882,-0.17495004044160592
-0.8762465445203682,-0.17752304462650859
-0.8783319618716244,-0.18059615413594732
-0.8804853353232748,-0.18422033499807292
-0.8823914527003643,-0.18815342318310244
-0.8846157011540714,-0.19241402192530752
-0.8865429759030283,-0.19695705960429272
-0.8886340168127516,-0.20165862532616713
-0.890977865378884,-0.20662008893988032
-0.8930597300923079,-0.21182992019767277
-0.8950750871974887,-0.21697425012803975
-0.8970638512764919,-0.22209036496860707
-0.8988434748260751,-0.22740409077380347
-0.9002744802886135,-0.23237772169981571
-0.9016944321771064,-0.23733887845709387
-0.9027811747861623,-0.2426156344775031
-0.9034482558609477,-0.24748586505028147
-0.9040401559472637,-0.25249433197949883
-0.9043048625637693,-0.2577244262744288
-0.9041738415955812,-0.2625671352703558
-0.9039853220773284,-0.2677116098244581
-0.9035103833375795,-0.2730297867438472
-0.9027540108656233,-0.27807091295244113
-0.9019105838904495,-0.28325676127849686
-0.8997284487079339,-0.2897922784879285
-0.8973745751503847,-0.2961492966799799
-0.8951116153339518,-0.3024182128468198
-0.8920967164502018,-0.3095614924143603
-0.889052780989394,-0.3166642829448594
-0.8857829429155327,-0.3236746483833798
-0.882835723779557,-0.3305487857432891
-0.8799961644995914,-0.3375178274228977
-0.8769203750832968,-0.34444767314395003
-0.8742245112526706,-0.35142603266176176
-0.8718011453613477,-0.35866502626399455
-0.8692285780470143,-0.36596315632840476
-0.8671647576400113,-0.3733186063870096
-0.8652867741789112,-0.38084581015494284
-0.8636730065332063,-0.3887843667478212
-0.8628492586111152,-0.39692966533089574
-0.8621110488431726,-0.40514821199337714
-0.8619127247301753,-0.413894869125605
-0.8625119527506587,-0.42273418943983243
-0.8629188760009493,-0.43128597109077166
-0.8639860988794298,-0.43997382613119823
-0.8655007542943339,-0.4491166507927477
-0.8659063145172664,-0.45944133891300815
-0.866676721809173,-0.47012474877594446
-0.8680262565571726,-0.4813972887947316
-0.8691870877262824,-0.49284748186287053
-0.8708745039881789,-0.5048157773099511
-0.8735350178868111,-0.5176140459182678
-0.8756678036415412,-0.5305433440329111
-0.880062720842667,-0.5452518522806465
-0.884209079479479,-0.5601435323423164
-0.8894188534806227,-0.5761119441743394
-0.8962138758628472,-0.5930145020255987
-0.9030821142541507,-0.6098773786775257
-0.9108252449033315,-0.6276252171116827
-0.9203941962096495,-0.646583086347827
-0.9302743140924139,-0.6653978430108682
-0.9409822234147971,-0.6850498433180925
-0.9532617043923364,-0.7057709708073587
-0.9658665639039731,-0.7265103380343382
-0.9791848804299838,-0.7479711968852383
-0.9936950772053226,-0.769993624529432
-1.0087051078122926,-0.7925206492098688
-1.022385203174788,-0.8165069803586454
-1.0358396936141412,-0.8407946352477594
-1.0496883838451418,-0.8654756997873522
-1.0642055631116067,-0.8904782826941116
-1.0782739983674887,-0.9159938685510562
-1.0923679698953113,-0.9415366481868144
-1.1070545112028625,-0.9674458545705529
-1.1226562562596072,-0.9923448814591123
-1.1381210012588852,-1.0171074126612596
-1.1538667218392789,-1.0419728615168806
-1.1694864566480003,-1.0668751459936143
-1.1848162272206753,-1.0914881732427282
-1.2001851505698682,-1.1160083508557461
-1.2155097000760624,-1.1404033893462484
-1.2304642665974344,-1.164429014690404
-1.245428939158357,-1.188269353460247
-1.2603457920572907,-1.2117619273357754
-1.274851635139391,-1.234843912423829
-1.289345028344948,-1.2577050839425916
-1.303680241604789,-1.2801958227222026
-1.3175984367796019,-1.3022697325886496
-1.3310706657694908,-1.3237568001414752
-1.3441594524836413,-1.3446290357384834
-1.3568614231852456,-1.3651263602544454
-1.3689304147686936,-1.3849905121398196
-1.379194749317146,-1.4059891597255278
-1.3895841605537371,-1.426881071250513
-1.3991762851890899,-1.4469766986282673
-1.4083979528175923,-1.466404898914342
-1.418724440480476,-1.48425831310194
-1.4283793492763996,-1.5014389676761755
-1.4375648793872153,-1.5177114559578337
-1.4469351249341902,-1.5334888003447946
-1.4555175964479174,-1.5484765775167622
-1.4634228350158496,-1.5624238484952195
-1.471505119037096,-1.575893390984258
-1.4774672929749655,-1.5872449578720753
-1.4838200573412708,-1.5982585731823211
-1.488781219366433,-1.6078895244779308
-1.4922185044991076,-1.6159910336999306
-1.4957804891618443,-1.6239867905960799
-1.498078447675284,-1.6307275431819406
-1.4986357328414006,-1.6357199803229718
-1.4990247767488818,-1.6408611181882087
-1.4984593249838314,-1.6450554364567191
-1.496406382526787,-1.647754989907103
-1.4942745679682115,-1.6505237131550727
-1.4912818809581887,-1.6524390325235494
-1.4867326342659322,-1.65418740347466
-1.4816066804288204,-1.6553642195142848
-1.4780002408737396,-1.6548318466203238
-1.4745000459146254,-1.6538859307979983
-1.4705508428369556,-1.6524883563117427
-1.466182507355615,-1.6505711032126722
-1.462175729075107,-1.6480618345215552
-1.4580542723934755,-1.6454374947956443
-1.4535851032784894,-1.6422490623768435
-1.4493077444059357,-1.6385453899583402
-1.4449435995548332,-1.6347545114344029
-1.4402884871604336,-1.6303985040913676
-1.4355458702903965,-1.625790736589314
-1.430979498608342,-1.6210770179789857
-1.4262612022862433,-1.6162097006728462
-1.4215143385704931,-1.6110779396726136
-1.416570256063531,-1.6057492723891653
-1.4119395190696469,-1.6003104853542247
-1.4070072705850631,-1.5948702781349222
-1.402386146055759,-1.5890671764012192
-1.398502918019414,-1.5826787459275031
-1.39433472638551,-1.5762177806809208
-1.3904087127717548,-1.5693452222810862
-1.3865735201195073,-1.562561347184387
-1.382917142512172,-1.5556150278765282
-1.379219614949095,-1.5486257062974305
-1.3755550389757216,-1.5416675006717113
-1.3735450040389943,-1.5328971583986952
-1.3712435113366395,-1.5241557244953385
-1.3691995058536215,-1.5156696130883012
-1.3671515934296041,-1.5071833726065191
-1.3650273561667396,-1.4986162241951553
-1.3629593700268103,-1.4901049881522233
-1.3607710108988749,-1.481696851434393
-1.3586498901461914,-1.4733524397176276
-1.3565163434932783,-1.4649952358500706
-1.354379955981556,-1.456637141975738
-1.3523569404328208,-1.4483893408528525
-1.3503176226347395,-1.4401242443191054
-1.3482982322098396,-1.4318380978282914
-1.3464234694329869,-1.4236935265267239
-1.3446320163578587,-1.4156314697942247
-1.342788421822147,-1.4076124794914613
-1.3421076553410143,-1.3988092556494083
-1.3414846660225708,-1.3900620302538813
-1.3406317723716774,-1.381219670668258
-1.3401591260074177,-1.3723627845814776
-1.3397542712483714,-1.3635716824511592
-1.3391083260893037,-1.354696885566311
-1.3388542677255262,-1.3457125710811788
-1.3390191314218998,-1.335983986485396
-1.3391129660796357,-1.3261821647353844
-1.339370823333432,-1.3162316195592245
-1.339709826177135,-1.3063601217928311
-1.3399629166260387,-1.2964000516517642
-1.3404605659278932,-1.286218954984442
-1.3408067084544137,-1.2758839183154047
-1.3415626937203784,-1.2653634344882156
-1.341980269583493,-1.2547245652741204
-1.3424358387062532,-1.2441218797805655
-1.3433107483888163,-1.2333899824365124
-1.3440684591304084,-1.2228200471086192
-1.3449161730885089,-1.2123364381410537
-1.34588082045304,-1.201960454305475
-1.3469354078400222,-1.1916694903315919
-1.3478478088557775,-1.1815570429556759
-1.3506514044978595,-1.1699654425434372
-1.3533027115238723,-1.158509619668632
-1.3561599043896322,-1.1472600536653164
-1.3586713326913806,-1.1363477233297592
-1.360526542988795,-1.1261580484861344
-1.3625395595791772,-1.1161265047723816
-1.3642808551907126,-1.106483855069955
-1.3660397100436221,-1.0969973253454923
-1.367596037762667,-1.087890381445781
-1.3693169770257403,-1.0789457585686821
-1.371069645092544,-1.070194845130622
-1.3726573466091136,-1.0617811996414983
-1.3744392783738086,-1.0535592742479631
-1.3762906943321531,-1.0455138422540353
-1.3780014224217094,-1.0376283278862792
-1.3799746076613526,-1.0300017118269311
-1.3820599957030735,-1.0225199048476163
-1.3839767919135089,-1.0150917153469814
-1.3858810660702212,-1.0076512914548408
-1.3878699402884114,-1.0004631737504504
-1.3896001429786708,-0.9933883630522143
-1.3913431309381743,-0.9863265150615627
-1.3932167254433272,-0.9793987846286705
-1.3947306171580456,-0.9724562379035046
-1.3980506365999936,-0.9636581972887793
-1.4015132100716978,-0.9550083355363628
-1.4047320797961846,-0.9460710820237617
-1.4069524390015555,-0.9380670763536718
-1.4091857812952133,-0.9297713320080985
-1.4114078761841697,-0.9214648334794296
-1.4135251027002838,-0.9131183267728806
-1.4155712358409398,-0.9046969658934697
-1.4177755094956561,-0.8963342045946522
-1.419586451278354,-0.8880816853880136
-1.4215584509465868,-0.8799268893882332
-1.4236295932531144,-0.8718768403059769
-1.4252634612442345,-0.8639018440609135
-1.426995480970377,-0.8560142219266322
-1.4286678072121177,-0.8480766008078198
-1.4299565332336084,-0.8403309677986385
-1.4314119899084792,-0.833009495404859
-1.432336762518605,-0.8257631817870792
-1.4334559043513684,-0.8187182154950353
-1.4345465777968867,-0.8119826847272994
-1.435112390444928,-0.8052808034830973
-1.4369044792569983,-0.7977027923177188
-1.438827249061043,-0.7902580988238019
-1.4404528042140012,-0.7830861788947249
-1.442040010119917,-0.7758853734808447
-1.4438125040816183,-0.7688717365139489
-1.4438318086260016,-0.7637567253488738
-1.4437536313932706,-0.7586868796034357
-1.443678316859524,-0.7536213631525581
-1.4437051126664469,-0.7486329499091331
-1.4438050681460122,-0.7436571337290355
-1.4439188817019541,-0.7386969499232665
-1.4440829772634793,-0.73381048317274
-1.4441881618310255,-0.7287309654645903
-1.4441851283733238,-0.7235410632207454
-1.4440201608829644,-0.7184042699455192
-1.4438063789186022,-0.7130621625024808
-1.4433741456819946,-0.7074957030353415
-1.4427084966680486,-0.7020036779845614
-1.441817030643484,-0.6961897788424857
-1.4407981588571268,-0.690245547208816
-1.4396288415544294,-0.6844113007090614
-1.4382144017828107,-0.678310542236446
-1.4367818047270686,-0.6721924251494078
-1.4353062020259721,-0.6663535709364924
-1.4339295022781129,-0.6604241491387532
-1.4322427398142643,-0.6541910462182644
-1.4305173661977455,-0.6480903934908664
-1.4286577642932852,-0.6418514117229068
-1.4268012667222005,-0.6356286782332063
-1.423197915337927,-0.6313142771043596
-1.419431508098176,-0.6268306400274167
-1.4156306208348963,-0.622620543539746
-1.4119065921298715,-0.6184963684210762
-1.40817775830475,-0.6146707337527658
-1.4044576100213868,-0.6108649208496724
-1.4006503840889515,-0.6072757602757484
-1.3968186582343673,-0.6036611251469916
-1.3929010176877425,-0.6000664631314949
-1.38910999404689,-0.5966062988678396
-1.385120473611567,-0.5930028346790814
-1.3810781530529166,-0.5893481798245591
-1.3771785979575983,-0.5858891046911952
-1.373187606233701,-0.5823448623983853
-1.3693904463535511,-0.5789881999320733
-1.3656409762290678,-0.5757480141334924
-1.3619477283618078,-0.5723066579915509
-1.3585010677188132,-0.5691040231052708
-1.3551073949204764,-0.5659028209626484
-1.3518049596221542,-0.5625593802268651
-1.3487798147131573,-0.5594844543704885
-1.3447164623472558,-0.5575321137737
-1.340632751566875,-0.5555584412642148
-1.336779219430855,-0.5535446264204528
-1.333034169123344,-0.5516684936117271
-1.3293272848912867,-0.5498317031929446
-1.3259319191722454,-0.5479781999566007
-1.3225427649446995,-0.5461640624200781
-1.3192090430848495,-0.5444071909333769
-1.3159246155102067,-0.5429427186562563
-1.3127345417015848,-0.5415784562620564
-1.3094942055999281,-0.5402616602900627
-1.3066533111745455,-0.5393173975497092
-1.3038778977017793,-0.5385594829830121
-1.3013529320400399,-0.538051359429163
-1.2989824742624367,-0.5376157793797688
-1.2966915449585046,-0.5372571577278182
-1.2944074856171697,-0.5373900964256103
-1.2921722829684064,-0.5374949692119647
-1.2900828788761811,-0.5377410201514188
-1.288162310178948,-0.5381614284677358
-1.2861749437359808,-0.538643838369758
-1.284312525444677,-0.5392472114479075
-1.2826063272335377,-0.5400118115776135
-1.2809122775527346,-0.5407652369539423
-1.2790440130895433,-0.5413746844970356
-1.2775312207836809,-0.5423361857928114
-1.2760545084744066,-0.5432643010728346
-1.2746853072376005,-0.5443049755526677
-1.2733977114963744,-0.5454189948350894
-1.2721859378264126,-0.5464627657083196
-1.2711005186257185,-0.5476395481949776
-1.2700498102251685,-0.548843108777279
-1.269021365979755,-0.5500260213393454
-1.2682153627809145,-0.5514319912587634
-1.2675788735597842,-0.5530030776546279
-1.2669484128017758,-0.5545685092536805
-1.2665337775938175,-0.5563533252969254
-1.2662368091187883,-0.5582542718116945
-1.2660433227655843,-0.5600592409238218
-1.2660643655037866,-0.5620826026825982
-1.2661658338570856,-0.5641825492299017
-1.2657744551121413,-0.5668196080716921
-1.2656253731762508,-0.5694041584783084
-1.2656363908455037,-0.5721442799784765
-1.2656805915913363,-0.5748518199280952
-1.2659661573913652,-0.5774873829164666
-1.2662985241507598,-0.5801684630791613
-1.2665349348473969,-0.5828036575289841
-1.2669755052305645,-0.5853098701159445
-1.2674245278253735,-0.5878243342249209
-1.267925038433063,-0.5903196329294329
-1.2683811123163298,-0.5928035834088093
-1.2688029742971436,-0.5952575222653007
-1.2693233806339146,-0.5977746238560455
-1.2697668133718374,-0.6001746253334639
-1.2701210952612372,-0.6024909684671178
-1.2705450681981014,-0.6048417545041025
-1.2708781008078873,-0.6070383869309687
-1.2711761138282167,-0.6089814146705338
-1.2713125477907428,-0.6107595824798187
-1.2715119927817082,-0.612479588155851
-1.2713024367945434,-0.6137925144241344
-1.2711720748333564,-0.6150596924440745
-1.2708635816761544,-0.6160220906543311
-1.270420550054989,-0.6167188484501381
-1.269700434297469,-0.6178242022904333
-1.2690345100258653,-0.6185068621294082
-1.2685588753748027,-0.6189962296328718
-1.2681084307180874,-0.6195043111290653
-1.2676222686187801,-0.6199745449284788
-1.267346943649731,-0.6202500132675329
-1.2672072799404641,-0.6206577954615927
-1.2669996005873567,-0.6209946725548657
-1.2670412376055447,-0.6211012669159641
-1.2672819075026323,-0.6214037567638654
-1.2675194530365115,-0.6217040724435405
-1.2679406097752024,-0.6218348961810827
-1.2684033355499058,-0.6220068738194579
-1.2688495323847295,-0.6221676667362265
-1.2693035773351804,-0.6223213315678029
-1.2698682537140102,-0.6225863289293165
-1.2705002838197699,-0.6228700298430994
-1.2711848783200017,-0.6232394264955667
-1.2718325751339388,-0.6234450449644062
-1.2725416152118647,-0.6237097078352626
-1.273347352565695,-0.6241151270797644
-1.2740953816803586,-0.624474321713363
-1.2749172099751627,-0.624903470735792
-1.2758552943658166,-0.6256513056932801
-1.2767311205392446,-0.6263710822421934
-1.2774713374530544,-0.627262014667802
-1.279499078845409,-0.6283682125039997
-1.2812290261988337,-0.6297494457613984
-1.2840079070429553,-0.6321900982537196
-1.2868799272170022,-0.6345467479222856
-1.290276195084732,-0.6377641945564386
-1.2944308898138306,-0.6417201074812772
-1.299065733344906,-0.6453680711055179
-1.3038766926104322,-0.6494288948599063
-1.3095110648898098,-0.6542913872622902
-1.315575266946632,-0.6587305331920907
-1.3215749752105368,-0.6630686159432119
-1.3280164602669553,-0.6678333951280352
-1.3344078833639936,-0.6723495577236288
-1.3407582222241439,-0.6768622931996625
-1.3469801331400502,-0.6812424181714055
-1.3530716933467826,-0.6856447864967863
-1.3588198264015072,-0.6897716784881742
-1.364347222121843,-0.6936709068801572
-1.3699527503227271,-0.697550118318069
-1.3758974994445672,-0.7010576533547351
-1.3816337005860555,-0.7043633429870639
-1.3871163429532722,-0.7074082492680294
-1.3926827335324632,-0.7103774995473481
-1.398128119205973,-0.7132339849423972
-1.4037045450721002,-0.7155262274495485
-1.4095625000258454,-0.7176749683223858
-1.4152146934510834,-0.7197787855819505
-1.4207188243750954,-0.7217294731660499
-1.426435493996206,-0.7234445237496956
-1.4319306403183976,-0.7249639375736168
-1.4372451286465528,-0.7262963961817072
-1.44271012401333,-0.7274573855876916
-1.4478089210403777,-0.7284405166100247
-1.452761076368496,-0.7292717072626416
-1.4579293191019915,-0.7299419770298263
-1.4626765351609592,-0.730452446105349
-1.4671972584383217,-0.7307283661420483
-1.4719744693678947,-0.7309742489632408
-1.476398406217552,-0.7309941329326242
-1.4806280208565756,-0.7308125162019135
-1.4849937630622552,-0.7306395337201345
-1.4892131082988707,-0.7303143948336639
-1.4930809515392,-0.729775928453085
-1.4970856660600675,-0.7289756176669873
-1.5015407990247922,-0.7274301236875845
-1.5058287105872392,-0.7257003933887721
-1.5097946340987591,-0.7236580712796352
-1.5137117856358062,-0.7212391646627941
-1.5173603780813265,-0.7185075302032331
-1.520836915270542,-0.7153056352725329
-1.5237684189751337,-0.7111216045768795
-1.526487711857895,-0.7064340154146028
-1.5276274008609056,-0.7001693441507667
-1.5289046803796402,-0.6937781554370401
-1.5290575122486392,-0.6862176068719464
-1.5279922019143157,-0.6774777474139629
-1.5266744117640985,-0.6689659317115514
-1.5246673377608813,-0.6597361655230793
-1.5215866790568897,-0.6494682070343752
-1.5182313795624907,-0.6394486886601964
-1.5145582591510969,-0.6290974372727259
-1.510223700607236,-0.6181069850431122
-1.506002354306439,-0.6071522535508347
-1.501517878935912,-0.595920850917412
-1.4969929909224036,-0.5845106829979498
-1.4923091025556539,-0.5727776181414193
-1.4880151500090486,-0.5612781547734413
-1.4846118384688267,-0.5491583883904712
-1.4809165445715715,-0.536833327773639
-1.4770107072559497,-0.5247595901665513
-1.4732485422992412,-0.5128224277046793
-1.4695029678693057,-0.5009009788589922
-1.4656422750085953,-0.4890825757356145
-1.461856616706145,-0.47733470803735506
-1.4581453338123274,-0.4656630379313606
-1.4540667067525639,-0.45432776297401306
-1.450053531683308,-0.44305411264221367
-1.4462617470951833,-0.4320108664345389
-1.4421864653697702,-0.4212278281629552
-1.438179628305092,-0.4105095733408829
-1.4344261001143812,-0.40005566801322257
-1.4304532485903714,-0.38980361217089265
-1.4267902340504222,-0.37985112637500806
-1.4232092854271,-0.3699865445515175
-1.4193363045236091,-0.36039190529503795
-1.4158029249001294,-0.3511264899016257
-1.4124394650320915,-0.342042847169769
-1.408823442089813,-0.33319330185065665
-1.4056486140941487,-0.3247793547509975
-1.4025687822377015,-0.3164680355132301
-1.4009062030878248,-0.30661584867358777
-1.3991777210721559,-0.29698376893970607
-1.3979126239972224,-0.2878123829159772
-1.396427605588336,-0.2788271177991642
-1.3941215233567823,-0.27069061843536335
-1.3921659333791598,-0.2629230955647533
-1.390387081006176,-0.25532503823731445
-1.3882134737020282,-0.24809688665565163
-1.38643321796921,-0.24128320260541103
-1.3849262578671624,-0.23473113654812022
-1.383086403839991,-0.22861066889708567
-1.3815263908701825,-0.22279358329071747
-1.3804909363287265,-0.21749154213718647
-1.379093902768685,-0.21252934371167673
-1.3781331440299125,-0.20802826401953206
-1.3776171195965816,-0.20395956902370313
-1.3769068980943076,-0.20007398795295292
-1.3765493471148178,-0.1965654801130527
-1.3764201209680629,-0.19327968754110017
-1.3761529066642475,-0.19012426371057733
-1.3763013495951761,-0.18740639487936686
-1.376651793452329,-0.18488648169558247
-1.3769253123302585,-0.1824394415472613
-1.3780023026786277,-0.1799320999888999
-1.3791977654854668,-0.17768376308056386
-1.3807268529947028,-0.17559892329205928
-1.382254589292679,-0.17365456337544077
-1.3830440876452679,-0.172476177639082
-1.384282032206314,-0.17135748239877263
-1.3854520521595908,-0.17043863407060222
-1.3866397531885561,-0.16952998056826443
-1.3882352036382277,-0.16868222829378096
-1.3897623365209029,-0.16783543765371134
-1.3915104824787816,-0.16719959178431532
-1.3935655720404199,-0.16652136238240253
-1.395704779384302,-0.1656470472283267
-1.3980012835028812,-0.16492314187808205
-1.4005203170132383,-0.16405807527423177
-1.403027572757258,-0.16308748274120424
-1.4058053042534722,-0.16237478985716633
-1.4086708318592176,-0.16143314462975242
-1.411528413472137,-0.1603849757472064
-1.414458212819565,-0.15940229047173526
-1.417487125545671,-0.15837994402628822
-1.4204635546963738,-0.15711542762285707
-1.423382300215288,-0.15579153899974818
-1.4264307939962577,-0.1544302109086905
-1.4296704243733958,-0.1528777287289655
-1.4326571926666256,-0.15105854717871503
-1.4355693199430748,-0.14916792268494436
-1.436971104165046,-0.14887192428088145
-1.438444232608665,-0.14850910487121255
-1.4396859573293799,-0.1479072689584882
-1.4408836884287533,-0.14725768019258262
-1.4422959201289058,-0.14640725671106794
-1.443491631749534,-0.14533220006141276
-1.4446380072471041,-0.14420066985291116
-1.4459609705875511,-0.14290379632813327
-1.4470661711520152,-0.1413887014765758
-1.4481598422734145,-0.13985455607586647
-1.4492734743334075,-0.13818323455589035
-1.4503349693294654,-0.13646228993043172
-1.4512342078252376,-0.1345691696894904
-1.45214987949356,-0.13266055966265616
-1.452914237399019,-0.13060838561710222
-1.4535238483370205,-0.12839192099047403
-1.4540581632236291,-0.1262458215978809
-1.454553780705632,-0.12406284223883927
-1.4549439237008375,-0.12176776719363842
-1.4551663000419426,-0.11962968056259292
-1.4553616747512927,-0.11746583860807415
-1.4556965149813161,-0.11493413189128678
-1.4558703068813064,-0.11255319471481204
-1.4555054815962818,-0.11050742600479678
-1.4551098706341143,-0.10843190865932942
-1.454373567615661,-0.10667555311667885
-1.453606966625697,-0.10489546717010922
-1.4527114494704971,-0.10299787572367365
-1.4512964211056196,-0.10158736722801094
-1.4498799266499827,-0.1001836244104207
-1.448544866971607,-0.09886502802902922
-1.4467861066052743,-0.09794395908311973
-1.4451066419502143,-0.09710697725436239
-1.443375398535596,-0.09622096388603132
-1.4412771889443197,-0.09567947812090107
-1.4393683939686595,-0.09533877994300484
-1.4373702959843584,-0.09491341583389958
-1.4349050022003187,-0.09492686768617505
-1.4326261826265074,-0.09513767288661067
-1.430310841485724,-0.0953134913272482
-1.4275081601960584,-0.09594722699158637
-1.4248972076321145,-0.09678343396671354
-1.4223500333751742,-0.09767924486503331
-1.4193915914410602,-0.09896161178836964
-1.4165357753698073,-0.1006392095554863
-1.4138069665222361,-0.10243592745002954
-1.4107976057969418,-0.10470423602140204
-1.4078163241290802,-0.10717505327491215
-1.4050291985311603,-0.10984979233200322
-1.4021533128383221,-0.1128144360123064
-1.3993473544558854,-0.11584486849662345
-1.3965636811050504,-0.11875069618432603
-1.3936679404075916,-0.12186257709331007
-1.3908744722243855,-0.12507564526724577
-1.3880834906175352,-0.12822096024710464
-1.385271426861345,-0.1314653910658787
-1.3826271985875267,-0.1348766876611465
-1.3799859266136818,-0.13818837838714482
-1.3774698172799755,-0.14159459080296272
-1.375103826963121,-0.14514933110419567
-1.3727736698242894,-0.14855914597482603
-1.3704992361341921,-0.15216655053059436
-1.3682766272185136,-0.15582699926198387
-1.3662469858893873,-0.15945265397868302
-1.364302208047852,-0.1632990465327589
-1.362483577080629,-0.16727691117400662
-1.3607282121609352,-0.17111411984694289
-1.3581733160265472,-0.1759681334884941
-1.355799830101498,-0.181011802119534
-1.3535819320762457,-0.18595562645433222
-1.3513993428449724,-0.19089113002405797
-1.3491785154138618,-0.19629832022012295
-1.3470951521429266,-0.2016253352952911
-1.3451714134516646,-0.20711890205708808
-1.3432906481153981,-0.21262148718485024
-1.3417092212897352,-0.21794879755845867
-1.3401292978846364,-0.22327659618866114
-1.338733409972652,-0.2287458272440057
-1.3376767420129476,-0.2339546717495226
-1.3366500368612846,-0.2391942418858938
-1.3355203210319415,-0.24450912023729246
-1.3345406747077007,-0.24952111535937996
-1.3336311869793573,-0.2546060018573688
-1.3325560740967928,-0.2597821191578551
-1.3316559671686818,-0.2647826075867756
-1.3308706120617084,-0.2699026349402582
-1.3299210814709417,-0.27515634986697707
-1.329309350720799,-0.28021138957634606
-1.3286848135134557,-0.28525236564908113
-1.3263467553036392,-0.2919471266252031
-1.3242748419497021,-0.29839325383862003
-1.3221520157957052,-0.30477929684976673
-1.3198999167020826,-0.31104550059655217
-1.3179571169115345,-0.31702298113418725
-1.316108454493876,-0.32280880271499873
-1.3142173195866147,-0.32856073924947904
-1.3125317462493384,-0.3339151852576843
-1.3108309024119662,-0.33925559395304355
-1.3091170133527605,-0.34458302983220346
-1.307658541050249,-0.34967245201728114
-1.3062030698398204,-0.3547654849821018
-1.3048710583039134,-0.359987973255447
-1.3037632001046755,-0.3650017900164673
-1.302675820507464,-0.37004137368333956
-1.3016878430803325,-0.37517989846122984
-1.3008853837220584,-0.38014595018557235
-1.300060607675012,-0.3850957331768656
-1.2993619093167625,-0.3901713936901687
-1.2987081343681455,-0.3952057161608893
-1.2980036472755674,-0.40019391969967966
-1.2975000269063266,-0.4053806406213502
-1.297101135859492,-0.4104704028257197
-1.2967985470985168,-0.4156609875936788
-1.296559575959237,-0.42091359160832204
-1.2955404012866356,-0.4270185048055209
-1.2945738609769812,-0.4329849570755708
-1.2936528215027545,-0.43899707941891775
-1.2938021591090574,-0.44424137556562027
-1.294001419332535,-0.44920951736918774
-1.2942365913938194,-0.45421761015218176
-1.294571392003916,-0.4593635474242841
-1.2947406601527578,-0.4643767495320792
-1.2949594723455609,-0.4694815281087959
-1.2951860066143905,-0.47458524034688654
-1.2954143500481203,-0.4796884203756651
-1.2956684217614167,-0.4848231948548226
-1.296019326302627,-0.49004957256298454
-1.2963607991692483,-0.495285920316996
-1.296758118198528,-0.5005832686732699
-1.2971236328046862,-0.5058440352330068
-1.297586114200166,-0.5110161583383723
-1.298286381332199,-0.5164298115346843
-1.2990150993915912,-0.5218642381478413
-1.2998539680101393,-0.5271981383266405
-1.3008823779249665,-0.5327288884067408
-1.3017883305371292,-0.5381259720555271
-1.302952225069863,-0.543599596192822
-1.3042790377720683,-0.5487703167823174
-1.3055668444227084,-0.5538967336402436
-1.308620639607255,-0.5574841859337991
-1.3118712744835384,-0.56115495339413
-1.3151034991180595,-0.5649772570909563
-1.3184672331028016,-0.5689355519049845
-1.3218883920538287,-0.5730886458214081
-1.325359921310399,-0.5772970788234997
-1.3289583451850653,-0.5815315389711593
-1.3326733642334319,-0.5859107546548965
-1.3364766214819976,-0.5900205564016955
-1.340381676366809,-0.5942242491853451
-1.3442249275042903,-0.5984795092025403
-1.3481707139907892,-0.6025259837534491
-1.3522607625744365,-0.6067078404027412
-1.3562373829480459,-0.6108885915246369
-1.360357545712547,-0.6148070354107402
-1.3645745768183235,-0.6188194307148382
-1.3685579215061254,-0.6228301724446551
-1.3726605688258482,-0.6266198065832245
-1.3767178967110063,-0.6303654476139171
-1.3807808897975624,-0.6340964375482289
-1.3847831363292538,-0.6377645531405274
-1.3886818556168168,-0.6412525714848161
-1.3925677236013247,-0.6447809543274771
-1.3963449691336685,-0.6481969609797483
-1.399993043628469,-0.6514642079587047
-1.4045480289152203,-0.6538487801808357
-1.4089332083532085,-0.6562521005997413
-1.4133787739273187,-0.6585944488952179
-1.4176195592972962,-0.6607380642632793
-1.4217118211562043,-0.6630568632189582
-1.4258078513888115,-0.6652547766585539
-1.4297908552436012,-0.667343002241551
-1.433864676698285,-0.6694869694693211
-1.4377687339326666,-0.6716027531530874
-1.4415550252112068,-0.6736043047767805
-1.4454421449219894,-0.67574546087836
-1.4493016992328696,-0.6777533651201035
-1.4530209858982122,-0.679625270849788
-1.4569209881797287,-0.6817001252840482
-1.4607371417867576,-0.6836839830976367
-1.4647734335814346,-0.6859010862670157
-1.4687250120708624,-0.6881955280848969
-1.4725632216991313,-0.6902915721499683
-1.4767548159385042,-0.6927635095651974
-1.4811497346089362,-0.695389619312164
-1.4854529880929455,-0.6977440071498867
-1.490275586686501,-0.7006448540117073
-1.495490755833615,-0.7038074446302379
-1.5006959910774287,-0.7070209873678903
-1.5063319101324661,-0.7106860177876914
-1.5125162897616053,-0.7147842251965946
-1.5189015089162579,-0.7184346436662659
-1.52573788569148,-0.7223866965008495
-1.533197579686875,-0.7269300868720777
-1.5410208457742696,-0.7308961849122579
-1.549212923468399,-0.7352442565120746
-1.5579756371856053,-0.7402364442524653
-1.566920306907918,-0.7448171361079999
-1.5760735816836628,-0.7499825941978159
-1.5857142368448458,-0.7556188596889152
-1.5955809888005914,-0.7610586253970988
-1.6055725873889692,-0.7669478875792864
-1.615856315028014,-0.77311895844711
-1.6264464293479906,-0.779120295943751
-1.6369501943396918,-0.7854446427751531
-1.6475871190509654,-0.7918970547746247
-1.6586010712420869,-0.7981702016136354
-1.669600589586145,-0.8044583658623448
-1.6805167983076694,-0.8106617012825308
-1.6913461825249334,-0.8169088189784145
-1.7022841854807687,-0.8231260057104088
-1.7129641817762076,-0.8291570696714456
-1.7234226362009724,-0.8349737659468963
-1.7338938710351104,-0.8407514503732214
-1.7440208001698563,-0.8461943788230187
-1.7537432354401066,-0.8512465655011192
-1.7636456657682302,-0.8562738834337548
-1.773020393818956,-0.8608750526425372
-1.7820264809293713,-0.8651201942417663
-1.7905190425398998,-0.8683809692495831
-1.7979243506901952,-0.8701705614090599
-1.8046671021166079,-0.8712682399637639
-1.8108298383092662,-0.8715349142596818
-1.8165643990563287,-0.8712037299006139
-1.8223541093627924,-0.8707752232584918
-1.8274074180335547,-0.8696264747318423
-1.8334300028809356,-0.8673763897640745
-1.8389476680009715,-0.864597079820728
-1.8443973726778864,-0.8615183901255761
-1.8493238948386153,-0.8579386488789779
-1.8534882204063634,-0.8535584212032382
-1.85773435766706,-0.849104906787746
-1.86144276871531,-0.8442105652770522
-1.864399289735391,-0.8385261760521178
-1.8670004694324904,-0.8328166361656691
-1.8689109743713015,-0.8266136090246256
-1.869909165867441,-0.8194517250871642
-1.870167990920965,-0.8120143543677736
-1.8697223229807471,-0.8043034772374182
-1.8685726120413155,-0.7958518807686039
-1.866428008110092,-0.7870006998682614
-1.8634228062257876,-0.7779696603687487
-1.8598137114557782,-0.7683033152109516
-1.8552000308453327,-0.7580339847830366
-1.849714992903286,-0.7476702260075969
-1.8435995547952806,-0.7366435218694357
-1.8364786979685852,-0.7250581308019627
-1.828634738741396,-0.7133622712976888
-1.8202532835970193,-0.7011011969073843
-1.8109755457326147,-0.6883920925092745
-1.8011308909072927,-0.6755581402344268
-1.7915780040400364,-0.661779843226732
-1.7813820924087034,-0.6473753031477631
-1.7708831335396078,-0.6332480448187329
-1.7600514603126358,-0.6187915717860717
-1.7487532987817016,-0.603873907785093
-1.7371643982015292,-0.589277179322541
-1.7251127477071546,-0.5745448122797602
-1.712895180214624,-0.5596381170211404
-1.7007370001474196,-0.5447314403463612
-1.6879884528091293,-0.5293822397160232
-1.6755168221902985,-0.5142131021914118
-1.6631020529491534,-0.4990834946203443
-1.6504985817725422,-0.483824245453602
-1.6383056482127167,-0.4688547454400981
-1.6263501263649427,-0.4541004998159128
-1.6142216183169034,-0.43938563591690766
-1.6026692820704098,-0.4250721212549411
-1.5913858110937722,-0.4110032286319089
-1.5805456120615409,-0.3978624516005026
-1.5709614134408247,-0.3860625028498598
-1.5620552114183075,-0.37497772331205736
-1.5535743092666587,-0.3645643223868694
-1.5459479447244262,-0.3543830940587403
-1.5386963064122074,-0.34360713396707715
-1.5320943398310032,-0.33345121164412733
-1.5247694154162212,-0.32413397218586193
-1.5179562393383277,-0.31535681223797996
-1.5111912447120914,-0.30684223155338236
-1.5053084664146006,-0.2984805784721325
-1.4998778497663767,-0.29059633387098593
-1.4946853871274335,-0.2829372910059521
-1.4904525628427905,-0.2753168751624888
-1.486283755801104,-0.26776442223827424
-1.4824410786272229,-0.26020462667181593
-1.4795782368779928,-0.2528410449771609
-1.4767645167726344,-0.24552945616094812
-1.4741964968527688,-0.23801684747466367
-1.4723175151654764,-0.2307612719727951
-1.4704233615068054,-0.2234894465091309
-1.4686966419627894,-0.21582292434893596
-1.4676156453474989,-0.20849883851231368
-1.4664826304658387,-0.20111907871326065
-1.4654122195752899,-0.19336387265361096
-1.4646691008176518,-0.18590358431874543
-1.4640125275932363,-0.17869713704295678
-1.4640234194347654,-0.1701986798657808
-1.464440374277452,-0.16207758464573327
-1.464775030309826,-0.15388733317882786
-1.4652751667685895,-0.14554144750078998
-1.4657521539221496,-0.13715923594263318
-1.4653215502801749,-0.12952553381013904
-1.4648346256169782,-0.12185223183288463
-1.464273561152848,-0.11399867216639972
-1.463849727377505,-0.10640460068841953
-1.4634088988928218,-0.09881303589136818
-1.4629368564149712,-0.09113303146553103
-1.462751572812872,-0.0837416220762111
-1.4625952519782714,-0.07640261033885004
-1.462362589929986,-0.06904211501499447
-1.462598889415177,-0.0622340693561237
-1.4625964823676476,-0.05530585938774311
-1.4626073077059365,-0.048390802413742856
-1.4627373427879309,-0.04166923193439445
-1.462636815232493,-0.03486506444006296
-1.4625337541990764,-0.028057368267821247
-1.4624003375368029,-0.02140103628626483
-1.4629676175945507,-0.013983108632212077
-1.4634090385128162,-0.006461605811821314
-1.4638774548012672,0.0010391357557309594
-1.463977800247301,0.008193396476814814
-1.4638083720492312,0.015602832660236302
-1.4636675049384995,0.02299234658363357
-1.463015087794235,0.029899532680712628
-1.4617292829225275,0.036311797125622665
-1.4602890331739788,0.04288465334744269
-1.4584405347274734,0.04907211380729825
-1.4564539599729511,0.055388946584321266
-1.4541628249054048,0.06201010528874198
-1.4513634813986025,0.06815062208630975
-1.448450073456507,0.07439338459807872
-1.4452054631981446,0.08095914495337747
-1.4413869240878125,0.08698084196023712
-1.4375594597115502,0.09298437648689493
-1.433474847688995,0.09924202600504602
-1.4288649876573694,0.10500010138283263
-1.4240205017833463,0.11098041832233249
-1.419052410066509,0.11686818707062936
-1.413628664098157,0.12281736127813474
-1.4082220038654403,0.1287212282990103
-1.4033875389250614,0.13497452210109673
-1.398386984661932,0.14106633809901115
-1.3933516363902312,0.14719510420347248
-1.3883351404267632,0.15322988987002664
-1.3834805859452508,0.15913998238473226
-1.3784610827016914,0.16539124580588574
-1.3728650150374118,0.1706759784097736
-1.3671857523758524,0.17587853049270155
-1.3615355571225938,0.18107260922628568
-1.355779450190432,0.18646188396138383
-1.3502446626002613,0.1913640317750578
-1.3449242766507001,0.1965043311262699
-1.33958433851887,0.20166293182916664
-1.3341376531308247,0.20646449099930786
-1.328593112898529,0.21151064964975627
-1.323045780606426,0.21655946763738884
-1.3173660454993756,0.22136062760836564
-1.311636819455926,0.22623511108164449
-1.3059939592710172,0.23102871827016308
-1.3002755293602055,0.2356537378535181
-1.2945519641740602,0.24038053119002697
-1.2889308930463113,0.24501134952112003
-1.2832754459543727,0.24931744225981045
-1.277608072085478,0.2537240170662222
-1.2720191130959762,0.25789916218920017
-1.2662807740065947,0.26177501613319826
-1.2606363614160077,0.2657433562886017
-1.254005214354583,0.2686935818118077
-1.2476240828024598,0.2714098989034943
-1.2413158395206743,0.2740492358032044
-1.234984357355562,0.27666433071700963
-1.2289337692563629,0.2790163951673104
-1.222945815898194,0.28130240891124614
-1.2169172730981812,0.28354772785472776
-1.2111298546286908,0.28556723405089635
-1.2056128316357388,0.28729901717840634
-1.1997333629574582,0.2886802326073773
-1.1943057269795614,0.28961236509634514
-1.1885448574413446,0.28992918030413384
-1.1832460839697427,0.2900404554962887
-1.1782720713199195,0.2898477888780589
-1.1729988933029876,0.28916976141406986
-1.1682955964621031,0.2881049239822318
-1.1639923681071032,0.2866654962795669
-1.1594359984253122,0.2847738651697236
-1.1553991189889823,0.2826014727030573
-1.1521697396886632,0.27963990883404183
-1.1481082925716883,0.27580559736836824
-1.1442057861823416,0.27109709276049954
-1.1408451450186259,0.26588052650861466
-1.1371244928427937,0.25948000420462114
-1.1336788000840472,0.2528691314624769
-1.1306941799612187,0.2457718602513754
-1.1275660818095685,0.23833124384101192
-1.1246288753039544,0.23066859141130316
-1.1220426312012701,0.22263748533723862
-1.1194036320480563,0.2143292567589726
-1.1170849237152634,0.20587435446850444
-1.1151482876507872,0.1970187294442131
-1.1131838122820148,0.18784221906937992
-1.111483068365535,0.17868207712658257
-1.1100034483211907,0.16929210192659386
-1.1085087202830513,0.1595029484497501
-1.1073118125523536,0.1498728886641097
-1.1063721790594625,0.13997510057671067
-1.105480565351933,0.12976994806203737
-1.1048070360460152,0.11972315740065269
-1.1042350463023323,0.10957315276322425
-1.1035815548061993,0.09914788413225264
-1.1013839699895385,0.08710172459069779
-1.0992976288966787,0.07494722107281011
-1.0973604998017443,0.0626465730883802
-1.0954272577570985,0.05035187219252196
-1.0936851652690471,0.037872356738094845
-1.092150089452447,0.02534573627645238
-1.0907487070908493,0.012857847869313864
-1.0896481416374804,6.935076262733661e-05
-1.0885783673124123,-0.012687158446783307
-1.0877072138202017,-0.025649004396069475
-1.0868604632632335,-0.03862785664526742
-1.0860482581157942,-0.05157099556322044
-1.0853991472610347,-0.06468373451363969
-1.0848224614587774,-0.0778621837757644
-1.0845341480548891,-0.09076305962021028
-1.0841300879576217,-0.10354547566793774
-1.0837642280674022,-0.116349675042249
-1.0840416577751841,-0.12854000894289141
-1.0840454983356695,-0.14045267027408984
-1.0846724016503693,-0.15205844608332492
-1.0850732146377917,-0.16324304472928994
-1.085556543251881,-0.17452667953442427
-1.0865384249261458,-0.18553879596346703
-1.0869732908325456,-0.19615613639911206
-1.0851169143783321,-0.20881065071724822
-1.0838377350685429,-0.2213655090881496
-1.0823384478104303,-0.23368251379462227
-1.080507297880906,-0.24567141096879047
-1.0799031539512345,-0.2569655802024134
-1.07973206242798,-0.2678937260740683
-1.0795927948646669,-0.27887964587000413
-1.079360859980086,-0.28917073816150723
-1.079443164675992,-0.29976786343927986
-1.0798571211132506,-0.3107100478334934
-1.0804664844391865,-0.3214698232906731
-1.0817370170582763,-0.3328724505553045
-1.083922492126339,-0.3452225247632777
-1.0860305402089852,-0.35764766420411676
-1.0889999549408425,-0.37091052349261594
-1.0932828881389893,-0.38553058777108307
-1.097729506438972,-0.39999876430921355
-1.1033733162696966,-0.415631798244611
-1.1103361469876107,-0.43262582842537917
-1.1179084809726325,-0.449051292531162
-1.126987537680982,-0.4669443696412035
-1.1370263597351105,-0.48582740756498694
-1.1463791662120604,-0.505547820378321
-1.157947674002065,-0.5274729417773384
-1.1699110857741195,-0.5489652807954057
-1.1827686766835503,-0.5710136940295352
-1.198304551859415,-0.5922659647527614
-1.2139737681821559,-0.6132979854495514
-1.2302386341979665,-0.6349432377602989
-1.2473162026572049,-0.6570536141451471
-1.2643142066295308,-0.6789937536793019
-1.2816535489338778,-0.7012856825073854
-1.2996259666969547,-0.7239395158432884
-1.3174218977101348,-0.7461962449951027
-1.3356985396645125,-0.7686573817790672
-1.3540868250161446,-0.7912196650829783
-1.3727256267862284,-0.8134560516322691
-1.3915899927235889,-0.835664870753283
-1.410527070923585,-0.8579376091842693
-1.4298051022968468,-0.8797712760352405
-1.4489373188043562,-0.9016095171448594
-1.468287794717215,-0.9236652707435299
-1.4875791659217037,-0.9448716270590808
-1.5064381028883085,-0.966020336039196
-1.5251300393005793,-0.9872950976629465
-1.5432111278717575,-1.0079522597337933
-1.5615243223442241,-1.0284216923247476
-1.5791370332445194,-1.0481954024975826
-1.5960721437508911,-1.06728104009621
-1.6133862263727676,-1.0860490343836047
-1.6322190350091415,-1.1019581004500765
-1.6499857646256237,-1.1167737238782256
-1.6679704066055958,-1.1310946299992108
-1.6852697720881813,-1.1447539838470118
-1.7014111932640803,-1.1572246192783602
-1.7173890580401636,-1.169295164786682
-1.7321047053922976,-1.1801121127808276
-1.7459763111513167,-1.190049584156797
-1.759364853080164,-1.1993411104525777
-1.7712188971197698,-1.2071016984227807
-1.7822360138997737,-1.21389040881844
-1.79233730689872,-1.2198090358989353
-1.799702307180687,-1.2229623553903701
-1.8073815204251886,-1.225845301207509
-1.8132116335202653,-1.2268832677930899
-1.816738586492676,-1.2255948864763808
-1.820345444401209,-1.2242374956613682
-1.8230627712738023,-1.2209821313113203
-1.8237721768667234,-1.215659111796671
-1.8232809979774773,-1.2099148255177632
-1.8211734510717565,-1.2025485392111026
-1.8175420452830515,-1.1936118090369623
-1.813958840647825,-1.1829229403154977
-1.8080091074961469,-1.1700295174193585
-1.8010633853948457,-1.1569628758183448
-1.792529368198199,-1.1423077861515345
-1.782895569255651,-1.126664449379527
-1.7726346923415772,-1.1107408391217473
-1.7607210773792374,-1.0934233966756497
-1.7477658328251677,-1.0750682721095628
-1.7347058611446946,-1.0567974399471405
-1.720406762841774,-1.0372926561892482
-1.7051166127800335,-1.0167940306136491
-1.6897735410681638,-0.9963333647046286
-1.6734917106486005,-0.9749391638608464
-1.656452043917789,-0.9527803893009066
-1.6391266387444585,-0.9308681912735602
-1.6211410135676672,-0.9083081836768703
-1.6025904244329832,-0.8851795662127735
-1.58360947321416,-0.862430853613657
-1.5642179515050054,-0.8392874120263691
-1.545587431924082,-0.8144481293966593
-1.5269156716335968,-0.79022111508502
-1.5081089724934882,-0.7658632715881456
-1.4892314350916778,-0.7411329445626568
-1.4710139950162315,-0.716722806859589
-1.452332118615967,-0.6924641293819258
-1.4339331778732987,-0.6684686241046992
-1.4163092620561288,-0.6449132508432066
-1.398358766975236,-0.6215678037838548
-1.3808814931814386,-0.5986755456082562
-1.364511162410557,-0.5764711924818942
-1.347851376932235,-0.5547015951722977
-1.3321887985225465,-0.5333101406096885
-1.3174877774958142,-0.5129153976478281
-1.3027109335335236,-0.492795930860912
-1.289030269503568,-0.4733708321754753
-1.276432222438783,-0.4550686693510443
-1.2640264350042525,-0.4371257982950623
-1.2527007687166334,-0.41995668832131217
-1.2426986068725472,-0.4041612341550258
-1.2331764159432403,-0.3888027998296882
-1.2256164291043352,-0.3750148564245919
-1.2184259046944839,-0.36170641829909966
-1.2134712827399274,-0.3475532809102486
-1.2100644498437523,-0.3348964879819831
-1.2071359071774406,-0.321794724783459
-1.2038879073227324,-0.30941633944930147
-1.2021515547113697,-0.29854427000514533
-1.2020136201438583,-0.28764904530063073
-1.201778693569525,-0.2766965214757852
-1.2026180513450713,-0.2668186076303692
-1.2045699252533233,-0.25725270963662983
-1.2066409624606353,-0.24765647924135428
-1.209378578658403,-0.23874632932125125
-1.2129822159803947,-0.23068356165863535
-1.216749951744969,-0.22270167001430355
-1.2209058036886629,-0.2151290494178834
-1.2260588026211967,-0.20842617154381096
-1.2315121102518796,-0.2020441716826598
-1.2371269721309865,-0.19573384318690382
-1.2434034350466652,-0.19024813287651388
-1.2500928938051745,-0.18520094280656427
-1.2567784056425872,-0.1802850769253485
-1.2640388590688532,-0.17596809207845596
-1.2716520453858837,-0.17202912224405517
-1.279265901416503,-0.16814678199531344
-1.2874251049436927,-0.16482158084664605
-1.297448013360499,-0.1601662971094155
-1.3074036994993947,-0.15543246814786651
-1.3178773345015276,-0.15119738529724194
-1.3274064989045775,-0.14848612701694633
-1.3368497552819885,-0.14585269224204397
-1.3467365563716376,-0.14352925453489607
-1.357007297964489,-0.14161009833141897
-1.3670316447447948,-0.13980672097271432
-1.3771530013939735,-0.13818709905126036
-1.3877143516455515,-0.13703222392847822
-1.3980459519014417,-0.136009163717679
-1.408538413756442,-0.134927751716034
-1.4193950538274547,-0.13423213406947218
-1.4302223805383876,-0.13375396044582344
-1.4412760502402326,-0.13352297026707946
-1.4520940648966538,-0.13351164394695852
-1.4631011290041465,-0.13367435292430602
-1.474501687783463,-0.13426776020897174
-1.4858200136182895,-0.1349363932898755
-1.4974674987193162,-0.13589481950672944
-1.509292579146433,-0.13707627837887698
-1.5219488153198766,-0.13734118238081686
-1.5345129959156432,-0.1369131231652203
-1.5473468818945721,-0.13674204468094264
-1.5601770606120553,-0.13698011361269127
-1.5730761978069403,-0.13633307982088877
-1.585204859647498,-0.13794429762929342
-1.5965712165915054,-0.1388327478216383
-1.6078494778868546,-0.1398031383857617
-1.6194590818819636,-0.1410631607813386
-1.6300415053726167,-0.14133988947077292
-1.6398686442243722,-0.14231823757617165
-1.6498766044390014,-0.14347664396429588
-1.6591582269074205,-0.14393326132064502
-1.6678847898631732,-0.14490403428242482
-1.6763273024174832,-0.1456037639936598
-1.6844594777273598,-0.14598661139657332
-1.6924743281970405,-0.14647702109624874
-1.7001662880673063,-0.14665014947995494
-1.7077296218528843,-0.14667921499660333
-1.715118695660796,-0.14666249858813843
-1.7224738904524237,-0.14661499768295305
-1.729486989964225,-0.14620166052238395
-1.7363953293484211,-0.14588458884456476
-1.7431642742478834,-0.14543120885393576
-1.7510582272614938,-0.1436188372283439
-1.758833351066994,-0.14191510953682016
-1.7665802930690684,-0.14016978313451872
-1.7742466457955333,-0.13834711575699188
-1.7818307250302123,-0.13659933188137918
-1.7878301853655214,-0.13642800635608857
-1.7939199336137188,-0.1363415055412031
-1.800061714915286,-0.1361277615966473
-1.8061339174590405,-0.13580982758264395
-1.812208258140311,-0.13548618791503803
-1.818123470436195,-0.13530917838412385
-1.8239559465324469,-0.13504334211116648
-1.8298750422139203,-0.1348585956680812
-1.8355969055248293,-0.1348555318664028
-1.8411676950021179,-0.13468983340016816
-1.846874828936161,-0.13465149141940352
-1.8521386447489547,-0.13502155894563808
-1.8572743702579364,-0.1352536933611025
-1.8623007186664258,-0.13558161972794866
-1.866752376956795,-0.13582672025714185
-1.8711959460426961,-0.13622004944635455
-1.8753781329060129,-0.13637016416964684
-1.8788052852796329,-0.1362338248717209
-1.882210734757566,-0.1363058100707079
-1.8856213004199525,-0.135288020945497
-1.8884042959533012,-0.13361863931115353
-1.8897727343181874,-0.13341703437898103
-1.8909674666902525,-0.13363468852174032
-1.8912513409768705,-0.13300467333484128
-1.89080837826869,-0.13264210331076565
-1.8899836084563613,-0.13283987534727335
-1.8883235184072213,-0.1322598426552665
-1.88636149061872,-0.1322357422218908
-1.883903897254078,-0.13259475769886492
-1.8807195145979023,-0.1328799162416546
-1.877700609755471,-0.13333663698854586
-1.874477118955065,-0.13431127555494707
-1.8714032836618426,-0.13544867383856957
-1.86816926409562,-0.13703561308718423
-1.8653462661891311,-0.13876537868552527
-1.8625333253323682,-0.14110230272586305
-1.8601873975129788,-0.14393995539463056
-1.8577296857617105,-0.1468801073324373
-1.8556365730709399,-0.15015682892568213
-1.8526305637074616,-0.15482492165395176
-1.8500242274189516,-0.15960891632728832
-1.847336482564026,-0.16470038078582114
-1.845111725020868,-0.17025263729442716
-1.843425694489762,-0.1759683992392034
-1.841744119362025,-0.18208866329985715
-1.8392001530798232,-0.18978167023877474
-1.8371001188982905,-0.1976616763970528
-1.834933094269353,-0.20584639518589667
-1.8329896952568911,-0.2142352756694405
-1.831611053103539,-0.2230265811743418
-1.830153502078373,-0.23202053570476247
-1.8288195697418825,-0.24112475108244782
-1.8277017583983952,-0.2506367599365949
-1.8267467790119198,-0.26016017310606376
-1.8261181402617166,-0.26998395507136813
-1.8258616055425414,-0.28000598927977727
-1.8256766543939809,-0.2897910437718222
-1.8258047862871183,-0.29986494348575077
-1.8263446807070052,-0.3098903350262194
-1.8270792634412911,-0.31952522639868625
-1.8280116283588244,-0.3293419261095412
-1.8292244422825168,-0.33880851385446703
-1.830404008807443,-0.34801664940590493
-1.830057579261877,-0.3586986972297019
-1.8300976025961093,-0.36924944786367736
-1.8299461821441672,-0.37959325803558497
-1.8297421743434283,-0.39000653417658543
-1.8296302055014257,-0.400019915073581
-1.8293443435613412,-0.4098456359710283
-1.8284401228752387,-0.42033595521546546
-1.827602612954767,-0.4308873158664904
-1.826985346338558,-0.4407831319557051
-1.8263461748228689,-0.45044405238309043
-1.825413468526205,-0.4597755829483615
-1.825175496977049,-0.4684749424144587
-1.8244709036787767,-0.4766787797395167
-1.823887900355867,-0.48499827375577864
-1.8236422512208224,-0.4928060820481812
-1.8230935415156908,-0.5002887659410414
-1.8225828064958423,-0.5072142052062673
-1.8219785981437215,-0.5141591467292352
-1.8212364593609478,-0.5203972539298627
-1.82007047599877,-0.5262157899145792
-1.8192399415315685,-0.5317310481706408
-1.817897320243626,-0.5367055053034255
-1.8166148063462808,-0.5411427470659711
-1.815078624934552,-0.5452920622392521
-1.8128018915219606,-0.5503112094747664
-1.8101646131819462,-0.5549689014409855
-1.8084234509590977,-0.5582314396457075
-1.8063488408826442,-0.561321661866701
-1.8043667345175107,-0.5641035226406143
-1.8020668964914024,-0.5665848482445198
-1.7992311122986993,-0.5689030348458947
-1.796621073378144,-0.5710424597345101
-1.7935848014727345,-0.5727779136481944
-1.7898936109927668,-0.574518815294958
-1.7865041068299323,-0.5762060499512074
-1.7828099811556144,-0.5776048370343465
-1.7782097740496106,-0.5789130949201136
-1.7739203319656882,-0.5802636856559992
-1.769259431969964,-0.5812620044510841
-1.763901964175872,-0.5822879083045209
-1.758645155345765,-0.5835763835553706
-1.7528482602116182,-0.5843514160851846
-1.7464607664148648,-0.585121743064776
-1.740044364669512,-0.5861665999710856
-1.7331226327934053,-0.5867304911531622
-1.7257969282274739,-0.5873091000100041
-1.717478627843191,-0.5889252742338938
-1.7085065348874573,-0.5902893733103539
-1.6995501746363364,-0.5916715491155616
-1.6900578737600753,-0.592975079432453
-1.6819196785768036,-0.5925948668613018
-1.673404305944154,-0.5921617585231633
-1.6649918757086275,-0.5918362828624365
-1.656549900498093,-0.5915381337636276
-1.648226521079108,-0.591353166388538
-1.639923997366756,-0.5911896641663843
-1.6317081758586511,-0.5909474963652775
-1.6236067750045822,-0.5908147339285602
-1.6155739516740424,-0.590753495536151
-1.6073782596404045,-0.5908411468939964
-1.599726967066696,-0.5914888846078067
-1.5918163292872762,-0.5922071008301553
-1.5842758854094452,-0.5933100556116889
-1.5767787023337754,-0.5944535525796701
-1.5691885890434645,-0.5955114574362348
-1.5619522236095147,-0.5969279221711673
-1.554965307349621,-0.5985831154184299
-1.547006750532119,-0.6013162786586951
-1.5392683040957145,-0.6042786488561532
-1.5316743503657528,-0.6074243725027937
-1.524236463587317,-0.6107694462265959
-1.5171183170827784,-0.6144471571013
-1.5102023584170179,-0.6182599913141448
-1.5035479857477496,-0.6223448344819614
-1.49801176295466,-0.6254702873045466
-1.4927259744163923,-0.6287711740857684
-1.487914613497478,-0.6325291553628482
-1.4833656931918964,-0.6363830779568412
-1.4788554217508056,-0.6404291432908139
-1.4747188916366842,-0.6448355447735735
-1.4710356645392735,-0.6493167214966292
-1.4672200688278392,-0.6538926995838229
-1.4637700764820814,-0.6588216462164941
-1.4609499011607,-0.6637198028680253
-1.457904790266167,-0.6686011089850684
-1.4551924004513515,-0.673804178212917
-1.453269210758334,-0.6789762966445326
-1.4510354273159733,-0.6841045508907792
-1.4494847851220916,-0.6899242959431171
-1.4486301438306113,-0.695697822631236
-1.447494782981569,-0.7013705117011801
-1.4462896685953022,-0.7084351777942719
-1.4457736628327236,-0.7155849173118358
-1.445115000923207,-0.7226149663692446
-1.4448346542505834,-0.7300263947170936
-1.4450325274718459,-0.7374874563751089
-1.4458795529680988,-0.7442263578566276
-1.447218021963667,-0.7510807566996264
-1.4487361297141652,-0.7581120274701634
-1.4505298095990067,-0.7654578985670164
-1.4525497510206522,-0.773037635638788
-1.4549291000668656,-0.7806596526658492
-1.457193452193658,-0.7884275608789832
-1.4596957541117335,-0.796257832365629
-1.4622206251852283,-0.8041106438550174
-1.464673482558415,-0.8121493458654947
-1.467152628973187,-0.8202238428578771
-1.4695158062044498,-0.8281858433255115
-1.4718864380081456,-0.8364625920520227
-1.4742913799941049,-0.8446651899165727
-1.4764884548301265,-0.852665445493936
-1.4785128783367694,-0.860988178215618
-1.4805413027960281,-0.869316466913963
-1.482423367172492,-0.8775020109951929
-1.4842943048576518,-0.8858672195324861
-1.4861824234940353,-0.8942595518538039
-1.4869208560593412,-0.9037717391682191
-1.488596044907295,-0.9120453342839714
-1.4902870785545304,-0.9203910912734502
-1.4919640291951348,-0.9286763558089476
-1.4934047820947718,-0.9368031652869407
-1.4947942687573528,-0.9448771051031207
-1.4961326326360882,-0.9529967500796311
-1.4973025099007806,-0.9609540584914411
-1.4983368273321687,-0.9687925397355058
-1.4993398909246218,-0.9766814770516855
-1.5001127486224821,-0.9842491635340135
-1.5007942244636927,-0.9917177604594859
-1.5016448067087567,-0.9990337001701827
-1.502281246772949,-1.0061380068562102
-1.502797561174408,-1.0128445416681275
-1.5035656424655672,-1.0195732081681121
-1.503999538723135,-1.0259707283211899
-1.5042237346751375,-1.0320205173939176
-1.503876082899681,-1.0387816503085128
-1.5032263646632853,-1.0452430184602806
-1.5022518283658184,-1.0513177369144795
-1.5013825095357547,-1.057227960639344
-1.4999887354453487,-1.0626041811700193
-1.4982850751367471,-1.0676683783944616
-1.4966637968801253,-1.0726311898617449
-1.4952433545688308,-1.0763204159597075
-1.4934247513663885,-1.0796521373790573
-1.4915648079535928,-1.0829177377114978
-1.4894672550571522,-1.085941916486594
-1.487128268348172,-1.0887164825090294
-1.4848149184224333,-1.0914194276452187
-1.482388799712008,-1.0940081701415394
-1.479752814195928,-1.0965002857695574
-1.4772119414672056,-1.0988116960471077
-1.4746245067964097,-1.1010762976441217
-1.4717091653452576,-1.1034367913247678
-1.4689034679423447,-1.1056495406631268
-1.4660133341504662,-1.1077769755360913
-1.4631345938695495,-1.1099462005316554
-1.4604760246201531,-1.112080760071133
-1.4578584475556369,-1.1142575500678533
-1.455048778037939,-1.1168717993993127
-1.4523730020370207,-1.119320572739127
-1.4498217628977088,-1.1218965902770657
-1.4473658220042938,-1.1246195400926717
-1.4451444590055635,-1.1270881126664234
-1.4429452599207013,-1.1295800178020048
-1.4408870808092182,-1.1321392313995968
-1.4388988642771383,-1.1345813261499367
-1.436890464923717,-1.1370037947402103
-1.43610607464747,-1.1380912096733928
-1.435474734401556,-1.1393315182125794
-1.434937608189986,-1.1406103629701925
-1.4345642152838924,-1.141814990165226
-1.434315600841348,-1.1430720667256797
-1.434236075083213,-1.1444961926935269
-1.4342621969878782,-1.1458258015196001
-1.4343218738825414,-1.147190613209282
-1.434514895851756,-1.1486673779400087
-1.434754646481233,-1.1500797950583235
-1.4351659275987532,-1.151762966112517
-1.4357334177325625,-1.1536015953537244
-1.4361956298418663,-1.1555349013243672
-1.436898271210046,-1.1577144938089106
-1.437206563602132,-1.160330169132335
-1.4376852045451813,-1.16311456592045
-1.4383185014044937,-1.1659183681948935
-1.4392452175557753,-1.1691521342582263
-1.4412830110600603,-1.1719866161320804
-1.4436261990987627,-1.1747389509128514
-1.4461390747690428,-1.1777185740731477
-1.4492542177643954,-1.1812940136898846
-1.4528626230751005,-1.1845664490629504
-1.4564890877815846,-1.1878659240898153
-1.4607941931392907,-1.1913075088839231
-1.4651269768099813,-1.194776962117631
-1.4694554799413124,-1.1982514177996564
-1.4738252117980128,-1.2017665237362125
-1.4782561763218645,-1.2053434725598902
-1.4825533675185418,-1.2090409724130773
-1.4867227355821986,-1.2126119699906983
-1.4908340596806453,-1.2161241099916256
-1.4949313731184535,-1.2196497608179449
-1.4988327087511102,-1.222981522026379
-1.502547466225149,-1.2261242828765444
-1.5064789891571122,-1.22907491045226
-1.510220508079417,-1.2318374991330765
-1.513743599368014,-1.2343787363482848
-1.5174089197357337,-1.2367647709677851
-1.521027027243475,-1.2390302595245755
-1.524428018056608,-1.2410756211881409
-1.5280029370917518,-1.2426627827549088
-1.5315658486268668,-1.2443068140690612
-1.5349679897278818,-1.2457876963314898
-1.5382774745155214,-1.247124460514043
-1.541535301827365,-1.2485519513326016
-1.544642381552822,-1.2498264147306406
-1.5474285010164928,-1.2508564952322618
-1.5502459496814105,-1.251913352316803
-1.552902566431004,-1.252807022772621
-1.5551575637737594,-1.2535764747722444
-1.5572739738024943,-1.2540741105000488
-1.5591222384823022,-1.254306657434344
-1.5606712177515962,-1.2545319315029457
-1.5619905150399598,-1.2545283498601594
-1.5630075351897927,-1.2542228939137832
-1.5639517147188433,-1.2539821478019326
-1.5646094492644516,-1.2534547584202818
-1.5650530750885987,-1.2527134041088714
-1.5654273629912447,-1.252033562081574
-1.5658796094529301,-1.2507909440598797
-1.5659681555871348,-1.2491890890946222
-1.5659374184804222,-1.2474382396084254
-1.565713735806685,-1.245260162821818
-1.5656574091027662,-1.2426902938101172
-1.5652283525338628,-1.239750478090999
-1.564734888988359,-1.2368676987203955
-1.5637153335643692,-1.2334554312354673
-1.5622736931838086,-1.2296266547726526
-1.560627426860893,-1.2259795877306057
-1.5586752712311795,-1.2220250050282948
-1.5560790085010021,-1.217432784878373
-1.5531463287194396,-1.2131399283018531
-1.5501697194174822,-1.2088031482666157
-1.5464247091257095,-1.2042361064196938
-1.5429192919011454,-1.199565070851455
-1.5394566549613093,-1.1948933951650564
-1.5359202182732516,-1.1901464073624675
-1.5325390451262106,-1.185192754189366
-1.5292257243139618,-1.1800635215525874
-1.5260414007699445,-1.1750615287085733
-1.5229548394321086,-1.1700478345496357
-1.5197828207437758,-1.1648076401763923
-1.5168331679457019,-1.1597866297689172
-1.5140837946184467,-1.154768061141408
-1.5116960319287918,-1.1493455688382133
-1.5093935143139563,-1.1440029826587155
-1.5072627704866546,-1.1388346195641321
-1.5050900110876038,-1.133732178479572
-1.5028183191070112,-1.1286040789680152
-1.500656107513217,-1.1235884470626805
-1.4986922059062142,-1.1186305985604834
-1.4966934065836033,-1.1135668875471587
-1.4947043508596998,-1.1085146091655682
-1.4930158980315356,-1.1034201426590635
-1.491369048383537,-1.0982231237368845
-1.48984256432802,-1.093148565165634
-1.4888352465708286,-1.0881386334780148
-1.4877358068998794,-1.0830393138129564
-1.4870248709432239,-1.0778443230006676
-1.4865828195241482,-1.0729137676120406
-1.486423074425575,-1.0680194440150577
-1.4864420130884917,-1.06330022487485
-1.486642584929464,-1.0587101415574898
-1.4871328589218757,-1.054158571573815
-1.4877024222577713,-1.049688723265795
-1.4883320056340366,-1.0453061552152636
-1.4891457970844433,-1.0410381154037986
-1.490634280471075,-1.0362511062520052
-1.4923117500105336,-1.0316366793579566
-1.4936860545552366,-1.0273594400596018
-1.4953032362461416,-1.0233199911271296
-1.4973797415671826,-1.0197492197306517
-1.499398181592553,-1.016230557097535
-1.5017502987906481,-1.013038708250213
-1.5045327627676264,-1.0102863797522494
-1.5074464666466885,-1.0074159970497796
-1.510976668983795,-1.0051493006180854
-1.5148084694040023,-1.0031905777335455
-1.5189980255635187,-1.000910254105656
-1.523488769202413,-0.9989327560058627
-1.5287218773304099,-0.9976846580212808
-1.5343349608815793,-0.9960955032685482
-1.5399040264040964,-0.9944589106736484
-1.546046576830259,-0.9933866181408372
-1.552260276207832,-0.9922513570093904
-1.5583138570815622,-0.9909511395489038
-1.5644816073002552,-0.9897651638668015
-1.5704729353339848,-0.9887385818653504
-1.5765116166060489,-0.9877591086463225
-1.5823330792419752,-0.9865661531263857
-1.588780378139312,-0.9846619950906718
-1.5952570653360483,-0.983037168766602
-1.601714818296937,-0.9813906907150156
-1.6076671726830158,-0.9794489751284227
-1.6132502986787547,-0.9779169985915606
-1.6187441115259777,-0.9762923970129379
-1.6239088754882314,-0.9743465356525398
-1.6290388016138693,-0.9724321114831054
-1.6339998514255247,-0.9703431532321931
-1.6386570381623586,-0.9679578205303273
-1.642992764883962,-0.9652766472563673
-1.6469791641833669,-0.9622592028236209
-1.6507606174715403,-0.9590270187875207
-1.6544196166809475,-0.9559045938728451
-1.65773819226206,-0.9524528649450799
-1.6608161278438227,-0.9487521604789583
-1.6637685572161345,-0.9451638945707911
-1.6664979101831943,-0.9413641883986693
-1.6687572955520462,-0.9375774673293883
-1.6710626358720897,-0.9337247877058134
-1.6729180444898344,-0.9298120025435198
-1.6746588368324737,-0.9257792069653753
-1.6764578631408071,-0.921677889554558
-1.6790051778655846,-0.9163298801444721
-1.6814688990644806,-0.9108934182568997
-1.6840301977572891,-0.9052279227653981
-1.6863815445513222,-0.899425572103708
-1.6879820055873966,-0.8940555684313878
-1.6895399605792347,-0.8883809334956428
-1.690890726679727,-0.8824865558886653
-1.6919913431404139,-0.8763499960442134
-1.6928417148885326,-0.8698141752526763
-1.6932769391071067,-0.8629707249783082
-1.693286770627213,-0.8557155823122797
-1.6930838855575556,-0.8479542329723676
-1.692384594017859,-0.8399491081984845
-1.690995538741944,-0.8312770764061796
-1.6894606597210244,-0.8221461049125464
-1.687295756504264,-0.8130631192177035
-1.6846737118967194,-0.8035239890927905
-1.68141963122437,-0.7933006130754369
-1.6774719033159255,-0.783268213298973
-1.6735143148569738,-0.7731977677096789
-1.668924246380502,-0.762505386546538
-1.6640731977390752,-0.7520493894165182
-1.6593197610701744,-0.7416988334872779
-1.6554635446697592,-0.7300613273925074
-1.6516572332082202,-0.7183809568293287
-1.6478460871114902,-0.706698297516048
-1.6441532955005354,-0.6951204000166682
-1.6397956883501537,-0.6842832019665578
-1.6354253901912972,-0.6731907650149436
-1.631122933153306,-0.6621695641609946
-1.6271486010630456,-0.6516000256600658
-1.6230626486601547,-0.6408939132965612
-1.619348448803123,-0.6305766653767401
-1.6158264111012342,-0.620679838956166
-1.612068604700495,-0.6106491910862962
-1.6087200676957942,-0.6010471765096989
-1.6055906216082265,-0.5918847513243148
-1.6025560283334528,-0.5829432816735193
-1.600194911479696,-0.5746708674515429
-1.5980936823595904,-0.5666629468792644
-1.595987413084475,-0.5587607107687234
-1.594446603891726,-0.5514185138138106
-1.5933438924791279,-0.5441581590202249
-1.5922244968144774,-0.537095112420206
-1.5914882596337077,-0.5304065107286089
-1.5911804101892475,-0.5237960275159438
-1.5909093442637798,-0.5173399158710177
-1.5918609999533102,-0.5101896818860429
-1.5930360909901013,-0.5031087055156795
-1.5944109243347218,-0.4963698073822309
-1.5950158645110255,-0.4910798991893085
-1.595830708847118,-0.48584625906185414
-1.5968096121587523,-0.4811210102976027
-1.598176546963324,-0.4767674903886489
-1.5997817472654894,-0.4725326939951402
-1.601644140316568,-0.46883335713066143
-1.6041431450186467,-0.4657633558995057
-1.6070097981168783,-0.46260041451473727
-1.6102139731785936,-0.45993499435521473
-1.6144087950181492,-0.4582505796563919
-1.619085044152013,-0.4564689183690691
-1.6239449339080307,-0.4551700249073429
-1.6298539703372292,-0.4549081147666271
-1.6364560642593866,-0.4544438471669062
-1.6431593866326268,-0.4543975898577389
-1.650837991935494,-0.45530850931061156
-1.6593330246475255,-0.4559635630521956
-1.6678902716516186,-0.4567625806276921
-1.6772539274354177,-0.45835269413058305
-1.687167352012445,-0.4596151703917856
-1.6971641772497756,-0.46096574213317987
-1.7077896585387593,-0.461626361170328
-1.7188760874424411,-0.46272553825508905
-1.729217461999685,-0.4644948816851546
-1.7396496484829305,-0.46646759039869967
-1.7500507399355105,-0.4684041308585805
-1.7607108967117362,-0.47035537101410224
-1.7713179060094286,-0.4722860468342434
-1.782010884166364,-0.47429068994540263
-1.7926789796165736,-0.4762762164518445
-1.8033181980088089,-0.4780977535522528
-1.8140917682067195,-0.4800459815123862
-1.8245780451380338,-0.4819649170722715
-1.8352159674809705,-0.48379138344100237
-1.8459777346883899,-0.4859835183312345
-1.8566311751800426,-0.488059021685466
-1.8672878488836835,-0.4902060444509476
-1.8781725060800558,-0.4925756667957663
-1.888907920015259,-0.49477308495466205
-1.8996847101822407,-0.49693546479214906
-1.9103612777680072,-0.4989956347648313
-1.9207769765818983,-0.5007969366452024
-1.932068286702256,-0.5015860698131356
-1.94317519820058,-0.5021893734441357
-1.9539396701173033,-0.502963622822347
-1.9643324925394134,-0.5037413171573037
-1.9746345920859099,-0.5044214600185469
-1.983682710331442,-0.5062986055641758
-1.9923683378766537,-0.5079927436399835
-2.000843694119323,-0.5094612972527797
-2.008968536699402,-0.511033826302414
-2.0167618145412525,-0.5124510112600712
-2.024272228948293,-0.5135650072038939
-2.0314486212099445,-0.5145779575137824
-2.0383746460175347,-0.515481429659364
-2.0449743144527157,-0.5160350129099283
-2.0511912748003054,-0.5161330554696703
-2.05705518313184,-0.5163445759248495
-2.0624901102951934,-0.5160960789504232
-2.067464757859399,-0.515062846940021
-2.0721078991068618,-0.5142765894976169
-2.076425426508396,-0.5131409974917075
-2.0800971933200323,-0.511284893174631
-2.0832798510857495,-0.5098353581675107
-2.0862348495310497,-0.5081417035430178
-2.0885840608948656,-0.5056378862318098
-2.0904435722397365,-0.503574173440054
-2.0922024433730684,-0.5014029497076199
-2.093442790608574,-0.49875650989394144
-2.094325559304863,-0.49643175005511136
-2.0952867141064493,-0.49419121212239886
-2.095701185764356,-0.4927060866867303
-2.0957426118529185,-0.49077696615826855
-2.095655217629784,-0.4894750231399502
-2.0954244062364187,-0.4880406216083777
-2.095281557770266,-0.48662894832879866
-2.0950219215441916,-0.4853546822537996
-2.094855533655435,-0.4841680845401673
-2.094811545055295,-0.48298640949691657
-2.0948758219777304,-0.4819128112557191
-2.0952395851324366,-0.4811201322509191
-2.0955833342679173,-0.4803365264279646
-2.0962409645305944,-0.47961026951683194
-2.096981306655045,-0.4789618506427623
-2.0976886920719067,-0.4782170613232072
-2.098551558955594,-0.4776399045810079
-2.0996587698474896,-0.47699440690952083
-2.10047647389641,-0.47647118034399466
-2.101471135164984,-0.4761525011896586
-2.102503096568758,-0.4759495027673143
-2.103574404115033,-0.4758079738713339
-2.1044764774224305,-0.4759429539279284
-2.104641523129935,-0.47760666315777034
-2.104932426213325,-0.479400001740852
-2.105220706808822,-0.48119520764188733
-2.106017972573788,-0.48351246497407013
-2.1068103496706043,-0.48582444562024024
-2.107512828281304,-0.48821644024246047
-2.1089049243578066,-0.4913112657521365
-2.1101861816156857,-0.49429482328732244
-2.1113107026540288,-0.4974179983479581
-2.1129744385317113,-0.5010863435112436
-2.114509791623792,-0.5046276070929697
-2.1158154637177415,-0.5083735384213203
-2.1176069880816835,-0.5126160026515325
-2.119261992959977,-0.5167218132510989
-2.1206395770028204,-0.5210745703096005
-2.1222823986197943,-0.5256961813728432
-2.1238602505226525,-0.5302594462375841
-2.1250756316669697,-0.5350758984037357
-2.1263247598225687,-0.5399225617160403
-2.1274436570382185,-0.5443590655910776
-2.129131010515945,-0.5481396594563838
-2.130546939871158,-0.551233481945251
-2.131534582504683,-0.5538668054914564
-2.1324443533996478,-0.5563446701184741
-2.1326934062775793,-0.5582587580654436
-2.1332737857783783,-0.5598757476971835
-2.1337942312644795,-0.5614259880512981
-2.1336235846454867,-0.5624789115577945
-2.133871554271534,-0.5631470853737729
-2.134048317121898,-0.5637396848474817
-2.1336561171907933,-0.5638223664742062
-2.133600292886927,-0.5635114274911608
-2.133483932869116,-0.563142090778326
-2.1328620886443037,-0.5623016990552414
-2.1325415977814473,-0.5611600714628576
-2.1321036862746907,-0.5599082434598346
-2.1312008340882542,-0.5582832347128219
-2.1305860873090663,-0.5561974247894633
-2.1297557393513635,-0.5539092063713271
-2.1285583854467793,-0.5511967931096707
-2.1274676411693476,-0.5480525067593274
-2.126252461273128,-0.5447912521633038
-2.125574454150721,-0.54094835116464
-2.1243542045311394,-0.536522750691713
-2.123268694288028,-0.5317530591695289
-2.1224026366195496,-0.5267879255657993
-2.1211114559735034,-0.5213653108324313
-2.1199669341106464,-0.5156612331362079
-2.118795062668253,-0.5099131536741383
-2.1178661153799774,-0.5039469631081687
-2.1166717127498385,-0.49758871136303945
-2.115390110826428,-0.4911475520109409
-2.1144172388219142,-0.4844938051838784
-2.112911521884982,-0.477671018511097
-2.111398862324284,-0.47084031351982786
-2.1104527516505263,-0.4638605706401539
-2.108860970671642,-0.4566461506563973
-2.1072276050214183,-0.44939114928564833
-2.106212414682692,-0.44202622547916376
-2.1046456292223796,-0.43457679732112914
-2.103151268785459,-0.427220541407239
-2.1016714110493084,-0.41984876114516884
-2.100008864346156,-0.41227825128547446
-2.098090625151411,-0.404467161968619
-2.095985450202971,-0.3968221318035595
-2.0932828709730225,-0.38950016560633843
-2.0907999658932006,-0.3824005949823593
-2.087965291639555,-0.37472702308007233
-2.084517376790561,-0.36759298120337597
-2.0814101230696744,-0.36109716817838405
-2.0772004728988525,-0.3548691117898871
-2.07272602651781,-0.349849628587524
-2.068900897113512,-0.3455316551248194
-2.0646686742434266,-0.34115715810425895
-2.060644240561093,-0.33776614348805206
-2.0563963898562387,-0.33479213773833144
-2.051901996058334,-0.33158809255502025
-2.047754424675796,-0.3292042649907004
-2.043174008893794,-0.32719484300240914
-2.038430341692079,-0.32503262734196964
-2.0341563635423605,-0.3234822556741147
-2.0294385593717608,-0.32221982769963875
-2.0246557783919608,-0.320895789858835
-2.0202870941527444,-0.32013714918158154
-2.0156008547735786,-0.3196638585331409
-2.010999472083561,-0.31926828612687097
-2.0068587004153997,-0.3192589709202977
-2.002246054469699,-0.3195138104625439
-1.9977386515432034,-0.31986497481943554
-1.9931625622838294,-0.32116532226703964
-1.9882162185250243,-0.3226129274886832
-1.983401779041838,-0.3241813648933037
-1.9782503187442144,-0.3261444096178072
-1.9733493429541853,-0.3283744527823237
-1.9683743059626841,-0.33100281316874364
-1.9636377650136883,-0.33341291065537315
-1.9589493719194246,-0.335872081367633
-1.954512486283235,-0.33850564180796905
-1.9499199906711766,-0.3409645466522297
-1.9455199250894755,-0.3432476748430431
-1.9411680839553673,-0.34565499524313653
-1.9368719224749582,-0.3478968972037852
-1.9327181230618626,-0.35026606006556305
-1.92851277484614,-0.35217446049878454
-1.9245240670563801,-0.3539026770581667
-1.9205365660094988,-0.3556062367218033
-1.9163338748387233,-0.35661905697593643
-1.9125956308139187,-0.3573949511868692
-1.9087587125426189,-0.35804758042706025
-1.9057565661049451,-0.3578276604200775
-1.9024475966300423,-0.3567081753336987
-1.899321619610156,-0.35515741432607595
-1.8955646402710347,-0.35293070549820243
-1.8921572602954737,-0.3509959082898124
-1.8888418333627706,-0.34839512899356034
-1.8856395272077118,-0.3449499508628132
-1.8822471522987374,-0.3414196021093442
-1.8790841060183812,-0.33810460540623183
-1.8761132313402609,-0.3338079102342927
-1.8729640627794313,-0.32925423708870344
-1.8700992750938343,-0.32496718367668553
-1.867371657582844,-0.31973904981768386
-1.8645515987519763,-0.31409948318382913
-1.8619289874182707,-0.308644027932333
-1.8593302508825296,-0.30246234289978985
-1.856690889522557,-0.29609810017459526
-1.8540818618088288,-0.2897603387936296
-1.851466436274651,-0.2829722259774929
-1.848986170492666,-0.2760748001735465
-1.8464767822034933,-0.2691475039201225
-1.8438585217677925,-0.261996359107641
-1.841405608767917,-0.2548057231480759
-1.8389094682410867,-0.24757173560159282
-1.8360812299582414,-0.24058152918946518
-1.8332439760084598,-0.2335985903885599
-1.8303267222538737,-0.2265380466561035
-1.8274168000636197,-0.21959153511316873
-1.8245125296411275,-0.21280271759760214
-1.8216165487827125,-0.20603153152421388
-1.819262313731806,-0.19865082066224948
-1.8171624959852117,-0.19154111899597231
-1.8150565992996,-0.18442321713756932
-1.8130016611548447,-0.17725394201773348
-1.8111217633486059,-0.1702705083120187
-1.809277445098615,-0.16331785170455168
-1.8073498903399774,-0.15643782564818892
-1.8055514996937023,-0.14969455029974282
-1.803575239483461,-0.14326258554898588
-1.8019693109864456,-0.13687546065604847
-1.800105042402442,-0.13059199942676952
-1.798303683935494,-0.1243833544827472
-1.7965512513543478,-0.11833417878509432
-1.7945224933688595,-0.11201088677758043
-1.7927500982596212,-0.10596264493115663
-1.7907329341163916,-0.10013798831336128
-1.7884518401190044,-0.0940544686661499
-1.7851629577653905,-0.09004634078641852
-1.7813571722529598,-0.08623474539571284
-1.7772785670171356,-0.08243082771425657
-1.7725030546226233,-0.07914867734739982
-1.7679416670996042,-0.07666689996910173
-1.763414820636629,-0.07441786175189555
-1.7594019361903275,-0.07272360829848862
-1.7553331723714667,-0.07101487000897064
-1.7514179720155527,-0.06974972596057183
-1.7478726952258106,-0.06888400790790063
-1.7443802985104893,-0.06795656251326362
-1.7409574227878686,-0.06749885888393041
-1.7380142134786984,-0.06755860067509997
-1.7348061843783205,-0.06783190174144527
-1.7318915321945594,-0.06839647869448533
-1.7292123635531187,-0.06957800326159394
-1.7263236245168558,-0.07085822765029344
-1.7238084127696114,-0.0725175755997459
-1.7214039001955441,-0.07479332962498988
-1.719122161400081,-0.0773523478861872
-1.7167483984738865,-0.0803655866655577
-1.7149469873984036,-0.08399589434215893
-1.7124345567553796,-0.0883763930971046
-1.7097578354269631,-0.09327895731701298
-1.7076445155643962,-0.09878339098259678
-1.704997263316614,-0.10478339153165903
-1.7030020738481884,-0.11146012918894983
-1.7015518416476936,-0.11882774984481326
-1.7001156351120572,-0.12618855104848534
-1.699261126621253,-0.13416322404190295
-1.6979364288582444,-0.14244332403610802
-1.6968020577048903,-0.15075532074238535
-1.6960178848264018,-0.1594401306628552
-1.694926345442554,-0.16840727437715317
-1.6939224920480673,-0.17743290087617114
-1.693077358850225,-0.1866391143236096
-1.6919055913856107,-0.19614485535070644
-1.690792836288991,-0.20568969174319499
-1.6896740788871394,-0.21525184560755045
-1.6881287981549324,-0.22520512323455388
-1.6865593048825938,-0.23512823806818614
-1.6847952967344395,-0.2448763530594931
-1.6825017122008452,-0.255109914896819
-1.6800528262223444,-0.26565159053636594
-1.6772878470903125,-0.27588905802012453
-1.6744974950485205,-0.28620269679461025
-1.6716308454245685,-0.29678236971455346
-1.6686767983830344,-0.30727273620970413
-1.6656694790712436,-0.31762764477634015
-1.6626467917199819,-0.32814686667691534
-1.6610266359464618,-0.3369967908257455
-1.6593760667376525,-0.3457908738116869
-1.6578815898313648,-0.3544368378186513
-1.6563796603297742,-0.36308147318147976
-1.6547598483443924,-0.3715833162861538
-1.6533414423251127,-0.37989584441684027
-1.6518502386771483,-0.38813371854507434
-1.650275083983091,-0.39627337185932743
-1.6489229132371974,-0.4042044081625691
-1.647414834428152,-0.4119711603414039
-1.645936221953701,-0.4197187294385004
-1.6446510417037996,-0.42724172770236973
-1.6432307329412628,-0.4346244954610602
-1.6420750975736886,-0.4417927398478523
-1.640838294210445,-0.44887114241208853
-1.639685027447868,-0.45569092754081764
-1.638694928432362,-0.4624331071303901
-1.6376541623506031,-0.46881127229381164
-1.636783028697091,-0.47488289654832533
-1.6358406624732427,-0.48085655803917815
-1.6355001501339907,-0.4862771295846176
-1.6347910698842674,-0.4913067806369837
-1.6347909117067616,-0.4958214454922012
-1.6355510623131373,-0.4996387690877846
-1.6359288922089033,-0.50305544793738
-1.6368606057495965,-0.5062145775945766
-1.6376187081602822,-0.5085658549499246
-1.6382653644887233,-0.5099896814848469
-1.6390254050217705,-0.5115217475144687
-1.6394323833183397,-0.5123557145133512
-1.6403305763616984,-0.5129179790522419
-1.6413322430785322,-0.5135790699458375
-1.6420802674025758,-0.5136087089175524
-1.643258778746444,-0.5136491147720451
-1.644625439737184,-0.5137624002310617
-1.646107610607742,-0.5139970509682493
-1.6477954927854306,-0.5140438118230479
-1.6497998194358792,-0.5143925701613492
-1.6520273817454965,-0.514975957012264
-1.654573724766863,-0.5152591922444661
-1.6573110972791123,-0.5153702224521088
-1.660561390153896,-0.5159604119529207
-1.6646739963085306,-0.5167657783696565
-1.6693211074938832,-0.5170425511384843
-1.6750606050023178,-0.5183607546786531
-1.6812913252001622,-0.5201950422252115
-1.687972500428867,-0.5216200882471516
-1.6956985478630653,-0.5240401242368828
-1.7039491603192496,-0.5270110796310684
-1.7125358249387628,-0.529678978759072
-1.7223965546014657,-0.53360042554317
-1.732514946972971,-0.5376440560452104
-1.74282562944536,-0.5419179283710296
-1.7537972812202731,-0.546819383058666
-1.7650819290968425,-0.5518793737286806
-1.776411822905708,-0.5571696955596219
-1.7881644655923659,-0.5628604005180787
-1.7998032403956299,-0.5688926758872122
-1.811604356859651,-0.5752181340164161
-1.8235081635560624,-0.5816468934741695
-1.8350149460867768,-0.5884401550506283
-1.8468540455143365,-0.5955834004514882
-1.8587561242063488,-0.6027854565315933
-1.87090491466079,-0.6097101515337139
-1.8829303639268156,-0.6170954496988603
-1.8950340940166277,-0.6245543397797508
-1.9070482791704793,-0.6325711957746364
-1.9190391485951448,-0.6408573384450019
-1.9312705522931526,-0.6493975697579139
-1.9432147357764082,-0.6579727661448904
-1.9550022077030966,-0.6669910047144249
-1.9670297617366912,-0.6762633326606388
-1.9788128772044988,-0.6855144662401398
-1.990357728240234,-0.6952956700164762
-2.002089780458482,-0.7052752436936877
-2.013557096439216,-0.7152406793287132
-2.0248695562136656,-0.7256567282614854
-2.036268599948586,-0.7361646056848192
-2.0474443240741302,-0.7466508008198794
-2.0586285064539216,-0.757457213895367
-2.069801109165469,-0.7682513702646874
-2.0806828489240594,-0.7789000941888327
-2.0913649272926866,-0.7897076404252235
-2.1019118488062944,-0.8003718414163614
-2.1118165359012124,-0.8108986430541385
-2.121313806772537,-0.8210696050509999
-2.130722099551306,-0.831218989785118
-2.139727261981412,-0.8409948423965911
-2.147991446727815,-0.8506027242921997
-2.1563103224002638,-0.86037631559952
-2.1641423507042874,-0.8705773624587642
-2.171469803776758,-0.8803128562420979
-2.1781936498183905,-0.8894192262703531
-2.1843870027379757,-0.8989899025147966
-2.189709650623497,-0.907742411734174
-2.194497467323515,-0.9159299813013616
-2.198862596043695,-0.92448582826022
-2.202271499816221,-0.9321334304359062
-2.2053078573306473,-0.9393793778304284
-2.2080074250243533,-0.9469176958858808
-2.2094987355294022,-0.9532628349509655
-2.2109895029039293,-0.9597453985193987
-2.2122297354227065,-0.9660586240515442
-2.212946530397026,-0.9718749484523785
-2.21373140547032,-0.9779144244914487
-2.214273430905901,-0.9839077012829632
-2.2144595261694575,-0.989559223360136
-2.214809231982567,-0.9951352829523238
-2.2142501350437285,-1.001276321842768
-2.2137248064396626,-1.007448547556203
-2.2136093818887863,-1.013260521957437
-2.2132177490466245,-1.0187765758526075
-2.212912717687099,-1.0243816484907646
-2.212338826036111,-1.030296708736834
-2.212005232575263,-1.0358610627763536
-2.2117221774392193,-1.041475559002119
-2.2113684944495433,-1.0467161929559192
-2.210974358499818,-1.0519173894014493
-2.210417433186374,-1.0569461451803752
-2.2100357051682002,-1.0618213963940646
-2.209555522736168,-1.0666019461340073
-2.2088935387825113,-1.0711903097061866
-2.2083552796657857,-1.0756703134598158
-2.207719326640581,-1.080056409047345
-2.2069632144883733,-1.084315466188327
-2.2063399166167104,-1.0884583851887557
-2.2056568696093937,-1.092543734784803
-2.2049551562280656,-1.0966090110369227
-2.2044157521970207,-1.1005325399135446
-2.2039696145167,-1.1045497121567731
-2.203485068269422,-1.108452559293359
-2.202417373133076,-1.1130493462995823
-2.201635525683505,-1.1179341767325999
-2.2007231899221567,-1.1228037510217894
-2.200172954192113,-1.1276720409993162
-2.199795308755461,-1.1326329000292092
-2.19954997746178,-1.1375773067355222
-2.1992351547795796,-1.142448851580463
-2.1993194669831744,-1.147123326414865
-2.199474883116655,-1.1515372510090627
-2.199809733811601,-1.1555816292646561
-2.1999971088583186,-1.1594736584364929
-2.2002410211301178,-1.1635044087566762
-2.2005690326878424,-1.1672238777898802
-2.2006157568611022,-1.1706659698450836
-2.2006150771988175,-1.1741977717577918
-2.2004937922950205,-1.1773296615262816
-2.2000022977754288,-1.1801050527599217
-2.1994162529292893,-1.1828701833237623
-2.198458695358179,-1.1850718983981785
-2.196985144912411,-1.1867780464627156
-2.1947422214167562,-1.188098558760357
-2.1918309664538476,-1.1886853656797838
-2.1881619061118194,-1.1900863474612415
-2.1835838058580683,-1.191102809995328
-2.1783723652843636,-1.191310476667893
-2.172792659631623,-1.1911338226577066
-2.167092289735057,-1.1909909760182011
-2.16148440472382,-1.189468272601878
-2.1553809583766856,-1.1874278453079863
-2.149135768842245,-1.1855098659941687
-2.1424141055472314,-1.1831336757117907
-2.135222681326097,-1.1802670519217748
-2.128118928132332,-1.1773230254699494
-2.120620028315424,-1.173998922636633
-2.1127548340015165,-1.170292789230829
-2.105121916972644,-1.1663827441991872
-2.0970528846857626,-1.1620376322621697
-2.089044551595301,-1.1576414129531276
-2.0809333929714326,-1.1531524321636266
-2.0725432409000497,-1.1483950531918774
-2.0640604795995774,-1.1436691458644914
-2.0555584480623788,-1.1389404011022013
-2.0468468138625298,-1.1340099931744227
-2.0379438440907376,-1.1290923863446036
-2.028655506043223,-1.1246895880681707
-2.019094337388029,-1.120024243202015
-2.00923205729177,-1.1154191159637303
-1.9994820556787878,-1.111043662678546
-1.9891929706173916,-1.1064359481323618
-1.9791134009389266,-1.1021197476166928
-1.9695337280899994,-1.097188955671609
-1.9597396641785532,-1.0920393819430818
-1.9501547160837962,-1.086986204020879
-1.9404193892115265,-1.0817473034330678
-1.9307869407010454,-1.0766077583231786
-1.9212177058871878,-1.071683254488539
-1.911659382537498,-1.0667241079757812
-1.9023191399410035,-1.0619757243762091
-1.8929323289578774,-1.057510808647054
-1.8836856135295246,-1.053140530829894
-1.874763333229512,-1.0490839451150697
-1.8661115474493382,-1.045220623051742
-1.8575255433298477,-1.0415433091452067
-1.8493635317358084,-1.0382761949876367
-1.8415420974153163,-1.0352222173919055
-1.8339978832447366,-1.032439600754708
-1.826982808159784,-1.0301692108711982
-1.8201356069313552,-1.027989612652853
-1.8137277037112036,-1.026335983527127
-1.8078711585611489,-1.0251281461941486
-1.802899867502859,-1.02441570628686
-1.7986904233454986,-1.0244451910519399
-1.7952471100384313,-1.0236145254311961
-1.7926863815747265,-1.0231420301834901
-1.7909544928238699,-1.023479465476571
-1.7895970717875833,-1.0242169947488073
-1.788693018297439,-1.0250441391284697
-1.7884437185100115,-1.026389305749851
-1.7887213507432063,-1.0282798853549908
-1.7892610846123034,-1.0302154937364119
-1.79033836194039,-1.0325007875237364
-1.791882036485134,-1.0352687698180665
-1.793540767978866,-1.0383207604480502
-1.7955465494945062,-1.041531033695385
-1.797997321834639,-1.0452017606781847
-1.800604887637469,-1.049347357252231
-1.8037057378885217,-1.0537054357623201
-1.8068918752669259,-1.058265809173908
-1.810454956296718,-1.0631980882958394
-1.8144441567241396,-1.0681443210716304
-1.818555149526216,-1.0730900649251531
-1.822786160308177,-1.077920736248448
-1.8274227377143262,-1.0831450699331213
-1.8324233519151671,-1.0880478117333818
-1.8377419432816107,-1.0923705322610016
-1.8433054985751953,-1.0969309600023152
-1.8491866609234442,-1.1012114087178742
-1.8548156595041032,-1.1052307899371614
-1.8606072711869643,-1.109116352494162
-1.8661003037681898,-1.1127881275848328
-1.8717430295493476,-1.116303166056478
-1.8772578011665717,-1.1196937483121228
-1.882543974458396,-1.123006538238886
-1.8878207481291633,-1.1263383250725785
-1.8928458023777568,-1.1294256754372476
-1.8976841601728687,-1.1323415797290628
-1.9024227689958726,-1.1352046175499764
-1.906806436033427,-1.1377194978060288
-1.911027070624626,-1.1401373182734176
-1.91504642467455,-1.1424085839654776
-1.9186444200918225,-1.1442632830591575
-1.9218789345534137,-1.1460080800873358
-1.9249133078768943,-1.1474449430883253
-1.9274493131741344,-1.1486055518020155
-1.9294742054642815,-1.149769094737899
-1.9310792724154888,-1.1505305879193304
-1.9323861371556503,-1.151218438294445
-1.933278841983699,-1.1514770445310332
-1.9336351938116119,-1.1515873665317424
-1.9338212161414983,-1.1516127175291102
-1.9334964972497595,-1.1511430218990768
-1.9328491115106616,-1.150855054470631
-1.932163766511837,-1.1505721664043342
-1.9311733935997981,-1.1503250077152207
-1.9297960355114683,-1.1496963037133805
-1.928420881875629,-1.149057406295447
-1.9265831147661756,-1.148334596199543
-1.924520107050502,-1.147510578135933
-1.9223489601603128,-1.14657450633317
-1.9199736342465161,-1.1455395388951435
-1.9173862303637634,-1.144470947847769
-1.914728844854251,-1.1433298048699418
-1.9118026507702326,-1.1420383914015233
-1.9088125759787038,-1.1408636564571804
-1.9057442696268954,-1.1396077938349125
-1.9022120121268156,-1.1381454707376903
-1.8982062779885893,-1.1371844443539116
-1.8941176597069216,-1.136133422440846
-1.8898256346424882,-1.1348899930992258
-1.8852813261095374,-1.133869271510051
-1.88071828066419,-1.132826439211646
-1.8760627063745574,-1.1319270853116719
-1.871130511929967,-1.1307668916660887
-1.8660212043976905,-1.1299066803905666
-1.860849389030348,-1.1289812966743689
-1.8555962630304565,-1.127972435587429
-1.8502719949491442,-1.1271240623320793
-1.8448895592448615,-1.1262149826534462
-1.8395294341221118,-1.1254788714658024
-1.8341490623591477,-1.1246302324872557
-1.8285680034138532,-1.123573788271235
-1.8229471856090937,-1.1226754950793376
-1.8173183402784256,-1.1216150930880264
-1.8114855431358448,-1.1203437153107674
-1.805531599423062,-1.1192041424876993
-1.799239848553526,-1.1177009921134642
-1.7927889171024203,-1.1164810852250433
-1.786194718185196,-1.1151129266246163
-1.7794238427280784,-1.1135027700694904
-1.7726051917667958,-1.1123149452368575
-1.765608487536293,-1.1115134456050155
-1.7585158149034912,-1.1103474442383225
-1.751475715313402,-1.1092322716522451
-1.7443976514534156,-1.1084346438578367
-1.7374542573247742,-1.107242973822989
-1.73061334651636,-1.1061590208359728
-1.7234487403835619,-1.1053633633926554
-1.7166348609561508,-1.104927283976952
-1.7099498127354305,-1.1041761769996155
-1.7030291589069462,-1.1038724683138903
-1.6964130803595807,-1.1038639289270358
-1.6897355915215564,-1.1032972692730227
-1.6828570533772633,-1.1029391760515521
-1.6761511342001425,-1.1024175893312065
-1.6695298427876628,-1.1019775418421358
-1.6628108423423287,-1.101633986217834
-1.6562249153542306,-1.1010436093299685
-1.6496797935453054,-1.1004921194698887
-1.6432665752604116,-1.0999687192248109
-1.6368535968156952,-1.0993433001573396
-1.6304345443058368,-1.0987109989889188
-1.6240643929799337,-1.098040316745629
-1.6177267790607204,-1.097289276263004
-1.6106576571366045,-1.0972939865285223
-1.6034792084306007,-1.0971898322219764
-1.5963687979348138,-1.0970255839875416
-1.5898008177611866,-1.0967148150970156
-1.583301772578048,-1.096470768571337
-1.5766521225497914,-1.0962089499113594
-1.570248440716737,-1.0961287091227365
-1.5641704493784512,-1.0963671379324849
-1.558472246464077,-1.096736505879391
-1.5532216419953548,-1.0975365080947
-1.5482590847641338,-1.0982741393389963
-1.5441928865435595,-1.0996495348134767
-1.5405458110574393,-1.1014559924772866
-1.5374142016612855,-1.103676931729826
-1.5350191164851101,-1.1066482622341707
-1.532695775437271,-1.1095552896735918
-1.5311402897801347,-1.1132165573884847
-1.530443947166726,-1.117752625379825
-1.530131403814014,-1.1219448945416857
-1.5308510182879052,-1.1271520480197748
-1.5306793453884835,-1.133789430436236
-1.5311749968048765,-1.1408524687174135
-1.5325668313743257,-1.1478473459017062
-1.5353598994893205,-1.1557850816816606
-1.5388933249256205,-1.1644764360651623
-1.5430538074594073,-1.1730073563018406
-1.5485341339384748,-1.182365712295818
-1.5549222954177095,-1.1920864374922575
-1.5616918669297843,-1.201920839311008
-1.569396255359002,-1.2126771755029786
-1.578038884179775,-1.2238162788345464
-1.5867456864060185,-1.2351165348158297
-1.596277231818156,-1.2472304940139374
-1.606877018972458,-1.2595987401024291
-1.6172510282360313,-1.2720625529049734
-1.6284017910667203,-1.2852929448534245
-1.6404827073085169,-1.2987867486313445
-1.652408489313059,-1.312455372860852
-1.6650050888304817,-1.3267862103152572
-1.678319254605068,-1.3414346699923425
-1.69138381415028,-1.3563200409933154
-1.704804279284236,-1.371557050612298
-1.7187521670283359,-1.387133996594188
-1.7324876437957668,-1.403030499795861
-1.7460760853086184,-1.4193584689169085
-1.7596284352440112,-1.4357549922251154
-1.773605286152117,-1.4525828716439149
-1.7875095527952114,-1.4697124101372767
-1.8013378551041066,-1.4868530454728384
-1.8154175922782887,-1.5042492516525894
-1.82992157912783,-1.5210824174782134
-1.8446309465556316,-1.5381230451212364
-1.8593190316919908,-1.5551835285460378
-1.8738552928277272,-1.5720901704770094
-1.8882123080349442,-1.5888198345699263
-1.9027390286883072,-1.6054045837188489
-1.9169492923255576,-1.6216686576090538
-1.9307127724021493,-1.637491297360822
-1.9441625678507664,-1.6531004328610117
-1.9568213593753891,-1.6679192616415615
-1.9689114816964082,-1.6825239682030568
-1.980352384380679,-1.6965114252356606
-1.9910556004667161,-1.7097516385369003
-2.0008445113984035,-1.7221794017612628
-2.010111834927384,-1.733961831877257
-2.0190478742661027,-1.7453913799500298
-2.0268568433192016,-1.7557061572973045
-2.0340174907777775,-1.7654011457140273
-2.0406038445476598,-1.7756808281950889
-2.0457611851867337,-1.7845360657842237
-2.0516737642463925,-1.7918173476232957
-2.057184731125851,-1.798464741609635
-2.061718024943421,-1.8050964062803734
-2.0647707990675523,-1.8102622970058326
-2.067596410144113,-1.8146407357508423
-2.0693791925735634,-1.8187540813733036
-2.069742368415328,-1.821461567706415
-2.069906067732689,-1.8232225292363402
-2.0692378671645666,-1.8244158533087806
-2.0674779512328083,-1.824527859741721
-2.0652035691357358,-1.82391600227077
-2.0623685209187457,-1.822641890590946
-2.0585673988123965,-1.820410791961549
-2.054250392325567,-1.8174695152947944
-2.0495730234996605,-1.8138402415126134
-2.0441905789355075,-1.8095124789445576
-2.037820137190025,-1.8041583124083316
-2.0313212586087195,-1.7983948500674982
-2.024164771828989,-1.7919736565489939
-2.0169073260500254,-1.784596537378511
-2.0092981878758462,-1.7764486414746603
-2.001371470033459,-1.7678535345172832
-1.9927291465162245,-1.7585409157018073
-1.9842393918533319,-1.7488488203209747
-1.9761250586626968,-1.7387469791031616
-1.9678291967357149,-1.7284648863065222
-1.95907350989761,-1.717717449643743
-1.9505600262979845,-1.7067583032039018
-1.9419193566387267,-1.695672555633878
-1.9330495448535097,-1.6843544472057312
-1.9244580672147011,-1.672792333167925
-1.9156755506685335,-1.661036547608884
-1.9069998207723147,-1.6492280020818746
-1.898181802011571,-1.637422992033387
-1.889235129271697,-1.6254897196348828
-1.8801608302896078,-1.6136075081641308
-1.8710486476488366,-1.6019616279280176
-1.8618435835825973,-1.5902231500053454
-1.8526438165290575,-1.578640098723129
-1.843658998317145,-1.5675124901543707
-1.8347352062118711,-1.5564447735752271
-1.826051038234687,-1.5452984184839422
-1.817579798288317,-1.5345820451918046
-1.809285496252433,-1.5240403128111943
-1.8009204239691117,-1.5135441285749955
-1.792774545431607,-1.5035069764364832
-1.7848602536991203,-1.4936985511184366
-1.7769084113246962,-1.4838151509802162
-1.769196248291105,-1.4736391603062677
-1.7617229553383833,-1.4637110496772978
-1.7544139610238503,-1.4539413935617485
-1.7469541990064168,-1.4443023557934052
-1.7397165243994557,-1.43489466925356
-1.732562522272566,-1.4255644674851136
-1.7252023148351086,-1.4164142514499902
-1.7182896933736798,-1.4077228222320013
-1.7114648280360252,-1.3991126026428207
-1.704396848776027,-1.3907158120597471
-1.697708196511383,-1.3827060283411325
-1.6915493151530288,-1.374872668229368
-1.6850956627227214,-1.3669451507347932
-1.6792014689248331,-1.3595871242044013
-1.6740284838949748,-1.3524046450824618
-1.6685878444537754,-1.3451405217188739
-1.663745669857496,-1.338370472896624
-1.659200442090022,-1.3318936700714137
-1.6552207606815057,-1.325777962266942
-1.6513714817530183,-1.3197406598773687
-1.6478028089519985,-1.3139894236171277
-1.644008771493135,-1.3085383826378127
-1.6406877236009578,-1.3034905816695856
-1.6375002006438688,-1.2987095299525822
-1.6346997466296915,-1.2941380258917696
-1.6319557885820433,-1.2896239157639278
-1.629110400468205,-1.285212303873392
-1.6265389620608601,-1.2808603460405894
-1.623907594404083,-1.2764475058552407
-1.6211672495990008,-1.2720049800123252
-1.6186476773204979,-1.267658770587133
-1.6158754634446222,-1.263055819472199
-1.612948707181632,-1.2583131786380757
-1.6101379591041747,-1.2535976702301213
-1.6070956345364833,-1.2486467284711364
-1.603845731805894,-1.2433442050684096
-1.600781951519581,-1.2382029000827481
-1.597597047984504,-1.2329383445945588
-1.5942855226533381,-1.22727656863074
-1.591062257044334,-1.2218545472417894
-1.5876170709980075,-1.216206709638923
-1.5849985016813735,-1.2096560780393615
-1.5822874996751337,-1.2031397323851554
-1.579081813387854,-1.1966707072695406
-1.5759857904642973,-1.1901034942789215
-1.5728949021849785,-1.1835410707710017
-1.569728338628169,-1.176901357325521
-1.5666341499177885,-1.1701963883540745
-1.5635775144762538,-1.1635268711861326
-1.5605203873453677,-1.156965154071939
-1.557515894475254,-1.150355694063131
-1.5545808805163053,-1.1441175473274172
-1.5518023818848188,-1.138042903099155
-1.5489804354741048,-1.1320065282193839
-1.546505322376825,-1.126314873383835
-1.54410217118961,-1.1207009488423825
-1.5417222578662089,-1.1151865314044431
-1.5395246225437351,-1.1098511679868408
-1.5375680620180288,-1.1047614913998558
-1.5354616634476537,-1.099805724217068
-1.5341240903819755,-1.0946734061290988
-1.5326990043400264,-1.0898022644950238
-1.531496706424761,-1.085158616675127
-1.530401711150951,-1.0805420801627874
-1.5290627127163077,-1.076223020097467
-1.5279073364517217,-1.0720916384780717
-1.5267062079429765,-1.068013540677203
-1.5255970067713236,-1.0640259500098652
-1.524360192781552,-1.0601508223744118
-1.5233049186297645,-1.056444902885325
-1.5223751222107658,-1.052862407509261
-1.5214116707975869,-1.0495753894614643
-1.520541736625519,-1.0464746517636785
-1.51980081964236,-1.043500802025697
-1.5190676804612655,-1.040711308974871
-1.5183877168915973,-1.0380251158908755
-1.5178827572380644,-1.0355108768556622
-1.5173438934676455,-1.0331774541867573
-1.5169814379300648,-1.0309835140572812
-1.5168541930131085,-1.0290205197666138
-1.516830754061901,-1.0272879614055042
-1.5170101702505823,-1.0258720454776977
-1.5173764764194904,-1.0246396646642644
-1.5179304670584761,-1.0236885687849164
-1.5186485911885008,-1.0229892227350812
-1.5198316179321902,-1.0223676435798779
-1.5211666500476846,-1.0219175542427228
-1.5228274377082611,-1.0218010439042726
-1.5248608065009426,-1.021857848044167
-1.5273698170759484,-1.0222346244859242
-1.5301615092673408,-1.0226119641756144
-1.5324096880929572,-1.0239347998666575
-1.5351653355176862,-1.0256297174536306
-1.5381293880463398,-1.027380457674814
-1.5413049059646464,-1.0293415820627279
-1.544930482290126,-1.0317437022360818
-1.5487063535519234,-1.0341689319062946
-1.5527661385996563,-1.0367848835894546
-1.5572669193861854,-1.039834410273465
-1.5618750572244648,-1.0427870831264463
-1.5667348819609042,-1.0459974391570581
-1.5721421446344597,-1.0494415157246524
-1.5776641159483504,-1.0527640150639739
-1.5835460688243848,-1.056316803953447
-1.5897805847118185,-1.0602099416295043
-1.5963305721960395,-1.0640585536039127
-1.6028876607177616,-1.0680110417797195
-1.6096223347296108,-1.0717620594424997
-1.616890116440064,-1.0756926642078675
-1.624141418343874,-1.07961034603372
-1.631060332801533,-1.0841369247015726
-1.6379061505292443,-1.088547624754312
-1.644602552509114,-1.0928049099714123
-1.650897756312,-1.0969319798829777
-1.6570034046135307,-1.1008665020221677
-1.6628695042648955,-1.1049869626146362
-1.6684115678586047,-1.108803878949076
-1.6737186737223508,-1.112381465285343
-1.678828982925889,-1.1161368141492374
-1.683692338798623,-1.1196667618846659
-1.6883276745745024,-1.1229670410229262
-1.6925673775956909,-1.1263572585719834
-1.6966894276833744,-1.1295440960438197
-1.7005906589217745,-1.1325088560168053
-1.704282229004159,-1.1354714135492836
-1.7078700702992873,-1.1382850500780042
-1.7113033795897363,-1.1409490278999244
-1.714596883066679,-1.1435890816534446
-1.7177245003949215,-1.1461071521678998
-1.7206391087941475,-1.148509305263766
-1.7232986878039351,-1.1508187447644094
-1.7260525302643972,-1.153115707317453
-1.7286485632432873,-1.1552584576097962
-1.73091911854659,-1.1572464796617539
-1.733381323832246,-1.1593473999475141
-1.7355948288592045,-1.161582057049311
-1.7375103275514194,-1.1637724648453145
-1.739360038014607,-1.165895339828002
-1.741103994121598,-1.1681069361692449
-1.7423393220993468,-1.1700252832512925
-1.7436199093991713,-1.172279874934753
-1.7446919227317725,-1.1743228422666478
-1.7455548745066478,-1.1763000101756311
-1.7464788194004317,-1.1784905541325879
-1.7474349710056871,-1.1806226850606223
-1.7482555128663173,-1.1826221044195477
-1.7491958531386818,-1.184875377519874
-1.7500113437708513,-1.186799297978573
-1.750733657972099,-1.1886319800939706
-1.751589266723371,-1.1906993695759012
-1.7521637406795225,-1.1925378964036775
-1.7523023725564018,-1.1946439435094804
-1.7525771539803598,-1.1971232748305578
-1.7525785268093965,-1.1992986190818486
-1.7523596725565513,-1.2012582961759213
-1.752198985181149,-1.2036392532237503
-1.751956939945836,-1.2058644209900824
-1.7518849987744902,-1.208630459905227
-1.7514492493807163,-1.211389788758333
-1.7512550648108745,-1.213963231088918
-1.75128210203743,-1.2167527767293924
-1.7515690167745126,-1.2198533531111049
-1.7522868576421737,-1.2227925074304216
-1.753730545417836,-1.2262582513588178
-1.7555163044413107,-1.2300741415587144
-1.7578975046604017,-1.233364420467681
-1.760716208897428,-1.2370884309126644
-1.7641063191820248,-1.2413808078162685
-1.768008425140519,-1.245221845805147
-1.7723044140515067,-1.249455556177059
-1.7770444161355279,-1.254130299661745
-1.7822527015380252,-1.2583930946614064
-1.7877629689877426,-1.2629577007575166
-1.7937406817643968,-1.2679857388899007
-1.8001093208095327,-1.2726708894313685
-1.8066123426901362,-1.2774783216096046
-1.8130746660030204,-1.2822438825702849
-1.8198601964283083,-1.287209418653607
-1.8271092454169897,-1.2920383773931048
-1.8342722667531486,-1.2966845137206933
-1.8416329231680757,-1.3013592356729577
-1.8490387470644,-1.3059262264346099
-1.8565057685171023,-1.3105498558311717
-1.8640447151707162,-1.3150687753451424
-1.8712926498865263,-1.319565626575639
-1.8786424191997395,-1.3241629431188828
-1.885726460071942,-1.328601462841689
-1.8925637302756728,-1.332786257511918
-1.8992936904116577,-1.3370716196419485
-1.9057921670453595,-1.3409193958968302
-1.9117054782381648,-1.3441660742003951
-1.9175902215862544,-1.3475354432156599
-1.9229533408542763,-1.350255694301945
-1.927854219906846,-1.3525078795910415
-1.932424025944352,-1.3546902778301668
-1.9363963541414269,-1.3562882450107083
-1.940030693187052,-1.3575385784515734
-1.9435284911349693,-1.3589087817904455
-1.9465353542655794,-1.3597989045951793
-1.949798010234668,-1.3599948788015104
-1.952821589247619,-1.3598847922874822
-1.9559252008951238,-1.359087766391704
-1.958576568430074,-1.3578354030652617
-1.9610025865615328,-1.356374182240421
-1.963301589456052,-1.3545698750728226
-1.9652366382039577,-1.3523968045163544
-1.9669788263826318,-1.3500970127223006
-1.9684289493023917,-1.3474029493031972
-1.969608467837951,-1.3444297435349775
-1.970415454026074,-1.3415161249307543
-1.9709217238516128,-1.3382416284677998
-1.9710653488106349,-1.3345932542508832
-1.9708750382227553,-1.3312087782525812
-1.970413233847199,-1.3273781477499225
-1.969716667293299,-1.323305300681742
-1.9686700158433765,-1.3195816062911658
-1.9676512114759106,-1.315606434075569
-1.9662911073766187,-1.3113004162016308
-1.9645252712049264,-1.3071844244897477
-1.9626631430157295,-1.3028584070332956
-1.960474428774584,-1.2982130729943715
-1.958062087171628,-1.293739539054995
-1.9555057033092693,-1.2891326204448346
-1.9529223057478082,-1.2838263935889562
-1.950014851109436,-1.2787252351202067
-1.9471674327118516,-1.2735729661592006
-1.9442634378352082,-1.268362374790793
-1.9410645996535978,-1.262864817650856
-1.937502059765446,-1.2576855317179343
-1.9339304967172204,-1.2524970265668842
-1.9300205187532407,-1.2469792961398307
-1.925683078030261,-1.2415417666333612
-1.921146304944334,-1.2359138069364215
-1.9165816457796685,-1.230255778426072
-1.91208022359109,-1.2245433911484196
-1.907457315609906,-1.2187111894505507
-1.9031878669340396,-1.2128707288573901
-1.8989635479834008,-1.2072603358615641
-1.8948950522953778,-1.2015951370885238
-1.8910204376851485,-1.1961094978246878
-1.8875598917479848,-1.1910098076459747
-1.8841716664636738,-1.1858290579109723
-1.8811146022778749,-1.1809629760295206
-1.8784860463430062,-1.1763316936638037
-1.8759918950521932,-1.1716561973002797
-1.8741075926869428,-1.166983183150974
-1.872489357815949,-1.162367595411648
-1.8708377994197567,-1.1576580916143189
-1.8694533181730228,-1.1532081636581812
-1.867681025366489,-1.1492137316821809
-1.8661422488405361,-1.1454604795148695
-1.864597272412096,-1.141771529050993
-1.8633590613597903,-1.1381740040752244
-1.8622603026520985,-1.134720491659594
-1.8611231466691027,-1.1314481655099144
-1.8602500529062191,-1.1281613090076301
-1.8594775547909723,-1.1249783183805921
-1.858639894965951,-1.1218405633644184
-1.857921182237893,-1.1187314026947925
-1.8572887824345758,-1.1157023567079365
-1.8564504877376031,-1.1126818669087992
-1.8555624350908717,-1.1096098103511682
-1.8546888106862605,-1.1065509790835575
-1.8535387512485741,-1.1034048560311986
-1.852184481535406,-1.1000473736450724
-1.8506814731472927,-1.0967761903462705
-1.8487204779155644,-1.0933322283104097
-1.8466742070264826,-1.0898000118950204
-1.8449552864341985,-1.0860811305650198
-1.8428964522928486,-1.0826629692477254
-1.8403870628351537,-1.0788089929561304
-1.8378644977893615,-1.074940667161402
-1.8349777502854594,-1.0713951775754036
-1.831287833023373,-1.0677406544335102
-1.827473273473473,-1.0639543398519644
-1.8233328513613107,-1.0604574224509127
-1.818951792832303,-1.0567316344998425
-1.814473037357103,-1.0529024811678764
-1.8098551755894297,-1.0491977499008596
-1.8050421005142956,-1.0453126915187116
-1.8002813299827203,-1.0414667081588567
-1.7956077313632952,-1.0378432496293988
-1.790818088693174,-1.034107066374198
-1.7858927789401806,-1.0302302787454132
-1.7809235921061752,-1.0263938533972115
-1.7756976441246881,-1.0223081547609
-1.770333316586797,-1.0180790372239834
-1.764921683271606,-1.0138936024372565
-1.7592682652083846,-1.009460585684521
-1.7535372259773596,-1.0049619813278643
-1.7477051593895525,-1.0005553002879295
-1.7416958522315273,-0.9959643510517785
-1.7356367293654347,-0.9913328203234744
-1.7292565234283817,-0.9870398105004837
-1.7229038244670007,-0.9826506280166251
-1.7161956614965768,-0.9784938510885494
-1.7092750376315282,-0.9743405538361746
-1.7025181445703699,-0.9701678099576271
-1.6955979041519222,-0.965825046991498
-1.6884998795067951,-0.9614069224294128
-1.6814515739897677,-0.957021675191452
-1.6742652283021302,-0.952495243468381
-1.6669232610537001,-0.9480232208646245
-1.659830035969262,-0.9434759614283859
-1.652531277117308,-0.9387207600469094
-1.6452810151760275,-0.9342824282965105
-1.6382904352683316,-0.9297202704880504
-1.6312277675307312,-0.9250828848318542
-1.6243159118342252,-0.9206826706417396
-1.617626363811928,-0.9161934525876162
-1.6111553193805164,-0.9117783402397082
-1.6050348433532389,-0.9077117182900647
-1.5991503064530506,-0.9034338117774662
-1.5935669251442282,-0.8994559637867777
-1.5885011725746223,-0.8959959638019686
-1.5836170980500324,-0.8923730021811519
-1.5792184185145597,-0.8892324856823057
-1.574840019045735,-0.8861735917422755
-1.5704983464629518,-0.8836540061437159
-1.566695533603562,-0.8812628130443321
-1.5637149456752821,-0.8796713472541247
-1.561284203401193,-0.8786468681985682
-1.559045914415827,-0.877448739367152
-1.5576462620519977,-0.8770664565872786
-1.557022753072942,-0.8774844103095837
-1.5565342687806545,-0.877780459820089
-1.5568387847807057,-0.8788480478830023
-1.5579082780086169,-0.8806753339032211
-1.5596671322703541,-0.8828646828364817
-1.5626370452037814,-0.8859557342685538
-1.5663602584399148,-0.8898233229554483
-1.5709692003536984,-0.8940715967196743
-1.5760408435733126,-0.8985949705900282
-1.581855659944545,-0.9038844393995329
-1.5883441451065126,-0.9096636045151093
-1.5956997474126786,-0.9163166219883216
-1.6032122203784482,-0.9231954142609026
-1.6112182357341094,-0.9307552133281365
-1.6199085357138612,-0.9390205098500409
-1.628796941878607,-0.9475420322591299
-1.6381975974343264,-0.9564121675184941
-1.648158137602373,-0.9658595775544684
-1.6582710007098358,-0.9754999523859961
-1.6690233638000183,-0.9853123783817022
-1.679972452315732,-0.9954537786102778
-1.6911131659061025,-1.0057631077263018
-1.7026849270364972,-1.016491726066289
-1.7143964754264926,-1.0275520476662343
-1.7262925077583444,-1.0387860766433725
-1.738648143783464,-1.0504671667455718
-1.7511951632556422,-1.0623635658262198
-1.7639216292804072,-1.0743077636434082
-1.7769511098332638,-1.0865466802775416
-1.789927068731443,-1.0990614943487251
-1.803098829447641,-1.1116478929726104
-1.8162991799487065,-1.1242620914303048
-1.8293937562914213,-1.1371583964068002
-1.842657559970787,-1.150056795903959
-1.856047829686034,-1.1630782051343374
-1.8692886306510053,-1.1762635192965856
-1.8824067013232657,-1.1895272201486522
-1.8955416983600477,-1.2028074111558609
-1.9084694682405092,-1.2163292887140118
-1.9213839969357946,-1.2296297369373934
-1.9342072395843684,-1.2428414175200866
-1.9469931138068437,-1.256127739645752
-1.9596413720089663,-1.2692016266899715
-1.9723690708609414,-1.2822966327748657
-1.985015049272247,-1.2953121643249497
-1.9973355559367005,-1.3080187129984506
-2.0093537231610465,-1.320434931278981
-2.0209676867696054,-1.3324275558414773
-2.032658667187593,-1.3443553631208673
-2.044076017400832,-1.3560224426957852
-2.054929214603831,-1.3671055081931387
-2.06581098439045,-1.3781662565431891
-2.0762769899548954,-1.3888271663827343
-2.0861831579411634,-1.3989358098028721
-2.095433996840394,-1.4086699126517268
-2.103894770378319,-1.417918670315353
-2.111809120757905,-1.4266027293925143
-2.118837267504894,-1.434870838403482
-2.1259218880321544,-1.443378266745544
-2.132451560185622,-1.4513140546807215
-2.1382331496071694,-1.4588547997039045
-2.1432592947260773,-1.4660838321531542
-2.1485060526366864,-1.473476429965575
-2.153431434098734,-1.4800875539858918
-2.157655294880441,-1.4864087858674166
-2.1620663756351974,-1.4928576101848916
-2.165972352026949,-1.4988145427222603
-2.16922647925571,-1.5046467702355046
-2.1726603868976317,-1.510618135491152
-2.1754948383845902,-1.5160054363471729
-2.177738025674619,-1.521415953957915
-2.179979642965647,-1.526854363879
-2.1816483118854535,-1.5317341506322424
-2.18273255359941,-1.536676332812785
-2.1838406900473393,-1.5416592806935958
-2.1842318155469105,-1.545942616451064
-2.184071690244646,-1.5503268291210424
-2.18390043115461,-1.5548358903736104
-2.1831467446069244,-1.558775822515393
-2.1817650853183546,-1.5630068155501575
-2.1801805659283717,-1.567164789715131
-2.178270697667863,-1.571291991206608
-2.175591072952901,-1.5761111477732432
-2.1728125727345096,-1.5809987156045824
-2.169663379964911,-1.5856017575468102
-2.1664771073769136,-1.5901646065208686
-2.163470068405243,-1.5946117809401323
-2.160119703416713,-1.5987158830794808
-2.156820618878318,-1.602718815644583
-2.1533941437822777,-1.6067960458463038
-2.149695585641105,-1.6106004893557084
-2.1461241605685992,-1.6142563441985687
-2.1425166284854726,-1.6179428313506938
-2.1388112453423145,-1.6215268966575558
-2.1350839931201557,-1.6247603255495995
-2.1315092551536936,-1.6280084403067223
-2.1277886266694703,-1.6311053487024088
-2.124163576917456,-1.6339205216315724
-2.120717321821129,-1.6367219775547581
-2.117043046866706,-1.6392887777150484
-2.1136295229908653,-1.6415784804903029
-2.1104362221211743,-1.6439018233235902
-2.1070871649527962,-1.6460650211136292
-2.103872740691721,-1.6480060584048233
-2.101021713316387,-1.6500118534613657
-2.0975491673624176,-1.6525121834763548
-2.0940834250806035,-1.6550195339786797
-2.0909944491544796,-1.6572053357704186
-2.0878770369804314,-1.6593573721875048
-2.0848151645930657,-1.6615653433911732
-2.082124984227573,-1.6633954271984204
-2.0798874142373767,-1.6652192448760919
-2.0774498473593686,-1.666839259300669
-2.075088779172119,-1.6683072752265675
-2.073152504197248,-1.669774738382736
-2.071056786305593,-1.671080004354734
-2.0691970867216347,-1.672300454774778
-2.0677587828117097,-1.6734072288274442
-2.066175202463909,-1.6743664071679785
-2.064837385696103,-1.6754192210144843
-2.0639561668580075,-1.6763103729282056
-2.06307964111598,-1.6772066589620291
-2.0624820101279453,-1.6782959280519552
-2.062238381985297,-1.6790911096634074
-2.0619748830975837,-1.6798658966217104
-2.061986133103186,-1.6810964953616543
-2.0623867926528945,-1.682064011685932
-2.062644401895624,-1.6828887597400382
-2.0630749772402868,-1.6841552065803627
-2.0638994024249007,-1.6851487446079856
-2.0649370006795142,-1.686354946021996
-2.0659946344519553,-1.687293864194003
-2.0676498898610234,-1.6875056225453582
-2.0693717806294396,-1.6877847553653462
-2.071060724215074,-1.687951464957428
-2.072632484211258,-1.688259085786174
-2.0741539439107575,-1.688604358513597
-2.075728036580382,-1.6890046781661887
-2.07707723221285,-1.6895972174009697
-2.078612683635136,-1.6903785851509163
-2.080142904517061,-1.691157660778899
-2.0813089353361534,-1.6922476337896537
-2.0826047527483884,-1.6934697342101601
-2.083705534243111,-1.6945013855546247
-2.084435652587243,-1.6958492117867898
-2.0850227717644088,-1.697054147388226
-2.0852519629216624,-1.6979094206143552
-2.084994814011964,-1.6991791754664909
-2.0844828814470446,-1.7001921225182457
-2.0836159885274843,-1.7008599913473756
-2.0821757418916684,-1.702016402252289
-2.0805042441090422,-1.7029412637861734
-2.078555217101829,-1.7035950226942087
-2.0762571527807947,-1.7045463100646097
-2.0734347623243456,-1.7054019211892097
-2.0710213050014246,-1.705543041110279
-2.068552848806699,-1.7056931353476414
-2.065716765849432,-1.7057206776701335
-2.063047725438916,-1.7055292294293127
-2.060120914145961,-1.7050754049766914
-2.057352267061525,-1.7044870195564086
-2.054124213206238,-1.703437109491823
-2.051147530122482,-1.7021993266059605
-2.047818410159374,-1.7008357674263055
-2.0442841388307635,-1.6989100130811203
-2.040654563060561,-1.6968903764126335
-2.0367511458235534,-1.6949158302319416
-2.0328933568516687,-1.6926558614623284
-2.029062068805383,-1.6904216591768366
-2.0250024182393562,-1.688106883291595
-2.0209872313119783,-1.6855256600107076
-2.016980168161718,-1.6829518504184007
-2.0127461048759083,-1.680151423809579
-2.0087248578221932,-1.6771610550040408
-2.004689472323946,-1.674156728003978
-2.000471673679802,-1.6707791337294515
-1.9964307427573649,-1.6671805942214863
-1.9923533400494369,-1.6635460729734326
-1.9880449853202888,-1.6594014572699398
-1.9840060520409728,-1.654989057937699
-1.9795046771188447,-1.6501178980400306
-1.9746699466098485,-1.6449059791171738
-1.9698995269323374,-1.639637761878012
-1.9645596628094741,-1.6338057771401922
-1.9588664921273304,-1.627612918286425
-1.953221469729633,-1.6213771928523577
-1.947111551522138,-1.6146808580415968
-1.9406574287576213,-1.6076334176154221
-1.9343681619843998,-1.6004421146208296
-1.927619252612458,-1.5927922213160224
-1.920592738616828,-1.5848575298680372
-1.9137736361902764,-1.5767411139727103
-1.9065954802916913,-1.5682663370269563
-1.8994766785562636,-1.5598445455963506
-1.8924979182553148,-1.5512981093571525
-1.8853534487402464,-1.5425896714551193
-1.8785519306270693,-1.5342163809150688
-1.8721689961543904,-1.5254357944525125
-1.8657526518282201,-1.5170208566454348
-1.859557367202239,-1.508823393276448
-1.8535820110805548,-1.5003197874752068
-1.8475926664917732,-1.4920348871480962
-1.841921902404901,-1.4840624222401737
-1.8362277033205225,-1.4757785243551265
-1.8307118465339158,-1.4675147354495037
-1.8253639928936154,-1.4594177175190826
-1.8198271899555307,-1.4510693595012893
-1.8143613555015459,-1.4431029038241825
-1.8086272313637843,-1.4352565700580218
-1.8029331508035091,-1.427456385802791
-1.7967239608611034,-1.4201037656885156
-1.7907221571364247,-1.4129626824638113
-1.7843631594351852,-1.4059070901089585
-1.7781376663517277,-1.399171486192505
-1.7719158479587238,-1.392800737765064
-1.7657440996248108,-1.386479305247552
-1.759619098505964,-1.3803112489805724
-1.7533392853217058,-1.374322913737189
-1.7469719898488218,-1.3682484054187956
-1.7407426168731561,-1.362337417693973
-1.7342932049279176,-1.3565192670933182
-1.7277288149548424,-1.3507755217822395
-1.721296996377886,-1.3452481505360068
-1.714757597608392,-1.3398160090184459
-1.7079964057505344,-1.3341581502307123
-1.7014517601011907,-1.3287227632271823
-1.6947850268592854,-1.3233957460865626
-1.6879629886652083,-1.317906970155978
-1.6813429716132222,-1.312629316900227
-1.6745566095400375,-1.3074994860632907
-1.6678408532512206,-1.3024293999726153
-1.6609240110491794,-1.2975798560977394
-1.6538218275080834,-1.2925143135174473
-1.6469616548928196,-1.288181263006473
-1.640157964108815,-1.2839168511145755
-1.633303425581152,-1.2794313357118325
-1.6266420821851342,-1.2755254388422121
-1.6200648569133436,-1.2717141361190258
-1.6133217513205718,-1.2677745882068547
-1.6068660095655503,-1.2641192906091427
-1.6005842461185313,-1.2606418345063801
-1.5942740363090881,-1.2571913884965054
-1.5880932199240072,-1.2538638058035825
-1.5820724467218015,-1.2507524638818843
-1.576015228697702,-1.2476749825796707
-1.5700874106856226,-1.2447219795616342
-1.5642694748352823,-1.241879612649621
-1.558256673060227,-1.239245684343625
-1.5524093452614764,-1.2363796437315366
-1.5468150937878895,-1.2337631273408984
-1.541173337412056,-1.231247478607964
-1.5357772944356027,-1.2287444986856584
-1.5304156073066477,-1.226276044394397
-1.525130773396941,-1.2240673276342788
-1.5202206688550584,-1.2219614588350636
-1.515394202950487,-1.2199401514831927
-1.5105510133306292,-1.2183459238412087
-1.5061348675304231,-1.216868976498328
-1.502002143281704,-1.2156790050752193
-1.4977063046572487,-1.2149694674540412
-1.493682400902124,-1.214203238650166
-1.490090657352849,-1.2138743883860883
-1.4861292547866398,-1.2141004768723251
-1.482252673197175,-1.2142285794671943
-1.4788976542745806,-1.2148839950796155
-1.4750753127563456,-1.2160524590417867
-1.4710702401788158,-1.2174392626469723
-1.4670985266475707,-1.218857616667679
-1.4637556476275992,-1.2209097314599069
-1.4601517493013885,-1.2231950136815664
-1.4570078796420838,-1.2259356869555054
-1.4544784801402393,-1.229105925206379
-1.4517669863217115,-1.232537363459905
-1.449386626095929,-1.2364945440738828
-1.4476296928430494,-1.2410793278793841
-1.445857357626748,-1.245809872661443
-1.444456501064337,-1.2510733108514442
-1.4438965457251605,-1.2571828369876563
-1.443379684917716,-1.2635918563094706
-1.44348427382799,-1.2705888007072401
-1.4444799294148718,-1.278481367170575
-1.4460541294753875,-1.2866082954601255
-1.4483499079743563,-1.295459539113067
-1.4515803062411314,-1.3047454151956124
-1.4551932710247233,-1.3143909727037342
-1.459289087500828,-1.3245204953660736
-1.4642988848014513,-1.3351696463185485
-1.4698419432849532,-1.3459383713754594
-1.4757514948999586,-1.3570743507141605
-1.482275051800471,-1.3688188110306223
-1.4890816471039974,-1.380695307751701
-1.4948692962033607,-1.3937292102500953
-1.501048106679761,-1.4071554849048895
-1.5075040137624323,-1.4208028877788907
-1.5138642580818003,-1.4345318146268504
-1.520506806667322,-1.4485428268983513
-1.5272645359153685,-1.4626673832754231
-1.5338134880342456,-1.476972155051609
-1.540434978990653,-1.491348167923708
-1.5468911622497985,-1.5055576294071757
-1.5531358838106295,-1.5200039897267097
-1.5593005404618445,-1.53436856847138
-1.5653150671422853,-1.548581115205276
-1.5712179523676828,-1.5628863722790056
-1.5769756069646292,-1.577044177894608
-1.5823962234259907,-1.591189325267556
-1.5880616509638286,-1.6051356289881074
-1.5933172967419846,-1.618939635072452
-1.5984279830687236,-1.632596739440849
-1.6038594757383005,-1.6459349816751323
-1.6090419797681346,-1.6593012391228015
-1.6139615553578928,-1.6724037382118464
-1.6193973368008592,-1.6851067775901178
-1.623664626581909,-1.6991784674995614
-1.6272478043365837,-1.7128999159179912
-1.631483004818052,-1.7263052180763436
-1.6360842516640641,-1.7395688794920632
-1.6404413892081557,-1.7529383103395442
-1.6443824441319763,-1.7658952272305226
-1.648766775326881,-1.7787833347834368
-1.652581089872344,-1.7914044785544099
-1.6559654701443627,-1.803599584985182
-1.6597390052082366,-1.8157436531994833
-1.6628995676490903,-1.827599006687435
-1.6657471491163631,-1.8391438459849596
-1.668824880425157,-1.8507584505792136
-1.6712534010109867,-1.8620704749971098
-1.673197919062582,-1.8729028647856283
-1.675360897602316,-1.8836977958753003
-1.6767946625469548,-1.8939798484868755
-1.6777420448296068,-1.9037805296261257
-1.6786819836617104,-1.9135082169050692
-1.6789180720273875,-1.9228921598791384
-1.6785022513450907,-1.931617731515714
-1.6780404566818878,-1.9403156262411372
-1.6770063589915905,-1.9488800406647582
-1.6751584840499762,-1.9566242320637044
-1.6728742354236985,-1.9643351938106468
-1.6691538312423422,-1.9732493971693448
-1.6643967498294943,-1.981491949393102
-1.6591858790058687,-1.989424815480238
-1.6547352946745784,-1.995859693345612
-1.6497829386802447,-2.002184864126522
-1.6442822226046105,-2.007952999126032
-1.6387035829886913,-2.0133112614325093
-1.632719412254303,-2.0186767415810203
-1.6263211273491727,-2.023620737260384
-1.6199299628980193,-2.028090898254133
-1.6132893365138643,-2.0327220679522906
-1.606456693809033,-2.037157064534713
-1.5997534846354697,-2.0411347685893766
-1.5927825037843757,-2.0452619155250362
-1.5855713544687178,-2.049143754410486
-1.5782824117233367,-2.052568066352975
-1.5707122836343923,-2.0560726302791017
-1.5630279952950217,-2.0591338180347276
-1.5551221916036992,-2.0619780186578076
-1.5471093186561506,-2.064913987061665
-1.5386941186339913,-2.0674386433350587
-1.5301776382791024,-2.0698636898882565
-1.5214900922327745,-2.072435556892438
-1.5113260722860555,-2.076471817718352
-1.5009320838959495,-2.0802783544988857
-1.4915109170345173,-2.08288869705256
-1.482222782643561,-2.0853034585388546
-1.4727213130778465,-2.0874987562208074
-1.4629702326211345,-2.0896681196204616
-1.4533333699108495,-2.091606612597549
-1.4435560655909865,-2.0934002167784174
-1.433456509100989,-2.095159480781195
-1.4235316724676994,-2.096790905937984
-1.413711373378632,-2.098528998867676
-1.4035813384554683,-2.1002509613904454
-1.3936859849889351,-2.101882376347376
-1.3839671037481485,-2.1036997425286503
-1.3739649417964526,-2.10549375020986
-1.3641296867941084,-2.107109548368282
-1.3543400011768103,-2.1087768504995412
-1.3444295526562058,-2.110398661678724
-1.3345813791236305,-2.111866236982048
-1.3248011939707134,-2.113237046326902
-1.3152188070670636,-2.114801599358423
-1.305917955415668,-2.1161234026508224
-1.2967293526694412,-2.117563396976493
-1.2863288880530948,-2.120478113590245
-1.2763668643414159,-2.1233966199673255
-1.2664953194578072,-2.1264219848190304
-1.2569748791364674,-2.129812809056947
-1.2491012330857851,-2.132168777688453
-1.2416226431521673,-2.134591596437373
-1.2346931117763633,-2.1375837528901247
-1.2284725141308919,-2.1412564402989194
-1.2225221840650593,-2.1446956639022057
-1.2171925892235105,-2.148779266699479
-1.212711559955769,-2.153676308021886
-1.20848006351666,-2.158357818381633
-1.2051238411744092,-2.1639487554775614
-1.2028759798059871,-2.170600750019689
-1.2009855692360332,-2.1769441363184523
-1.2003732092551318,-2.1846166702774594
-1.2008825665621337,-2.193362020432886
-1.2019237892923693,-2.2016490032761142
-1.2053423560637597,-2.212335636608144
-1.209544653721578,-2.2228768393385585
-1.2145876851962973,-2.2338740042889444
-1.2208942116319763,-2.2461875316797433
-1.2279012316886424,-2.258291087266224
-1.2338494254444137,-2.27169852511829
-1.2405034121894736,-2.285802932764938
-1.2480824237069545,-2.3008630185330516
-1.2564492353421395,-2.3152569957002407
-1.2665726546882887,-2.328412448062034
-1.2773852195303292,-2.3422805490339726
-1.2888619095840759,-2.3555895831388063
-1.300563750353168,-2.3691138240286223
-1.312601390661272,-2.3829888179931973
-1.3251863228903575,-2.3964077663254786
-1.3378831449679238,-2.4099338058993083
-1.3506641990255557,-2.4235478309205765
-1.3640340583285515,-2.436673378762222
-1.3774375044041538,-2.4498310748059384
-1.3907776151362985,-2.4629223229634896
-1.4046022422214912,-2.4756157848102487
-1.4183346974307351,-2.4882213099018635
-1.4318740631576115,-2.5006245947321335
-1.4458553252679447,-2.51266784307436
-1.459834264555536,-2.5247082137818824
-1.4737368234320511,-2.5366676120083906
-1.4877535180139525,-2.5485117183904813
-1.501718271096767,-2.5602952242164325
-1.5151545830694624,-2.5723567312655784
-1.5282308213511833,-2.584055952404925
-1.5410438161773805,-2.5956748511989707
-1.5536797178664952,-2.6071872305200228
-1.5673345894260549,-2.6169917822895172
-1.5805762284081406,-2.6264015441039135
-1.593777171208482,-2.6358540550060456
-1.6064464688263207,-2.6447510751263255
-1.618340425245642,-2.6529081743446867
-1.6303441252296114,-2.6609825873450133
-1.641052671655526,-2.6677564718508715
-1.6514710098147654,-2.674037444373734
-1.6613001558004754,-2.6798731028549256
-1.669975249081418,-2.684505759148302
-1.677984555278019,-2.6886655678563898
-1.6854696279548582,-2.69238245963784
-1.6916240307468149,-2.69471345631417
-1.6969111005578226,-2.6962716706465297
-1.7015647626217532,-2.6974799551859463
-1.7047562487915302,-2.6971664839999985
-1.7071488370155425,-2.6958798005275733
-1.7087701010606065,-2.694425234169335
-1.7097469010624788,-2.689290527327656
-1.710140582421161,-2.6841117667048078
-1.7095426640721254,-2.677983463990699
-1.7081969619028148,-2.6706189331060926
-1.7061330989918722,-2.663439053937256
-1.705162773511383,-2.6545096489913123
-1.703862289953739,-2.6450371031024256
-1.7013813918508067,-2.6343380972828094
-1.6982260174954953,-2.62385134941429
-1.694986012863015,-2.612768995976215
-1.6909705834013344,-2.6008814201664845
-1.686224066544572,-2.589116426719903
-1.6816573542618276,-2.5768873956137295
-1.6767423600958438,-2.5642962867536756
-1.6711789321993338,-2.5518602524082232
-1.6659986218445475,-2.539043491509792
-1.6607174189897493,-2.526120906624855
-1.6546969777010898,-2.5132768019965575
-1.6491085121744447,-2.4999984519881813
-1.643282727473035,-2.4864731625885796
-1.6367087104628295,-2.472817013862646
-1.6305523948655904,-2.4588758525941095
-1.6239781125101471,-2.4445012406677464
-1.616636472258657,-2.4299208740390195
-1.6108867896380292,-2.4135125771045014
-1.6051481560763525,-2.397021790178769
-1.5987606023309808,-2.3800162049439515
-1.5920821477282525,-2.3627372787311782
-1.5856991102943905,-2.3452676751149144
-1.5787377335974775,-2.327222984796468
-1.57204967392083,-2.3092646727305586
-1.564940618767703,-2.2908219228052973
-1.5576990370009267,-2.2722419209009863
-1.5508751097236873,-2.2536907098285655
-1.543596226587576,-2.2345948226521957
-1.536437144903847,-2.2156205604910713
-1.5299609010935178,-2.1967522991475668
-1.5229783788918587,-2.177537216391025
-1.5168600853203138,-2.1591753092665256
-1.510888904471414,-2.140684795026168
-1.5051596586398521,-2.122427676942852
-1.5000853317137919,-2.10483988562479
-1.4953248196344435,-2.0869795641856554
-1.4908689293168877,-2.069413298478246
-1.487021810064683,-2.0524674242295475
-1.4834378994497825,-2.035291067893149
-1.4802424187644379,-2.0184904224625173
-1.4791287508419226,-2.000400534724162
-1.4777190156814402,-1.9822269704378277
-1.476918445944531,-1.9643712334431238
-1.4746908168440425,-1.9480966277897422
-1.472386028930594,-1.9321258163846275
-1.4704613654437149,-1.916478799718684
-1.4682839609311595,-1.901032233872829
-1.4662081656797694,-1.8856873882664842
-1.4644263570814589,-1.8704630156740045
-1.4626305772264707,-1.8554554997640254
-1.461149551340862,-1.840766242062055
-1.4598924665324213,-1.8262424451471955
-1.4584298712975154,-1.8120440562197584
-1.4572300786674843,-1.7981110809664618
-1.4563568378601994,-1.7844579537348753
-1.4551151666866708,-1.771095538349458
-1.4540290611112456,-1.7578883643587588
-1.4532200421009416,-1.7448400873295509
-1.451942960692765,-1.7320990843081203
-1.4507825834787114,-1.7194662911529304
-1.4499842753598389,-1.7071910811042625
-1.4487553603964969,-1.695292904460894
-1.4491681289548621,-1.6817617834446563
-1.4500110747779178,-1.6686596070196074
-1.4505899741885364,-1.6558863088921825
-1.45147145998458,-1.6434225114813659
-1.4529949599246028,-1.6313313340256734
-1.452839626436258,-1.6209419168798547
-1.45277999290861,-1.6104698254085341
-1.4532947925810058,-1.6005767412508074
-1.454197060939757,-1.5910694239123446
-1.4553880635082945,-1.5813094027543924
-1.4573098696410982,-1.5722811909707257
-1.459086894258915,-1.563292419509671
-1.4615227304408862,-1.5545983538896044
-1.4642980783545083,-1.5462461131429763
-1.4668472150242466,-1.538055345987039
-1.4700990219170154,-1.5302103977972725
-1.4736332645364496,-1.52264984351387
-1.4769446738228098,-1.5154390919656788
-1.4807346779385246,-1.5086087163524011
-1.48485356139732,-1.5021092532020928
-1.4888770309233434,-1.4960202764466175
-1.4931810637937637,-1.4902346385750893
-1.4989090291040452,-1.483179889787037
-1.5044282654251007,-1.4763392743797816
-1.5104105590920534,-1.4699666054677631
-1.5163874193264113,-1.463804678065986
-1.522317234443319,-1.4580369237040167
-1.5286914098744777,-1.4527194288082736
-1.5334897305462878,-1.4491872196570386
-1.5387208816433382,-1.4460885016829583
-1.54397944024028,-1.443302754554475
-1.5494119927407677,-1.4404219928038087
-1.5552799228973082,-1.4379767001374144
-1.561200608060326,-1.4356337096509668
-1.567331233617975,-1.433121242271518
-1.5738429207446358,-1.4309895235369983
-1.5802607533046307,-1.428934993689588
-1.586672198823181,-1.4266763908921
-1.5931741917866928,-1.4245097187136448
-1.5996283564923843,-1.4223845042762548
-1.6060829523482112,-1.420261243994375
-1.6124415264538097,-1.418044207008493
-1.6186540271077607,-1.4158958420175758
-1.6248855033619334,-1.4137679549302096
-1.630925179882155,-1.4114502969235136
-1.6381363808026619,-1.4077809901750864
-1.6454072036467404,-1.404158631200044
-1.6524293839091084,-1.4002955963540042
-1.6591998091989222,-1.3961847092570896
-1.665959635408919,-1.3920826005428932
-1.6709259941732522,-1.38941024786241
-1.6756124157505923,-1.3864619628167947
-1.680189445233347,-1.3835155304764173
-1.6846400997284254,-1.3804421458387075
-1.6885994271681208,-1.3771532842991079
-1.6927439430811684,-1.373888741321832
-1.6964508772637754,-1.370457525974512
-1.699758232624905,-1.3666332232037548
-1.7032030189788068,-1.3627296785801748
-1.7061233512283516,-1.3586842465929767
-1.7086992740534845,-1.3543005078326047
-1.7113660349492315,-1.3499252791929128
-1.7135304519862615,-1.3454085957146085
-1.715236804775181,-1.3404419671732482
-1.7169507827007409,-1.335507193911961
-1.7181271951211583,-1.3303881223973908
-1.7188504888182332,-1.3248243888125193
-1.7194329260499408,-1.3192335839061393
-1.719618856861132,-1.3133408732411427
-1.7206698147816717,-1.3063075991475985
-1.7211177313890835,-1.29867777807404
-1.7215136932620092,-1.2910961357754547
-1.7202552310065025,-1.2845094578306846
-1.7186024776888826,-1.2775363904886174
-1.7163275444412398,-1.2699391273037484
-1.7138196599024205,-1.2619035356897539
-1.710837297465686,-1.253033354315376
-1.7070665576699604,-1.2425092970029015
-1.7025626466251345,-1.2312083364188797
-1.6979414286465428,-1.2189604037585016
-1.6925315480602219,-1.2059059682032607
-1.68735024021027,-1.1926472319059331
-1.6815653801018782,-1.1787959904564826
-1.675184706008902,-1.1643343960284676
-1.6688854062461174,-1.1497979374393055
-1.6621151193759138,-1.1347992250098036
-1.654998314645331,-1.1194447053048393
-1.6479835353307446,-1.103996501135114
-1.6407071356425191,-1.088289631079978
-1.6341334101851708,-1.0717943301396007
-1.6272637758346142,-1.0549947721241018
-1.6205583893945683,-1.0382447853674917
-1.6137179483685693,-1.0211908876527174
-1.6068094067152496,-1.0040660958126306
-1.5999095013559372,-0.9871660029200493
-1.591535748214162,-0.9714085767241645
-1.5831336981216426,-0.9556365406015688
-1.5748374764099946,-0.9400327635602368
-1.5665501546483236,-0.9244363201177599
-1.5583709584879417,-0.9090086580884423
-1.5504836358912626,-0.8938673244100154
-1.542811183421037,-0.8789341341247375
-1.5352991652196353,-0.864178329042541
-1.5279895102773113,-0.8495838024744974
-1.5209133355368172,-0.8352154214294923
-1.5139170512111633,-0.821095988776537
-1.5073697261870243,-0.80713559435541
-1.5012944867704148,-0.793633106169929
-1.4953384661447262,-0.7804765527258242
-1.4898544485527137,-0.7675126782967069
-1.4848835025913965,-0.7550461419920917
-1.480096908380916,-0.7428558570695668
-1.4757319500497508,-0.7308847384425305
-1.4723559356014662,-0.718805211717525
-1.4696590892772976,-0.70738986032983
-1.4672028565728679,-0.6964377512573071
-1.4660607079864478,-0.6867979690656035
-1.4648960533178006,-0.6771784559230294
-1.4647445963427954,-0.668608521656784
-1.4641666835870417,-0.6615898698467428
-1.463978983540468,-0.655020238252084
-1.4645048924458683,-0.6490681341960844
-1.4662645396265157,-0.6443382545208719
-1.4686330431833898,-0.6397579848684407
-1.4718562183128954,-0.6360542337442561
-1.476356705314823,-0.6335844227380545
-1.4815200319276547,-0.6314489759625246
-1.4874827616114303,-0.6310020337024826
-1.494969967698285,-0.6320827391337891
-1.5026812153766247,-0.6335335591442159
-1.511276682164796,-0.6359037063592144
-1.5200128294917838,-0.6391085855746864
-1.5291867021853816,-0.6425075831866633
-1.5390923348315966,-0.6466682000715522
-1.5490730007704163,-0.651434943190684
-1.5592290528350379,-0.6564195041502525
-1.5702383906590636,-0.6612137698363949
-1.5811722815358495,-0.6663368668894473
-1.5925671035838391,-0.671904920297742
-1.603374995162081,-0.6781385244245429
-1.6143719699891657,-0.6845695739903338
-1.6254692553051269,-0.6912076626289005
-1.6370260650998765,-0.6978506504625134
-1.648467874455172,-0.7043738751177333
-1.660122143119562,-0.7108841326598296
-1.67219197376142,-0.717467266849312
-1.6839435629530852,-0.7237180175095992
-1.6956378067132738,-0.7298542726427543
-1.7075087019897586,-0.7361681897562595
-1.7189082508457152,-0.7419892484471345
-1.729582978314834,-0.7477121711615554
-1.7401140914705233,-0.7532800526215532
-1.75009336489481,-0.7590211878335094
-1.7596425118916061,-0.7643913115139328
-1.768977067504633,-0.7701133114724528
-1.7778267383833408,-0.7753527167606334
-1.7871639011131277,-0.7796245322373493
-1.7963433053489555,-0.7837453575967632
-1.8049609925442474,-0.7875324895452287
-1.8132029832003869,-0.7912441454228072
-1.821187522288542,-0.7946966160723477
-1.828688720393113,-0.7981419143682575
-1.835645941786025,-0.8012746216026723
-1.8420326668594234,-0.8049096697818519
-1.8473464235911337,-0.8082360229373184
-1.8522823520527256,-0.8109928455927501
-1.8562544432501422,-0.8127650250597063
-1.859921243817958,-0.8148097926509332
-1.8625070967791095,-0.8157598750804095
-1.8644351736434006,-0.8160683034995239
-1.8661877309014858,-0.8165334398628084
-1.86711270809774,-0.8161479608844577
-1.8670587486258163,-0.8148106596310162
-1.866753504140879,-0.8136982891990837
-1.865917059535959,-0.8120334153035305
-1.86397071794269,-0.809290146112288
-1.8616327618314967,-0.8068981020901362
-1.8589312210855797,-0.804128171484802
-1.8553209329798768,-0.800475392855413
-1.8509149753317669,-0.7976344220090273
-1.8462280866333678,-0.794538547642034
-1.8410411856229858,-0.790963099247167
-1.8356888154929814,-0.78745264479453
-1.8302214487281285,-0.7836440792766507
-1.8244429577812356,-0.7795369114137548
-1.8186322145044924,-0.7753448988587377
-1.8124050764270774,-0.771638911177638
-1.806068080824765,-0.767815362964191
-1.7995079149581445,-0.7637802745576108
-1.792932083324133,-0.7597612013661779
-1.7863973219371532,-0.7557833149292286
-1.7798242063361434,-0.7517788308718334
-1.7730397560424567,-0.7479667901917931
-1.7666207746214824,-0.744525132283274
-1.76009258011467,-0.7410047678121036
-1.7534624646691694,-0.7377180467628515
-1.7472966180922544,-0.7349051316800043
-1.7411915417024622,-0.7322065046634265
-1.7351613439069689,-0.7295767342400755
-1.7295890713374729,-0.7274141828901899
-1.724702712432875,-0.7253850220314474
-1.7201377621259282,-0.7236911559407054
-1.7151097106569857,-0.7225941876174645
-1.710547218848318,-0.7219464207396025
-1.706232110586788,-0.7210758330825708
-1.7022231243771289,-0.7205006652515341
-1.6975482325316993,-0.7210087256345772
-1.692768128669865,-0.7217684477513783
-1.6883207274540217,-0.7226233857248605
-1.6839519695294447,-0.7235537344473395
-1.679342057471863,-0.7249828707539748
-1.675027026096863,-0.7262246894549844
-1.6708969868520775,-0.7276442085248576
-1.6665199039996796,-0.7294101349529687
-1.6625847698579752,-0.7308489028105115
-1.6589771917286555,-0.7326028853302401
-1.6552722085641824,-0.7346361873811487
-1.6519828543894135,-0.7363550897426825
-1.6489961094088594,-0.7383655240035263
-1.6462146443035208,-0.7404345337209077
-1.6435434866058458,-0.7422071144372819
-1.6411371800161718,-0.7442351865760132
-1.6388756378560991,-0.7464280335583795
-1.6364797674315819,-0.7484527038826967
-1.6341023827319459,-0.7505515341599369
-1.631933722556526,-0.7528643456904961
-1.6297680722760044,-0.755143591367197
-1.62710390970497,-0.7580535411364384
-1.6245105000960471,-0.7611584289314585
-1.6223456622369765,-0.7637776387841877
-1.620275498533035,-0.7664557720230643
-1.6180677442539977,-0.769225683545118
-1.6161100044624936,-0.772250369163112
-1.6138993720343422,-0.7755038894263699
-1.6118981785792235,-0.7789733969207843
-1.6097850100026896,-0.7826608708795698
-1.6078581133987675,-0.786686320590869
-1.6057810364180436,-0.7908073591821128
-1.6038999741875153,-0.7951311590327617
-1.6021026173791924,-0.7996944546426275
-1.6000538109170066,-0.8044581161031903
-1.5982219634764334,-0.8094457931727296
-1.5966047883169094,-0.814681336796645
-1.594900913406727,-0.8203330489788719
-1.5933867334894956,-0.8261406847660135
-1.5922037958615356,-0.8322899040423603
-1.5906673404233225,-0.8385203415233425
-1.5887352569313011,-0.8451956915074478
-1.5869536124799712,-0.8520112524040188
-1.5854773139138871,-0.8591486700720955
-1.583833818183725,-0.8664358033403071
-1.5822492652560034,-0.8737709448845021
-1.581760879888569,-0.8804091372545708
-1.5810386214944565,-0.8871436160738053
-1.5804846706156443,-0.8939441007282395
-1.5800130373789214,-0.9008273096573871
-1.5793781414909138,-0.9078923567885556
-1.579021073119748,-0.9148732795984398
-1.5787403219574916,-0.9219306817997067
-1.5785009298252917,-0.9292115895646023
-1.5787732184455223,-0.9362714316937331
-1.5790535231431824,-0.9433378149802926
-1.5795820413865285,-0.9506284728391007
-1.5806745543767393,-0.95788965513701
-1.5817491458096764,-0.9651312594624981
-1.583095263020775,-0.9724180376154706
-1.5849213032619953,-0.9798076688720913
-1.5867172878879459,-0.9871657267797821
-1.588758825642115,-0.9945256230386683
-1.5908940549934123,-1.0021250367751389
-1.5932213044793313,-1.0099210626891024
-1.5955102268189745,-1.0176037334973094
-1.5972034185105306,-1.0259538799530992
-1.5992983651651915,-1.0347110790616156
-1.6014020352026486,-1.0434596075353644
-1.6037124716553253,-1.0524216553288008
-1.6061733300899153,-1.0615308802552264
-1.6091200556438767,-1.0700825247497245
-1.6124476919491166,-1.0789048290923797
-1.615931674095233,-1.0878792192785698
-1.6193719650439242,-1.0967486843119556
-1.6232229327032541,-1.1058087197006912
-1.6272071122230496,-1.114992366660482
-1.631590851626135,-1.123818527581558
-1.6360020402024715,-1.1326752742736625
-1.6410692814027263,-1.1418536713467418
-1.646171862438407,-1.150500933012975
-1.651768902847419,-1.1594079680067586
-1.6576772627477079,-1.1686105730437788
-1.6637107410127205,-1.1773880843440052
-1.6703579247002145,-1.186340485286218
-1.6770941801285448,-1.1953664084158377
-1.6837923446598906,-1.2039863380231732
-1.6906931328283086,-1.2123236320472177
-1.6974019165204062,-1.2215036848921161
-1.704043349483148,-1.2306153387292502
-1.7110235464329353,-1.239430638860177
-1.7188047185087456,-1.2481376932629271
-1.7266449979146679,-1.2569141203908674
-1.7341182846454197,-1.2652082654468597
-1.7421809002623834,-1.2737086200914045
-1.750297449092737,-1.282271403275764
-1.7582618142421749,-1.2905120297670296
-1.7667959411260503,-1.2989867703055378
-1.775351698195357,-1.3074882592370904
-1.7839179417690794,-1.3158526295022819
-1.7930781984637811,-1.3244573183509585
-1.8023132057775568,-1.3331417621748862
-1.8115360615404015,-1.341689557243017
-1.8212106663128085,-1.3504951142122308
-1.8308246443718925,-1.3592436011298843
-1.8404820699465092,-1.3678683978422201
-1.8504925882091465,-1.376856383994596
-1.8604416241773933,-1.3854246146687865
-1.870347287679402,-1.3939479329208784
-1.8804015713259044,-1.4028356531692656
-1.8899144784519,-1.4117370286786242
-1.8996017383882684,-1.42048992105051
-1.9090442341256035,-1.429235298906698
-1.9184445802793566,-1.4379391179953747
-1.9278094196108067,-1.4465099335009544
-1.937078898853932,-1.455060084127241
-1.9470389483263546,-1.4630142231559917
-1.9566405801215183,-1.470810989594744
-1.9663099438118206,-1.4786359375618912
-1.9758378745489518,-1.4863111791875332
-1.9850269724425698,-1.4940315470306826
-1.994332149057701,-1.5017769403196932
-2.0034375533479114,-1.5093125784898898
-2.0122821417135097,-1.5171975781944824
-2.02112173298168,-1.5251356688024227
-2.029986042167045,-1.5330986745402462
-2.0379681477117857,-1.5411877862326508
-2.0456447066074053,-1.549424867989225
-2.0533451477626636,-1.5576864772663026
-2.0601003436161935,-1.5658501809208636
-2.0665563057049177,-1.5742828942258242
-2.072959731356539,-1.5826621322412604
-2.07848362710461,-1.5907834468572628
-2.0836402306936677,-1.5990962232969668
-2.0883891815568307,-1.607071424861748
-2.0928976662485606,-1.6148189118400749
-2.097001134421452,-1.622912988947414
-2.1007523939954766,-1.6306494097108357
-2.104567892150361,-1.6374128601492923
-2.1078519440934826,-1.6440158634017366
-2.1109374706576673,-1.6506300898628747
-2.113710622859417,-1.6569400766861777
-2.116103076515685,-1.6630600036478962
-2.1184043375371693,-1.6691958131834341
-2.120311862486577,-1.6749443922397687
-2.1220085196443637,-1.680439596612076
-2.1235954300245687,-1.6859894259872583
-2.12473474087196,-1.691184485436879
-2.1256118997724247,-1.696111489891506
-2.1263235081194956,-1.7010204948309777
-2.1266256553809124,-1.7055167766699137
-2.1264636385685245,-1.709539095320769
-2.1261183586366292,-1.7135024130970993
-2.1253854266054453,-1.717144546413158
-2.124335342838511,-1.7204627503454912
-2.122862046878769,-1.723528377999264
-2.1208467387223284,-1.7263880550453428
-2.1177717462455816,-1.730433217755604
-2.1144371608962245,-1.7342130599479886
-2.110528283013457,-1.7374260526592158
-2.106663149169894,-1.7405182454732957
-2.102311487197003,-1.7434394233408246
-2.0977526072773798,-1.7461583801103653
-2.092948934081848,-1.7488448412930782
-2.0877438157955557,-1.7512174015134556
-2.082433974062512,-1.7537874599987153
-2.0766265429494384,-1.7558642539255436
-2.070666872459666,-1.757580137466409
-2.0646751040511093,-1.7592445673639174
-2.0582057388603934,-1.7604350967628095
-2.0516433858581857,-1.7611464671075774
-2.0451080819188796,-1.761718272800424
-2.038241326905605,-1.7619606176190041
-2.0312031530798094,-1.76142482386788
-2.024343300732185,-1.7606949120838045
-2.017028719102992,-1.7595070237217088
-2.010034041945386,-1.7576416794784404
-2.003243308924628,-1.7557213641870704
-1.9960193919421505,-1.7533653049633229
-1.9890097726864282,-1.7503902771813955
-1.9820403268435043,-1.7473709061868639
-1.9746140468756292,-1.7438927661108377
-1.966929242767428,-1.7407162481156573
-1.959313843257122,-1.7376029778553357
-1.9515919429123674,-1.7343064423941088
-1.9436428739851501,-1.7307809206560818
-1.9358111236960995,-1.7271537815793472
-1.9279795553722212,-1.7235287852441212
-1.92007694964436,-1.7198352641308805
-1.9124241947291716,-1.716017421083113
-1.9048300597618388,-1.712258238795068
-1.8971521590812932,-1.7084319328914825
-1.8896996504405525,-1.704637328982787
-1.882261648120466,-1.700857619145401
-1.874946839844308,-1.6969660625679892
-1.8676655675701388,-1.6931458929306327
-1.860447440579895,-1.6893893889081042
-1.8532513802062853,-1.6856124946368012
-1.8463454163195363,-1.6821283924797574
-1.8396131459676168,-1.678817272787006
-1.8328374699524874,-1.6755423669653795
-1.8265587012895983,-1.6727683423716835
-1.820434359381425,-1.6701481063365766
-1.814358082759929,-1.6674856849504422
-1.8084966910628963,-1.665716790550529
-1.8029423784312801,-1.6642536027311998
-1.7975182031502706,-1.6626774468237764
-1.7932517190111326,-1.660368633345194
-1.7893420607696868,-1.658418076230246
-1.7860792718793557,-1.6568826845406677
-1.7832598211121053,-1.6554024127842963
-1.780925609590042,-1.6544102496639952
-1.7792491205312482,-1.653450414600851
-1.7779507008279778,-1.652656080306845
-1.7771642273476964,-1.652376668354815
-1.77684041768476,-1.6516973272350894
-1.7772282845526723,-1.6517261083186525
-1.7779458311457075,-1.6520864378910685
-1.7789988382292228,-1.6521569221796972
-1.7807142155445954,-1.6528863192094312
-1.7828683456782068,-1.6540569088136416
-1.7852704472945178,-1.6550136381793978
-1.7881280686915508,-1.6564233107381903
-1.7913398900941484,-1.6581890942035982
-1.7946815139525842,-1.6598434648579292
-1.7983236335415123,-1.661795903332686
-1.8027970215053086,-1.6633543688073598
-1.8070489484355976,-1.6649482409419534
-1.8116041246029744,-1.6668432040387569
-1.8166868407819838,-1.668726696759467
-1.8216530576249834,-1.6705772547823476
-1.826833894966211,-1.6726405433267943
-1.8328980754741215,-1.6738720741832906
-1.8388825644211,-1.6750285342273312
-1.8450357863710465,-1.6763517353394521
-1.8514883764272048,-1.6774779408489773
-1.8578310365674533,-1.6783374204751926
-1.864557731174646,-1.6791117074571371
-1.8710770690426572,-1.6796724036884818
-1.8776724146699229,-1.6800779475364616
-1.8842198628258537,-1.6804340411322696
-1.8906575334099298,-1.6806604102060083
-1.896927655220538,-1.6808049526766486
-1.9030410281676753,-1.6807921063604903
-1.908982785189617,-1.680841868726876
-1.9147887459492816,-1.6809078474488184
-1.9203932184866073,-1.6807724649834146
-1.9260361495034148,-1.6806308094916664
-1.9326315359130235,-1.6790232658411042
-1.939029502196406,-1.6774194011530352
-1.9453254534719253,-1.6756432376491024
-1.951469540533886,-1.6737117479510684
-1.9575348143825948,-1.6717746185873414
-1.963489170950997,-1.6697558794248826
-1.969420925980392,-1.6670329211076504
-1.975442635965516,-1.6642736081687022
-1.9814392800897658,-1.6614011911444213
-1.9871181219044387,-1.6582044026062284
-1.9928612770180578,-1.6548312326597967
-1.9981625728581813,-1.6512456003802871
-2.0031382397405264,-1.6473341906356043
-2.0080738828050726,-1.6431449418048127
-2.012462547427119,-1.6390398090928917
-2.016537615724807,-1.6346225895152857
-2.020534066434928,-1.6299827087268959
-2.0240460409358043,-1.6254246069531042
-2.0273350621556925,-1.6204789061939686
-2.0305487074536464,-1.6154550696273817
-2.0333283641083906,-1.6106468492487587
-2.0358879852939245,-1.6054847591919847
-2.0382635744545836,-1.6001340035673135
-2.040170033867689,-1.594948349600976
-2.042812057688744,-1.5883863119848425
-2.0454115876101304,-1.5817349644144896
-2.0476161615826154,-1.5753071262848615
-2.049487420840799,-1.5685544065346773
-2.050737452761216,-1.5624282369544769
-2.0520905562928426,-1.5564079651673735
-2.053182070051986,-1.5501317646078197
-2.0539545785725606,-1.5441301329663533
-2.054862952113285,-1.5382684203822246
-2.0556600392746187,-1.5322985624490324
-2.0561513154228175,-1.5265923641633676
-2.0567594015006407,-1.5210068895033066
-2.0572789030238896,-1.5153357665901215
-2.0575994296836715,-1.5098367750321027
-2.0581928443965545,-1.5046188451209452
-2.0584893249598006,-1.4995768834674368
-2.059071889182066,-1.4946849797910733
-2.059556111315164,-1.48992807072
-2.0601348415819807,-1.4852649450899646
-2.0610209786229485,-1.4805649501152882
-2.0618775940948675,-1.4757449762401964
-2.0628903477611993,-1.4710789166497655
-2.064148981033951,-1.4662886435517408
-2.065427587087681,-1.461362151492573
-2.0676099789327758,-1.455727233452866
-2.0699156462787096,-1.4502139570546162
-2.0712020884974507,-1.4456429294307005
-2.0727129904898858,-1.441090812326618
-2.0744168098615994,-1.4363666509346111
-2.07621931743989,-1.4317370630974946
-2.0783138784516058,-1.4268243159158978
-2.080465067272238,-1.4219646541035735
-2.08285204449533,-1.4171416647695716
-2.0850216223254776,-1.4122218585663155
-2.0873735504793522,-1.4072170831662234
-2.0895931258012412,-1.4020755660704554
-2.0916556104691897,-1.3969420914222115
-2.0937116510138,-1.3917957723316434
-2.0957192084897196,-1.386857073423083
-2.0973016334133283,-1.3817359139235355
-2.0991209680251472,-1.3768468056962986
-2.100778894485278,-1.3721836614647456
-2.1020689579432963,-1.367301622455921
-2.1046063255240055,-1.3613572544461192
-2.1071103775260904,-1.3555519321809368
-2.109387912640711,-1.3499692222219288
-2.1115897198982174,-1.3443144402625682
-2.113846645322441,-1.3388593675339686
-2.116026542978098,-1.3335680217696038
-2.118197559543268,-1.3282696713420794
-2.1194866508777985,-1.3241877190630273
-2.120633348207775,-1.320229436497848
-2.1217352308509034,-1.3162327034722663
-2.123055175968212,-1.3124508915787232
-2.124265251913098,-1.3087646245563793
-2.125361368529286,-1.3049674209656172
-2.1265783914804124,-1.3012905954598208
-2.1278489521052535,-1.2975678094467267
-2.128999017248217,-1.2937246420711705
-2.130103593917375,-1.2898317624742088
-2.131300119049728,-1.2858596125796469
-2.132367327272959,-1.2817602422208851
-2.1332768679564222,-1.2774930507606415
-2.134331400479456,-1.2731005356094869
-2.1351977804410605,-1.2685208698258557
-2.135633958434969,-1.2634966323730568
-2.1360357529503453,-1.2585025464038038
-2.1370615081222435,-1.2527288672451387
-2.1377008629559215,-1.2465830985147415
-2.1377845644258238,-1.240217502924474
-2.137687321428975,-1.2341571162761023
-2.137407625502327,-1.2279058544730628
-2.1364178213809493,-1.2213377178421003
-2.1351537477147438,-1.2151300082650123
-2.133034645259804,-1.2096577922045755
-2.130449991470887,-1.2037373875145976
-2.1277738879401404,-1.1981713461655552
-2.1247392186545944,-1.1922409410562127
-2.121653305844999,-1.1866250739915616
-2.118546602186631,-1.1807810105834784
-2.114901946179094,-1.1748893933629367
-2.111338192084822,-1.1690794585572193
-2.107935648233785,-1.1630105815740879
-2.104348113821537,-1.156749079151879
-2.1007285249544054,-1.1507188012131158
-2.09765003968589,-1.1445437650632757
-2.0942450183220975,-1.1381021437132974
-2.0910691088215536,-1.131890320701775
-2.088363647382355,-1.1252685628945696
-2.0854899128094013,-1.1184466698519833
-2.0825682333042685,-1.1115765673615552
-2.080234447615073,-1.1040879854800703
-2.0784713257705363,-1.0966351131953351
-2.0752073464666654,-1.089948418283266
-2.0718970324846433,-1.0832119012792787
-2.069108706660676,-1.0760164750696286
-2.066081588051445,-1.0685568356466397
-2.062852167222089,-1.0608907376352774
-2.0598028449815375,-1.0530642274488056
-2.0565834113309847,-1.0450466902028241
-2.0529789652730477,-1.0366505256386263
-2.049204100301229,-1.0284013329582482
-2.0453739867483494,-1.0200839820078527
-2.0410315420097405,-1.0112699877579003
-2.0362142025125687,-1.0028714698246786
-2.031508355309743,-0.9945808751058967
-2.026321919969417,-0.9858252865978473
-2.0206306473185083,-0.9776294100744267
-2.01468062977057,-0.9691850712128207
-2.008488684707556,-0.9610099721326933
-2.0021725777308745,-0.9528625480584577
-1.9955439914556399,-0.9447716284668195
-1.988996015333753,-0.9370712407465094
-1.982112779600087,-0.9294335909095592
-1.9752634400501237,-0.921855188742929
-1.9685559046700023,-0.9144255192864501
-1.961912799748182,-0.9069383841238065
-1.9546709631416783,-0.9002472268556496
-1.947463409040314,-0.8935591651386741
-1.9407549426045845,-0.8871453060989962
-1.9342178074056178,-0.880422762586883
-1.9277784514053593,-0.8738027944454091
-1.921749897282168,-0.8677507241564194
-1.9158602090640517,-0.8612126178819183
-1.910144323127685,-0.8548567459948261
-1.9045137362832028,-0.8490261132039797
-1.8987482143615404,-0.8430600502395719
-1.8932014859955344,-0.8373234854100764
-1.887419761666754,-0.8317953043403992
-1.881364428506157,-0.826214025121798
-1.8756197095107434,-0.8209585823566817
-1.8695153087184138,-0.8159496520759787
-1.8628355088020405,-0.8110012412206189
-1.8565727913326362,-0.8064901331450472
-1.849978475163034,-0.8021369757736717
-1.8428609471939266,-0.7979636960375024
-1.8350293418949994,-0.7953733698705638
-1.8272495698744915,-0.7928478000392611
-1.81898730697295,-0.7907556823859508
-1.8111647179061081,-0.7891262912243397
-1.803493169286001,-0.7876522216816265
-1.7955635953296891,-0.7864969382353335
-1.7875430686724714,-0.7857680633261791
-1.7800579409785933,-0.7855981105397007
-1.7727560484313727,-0.7852432645148398
-1.7653923427954326,-0.7853503617515653
-1.7584605289645545,-0.7859073516673548
-1.7517010632334458,-0.7864430960355354
-1.745026718308535,-0.7871591298552906
-1.7386912263244796,-0.7882273690298612
-1.732619494624492,-0.7896055121514013
-1.7269775356429962,-0.7908802048989167
-1.7216156420413296,-0.7924362457783795
-1.7166548131672583,-0.7944944966668682
-1.7123455363032039,-0.7960965857730845
-1.7080950801569192,-0.7977531639901293
-1.7042384120330092,-0.7998710449276285
-1.7008863597905977,-0.8014875197395007
-1.6978339964498292,-0.8033928520097499
-1.6950317836530668,-0.8051928185221717
-1.6914238516927502,-0.8079825282964392
-1.6882923626501865,-0.8108825501071346
-1.6851691388745949,-0.8134958328181784
-1.6820063919738495,-0.8163822296018607
-1.6790800418831116,-0.8194824812855481
-1.676222404947036,-0.822668243077616
-1.6730238942646178,-0.826161033716539
-1.669973796697192,-0.8298117510278179
-1.6671394853247172,-0.8336945479366628
-1.664028496737105,-0.8378263880776542
-1.661179080373933,-0.8422229529661645
-1.658302491981948,-0.846599828736086
-1.6555043874492266,-0.8509057772583184
-1.652977650579588,-0.855478844557123
-1.6502917962236863,-0.8598929303179338
-1.6478017157547311,-0.864130526515096
-1.6455676052400248,-0.8686233618218391
-1.643338950365395,-0.8731224873481604
-1.6414021299405772,-0.8773587048097625
-1.6397872159088063,-0.881917108567724
-1.6381311962805665,-0.8864336805201825
-1.6368880447265766,-0.890578584069072
-1.6360034124971268,-0.8950784320632483
-1.6351833886957148,-0.8996357734181206
-1.6347914144173954,-0.9038081312732231
-1.6345601367968567,-0.9085761823961183
-1.6359112712228696,-0.9121598305349741
-1.6372781901285505,-0.9157596592669452
-1.6389321869361495,-0.9191013395652557
-1.641240917160116,-0.9230961199014193
-1.6435895545053714,-0.9268033891977103
-1.6466614219732028,-0.9314705107546134
-1.6501769059665692,-0.9362285957180215
-1.6541773608239811,-0.9414522678678579
-1.6583485854753668,-0.9472229987299693
-1.6625883867626519,-0.9525274796990937
-1.6674987182883927,-0.9584819464935451
-1.6725944137321702,-0.9648190115744391
-1.6779046111284524,-0.970708694160994
-1.6839047014205741,-0.977267288397881
-1.6901755575521582,-0.9840460789371774
-1.6966883889109576,-0.9903291973179443
-1.7036963134606253,-0.9970935241030937
-1.7109465280534346,-1.0039871149323514
-1.7190576858880167,-1.0098542651768192
-1.7276539741932004,-1.0161926489981497
-1.7365069107609274,-1.0227107624122467
-1.7455936163113446,-1.0289518115816498
-1.7552521820988056,-1.0357480303618818
-1.765223836433556,-1.0427150308583228
-1.7762329319840588,-1.0485591611571656
-1.787614803032337,-1.0547596327259687
-1.7994705586853854,-1.0614407220969106
-1.81158751496682,-1.0678928035793098
-1.8238881840318386,-1.0745118502019257
-1.8366387719237802,-1.0815828444354763
-1.8496388547093183,-1.088436901331832
-1.8627095141039032,-1.0953448371083463
-1.8761231256781499,-1.10259837767728
-1.8895537989072406,-1.1098415874689052
-1.9029023715794189,-1.1169919100474672
-1.9165256794831593,-1.124415915414789
-1.9302095804076997,-1.1317918681045087
-1.9438324936396731,-1.139101807356521
-1.9576698013560754,-1.14662514105404
-1.9715785605923868,-1.1540913178629832
-1.9853986656177656,-1.1614616247441807
-1.9993245913262552,-1.1689381422484173
-2.014067088341157,-1.1754670466665627
-2.0286318418600717,-1.181847009336963
-2.0433213847400213,-1.188353243660096
-2.0579476845489144,-1.1949791668426761
-2.0724279836036987,-1.2015176793075537
-2.0868782309689657,-1.208034017451501
-2.1011777974491603,-1.2147301895090612
-2.1154427861321525,-1.2210074182912976
-2.129321387458408,-1.2273837164154544
-2.143055253211052,-1.2336050107486172
-2.156440937163448,-1.240131110033853
-2.1694075885864192,-1.2462468409664087
-2.182291573842407,-1.2526017353851784
-2.1941659699369174,-1.258238467456572
-2.20569372869064,-1.2638968681563771
-2.2167716014819674,-1.269121593159217
-2.2272825936884533,-1.2741592033390352
-2.2377619870241614,-1.2797226147654188
-2.2476993605129887,-1.2847642679751916
-2.257226377774176,-1.2896290383430222
-2.2665901890455764,-1.295011869947745
-2.275287461118589,-1.2997536460666335
-2.2837122299700905,-1.304282488898962
-2.2919167512053664,-1.3093397008557905
-2.299494414664207,-1.3137892695900786
-2.3070458740564757,-1.3181993970363373
-2.3136865164436444,-1.3235618996882106
-2.3198092606776948,-1.3284316408759855
-2.3256609255488825,-1.3330233399665035
-2.3313799133484983,-1.3377271059799032
-2.3364775019132322,-1.3418296248268664
-2.3414249146782,-1.3456196949776797
-2.3460467185132856,-1.3494412150608837
-2.3504057448462796,-1.3526448417694423
-2.3544625880626358,-1.355529852356617
-2.358253900381621,-1.3583258794300903
-2.3620102009126236,-1.3605106639617204
-2.3655613249954865,-1.3624769553137372
-2.3689310792465172,-1.3642724943176232
-2.372319146324686,-1.36555045009658
-2.3754452657240925,-1.3665416406290833
-2.378958452124025,-1.36720143975997
-2.3824139703105924,-1.36779369482337
-2.385983420677283,-1.3680391904344662
-2.38940715010308,-1.3682127487896554
-2.3929246025780233,-1.3684763509216678
-2.3965187618184025,-1.3684143811241756
-2.4002088835599213,-1.3682703833960612
-2.4037572986016027,-1.367980064629116
-2.4071321384743047,-1.3675161733004737
-2.4095147360133984,-1.3679092811914049
-2.41174500589797,-1.3681198192423945
-2.4139872019408357,-1.3683426824198226
-2.4160825315616283,-1.368630843072113
-2.4181000482950266,-1.3687805425506399
-2.4202054786365568,-1.3690223981506908
-2.4221654064946474,-1.369343700942062
-2.4241106500455634,-1.369593867628794
-2.42596102963509,-1.3697443241188187
-2.427794882050771,-1.3698372747569656
-2.429782302870243,-1.3696940251763137
-2.4316265410210156,-1.3694002161298298
-2.4333559056466822,-1.369038974964061
-2.4352333638115566,-1.3685400484870387
-2.436846303572482,-1.367762962914783
-2.4383621151648476,-1.3668107091960884
-2.4400927074514698,-1.3656765626568732
-2.4415390096711564,-1.3642432249010412
-2.4429192716807853,-1.3625483627829826
-2.444642625003388,-1.360491904768112
-2.4461141275246936,-1.3581752989224614
-2.447427930060384,-1.3556989225031661
-2.4488563616177443,-1.353124508435284
-2.4500439871660595,-1.3503021211379658
-2.4511945602168064,-1.3474454083415905
-2.452339036217622,-1.3443211730473037
-2.4533892282974086,-1.3411307859441826
-2.45433442706613,-1.337829118029069
-2.4553817124403077,-1.3345559305603851
-2.4561359976811272,-1.3312654224014784
-2.456874778103738,-1.3279579146164624
-2.457543980644169,-1.3247174635183678
-2.4583031540036595,-1.3215712185687385
-2.4587090592452165,-1.3184525428849192
-2.4590375103168025,-1.315347349789484
-2.4595640854846996,-1.3124506795553337
-2.459619328949287,-1.3096820326133372
-2.4597443016983447,-1.3067710137347657
-2.4600589644752966,-1.3040599033167104
-2.459990126867972,-1.3015187998555402
-2.46009311694627,-1.2989312662166785
-2.459940690911163,-1.2965489802535697
-2.4596755640235872,-1.2940732363992784
-2.4591983158211357,-1.2917791032883912
-2.4590938288767035,-1.2892762998074365
-2.4589254677004955,-1.2867171209311299
-2.458573135764609,-1.284371004116134
-2.4581388984448367,-1.2820952525690203
-2.457827325684191,-1.2799492228461782
-2.4576503601241577,-1.2779318984198997
-2.457732162921624,-1.2759633477621906
-2.4579413923507554,-1.274111986284984
-2.458046630800333,-1.2721503227248716
-2.4584509862914565,-1.2699326574758543
-2.458861482480841,-1.2677100110559427
-2.459201854317075,-1.2651358146185567
-2.4595171207640996,-1.2623031793307953
-2.4601193025035317,-1.2593085956301768
-2.460709824794965,-1.2563000632525259
-2.4611349806964746,-1.2531605336556428
-2.46180781204954,-1.249913975158245
-2.462388173198084,-1.2465731329429899
-2.4628240595743884,-1.2430337090365733
-2.463394960413807,-1.2393896561184397
-2.463926143366635,-1.2357065547900665
-2.464196998645944,-1.2318341613340704
-2.465250171965067,-1.2270401422092172
-2.466404751029298,-1.222209654412176
-2.4673627850173525,-1.2173898827287633
-2.4678858121959415,-1.2125782727125172
-2.4685372325091324,-1.2077575272524406
-2.469040693594197,-1.2028050673114592
-2.4692465509048325,-1.197684114774127
-2.4695503727907187,-1.192594842896796
-2.469683550149064,-1.1873241121352647
-2.4694490203618575,-1.1819646411660807
-2.469303901951376,-1.1766743590222444
-2.468979666910495,-1.1711935457578848
-2.468360392067468,-1.1655005483804903
-2.467832363777591,-1.1599959604503687
-2.4672778472465358,-1.1544628762924178
-2.4665425666320093,-1.148772606969201
-2.465900942271168,-1.1430759235016776
-2.465380022721327,-1.1374899581768219
-2.464808222311498,-1.131767340065012
-2.4642968277731963,-1.12592854640217
-2.463875539788778,-1.1201676300488808
-2.4632641885231874,-1.114434935957984
-2.4626691680171535,-1.108650541576957
-2.4621450738812065,-1.1029309940254401
-2.461443885422177,-1.0972729506746102
-2.4616386825047276,-1.090582549909709
-2.461948936564914,-1.084113545235767
-2.4622628996087137,-1.077709927330971
-2.462389787535885,-1.0717096409164668
-2.4624466424477367,-1.0656862050316473
-2.462560659075892,-1.0597167721965977
-2.4627223425832434,-1.053876248491544
-2.4628653018846802,-1.048037945819656
-2.462984505951616,-1.0421771626243994
-2.4630426632928986,-1.03649010974551
-2.4630867743329308,-1.0309036759910688
-2.463130513225664,-1.0253170146082937
-2.4631309882312102,-1.020042532655855
-2.463120797197706,-1.0149852827136816
-2.4631072666002023,-1.0101899424857703
-2.463393841964448,-1.0057158348824
-2.463451414743577,-1.0014405824849293
-2.4634807783994477,-0.9971392142536
-2.4637831231979153,-0.9931304212901542
-2.4637763518396834,-0.9893901703158855
-2.4638115046967752,-0.9856900819012391
-2.4641135496745847,-0.9822762999865869
-2.4642627111762385,-0.9789957242013598
-2.4648022914053787,-0.9753294690894352
-2.46566591482316,-0.9720112556713018
-2.465846250042182,-0.9696985871890819
-2.466063632696854,-0.9673541612357073
-2.466436885888465,-0.965165934742493
-2.4671936793656237,-0.9633685977888605
-2.4679848085033433,-0.9615416737120361
-2.4690779987510987,-0.9600085056698385
-2.470528413884788,-0.9588409148750329
-2.4720908804511295,-0.9575760524981369
-2.473987649572601,-0.9566701317262571
-2.476235421555102,-0.9560952296081234
-2.478530235876397,-0.9554792562536234
-2.4812468772271172,-0.9553162757499419
-2.484290980456312,-0.9554620783973506
-2.487366011112376,-0.955580518972231
-2.4907155442987694,-0.9559941140545273
-2.494280852967441,-0.9565523234675698
-2.4978447956552174,-0.9572161820769944
-2.501598327542864,-0.957774157403261
-2.5053425889887335,-0.9583240021157422
-2.508986387884283,-0.9589479663140119
-2.513064523925189,-0.9593138010028124
-2.5171014973263404,-0.9596415692018965
-2.521478534178013,-0.9595612429036884
-2.5256881155688387,-0.9593020266658122
-2.5304909905048656,-0.9586187430863523
-2.534231682524953,-0.9587980529021073
-2.537498448772889,-0.9583600776048123
-2.5413075309424364,-0.957384256214779
-2.5448044537635663,-0.9561040627917734
-2.5478435797612367,-0.9542793988027239
-2.551539847316961,-0.9517862167322177
-2.5548508859438095,-0.9489188976219755
-2.5575813196340973,-0.9454034093489517
-2.5610144473859022,-0.9412533803998502
-2.56412537440041,-0.9367911651886265
-2.566742866803374,-0.9316793099879737
-2.5700615517802823,-0.9259489065278662
-2.573122501155058,-0.9199545110606311
-2.5756511941379943,-0.9131527776753743
-2.578700467059973,-0.905673087802243
-2.5810896030138184,-0.8974757843969503
-2.5833160728858684,-0.8891429744727203
-2.5860205361099116,-0.8804176029492617
-2.588266824673287,-0.8711907141953865
-2.590498665231396,-0.8617281328044147
-2.5930112650194954,-0.8520077697769991
-2.5952053261867216,-0.8419352378982807
-2.598155428125757,-0.8309853847127252
-2.600577729308991,-0.8202829919250887
-2.6030317240009504,-0.8093363109992567
-2.6053098159538575,-0.7982065238841921
-2.6073033922265623,-0.7870077428251999
-2.6091514626841548,-0.7757964232290413
-2.610939820853873,-0.7645384369605694
-2.61240863138907,-0.7531708105052011
-2.613693024703674,-0.7418269142552357
-2.614972840906081,-0.7304941920511078
-2.615958337820597,-0.7191480478260543
-2.6166172278532316,-0.707828867967874
-2.6173615170193245,-0.6966190587402429
-2.6179506860013557,-0.6853624718252299
-2.6181903360655614,-0.6740182239319515
-2.618519604509264,-0.662779380583766
-2.618712965087391,-0.6513652194869841
-2.61869583720474,-0.6398654030657313
-2.618556862765811,-0.6283079851527105
-2.618372269920877,-0.6166963061020699
-2.617906714778069,-0.6053264555739785
-2.617495004818717,-0.594002368780603
-2.6170345523761016,-0.5826208599597987
-2.617871122690678,-0.5696211470754834
-2.61881777595982,-0.5567205197507114
-2.6192803845425034,-0.5441354675886101
-2.6199913512890864,-0.5316921771642473
-2.6202467630244604,-0.5198180835483819
-2.620520445600838,-0.507929109438174
-2.6212607973888673,-0.4964930050764715
-2.621298333848918,-0.4854417315725441
-2.621526256577835,-0.47464006081381543
-2.6221215976267,-0.4642421434874704
-2.6220004423986496,-0.4544826533636923
-2.6221436744779534,-0.4450318492244088
-2.6227800943767607,-0.4361251336402164
-2.622692033362762,-0.4278587098778684
-2.6227921351144787,-0.41990059942610636
-2.6232770250589468,-0.4123681058358796
-2.6230918939788426,-0.40550734139288513
-2.6230066721111567,-0.39877309229991015
-2.6232866797777588,-0.3924436994556837
-2.6228063014002814,-0.38658924007262835
-2.62247273631813,-0.38089833308264
-2.6239621969211213,-0.37343898186698105
-2.624936558733053,-0.3664378712904305
-2.6260474680389745,-0.3596292139382626
-2.6268529402421708,-0.3524585373071891
-2.627259336070719,-0.34564397247416684
-2.627576885452915,-0.33879519621550513
-2.62682995978343,-0.33241739244951996
-2.625848613078957,-0.326562932299176
-2.6242499608198653,-0.32039827962054224
-2.622657665025793,-0.31424251715318563
-2.620605299202361,-0.3088104515725631
-2.6181505749265566,-0.3028724758268027
-2.615644054197709,-0.2968785051639788
-2.612772397750195,-0.29159621483434056
-2.609628766213257,-0.28585540805677884
-2.6065244956352975,-0.2801595292178868
-2.603037655930372,-0.27507367083653284
-2.59948440116897,-0.2695725047928767
-2.595945418158797,-0.26408807894614195
-2.592116912202945,-0.25904393450574165
-2.588385053155131,-0.25381580205911547
-2.5847151681476546,-0.24865719240713727
-2.5808107195473657,-0.2440015493732291
-2.5768906643195595,-0.23918611034788836
-2.573206907783788,-0.23461819377666362
-2.569617438983365,-0.2299292066488511
-2.5657283940747737,-0.22551256144748874
-2.5620567545164104,-0.22133116158218305
-2.558125819211653,-0.2174959342393193
-2.552674713469908,-0.21572736426546446
-2.547325638341985,-0.2140500049199396
-2.541842984577269,-0.21270812935412461
-2.536439550615032,-0.21158038599899612
-2.531061791935275,-0.21047388536248152
-2.5256099610670235,-0.20976109043718996
-2.520287147281701,-0.2092470284200734
-2.515232113785617,-0.2090006194354433
-2.5100414038992196,-0.20887864328145606
-2.505091966894455,-0.20902079654021322
-2.5004060274131694,-0.2094002093601503
-2.4956232559047997,-0.20986877657376918
-2.4911268585525117,-0.2106511334561032
-2.4868567914092843,-0.21163676728668823
-2.4824758290884916,-0.21272362666968272
-2.478436763182085,-0.21418532471703794
-2.474626069031841,-0.21585200324208612
-2.4706351686520223,-0.21768140337440747
-2.4671332126886276,-0.22004772425875513
-2.462417958949465,-0.22400417009545728
-2.458274198605346,-0.22854769142789036
-2.452296531928315,-0.2351185409512568
-2.4465532676787536,-0.2418487559339917
-2.4413212743933905,-0.2490412577902348
-2.4363932227558953,-0.2568388165104265
-2.4317833992281956,-0.2647621162469549
-2.427773309274655,-0.2732291671237003
-2.423948767828291,-0.2821877531915401
-2.420702355885196,-0.2909783376530373
-2.418229863140005,-0.3004738606339981
-2.4158916515842455,-0.3105014401680088
-2.414544770774115,-0.320309603447658
-2.4139579532056,-0.33086402811101084
-2.413178697858735,-0.34149452862174656
-2.4133132253783547,-0.3519336815018521
-2.413909696616498,-0.36325613612354124
-2.414891483319146,-0.37494384625666205
-2.4161792870466106,-0.38635454091253435
-2.4180023305390637,-0.39830346499125957
-2.4196511848676323,-0.4104908126620232
-2.4204637139581275,-0.4237169041148238
-2.421682627393482,-0.4373763865167824
-2.4226046440225724,-0.451109608711021
-2.4242454871767065,-0.4648544079385269
-2.4256994786259334,-0.4788351075048684
-2.4271475498846486,-0.49278219222352526
-2.428926047582288,-0.5073116015511154
-2.430807414125458,-0.5217470890472419
-2.4327688299838637,-0.5362250635220772
-2.4355171367944424,-0.5509440262439246
-2.4377398891281303,-0.5658390771961888
-2.4403343916957128,-0.581077141874848
-2.443604954330245,-0.5965780521905861
-2.44648771703091,-0.6121433400025464
-2.44956981201106,-0.6278918634453898
-2.453244754508743,-0.6438188663116006
-2.456537464612161,-0.6597764331091837
-2.459955529579009,-0.675848592924211
-2.46378536652373,-0.6920146930408216
-2.467392248340881,-0.7081418167647588
-2.471120812077129,-0.724380370019612
-2.475124948746669,-0.7406507674285434
-2.4790361424252767,-0.7566474700268497
-2.481097894289551,-0.7743138113125592
-2.4836477965084414,-0.7920994639191814
-2.485975090778471,-0.8096454049426058
-2.488139170780003,-0.8268520892246977
-2.490779230806808,-0.8441430277689411
-2.493257852810399,-0.8612612687154977
-2.49713979722096,-0.8767788081518638
-2.501006294205263,-0.8922816891934693
-2.505165275058824,-0.9077569477671538
-2.509147726688082,-0.9230286590702399
-2.513041832277848,-0.9382174329203008
-2.5172266580928837,-0.9534516287514905
-2.5211433798439926,-0.9685209099232504
-2.5252432537439438,-0.9837888487617487
-2.5292612659383553,-0.9991273462708788
-2.5334435219477136,-1.0146417950094875
-2.5375540762508706,-1.030088312180789
-2.5412980315620786,-1.0453566864276709
-2.5450610003524727,-1.060692560453189
-2.548786349414906,-1.0759556475330159
-2.552394783130244,-1.0913185240259946
-2.5559764269254,-1.106695576869227
-2.559736296292242,-1.1217957844514588
-2.561192021191772,-1.1383298278418386
-2.5631923516230666,-1.1550328351620842
-2.5651641221970607,-1.1716771433472621
-2.5669645389199203,-1.187935639544647
-2.5702201761365657,-1.2030336300608886
-2.5733281590459356,-1.2179506427895852
-2.5765600434732834,-1.2325143115023782
-2.5796165483644202,-1.2468916722066725
-2.5831070031565346,-1.2612713555701323
-2.5865550534411508,-1.2754154554802264
-2.5896643593219077,-1.289200463822199
-2.5933367963482845,-1.3029606381207035
-2.59682616234795,-1.3164441687900812
-2.5999826936741957,-1.3295759073159277
-2.603874084634549,-1.3427200437711457
-2.6073753034546976,-1.3553588981088076
-2.6106665238744418,-1.3677769424724362
-2.614586865451886,-1.38034747879135
-2.6182056965102216,-1.3926070621666462
-2.6216026690145737,-1.4046338253242778
-2.6255380253096283,-1.4167637714652384
-2.629298638144964,-1.428550382062045
-2.6328847609183765,-1.4401547383845046
-2.6352571643750777,-1.4532524661010975
-2.6374235274136093,-1.466158091907745
-2.639718717540057,-1.4788299280654753
-2.6421020820359917,-1.491749373946161
-2.646262625252095,-1.502562859428449
-2.6503826869917857,-1.5129460699156567
-2.6544828350261738,-1.5233101928607988
-2.658808018862494,-1.5336186348779703
-2.662804611444586,-1.543609604905923
-2.6670578281813255,-1.5533238136556335
-2.671177397012575,-1.5630741812468227
-2.675157204269323,-1.5726974293062501
-2.6791188702362385,-1.5821205842826045
-2.6830422105665015,-1.5915215227393082
-2.686754643837131,-1.6007239840471383
-2.6903664341754183,-1.6097263414960101
-2.6939716258286794,-1.6186090768913501
-2.6972010799830306,-1.6271243706469878
-2.700638238679117,-1.6354698822563858
-2.703747274725705,-1.6434713005767116
-2.7055277288680375,-1.6525717877012616
-2.7077488370445124,-1.6615535313811998
-2.709528842497346,-1.6701752399211571
-2.7110893529161486,-1.6785895401080269
-2.7129649936209184,-1.6868355785392835
-2.714621543713001,-1.6946653478755962
-2.7159810130062265,-1.702212865713689
-2.719163663360193,-1.7077981244426157
-2.7221189371159564,-1.7129562288350233
-2.7246632609108774,-1.7177201260187773
-2.7273729699062548,-1.7224308084257172
-2.729880109083857,-1.7268479913128816
-2.73203277057592,-1.73092506101083
-2.7341463071537264,-1.7350507281255956
-2.7361960766741045,-1.7389478943081589
-2.7380270013244976,-1.7426353013648181
-2.7397523459160116,-1.7464200247693356
-2.741513602703078,-1.7500113406696514
-2.74298628895341,-1.7533257261361226
-2.744351902823129,-1.7566385791242611
-2.7457596108896265,-1.7596578935704779
-2.7467454288454944,-1.7622718165548614
-2.7476830869887148,-1.7649795262126529
-2.7486729359455473,-1.767225366738752
-2.7488666668831074,-1.7696034590027343
-2.749018740830956,-1.7719669967857867
-2.749255781738769,-1.7740124275492595
-2.7491376672589487,-1.7757131096149392
-2.7489798479630987,-1.7775571882080061
-2.749046548884721,-1.7791097599067993
-2.750362081981085,-1.778967399675947
-2.7515271910833716,-1.778679723303821
-2.7527359328626475,-1.7782224965491769
-2.7536464527539137,-1.7774674221178173
-2.7543832979063785,-1.7768688487933972
-2.755136263985356,-1.7761755815957634
-2.755823739527867,-1.775413274154031
-2.7562018741300167,-1.774818312064051
-2.756942589926707,-1.7740209632186756
-2.757321798542798,-1.7733955321180874
-2.757797480473703,-1.7728626659853575
-2.758535495265521,-1.7720171531477802
-2.7590004604583247,-1.7710686254322576
-2.759542116695591,-1.7701934273302333
-2.7604182548896996,-1.769004611949632
-2.7611431151056687,-1.767752922257235
-2.7619966414698736,-1.7666242838264468
-2.763060174394927,-1.7651303735472053
-2.7640561273905306,-1.763518018468634
-2.7659489679654836,-1.7607931329645092
-2.768968169054768,-1.7567499159097
-2.772062761916634,-1.7523995589645947
-2.7750349072542866,-1.7478177018754295
-2.7778883241553483,-1.7431196323072549
-2.7807546075725784,-1.738320566787433
-2.7833278769510827,-1.7334029456905515
-2.7857513807048546,-1.7283393578432915
-2.7880466508624395,-1.72324841963724
-2.7900836508651454,-1.718075508355128
-2.7922349979492154,-1.7127441875602047
-2.7941378322262276,-1.7071489650328897
-2.796022082938457,-1.701567811369495
-2.797445771479627,-1.6955179697205789
-2.7989115331344427,-1.6894176048935754
-2.7994146487161857,-1.6825073379832838
-2.8001988879167894,-1.675380398861291
-2.799977018575509,-1.6672194934569347
-2.799233049971716,-1.6581096197903016
-2.799428715907697,-1.646958638139853
-2.7992540114578377,-1.6354126227956742
-2.7988184074112454,-1.6240792569027034
-2.797953026429414,-1.6123316231436222
-2.797098662525363,-1.6005921597063053
-2.7953087066888265,-1.5896282801229529
-2.793458566188763,-1.5777072723818082
-2.792152361527791,-1.5663596331499021
-2.789525209401727,-1.5561130667002796
-2.7866588240900256,-1.5456429802919112
-2.7843517475265007,-1.5357726124902458
-2.78084805009686,-1.5269035306877525
-2.777450196745574,-1.518144511287418
-2.77443803436575,-1.5097990657917757
-2.7706639177696695,-1.5020939009643415
-2.7671362629612926,-1.494637684042631
-2.7639631368917894,-1.4875572342582633
-2.7602675607388543,-1.4809177702199405
-2.756830282018646,-1.4745409864982177
-2.7535696277381683,-1.4683552967369204
-2.7499352103178962,-1.4624866485785724
-2.7464358484260942,-1.4567549523003287
-2.7429182467828013,-1.45101038003682
-2.7399101447474923,-1.4445442447587817
-2.7370751674065685,-1.438272301352847
-2.7342352817161557,-1.431997561026932
-2.7310242076274127,-1.4260045936967076
-2.727964971752173,-1.4200800254294246
-2.7249209407170145,-1.4141715718401817
-2.7214732318052315,-1.4084288543531536
-2.7182634103972574,-1.402667896653103
-2.7142615036556803,-1.3981051000478237
-2.7100679016237863,-1.3933414201620824
-2.7058398670975308,-1.3886105618282008
-2.701788392346342,-1.3840533855807735
-2.6979599701359778,-1.3794686172667834
-2.6939890111266793,-1.3748460190793865
-2.690363545818509,-1.370573757067917
-2.6869804727395774,-1.3664414281497712
-2.683559283744957,-1.3621581856172804
-2.6803673064130207,-1.3581109211660447
-2.6772995537972846,-1.3543208596803846
-2.6744463816897266,-1.350759231561115
-2.6717232198864496,-1.3473656456877443
-2.669616034144177,-1.3445831972512645
-2.6676991414722164,-1.3420960366606811
-2.6671262321830893,-1.340444977545356
-2.666182162346666,-1.3391092316546447
-2.666598390403174,-1.3391857557985782
-2.667706455872191,-1.3405959578672382
-2.6677177129305782,-1.3441927049518145
-2.668507729116929,-1.348615824349931
-2.669677935381964,-1.353258835112267
-2.671113764354382,-1.3585521766977489
-2.672851344022329,-1.3641643185051517
-2.675402429458327,-1.3693849623270409
-2.6782508048416043,-1.3751901489480212
-2.680922406303168,-1.380806269192183
-2.6849168885665256,-1.3857305657634258
-2.6890012168766635,-1.3910751507134493
-2.6927625760046805,-1.396076311658853
-2.6975097885889765,-1.4007021235176589
-2.70249902527866,-1.4055882242980662
-2.707080433576232,-1.4100269756219808
-2.7123238859986833,-1.4143060094074045
-2.717688391533838,-1.4187275898830174
-2.7227933751947613,-1.4227254442032287
-2.7284044309359357,-1.426781296702151
-2.733949993547746,-1.4307803236137573
-2.738862333697,-1.4350928120815982
-2.7440068506885895,-1.4392095869320436
-2.749272985144756,-1.443441965263146
-2.7544602859315575,-1.4475905950749475
-2.758928181263023,-1.4526386749352993
-2.7634600016574176,-1.4577326386504406
-2.767936946975841,-1.462807207877254
-2.772394561716609,-1.467862931030264
-2.7767886708349536,-1.4729724710212035
-2.781046720254865,-1.4779451440505744
-2.785390147721553,-1.4830094722359846
-2.7896591423699264,-1.4881365835449174
-2.793727287113602,-1.4930629595047904
-2.7978879181994483,-1.4980960381714854
-2.801810722783116,-1.50312393471807
-2.80556757648256,-1.508008223705747
-2.8090908264687826,-1.512897467202648
-2.81265965751856,-1.5179074728547883
-2.8158636906477637,-1.5225705764418658
-2.819077319670555,-1.527339541037449
-2.822161693250923,-1.5323986361159392
-2.824083327704635,-1.538043180469059
-2.8260273774600715,-1.543844637744443
-2.8277135396742006,-1.5498468140874033
-2.8290467090892353,-1.555512766184123
-2.8304447049658457,-1.5612513652399485
-2.8315294125596817,-1.5668050469464894
-2.8321130027475676,-1.572370351166563
-2.832821953149978,-1.577870766732298
-2.8331233771648865,-1.583034139642336
-2.833162768123186,-1.5879476332537066
-2.833410613049472,-1.5927267741429136
-2.833261897561754,-1.5971624428439322
-2.8328597831505946,-1.6013564491905905
-2.832643927451929,-1.6053249781055292
-2.8321217080359893,-1.6089081497169997
-2.8314290634009067,-1.6123288338890436
-2.8307758343383056,-1.6154705871198762
-2.829933165737647,-1.6181350573520055
-2.828930488627925,-1.6206470972945974
-2.8279460503769487,-1.622824208855
-2.8269371443039644,-1.6244673955281843
-2.8257516729994165,-1.625616828762883
-2.8245830448181395,-1.6262443897049847
-2.822940740828885,-1.627444539960487
-2.8207378466409487,-1.628075567580213
-2.8183692597940713,-1.6285241344503503
-2.816171568166439,-1.628830220404828
-2.813327221836984,-1.628481235850104
-2.8105297968842713,-1.6281730623759425
-2.8084454312729497,-1.6271046967826683
-2.8058542279037426,-1.6258229907640092
-2.8028792034567904,-1.624175064819714
-2.8001559757059145,-1.6224059264369235
-2.796890289061762,-1.620242581059841
-2.793147990953838,-1.6176304886332815
-2.789591178788176,-1.6148622249755729
-2.7855238168446594,-1.6115532791102274
-2.7809713009239845,-1.6077549646921858
-2.7768000377616398,-1.6037646215161743
-2.771728568474429,-1.5988224867703946
-2.765791923194436,-1.5931749058591227
-2.7602970670119067,-1.587321704016164
-2.7538114436498256,-1.5804141046402416
-2.7469871919140325,-1.572643754449964
-2.7393340618080844,-1.5639803130217806
-2.7318493693913055,-1.5553585680419426
-2.7238037327234843,-1.5461056169525624
-2.7150731784174424,-1.5361067918925582
-2.705859370122348,-1.5263871015939805
-2.6963008927972245,-1.5159331589661753
-2.6875167015052694,-1.5044772420818204
-2.677206242769203,-1.4941157071684945
-2.666077049221843,-1.4825224027559776
-2.6554941411705344,-1.4714861489027806
-2.642904314399394,-1.4620046750511404
-2.628928196257372,-1.4510596054757223
-2.615629661804696,-1.4408275261015357
-2.600847025566264,-1.4318080315070876
-2.585041923292436,-1.421720758629447
-2.569732885071372,-1.4121591604086654
-2.5537736913095457,-1.403112573618539
-2.537706174372444,-1.3939127944640097
-2.5214952014347647,-1.38474998509319
-2.5054211209304706,-1.3757291474409685
-2.4891741427858025,-1.366598674949641
-2.472870361778757,-1.3575285612931147
-2.4568622289258752,-1.3487670778336462
-2.4405923824465887,-1.340015621292427
-2.4239748229712506,-1.3315150278789645
-2.4074727176840005,-1.323254657155288
-2.3908008496014914,-1.315319754019189
-2.3741375653124965,-1.3074104618177147
-2.357244159453485,-1.2997084386635265
-2.340732386516539,-1.2913393260460109
-2.3246786805280144,-1.2834370664379682
-2.308842788893796,-1.27521848258416
-2.292546508520576,-1.266981825778055
-2.2767949230569413,-1.2592983131468503
-2.261023961430378,-1.2508880291095335
-2.245325254397916,-1.2430436647155862
-2.2301138895614083,-1.2348332502974007
-2.215467302131677,-1.227163142012527
-2.200253705788639,-1.2192808363457224
-2.1860222800567684,-1.2114343952958877
-2.172623230343835,-1.2043867674203785
-2.158872104267855,-1.197283279662431
-2.1461451441353896,-1.1903737799557503
-2.134356664454821,-1.1843662787913147
-2.1221199119953846,-1.1784763449950397
-2.1111630130400267,-1.1732632877750848
-2.101515569632093,-1.1693103151658368
-2.0915171864203144,-1.1656683071915581
-2.082581307202249,-1.1631327836582808
-2.0742244144995707,-1.161434487261908
-2.067368811500874,-1.1612618156829426
-2.060660515007427,-1.1613736422461698
-2.0545707916333193,-1.1620329683695654
-2.049802434582615,-1.1640354457020758
-2.045751372034249,-1.1660080083177713
-2.042188416800563,-1.1685610878855486
-2.039677181305117,-1.1721751470880681
-2.0385338885889253,-1.174592850661647
-2.038826250368752,-1.1784267412606357
-2.039220812775973,-1.182332253528831
-2.041308455825463,-1.184757909721554
-2.0453398224946753,-1.1891007723164426
-2.049132388522061,-1.1931643870656008
-2.054033577271744,-1.1962614358716799
-2.060534810431725,-1.2009452548341242
-2.0669062429847047,-1.2054638566947367
-2.073647015566803,-1.2096639614069395
-2.0810796026261293,-1.214553394293055
-2.0889903578397324,-1.2197291293272383
-2.0964361350359497,-1.2251321278342677
-2.1041388715457643,-1.2305467117977693
-2.1124348783122984,-1.2364569533071121
-2.120400996719508,-1.242698809141875
-2.1290349827969717,-1.2496262355351138
-2.1375192637937483,-1.256607243993433
-2.1463503698900928,-1.263807309590403
-2.1555357551627385,-1.271375783930424
-2.164363329698284,-1.2794294632941228
-2.173360643445962,-1.2877277621461671
-2.182826363916509,-1.2965137008814374
-2.1917499435430057,-1.3055812987432487
-2.2004566269381747,-1.3149600787490519
-2.2097840194987963,-1.3249854019195977
-2.2185327874895027,-1.335233898184115
-2.2272080565187644,-1.3461115651584983
-2.2358172894631454,-1.3569459135704593
-2.243875251991467,-1.3688625236777232
-2.2515403959523836,-1.3803988233426754
-2.2597894998255206,-1.392542146060833
-2.267079944968345,-1.4055022173925908
-2.2738903585214363,-1.41799613751385
-2.281050781540343,-1.4308520054441383
-2.2873271187459476,-1.444456073836398
-2.2932078485489584,-1.457673683521161
-2.297960084694848,-1.473067945724043
-2.30209192989176,-1.4889834539091282
-2.30589436929533,-1.5045870126620016
-2.3095702778175844,-1.5202862367470535
-2.3133430882103534,-1.536079659611001
-2.317030070221717,-1.5521157601238158
-2.320259486225648,-1.567654922166777
-2.3233613312132326,-1.5830550154359
-2.3266154232557765,-1.5986692917234524
-2.3294921044874783,-1.6138564892834062
-2.332040505017194,-1.628697391287288
-2.3348207579415785,-1.6436460577819516
-2.3370727177585273,-1.6577053253397462
-2.33925511251507,-1.671657217678859
-2.341256470645531,-1.6854042031657743
-2.3430285565183957,-1.6984909776250015
-2.3448223761128273,-1.7112506165373447
-2.346375829889262,-1.7237430860461949
-2.3477468238842176,-1.7356116772169259
-2.349322331391178,-1.7470985923626803
-2.350556217040204,-1.7582204198878308
-2.3516546623659864,-1.7687178110984176
-2.3517309906097763,-1.780337829860143
-2.3514501070084686,-1.791580512448579
-2.3509031503252604,-1.8023506536633143
-2.3506617578288562,-1.8127346658967605
-2.3504362815880966,-1.823371359913185
-2.3497463730301273,-1.8333460687579666
-2.3493458837107823,-1.8429456029292677
-2.348379443963684,-1.851966155787263
-2.3479260937986557,-1.8605578046478968
-2.3472825237216837,-1.8689638233555714
-2.3462445553591933,-1.8769676339365493
-2.345688643541625,-1.884569293713126
-2.3448938854822257,-1.8919377458859115
-2.3437182633709495,-1.8989186338606185
-2.343023610816192,-1.905498797087807
-2.342318207334676,-1.9120700815000744
-2.3412837446839747,-1.9183074223996819
-2.3406076454618807,-1.9242469614815463
-2.339953446681546,-1.9302079125516398
-2.3389988148694663,-1.9359215952464603
-2.3384142676174284,-1.9412460279328454
-2.3378379131394578,-1.9465806686988028
-2.336007643626885,-1.952927402661556
-2.3344832649929503,-1.9587784712123126
-2.33287656315431,-1.96455219262212
-2.3310828731212148,-1.970186216834553
-2.3294780005002305,-1.9752352136328701
-2.327601828292725,-1.9801016264017797
-2.3266414413838437,-1.9825553983969844
-2.32567218335525,-1.985017340975583
-2.324005605425341,-1.9867873473654216
-2.322140087275457,-1.9881131492569277
-2.319809636422208,-1.9897062251387128
-2.3168434439884407,-1.9906734053224193
-2.313653258149976,-1.991461554557242
-2.3099325000633604,-1.9925320626047167
-2.305510637512102,-1.9929118925287836
-2.300984482830723,-1.9932417862451228
-2.296062634957429,-1.9939376103874493
-2.2904935153271,-1.993995405543668
-2.284746692315041,-1.9942318912137074
-2.278621736305173,-1.9949391416123103
-2.271840904997062,-1.9949990071665418
-2.26489081112404,-1.9953274090875455
-2.2570995778668697,-1.9970241892694
-2.248649213142144,-1.9987627946099271
-2.2395442233671576,-2.0002986551785464
-2.230552129193559,-2.0019498610804742
-2.22131493112544,-2.0034319438740713
-2.211659666977907,-2.004992489193158
-2.2033222460636037,-2.0052247089454944
-2.1948809909927474,-2.0052083319271556
-2.18627178025129,-2.0052368941238945
-2.177743039994332,-2.0053457757361555
-2.169200195919073,-2.0052381244519206
-2.160591521833972,-2.005247110341878
-2.1519184713837594,-2.0051917346266435
-2.1434254851535424,-2.0050423217168145
-2.134994502852887,-2.005105555011295
-2.126740703280123,-2.00485278668125
-2.1184303857789133,-2.0045423442483927
-2.11034495956934,-2.00450645738017
-2.102523089709957,-2.004298585659183
-2.0946913762357675,-2.0040803477759077
-2.0871392092667924,-2.0042157018080053
-2.079751898873667,-2.00411065002359
-2.072353835328747,-2.0039946117938157
-2.0653407895948734,-2.004137003324369
-2.0577877149418358,-2.004897719614978
-2.0504923094056604,-2.0054414340750957
-2.0432729356839827,-2.0060618015143947
-2.0363908136689877,-2.0070194649786752
-2.0307120200507423,-2.0066199828683815
-2.0252375415743336,-2.0064250249060454
-2.0202096694979916,-2.006676366065776
-2.015276996132657,-2.0068474290193876
-2.0107018874381644,-2.0073762606026633
-2.0067031601076564,-2.0084000522784966
-2.0031772584418728,-2.009677840501091
-2.000092882604637,-2.0108839252360586
-1.997880148985496,-2.0129622710452337
-1.996063387501646,-2.015325238514278
-1.9948645570313228,-2.017578810889919
-1.9945004204689218,-2.020668196973909
-1.9943058174212938,-2.0239847172396277
-1.9948385207417452,-2.027221096541627
-1.9961686410084758,-2.0312563363755918
-1.9975949489316263,-2.035348774716466
-1.9996367240899309,-2.039301979582623
-2.0024005861709666,-2.04397882734536
-2.0053449836470034,-2.0487236500490047
-2.008898315524852,-2.052905629097059
-2.0131375344435436,-2.0577748636975493
-2.0174583652229687,-2.062737751872438
-2.0230080903200087,-2.0667064946098024
-2.0290892012715163,-2.0705539412930722
-2.0358337723015696,-2.0750644509707765
-2.042398998920704,-2.079727162522909
-2.0492585179386613,-2.0846104361155544
-2.056053010897485,-2.0898428774514204
-2.063043963499493,-2.0952711440726137
-2.0697680602456745,-2.100924998609264
-2.076482803601689,-2.1065692954216955
-2.0833746817255805,-2.1123902975579405
-2.0898719845000215,-2.1185428615635997
-2.0963110957702886,-2.124637123505114
-2.1027985543932686,-2.1307796269956456
-2.1088809050039976,-2.137261479698462
-2.1146626106961857,-2.1434424731861337
-2.120215470598903,-2.1498869295820637
-2.125753528235888,-2.156372125963391
-2.130859995353178,-2.162425242251038
-2.135507086877814,-2.168942760153464
-2.140085488716982,-2.175391726677654
-2.1444404579340204,-2.181436910906627
-2.148537543111391,-2.1876294644928587
-2.152423863493586,-2.1936116222465682
-2.156070127992833,-2.1992094093108254
-2.1600483578473253,-2.2039750283803063
-2.163703530833408,-2.208836979320006
-2.167296381183299,-2.213692730036214
-2.170401657606765,-2.2180598883576508
-2.173323150833129,-2.2225119195450946
-2.176124098112056,-2.2269342694374727
-2.1786146724604887,-2.231045397157543
-2.1809280223066736,-2.235108958286301
-2.18329347623964,-2.2389086121498476
-2.1852634340572847,-2.2423117081109
-2.1869511978174105,-2.2456519505360406
-2.188575090778576,-2.248748838051244
-2.189896084097156,-2.2515419075906182
-2.1911658326040673,-2.254395006574761
-2.192226930764059,-2.2570158366554534
-2.192932592893453,-2.2592800983902066
-2.1936386561764363,-2.261487186362754
-2.1941211405741448,-2.263355900408699
-2.193924045310768,-2.265381592216105
-2.1936438961166798,-2.2673635630115356
-2.1930607534082034,-2.269042719474791
-2.1923300558166696,-2.2703764661374795
-2.1913161896263107,-2.2715404074849506
-2.190127582416137,-2.27286072743495
-2.1887790825896234,-2.273848658414631
-2.1871800066398963,-2.274574836701626
-2.1853944267152245,-2.2751136925917494
-2.183710798790423,-2.275250853362519
-2.181697789982271,-2.275059988145261
-2.179869559943237,-2.274722443370738
-2.177955040617034,-2.273998313552884
-2.1760425817862847,-2.272863740681112
-2.1738549700568623,-2.271454893751704
-2.1719814738080236,-2.269785999759402
-2.1699167326632534,-2.267927292781259
-2.1675862657851255,-2.265803430931197
-2.165646771922833,-2.263355451478902
-2.1635726451785566,-2.2607739675795733
-2.1613067001175175,-2.2580006429091877
-2.1593140861721154,-2.25500003962445
-2.157374808181416,-2.2520535804821584
-2.1552333817943308,-2.2489042978461518
-2.1533793862700112,-2.2454184029328332
-2.151702437806812,-2.242112495447604
-2.150172506598099,-2.2384641666746163
-2.148711510529474,-2.2348837678813416
-2.1470807600193154,-2.2314431412974494
-2.145366395284902,-2.227919126896075
-2.1438182315380274,-2.224560362174373
-2.1423059226826946,-2.2211709350076725
-2.1408926376336663,-2.217881094373675
-2.139514687271921,-2.214625670418557
-2.1383066742724357,-2.211228216724914
-2.1371754194268378,-2.207907764854214
-2.1359229595784406,-2.2044650363667038
-2.1347966384904584,-2.2009899513148588
-2.1335293793816574,-2.1974058637000726
-2.1323745508625187,-2.193933372261909
-2.1311542649071527,-2.1905762128457806
-2.1299680893922472,-2.187252816272191
-2.129008719758116,-2.184155209484179
-2.1278964017482735,-2.181108390510864
-2.12690468444628,-2.177718633141823
-2.1259869093917736,-2.174402310905747
-2.1250068718247124,-2.1711372635254302
-2.1240307279766166,-2.1678758203145603
-2.1232664069634666,-2.1648254906776296
-2.12230972331354,-2.1619349528003715
-2.121730131485408,-2.1585817800943388
-2.1213868959148536,-2.1554644226938318
-2.1209723652132975,-2.152588739801504
-2.1203677370514113,-2.1497204875331057
-2.120103833963816,-2.1471924908994073
-2.119776332632403,-2.1447631469962722
-2.1193618442175692,-2.1424191151116814
-2.1192752855755184,-2.1404027409954276
-2.11907689096218,-2.138430119042469
-2.118720989991447,-2.136765993688086
-2.118754003742022,-2.1354905815497234
-2.118605761107782,-2.1343550817628176
-2.1184100356702555,-2.1334752054508956
-2.1188287950965,-2.1332094916265243
-2.1191853669460015,-2.1330908016505408
-2.1197026061848576,-2.1333614864768533
-2.120743128428484,-2.134155170990017
-2.121845503903511,-2.135044968990882
-2.123085689022236,-2.13626564076123
-2.1247603503213406,-2.137422145432532
-2.1267920222713688,-2.138935689127875
-2.1289644612309786,-2.140331037346636
-2.1316049427039703,-2.1421947314125402
-2.13444532403952,-2.1442585594705634
-2.1373487213825184,-2.146363716038851
-2.1405236449246052,-2.1487379563622904
-2.143718425057654,-2.1511321776561703
-2.1472695009817833,-2.153292591262736
-2.1511648932167904,-2.155667068171324
-2.155109392210658,-2.15809081427117
-2.1593577628136793,-2.160245790773245
-2.163360079817445,-2.1623650241573196
-2.167732390464422,-2.1648544008950483
-2.172587908863578,-2.1670481711439606
-2.177152118120806,-2.169206325786043
-2.182101983921707,-2.171750142876898
-2.1874748582895878,-2.174231028116578
-2.1926173860673313,-2.1765483186828627
-2.1981182375512263,-2.179190802097992
-2.2037919833346806,-2.1816786381639037
-2.2092945755545217,-2.1841302298614997
-2.214941836437203,-2.1867261063785044
-2.2205670296360043,-2.189223885494107
-2.226251883204192,-2.1917568697214245
-2.232395837784978,-2.193736129817428
-2.2384851526508,-2.1956603048987273
-2.244446907570662,-2.1976904835464923
-2.2506172633089556,-2.1999293526747636
-2.256672302333771,-2.2020521388956795
-2.2626044473605567,-2.2042769741230894
-2.268664400760383,-2.2066297613244026
-2.274498831582447,-2.2087564614916197
-2.280153294079873,-2.211032168847427
-2.286122097676241,-2.21362263284977
-2.291756999002201,-2.215878449646857
-2.297087154481052,-2.218385975235091
-2.302715095425291,-2.2211924220641075
-2.3080629985002092,-2.223718151670569
-2.3131726811250886,-2.226440262384971
-2.31848723384738,-2.229368874095592
-2.323460172483344,-2.23195476805321
-2.328223317324788,-2.2347132590456242
-2.3331928085053084,-2.237680073577491
-2.3378383782877847,-2.2403210205491657
-2.3422434542969675,-2.243159574783688
-2.346670209862956,-2.2460224811290215
-2.350562662618588,-2.2488403024083663
-2.3547873473798115,-2.2519567091847894
-2.3589111506349756,-2.2546521471411136
-2.3627552356402033,-2.257665432371034
-2.3664308939879586,-2.260508879788667
-2.3700005042679506,-2.263438833535682
-2.3731619563155926,-2.2659616906384543
-2.376419521796033,-2.268336451482954
-2.3793819159696765,-2.271005744156845
-2.3822073434439437,-2.2730255426259953
-2.385269470988186,-2.2752816172492256
-2.387824572079341,-2.2776211639029693
-2.39043101736778,-2.2794172075346038
-2.3932801727373034,-2.2814556525703606
-2.3956664837757256,-2.2836044308673715
-2.3984867638798315,-2.285633463638925
-2.401259635255338,-2.287615360105896
-2.4035549181493527,-2.2898997835343713
-2.406196151665589,-2.2921736854248276
-2.4087512002486156,-2.2943618234070597
-2.411146932250926,-2.2968778771634875
-2.413612174009171,-2.299613695296604
-2.415187618752401,-2.302942487264036
-2.416861651927185,-2.3066961080756174
-2.418880873471653,-2.310796441477298
-2.4204117559745604,-2.3150143126814298
-2.4223212604414286,-2.319684315184529
-2.4246158128135704,-2.3247407508343705
-2.425901295197112,-2.33088995324093
-2.4275024396006453,-2.337352938939582
-2.4296728522807243,-2.3440628441892004
-2.4314068990125093,-2.3508308980491837
-2.4334226176851708,-2.3578789714473407
-2.4360802589659745,-2.365108651377846
-2.438392667120792,-2.3723966150000124
-2.4410482208318482,-2.3800260890629312
-2.4443078371126927,-2.3876191009875343
-2.4473098824413104,-2.3950041863265077
-2.4506997848594887,-2.4027759001262563
-2.4546039434660276,-2.410345307462323
-2.4582637601956394,-2.417565294785422
-2.4622118612423565,-2.4250730306547994
-2.466526056254391,-2.432358905165111
-2.4705866253939655,-2.4393085552148825
-2.4748777084366322,-2.4464890663540193
-2.479672693440783,-2.453472615041696
-2.4835429585046387,-2.4608794257656186
-2.4873584207490502,-2.4682006216879455
-2.491686093893237,-2.4753899455294004
-2.4956465751723553,-2.4822123699863536
-2.4996839081460336,-2.4889745342104437
-2.503604582118895,-2.495620596115981
-2.5072448945010817,-2.502308145974109
-2.510722429367,-2.5091288238854634
-2.514333355214213,-2.516083441703405
-2.5177287634089422,-2.5229198850859924
-2.5209324147141143,-2.5299825857074842
-2.5241845301964747,-2.5373372334135724
-2.5272235266330028,-2.5444787589444866
-2.529883202475537,-2.552186238987072
-2.5325078629398,-2.5598582351619426
-2.5351035979818253,-2.5675005435941465
-2.5372667256421075,-2.5754897571802884
-2.539323487092626,-2.5833715210831962
-2.5412820085059575,-2.591153469452687
-2.5428429863453674,-2.5992529401627897
-2.5442544270779375,-2.6072008070388404
-2.5455125123684748,-2.6149931908982245
-2.5465400840086585,-2.6229682334392845
-2.5474187776248653,-2.6307916403877147
-2.5469994594526755,-2.639990192040276
-2.546522116168288,-2.6489800998706996
-2.5468145777752715,-2.6570562484221227
-2.54684628395181,-2.664868586927359
-2.5467862589487975,-2.6720920172418676
-2.5469555670506767,-2.6789423919524586
-2.546978395420984,-2.6851472668769407
-2.5465583590296808,-2.6909105639606725
-2.5464330779163085,-2.6963396146758267
-2.546294499329417,-2.7011548664856013
-2.5457549698132667,-2.705571515838671
-2.545241360674495,-2.7095230305454012
-2.5447776764063814,-2.7128081299555555
-2.543993993352441,-2.7157767348856545
-2.5431525352476596,-2.7182878429089814
-2.5425195363935997,-2.72010696584612
-2.5414307909915106,-2.72147658448308
-2.5409094292203926,-2.7223935696058743
-2.53960804872513,-2.7225327963108934
-2.5382245956141474,-2.7225915593440897
-2.537209903557305,-2.7223558174914837
-2.5354787649201707,-2.7214064589608364
-2.53373236606346,-2.720442619507511
-2.5317275324856685,-2.7197804635287244
-2.5299104929012253,-2.71861573471516
-2.527523961462423,-2.716884973779098
-2.525780688466576,-2.714442795632922
-2.523991852420407,-2.7113657347443345
-2.5220312488777266,-2.7081176622103422
-2.5196958386381145,-2.7044985311439587
-2.517715885694392,-2.7005927493235764
-2.5152682380418008,-2.6962181434193884
-2.5125433632556065,-2.6915698660596825
-2.510038543025584,-2.6867418895801736
-2.5069122784876283,-2.681290422842613
-2.5036714601034915,-2.6757264870653774
-2.5007500652384,-2.669901948346697
-2.4972619671513305,-2.663507975401576
-2.4936090862773463,-2.6569513366042092
-2.490273120101592,-2.6501344246861422
-2.4862981526884114,-2.6426743997772184
-2.482215471687091,-2.635107959342881
-2.4782876634010385,-2.6274096580524104
-2.473741033061997,-2.619087319343064
-2.4692766698937003,-2.6108471549827916
-2.4649368844907977,-2.6024984913410423
-2.461745107346855,-2.5925335092680637
-2.4582848294000352,-2.582294711214647
-2.454769791085135,-2.5719380234536064
-2.4511108132915265,-2.5615632673271143
-2.448165377670996,-2.5492002861504997
-2.4453926851329464,-2.537006293767964
-2.4423148444933567,-2.5250526073289725
-2.4387579665409933,-2.5126149119469376
-2.4350470979289622,-2.5005215266268643
-2.4312221973560706,-2.4887075924107216
-2.4271396947711383,-2.477134564055412
-2.4227820382524907,-2.465283541038138
-2.41836982351861,-2.4535729038772085
-2.41368491614735,-2.442192861118572
-2.4087157290604475,-2.430526607193281
-2.403964646799261,-2.4191366978611777
-2.398833330938225,-2.408089010286824
-2.3934745818747003,-2.3968128430053164
-2.3884141063403543,-2.385811147332212
-2.382695300885251,-2.375061983568288
-2.3771536380091374,-2.3644897320268647
-2.3711952393715574,-2.3542572251239022
-2.365579892397509,-2.344368004839524
-2.3597883757653415,-2.3343028178612206
-2.3536669031024386,-2.3245081853077902
-2.348588214421408,-2.314537225815569
-2.343311215688493,-2.304368386530956
-2.3381586588472665,-2.293844627580884
-2.332689806094594,-2.2835829734123387
-2.3275489214190066,-2.2736509942627805
-2.322355451080622,-2.2636675735867544
-2.317434289913414,-2.2541590241558853
-2.312322296266566,-2.2444601356959133
-2.308172127658649,-2.234978563054721
-2.303625297636369,-2.225396245907524
-2.2997567711527376,-2.2157510846650212
-2.296410236006472,-2.2066303891387276
-2.292971658906576,-2.1974225181223606
-2.290219081676623,-2.1883679203392075
-2.2878357768308866,-2.1796845988902103
-2.285401181455627,-2.1711145628120065
-2.283594012384884,-2.162719823912445
-2.282216498037904,-2.1547573203823385
-2.280641595803204,-2.1467401281112473
-2.279913327825636,-2.1389057649441705
-2.2795086445148858,-2.1313978089600654
-2.278954420646578,-2.123839015692876
-2.2793598175117085,-2.1164776050204326
-2.2813709496203645,-2.107535210691972
-2.2831567646298767,-2.0984358802228558
-2.284015965109507,-2.0905751342156966
-2.285237275660028,-2.0830723169006995
-2.286458010089887,-2.0755705478170525
-2.287967731185214,-2.067828739448771
-2.2898069590384926,-2.060410404724312
-2.29165897517231,-2.0530035619443985
-2.293982242921044,-2.045204387519976
-2.2966402678680766,-2.0377329406285107
-2.2992394169748223,-2.03020092843512
-2.30232069170441,-2.022266814898996
-2.3052735431243643,-2.0142004901394897
-2.308499370238582,-2.0064018010139537
-2.3121188876302274,-1.998274058286003
-2.3154585949217865,-1.9898592910569304
-2.3190770158545506,-1.9817163937896685
-2.3230158335305493,-1.9733048937768187
-2.3266454824708016,-1.9645749673839312
-2.3302108628176437,-1.955777406980857
-2.333515525325482,-1.946676465803482
-2.3366109913059105,-1.9373703167890344
-2.341269993098975,-1.9262571537421331
-2.3456135110739615,-1.9150818541788395
-2.349855601092399,-1.9038092630908126
-2.3540087376705072,-1.8924377491935451
-2.35814932197881,-1.8810752037265583
-2.3614991669999936,-1.8701319802515661
-2.364859775161968,-1.8591965373294608
-2.3683458717281147,-1.8483228597921566
-2.3715442666018394,-1.8372888714095716
-2.3746802670740146,-1.8261878352989125
-2.3777824023276124,-1.8151349218276842
-2.380411829364679,-1.804048655994753
-2.3832002980944975,-1.7931234122952957
-2.385424622059662,-1.7824730084051472
-2.387709752291324,-1.7718928835160221
-2.389604075864522,-1.7616730400992895
-2.391278760400175,-1.7514536715671087
-2.392908480939134,-1.741195129418855
-2.3942030124744442,-1.73113993981209
-2.3953339209930524,-1.7210597390311189
-2.396521480290825,-1.7110382123214256
-2.397365026236697,-1.7011336750457424
-2.397984663650662,-1.691273035370822
-2.3999139874309683,-1.6801159506344423
-2.401337562201303,-1.6691319263563344
-2.402653727801787,-1.658231941358406
-2.403993501134571,-1.6473593192266267
-2.4048946503907227,-1.6368227960763015
-2.4043436692997,-1.6280143040947783
-2.403895189042191,-1.6193057346040391
-2.4030732551181244,-1.610817482222867
-2.402360306228562,-1.6024323482615423
-2.4017457587143887,-1.5941445628518076
-2.400885359897328,-1.5860176582562497
-2.4001255505268735,-1.5781016155653707
-2.399344346390354,-1.5701680368273734
-2.398248007618035,-1.5625617887340963
-2.397336485007162,-1.5551492117443702
-2.3964355818034404,-1.547770749123454
-2.395275810809967,-1.5406245854328833
-2.3942346213829624,-1.5336034146284083
-2.3933877811279767,-1.5265212027581392
-2.3922217385364988,-1.519650724973128
-2.3912172119967976,-1.5129501016663809
-2.390376161639585,-1.50614250343258
-2.389274694463263,-1.4996061679154304
-2.388396972350601,-1.493304727618162
-2.3887780482366017,-1.4860008781099352
-2.3894363838518893,-1.4789922118683292
-2.390312652927454,-1.4721970882433566
-2.3895971481775917,-1.4671316278611577
-2.38923173035594,-1.4620993732027967
-2.3889504760791973,-1.457149524670356
-2.388736026427903,-1.4522706790502546
-2.3886871251027224,-1.4472521887397618
-2.3888740417825276,-1.4424621817747976
-2.3889797213178827,-1.4375884753578092
-2.389227495948588,-1.4325947635314822
-2.389581055492522,-1.4277040665435163
-2.3898075149317553,-1.422681569863905
-2.3902533422864427,-1.4174729411156073
-2.3905140487003824,-1.412051920501275
-2.390585699938675,-1.4064538848367618
-2.390812714546982,-1.40072406620382
-2.3907126013602413,-1.394637612372316
-2.390237675656897,-1.3881898048333507
-2.3896862351509656,-1.381808069363931
-2.388901541502644,-1.3751707745708264
-2.3875790143493583,-1.3680208500157425
-2.385924956759243,-1.3611553933023517
-2.3839809832431764,-1.3539865853382849
-2.3826313282472844,-1.346321748184069
-2.3808631061426797,-1.3379964043789536
-2.3776252305512617,-1.33130981164574
-2.3743611348720783,-1.324583225960344
-2.370783984370026,-1.317372005982499
-2.367117331937617,-1.3103743471303912
-2.363271539718425,-1.3031870890475703
-2.359132945311274,-1.2956972354320757
-2.3550024575711856,-1.2883670804609637
-2.3507229775302108,-1.2808759178876135
-2.346165748938709,-1.2731296186490613
-2.341456505339689,-1.2654953562044164
-2.3365938109916264,-1.2576977168038035
-2.33155803126248,-1.2496339835446464
-2.326261960948935,-1.241616388154941
-2.3208136776693644,-1.2333293016096054
-2.315078889843874,-1.2249232633414948
-2.309167738923757,-1.2163265877421179
-2.303113967456113,-1.20758082420232
-2.296922653554185,-1.1989361325749992
-2.2903989107228533,-1.190222989588292
-2.2838785678257976,-1.1815105661442993
-2.2772406563810654,-1.1730097346757902
-2.270699105232746,-1.164356958277641
-2.2640550014644822,-1.1556065586748636
-2.2575480709479785,-1.1470008981181234
-2.249778485524145,-1.139796434212854
-2.2420328739943085,-1.132667804297879
-2.234466825691474,-1.1258704501737726
-2.2270535969779797,-1.1192336866141177
-2.2195940174560893,-1.1128405103738053
-2.212340228707157,-1.1065557326511102
-2.205376186397036,-1.100575514436794
-2.198357449089337,-1.094994825977457
-2.191452807225263,-1.0893276019539677
-2.184898929523601,-1.0840289620595833
-2.178365136790687,-1.079063966189742
-2.1720290957920954,-1.0741333635562382
-2.16616097078003,-1.0696943765484892
-2.160386721926308,-1.0657766046864932
-2.155229503919087,-1.0625069392599953
-2.150284479341424,-1.0594841041958285
-2.145490483202733,-1.0568060822518546
-2.1413640112713774,-1.0548289104667654
-2.137556611655935,-1.0532296717176675
-2.134139812113151,-1.0517284606484902
-2.1313673880913613,-1.050903645346991
-2.1291863317764306,-1.0506092832477791
-2.1276713125628346,-1.0502199708730422
-2.126650164359564,-1.050349121899067
-2.125157428174577,-1.0510287638885476
-2.1245745542883485,-1.0525797244227837
-2.1245265976161765,-1.054151180345279
-2.1246729971964786,-1.055874549402007
-2.1256285854567296,-1.0583731339806954
-2.12700984471132,-1.061012714274116
-2.1286798133517184,-1.0637855629744684
-2.1311296796351713,-1.0673057834145665
-2.1339870207887253,-1.0711036541156536
-2.137050365973066,-1.0751120837145605
-2.140834287567798,-1.0798111478881247
-2.1450246424592234,-1.084666934465231
-2.1493734838912206,-1.0897324928802241
-2.1542554702798378,-1.0953091064688687
-2.1596679464285913,-1.101125039069482
-2.1651791977315984,-1.1071965330120905
-2.171258330186914,-1.113651875533226
-2.1778851070822043,-1.1206649984409078
-2.18429317818178,-1.1282336688442507
-2.1907130286685255,-1.135791546155609
-2.19765915334273,-1.1438840638311436
-2.204845604931503,-1.1522098023650515
-2.212102962053289,-1.160473314614085
-2.2193651880998373,-1.1692725993985507
-2.226958547909596,-1.1783894528428636
-2.234458896640836,-1.1874542275035675
-2.242488942691854,-1.1966377244684911
-2.250745227929403,-1.2060382557580416
-2.258854230548695,-1.2153507983811112
-2.267136392317707,-1.2248450064703873
-2.2755250106415885,-1.2344413579374176
-2.2837935139970087,-1.2441413831112158
-2.2921260933527585,-1.253908611138634
-2.300446083178531,-1.2636637276973353
-2.3084763717335317,-1.2736680532021765
-2.3166654895943255,-1.2838388900449764
-2.3248398609291345,-1.293995443954163
-2.3326836208363444,-1.3044351112486312
-2.340706723681706,-1.3150626355965804
-2.3487528986630197,-1.3255939098094902
-2.356339669557145,-1.3361540691469633
-2.3642395067754136,-1.3469959437224654
-2.37132986371571,-1.358230314996376
-2.3785266962904585,-1.3695527879844454
-2.385489769107339,-1.3810629458084693
-2.3926192096625227,-1.392688084140425
-2.3996897138575988,-1.4042329274240002
-2.4063775374423484,-1.4161024215551927
-2.41325458376833,-1.4281921485109401
-2.4201464463826023,-1.4402705981291815
-2.4267360835681893,-1.4526036943228877
-2.433361258601937,-1.4650030700106913
-2.4400248232556403,-1.4774174004912937
-2.4467954568036023,-1.4902055046098575
-2.4534004929345676,-1.5028327730695192
-2.459863965868669,-1.5151813053499577
-2.4663961418068174,-1.527756162901247
-2.472529617564484,-1.5395904774960076
-2.4781533511089946,-1.5508914647108012
-2.4843096707564363,-1.5620955010566093
-2.4897244443723574,-1.5725611776218709
-2.495301286530316,-1.5826310141486677
-2.5002298952225823,-1.5934824349970085
-2.5045336999119647,-1.603706354614357
-2.508779384574564,-1.613432028253933
-2.513181671543077,-1.6231486530671901
-2.516983155466735,-1.632266113913285
-2.520576257490814,-1.6408932036764514
-2.5244283760514405,-1.6490137617745781
-2.5282022281511622,-1.656834417299404
-2.5315936889115336,-1.6643641208231157
-2.534616337197424,-1.6715377536255722
-2.537638906928373,-1.6785173877760855
-2.5403347336237867,-1.6853183389069781
-2.5425939042869965,-1.6916974341443465
-2.544798232606602,-1.6979747619670644
-2.5466648356567365,-1.7039781752430843
-2.548075669620273,-1.7095410294688644
-2.5496094357998755,-1.7150123002253514
-2.5509323465033216,-1.7201905675348523
-2.551879492710212,-1.725005498164961
-2.5529437747404184,-1.7298066992998433
-2.5538128473021957,-1.7344199816978314
-2.5543411200569244,-1.7387035795821784
-2.5551064941272412,-1.7428887661145478
-2.555595281512853,-1.7468175122680025
-2.5550092748025017,-1.7516549595758413
-2.5545592595378546,-1.7561789487839379
-2.5538486531991,-1.7604335109888491
-2.552774622336846,-1.764467592732281
-2.551837618700775,-1.768148413490591
-2.550669541983112,-1.7715905679732316
-2.549874342266679,-1.7745199749600635
-2.548666823734769,-1.7770499138376765
-2.547771062913256,-1.7793997112265452
-2.5463448955104884,-1.781511686102057
-2.5446065344929356,-1.783321218823373
-2.543281893662218,-1.7848777193724275
-2.541414160691358,-1.7860339913195198
-2.5393177479827065,-1.7869740603583906
-2.537483328426505,-1.787679475872083
-2.535205568387767,-1.7880162280249947
-2.532674157701423,-1.788109637448074
-2.530106965436594,-1.7879505953193338
-2.5272630290507987,-1.7875854171933605
-2.5243657059336697,-1.787294262908338
-2.521389643110267,-1.7869271566461467
-2.5183988870147456,-1.786767522598321
-2.515538287093464,-1.786743148690817
-2.5122182629918464,-1.7868898524222248
-2.509313790783757,-1.7872206967538709
-2.5051875325796584,-1.7886286223232037
-2.5017427216068975,-1.789235280735904
-2.498746009496575,-1.790297499467146
-2.4955577600767733,-1.7915195347982709
-2.4922671881589586,-1.7926402676326354
-2.4893869791454666,-1.7941758336533127
-2.4864581359342726,-1.7957519640042359
-2.483542091276548,-1.7973361929372131
-2.4808879802939803,-1.7991873102785452
-2.478341309506695,-1.8009486631750136
-2.4759316247559986,-1.802842568258831
-2.4736605828416716,-1.8048779126809698
-2.471541321258266,-1.8067864903048385
-2.4695519921315463,-1.8088191839955945
-2.4676539320259194,-1.8109457632853048
-2.4657697305458455,-1.8130608217775108
-2.4640890250318255,-1.815376279613131
-2.4624312754948896,-1.8177142498474599
-2.460607348424483,-1.820191104900932
-2.4589913568996966,-1.8228740052995274
-2.4572444725048026,-1.8254272198855424
-2.4553214410903648,-1.8281276285857542
-2.453616514730064,-1.8310444365288414
-2.4520775067651206,-1.8336424662017288
-2.4502987074669513,-1.8363209825151905
-2.4491912836287586,-1.8377728032354896
-2.4480269187742816,-1.8391601356325376
-2.446586666599053,-1.8402636265163403
-2.4445451083026795,-1.841006139951713
-2.4424436945593953,-1.8416801666913902
-2.4399353006976066,-1.8425883384460036
-2.4370678537523465,-1.8428376789402883
-2.4340261749437992,-1.8429004494764893
-2.430885081920032,-1.8429663045250202
-2.4275098657147822,-1.8425020603260758
-2.4237159832747857,-1.8416025301755674
-2.4200455782454284,-1.8405073707767565
-2.416221037727485,-1.8391049829795225
-2.4117997613493185,-1.8370897018943457
-2.407495045212064,-1.834992455775873
-2.402931919143374,-1.8325556707511101
-2.3979754594820086,-1.8297151564777514
-2.3927446422901246,-1.8269239487862485
-2.387029714366186,-1.823597126828844
-2.3812117953174465,-1.820236403465757
-2.375174686650552,-1.8166548065534305
-2.368606989110272,-1.8135173059673402
-2.361395481896178,-1.8097524654886064
-2.354042453523372,-1.8058461211642354
-2.3462759618595994,-1.8022870561783444
-2.3388835186314347,-1.797347974616316
-2.331367091850142,-1.7922813320227997
-2.32373036959902,-1.7870764694520842
-2.3158951591220247,-1.7817525235348928
-2.307894675969577,-1.7762586929939546
-2.299947989285544,-1.770435633244337
-2.2918541180574747,-1.7646441370103998
-2.2837531124008352,-1.7588449201443095
-2.2758039052511942,-1.752799895268689
-2.2677234560223267,-1.7467176968488853
-2.2596409852340993,-1.7406330729258825
-2.251564215995527,-1.7344834873874293
-2.2433766135641022,-1.728344756966716
-2.235238825441797,-1.7222566618161388
-2.227161769488038,-1.716097996828633
-2.219244157083385,-1.7100467333143747
-2.2114032894704345,-1.7038785678978503
-2.2035335340868714,-1.6976817938991515
-2.19566303852228,-1.691760830046697
-2.1879066205845388,-1.6856484022113398
-2.1802826866303917,-1.6796677592433569
-2.1730535140181897,-1.673741759769209
-2.1660206813829745,-1.6675396876147668
-2.158818677874366,-1.6616538946209771
-2.1521194615137715,-1.6559173105125293
-2.145801789806092,-1.650187831777425
-2.1397278759738745,-1.6447077902659808
-2.134080756889211,-1.6396557220723138
-2.129193056804114,-1.6348175220188617
-2.124534611120661,-1.6302138898735072
-2.120478845270195,-1.6255673614793165
-2.117044880932992,-1.6213466293322345
-2.114034642348047,-1.6175593556975285
-2.1113550161822614,-1.6139938515571954
-2.1092257402585073,-1.6106822405844987
-2.1078125370944716,-1.608103229688086
-2.106546427326686,-1.6059820590381355
-2.105630071292467,-1.6039969545483779
-2.1055350011040175,-1.6028522775515892
-2.105681599546608,-1.6021404831442336
-2.1061763516356216,-1.6016855966686385
-2.1074423567909237,-1.602020071973474
-2.1090542290896925,-1.60200378624321
-2.1114425074125958,-1.6027484173503814
-2.1138147443330535,-1.6034966574950962
-2.116674696393385,-1.6047441267716713
-2.1202801249940255,-1.605892813298962
-2.1245402359498096,-1.6077509887969372
-2.1292094918673055,-1.6100278476553311
-2.1342951727578257,-1.612396409447178
-2.1400679302879224,-1.615449311700449
-2.1458381862233358,-1.618725583600384
-2.1521225951757192,-1.6225395870947448
-2.158525521223389,-1.6265416682801626
-2.1655316682884624,-1.6311531729041826
-2.1723143731078025,-1.6359561707928796
-2.17946522572937,-1.6411247720897608
-2.1867891085437465,-1.6465165750425048
-2.194078455957867,-1.6522689207166696
-2.2014159043611876,-1.6582287328432728
-2.2092154412846217,-1.6640590138237705
-2.2170151928928794,-1.6699615228688105
-2.224776876350136,-1.675982088252939
-2.232607771672682,-1.6820704175064098
-2.240348241868655,-1.688199197706906
-2.247939074599959,-1.6942147178908933
-2.2553580558522257,-1.7002529589440238
-2.2627839131210217,-1.706298210251807
-2.270249344017018,-1.7120349142430384
-2.2773987274595626,-1.717763911315426
-2.284445968983608,-1.7233881183951227
-2.29109272332294,-1.7289602361523282
-2.297328418855276,-1.7345972126982854
-2.303396521439194,-1.7400622081959938
-2.309087922051493,-1.745387838707967
-2.3144954972762624,-1.7507144910098649
-2.3197874270139494,-1.7559224464282377
-2.324786602876346,-1.7609987337753208
-2.329566882734234,-1.766034981518188
-2.3343153863150876,-1.7710385879863708
-2.3387639392332127,-1.7758203658900176
-2.3430961477733074,-1.78067236167262
-2.3473155067144065,-1.7854084374885848
-2.3512709181778124,-1.7898594212433072
-2.3550548204678825,-1.7944577523913643
-2.358614916477512,-1.7988278740718535
-2.361734640175615,-1.8027612937233497
-2.364826497472909,-1.8067167855870454
-2.367649222898598,-1.8103946039547953
-2.3700463684271074,-1.8136523431473137
-2.3726164862217605,-1.8167641136192765
-2.3747277061747556,-1.819402254447006
-2.376771770540394,-1.8221577477814135
-2.3785119868721796,-1.8246140743389883
-2.3802354276998177,-1.8269642831734523
-2.381557180725656,-1.8290092730915437
-2.3825151479518656,-1.8306949573078775
-2.3835068898353273,-1.832345414925876
-2.3841679643165903,-1.8336366225498917
-2.3846586710398725,-1.8345622231521583
-2.3849161646883887,-1.835247375113058
-2.3853831574277393,-1.835757143685028
-2.3854009175017232,-1.8358158174418973
-2.3855335573895102,-1.8359147275212797
-2.3852958555304613,-1.8355903995739546
-2.3850274357200973,-1.835205059031913
-2.384238731322732,-1.8349149272772403
-2.3834672908218413,-1.8344099851779625
-2.382474654901906,-1.8336866764445228
-2.3815057251898057,-1.8328263694759817
-2.3801842518844225,-1.8320516819929424
-2.3787791693752003,-1.8311912519281057
-2.3774958502201606,-1.8302949179060934
-2.3761270233994027,-1.8293490131590862
-2.3747974748265652,-1.82844343445247
-2.373404520203584,-1.8274423777054007
-2.371854294082223,-1.8266959857624692
-2.3703662263836605,-1.826013394900684
-2.368701044880994,-1.8252323461696667
-2.367222506079142,-1.824635719425713
-2.365733498500673,-1.824149798750682
-2.3644104362093366,-1.8234873023412261
-2.3632530234065157,-1.8229875375308846
-2.3621168116837703,-1.8226823963378742
-2.361069622258865,-1.822235707907673
-2.3602212584305904,-1.8219869040538181
-2.359217424785702,-1.8219463299969283
-2.3582422701602237,-1.8217793545119623
-2.3575160030588993,-1.8218619513403425
-2.3565977413738413,-1.8221677804937304
-2.355611732858536,-1.822530389248781
-2.354716760775358,-1.8229878381118645
-2.3537110424544525,-1.8235594447278993
-2.3527613227756565,-1.8242158951499088
-2.351788350053176,-1.824820086187844
-2.3508462817978217,-1.825461243615339
-2.3500580283125747,-1.8262600298890825
-2.349199149233709,-1.8271467926226241
-2.348452486557481,-1.8278906370416388
-2.347734729852743,-1.8286640841071171
-2.346874991194069,-1.829697706024456
-2.3462525590275205,-1.8306314367058318
-2.3454231516707438,-1.8315463360355215
-2.3447378906591396,-1.8326041073899624
-2.3441524529967532,-1.8334741728327646
-2.343699414495757,-1.8343697009347208
-2.3431816289951515,-1.8351989590136624
-2.342817567312732,-1.8359060507276568
-2.3424788689272003,-1.836657452004025
-2.341877563050438,-1.8371400286099229
-2.341573410082367,-1.8373300210440813
-2.3411533632485337,-1.837566315771976
-2.3406588860058175,-1.8377298108388995
-2.33962242327323,-1.8373417548978548
-2.338908440603111,-1.8366831717689052
-2.338052328771228,-1.835887243968417
-2.3369733339970447,-1.8342426963148732
-2.3358802064485653,-1.8326096403981473
-2.334576169146561,-1.8307714318170663
-2.332992853949067,-1.828646721625307
-2.331149199607201,-1.8267399421719395
-2.328908943044543,-1.8244462814300992
-2.3263995456993833,-1.8218786460820688
-2.3237236137625374,-1.8194503302188934
-2.320650870957003,-1.8166321048919962
-2.317483649714153,-1.813713640874009
-2.3143551292840843,-1.8107621642430531
-2.3108656215625856,-1.8074538262108724
-2.307565509583442,-1.804094966598511
-2.3041677186675176,-1.8007506014215293
-2.300630998198659,-1.79715162245311
-2.2970928553175787,-1.7935907511282054
-2.2935441182717633,-1.7900190396242472
-2.289929269513525,-1.7862137115141754
-2.286241713319954,-1.7825360101914969
-2.2825689796449096,-1.7786872743853785
-2.2791669927549707,-1.774748128583302
-2.2756735964029904,-1.7707193112715438
-2.2719077334515565,-1.7666824256468636
-2.26831407228754,-1.76240109871705
-2.264674269666121,-1.7578795271739898
-2.260837334922763,-1.7533769972653783
-2.257138703033434,-1.7487882730831172
-2.2532904102813194,-1.7440496614229795
-2.2494557758304508,-1.7393659084852586
-2.2455430016565487,-1.7345952171569092
-2.241681481508728,-1.7298731092130986
-2.2379542801887067,-1.72500778816555
-2.233870549957559,-1.720036669798036
-2.229829837161313,-1.7151095677145316
-2.2258198613146174,-1.7100140769803265
-2.2214142348783152,-1.7048592595660526
-2.216798962338336,-1.6996188383080388
-2.212006982956967,-1.6942021300289487
-2.2070149453059873,-1.6891813233890145
-2.2017169253098787,-1.6838606935508371
-2.1964537309181758,-1.6785757383082494
-2.1908159179881976,-1.6736088628733048
-2.1848294293587767,-1.668482282527798
-2.1790845398951686,-1.6636031199140926
-2.172968975450656,-1.6590397457520634
-2.166746240428559,-1.6543712344758634
-2.160411109259777,-1.6495841445816914
-2.1545983944597302,-1.6452377960303648
-2.148379984489793,-1.6411323492940002
-2.1421313770123183,-1.6369875344908564
-2.1362417342184097,-1.6333498165499565
-2.13009977828157,-1.6296211785335584
-2.124043102724178,-1.6259687295661347
-2.1182667917438596,-1.6226302081154322
-2.11235346865537,-1.6188285907676765
-2.1070381359569614,-1.615322452244451
-2.101693795510118,-1.6117864333117413
-2.0963314137554043,-1.6078956252161212
-2.0912773995724296,-1.6044277308040855
-2.086238449983024,-1.600975101858291
-2.081144517161989,-1.5971301952333392
-2.076415830378278,-1.5935069196794847
-2.071559190418812,-1.5897527415490011
-2.066601877218407,-1.5857879005021494
-2.0620714170245966,-1.5817657776024885
-2.057284380648726,-1.5774409105474039
-2.052310531772801,-1.5729326874595007
-2.0474322572784445,-1.568631395457384
-2.0425479017851216,-1.5641205574306227
-2.0373919776129648,-1.5595258934530036
-2.032073940913678,-1.554929771780478
-2.026860251487558,-1.5504343360845645
-2.021619695342918,-1.54564804379529
-2.0163470842861004,-1.5409015280834621
-2.011102527866887,-1.5361825390684807
-2.0060030692186843,-1.5313894283480487
-2.0008675325376157,-1.526595712172123
-1.995734196965859,-1.5218041551440873
-1.9906485242409204,-1.517018881114352
-1.9856765469335975,-1.5122909522861765
-1.980592089344204,-1.5074526302839146
-1.9754484673931725,-1.502834383301466
-1.9705216804782526,-1.4984438591626104
-1.965644883464394,-1.4941023728484653
-1.960730345501245,-1.4899247860581621
-1.9559160493120935,-1.4860623114527738
-1.9515234608783452,-1.4824985476547945
-1.947320561717078,-1.478947124647322
-1.9432053425337894,-1.4753204018875097
-1.9393965784248732,-1.4719944720540477
-1.9357354239767488,-1.468819318312614
-1.9322479932884515,-1.4654940700278052
-1.9290259513695744,-1.462245607823197
-1.9258385648590708,-1.4590769944841364
-1.9226589910301584,-1.4558206328690642
-1.919686222509294,-1.452767283023446
-1.9167396823225176,-1.4499096130448408
-1.9136462446771316,-1.4469955326749608
-1.910660736966085,-1.4441873967112155
-1.9078656653924548,-1.4416312318226072
-1.9050605811341317,-1.4389253587249464
-1.902310209956993,-1.4362731932496178
-1.8997173193979655,-1.4337983073762175
-1.8970898024042955,-1.4312606963193473
-1.8947387723912321,-1.4290003045655573
-1.892209983846336,-1.4268946269681322
-1.8899280801682674,-1.4250411174657194
-1.887707440806747,-1.4233969256893066
-1.885444634004387,-1.421586598924278
-1.8833579771463174,-1.4199314131704814
-1.8814604352595568,-1.4185515102353914
-1.879417067821785,-1.4171648824481418
-1.8774994182161295,-1.4159066042965913
-1.8757343442510979,-1.4148127933470134
-1.8737641343875748,-1.4139932136010638
-1.8720245819789116,-1.413409116121981
-1.8704414990234022,-1.413030752369067
-1.8689531059725988,-1.4126322636939
-1.8676461152233508,-1.4124189307341781
-1.8664366803968735,-1.412463848009703
-1.8653449903006614,-1.4124638180883378
-1.8644149861766663,-1.4126287870377705
-1.8636091935558532,-1.412999275695196
-1.8629541362162654,-1.4134473101360274
-1.8624513038794535,-1.4140459682186748
-1.8619329497020822,-1.4146068927369708
-1.8614802872727119,-1.4151968681935225
-1.861141735659868,-1.4159004158912718
-1.8606711539346583,-1.4166711729985464
-1.86016126555246,-1.4174607632229888
-1.8597466429113079,-1.4183465233720078
-1.8590256937782739,-1.4193289885030431
-1.8584271203723122,-1.4204300832063055
-1.8575158018143159,-1.421788120907085
-1.8563095200112418,-1.4232713938476032
-1.8552240926004095,-1.4246657180966074
-1.8540153841149276,-1.425938719368038
-1.8524742238450989,-1.427455909277971
-1.8509546457063328,-1.428848376168571
-1.8491925144802246,-1.4300021443024085
-1.84726274047791,-1.431211694515527
-1.8451252474153925,-1.432117360115722
-1.8427494563182762,-1.432789953807054
-1.8404837553147242,-1.4333667882111434
-1.8377653984342948,-1.4334823211618875
-1.8347163956511205,-1.4332723729665322
-1.8317021333503813,-1.4330323129773368
-1.8282760220124454,-1.432372738523488
-1.8241938641618685,-1.4310672691452182
-1.81973323876865,-1.4300920010801903
-1.8149308082229056,-1.4287685067784233
-1.809529191348801,-1.426854673788626
-1.8035828274788772,-1.4254167985136854
-1.7974735587297226,-1.4238125096306478
-1.7908787479735466,-1.4217291583350575
-1.78392826629621,-1.4199577889897765
-1.7767933638319058,-1.4179978717695685
-1.7691017198068473,-1.4168241044060241
-1.7611974858424078,-1.4154431284452633
-1.7528028417028763,-1.414071373932307
-1.744207505717533,-1.412411080553788
-1.7355183019189295,-1.4106523811865095
-1.7268958332821343,-1.408986814677013
-1.7180880338524829,-1.4071224931211583
-1.7091888039238563,-1.4051648460368105
-1.7003239647116142,-1.4032734094760217
-1.6913378900346652,-1.40120894156017
-1.68240656294559,-1.3991995073122239
-1.6732183435205874,-1.397291490159932
-1.6640504867960744,-1.3952400883665728
-1.6549845465521593,-1.3932911168903026
-1.6455714128029162,-1.391421310817853
-1.636284279415303,-1.3895934291979772
-1.6267592505246529,-1.3877903813410395
-1.6174327347221744,-1.386186059581048
-1.6082268875168404,-1.3847206908627596
-1.5988157811124102,-1.3833525814292327
-1.5896486233402136,-1.382228567774411
-1.5809265369832668,-1.3813465142100074
-1.5721778589276019,-1.380505414220625
-1.562636487286204,-1.380416176047061
-1.553570666103705,-1.38040158358693
-1.5451597283067287,-1.3806817506885294
-1.5373291112943226,-1.3809730901850954
-1.52977935471852,-1.3810173518473092
-1.5227712923551235,-1.3815990387591837
-1.5162146517109383,-1.3826339744394425
-1.509734066496451,-1.3836023245960027
-1.5039211647648938,-1.3852347636046218
-1.4988648742736466,-1.3876254151695975
-1.4937986292464345,-1.390025148059483
-1.4895797724028668,-1.3932701499068116
-1.4864464719894932,-1.39760214853964
-1.4830479125129965,-1.4021685217352124
-1.4808006052381537,-1.4078844688106367
-1.4797316729340315,-1.414779460480691
-1.4785989773526493,-1.4217293891666818
-1.478798829114558,-1.43000943919456
-1.4804372969250936,-1.439726873102324
-1.4825771353482078,-1.4489989275340833
-1.4861369049301465,-1.4596888543229347
-1.4912308686195668,-1.4719119268836718
-1.4960465314898275,-1.4845862405608208
-1.5013327406016486,-1.4972496251817435
-1.5082662452216586,-1.5115599671607134
-1.5163139293053651,-1.5262856464539867
-1.524877618097135,-1.5409488282476007
-1.5352783777200978,-1.5559495904093392
-1.5467161991833653,-1.5719871431271948
-1.5588732560211405,-1.587818341022708
-1.5721800161146282,-1.6048008481014941
-1.5863196646173094,-1.6226153144079662
-1.6005654798162294,-1.64033870530171
-1.616365209697544,-1.6596164777395934
-1.632058471772722,-1.6791234975372185
-1.648466746490957,-1.6993121842834293
-1.6656181753258228,-1.7202455777887844
-1.6824489035395223,-1.7412972199733563
-1.700060219906413,-1.7627710946827313
-1.7181843883316026,-1.7847591499661744
-1.7360712744237137,-1.8067111030013512
-1.7546346065153307,-1.8289129827305202
-1.773483621747647,-1.8514021467829354
-1.7924328408761483,-1.8738077240380542
-1.8114480232580605,-1.896279225562803
-1.830585126964343,-1.9188732634209507
-1.8490523363666078,-1.942310363418572
-1.8674409673196481,-1.965308961652861
-1.8856071928136986,-1.9880841408526617
-1.903970951764981,-2.0109891810174014
-1.923271382734895,-2.032868540257353
-1.942364162501519,-2.054541666065268
-1.9607250454653302,-2.0758321455079907
-1.9790585403414436,-2.0965884433102815
-1.9973442112864397,-2.117405459769937
-2.01512584550106,-2.1377163412067457
-2.0327493004393955,-2.1573789683718743
-2.050412927983402,-2.1768316029690586
-2.067511137930623,-2.1957162799432886
-2.0842937191027158,-2.2138121316132424
-2.1010664560380814,-2.2316581442049714
-2.1172463698205357,-2.2489085112119755
-2.1330076975813994,-2.26508488713128
-2.1488336773424344,-2.2809872249018417
-2.163938813567331,-2.2961650035947936
-2.1782769117629983,-2.310035966593367
-2.1926641382253864,-2.3237347387782887
-2.2062615039359095,-2.336215963099209
-2.218207037042969,-2.3489080675930216
-2.2299533258129984,-2.3615890784599984
-2.2408025404789913,-2.372920460343256
-2.250689595064923,-2.383294650184173
-2.261521373080666,-2.392585809835003
-2.2719635511757144,-2.4019689805040088
-2.2812436806915417,-2.409994771384022
-2.289653352632029,-2.417154917178203
-2.297909312897096,-2.424446712458021
-2.3048447427648826,-2.4304111289363584
-2.3108834316159492,-2.4354837815013237
-2.3169319008204257,-2.4405524878540663
-2.321935693638091,-2.444571149043402
-2.326118220536665,-2.4477729541563615
-2.330377058705755,-2.4509152218363917
-2.333138889650546,-2.4525595710496657
-2.335876951689513,-2.4538437545664946
-2.33812451902006,-2.4542999873376696
-2.3396005188770324,-2.453980314636271
-2.3412529837831193,-2.453395677041164
-2.3423525120876243,-2.4522212565133352
-2.3427805647527604,-2.4503713481929634
-2.3434142563854428,-2.448314432184922
-2.3435147103498473,-2.445725559632001
-2.3431329112849406,-2.4428462877872548
-2.342535537061142,-2.4396715861024103
-2.3416086622647625,-2.4361676213942713
-2.3404437001269733,-2.4323851571899664
-2.339959498505014,-2.4274518020770306
-2.339296312110443,-2.4227028231837857
-2.3384918089288314,-2.417861654019627
-2.3375053361264495,-2.41283639459874
-2.336307792318377,-2.408010295463183
-2.3350603711936224,-2.4031405342867287
-2.333655518083498,-2.3981116266324483
-2.3320350163566634,-2.393379748131288
-2.330379281385668,-2.388659315802093
-2.3286339702408747,-2.383848125066731
-2.3266139444789204,-2.3792596167500535
-2.324771104694729,-2.374704211001692
-2.3228050388746944,-2.370024561733607
-2.3204378777050283,-2.365425865654937
-2.3183794579362904,-2.360835889764743
-2.316241148685446,-2.356165441509066
-2.313856447051726,-2.3516950555253424
-2.3126707936000725,-2.346039362650365
-2.311458605274337,-2.340356658669602
-2.310102087445598,-2.335081698083691
-2.309009332927261,-2.3297323265724805
-2.3075476341580656,-2.32444286900341
-2.3068207664282077,-2.31801696957641
-2.3064010453211936,-2.3115263936941544
-2.305558788948845,-2.3050666367262274
-2.304663216688212,-2.298553224276054
-2.303713256580525,-2.2920841134536816
-2.302527599960635,-2.285378834636703
-2.30103283965649,-2.2785548740299957
-2.299644593654094,-2.2719276522099707
-2.297850306106481,-2.265191010675762
-2.2958914819908514,-2.2582898702142424
-2.2940638617035853,-2.2516509537833267
-2.291757648271597,-2.2450040969660003
-2.2893815921895215,-2.2382875176930157
-2.287211754413916,-2.2317290919185675
-2.284631229271766,-2.2250701870657488
-2.282159687464958,-2.218520023692113
-2.279931305633509,-2.2121577217680315
-2.277404243973056,-2.2058403666050617
-2.274961425414612,-2.199607084425811
-2.2726447954319493,-2.1933937276683104
-2.271229518397318,-2.185572009901864
-2.2698693921598263,-2.177805912511319
-2.2683853538844017,-2.1701794509617542
-2.2666937271617953,-2.1623449514701587
-2.264814754339271,-2.1541284632314603
-2.263195718644795,-2.1461685971810613
-2.261310631414117,-2.1379415636419723
-2.25906260480912,-2.1293920581705628
-2.256637633718192,-2.120820437448118
-2.2537096768442044,-2.11210803223643
-2.250468488811765,-2.103029853839742
-2.2466315004783244,-2.0940464313518143
-2.2424302200395383,-2.0847009942912007
-2.238084742408357,-2.0752031872756413
-2.2329502820729705,-2.065843833258299
-2.227649553903894,-2.056317389527535
-2.2218640366816893,-2.047196779962252
-2.215866579504895,-2.037866189123626
-2.2103732292509575,-2.027933814530806
-2.2042317924978847,-2.018673145541531
-2.1976430216326666,-2.0089692866920448
-2.1913910234546563,-1.9996061686270181
-2.1844202721972623,-1.9908498971854465
-2.177002727917002,-1.981652107026105
-2.169501859101324,-1.9725941120717956
-2.1607894907598615,-1.964942078516266
-2.151863053645824,-1.9570786848316803
-2.1428601835614027,-1.9491374701948487
-2.133772142910462,-1.9412738457647978
-2.124812243025986,-1.9335422302566017
-2.116003138161446,-1.925960431437791
-2.107166392202807,-1.9184084049019678
-2.0985248418168236,-1.9110544793037918
-2.090110860964231,-1.903926130062223
-2.081756195173937,-1.8967541779567427
-2.073674314019758,-1.8898583547737582
-2.0659512683965997,-1.8833191280481507
-2.0582952989006285,-1.8767293645781382
-2.0507629655856303,-1.8702656742908201
-2.04360052585863,-1.8641696580549405
-2.036592902725664,-1.8579483203952498
-2.0297775782749716,-1.8519209752401413
-2.0231147632846262,-1.8460442367298273
-2.016027063205973,-1.8406665678976428
-2.0092825037515984,-1.835451941112309
-2.002670589438888,-1.8303683851301316
-1.9960064317208202,-1.8252874078850174
-1.9896568244259158,-1.8201501061970846
-1.9836187939028924,-1.815321807414179
-1.9775082939710893,-1.8105263601665451
-1.9707524097383053,-1.8070912105511705
-1.964076151315014,-1.803733096844692
-1.9577491800407274,-1.8006683891027304
-1.9520187731434566,-1.797666172130482
-1.9463708563279778,-1.794742524326166
-1.941046639313479,-1.7921427391193099
-1.9363240440070888,-1.7896150338257453
-1.931604899592152,-1.787086189976544
-1.9272686515682949,-1.784785747356129
-1.92351372337145,-1.7825030227393246
-1.9197696527311003,-1.7802310516930613
-1.9165948436299907,-1.7778437711838921
-1.9138386657197792,-1.7757299307881147
-1.9109413827666308,-1.77347403355133
-1.9089318656084018,-1.771186724683037
-1.907013032132732,-1.7690067987852196
-1.905250633668518,-1.7660513146181078
-1.9036651743677206,-1.7634124347490254
-1.9016186041768697,-1.7614108377655662
-1.9000648451956912,-1.7588577629708562
-1.8987280734620011,-1.7565167625948082
-1.897227292926333,-1.7540099637713866
-1.8960090109536643,-1.7512601840332018
-1.895205230595514,-1.7489208059500103
-1.8943779622225652,-1.7465571018928543
-1.8933583387783064,-1.7443571090543037
-1.8925058308973204,-1.7423211493184092
-1.89167243577544,-1.7403049781512498
-1.8903193770237094,-1.7387332114506613
-1.8890938040785665,-1.7372872323073312
-1.887640708122203,-1.7356144943719611
-1.8855393651278478,-1.734496599397296
-1.8836386463549746,-1.7335795878783415
-1.88107449943896,-1.7327872343956994
-1.8784322544198293,-1.7321834261053246
-1.8753284431801058,-1.7321576423614937
-1.8720007867722441,-1.7319100903967954
-1.867908971417706,-1.7323177701691597
-1.8638158724014366,-1.732727051674711
-1.8598772394774281,-1.7328294828032333
-1.8552419435627396,-1.7335298345989165
-1.850631242931394,-1.7342571456745424
-1.8454848619759119,-1.735503822817351
-1.8406831639095165,-1.73621884520724
-1.8355045529100875,-1.737620299383361
-1.8300423231953558,-1.7387376127714818
-1.8247286505133817,-1.7400023619678466
-1.8188752594593922,-1.7417318246226037
-1.8126477202669895,-1.7430857909059285
-1.8064914458296584,-1.7445086136449814
-1.7998929392392151,-1.746313037006032
-1.7932642386700457,-1.748084392412354
-1.7863094519068574,-1.749526733573347
-1.7789196354436105,-1.751345280705272
-1.7716509280605275,-1.7532809508869103
-1.764064789543495,-1.7548948352142733
-1.7561116363706777,-1.7568271987793884
-1.748445529241602,-1.7590410808948953
-1.7407676230107787,-1.761237384497528
-1.7329169694569533,-1.763585079896411
-1.723472713878617,-1.7685106860006963
-1.714021278181552,-1.7734225976946087
-1.7046398001105327,-1.7785398879353957
-1.695451794341249,-1.7840368189197766
-1.6863055643064557,-1.7895682427495345
-1.6773428734304463,-1.795258956076068
-1.6687010481024696,-1.8013192554355184
-1.66023752126036,-1.8074088213345791
-1.651830593374831,-1.8135459845170732
-1.6435621934846738,-1.8195643243104644
-1.6358236271296391,-1.8261038805137604
-1.6281026762506854,-1.8326523236396868
-1.6207988885308486,-1.8388411171518473
-1.6139166226148918,-1.845446102475049
-1.6070754938463665,-1.8520846058369744
-1.600749752832035,-1.8582783586422194
-1.594864045862828,-1.8649077687805926
-1.5890437538851732,-1.8715977185008186
-1.5837925318223,-1.8777963584489226
-1.5786697702895738,-1.8841169328912648
-1.5740036453387234,-1.8908949927098344
-1.5700161859446977,-1.8970871650508265
-1.5660715457419814,-1.9033180846648945
-1.563104545319162,-1.9097595265311191
-1.5585322157074502,-1.917954247797715
-1.5545731627443888,-1.9257409437457824
-1.5511097991410427,-1.934032911086391
-1.5485465138671957,-1.941550185057842
-1.5461218064666102,-1.9492157434303634
-1.5436463619410385,-1.9572966764197979
-1.5419317214435466,-1.964724201210402
-1.5402537347395417,-1.9721990524274127
-1.5393196629637087,-1.9793896097688966
-1.5385014812937188,-1.9865933056642986
-1.5380406770749202,-1.9932944444705678
-1.5379329607968029,-2.000357984034027
-1.537724225756891,-2.00728602376224
-1.5380301899086908,-2.01410411169217
-1.5385464859461053,-2.0211394561777025
-1.538983521848299,-2.028151616535879
-1.5397258343057636,-2.035166400346612
-1.5406848712368169,-2.0424051348201586
-1.5415796102231827,-2.0497250122856427
-1.5428317539962546,-2.0571241901053345
-1.5440713645503077,-2.0647508848672693
-1.545582245689531,-2.072645310155433
-1.5467077179966562,-2.0810195694563305
-1.547882340662836,-2.089453562260722
-1.5490032659938033,-2.09783849082204
-1.5504842399241368,-2.1064546373592874
-1.5540752701729825,-2.112663848033907
-1.5578915312999326,-2.119104122976634
-1.5617731151922398,-2.1256089369533817
-1.5658727497927551,-2.131931038154617
-1.5702180288612129,-2.138505076961132
-1.5746475954732773,-2.145162053055431
-1.579255193612672,-2.151671158047678
-1.5840602384243077,-2.1583828888900114
-1.5890773293184293,-2.1653018665644717
-1.594003631411644,-2.1723020682001764
-1.5989980634130407,-2.1793576911826693
-1.604297852409211,-2.1867288195207517
-1.6094921213963576,-2.194193545528496
-1.6146353517267094,-2.2015934176244696
-1.6200698884374098,-2.209294494793962
-1.6254033304919053,-2.2170850897957783
-1.6306970488621217,-2.224822254636089
-1.6363547404778604,-2.232932028692481
-1.6418675310239395,-2.241168008611433
-1.6475654242254205,-2.2495847798066397
-1.6532547705549094,-2.2579934630507585
-1.6584051908160509,-2.2669714251019393
-1.6635079262154315,-2.275955435235771
-1.6684316208959895,-2.284757034221501
-1.6751158330805438,-2.291745342727797
-1.6818021367958453,-2.2987392623702125
-1.6882112306255834,-2.3054459495948003
-1.6946221903898584,-2.3121518836157797
-1.7011271496779576,-2.3189553439317616
-1.7074780563350616,-2.3256003783510972
-1.713938781220673,-2.33215399206406
-1.7205814820521075,-2.3388959399502354
-1.7270437179748217,-2.345452452122374
-1.7336967480155863,-2.3518499931624
-1.7403798565807658,-2.3582829435373203
-1.746854510582317,-2.364503799359206
-1.7534466008792584,-2.3706275441914415
-1.7599636941590875,-2.3766838160489847
-1.7664785495666557,-2.382734140261929
-1.7730970724182264,-2.38869925376165
-1.7797148232307662,-2.3946709254581076
-1.7862536217555423,-2.400560091780801
-1.792988875274316,-2.4062870256731093
-1.7999136558405286,-2.4113414599697647
-1.8070174134606742,-2.4163399820201703
-1.8139051692017643,-2.421128257188939
-1.8213839995116956,-2.4252561230697536
-1.8289219576499132,-2.42943799940576
-1.8364128880326989,-2.4335740205173977
-1.843788205081347,-2.4372852278466905
-1.8509549081994503,-2.4410898450885674
-1.858000802515664,-2.4447702159207116
-1.8650254818674286,-2.4480996725345605
-1.871791161274307,-2.4513836228636645
-1.8782917030596542,-2.4543956524826784
-1.884690113613015,-2.457040247658427
-1.8908541908529801,-2.459722026477856
-1.8967082560458226,-2.4620860926137413
-1.9023773608907044,-2.4640559289427437
-1.9080451162824839,-2.4659818359037047
-1.9134156620926044,-2.4676173245786845
-1.9185588662868214,-2.4687781927958956
-1.9235550476487806,-2.469878450438521
-1.9283441442833138,-2.470778420071414
-1.9329117727140388,-2.4712264422993098
-1.937314248118737,-2.4716784843992237
-1.9413770455105988,-2.471794640540249
-1.9451315267531786,-2.471507743458065
-1.9494266261377307,-2.470568930299961
-1.9533617651321138,-2.4692777090461813
-1.9569234367829762,-2.467609616737332
-1.96064889107453,-2.4653855527470516
-1.9642023861905225,-2.4631018620133305
-1.967396473068028,-2.4604506086176428
-1.970257423505667,-2.4576341740928767
-1.9729671672554996,-2.4548170166059844
-1.9753744602962782,-2.4516932462811436
-1.9775082547965752,-2.4486143806777902
-1.9795681172952144,-2.445378124783025
-1.9814035324990462,-2.441912989910291
-1.982797126587183,-2.4385090783971237
-1.9838977056132758,-2.434940000212099
-1.9847518579956465,-2.431120051431302
-1.9852117347090048,-2.4273747486053017
-1.9854527122721894,-2.4235911743672403
-1.9854633469923841,-2.419572006318228
-1.9852168029648718,-2.415554766241395
-1.984723980178613,-2.4115489783506763
-1.9839710765606617,-2.4072811434683774
-1.9829806569169879,-2.402916730285624
-1.9817374098268663,-2.3985001895959073
-1.9808306909531042,-2.393616190346353
-1.9795168632778621,-2.388539557993071
-1.9777011503848196,-2.384026404340503
-1.9756719779983674,-2.3793013157289487
-1.9733410966786038,-2.374271600320379
-1.9708165888023432,-2.369402706877901
-1.9680414228718532,-2.364285990357281
-1.9651057037010018,-2.3590044635641587
-1.9619255750602518,-2.3539263084517086
-1.9586526899302443,-2.3487572130272727
-1.9550831425194617,-2.3432870438917823
-1.9511374402469306,-2.338130348872364
-1.94724331438468,-2.333024453189976
-1.9430613463610011,-2.327626501588631
-1.9385270429334722,-2.3225231233722665
-1.934040338399852,-2.317466607657192
-1.929269610826013,-2.312121879890594
-1.9244558753271976,-2.3068148278839677
-1.9196184415149795,-2.301484612182614
-1.9146048430009655,-2.295975671019376
-1.9093758431101366,-2.2904233711965354
-1.90419666577863,-2.2849183623756297
-1.8991600052324762,-2.2791249268367335
-1.8939632175321042,-2.2732501788728943
-1.888816621496451,-2.2674241012543543
-1.8837522485912235,-2.2616815180375336
-1.8788411783872174,-2.2558129821748913
-1.8733251645632176,-2.250533248672163
-1.8679521101714616,-2.245393954969738
-1.8627132397375832,-2.240334462859161
-1.8577052310184659,-2.2355038812013523
-1.852777879280768,-2.2305905046767878
-1.8482208934210356,-2.225720531889377
-1.8438587961473163,-2.2210445659394225
-1.8395397350286975,-2.216259488051606
-1.8356786587454965,-2.2115364952270116
-1.8320209507289247,-2.207016739347662
-1.8282034893113097,-2.202419774626065
-1.824824377680424,-2.1978475787363636
-1.8215286486330489,-2.193357427459238
-1.8183984895911616,-2.18890203266609
-1.8156658645644967,-2.184547220922909
-1.813055452394548,-2.180312614024824
-1.8105129939385267,-2.1759627799297845
-1.8083891142406352,-2.171736134315095
-1.8063963678249815,-2.1676384591967093
-1.8048102875621703,-2.163107668170204
-1.8035322753593395,-2.1588893746147813
-1.8026715278645145,-2.1546169698543847
-1.8019770726147881,-2.150307159204687
-1.801086791250741,-2.1466049235554907
-1.800601870288538,-2.1430907350103956
-1.8003298239279717,-2.1395900103201497
-1.8004768979242074,-2.1363636363636394
-1.8010263516375622,-2.1335402547246907
-1.801770640122149,-2.1305521283466407
-1.8029232024448936,-2.1279716943638616
-1.8043546856001365,-2.12567156362116
-1.8059696270895742,-2.1232163443638363
-1.8079546236259063,-2.1211315442097276
-1.8103520884202413,-2.119459216975607
-1.8130412001664264,-2.11754057490801
-1.8160019328971884,-2.1158936363971312
-1.81930027226697,-2.1145854166858955
-1.8228683005147843,-2.113049676321588
-1.8265113271153388,-2.1115877849905296
-1.8304362963296932,-2.110410087615415
-1.8342684655518275,-2.1093111992895213
-1.8380067537288811,-2.108115235370663
-1.8419617748655528,-2.10713642566323
-1.8465160101941909,-2.1057066119827765
-1.8510618255333293,-2.1043828621043184
-1.855324145453763,-2.103202940911782
-1.8597110474996392,-2.102291374905037
-1.8640133870087225,-2.1014984677584665
-1.8682414193170596,-2.1006300362294037
-1.872313893608325,-2.099972355674237
-1.8764610258171401,-2.0993647207837327
-1.8804814780869639,-2.0986292550812586
-1.8844827706364813,-2.097924898273114
-1.8884648355529798,-2.097116833711905
-1.8923052853945284,-2.0961680791098454
-1.8957812108603815,-2.0951844255358543
-1.899179746395439,-2.0941251552351723
-1.9023619372879976,-2.0928511615467333
-1.9049858959339778,-2.0914179554058814
-1.9074157923765072,-2.089958312419124
-1.9096810602577154,-2.088335304079402
-1.9113253251135853,-2.086507817604989
-1.9128563708640587,-2.084933024269188
-1.9140620921154838,-2.083034189752584
-1.9148002093282683,-2.080968202251553
-1.915323889362484,-2.079115279663647
-1.9155800731528612,-2.0769974742633663
-1.9161605841669949,-2.074439606071247
-1.916518808821769,-2.071658599912448
-1.9166678150888237,-2.0691448131688044
-1.9163974097181642,-2.0662132468192445
-1.9157042052901847,-2.0633297753166
-1.915119735067442,-2.06025189748731
-1.9140100440191847,-2.056650374601745
-1.9126126900737743,-2.0529812165826975
-1.911172809475075,-2.0491546578536806
-1.908990040991871,-2.044733086523845
-1.9064244777590005,-2.0399285961333162
-1.9037585989858825,-2.0352092588834254
-1.9004887434931201,-2.0298873364276253
-1.8969295947135896,-2.0242754742365645
-1.892878924756218,-2.0185032430088845
-1.8884547695709792,-2.0123557741219082
-1.8836890481823692,-2.0058687932637596
-1.878602553012254,-1.999653978142281
-1.8731694325593098,-1.9930909705646798
-1.8675290200459076,-1.9863219156186207
-1.8616012524961696,-1.9797975292178707
-1.8554109787401898,-1.9730094732813588
-1.8492479936963517,-1.9662486317697496
-1.8427949869208669,-1.9597357164700573
-1.8369425952119407,-1.9528358544960442
-1.8308359371555856,-1.9456811409271217
-1.8237919329287091,-1.9395135562718513
-1.816842194483272,-1.9333248916568322
-1.8097579119675744,-1.9270009237645105
-1.8022016957838558,-1.920926774805503
-1.7947195931830184,-1.914722744702668
-1.7870096150558372,-1.9082894926221026
-1.778901825580153,-1.902118720137817
-1.770815758229637,-1.8959937473615096
-1.7626210796379715,-1.8897591377316298
-1.7541493570880617,-1.8837500423097322
-1.7456594322671752,-1.8778054162615534
-1.7370339590442088,-1.872261780867816
-1.728511799925361,-1.8668210517342734
-1.7200327499076193,-1.8614195736267822
-1.7116255087406989,-1.8564395559545188
-1.7035534715029097,-1.8517955127001156
-1.6955886782288159,-1.8470894507356588
-1.6877037898965717,-1.8428423316911224
-1.6802205397376735,-1.8389980731563056
-1.6730210969828874,-1.8350705920883772
-1.665864996187403,-1.8315407924510572
-1.6587284574344168,-1.8286910007613701
-1.6518583668035771,-1.8256805316933875
-1.6452148079216877,-1.8230362007190917
-1.6381259411281457,-1.8210068917033788
-1.6313046811222398,-1.8192448420718723
-1.6243501843956902,-1.817599749550613
-1.6178980629438868,-1.8164543978207717
-1.6116467421032397,-1.8155093645628113
-1.6052540725882691,-1.8146881436960027
-1.5994309063810228,-1.8144331674920113
-1.5938547884710466,-1.8144242231268466
-1.5882104617444766,-1.8144756466374976
-1.583152413630475,-1.8151077837442688
-1.5784267507806424,-1.816071388412226
-1.5736954942284436,-1.817040838103441
-1.5696112505833106,-1.818653461106063
-1.5658425256238795,-1.8205808092006543
-1.5624140404023374,-1.822800320702538
-1.5593042240324728,-1.8253398540182781
-1.556471815201674,-1.8281514989314869
-1.5538880485243403,-1.8307479626704122
-1.5515825233289031,-1.8336213737665634
-1.5495120994540987,-1.8367277503428778
-1.5464883736825534,-1.840997089930151
-1.5436928111244907,-1.8454924536196138
-1.5409864837748863,-1.8500743869048477
-1.5386461544495977,-1.8544546852739887
-1.5357632476178813,-1.8594363320562801
-1.533206978949116,-1.8647445948713248
-1.5310757727923414,-1.8696759217116214
-1.5288040758307968,-1.8746708068582187
-1.5267495380333802,-1.8798852372897275
-1.524961051502336,-1.8846505265512792
-1.523089472746294,-1.8895569468734594
-1.521470980409914,-1.8947210720275307
-1.520016657246199,-1.8993937614551866
-1.5183756228710463,-1.9041660090099908
-1.5168537717604078,-1.909062131140667
-1.5153918316487707,-1.913517699312472
-1.513872360032655,-1.917977482732022
-1.5125388047314066,-1.9220930541871466
-1.5110876081685587,-1.9260891255472399
-1.509633287113096,-1.9300155663963696
-1.5081638120750185,-1.9335825088573038
-1.5064530402980976,-1.9369042410471111
-1.5047346179347683,-1.940206215489614
-1.5029402066469932,-1.9430600094965496
-1.5000280650844144,-1.9471843941356766
-1.49689967285478,-1.9510931295225424
-1.4939499536575358,-1.9548480507041257
-1.4911379196260064,-1.95808332316224
-1.4882520045565741,-1.9612457827712328
-1.4855207140520852,-1.9642750797872874
-1.4825618283152004,-1.96708099462126
-1.4793853396353662,-1.9696687065318847
-1.4760347181890454,-1.9720279929966498
-1.4723190561775559,-1.9740161001535288
-1.4684099375612627,-1.9758070888003578
-1.464217291442944,-1.9773542098311072
-1.4598350857561315,-1.978669050396432
-1.4552494097727473,-1.9797863442880645
-1.4504712777585567,-1.9807149886408644
-1.4453668000803606,-1.9813210020116567
-1.4401100302122833,-1.9818602764122586
-1.4345386516060894,-1.982111302672706
-1.4284935308013944,-1.981889756292712
-1.4221691077100633,-1.9817338301087395
-1.4155026167357656,-1.9811538320419237
-1.4081219907346525,-1.9810099553994072
-1.40037039114491,-1.980506171181645
-1.3924551996821841,-1.980142214937598
-1.3840852234865233,-1.9793198962903242
-1.3754751976030601,-1.9782599248931516
-1.3679474147224933,-1.975923820997556
-1.3601807096238598,-1.9733466697244426
-1.35216723772487,-1.9705299438813528
-1.344077587160951,-1.9676629452299326
-1.3358208113611036,-1.9644641244609775
-1.3271370773051807,-1.960850854863878
-1.318615334113029,-1.9570831515496883
-1.3100305781290698,-1.9530450631415297
-1.3011796490716596,-1.948749039796572
-1.2925367674680632,-1.9444902191163893
-1.2838968065203207,-1.9400073659288024
-1.2751497393958047,-1.9354211789392708
-1.2666001247786474,-1.9310117315836992
-1.2581271140014585,-1.9263924881489445
-1.2496294626626536,-1.9217500079669436
-1.2411112439609315,-1.9175134160749743
-1.2325654395866568,-1.913187169007661
-1.2241485683966857,-1.9089866105761395
-1.2156940680462234,-1.905192545299729
-1.2070412768900878,-1.9016126706787815
-1.1984677322191057,-1.8981029496272837
-1.1902098629732014,-1.8949142847942968
-1.1817930171201354,-1.8918630978463427
-1.1735861404725243,-1.889011462917994
-1.166659241513171,-1.8850237527388647
-1.1596316408130485,-1.881370307532217
-1.1527504605936443,-1.8778394183272231
-1.1459004619200588,-1.8745546630348715
-1.1392099985146147,-1.8714264159250071
-1.1324925073326508,-1.8684192402725341
-1.1258798224386355,-1.8656651407642653
-1.1196410114646353,-1.8632820309506788
-1.113765813792706,-1.8611709862168047
-1.1080706351192333,-1.859222399785569
-1.1027910606209221,-1.8576842056793783
-1.0978510443264526,-1.856482040788377
-1.09303084011753,-1.8551750668466804
-1.0885020727753847,-1.8541492197236347
-1.0842360376536173,-1.8533717944522055
-1.0804031522205018,-1.8526070725590544
-1.076788058933936,-1.851972302124547
-1.0736837482413046,-1.8518641075044533
-1.0711251527941783,-1.851695609230348
-1.0685062845312459,-1.8516405126396092
-1.066553441830065,-1.8522532151842483
-1.0655688434106194,-1.8526875211861398
-1.0650010502756893,-1.8532525650313545
-1.0650445578383474,-1.8541695195128032
-1.0658858100191506,-1.855909791700187
-1.066951840785091,-1.8576967657146868
-1.068652122618966,-1.8599151633141056
-1.0713111317597686,-1.8631231493712712
-1.0743807418571574,-1.8662207769472967
-1.0780857752128732,-1.8699049713443736
-1.0829920776554054,-1.8748291341145176
-1.0888393324499497,-1.8795050010711831
-1.0948593384570147,-1.8846574352647227
-1.102029967936876,-1.8909973526767476
-1.1103722120387398,-1.8968077786067865
-1.1185751703167957,-1.9026542529471895
-1.1275834969893561,-1.90933119717956
-1.1373449125285884,-1.9156282591211256
-1.1469551424223654,-1.9218043180969633
-1.15677437084335,-1.9281948346061069
-1.166710649032765,-1.934660629146813
-1.176581140976667,-1.9412036373578583
-1.1860915342687888,-1.9473785065809555
-1.1954208362649128,-1.9533775800640094
-1.2042947439844327,-1.9590179841853683
-1.2131643350431158,-1.9643135379185144
-1.2219940375273957,-1.9698855124673114
-1.2304658210500745,-1.9750925444936982
-1.2389862418582636,-1.980067623600979
-1.2475029436181981,-1.9851884852165327
-1.2557615095535148,-1.990052095200904
-1.2641323974928151,-1.9945992903973757
-1.272243990495303,-1.9991262219885644
-1.280393350621384,-2.003467140889597
-1.2883789765803868,-2.007648546836115
-1.2961875755039733,-2.011889756305552
-1.303946924340561,-2.01592165695252
-1.3115285665246639,-2.0197804744542713
-1.3188694228962665,-2.023646497779403
-1.3261218060849576,-2.027443246459207
-1.3331634575795617,-2.0310349590890038
-1.339999582763513,-2.034669790498913
-1.3465930418433865,-2.038323179046495
-1.3531462637490834,-2.0419368330208294
-1.3601412969160163,-2.044899841347062
-1.366721487670733,-2.048222760867143
-1.3730232070106707,-2.05126894267701
-1.379230578661674,-2.054210284700889
-1.3849223168294145,-2.057597346239185
-1.3907983530509773,-2.060651577036127
-1.3964518191556856,-2.063489680975634
-1.4015444074447074,-2.065997259958675
-1.40647660566514,-2.0686225814791723
-1.4109428215097033,-2.0707956989910805
-1.4148728432703443,-2.07254509403898
-1.4186045033388934,-2.0742679988100776
-1.4217194696307822,-2.0753923756647032
-1.423915432812346,-2.0759132319965374
-1.4256966412185483,-2.076536177659844
-1.4267756346185,-2.076477579893029
-1.4266279291221728,-2.0756430367816683
-1.4254679404580335,-2.0749789210991043
-1.423706827995604,-2.074214799467132
-1.4209931704094905,-2.0724705879194003
-1.4171854090270375,-2.0713317508596636
-1.4132089350996329,-2.0704263797635827
-1.4084556010445948,-2.0687270674206952
-1.4030655464086697,-2.067524883626342
-1.3977428204000728,-2.066521064149799
-1.3921858566456997,-2.065280749153694
-1.3866132862624423,-2.064059423572203
-1.3813102284390915,-2.0625916824143524
-1.3763391654859773,-2.0614653061613875
-1.3715923663531835,-2.060558892691355
-1.3675023940776263,-2.059849104155346
-1.3635437330093416,-2.0592654407861244
-1.3597564394586346,-2.0585380012305454
-1.3562030335359727,-2.0581551584115174
-1.3527576613860812,-2.0578759776019377
-1.3493413326518833,-2.057475024609284
-1.3459766666444029,-2.057236676362424
-1.3427461707876895,-2.057127242669564
-1.33977025306881,-2.0570391751323367
-1.3369002247198971,-2.0570170292491734
-1.33406762575929,-2.0570302901887763
-1.3315574084893862,-2.057131715229528
-1.329269014506382,-2.0572969100735294
-1.3269304074011694,-2.057412950104791
-1.3248720526125932,-2.0575615019731104
-1.3229271383390198,-2.0577608332355983
-1.3210365787275506,-2.058012267379423
-1.319026672913261,-2.058440416737742
-1.3171724069217579,-2.059028395378434
-1.3151372296684587,-2.0595476830642676
-1.3127147218156092,-2.0607620655377143
-1.3103888223274565,-2.0620293921382924
-1.3082605675063483,-2.0634940692183443
-1.3058557473644532,-2.0649680110650426
-1.3038628813967774,-2.0664928293900133
-1.3017838845633962,-2.068196307177999
-1.2999241764237444,-2.0701191639015333
-1.2980798491942238,-2.072028691387194
-1.2964814308404364,-2.0741838170391036
-1.2947770361694764,-2.076410220340435
-1.2932910896854612,-2.0787288824208336
-1.291894720192578,-2.081510750898428
-1.2905748355160784,-2.084365079261354
-1.2895857302656335,-2.0872119565311613
-1.2885988946641878,-2.0903095723756016
-1.2870898283692058,-2.094241865346396
-1.2860271100787801,-2.0981412106417077
-1.2851766942304792,-2.102553267550232
-1.2846213130625634,-2.1067743613284806
-1.2842123570636306,-2.1111360590833135
-1.283774228422349,-2.1158569271043133
-1.2836127401529687,-2.120455534085329
-1.283673022273027,-2.1252671719469673
-1.2837304109430594,-2.130133394968097
-1.2839039106248973,-2.1349811497858973
-1.284368188548518,-2.140108097774434
-1.284839804927173,-2.1452681569917877
-1.2853250919813162,-2.150389821363404
-1.2861136590570073,-2.155802396005651
-1.2868898072987183,-2.1610954320221922
-1.2878322509124467,-2.1664800078739606
-1.2888477090454933,-2.171934151356089
-1.2900406890271563,-2.1772321244218893
-1.2915128540490353,-2.1827141496133193
-1.292971335413377,-2.1881826719596473
-1.2947449050992743,-2.1934771930262174
-1.2968427479812954,-2.198997530187556
-1.2989502754341158,-2.204527022498239
-1.3011386531746032,-2.2097474257057903
-1.3025328800714098,-2.2158809445969077
-1.304246847675269,-2.2223455864729553
-1.3058524691562603,-2.2286915062123365
-1.3075556541815658,-2.234954075831422
-1.3096553710325098,-2.2416200046539867
-1.3117802088434123,-2.247991465626866
-1.3138366645193704,-2.25436029740603
-1.3160381253075077,-2.2608874296411337
-1.3187006154027745,-2.2669432108788823
-1.3212997432552116,-2.2729343151917427
-1.324176007907538,-2.2791034097751046
-1.3270598822894968,-2.285054814413431
-1.3301875715085114,-2.2909301519906085
-1.3334492073429833,-2.2969523935907876
-1.3368847904337133,-2.3028274333883543
-1.3402905217143002,-2.308668644512366
-1.344022707953949,-2.314581792947364
-1.3474081840597807,-2.320270960280897
-1.3511413245975323,-2.3260868058606956
-1.354825417359192,-2.331861459950706
-1.3584974483517807,-2.3376479536517385
-1.3623579606956622,-2.3436102385009154
-1.3665043452051413,-2.349501819460628
-1.370370809245145,-2.3557132284230016
-1.3744226523982586,-2.3621022801186773
-1.3788345048277082,-2.3686169605615714
-1.383787840599751,-2.3744307638685656
-1.3889855427220352,-2.3804781513545894
-1.3946464694521428,-2.3867073481736636
-1.4002492858042275,-2.3929236170543167
-1.4060380806712918,-2.399317652780387
-1.412405487135267,-2.405934537527626
-1.4190814193499157,-2.4128409074217316
-1.4256336521565423,-2.419597321000489
-1.4325129226942312,-2.4266343110420885
-1.4395846752048405,-2.4338514974731367
-1.4465605500264704,-2.440815052349847
-1.453845990568496,-2.4480743706598016
-1.4614137957640922,-2.455604561444242
-1.4688356267548837,-2.462888140055848
-1.47639707180864,-2.47042314052706
-1.4839780103191977,-2.4779661685897834
-1.4916416077457983,-2.4853780198549438
-1.4993286689561212,-2.493144286006476
-1.5067410797447873,-2.500734867872424
-1.5142179089964933,-2.5082937671956227
-1.5214865876184682,-2.5161332749031615
-1.528480286761319,-2.523686918045664
-1.5354367895668792,-2.531233940905527
-1.5422862201230874,-2.5390552907110093
-1.549920683689203,-2.545986852198556
-1.5571893933424454,-2.552631797102771
-1.564462372543396,-2.5592808095186808
-1.5715862784826893,-2.5661242773342128
-1.5782420729267996,-2.572641349725353
-1.5848015068692574,-2.5793738353019355
-1.5914498672782935,-2.5861959087376523
-1.5980213122884932,-2.592794268614556
-1.6044894708405535,-2.5996788799433626
-1.610992501943008,-2.6065967385624824
-1.6173896249541162,-2.6131862624549695
-1.6237126141690628,-2.619935000179231
-1.6299376599299058,-2.6265902061153175
-1.6360946561866017,-2.632875469528806
-1.6422784380397448,-2.639230753785648
-1.64827448709055,-2.645406841503882
-1.6541953781728267,-2.651294648690862
-1.6602191180610795,-2.65716625564089
-1.6660153125783386,-2.6628140074286675
-1.67158562684787,-2.6682301781586655
-1.6774482535458695,-2.6734041688882364
-1.6830293986069091,-2.6783141046906858
-1.688245027876783,-2.6828518691592858
-1.6939029012988887,-2.6869531325354363
-1.6993406310720576,-2.6908537486859596
-1.7045193010227389,-2.694487462779528
-1.709939017720136,-2.69792253789175
-1.715040051867175,-2.7010626545552907
-1.7197459708123728,-2.703799386751458
-1.7245539504934815,-2.7064525431170483
-1.7289506640822996,-2.7087093888460307
-1.7328333462093177,-2.7104321904926003
-1.736294000335111,-2.711854624680882
-1.7394798280376758,-2.7130400520091644
-1.74235756894349,-2.7139239759576133
-1.7448630995483232,-2.714452054477374
-1.7471240399633812,-2.714895944579542
-1.7490697588062798,-2.7150444428859175
-1.7505759073923135,-2.714772669964628
-1.7518278555371984,-2.714349258631958
-1.7528946164889128,-2.7137119548432755
-1.754259658257596,-2.712409043664045
-1.7553086561721731,-2.711014458579051
-1.7559507845283673,-2.7092073184637857
-1.7567823455995477,-2.707225408588979
-1.7573518946765982,-2.7050862063656718
-1.7576099016673221,-2.702628125651765
-1.7579053818281616,-2.700151039527295
-1.7580503259349427,-2.6975008077853335
-1.7578749061764714,-2.694526119886431
-1.7576396842619395,-2.691566867622907
-1.7572809283275201,-2.688399291193329
-1.7565666219798228,-2.6848696607967453
-1.7557766029923556,-2.6813322969123186
-1.7550118741728418,-2.677672527489958
-1.7540052340791252,-2.6738775611032324
-1.7528192032381877,-2.669906089008875
-1.751505913397744,-2.6658753289185273
-1.7499417738724705,-2.661584347515957
-1.7482958712997065,-2.65721474589458
-1.7466411506656085,-2.6528518210684644
-1.7448151739399405,-2.6483112332194696
-1.7428145704742286,-2.643602993721193
-1.7407366797297392,-2.6389579478751775
-1.7384460981629906,-2.634092410895308
-1.7364804814821797,-2.6288367554885044
-1.7342383140557946,-2.623517657016807
-1.7320770274285473,-2.6180614331322714
-1.7297565856823023,-2.6124472122047475
-1.7272241011783427,-2.606629326828976
-1.7246932282542016,-2.600809517155383
-1.7219573375001083,-2.594777356202675
-1.7191653298827632,-2.588691120057751
-1.7162874841538214,-2.5826755548359324
-1.7129719516589288,-2.576220880550317
-1.7097568249805442,-2.5697335931058407
-1.7061453942852385,-2.563175405347416
-1.7022962911150599,-2.556371311028446
-1.6986434126786012,-2.5495609307008364
-1.6947382458420202,-2.542644632421952
-1.6907465534074568,-2.5356387468794734
-1.6869776956312845,-2.5286959920342276
-1.6831475806238934,-2.5215903144864087
-1.6794597063800005,-2.514618281525827
-1.6758701788609631,-2.5075638632580177
-1.6722938880082248,-2.50052201477601
-1.6687616387802333,-2.493525502166085
-1.6652906629002564,-2.4864773476393727
-1.6620848582654957,-2.479155423877184
-1.6589288957330706,-2.471884838054579
-1.655572040903384,-2.4647819167823686
-1.6517287697206202,-2.458162772643413
-1.6479439354681442,-2.45159008718139
-1.6442498898998614,-2.4453644298390964
-1.6403859064490165,-2.43922510208032
-1.6367372634683126,-2.4332932173546613
-1.6332777546386297,-2.4276772489097374
-1.6297614884804759,-2.422060419517717
-1.6263791811691586,-2.4165726822974753
-1.6231647738598678,-2.4113527466560707
-1.6199069184741204,-2.406010121698437
-1.6168002802807766,-2.400813274369156
-1.613839258141873,-2.3959947834717994
-1.6107681260036133,-2.3909916030870995
-1.6077129411184055,-2.386003805173041
-1.6047355587366567,-2.381151256606647
-1.601627403401408,-2.3761556510239084
-1.5984066424180514,-2.371119453495447
-1.59524042895954,-2.3663032809414504
-1.5918839407885101,-2.3612872639236593
-1.5887901670209443,-2.355649996156859
-1.5857761790459775,-2.350166292995507
-1.5825552800295102,-2.3444725824303254
-1.5792594777278968,-2.338842826301851
-1.575951419824657,-2.3332119240587326
-1.5721715384190817,-2.327818114263678
-1.5685747757643969,-2.3225681696183367
-1.5646178415052756,-2.3171836849245944
-1.5606582403146478,-2.311796517865233
-1.5569660506192564,-2.3066398403237893
-1.5528800661752515,-2.301436629103344
-1.5488086560317917,-2.2962484935571372
-1.545032923139203,-2.2910803751531117
-1.5410527111448582,-2.2858360023307727
-1.5372533962615682,-2.2807660555169176
-1.5334615226092159,-2.275690445576118
-1.5298035080836223,-2.2707442895340004
-1.5260161840088409,-2.265787845124652
-1.5220389288275307,-2.260843715254884
-1.5182132287250187,-2.2560934766880125
-1.5143658567438347,-2.251321024478714
-1.5102512986806362,-2.2464421122494387
-1.5065356733977329,-2.2413534935738917
-1.5030631258905023,-2.236275247133752
-1.4993232216009693,-2.231086930756832
-1.4955104347558397,-2.2258283851408693
-1.4919017126825695,-2.220601072323095
-1.4880621702096075,-2.2152188562435327
-1.483812223884751,-2.209968143774706
-1.4797479554104436,-2.204828169804507
-1.4756562847732926,-2.1993069106699923
-1.471334774544563,-2.193563495388848
-1.467206522463336,-2.1879178250079514
-1.4629115153436827,-2.1818474872873783
-1.4583261150533464,-2.1754981440103776
-1.4538624210537843,-2.169037116749366
-1.4492128128704294,-2.1622642974375603
-1.4442038134253241,-2.1551453187668494
-1.4393027127987228,-2.1479965339224965
-1.4341847747203422,-2.1405302919112974
-1.4287877308640582,-2.132798957939614
-1.42352211593468,-2.1249988915279654
-1.4179253845642956,-2.1166431371551617
-1.4125266387538595,-2.108393636947835
-1.4068611135270586,-2.099885564698153
-1.4009363157487447,-2.090945969166071
-1.3954760492215152,-2.0820200931427792
-1.3899757859043524,-2.073266325991879
-1.3842976032731586,-2.0641814659697237
-1.378452975409492,-2.0549253990068794
-1.372129080015862,-2.046465846324908
-1.3656294807819265,-2.0377668360456322
-1.3590662675264469,-2.0289922915157974
-1.3523586726946148,-2.020341495704785
-1.345642457581834,-2.0116822093662785
-1.3388011245246647,-2.002894352207768
-1.3318574351394468,-1.9941943905984005
-1.3250358566080258,-1.9856128181834032
-1.3182122912518488,-1.9770291560239488
-1.3112699490524538,-1.968548110602378
-1.3044483963328137,-1.9601842476028004
-1.2976136796574045,-1.951806858129803
-1.2904730120057861,-1.943695360195128
-1.2834398770281428,-1.935688255094597
-1.276424582753903,-1.9276994787714334
-1.2692211391133699,-1.9198749485423205
-1.2621080500489232,-1.9121381633584114
-1.2551735949691185,-1.9044620421134355
-1.2483352115839512,-1.8970009233935905
-1.2416842076408428,-1.8893337375434076
-1.2350953632424437,-1.8817303901277056
-1.228653004687401,-1.8744346677331385
-1.2219005370953342,-1.8674315178701104
-1.2151424529016353,-1.8606559354761343
-1.2083923444707234,-1.8542128986229351
-1.2020134273356884,-1.848139414757842
-1.1956511026964896,-1.8422557708124858
-1.1893827414099145,-1.8366433789945442
-1.1837004367854855,-1.8316142997114293
-1.1780742214468976,-1.8267176937153962
-1.172717034229191,-1.8219912331703585
-1.167849991326976,-1.8177519923684846
-1.1629753845379294,-1.813520315217212
-1.1584968554109876,-1.8096884053490674
-1.1544796151258458,-1.8063118601011265
-1.1503286382032596,-1.8030538178280813
-1.1464922996081954,-1.8001148848115869
-1.1432018508474509,-1.797714439306418
-1.139819156073547,-1.7953959577131287
-1.136710422486927,-1.7933580233492794
-1.1340539703848345,-1.7917763806250424
-1.1313528025743234,-1.7902195560388106
-1.129201856569402,-1.789209921029939
-1.1269109704993485,-1.7883241519165358
-1.125041209360667,-1.7878529580228284
-1.123580609684439,-1.7877978823762588
-1.1218441210336783,-1.7880395574279035
-1.120374677890342,-1.788337709000557
-1.1192199356414807,-1.7889408999688219
-1.1184393278264437,-1.7899896817573588
-1.1178701384229113,-1.7910573706231672
-1.1176989384948026,-1.7925108517030446
-1.1177709269876073,-1.7944989156305116
-1.1180667856581734,-1.7964605673624467
-1.1187986479973138,-1.7988447740962068
-1.1195938036905648,-1.8016783260368003
-1.1205394734013174,-1.8045077706000647
-1.1218358754458735,-1.8076769277663092
-1.1231306523010145,-1.811144982592099
-1.1246535921984353,-1.8146519998328263
-1.1264668527075359,-1.8184400451158997
-1.1283242717390216,-1.8224663323637078
-1.1304636875766887,-1.8264780871689335
-1.1327751695074681,-1.83065624134026
-1.1348175343875964,-1.8353751300177275
-1.1369990192896702,-1.8400275622612459
-1.1393432990156935,-1.8448373118109418
-1.141681974933782,-1.8497899396501392
-1.144149547058995,-1.8547546214009942
-1.1467022815696204,-1.8601408082791882
-1.1492203420030402,-1.8657160726255195
-1.1523653313358948,-1.8717482026467063
-1.1554510279252976,-1.8778852400737789
-1.15885503856201,-1.8843298120558818
-1.1627609966779826,-1.8909674276248203
-1.1664123620489169,-1.897512856792769
-1.170534284739036,-1.9045129270108614
-1.175308451212255,-1.912009928080841
-1.1798635488883022,-1.9192054986589444
-1.1849019310406697,-1.9268678496414215
-1.1906465842990914,-1.9353627458928206
-1.1963100850899182,-1.9435251077305278
-1.2024702421891322,-1.9522495855779403
-1.20933610537369,-1.9617084639264788
-1.2161642841898015,-1.970939365962919
-1.2234815311699714,-1.9806243357838864
-1.2315327306225168,-1.9910697639251351
-1.238714689801694,-2.002171251414954
-1.2459823921698552,-2.0131975113161364
-1.2537149875805662,-2.024672401243346
-1.2620427381897665,-2.0367481116703834
-1.2703215600135034,-2.0488826605694648
-1.279035449381752,-2.061436853710611
-1.2884640765059703,-2.074558107574675
-1.2977258001189715,-2.0876158607944624
-1.3073681745447265,-2.1010405685887137
-1.3175338108418688,-2.1148877534723822
-1.3274589926659839,-2.128650789301524
-1.3377254662182794,-2.1427425872166075
-1.3483249161674289,-2.157116613157461
-1.358732767693527,-2.171449410695839
-1.3693834993415932,-2.186015906400072
-1.3804606893378248,-2.200738521303791
-1.3913693090160675,-2.2154335966739445
-1.4023582649592723,-2.2302057800557225
-1.413796972595121,-2.2450590236272188
-1.4255349552251497,-2.2601298138960306
-1.4372430184607996,-2.2751855158404255
-1.449487712229593,-2.2903435443519333
-1.4610650830545504,-2.3060009556071255
-1.472836795333489,-2.321860142274448
-1.4847378716550574,-2.337610438447433
-1.496725641234383,-2.3534350960020873
-1.5086709897115995,-2.369262035678298
-1.5212509633276177,-2.3849080129615654
-1.5337214250342477,-2.4005893966834644
-1.5461449345122011,-2.416233874966263
-1.5588383768291416,-2.431994756560304
-1.5712727618867475,-2.447702271862053
-1.5835274805457786,-2.463241923083365
-1.5959929978039145,-2.478768182635613
-1.6078973958730554,-2.493696568923957
-1.620021576680504,-2.508686484239219
-1.63188239191332,-2.5234238859515603
-1.6434973327421747,-2.53773405826367
-1.6552762267487,-2.552044029702614
-1.6665391876192888,-2.565859475195448
-1.6773662289192577,-2.57897078075804
-1.6881746610756345,-2.592138312215338
-1.698406961258987,-2.6047538392214067
-1.7080403672466784,-2.616416875550646
-1.7175208614552295,-2.628170447845871
-1.725859165327595,-2.6401536378605766
-1.7332963768832148,-2.651208081812594
-1.740803132331885,-2.662206821458867
-1.7477719419529567,-2.672685355299656
-1.753883801166836,-2.682278989776847
-1.7609543634471796,-2.690818603508733
-1.7679297518707764,-2.6993850497737917
-1.7744913425382915,-2.707555527035232
-1.7804832886402635,-2.7149044660751773
-1.7865626307163862,-2.7223660867753474
-1.7923144683758307,-2.72951439208799
-1.7976193706961232,-2.7358434973737
-1.8031238382746313,-2.7422707988861688
-1.808319237286022,-2.748402473613984
-1.813248598551331,-2.7538777922278452
-1.8183371348632678,-2.7593540083898183
-1.8230522119680779,-2.764473021471508
-1.8277734940583872,-2.7690176864463734
-1.8325307416643888,-2.773450216169625
-1.8373662051508122,-2.7770825283408387
-1.8416639946824716,-2.7801775892947598
-1.8461628541942987,-2.783333970612715
-1.8509085594640864,-2.785719781365575
-1.855598127571624,-2.7876089670008906
-1.859743294575713,-2.789041709976054
-1.863810331414127,-2.7903926386170026
-1.8680618386756602,-2.7910563862991933
-1.872647638860503,-2.7908859974238815
-1.8769119424623215,-2.7903951658669075
-1.8817239597692599,-2.7894583916880795
-1.8860945690133082,-2.7880965880736923
-1.8904326368750328,-2.7866625633564666
-1.895038848322588,-2.784583323653001
-1.899583005960753,-2.782298377484124
-1.9040421856723266,-2.7799221083988614
-1.908721405849711,-2.7770327785629663
-1.9133406928373644,-2.7738749135407237
-1.917877048689135,-2.770626912117941
-1.922729152203995,-2.7669620733029334
-1.9273710715233006,-2.763131509087969
-1.931852530323877,-2.759130028404341
-1.936528326925284,-2.7546788148192736
-1.9409736115340226,-2.750167293227209
-1.9452491513958652,-2.745474833661226
-1.9497484755248233,-2.7405092545635696
-1.9540704054293307,-2.7356119265927896
-1.958238658496014,-2.7305501835365074
-1.9627898251094407,-2.72519141620213
-1.9683067971827262,-2.7184964630345587
-1.973783410001898,-2.71175322829508
-1.9802444943134827,-2.7039599438434507
-1.9866159036777558,-2.696072710284626
-1.9927428050178473,-2.6882463964952583
-1.9991188631516439,-2.680084320739631
-2.0057301518617634,-2.6714732654993365
-2.011966237718113,-2.662966071330796
-2.0183559395812183,-2.6540863208580814
-2.024503730988136,-2.6449523167594284
-2.0303494860318962,-2.6357426866108526
-2.0362734140585608,-2.6259325014232986
-2.0418614952860787,-2.615786208645258
-2.047509918385383,-2.605587077756656
-2.052785774360045,-2.594997415645598
-2.0577380006182024,-2.584082615806754
-2.06276167525213,-2.5731049933553662
-2.0675412167882445,-2.561868264418804
-2.072150869021299,-2.5504556102545597
-2.0783342062608945,-2.537089824117155
-2.0844099716429554,-2.523601844901626
-2.089802277954195,-2.5103433984040646
-2.095651638315063,-2.4971684855776326
-2.101180623578639,-2.483660454440174
-2.1059485158367144,-2.470444445660151
-2.1107100894374753,-2.4573065414569015
-2.115521773313874,-2.4442071132103345
-2.120045968242844,-2.4308145678651005
-2.1241439814394463,-2.417769041412793
-2.12831769591618,-2.404789471316524
-2.1322357921434025,-2.3915504944460126
-2.1357490648108315,-2.378641796514515
-2.1394268011137543,-2.365889599700317
-2.1429094576440884,-2.35293872927044
-2.145913426744615,-2.340380053903928
-2.1489758350191455,-2.327874321564069
-2.152087761247697,-2.3154140088604014
-2.1546238051445097,-2.3034274640216377
-2.157246541085313,-2.291523651110976
-2.1601006265864418,-2.279848125347295
-2.1622335089074625,-2.2687681594990488
-2.164450916568208,-2.2577706648084135
-2.166891184686503,-2.2469949093283668
-2.1711637729036566,-2.2338711375831166
-2.1755092365493836,-2.2209435055978646
-2.1799907274731125,-2.208156027888074
-2.184237909621591,-2.195644159608076
-2.188462008378195,-2.1832312503624336
-2.1929462383833274,-2.171082709432071
-2.197184485299471,-2.1593831326325144
-2.2001933642452833,-2.1492210444753628
-2.203397600710399,-2.139256834824106
-2.206333431183387,-2.1297155234927994
-2.2093411314598135,-2.1203923908471123
-2.2124185198666964,-2.1111413611068954
-2.215346999008184,-2.1023426389628947
-2.2181199003762204,-2.0940013083405677
-2.220951213699653,-2.0857217020154435
-2.223734523261015,-2.077932729597495
-2.226847010586057,-2.070233225634917
-2.2300394715817538,-2.0626173171128483
-2.233129542663169,-2.0555765566595374
-2.2364469636439446,-2.0486159515604765
-2.2393794911079024,-2.0417395557529945
-2.242631840550584,-2.03518340259307
-2.2461270700544547,-2.028790008662962
-2.249359931554209,-2.022650878043204
-2.2547050237043806,-2.014362968054748
-2.260295331757888,-2.0063280838240933
-2.263935557373136,-2.000525805548646
-2.267777674760915,-1.9949277384946988
-2.271822805691112,-1.9895381792494098
-2.27560688186595,-1.9843672784072075
-2.2797317271512814,-1.9795403416818278
-2.2840933706482485,-1.9749556319871953
-2.2879816118322225,-1.970766524174757
-2.29235245795808,-1.9670672063840187
-2.296909682072576,-1.9635603018357985
-2.3010927614071286,-1.960365604845752
-2.3056673328486705,-1.9575688700839842
-2.3105491977562034,-1.9551372145232648
-2.315430041268375,-1.9530434922581672
-2.3202996515216054,-1.9510900467794254
-2.325653383472388,-1.9496287189206918
-2.3308993151154653,-1.9482555883324177
-2.3366088706853207,-1.9473513700426266
-2.3421723388264097,-1.9464297974844773
-2.3481449852367824,-1.9456275957678713
-2.3546893732012335,-1.9443366957200612
-2.3609506662850888,-1.9428998765513514
-2.367729912840936,-1.9414187707726769
-2.3747153168454878,-1.9400908453672014
-2.38168877598212,-1.9387488433331874
-2.3865310611953054,-1.9400238270226726
-2.3915942331937114,-1.9411129947324395
-2.396854642363621,-1.9423972567685157
-2.4019711659768155,-1.9435358318167428
-2.4073250199567764,-1.9444752673683248
-2.412666601368757,-1.9453990369577139
-2.4177882557905095,-1.9461045652313138
-2.423130089875004,-1.9466256691871984
-2.428385087659782,-1.9470574453797078
-2.4334567790853603,-1.9473074115800613
-2.438621962939158,-1.9474786116890832
-2.443775865688127,-1.9476401158588303
-2.4488700020214225,-1.9477430146478012
-2.453806751560486,-1.9479755815124284
-2.4588131201098458,-1.9482798110264208
-2.463765476810936,-1.9485334178281746
-2.4683833994601976,-1.9490634311896928
-2.4728741351496386,-1.9499579727395557
-2.477251845091826,-1.9507427406798945
-2.4814927588088547,-1.9515414097548307
-2.485766253072548,-1.95254613273244
-2.489912956163407,-1.9534276460874238
-2.493929221998768,-1.9542622437099917
-2.4978897281015575,-1.9551079349091176
-2.4999156522127146,-1.9582136021428802
-2.5018568899695564,-1.9612361262881106
-2.5037086419603316,-1.964332121069553
-2.505467782057135,-1.9673352546679457
-2.5071998443913923,-1.9703115737742007
-2.5088250390026894,-1.973375698435723
-2.5102279271927146,-1.976215439937016
-2.5114937094763627,-1.9789170374045588
-2.5129610489043888,-1.9814513605019468
-2.5139698254593186,-1.9835153970685202
-2.514848958893443,-1.985452337033337
-2.5159934134264375,-1.987169627319058
-2.5166595108750807,-1.9883964770285185
-2.5172223112964494,-1.9894699488015188
-2.5176308466728954,-1.9903386463096862
-2.5178520678459084,-1.9908651942157403
-2.5177332991159584,-1.9910488788563212
-2.5177866636745545,-1.9910902629778198
-2.5172367193838787,-1.9910285743987333
-2.5164232696642186,-1.9905693038244932
-2.51525374460386,-1.989753473536706
-2.513574404982152,-1.9895436820803023
-2.5116167292195946,-1.98891105355787
-2.5092316077310435,-1.9878549700666774
-2.5066216476319814,-1.9868498397614909
-2.5034906990763064,-1.9853192149766057
-2.500122290602504,-1.9835550961664912
-2.4962613212096256,-1.9821978644115423
-2.491914607063558,-1.9803537938626266
-2.4873913232511295,-1.9783413092359072
-2.482251773910441,-1.9768386516835108
-2.476707824368989,-1.9749269808734604
-2.470700120280934,-1.9725644370658342
-2.4640295091742512,-1.9707512882769047
-2.4569969184355744,-1.968569498445576
-2.4485845240318076,-1.966238237716077
-2.4400442161582054,-1.9638063176018856
-2.4307506877318783,-1.9620283642365617
-2.4206043063218377,-1.9594126671190195
-2.410496018616256,-1.956620891907008
-2.3996680869993163,-1.9546584012565327
-2.388179494939811,-1.953198893209549
-2.376109687010957,-1.9508019544223194
-2.364211741133983,-1.9480849939156808
-2.3518289943505613,-1.9458395968014581
-2.338863456052136,-1.9430192912951594
-2.3259908742716195,-1.9401199089808305
-2.312765037643996,-1.9375910313880187
-2.299037618647951,-1.9345664684193464
-2.285284271123322,-1.9314444332156013
-2.271447503272386,-1.9284669726784833
-2.2575989433428836,-1.9254729608744239
-2.2435315171153185,-1.921969965274128
-2.2294865666848946,-1.9185441324674561
-2.21531311262425,-1.9149833605913726
-2.2011334928068713,-1.911111206236977
-2.18710196810538,-1.9072698997280868
-2.1730624956554245,-1.9034163535852708
-2.158986810428635,-1.8993741961331245
-2.145136555693425,-1.8953670878142364
-2.131326412513701,-1.891394287737433
-2.1173764038840517,-1.8873436990757786
-2.1036797365806983,-1.8831222044471858
-2.089863983307161,-1.8787789600669333
-2.0748269720685624,-1.8758820800096883
-2.0601123616284696,-1.872727060545981
-2.045465352800026,-1.8696361432772959
-2.0303684862582423,-1.86628213608105
-2.016041681470294,-1.8622018010507662
-2.0022407403981672,-1.8586463550623817
-1.988151257030052,-1.8547969876776476
-1.9746196314247564,-1.8504764868566528
-1.9615180054965429,-1.8465862770108523
-1.9482164237164123,-1.8424916360025618
-1.9353496515343935,-1.8380284908943612
-1.9226192966588795,-1.833703241173388
-1.9097288869209823,-1.8292147984435148
-1.8973033563042796,-1.8243308540946532
-1.88490928518586,-1.8194793857715834
-1.8724580001160838,-1.8145685765695398
-1.8604939775731029,-1.8092415541255085
-1.8486871123584154,-1.8040725840456107
-1.83715504287977,-1.7991769245953022
-1.8261837450277465,-1.7938001976654205
-1.815498806104172,-1.788710693735189
-1.8060578700954177,-1.7836695712781276
-1.796814463664981,-1.778670355184214
-1.7880885728312303,-1.7732935601370632
-1.7803022435566198,-1.7688567173217038
-1.7724694191126273,-1.7643744297977724
-1.765462107651461,-1.7589608864967985
-1.7589856840340279,-1.752928978797625
-1.753360790049759,-1.7477485540245212
-1.7478581772271726,-1.7425593265483457
-1.7428105413627502,-1.7368774428298699
-1.73839174683063,-1.73182396015422
-1.7340579685268032,-1.7266991453824199
-1.7301751157098266,-1.7213045005005194
-1.7269469280942114,-1.7165634696147236
-1.723835221376644,-1.7118466548414977
-1.7208855820425246,-1.7070600071880833
-1.7179970946774905,-1.702333446345563
-1.7154674073137541,-1.6979910941425767
-1.7130705970492017,-1.6937211329294406
-1.710817361397977,-1.6895937614028098
-1.708574282128704,-1.685777587206508
-1.7063844123242373,-1.682125553012751
-1.7043188577333246,-1.6785970835566502
-1.702174290077752,-1.675360172451866
-1.7000168328393392,-1.6722973667584387
-1.697559839987468,-1.669519421496587
-1.6954644484634604,-1.66655543407954
-1.6934505126998007,-1.6640937313531623
-1.6911498961146472,-1.6620702503958662
-1.6900339086510978,-1.658580900829114
-1.6891054911406702,-1.6558578085688733
-1.6877426880688096,-1.6533685872055899
-1.6867348248799077,-1.6512346631330277
-1.6854062259836122,-1.6497721341221152
-1.683610993290911,-1.648373079557545
-1.6821540228441019,-1.6473130523856974
-1.6804222097254453,-1.6469504126029089
-1.6783296377988322,-1.6467742904643647
-1.676660465411789,-1.6470220117457126
-1.674929615256682,-1.6477968687824829
-1.6731584737713132,-1.6490014648391922
-1.6718270503196742,-1.650645630566065
-1.670598213561973,-1.652650722022728
-1.6693592404474074,-1.6550830545087263
-1.668478187838047,-1.657872658262322
-1.6677749562711093,-1.6609490976982426
-1.6670249478897121,-1.6643326103791152
-1.6667332449860746,-1.6681732596105647
-1.6665029231231054,-1.6721643552515577
-1.6661759181210247,-1.676312395366329
-1.665506450072652,-1.681212175063745
-1.6649930623315088,-1.6864235481915146
-1.6645913495177265,-1.6914708756386174
-1.6642292194430213,-1.6965556940235549
-1.664205617312538,-1.7019772472550374
-1.6639658090876588,-1.707584190735944
-1.663909013488343,-1.7133716320912777
-1.6639846374879366,-1.7192895870552742
-1.6639965508367671,-1.7252604857547882
-1.6641363419795052,-1.7313566618068252
-1.6644878021409877,-1.7376628474181564
-1.664708259687803,-1.744079877007017
-1.6648942013920203,-1.7504601994840152
-1.6651812327653241,-1.7569396750614705
-1.6653848875100248,-1.7634887176290164
-1.6656089285485285,-1.770055696864818
-1.6659840093814602,-1.7767720189005223
-1.6664520457341556,-1.7834942432034546
-1.6669955756200419,-1.7902911552037746
-1.6677291313651175,-1.797274802808203
-1.668637739446759,-1.8041048433916957
-1.6696281332070764,-1.8110164898577246
-1.6707350663638656,-1.8180416502321513
-1.6716651945373169,-1.8253604755320505
-1.6727257087203253,-1.8328100509464127
-1.674257982598548,-1.8401498293183587
-1.6756703318717443,-1.8476671376072051
-1.6773031224554051,-1.8554069348354263
-1.6794925345531813,-1.8629830509031946
-1.6818704521551888,-1.8704799266657317
-1.6843931059367234,-1.8781257396143638
-1.6873549292124244,-1.8855483390914791
-1.690456193598498,-1.8928548536290006
-1.6937344411047763,-1.9003433474156588
-1.6974020529060192,-1.9076963809228726
-1.701318696873892,-1.9149589480878366
-1.705196908077294,-1.9221836192100261
-1.7096895007152886,-1.9294846300207211
-1.7143555084831081,-1.9366330962486462
-1.7190096869297358,-1.9437701374568048
-1.7242457999362524,-1.9510269078045137
-1.729484890443575,-1.9581643921133693
-1.7345924262732317,-1.9651720260202192
-1.7401385406722445,-1.9721867364706382
-1.745704771617853,-1.9791360602234571
-1.7510738174286327,-1.985890627080674
-1.7559390546178613,-1.993299740898977
-1.760570355038623,-2.0004774594289314
-1.765084471159803,-2.007554340997391
-1.7696530471821021,-2.014434611334269
-1.7743731356394667,-2.0206033878758296
-1.7787278690563124,-2.0264090444928873
-1.7829301429344326,-2.032346712665012
-1.7866737384758555,-2.0378242800483046
-1.7901914477225276,-2.043074420454907
-1.793462448296283,-2.04853566247417
-1.7963117528849564,-2.0535734918866853
-1.798965868779019,-2.0584138846788846
-1.80141340365289,-2.0634305068617604
-1.8035042677013402,-2.0680888227306666
-1.8052291304780392,-2.0723809454665165
-1.8068215405445642,-2.076785965829213
-1.8080404572229358,-2.080814561342343
-1.8089136919599955,-2.0844978290385403
-1.8097035706419522,-2.088252057743187
-1.8101514172617814,-2.0916621751984956
-1.8101933921889766,-2.0946672062993916
-1.8100781838358981,-2.0977184107626163
-1.8096690719760475,-2.1004725768635635
-1.8087845396411784,-2.102757933641278
-1.8071708410043534,-2.1058994082778004
-1.8053863668507104,-2.1088180538372994
-1.8033193397209213,-2.1114552473572847
-1.801445799648848,-2.1134416645071448
-1.799430316538518,-2.1151377949509222
-1.797247528357911,-2.1166677129508944
-1.7947225726945117,-2.1181071902580526
-1.7918448488794338,-2.1192339109210283
-1.7885654809432947,-2.1199654687641045
-1.7850336141665213,-2.1207110688087827
-1.7810037310740054,-2.121189048260815
-1.776777075464161,-2.1214736718019007
-1.7723336632280413,-2.121796306563691
-1.7672771653372377,-2.1219140729661774
-1.7620393819015152,-2.121853649669091
-1.7565057449944446,-2.1218362418413808
-1.750599965975518,-2.121758015951679
-1.7443772549210697,-2.121357989936849
-1.7379488977697768,-2.121078063715943
-1.7312537682055325,-2.1205858841916547
-1.7242838337848523,-2.119812639725173
-1.7172657334960721,-2.1191132352356763
-1.7101087235683312,-2.1183363097553203
-1.7027718603601492,-2.117375509437676
-1.6951484979054474,-2.116736713523836
-1.6875550061774454,-2.1161293909847187
-1.6806232516622466,-2.1147332520169435
-1.67375400408775,-2.113399387327487
-1.667050364383541,-2.1122168389844873
-1.6604607429987501,-2.111091866702343
-1.6543617802367427,-2.110222746796467
-1.6485199228963912,-2.109610027427395
-1.6429254961790782,-2.1087871809947285
-1.6378708112276308,-2.108505622651708
-1.632944272349417,-2.108353851322698
-1.6284982729066502,-2.1082033016909754
-1.6244960809980675,-2.1085049612899787
-1.620658754915812,-2.1089678136667547
-1.6169407542051077,-2.109329081375356
-1.6136423141985237,-2.110118187386863
-1.6108040797764862,-2.111357093048707
-1.6079098354747139,-2.1126437238539952
-1.6055660467750024,-2.114491896092813
-1.6036842029833527,-2.11679129872447
-1.601779190416362,-2.1191104249810366
-1.600471610189791,-2.1220393237874817
-1.5996244495379086,-2.125467934539284
-1.5984359627171856,-2.129320721311527
-1.5976720208349968,-2.1335930049595815
-1.597589200159962,-2.13854798380619
-1.598292761596822,-2.1426028782861595
-1.5993194655381966,-2.1470221922028396
-1.600853530611076,-2.15195973476259
-1.6025931661128656,-2.1570506126845355
-1.6045772892011534,-2.162522812764499
-1.6069027895551595,-2.1684319059024078
-1.60961555451013,-2.174718036088229
-1.6123987283705377,-2.180943546159255
-1.6156356405362324,-2.187621433916621
-1.6191956998072625,-2.194618865061925
-1.6229246146133351,-2.201472063886055
-1.6269562040211627,-2.2086289978240203
-1.63130422366188,-2.216097485665981
-1.6358871654523044,-2.2233659438002
-1.6405943152036178,-2.2307575549989065
-1.6456297906952808,-2.238473949436172
-1.65101638689847,-2.2458924203273827
-1.6565413260682411,-2.253452758531991
-1.6621603520751205,-2.261105954334154
-1.6679052352007722,-2.2686521837751172
-1.6729381581524236,-2.2769162449970977
-1.6781957779718903,-2.285410456580264
-1.6836057038182242,-2.293994394973987
-1.689174038499157,-2.302402026937464
-1.6951068431417993,-2.3106522841407795
-1.7010785982842667,-2.318936967279809
-1.7071725401953215,-2.327119153629348
-1.713391762347311,-2.335430886153647
-1.7194698146484348,-2.343597226632547
-1.7255816776030686,-2.351735481830808
-1.731661503433898,-2.3598482430290613
-1.7376014102230346,-2.3678182891355104
-1.7437581708749685,-2.3756073063545715
-1.7498166376870228,-2.383306781707815
-1.755751561787363,-2.390880261677857
-1.7616820784321288,-2.3980560334686776
-1.767586302852193,-2.4052049678971814
-1.7733404599515574,-2.41220839788287
-1.7792318447561921,-2.4190988041589154
-1.7849408692195134,-2.4258046757871083
-1.7903272906442858,-2.43219695467351
-1.7960525777039402,-2.438308734865422
-1.8015248819460439,-2.4441634069935394
-1.806649938064031,-2.449678281920144
-1.8117974419040614,-2.455220159573147
-1.8166907396777219,-2.4603804323192042
-1.8213095897831544,-2.4652245408696967
-1.8261949407840172,-2.4694191531758096
-1.8308088332714725,-2.473286030178569
-1.8348794807601236,-2.4766036044289494
-1.8387129103944382,-2.479798181304153
-1.842210347458643,-2.482648441762685
-1.8451369159126532,-2.484924000279514
-1.8477681899515095,-2.4869448485246846
-1.849925214292481,-2.4887838875606287
-1.8516168940130822,-2.4900675721575327
-1.852918602983484,-2.4909610423083204
-1.8541104363973133,-2.491945896439058
-1.8549729141552949,-2.492598845815678
-1.855512793308638,-2.492932794411686
-1.8560737075824119,-2.493249447765922
-1.8563545338822232,-2.4932837762450566
-1.8563380721242388,-2.4930262539394343
-1.8564830663916234,-2.492634919401244
-1.856418354900739,-2.4920371621041664
-1.8561761629764857,-2.4912691451853606
-1.8559057331665048,-2.4905243056425923
-1.855370848926751,-2.4895146247782978
-1.8551631689033352,-2.487970366843266
-1.8548275082071513,-2.4864802576114355
-1.8551214100226647,-2.483975375799447
-1.8551377465947225,-2.4811856664979115
-1.855052697303115,-2.478052444865215
-1.854710235782015,-2.474996138532172
-1.8542341968830915,-2.4717588073447447
-1.8536042307259093,-2.46836894840387
-1.8529328186639062,-2.4650068231219424
-1.8520414968257408,-2.461422896880103
-1.851122583161315,-2.4575859035004064
-1.850052208477655,-2.453715990674194
-1.8487806449249533,-2.4495405265442067
-1.8474465379570524,-2.4453039021135066
-1.8459488258928514,-2.4412025536265496
-1.844190244117276,-2.4368339531210768
-1.842322427244685,-2.432358856175103
-1.8404121214819202,-2.4279184923027954
-1.8382894006085542,-2.423260570680947
-1.83653684499786,-2.4180666625361975
-1.8346504729724775,-2.412844836972152
-1.8329686305156119,-2.4075294559647316
-1.8312245172474213,-2.4021501972634094
-1.8293106528535092,-2.3967896336295955
-1.827636265668795,-2.3913034853521227
-1.8259238237763478,-2.3857782080815086
-1.8241617841124733,-2.3799434433984152
-1.8224827582230247,-2.3740389597592553
-1.8207052795988028,-2.3680321814557277
-1.8189331564787872,-2.362037355098503
-1.8171558285447977,-2.356046261890966
-1.8154305037272984,-2.35010133990906
-1.8137646010087514,-2.344222003140021
-1.8121491450227578,-2.338299870403035
-1.810620682708062,-2.3324573582633983
-1.8093611634781175,-2.326889075283985
-1.8083172569308081,-2.321139803386999
-1.8073716907377562,-2.315482301758387
-1.8066136384775422,-2.3100168167020056
-1.8059270614438687,-2.3044908773792145
-1.8052256207456847,-2.2989447998049934
-1.8045165535693262,-2.293395372245832
-1.8038359630034455,-2.2878214464606415
-1.8036910732551823,-2.281803605895566
-1.8033566533383554,-2.275597788264157
-1.8029614974170614,-2.2694425243552354
-1.8026247287034634,-2.2633400822825824
-1.8020908586132964,-2.2570429478764575
-1.8015833458899535,-2.2507233622440195
-1.8009707348276065,-2.244300541252157
-1.7998026115624033,-2.2381810314284047
-1.7987901567887954,-2.2319817708533494
-1.7976825239071172,-2.225901975005371
-1.7963489240908757,-2.2195920195961762
-1.794945773341429,-2.2135559674469194
-1.7934664459654144,-2.2074476070746636
-1.7918008726284274,-2.201194214103919
-1.7901677554482225,-2.195005182036518
-1.788271635719624,-2.1886441575216278
-1.786156848254984,-2.1820583372197797
-1.7841341272007785,-2.175643787287552
-1.7819040365392171,-2.169025409065607
-1.7794765942272743,-2.162305852120136
-1.777201988097095,-2.1555924415523187
-1.7746233475571283,-2.1486368261779227
-1.771955708594196,-2.141590647865832
-1.769427709988941,-2.1346445450741944
-1.767627291478543,-2.126814163324976
-1.7655312956698437,-2.1186967947575273
-1.7627083415058264,-2.110752083352541
-1.759896978524606,-2.102938967492146
-1.756559390280594,-2.0949039784200876
-1.7529214255844834,-2.086564489888041
-1.7492768071261449,-2.078355338688125
-1.745057319120642,-2.0699431610634744
-1.7405726330385078,-2.0612623489729933
-1.736184789799537,-2.0528126831566578
-1.7313035541702337,-2.0441489122405176
-1.7262871601066507,-2.0353483508234915
-1.7214735050091892,-2.0266424556928686
-1.7162635684945842,-2.017602164142492
-1.7108997646523063,-2.0084061698087186
-1.705695638237561,-1.9992849030953688
-1.7000999283727078,-1.9898886508743674
-1.6942535634508809,-1.9804208732628634
-1.688230512487178,-1.9707787288211225
-1.6818273965462955,-1.9614615438567284
-1.6751419129634932,-1.951861099000547
-1.6680364437326305,-1.942548350219356
-1.6615017428728744,-1.9321968374332843
-1.6550749310425905,-1.9219551848965566
-1.6485168032578408,-1.9120427014822279
-1.6417844406929598,-1.90212725596201
-1.6346899969900974,-1.8928220002900071
-1.627468782320938,-1.8840922511070355
-1.6201293420657072,-1.8754547684100256
-1.6129713564398311,-1.8669990670108783
-1.6056435808184577,-1.8589874156116386
-1.5981375445917332,-1.8511414305466545
-1.5908268865079138,-1.8434886712343548
-1.583460082368434,-1.8361871575981141
-1.575938429594055,-1.8289666536664189
-1.5684876661579528,-1.821816162186843
-1.5611455238118195,-1.8150555956794927
-1.5537392314159073,-1.8081334987792803
-1.5465075109302564,-1.8013838379812805
-1.5393896595100134,-1.7949005371053377
-1.5322541724708758,-1.788367721454431
-1.5252811152269652,-1.7819952915511041
-1.5185551502584205,-1.7759513587939861
-1.5115868378044928,-1.769809753461731
-1.5048146277875951,-1.7638617201811295
-1.498360476895899,-1.7581779299577007
-1.4916579058383919,-1.7527136247062078
-1.4850017495976395,-1.7472896335858974
-1.4785389178594683,-1.7420616011770174
-1.4718538593838968,-1.7370308600396984
-1.4642183241724578,-1.7327925862100932
-1.4569279731225941,-1.728894284464865
-1.4498658057541622,-1.7253780986428071
-1.4427738208702452,-1.7217089357728093
-1.43604628694644,-1.7183985469855783
-1.429547998591521,-1.7155849748873904
-1.423130481700319,-1.712713527822635
-1.4171285890716654,-1.7102511077320246
-1.4113827713242575,-1.7082276623939983
-1.4056746647147929,-1.7061038796508652
-1.400230410875225,-1.704400598110792
-1.395061863145908,-1.7029746405556958
-1.3897928975480156,-1.70155187408469
-1.3849009845429117,-1.700488250955278
-1.3802308970175625,-1.6996483571901437
-1.3755430920649123,-1.698872522872834
-1.3713177895687918,-1.6983149042132761
-1.3674970634533938,-1.6979835604496505
-1.3628835431928754,-1.699081566556051
-1.3588082815149398,-1.6997083672971174
-1.3551531171697528,-1.7007556628951668
-1.3520256352818238,-1.7016287557004537
-1.3484799516561856,-1.7033834424576055
-1.3450040994661498,-1.7052062879630538
-1.3419508450473736,-1.70699660238267
-1.3390190405150262,-1.7088344627996281
-1.3361943316564258,-1.7107773020831878
-1.3339134192647801,-1.712570462725644
-1.331650542621623,-1.7143598077683426
-1.3295239135523087,-1.7162829055161128
-1.3279369350662085,-1.7181392543232206
-1.3263126227755302,-1.7200196891962316
-1.324920149885101,-1.7221278063436194
-1.323940060719885,-1.7242495174013224
-1.3230856722114972,-1.726316988694759
-1.3225411543702166,-1.728688717423105
-1.3223712983635216,-1.7311625664549086
-1.3224761023162506,-1.7336149846905173
-1.3227684235485428,-1.7362515311054
-1.3233974184185417,-1.7390797656269144
-1.324170140213919,-1.741850226901725
-1.3252087603418572,-1.7448816897632164
-1.325438909334802,-1.7488448021858924
-1.3259442050689065,-1.7528775129594985
-1.3268541654799721,-1.757318566200371
-1.3279820169087788,-1.7620298430531278
-1.3293567030286852,-1.7665258637894763
-1.331473849688538,-1.771766746076363
-1.333827503752941,-1.776889486768365
-1.3369607344307066,-1.7824108040793143
-1.3405488187191141,-1.787797702681922
-1.3447506308989658,-1.7937990427034702
-1.3494111092880803,-1.7994020407788545
-1.3546172401680747,-1.8055548351110973
-1.3602951893459525,-1.8116671556287682
-1.3664711456179035,-1.8180208504289024
-1.3728123511962094,-1.8245363155168866
-1.3793806405919669,-1.8307966454395095
-1.3863448599577557,-1.8372788800203106
-1.3936293571004785,-1.8440765664269299
-1.4011344941539696,-1.850686960526913
-1.4088394840552019,-1.8575010114326558
-1.4166867948076307,-1.8642574034702422
-1.4248319341935296,-1.871316387715162
-1.4329758053874133,-1.8784196813775011
-1.4413326429668711,-1.8857393267685916
-1.4497994817551967,-1.893401813394149
-1.458235609487902,-1.9010031764120714
-1.4678299668484895,-1.907527090722862
-1.477371519025521,-1.914414470096534
-1.4868954752368702,-1.9212197546229646
-1.4964600377730404,-1.9280656952626922
-1.5059971077566,-1.9351992212816107
-1.515542014027802,-1.9422263849859323
-1.5250408104489772,-1.9492060877944628
-1.5346008154854198,-1.9563195674092244
-1.5441481389761986,-1.963090979855915
-1.5537040707079783,-1.9698704733786327
-1.5633501547763071,-1.9767595191483207
-1.573006688517238,-1.9832472987216312
-1.582650676668903,-1.9897214765371993
-1.5923316541689052,-1.9961700140148113
-1.601998143391416,-2.002267917295429
-1.6117043377213784,-2.008405071505517
-1.621276831937609,-2.0145897005575124
-1.6307890101218765,-2.0203571446407986
-1.6408243636699213,-2.0250132366668363
-1.6509397038917224,-2.030052655046365
-1.660868604157606,-2.0348739590263305
-1.6705949186100983,-2.0394864753574065
-1.6803998540247043,-2.044382801832689
-1.6900019979433336,-2.0490830959499347
-1.7006120700634633,-2.0529599929118185
-1.7112917385359265,-2.0571183366365897
-1.7216999323240134,-2.0609385602940415
-1.732080901454278,-2.064730928747477
-1.7426330817661138,-2.0688399718643247
-1.7525828588774646,-2.0725131113756174
-1.7625568317804992,-2.076563751829857
-1.772154311026483,-2.080240504262314
-1.7813368340245581,-2.0842707610762274
-1.7902372666331359,-2.0880134425348023
-1.7988898561753701,-2.092222954733981
-1.8069165302485204,-2.0961245837153397
-1.8146902455676042,-2.100286134262822
-1.822183384226996,-2.1041638476512032
-1.8293426247237377,-2.1080196029733567
-1.8363973980477075,-2.1122563274642956
-1.8431162525390856,-2.1161535689073827
-1.8504907966578001,-2.1186753082974352
-1.8578479563667654,-2.1214265381117774
-1.8649685776632399,-2.1239394079826255
-1.8719390966492575,-2.1266089217670356
-1.8786512943458797,-2.1290237021935154
-1.885382288256326,-2.131288754158272
-1.8919053838458848,-2.1333437733533445
-1.8982779730874009,-2.1351024589355987
-1.9045645783465763,-2.1368064447626653
-1.9107562340789526,-2.138413350523375
-1.9168333588925908,-2.1398092186531965
-1.922791383488363,-2.1411513176724406
-1.9287407836976767,-2.142483108804062
-1.9345878080923546,-2.1436457479393516
-1.9403098051577816,-2.1447990978937708
-1.9460475360813725,-2.145966376033533
-1.9518641498486728,-2.1468874443157833
-1.9576367504730479,-2.148099842865619
-1.9634731095194173,-2.1489163103481115
-1.969264295003823,-2.149688766835493
-1.9748084470968594,-2.150632506392402
-1.9803662151603314,-2.1511045958587274
-1.9862096114853665,-2.15133410519154
-1.991775893621969,-2.151629059629704
-1.9970657409946255,-2.1516469273723913
-2.0027413528334295,-2.151410506911302
-2.0080899314374947,-2.1512112817213063
-2.012651610629945,-2.151846233969097
-2.017470886040057,-2.1518159816378826
-2.0220808406770723,-2.1516121967952673
-2.0266179267856166,-2.151336258262391
-2.031279325626681,-2.1500854120964874
-2.0359959119521034,-2.1488855121282477
-2.0408321071613797,-2.1466570700567895
-2.0457086946958203,-2.144468709577392
-2.0501259692136324,-2.1418839171027417
-2.055018935228504,-2.1385189027945213
-2.0597567333596825,-2.134996781292958
-2.0642109256037844,-2.1310241337684177
-2.0691120086096677,-2.126288300969789
-2.073857181737622,-2.121393562380846
-2.0782703526271202,-2.1159927406703827
-2.0829063175393587,-2.1099356018667725
-2.0873737922468183,-2.1037058346926347
-2.092572773815197,-2.0966639990329967
-2.0972366931654847,-2.0890829125159582
-2.102303563412638,-2.0810082433644435
-2.107421524108174,-2.0726676566688123
-2.112136294829663,-2.0639174339562287
-2.117161873364301,-2.054961971896521
-2.121022238170324,-2.046856293238689
-2.1245321943750928,-2.0383923276444924
-2.1281409570829024,-2.029876715157953
-2.1315420009853723,-2.0210409775721505
-2.1347229260757596,-2.011976939796895
-2.137988680184938,-2.002971283204007
-2.1408450803075905,-1.9935498397514888
-2.143662357318393,-1.984157141569523
-2.146394286800541,-1.9746703228856266
-2.148749034515893,-1.964800268114927
-2.151107365745528,-1.9549225899835867
-2.1533871579160335,-1.944956934744306
-2.1552553134772405,-1.9345734830794918
-2.157108378526291,-1.9241974725948352
-2.1588961158061504,-1.9137467906899979
-2.1601586962972563,-1.902765407250708
-2.1612067409184355,-1.891958755419364
-2.16371925750256,-1.8790985739804245
-2.1658509743890906,-1.8663161687711562
-2.1675554261185943,-1.8531039726085605
-2.169219224320472,-1.8399565113878595
-2.1705508828305238,-1.8269523090405988
-2.1712679405979176,-1.8138713563872866
-2.1720048754997747,-1.800937455902174
-2.1725120894543544,-1.7877635686810844
-2.172356304541311,-1.7745802519370593
-2.17236561394653,-1.7614931800831122
-2.172217563491286,-1.7482395129354547
-2.1713845185912284,-1.735126691852913
-2.170550914487915,-1.7220095897594345
-2.1696408965592764,-1.708983633761235
-2.168262580813011,-1.696620399647188
-2.166611237277035,-1.6839778705785093
-2.164556618902655,-1.672325923580689
-2.162029935920998,-1.6602098287659395
-2.1597929530604847,-1.648389427276776
-2.1567672782638723,-1.6372400950560069
-2.1534296078295183,-1.6257850945075738
-2.1502879284996763,-1.614531110513022
-2.14632789475955,-1.603976253372472
-2.142055345439018,-1.593116208917975
-2.13933509915085,-1.5807671807888153
-2.1359613092641796,-1.5689811366885296
-2.1323841019645493,-1.5569989247654035
-2.127934206410941,-1.5453511670263624
-2.1235428993169236,-1.5342736286855996
-2.118056399166289,-1.523014303774253
-2.1122986740204355,-1.51221654043056
-2.1066267844063593,-1.5015088289377012
-2.100192127609948,-1.4905709421727293
-2.0935434645804705,-1.4802785637712639
-2.0870181825956533,-1.4701146777029792
-2.080030758514722,-1.4596455203938332
-2.073036525904814,-1.449683527599597
-2.066040240145489,-1.4397208005501083
-2.0587181294221146,-1.429583605623403
-2.0515618848969144,-1.4200134473102672
-2.0441323872702566,-1.4102409263385467
-2.03668564005601,-1.4004614399324515
-2.0292439828781568,-1.3912109175435448
-2.021573080288617,-1.3818320924961656
-2.013861386720769,-1.3724235631018762
-2.006151048900115,-1.3635584969289503
-1.999609247163579,-1.3533874260770729
-1.993101148107044,-1.3432589400434785
-1.9866424161170328,-1.3337836264118523
-1.9802162814297575,-1.3242779530097688
-1.972086425323043,-1.316542257081401
-1.9637957672795472,-1.309145728008993
-1.9558404678637893,-1.302075558466425
-1.9478955273700378,-1.2949018736659268
-1.9400094893134239,-1.2878984173344237
-1.9324436685244573,-1.2812066069738646
-1.924942300903712,-1.274447772539505
-1.9176188776003003,-1.268044663937323
-1.9105535075378288,-1.2618926207088668
-1.903426083567008,-1.2557438132101988
-1.8964304175777442,-1.249879341856994
-1.8896248504727529,-1.2443129697418214
-1.8831816249625923,-1.239118961948873
-1.8766142964919994,-1.2340400182786397
-1.8703003838192993,-1.2292073209996852
-1.8644224081997403,-1.2248225154428554
-1.8584529114825252,-1.2205238384316222
-1.8531489193164694,-1.2168891906773183
-1.847745754621619,-1.2136748150786125
-1.8421751376907276,-1.2106124603591708
-1.8371189976995579,-1.2080664949581066
-1.832459475583181,-1.205915620264914
-1.8277588837185352,-1.2038047695759235
-1.8236325351839306,-1.2022690955676865
-1.8186636213666816,-1.2028925378800988
-1.8136407286609721,-1.203565418464817
-1.809072102545082,-1.204690363379438
-1.8050204938380359,-1.2063334308114282
-1.8010482627725013,-1.2079075706838074
-1.7978847325921279,-1.2102916181454721
-1.7952431440378913,-1.2124681747471036
-1.7927151011375047,-1.2148609275710949
-1.7908627371552892,-1.2179214369367577
-1.7896282588994827,-1.2207289007255424
-1.7887280805573929,-1.223877561230704
-1.7882395578951826,-1.2273635402185348
-1.78821007049019,-1.2307917035653253
-1.7886002930992846,-1.2346488897485242
-1.7893579770886843,-1.2386382484246234
-1.7905266368706585,-1.2426348493095627
-1.792025065779383,-1.2469684347609298
-1.7925045872635346,-1.252830216841492
-1.7933653848781466,-1.258354920965641
-1.79463369031298,-1.264285394120424
-1.7961584730752838,-1.2704681426794715
-1.7980534913891195,-1.2763238185678112
-1.7989835974622848,-1.28370030660379
-1.8000304690458209,-1.2911914594279517
-1.8015957609943565,-1.298227017460567
-1.8033131875088455,-1.3054117663242877
-1.805071735453189,-1.3126344062776265
-1.8072868059553457,-1.3195109923505595
-1.8096974854198618,-1.3265795178604232
-1.8120097034098122,-1.3335475438420847
-1.8145176346726366,-1.3403445912561769
-1.817017100496804,-1.347133563052398
-1.8194083724373609,-1.3538122419464595
-1.8219983641722581,-1.360317727328727
-1.8244391313856656,-1.366671224761498
-1.8269324197551549,-1.3730365837884742
-1.8294487816124847,-1.3792791375568116
-1.831839159577944,-1.3853983132612393
-1.834131956499235,-1.3912892355858322
-1.8364441540499477,-1.3967902448784084
-1.8384524279258843,-1.4019930445896631
-1.839401777618482,-1.407955874130296
-1.8407019955559478,-1.4136144033848261
-1.841265128791325,-1.4185270922703397
-1.841893891324944,-1.4229934998143092
-1.8429566056582578,-1.4270832556951816
-1.843418391710798,-1.4305615139747325
-1.8433605284343713,-1.433529586084528
-1.8433849228906873,-1.4364269488743286
-1.8427297673562275,-1.4386329899938393
-1.8412729247416335,-1.4400511170741683
-1.8399148209764806,-1.4413833384555912
-1.8379936115086728,-1.4421430424691675
-1.835370320092207,-1.4422125552572698
-1.8328508028826642,-1.4421910005447998
-1.8299096980861196,-1.4417411421024553
-1.8264433000623064,-1.440774888581832
-1.8230160405226732,-1.4397732394623202
-1.81910150357633,-1.4382765726632036
-1.8146702501610403,-1.4362858149998676
-1.8102542592821897,-1.433870587180877
-1.8053986579767005,-1.4310734729954853
-1.7998643960281142,-1.4276084920241205
-1.793706507915085,-1.4235426279040713
-1.7871254159959244,-1.4199244786066372
-1.779750290722809,-1.4155249571841624
-1.7720041274415097,-1.410749353931667
-1.765285306788917,-1.4047453147063826
-1.7579390458040958,-1.3983168469898073
-1.7501294454068153,-1.391424755425296
-1.742081441428557,-1.3846399845798438
-1.7335031006526318,-1.377487783313357
-1.72438445841054,-1.3700442102602277
-1.7146989995321025,-1.3620350699065953
-1.7048107317328398,-1.3542014978669947
-1.6946040502079334,-1.3460490915090886
-1.6842601981864178,-1.3377632945280662
-1.6737369093889305,-1.3296333158956775
-1.6628857123603829,-1.3211751836110959
-1.651898237464168,-1.3125873412373772
-1.6406940393408678,-1.304189393347415
-1.6292796655457262,-1.29557795054832
-1.6178563585087788,-1.2869539263530965
-1.6060929540474103,-1.2781914031937105
-1.5947003367582548,-1.269478636194847
-1.5832043093164754,-1.2607054853185509
-1.5718857981840444,-1.2518495852789548
-1.560372446806562,-1.2427931424007426
-1.5488887371547533,-1.233708607542571
-1.5374677643165766,-1.2246916208580998
-1.525997535693139,-1.215619606889457
-1.5154629967152584,-1.205510435364778
-1.5046140080698123,-1.19536252447435
-1.493776893327041,-1.185226656936481
-1.4833226691620793,-1.1750739622560562
-1.4726133974375615,-1.1649900600292724
-1.4619291043319196,-1.154931494179341
-1.451662331577311,-1.1450744297572382
-1.4414611943034645,-1.135079339326918
-1.4313463255610914,-1.1251717313770841
-1.4218828851167302,-1.1156531180106222
-1.4124167842339956,-1.105900176342095
-1.403006468062005,-1.0962037793941721
-1.3941720600260032,-1.0869234628731776
-1.3853627028742415,-1.0775171237212584
-1.3764843571355723,-1.0680407692833669
-1.3681586863026751,-1.0587865876343403
-1.3597074382793495,-1.0493834163903606
-1.351317201671674,-1.0400419660814386
-1.3433274908576138,-1.0309879520518108
-1.3356337547492707,-1.0215565796970167
-1.3282723618307222,-1.012464235572154
-1.321246121032176,-1.0036986399109322
-1.3144903865407969,-0.9954233902812534
-1.3078786042034765,-0.9866472264244001
-1.301525204089993,-0.9787371652159509
-1.2956189401404006,-0.9712806277543329
-1.2896158198703724,-0.9634133808907898
-1.2837255053610435,-0.9564154598192228
-1.2782142079003134,-0.949802096822275
-1.2726603752447412,-0.9428021921639865
-1.267199676566023,-0.936548381465941
-1.2621875733441081,-0.9304987930062507
-1.2574945914334394,-0.924770150896755
-1.2524259881088036,-0.9193841726881398
-1.247739639797054,-0.9143861832509066
-1.243052536042376,-0.9093874728058441
-1.2379392231556676,-0.9047786557538516
-1.2331363180607604,-0.9004848261188958
-1.228533945442744,-0.8963887789852202
-1.2236923759721556,-0.8925123757973634
-1.219232306377157,-0.8890229913661015
-1.2148145443289242,-0.8855825711400857
-1.2104467411341624,-0.8825846015495434
-1.2056637897842266,-0.8799678915188424
-1.2011354657291229,-0.8776068713280042
-1.196355783246316,-0.8752571107767537
-1.1915720284462183,-0.8735126483362198
-1.1867019905246452,-0.8718672850984495
-1.1819116667446514,-0.8702997770262982
-1.1772030920223948,-0.869141382089982
-1.1724739863286562,-0.8680967763070431
-1.168005190587061,-0.8673081859812309
-1.1637427673554641,-0.8669425518052147
-1.159361141456955,-0.8668547253702517
-1.1551575308789523,-0.8669413486627012
-1.151153571200713,-0.867403423868438
-1.1470775291191817,-0.8680040898649913
-1.1431390304080074,-0.8687390038284641
-1.139392432593168,-0.8697597312583104
-1.1357124610370268,-0.871098421019682
-1.1321758847039132,-0.8725977518823966
-1.1293887832134222,-0.8748466580700396
-1.1265044678092944,-0.8771849927712226
-1.1229821085511138,-0.8803286645005907
-1.1199209284059022,-0.8839360950393137
-1.1172150481785803,-0.8879770806396787
-1.1148993302693804,-0.8924071497566157
-1.112966411695774,-0.8969309033553629
-1.1113992484085293,-0.9019222984941995
-1.1097376183571206,-0.9079293063033089
-1.1080259165762176,-0.9141328179553261
-1.1070114258462411,-0.9210279134767326
-1.1067443758878104,-0.9284280303535357
-1.1064112788316718,-0.9361950818906102
-1.1069348425383627,-0.9442023564630274
-1.1080623588037821,-0.9528155061832763
-1.1091901705693714,-0.9619199207585385
-1.1114835678067059,-0.9714271203875511
-1.1146122154592337,-0.9817726422854383
-1.1178807156917356,-0.9924080221165521
-1.1224533066014033,-1.0036890128665015
-1.1278278984465175,-1.0157745583907642
-1.1334698980069484,-1.0280385465214212
-1.1404753332309463,-1.0409452300603992
-1.1480784805931397,-1.0544512021849581
-1.1559669630246627,-1.0680479299937098
-1.1652496396601872,-1.0822080194210872
-1.1737303698154706,-1.0969630079757422
-1.1830753465389323,-1.1125844483418084
-1.1926612529086706,-1.127986003286446
-1.202994390283843,-1.1441319538746368
-1.2141233217697334,-1.1610754490886421
-1.2255422478128497,-1.177718847630079
-1.2379656300590238,-1.1948977398772918
-1.2506552548070278,-1.2123435998296257
-1.2636296240042548,-1.229775201169731
-1.2775589039985675,-1.2475632442209168
-1.2917164421718665,-1.2655803231093918
-1.3059265000394977,-1.2836622882492936
-1.3204570080198763,-1.3017441055819508
-1.3350925397003082,-1.3199315209970726
-1.349230601366988,-1.3383930041088752
-1.363396037791189,-1.3566713588466186
-1.3770806472970183,-1.3752180502376634
-1.39074613785161,-1.3937457583206334
-1.4043035835988005,-1.4119937251037888
-1.4177440535471986,-1.4302771853953662
-1.430929493442024,-1.4483057042251652
-1.4441336951524915,-1.466261092217657
-1.457193737745296,-1.4839670084054166
-1.4689924126578568,-1.5030450249459975
-1.4800937798884162,-1.52142677827267
-1.491107281094489,-1.5396860893671709
-1.5027728514987326,-1.5571989269845312
-1.514055273469988,-1.5743299642589634
-1.524490943019114,-1.5908502251590182
-1.534718587306759,-1.6070875952960626
-1.5445028979005466,-1.623169458438187
-1.55364314174889,-1.6386054336831726
-1.5624357454905933,-1.6535493624252453
-1.5710027429120483,-1.6680217052529869
-1.578707375096316,-1.6816287003959451
-1.5858458030571634,-1.6945995622253218
-1.592722405733784,-1.7068791388857374
-1.5985713406673325,-1.7181269469759333
-1.6037606585965176,-1.7285424242282978
-1.6086335804307679,-1.7381534240973295
-1.612163374668998,-1.7464151365379432
-1.6146861444414176,-1.7537674419132157
-1.6168321325953903,-1.7605941245739924
-1.6173656096663358,-1.765799895630173
-1.616743174912837,-1.7703169983867424
-1.6157022674370627,-1.7745049302197453
-1.6131263724089726,-1.7771489340030715
-1.6095539301997228,-1.7791875176863041
-1.604389519582489,-1.7824322347435788
-1.5978268978772223,-1.784270622969714
-1.591525754694016,-1.7850822054821343
-1.5841650582952334,-1.7848764902406964
-1.576601995831976,-1.7843361090217318
-1.5677855464042056,-1.7826736831218932
-1.5580211434802542,-1.7801470687161425
-1.5480286365358638,-1.77759321816814
-1.5371431735116903,-1.7741418129817297
-1.525720426727492,-1.770348786204886
-1.5140713369220926,-1.7666280172651168
-1.5017344130196086,-1.7622143260647094
-1.4891107694404162,-1.7576131183826489
-1.4763732116984614,-1.7528856894828468
-1.4634620197974288,-1.7479840644073632
-1.4503018206482186,-1.7430186171534596
-1.4375198737103123,-1.7376639492787218
-1.424916178996423,-1.7324941800191482
-1.4125827775250326,-1.727085393803821
-1.3997189364232063,-1.7221199613240188
-1.3871207015264349,-1.7174256127607759
-1.374797204556357,-1.7128532394078864
-1.362414104284859,-1.7086277892299966
-1.350196741187435,-1.7045722766228104
-1.3382184210049741,-1.7008575850545657
-1.3273469669780726,-1.6958438834516134
-1.3169792251256727,-1.6913340082594586
-1.3069359381360923,-1.687146951223693
-1.2968592161753032,-1.6829884662891337
-1.287274968617823,-1.6793233312893605
-1.2782499021030735,-1.6762184456572848
-1.2691710447062026,-1.6731602061491446
-1.2605706599093838,-1.6705784110778579
-1.252355314046419,-1.6683823832171931
-1.2440149784996053,-1.666296132227294
-1.236202430445809,-1.6647337343965978
-1.2288735640643198,-1.6636568404222458
-1.2213609726482777,-1.6627419944531425
-1.2144616933012191,-1.6624324216185213
-1.208264997609759,-1.6628293656277486
-1.201768361533558,-1.6634914649144834
-1.196042523071556,-1.6649150593123296
-1.1911553614156953,-1.667181282756978
-1.1860468472298737,-1.6697090526063074
-1.1813368167824159,-1.6727590606027123
-1.1776440757485251,-1.676839162330464
-1.1741927253994269,-1.6807057931698024
-1.1714010100261028,-1.6852169322393344
-1.1693638145649545,-1.690498148686283
-1.1674710862472157,-1.6956516985719086
-1.1674509591184465,-1.7000340243892365
-1.1682019264693244,-1.7052035849854748
-1.1692363844980542,-1.7107471721886272
-1.1709748805252476,-1.7169536484535717
-1.1734538393683804,-1.7239033901303014
-1.1762269511750645,-1.7310817422189726
-1.1796086553551683,-1.7387806171250175
-1.1836127021289813,-1.7471153256311305
-1.1878645141876307,-1.7554586244258228
-1.1923673409644326,-1.7638599135519983
-1.1972506590803027,-1.7726500853295188
-1.2021607989199707,-1.781489416279958
-1.2072147380235596,-1.7903747540524177
-1.212352407994334,-1.799345429856187
-1.2173270970810603,-1.8084982668138778
-1.2224471525919232,-1.8176134221542875
-1.2270372432950056,-1.8273948649194653
-1.2312963568843993,-1.8368417760571312
-1.235474734688676,-1.846358473655146
-1.2400656688152252,-1.8553114089440816
-1.2444041475330152,-1.8640050952154952
-1.2484321953315058,-1.872602743966482
-1.2526250020606216,-1.8809617468614168
-1.256659913784501,-1.8891584117965137
-1.2603323620012317,-1.8971198250094472
-1.2640729980315426,-1.9048787760819506
-1.2675630129248892,-1.912264864255345
-1.270745032108059,-1.9193515704556736
-1.2739208640293314,-1.9264430178578364
-1.2768063295109615,-1.933236152704317
-1.2794237607632304,-1.939768861246983
-1.2819376061419034,-1.9463910854261932
-1.2841958459433693,-1.9527504930789716
-1.286264984223726,-1.958960414851029
-1.2884103254064698,-1.965156997785504
-1.2903088767029838,-1.971258437177934
-1.2921313820917952,-1.9772895164462978
-1.2935995536013078,-1.9837671107660249
-1.294901615784089,-1.9901811892819485
-1.2960079668679074,-1.9964055298100571
-1.2974577231664248,-2.0025914469727173
-1.2987806729666687,-2.008718785402204
-1.2999264499854895,-2.0146812821825675
-1.3014852110558814,-2.020476563475227
-1.3031463558231717,-2.026183048119934
-1.3044511032757877,-2.031533132158882
-1.3059566260147542,-2.037074097936629
-1.3071532353046813,-2.0423755785534365
-1.3082639425186617,-2.047588560819166
-1.3097813438666641,-2.053086908031028
-1.3109680387320135,-2.058233938687553
-1.3121462727130428,-2.063372214206289
-1.3139444796265516,-2.0688999653614704
-1.3151850761183397,-2.074151126868447
-1.3164288155477926,-2.079405444752148
-1.3184083569603344,-2.0852992251334226
-1.3198955586602645,-2.0909613910148126
-1.321579871433115,-2.096826581460091
-1.3238928107502113,-2.103527785602208
-1.3260885366485164,-2.110054924472912
-1.3275103009546851,-2.116779775745015
-1.3297810637475116,-2.124356324750998
-1.33250613517534,-2.132370676574577
-1.335617115881579,-2.140115815172872
-1.3398149098235497,-2.1486330320856073
-1.3443976094831542,-2.1575212817622167
-1.3498580347561964,-2.165489417323352
-1.3562319610597515,-2.174401117219746
-1.3632208565577324,-2.1835302604981646
-1.3704594273946054,-2.192525663391348
-1.3783485541149965,-2.2021932614406476
-1.3866950347663183,-2.2120972515492707
-1.3953065224323968,-2.2218675241110883
-1.4046822985678376,-2.232406612372096
-1.4142490134197032,-2.2427849553653227
-1.4241919783705257,-2.253525568381292
-1.4345318777589406,-2.264791767056061
-1.4450660588944628,-2.276057019659639
-1.455852799631747,-2.2874447706523657
-1.4669558662143527,-2.299159419999802
-1.4781329076279723,-2.3108568067953135
-1.4896383554086003,-2.3226578156625597
-1.5014535088839376,-2.3347788633154236
-1.513331294237851,-2.3468505026436146
-1.5248467497635991,-2.359291395484139
-1.5366630953824556,-2.3718691931513107
-1.5485613169132917,-2.3845347199541362
-1.560950554806073,-2.3966243279889397
-1.5735164799293693,-2.4087805255966823
-1.586242381734548,-2.4211041224409424
-1.5987953263201204,-2.4333169828405246
-1.6114052637855947,-2.4455101742327847
-1.6240464311574736,-2.4577355022630725
-1.6365370740704899,-2.469832756577242
-1.649112664757668,-2.482068273615465
-1.6616519636731204,-2.4942661793096277
-1.674059387164032,-2.5062254498373657
-1.686551866981559,-2.5182074149318017
-1.6988502161820824,-2.5299846760222873
-1.7107961266488658,-2.541422925379983
-1.7227285485035233,-2.5528764744724772
-1.7341192424421634,-2.5637703185809144
-1.7446988584931051,-2.573883989109005
-1.7555527535338857,-2.5837747015278003
-1.7655995486092209,-2.592831566879252
-1.7744848191880265,-2.600770974731508
-1.7831947264672146,-2.6089778161900306
-1.7911134764895797,-2.6165038742275195
-1.7973542381129886,-2.6223763936374307
-1.8033963823713781,-2.6284163081143337
-1.809344110028552,-2.6333574746416604
-1.8142422825972535,-2.637228424590642
-1.8184934794200807,-2.6406738134547822
-1.8221348506448445,-2.6441769689647465
-1.8245347591505177,-2.6463983185996645
-1.826619682204246,-2.6481188909495095
-1.8281631547701296,-2.64990656147629
-1.828854966942838,-2.650814963595283
-1.8293674782790392,-2.6511540882525835
-1.8295486500595495,-2.6515499925161086
-1.829169750606333,-2.6513676734886418
-1.8284654378585365,-2.650848468974888
-1.8274889084197938,-2.650457841165837
-1.8257253091149883,-2.649275220625222
-1.8238972994485934,-2.6481453766761978
-1.8217861288951784,-2.6467432061088565
-1.8191370318334805,-2.6447856603521918
-1.816486866499274,-2.6429224944296785
-1.8136079736704298,-2.6408361016521686
-1.8103677353779644,-2.6385025270698463
-1.8071180217199465,-2.6362488052946045
-1.803703484502514,-2.6337605836874
-1.8000257698511355,-2.6310006205975474
-1.7963628435698316,-2.628330951487496
-1.7931088335900138,-2.6251977087545257
-1.7897112971338156,-2.6219313467780077
-1.7862044177562415,-2.6185462978690577
-1.7828354946861922,-2.6150471296642674
-1.7794888207408521,-2.6115792569898755
-1.7760193590464788,-2.607979658034434
-1.7727490239520214,-2.604215181665093
-1.7695872427025012,-2.6005701686949516
-1.766427626819459,-2.5969170757778075
-1.7634659599422406,-2.5930998294443888
-1.7605686673576397,-2.589357108155177
-1.7576829512033139,-2.585625151369167
-1.7549154566806358,-2.581794705661852
-1.7522947374834206,-2.578119265081599
-1.7498073047526075,-2.5745787335958403
-1.7475077753472466,-2.5709034561834345
-1.7453984436140433,-2.5674277529172844
-1.7435672836383782,-2.564232341529785
-1.7421903384442128,-2.56122733287351
-1.741281035063636,-2.557615304990058
-1.7408715523749043,-2.554516067313663
-1.7411813492604504,-2.551681640243442
-1.7418739640375036,-2.5485335795708166
-1.7426930289149116,-2.5453790296371133
-1.7446200711959547,-2.5430311828267853
-1.74677085918393,-2.54059942440556
-1.7494320286737022,-2.5386936316999966
-1.7523834228990736,-2.536898305125142
-1.7555087477561917,-2.5350722622361292
-1.7588901520842792,-2.533492942407785
-1.762682928173085,-2.5321653322491406
-1.7663992583761512,-2.5309620790236855
-1.7703142632044062,-2.529949041987366
-1.774633731243574,-2.52889918802144
-1.778726756591139,-2.5280291546918545
-1.782896271380957,-2.527229588623668
-1.7873066204944708,-2.5263861970363424
-1.7916362018528416,-2.5254882060636077
-1.7961582414341004,-2.524463453166384
-1.8007243555839505,-2.5234865183411284
-1.8054576798722897,-2.5223713405946127
-1.8102098716201969,-2.5212753905128285
-1.8158845265522912,-2.51911122410939
-1.8217356193623817,-2.5167064909601122
-1.8276850351281901,-2.514401833337735
-1.8335227847414064,-2.5118658658887476
-1.8396371442736457,-2.509028181795416
-1.8457506430662802,-2.506267441360546
-1.8517485601502068,-2.5033945836101155
-1.8580110426967533,-2.500199529101604
-1.8643055963323363,-2.4971778241617586
-1.8703809816887509,-2.4939377136776244
-1.8765837520502051,-2.490447335452207
-1.882696895262543,-2.487110834102261
-1.8883981345161458,-2.4833645070447687
-1.8941305785265996,-2.4794690717693224
-1.8994914085808332,-2.4754942604686043
-1.9042996310492175,-2.4709688600528903
-1.908954957534653,-2.466309966250097
-1.913113935550493,-2.4615084096197544
-1.9166855526957376,-2.45610459945759
-1.9201025180228533,-2.450799901237452
-1.9230018068895924,-2.4453183926389914
-1.9251913465671977,-2.4391108548685834
-1.9270066943851722,-2.433043679914913
-1.9283926299786518,-2.426877185871597
-1.9305701167367417,-2.4193269425722876
-1.9321352832353387,-2.4111561515261903
-1.9334146546683713,-2.4032222138373016
-1.9339060797116319,-2.3958043810301612
-1.9338359448255575,-2.387815966648729
-1.93348030604427,-2.3800642772466545
-1.9328510621700805,-2.3720443920509973
-1.931889684160026,-2.363686384425947
-1.9307159969241046,-2.3555047083046157
-1.9293245583741085,-2.3471094667075363
-1.9277801652670767,-2.33855862727815
-1.9262291992858258,-2.3300131359404097
-1.924426429524504,-2.3212203864408254
-1.9225282190257535,-2.3123304857694307
-1.9206720496027192,-2.303410287481722
-1.9186540140408856,-2.294326698145301
-1.9166583253607603,-2.2852653874182187
-1.9145275675901354,-2.2763166111742876
-1.9122784177202294,-2.2672475545476427
-1.9099910134393145,-2.2581422027462907
-1.907587873194871,-2.2491334863303853
-1.905256444097775,-2.24019544406437
-1.9027161041702854,-2.2313694630420535
-1.9002991946586603,-2.222533162349956
-1.8985413836753597,-2.212830504320036
-1.8965830254998204,-2.2029257071140553
-1.8936222954199875,-2.1940057797342822
-1.8904704232066218,-2.185246624296709
-1.8869886432059153,-2.176154039758926
-1.8832511563021683,-2.1668094896624717
-1.8792235202464083,-2.157709495165583
-1.8746715974353367,-2.148079904908242
-1.8698021720868754,-2.1381373103653476
-1.8643634551483668,-2.128675502944428
-1.858479658199504,-2.1187720744756526
-1.8520966343766858,-2.1083614505759223
-1.8452141196953158,-2.098375239478665
-1.837990498812893,-2.0880516012590045
-1.830582708768144,-2.077536754757118
-1.823082532634003,-2.0671041939979995
-1.8153352982007356,-2.0564323849621906
-1.8076847061735255,-2.0458517176341897
-1.8002136329664635,-2.0351229006305345
-1.7926533230513753,-2.02430656463665
-1.7853065433053215,-2.0137063918970717
-1.7782821877660797,-2.002835462753479
-1.7712466626591636,-1.9919541778434346
-1.765227475267365,-1.9809914146079073
-1.7595346924955857,-1.969477966684671
-1.753802096180737,-1.957926009145021
-1.7470694149354318,-1.9475440801491433
-1.7406318753804917,-1.93745982476143
-1.7340926362800253,-1.927006631013451
-1.727714412024629,-1.9167829952385227
-1.7214913547475317,-1.9067157712887122
-1.7150520844498331,-1.8963529309204008
-1.7086834115212244,-1.8863152261780136
-1.7023724808682508,-1.8763357280796127
-1.69593507102899,-1.8661501506177651
-1.6893691052929085,-1.8563762104205375
-1.6828238663237252,-1.8466232348475753
-1.6761552269103195,-1.836909876764516
-1.6694119872238555,-1.8276146407150662
-1.6624783170230335,-1.8181279797013263
-1.6554662373953895,-1.8088064223344542
-1.6482443265084867,-1.7999038915431078
-1.6407736540377893,-1.7907514040601664
-1.6331670672534322,-1.7816668925693393
-1.625444579458178,-1.7729117996465624
-1.6176791415240974,-1.7641125939473672
-1.6098703148832172,-1.7553478229349815
-1.6024488670615673,-1.7461310366953506
-1.5948284661984293,-1.7372210427392387
-1.5869369636000445,-1.7281722524117233
-1.5782354546760091,-1.7202526322040694
-1.5694965654129256,-1.7126837081101833
-1.5611065977025471,-1.7054611985078638
-1.5524510593509029,-1.698139660308495
-1.5438533700415569,-1.6912850729679971
-1.535675460463921,-1.684847012901131
-1.5272930953220527,-1.6782530547405414
-1.519108737857539,-1.6723826737972707
-1.5115070894204978,-1.667090253619246
-1.504030947600773,-1.661465641505828
-1.4966848999875946,-1.6563700437514184
-1.4900471126227153,-1.6519855338330913
-1.4836019553352635,-1.6472516264330683
-1.4773223599467655,-1.642942742439176
-1.4715217727124483,-1.6391150157341623
-1.4656945483916024,-1.635267206545036
-1.4602144878095829,-1.6319830865166058
-1.4550364520066736,-1.6290014109935171
-1.4497931047403867,-1.6262636536150459
-1.4449577992514149,-1.6239257653534886
-1.4404314250472792,-1.6218962486867414
-1.435405887262473,-1.6203911417447043
-1.430910945384915,-1.6194136191817101
-1.4260749296721789,-1.6188708690495888
-1.4212252562808965,-1.6186726651009322
-1.4169268632673586,-1.6190234992447756
-1.412791096307401,-1.6192326801653658
-1.4088237216355237,-1.6196110622511959
-1.4053624102842597,-1.6204939329173644
-1.4020808734295707,-1.6212195291947606
-1.3989375080851,-1.6220851339006928
-1.3962612148460938,-1.6234158862304113
-1.3937737313441556,-1.6243616003072172
-1.3916294122467534,-1.6256528654527598
-1.3895329675807158,-1.626990755906853
-1.3878769578866248,-1.6279416924403562
-1.3864410348532854,-1.6291143784019584
-1.3849142984497151,-1.6301968263034736
-1.3837700265041997,-1.630943187061836
-1.3829148398506244,-1.631981283981598
-1.38195256252926,-1.63290473394256
-1.3813178859550332,-1.6335332354050276
-1.3809103349679839,-1.6345085059575295
-1.3800274560860082,-1.6360832645353278
-1.3795018360119438,-1.6375732972229258
-1.379238951852774,-1.639328816622131
-1.3790473587869783,-1.6410275958713387
-1.3785332731050257,-1.6432397357816753
-1.3785036929991281,-1.6453065764201704
-1.3787652824337375,-1.6476658157396646
-1.3789508935850636,-1.6499238625621069
-1.3793520004128792,-1.6520136313358902
-1.37976478088004,-1.654115150398849
-1.3802871376519978,-1.6564524839834007
-1.3810805759033407,-1.6586570308338768
-1.382018011218354,-1.6610039862629964
-1.383022027595384,-1.6636294264877614
-1.3842778648854457,-1.6659870487969932
-1.3856966491985911,-1.6685057275683646
-1.3870753515612815,-1.6712858467717722
-1.3885621195476405,-1.6737734878093307
-1.3903595184947577,-1.67656790565546
-1.392065903396529,-1.6796263610630513
-1.3939462034947365,-1.682598433356311
-1.396241428380342,-1.6859801503433214
-1.398388625021232,-1.6895381920401684
-1.4000331213117383,-1.6937008162982756
-1.4017167927861516,-1.6979049553633476
-1.4038609468294625,-1.7025613043639534
-1.4058966452968953,-1.7073132915172746
-1.408198165305399,-1.7123376622730409
-1.4114252384652122,-1.717589530615691
-1.4145366768017837,-1.7226128601738775
-1.4180472126470953,-1.7283611212738177
-1.4220907834470966,-1.734635065243761
-1.4260749581964056,-1.7404847221302566
-1.4305094655797461,-1.7470785269195754
-1.435515624764929,-1.7542358767776296
-1.4405059049700037,-1.7609253875459219
-1.4460311891440245,-1.7684241734281314
-1.4521662984594434,-1.7765239313837713
-1.458391569887616,-1.7841603037803753
-1.4649797668604456,-1.7924709223984152
-1.4720626125511584,-1.8012826249945872
-1.4796317113545892,-1.8099011391674908
-1.487444083664585,-1.8190462709053061
-1.4956947006152104,-1.8286354309974755
-1.5042436018996947,-1.8382010994477793
-1.512974298005198,-1.8481721771011055
-1.5220514987845097,-1.8584943692040135
-1.531302544033399,-1.868770566519914
-1.5402709013692848,-1.8793812425330922
-1.5494801855039821,-1.8901118430236015
-1.559511610697346,-1.9005899210085446
-1.569619398330343,-1.9107767209604996
-1.5797233467777576,-1.920955746910494
-1.5900468238143313,-1.9314862656282301
-1.6006151026031195,-1.941680168543235
-1.611021919960353,-1.9518396934388862
-1.6216927320610026,-1.962269454247337
-1.6328149788752269,-1.9723133263735078
-1.6438632769132329,-1.9822840047935093
-1.655148903441198,-1.992499244932902
-1.667007899175721,-2.0022271858570146
-1.6787152287634615,-2.0118038418695616
-1.690632879153809,-2.021596863461104
-1.7030876754216484,-2.0309365781091917
-1.715352605782984,-2.0400892152993926
-1.7275816776723216,-2.0492122003181517
-1.7403162088191562,-2.0579120725772464
-1.7529327103736403,-2.066497088889921
-1.7652701385139826,-2.074807804819345
-1.7781597861621516,-2.0826587614536427
-1.7906933534137155,-2.090155330457889
-1.8037776859048458,-2.0960743574510623
-1.8170469290597298,-2.1016424858764036
-1.8304990851088323,-2.1060649965701503
-1.8434394486708552,-2.1099661923633195
-1.855328340516762,-2.112988383136702
-1.866743954582443,-2.1153264035514585
-1.8770392355489758,-2.117328982644538
-1.8864094169845074,-2.118412961952625
-1.8947427559638703,-2.119203571231875
-1.9022026039782685,-2.119115479309837
-1.9082265210741964,-2.118132837884154
-1.9138014719452194,-2.1170652113671524
-1.9185190423534833,-2.115578128080508
-1.9222192333223074,-2.1130724222800623
-1.9255100785964199,-2.110608977411882
-1.927789070411936,-2.107715114318358
-1.9290523836858195,-2.103804873284777
-1.9297823646052985,-2.0999174854843674
-1.9298815686397515,-2.0958084411558064
-1.9289316724991128,-2.0906424593348354
-1.9282939430804074,-2.0849773324640797
-1.9270227462003038,-2.0786826787974966
-1.9250396715896476,-2.0720456649535404
-1.9226062162597053,-2.0652792859440257
-1.9196864264705011,-2.0580293891291235
-1.9162191253571197,-2.0505593774057447
-1.9122913582630279,-2.042856860441258
-1.9084706301334795,-2.0346440943678266
-1.9041458254378278,-2.0264394161089943
-1.8990949619745379,-2.017505200342373
-1.893695128082125,-2.008596486924149
-1.887859153441127,-1.9998144882701374
-1.8813027949384806,-1.990309149011474
-1.8742899009637208,-1.9809371419326198
-1.867008454914984,-1.9716881483882074
-1.8590178565427473,-1.9617273770815566
-1.8503332529728345,-1.9519471405247724
-1.8415997341811532,-1.9423291346861724
-1.8322571458620749,-1.9320998413087762
-1.822197461143661,-1.9221005492720937
-1.8121290715364173,-1.9122938373250489
-1.8014744078983846,-1.9018984334313407
-1.7902453884938738,-1.8917165668377551
-1.7791095960605368,-1.8818669894654159
-1.767361659915925,-1.8716684259203065
-1.7551311780089633,-1.8616194022738757
-1.7430987140603498,-1.8518359001372704
-1.7308653890653787,-1.841850721235688
-1.7181228024835888,-1.832014106564064
-1.705691433602564,-1.8225296329257366
-1.6921353552789704,-1.8140450518781819
-1.6784418383601691,-1.8056278699989035
-1.6652871688954105,-1.7975648710083052
-1.6524298464449925,-1.7897998679892035
-1.6399418162814636,-1.782233492268342
-1.6281930470297725,-1.77512449777756
-1.6170399427904483,-1.7678187988133989
-1.6062158686151646,-1.760838113190238
-1.5965550097824863,-1.7540240027208474
-1.587098233665314,-1.7474115582216978
-1.578599488828403,-1.741217875353598
-1.57055615835591,-1.7351098268003313
-1.5626339811599739,-1.7286794959437877
-1.555284114736189,-1.7228249124129809
-1.5483511844869786,-1.7169213434035797
-1.5416259280948126,-1.7106405513088385
-1.5354359094861056,-1.7048985377544474
-1.5297468418790159,-1.699159413065408
-1.5241726641663986,-1.6931310439979985
-1.5188840391421148,-1.6876398348484953
-1.5129248856841788,-1.6829647278785902
-1.5073827854709623,-1.6783811275148381
-1.5018353822613941,-1.6734228747153606
-1.4964687315975287,-1.6686466412176517
-1.491390479403294,-1.6639695503946574
-1.486235453775028,-1.658890005801951
-1.4811912441059167,-1.6539220519361746
-1.4763077525503165,-1.6491460583173925
-1.4715294614028214,-1.6439690109611933
-1.466803232567487,-1.638844346324912
-1.462195575720576,-1.633893008879654
-1.4577392144097683,-1.6285357763143828
-1.4533674797038507,-1.6234682564470435
-1.4490626034646241,-1.618466981451216
-1.4449225731219681,-1.6133199211857285
-1.440888102128293,-1.608280545196405
-1.43696458172442,-1.6032667948420152
-1.432965164154162,-1.5979657410286516
-1.4289788559322527,-1.592680578799621
-1.4250240180515379,-1.5874359432024014
-1.4211237682358089,-1.5821550753103117
-1.417322509791315,-1.576975549652306
-1.4136665513269508,-1.571957926214266
-1.4099254415154163,-1.566614056047331
-1.406544440885157,-1.5613663848108448
-1.4032828662420607,-1.5562914505822305
-1.3998976040516151,-1.5510221147042635
-1.396515528323818,-1.5457556101046976
-1.3932261416873277,-1.5407038945570146
-1.389878700624407,-1.535549266145128
-1.3866047198776759,-1.5304672953878335
-1.383388338865236,-1.5255949985737671
-1.3800419592593285,-1.5207718800786043
-1.3768473381066855,-1.516099317407701
-1.3737497415199935,-1.5116165539760864
-1.3704835907800692,-1.5072481891965501
-1.3672781805378393,-1.5029400290251864
-1.3640701936729567,-1.4986633027426675
-1.3605083323521983,-1.4943905344744801
-1.3570164860812588,-1.4901872784094865
-1.3533644291746294,-1.4859683257985696
-1.3493753773133834,-1.4817798483346565
-1.3454836936184795,-1.4776881434171478
-1.3416038542222153,-1.4733992408527388
-1.337371459069566,-1.4692230950782406
-1.333183325481753,-1.4650909474564968
-1.328861011271055,-1.4610122536567975
-1.324175539741322,-1.457067807101605
-1.3195785278567518,-1.4532112552403547
-1.3150025236668164,-1.4493087562860858
-1.3103267247183241,-1.4453058699111507
-1.3055290841722669,-1.4415055434199298
-1.300792667805686,-1.438039022327516
-1.296102460501978,-1.4346188027217968
-1.291421764905311,-1.4313956400232584
-1.2868705670638743,-1.42853727328734
-1.2826512268711359,-1.4260109686706122
-1.278472854461564,-1.423492760050993
-1.2742735582321958,-1.4213088065121118
-1.2706006292804217,-1.4196515517026636
-1.26704942117909,-1.4180601302133173
-1.2635300763771053,-1.416718798675638
-1.2605072745480697,-1.4156696122557377
-1.257787025237927,-1.4149235375210156
-1.2549625314838142,-1.4142710202991284
-1.2525726925150367,-1.4140513441040408
-1.2505088104718745,-1.414242085074713
-1.2487302233247473,-1.4145087046275961
-1.2469891146271423,-1.4151368688580332
-1.2455163063535768,-1.4160212907535346
-1.2443190805105,-1.417072211766769
-1.2432316533305747,-1.4182979684797965
-1.2421840681195286,-1.4195448176461416
-1.2414577934891846,-1.4211147898522416
-1.2407675290783422,-1.4226828771315831
-1.240091063375548,-1.4242098222590571
-1.2396188490132576,-1.4259421234072291
-1.2392609906329983,-1.4277940450457818
-1.238910247629511,-1.429531981146346
-1.2386517448872636,-1.4313624988466347
-1.2385273078038457,-1.4332162348202184
-1.2383950599448528,-1.434911518993758
-1.2383184066546828,-1.4366625496878245
-1.2382018503304257,-1.4383982518155214
-1.2380142159545635,-1.4399718666259167
-1.2377988277704273,-1.4415466486019413
-1.2376720720989092,-1.443208990264265
-1.2374711502213498,-1.4449372230749598
-1.2373461963970644,-1.4467417652524996
-1.2372190467539543,-1.44854384297457
-1.2369147964735738,-1.4505616455006907
-1.2366745525861165,-1.452788649084294
-1.2363063327372845,-1.454887605297064
-1.2357717369851082,-1.457174969225247
-1.2352122963848404,-1.4594393607363776
-1.2346201622293178,-1.4618529150733388
-1.2340167580209864,-1.4640680621063116
-1.2333867034762205,-1.4664944133159676
-1.2326805979185789,-1.4688443828642994
-1.231930028227426,-1.4713099153901583
-1.2311468655272775,-1.4737422181002047
-1.230083623799175,-1.476350060635358
-1.2290882852486316,-1.478752401910608
-1.2281351263050546,-1.4811969608984175
-1.226891709656863,-1.4836959652636963
-1.225833102610019,-1.4861443900213982
-1.2246692803373493,-1.4884885025306072
-1.2232475643102954,-1.4910187052416466
-1.2220653702008035,-1.493434310422647
-1.2198932724261886,-1.4965567381364002
-1.2177460707865804,-1.4997015529397932
-1.2154620672157,-1.5029680993840133
-1.2130245858283921,-1.5060833178283082
-1.2104845287127086,-1.509091472037311
-1.2079182766574919,-1.5121229046210907
-1.2052381907960061,-1.515044054348056
-1.202388868056215,-1.51779265477683
-1.1992263567062724,-1.5208429416643352
-1.1963609276835914,-1.5238676984255421
-1.1934578937260958,-1.5268552597442395
-1.190109482310322,-1.529816153953725
-1.1869245564995625,-1.5328757395115988
-1.1838069267715354,-1.5360012768634927
-1.1803696373740302,-1.5392010999108425
-1.1769550290361979,-1.5424607765681886
-1.1736750262295959,-1.5458523141484761
-1.1701540902863192,-1.5493721418459694
-1.1667560432881212,-1.5530093522334418
-1.1636226627446606,-1.5569058902091755
-1.1602583776609825,-1.5609850447023264
-1.1569456370592202,-1.5652255748359114
-1.1539300744284946,-1.569756737277849
-1.150599940041882,-1.5745260595236532
-1.1462433972277888,-1.580449805540992
-1.1423575488110536,-1.5868339347251128
-1.1386333196030272,-1.593351933702764
-1.134692884857732,-1.6000498928008935
-1.1311522025711431,-1.606966726272061
-1.127862816746615,-1.6141381431862594
-1.1245422280770316,-1.6213929421359468
-1.1217970157319057,-1.6286748048200947
-1.119361559399769,-1.6361263518931328
-1.1169725368838737,-1.6438185451017788
-1.1150633245770754,-1.6518341497106608
-1.1135659589532274,-1.6602628085063935
-1.1120371595440615,-1.6687179113884358
-1.1109964890014665,-1.6776499345086495
-1.1103329579996482,-1.6867278505903713
-1.1097470578217674,-1.6959067843210305
-1.1097153376874027,-1.7052893991822684
-1.1101328908994845,-1.7151301900100318
-1.1108256889334738,-1.7247060647694077
-1.1117804080669484,-1.7345391072139926
-1.1131180183709732,-1.7447633313335853
-1.114790341749441,-1.7546901958151437
-1.1164583282307556,-1.764608567484313
-1.1184491382626764,-1.7748578824447125
-1.1194530597125074,-1.7863182278937744
-1.1204159041578665,-1.7977363303460092
-1.1221972436934708,-1.808233989246704
-1.1239982124407346,-1.818758523500174
-1.1261743392312615,-1.8291830484728102
-1.1282511157941868,-1.8396724504456374
-1.1302682925323706,-1.8501081691829246
-1.132537423981264,-1.8604730021206295
-1.1347176741177645,-1.8707564790298834
-1.136924879434577,-1.8810702990246664
-1.1394697085376275,-1.8913176959747353
-1.1419567042722443,-1.9013779591996707
-1.1444829306931479,-1.9114822792784896
-1.1472989717439979,-1.921457457192249
-1.1501109705045436,-1.931193246414276
-1.1529390723853892,-1.940952536401658
-1.156089111618905,-1.9506389630477674
-1.1593413579024388,-1.960157192320811
-1.1626716972765438,-1.9697512325828377
-1.1664179980962572,-1.9794026725543106
-1.1699983982931028,-1.9889738789209601
-1.1737954458949884,-1.9987543262759673
-1.1781118676258184,-2.0086546808529886
-1.1812663387817155,-2.019648667701136
-1.1840760245556161,-2.030563708203419
-1.1878225104994478,-2.041844106345089
-1.1930336778764887,-2.0523810143224965
-1.1978262663080035,-2.0626442840632433
-1.2032481039350609,-2.073504444854433
-1.2096035473516398,-2.0849306828998295
-1.2158637411147082,-2.0958823107622924
-1.2226875241921007,-2.107363550023697
-1.2305115169775531,-2.1197635362473735
-1.2389950567291756,-2.131929625661887
-1.2481453754380682,-2.144787378339727
-1.2576794397261766,-2.1578232218909905
-1.2673156265233279,-2.1700479825039465
-1.2773064662648008,-2.182641090716512
-1.2875194185715353,-2.1952142168702413
-1.2975075724195098,-2.2073053854587523
-1.3072821695421861,-2.219175851398693
-1.3171738181415473,-2.231134565655176
-1.326335589618334,-2.242978000003611
-1.3348636008220662,-2.254165132209617
-1.3434668223941866,-2.265511107212213
-1.35156796494183,-2.2769566593875084
-1.3589444078580446,-2.287651401969415
-1.3659234081500022,-2.298765391187391
-1.3727407508219418,-2.3097257550249224
-1.3792024919914951,-2.320354907432656
-1.3868244753568948,-2.329475324063312
-1.394213836588851,-2.3383732608335848
-1.4017040255720385,-2.3471875900989705
-1.409043704948289,-2.35584583697023
-1.416085095750909,-2.364218814720186
-1.42338560561196,-2.3723743949591216
-1.4303908130063308,-2.3802389315773094
-1.4374411776736764,-2.387922372250979
-1.444340813013162,-2.395452179152835
-1.451146830768136,-2.4028848778534218
-1.457963488994572,-2.410089304428676
-1.4645523689406519,-2.41719881289796
-1.4709054634729488,-2.4240636010642236
-1.4772870637138178,-2.4307868854432946
-1.4833775622434504,-2.437458396612047
-1.4892543071802755,-2.443908072563841
-1.4950810244714625,-2.45020125825689
-1.5006277701584598,-2.456490559909982
-1.5059959845242037,-2.46261055457392
-1.5112555141871338,-2.468402962249088
-1.516695095540316,-2.4737651673186827
-1.521652174028253,-2.4786606116041163
-1.5264544311825123,-2.4831139791340635
-1.532217763793402,-2.4862543043469554
-1.5380317073357714,-2.489184102170877
-1.5433429207956608,-2.4913946158133107
-1.5481540937156768,-2.4930906875307164
-1.5530388253201994,-2.4947263430742908
-1.5570990197446894,-2.4955649617506404
-1.5604124950285387,-2.4956288820984023
-1.5634947475340724,-2.4958872222989097
-1.5657529602285725,-2.4953477008076046
-1.5670468442416456,-2.4938081233750253
-1.5673448940443426,-2.492210710294034
-1.5666466400605512,-2.489579935041268
-1.5656791686983833,-2.4866910164710756
-1.5640971481665145,-2.484316858483933
-1.5617207377775595,-2.481119099966659
-1.559262233621931,-2.477842657483901
-1.5565494317978628,-2.4747794014344127
-1.5537139645885827,-2.4715889818041274
-1.550817405008122,-2.4683400203240238
-1.5482178230579395,-2.4648415901460283
-1.5458061360498974,-2.4615378956898044
-1.5435387661870705,-2.4578989481372595
-1.5415657659137911,-2.454012389032008
-1.539782176720916,-2.4503262592652373
-1.5383032930893044,-2.446301060737954
-1.536827441972959,-2.4422785897545505
-1.535297891960212,-2.438163417488539
-1.533987630712115,-2.433955269410586
-1.5328227499904397,-2.429886323042721
-1.5314226861348774,-2.425798338372001
-1.5303719819991621,-2.421442052738109
-1.5293312322423336,-2.4170950584986324
-1.5280971084508623,-2.412867646324059
-1.5274310526917663,-2.4085804363884393
-1.5264488053478262,-2.404215505305067
-1.5255174982370396,-2.3998912507765455
-1.524876255928383,-2.395376423968271
-1.5240455230979448,-2.390919697474648
-1.5232577531721854,-2.38649524059248
-1.5228769047249768,-2.382000236461915
-1.5223982412032464,-2.3775811603920345
-1.5219914620154649,-2.373223961671892
-1.52188302561516,-2.368803152976526
-1.521596443062782,-2.364320419685002
-1.5218607094754586,-2.359477784817433
-1.5220256396838943,-2.3545323317818165
-1.522109669410246,-2.349503074079399
-1.522017736873659,-2.344817944485546
-1.521943129788358,-2.3401538468262304
-1.521828848987577,-2.3355230592808005
-1.521613609097798,-2.330782029327429
-1.5214162656550472,-2.3260643371827343
-1.5211903225728076,-2.32137065413435
-1.520904182109111,-2.3166102261862944
-1.520548834925712,-2.311784924367527
-1.520310346281628,-2.3070263199454595
-1.5200514298628316,-2.30224576505853
-1.5196027865433017,-2.29725030616587
-1.5193867930188572,-2.292250714131025
-1.5191177420184319,-2.2871955090658718
-1.5187062234199593,-2.281977182293086
-1.5186149410269205,-2.2766358093790893
-1.5182981366406332,-2.2710705718442763
-1.518323052430586,-2.2652146257940915
-1.5183590266953209,-2.2593779061189947
-1.5183155563659751,-2.253458886626499
-1.519545949892747,-2.246143245867558
-1.5206541935358602,-2.238713829180132
-1.5217402963238558,-2.2312629052920694
-1.5231177057785583,-2.2235634659493297
-1.5244140953227976,-2.215790671110278
-1.5253441536788956,-2.208129788443139
-1.5266250894934508,-2.2001689610074178
-1.5278843887974414,-2.192190716233565
-1.5290022283804843,-2.184183407171928
-1.5304386318151475,-2.1760949717422795
-1.5317313044162688,-2.167868731509198
-1.5328405732384291,-2.159489666045398
-1.5339083094635377,-2.1510679091307545
-1.5351701467270389,-2.1426959520043702
-1.535965029435242,-2.1344750084837742
-1.5368751629373612,-2.12636417189054
-1.5379360434839622,-2.118166068874762
-1.538539360390299,-2.1101330870680313
-1.5393497067533786,-2.1023001636102947
-1.5405367102046308,-2.0943445841403685
-1.5413588602218917,-2.0865063937070283
-1.5421949922725455,-2.078680330425503
-1.5445705834613188,-2.069319741223564
-1.5469775155232883,-2.0599319289584437
-1.5493213034462012,-2.0504788923587016
-1.551719793638111,-2.0410827343829445
-1.5541801639575217,-2.031633096318873
-1.5567812384196573,-2.022321295805149
-1.5589760429568678,-2.0135030949259005
-1.561507847134658,-2.0045540992050572
-1.5640150212355441,-1.9957977577754142
-1.566721439574142,-1.9872372940454752
-1.569727699514906,-1.978506710302487
-1.5727425574220226,-1.969991665927954
-1.576048795538733,-1.9617677183200257
-1.5797234468590347,-1.9533603068334775
-1.5834458703303176,-1.9451967996169355
-1.5876355939536868,-1.9368680698113934
-1.5917299709510422,-1.9284432074598905
-1.595904279491374,-1.9201508329022576
-1.6003817199421304,-1.9116554489295834
-1.6048981367663808,-1.903195669643856
-1.6091706594542383,-1.894731083623594
-1.6136198026943336,-1.886230169592133
-1.6180607824372624,-1.8777184664022475
-1.621980482713049,-1.8691320544597996
-1.6273464183101627,-1.8593449776159021
-1.6326307896812982,-1.8496278904362926
-1.6377686169458006,-1.8397649189520522
-1.6426484695712809,-1.8296411540120547
-1.6465969943823116,-1.8206083928597896
-1.6501572683520358,-1.8111885383513808
-1.6532600767924357,-1.8013063525858324
-1.6562181603009292,-1.7915481146592849
-1.6586838286764936,-1.7812987120685015
-1.6606692215996441,-1.7705648448457894
-1.6624125109000254,-1.7600390140273958
-1.6636764016397607,-1.7490343479530193
-1.6642876837906055,-1.7373733269301026
-1.6645052389094732,-1.7260518823917972
-1.6643886310168827,-1.7143962595717492
-1.663468146076116,-1.7022184824647781
-1.6623572140051166,-1.69042700144752
-1.6606307339604296,-1.6781674637407145
-1.6584158140064014,-1.665418909797259
-1.6556894175023913,-1.652331545364627
-1.652340689638871,-1.6388620684491395
-1.6487207475249832,-1.6252324629876191
-1.646711929981075,-1.609717562029125
-1.6440691507783383,-1.5940790812435541
-1.641151383815631,-1.5781665760771852
-1.6382882809239805,-1.5622883408072352
-1.633707112438853,-1.547736339297477
-1.6284295525638095,-1.5331031482643775
-1.6227153978792361,-1.518033504419049
-1.6168442933281377,-1.5031785826149806
-1.6106043460454593,-1.488445608195705
-1.6037302677498342,-1.4736508853825045
-1.5968248446817013,-1.458825441706236
-1.5893725068710856,-1.4439305287287685
-1.5817063940345124,-1.4292093043010268
-1.5738093594606433,-1.41425661233897
-1.5654383998478796,-1.3995293287954658
-1.5568249505836556,-1.3845605339393414
-1.5480378410387616,-1.3695496293634075
-1.538948431769589,-1.3547938481429005
-1.529682527108058,-1.3398641530903157
-1.5199242060517875,-1.3253757947038824
-1.5103543879321766,-1.3110784570080412
-1.5018908434776792,-1.295313000541215
-1.4931450582244565,-1.2797774696015125
-1.4843616206034556,-1.2646079180257859
-1.4756610848794807,-1.2495233382606847
-1.4668885712451218,-1.2345830030936076
-1.458065051836282,-1.2200148783613651
-1.4495857407783264,-1.2057903669236152
-1.4399360165496495,-1.19300967357757
-1.429897855130464,-1.1805840459197932
-1.4202189009776058,-1.1685210640375738
-1.4109546075173944,-1.1568713050923842
-1.4013119872795978,-1.145568639925779
-1.3923999388579378,-1.135002900530189
-1.384124947087633,-1.1250727335031052
-1.3755669574002667,-1.1154047162257306
-1.3679237025054465,-1.1066577429947941
-1.3610859303170073,-1.098713436658401
-1.3539134580304275,-1.0910775717678647
-1.3476005349460796,-1.0843072583170925
-1.3423381335517928,-1.0785839915565825
-1.3370227940483494,-1.072913920134152
-1.332481616591729,-1.068022533977649
-1.3291012921409904,-1.064287926091815
-1.3257963563603934,-1.0604887037818143
-1.3229758812317578,-1.0573039336068486
-1.3214586176764889,-1.0554186991856611
-1.320322892645307,-1.0540973231478918
-1.320062833395042,-1.0536512381940268
-1.3204972107910267,-1.053789417748661
-1.3190818193517793,-1.055932018318116
-1.318355459587041,-1.0587622587855436
-1.3183299810102194,-1.0622929036288349
-1.3181445691671163,-1.0659665254728015
-1.318653689349065,-1.070334410765541
-1.3198950613360325,-1.0753710386180504
-1.321404930434487,-1.081110431530481
-1.3234415222808038,-1.0870094269758654
-1.3259185252903225,-1.093344859594228
-1.3289025534416579,-1.0997888024679452
-1.3320753917088493,-1.1064219210813984
-1.3358070909259867,-1.1136072580418672
-1.3398443481417932,-1.1205128127957091
-1.3440174131618174,-1.1275543682981073
-1.3484567432585544,-1.1346385997815178
-1.3529954952120535,-1.1418666130057773
-1.3575599848468083,-1.1489889774539757
-1.3620182998834816,-1.1560050211114619
-1.3653231254455098,-1.164333209498837
-1.36858843634997,-1.1723295197464318
-1.371649010398076,-1.1801212918890978
-1.3734271980913286,-1.189323729516754
-1.3750162512062492,-1.1983340155544755
-1.3767541359002402,-1.2070977510998806
-1.3784645719714075,-1.2159482123753678
-1.3800311574554278,-1.2246525551651237
-1.3818456700970847,-1.2331899782123732
-1.3836172655463164,-1.2416464743741615
-1.3852319581480306,-1.2499441275664025
-1.387086162305083,-1.2580370855191865
-1.3888155542905067,-1.2659630506659711
-1.3904402623227972,-1.2737833117665833
-1.3922272500278314,-1.2815492591113675
-1.393798735200873,-1.2892250816358424
-1.3952203862490038,-1.2967496205977473
-1.3967479947193258,-1.3042146289329066
-1.396862043465289,-1.3127993120331725
-1.3969091093644126,-1.3213166488675436
-1.3972473910897392,-1.3297296563229402
-1.3974671150746247,-1.3380248850076764
-1.3973580758591684,-1.3459978526081338
-1.3975402621378463,-1.3538277454334309
-1.3975641106651413,-1.3615000355875744
-1.3972484024278071,-1.3688051702942903
-1.3971227268123847,-1.3758692676958268
-1.3971012841260046,-1.3829150211029866
-1.3963451342837678,-1.38931230829174
-1.3956844859233772,-1.3954608106966424
-1.3946637062533391,-1.4012498610093052
-1.3931805176214889,-1.4068813022301776
-1.3917772539726805,-1.4121931584292757
-1.3900521937350079,-1.4171841894549286
-1.3879246201482875,-1.4219307409573436
-1.3858857205090447,-1.426487006914245
-1.383396654120012,-1.4305946586559022
-1.3805592956776358,-1.4343880912144957
-1.377948673388352,-1.4379765867505983
-1.3749442440904456,-1.4411732019784722
-1.3715516013270503,-1.444084023872385
-1.3682473546982343,-1.4469137795305558
-1.3638890559953945,-1.4505390975647583
-1.3593532032986249,-1.4538087738764751
-1.3546895228273859,-1.4571516741567416
-1.3498775941732513,-1.4603486879776773
-1.3451907569987926,-1.4633412083321506
-1.3404866512646347,-1.4662741246710052
-1.3356494438438293,-1.4690764559161722
-1.3310780959554531,-1.4718559415129777
-1.3275510126775445,-1.4731978596400412
-1.3240126627701148,-1.4745293689498906
-1.32079036338557,-1.4759262720771147
-1.3173834724178273,-1.4769951522059968
-1.3143026938517635,-1.4781601999288068
-1.3111654923827352,-1.479270910875619
-1.3080255253351845,-1.4802643015668135
-1.3050575041033754,-1.481306664194127
-1.3018253993676059,-1.4820874382690723
-1.2985003157168005,-1.4828128137101626
-1.2953470206657118,-1.4835730510276983
-1.2920360224772736,-1.4841776794440233
-1.288675800153075,-1.4847736684612656
-1.2853522032430524,-1.485377359435409
-1.2819412200447868,-1.4858357400952344
-1.2784382484922325,-1.4864637456455045
-1.2748340352145515,-1.4869915544029064
-1.2711380538759485,-1.4875641463351952
-1.2686410630983174,-1.4867775517232573
-1.2658548996304286,-1.4857024608743152
-1.2628856190738968,-1.4846339640623658
-1.2598919145363228,-1.4835415368375926
-1.2567468014647076,-1.4822892307228606
-1.2534105377168416,-1.4810901808213086
-1.2500742330336232,-1.4798913156152564
-1.2466971020126436,-1.4786788760713154
-1.243351992923844,-1.4775103521207151
-1.2400210903129727,-1.476356111703797
-1.2367179829833062,-1.475143935576486
-1.233519354915056,-1.4740033893688034
-1.2304210878774364,-1.4729623456363412
-1.2275236884515186,-1.4718188409784243
-1.2248288816838653,-1.4707444345069616
-1.2222433618248933,-1.469778322598756
-1.219946964859665,-1.468945975530183
-1.2178151690608086,-1.4680788251079304
-1.2158552098253288,-1.4673817782744905
-1.2140827699047452,-1.4668402498955253
-1.2125470297941063,-1.4664450173101011
-1.2111893489068384,-1.4659811339696047
-1.2100136798683592,-1.4657440882287247
-1.20907786831775,-1.465744309731015
-1.20891007629353,-1.4648918378331477
-1.2090976308322097,-1.4645737663572855
-1.2096554415742296,-1.4645718888448311
-1.210660504567921,-1.4650199206465602
-1.2118473636586715,-1.465977080318823
-1.213154172064767,-1.4669022024255296
-1.2151685052307775,-1.4685383329510187
-1.2173919737534342,-1.4706709540828242
-1.2199553322303078,-1.472757534931451
-1.2234234108415263,-1.475753684304008
-1.2270933422585997,-1.4792007732069412
-1.231345595210561,-1.482623586309945
-1.2361920195345146,-1.486877423865488
-1.241500493908635,-1.4915880845116463
-1.2470018240595788,-1.4962472782797784
-1.2529502512657151,-1.5014818192699917
-1.259535008864158,-1.5073455510634104
-1.266201701737551,-1.5132746213644577
-1.2728876831372655,-1.5191650083800805
-1.2801006623168276,-1.5255844217458465
-1.2878554452424964,-1.5325418398083543
-1.2955664286050472,-1.5395380120258086
-1.3036576426604085,-1.5469166984698146
-1.3123621650847102,-1.554519198312715
-1.32118081819371,-1.5621232257521744
-1.3305849811173314,-1.5700293676598662
-1.3404354089871964,-1.5783769636228737
-1.3505548294279996,-1.5867324956397362
-1.3612355995722063,-1.5953749552011696
-1.372246358769175,-1.6043438651127393
-1.383451034909398,-1.613436857069623
-1.395138795870922,-1.622771021210736
-1.4071670702910073,-1.6324420819144692
-1.419298656760867,-1.6420727355673674
-1.4318159574620921,-1.6520810232161791
-1.4445914067130998,-1.662344736106031
-1.4574371538735993,-1.6725808329327538
-1.470540719153545,-1.6831109279361804
-1.4837164574435804,-1.693712321337585
-1.4969913726762265,-1.7041517960406343
-1.5107133676575832,-1.7151738710677948
-1.524308384280046,-1.726092699139437
-1.5380112291378367,-1.736527481033303
-1.5516570635811557,-1.7471051856661752
-1.565402168090774,-1.7577845856512182
-1.579255270044174,-1.7680495024002445
-1.5927319448392745,-1.7780290677412365
-1.606112865193519,-1.788158540236141
-1.6194253796287803,-1.7979607442760164
-1.6323098665357665,-1.8073378292359819
-1.6450466590636166,-1.8163216954366372
-1.6573444019645664,-1.8248484349522158
-1.6689859756916257,-1.832773803823563
-1.6799105158713583,-1.8399766891043492
-1.690516628405127,-1.8468082236566825
-1.7006765239206523,-1.8533482806255248
-1.7098918511996068,-1.8589373027995315
-1.718618485246984,-1.864289336396587
-1.726796639963981,-1.8694834760439918
-1.7336985736693695,-1.8733937196239816
-1.7399598988529867,-1.8772460569530687
-1.745635005992681,-1.881121931432334
-1.7499933271186237,-1.8836738595168399
-1.7536443686467504,-1.8862038927390492
-1.7568941978046866,-1.888580391550865
-1.7595541060528168,-1.8905081302993494
-1.7614026494974575,-1.891624715931209
-1.7630464577088616,-1.8929163621095908
-1.7643866576843508,-1.8941006592138447
-1.7650197125855114,-1.8945741860134966
-1.7651315816595616,-1.8947015850533153
-1.7648750628850551,-1.8944101423370932
-1.7640282217349867,-1.8934335010641077
-1.7624741374915243,-1.8917538279194352
-1.760798933779237,-1.890177685153758
-1.7583612773404413,-1.8878351832989753
-1.7551879863840856,-1.8847614270389177
-1.7517098714987298,-1.881948483776805
-1.7472188843892966,-1.8781200456432392
-1.742216221410795,-1.8740335585774937
-1.736700628120404,-1.86950562251231
-1.7308108432479172,-1.8646323306211656
-1.7240536784579266,-1.8588941390275082
-1.7171045095256725,-1.8533208889807615
-1.7095470869883727,-1.847138670687681
-1.7014255136633358,-1.8403928847494673
-1.6937032537394132,-1.8331676949180038
-1.6853932892749952,-1.825511059450231
-1.6766691253735109,-1.8174402323164223
-1.6675970527850312,-1.809296734425443
-1.657813656345395,-1.8004404458482859
-1.6479027808610787,-1.7914346487492487
-1.6375937544047172,-1.782774242751446
-1.6270513384023084,-1.7738795063571895
-1.6160864907029606,-1.7645622696956054
-1.6048198200510018,-1.755508728290475
-1.593633411976653,-1.746533705497453
-1.58219213873746,-1.7373050545301358
-1.5707735830177916,-1.7280594133239993
-1.5595183703581166,-1.7189751607687287
-1.548297968050501,-1.7099289858365732
-1.5371869857797942,-1.700789744190016
-1.5263848086359122,-1.691956644925095
-1.5156897575227664,-1.6832346373585174
-1.5050220054963386,-1.6744903800783064
-1.4946892367314326,-1.6660778237479315
-1.4846048485962293,-1.6579173674286571
-1.4747884301548253,-1.649523755577596
-1.4654198613379452,-1.6413547281438892
-1.4565310512058274,-1.633668744069602
-1.4478526199018529,-1.6256142652487426
-1.4393888298451876,-1.6178623313548008
-1.4313207307430216,-1.6105088931265041
-1.4235442346654372,-1.602766013607425
-1.415853351722496,-1.5954573476199543
-1.408056492222482,-1.587897625135719
-1.4006276870735324,-1.5807092839288448
-1.3932914737309934,-1.5734394695313454
-1.3859437890698885,-1.5661561277475726
-1.3788790517042206,-1.5592253976997579
-1.3719205233169405,-1.5522286948674235
-1.3651462796269078,-1.545411400336069
-1.3584778663207622,-1.5391010317455593
-1.3520822647760111,-1.5330612340297554
-1.3456350473714564,-1.5268582976309333
-1.3393255235272938,-1.5211307410580543
-1.3333222604851394,-1.5157068956842175
-1.32737819190731,-1.5100400920968284
-1.3219349297601943,-1.505043364889332
-1.3165690603170104,-1.4998737906623567
-1.3115209116460527,-1.4950208220440908
-1.3063562303208864,-1.4902719544911756
-1.3012145258535937,-1.48650929780408
-1.2962232653208763,-1.4826847429828247
-1.2913027255898368,-1.4789277392171432
-1.2864781806901733,-1.475550424504338
-1.2812487417990894,-1.4727438589117923
-1.276174697147241,-1.4699334494068015
-1.2711781668451987,-1.4674593138565863
-1.2664152098915005,-1.4652039409304618
-1.2616014735238417,-1.4628971985366728
-1.256833100125108,-1.4608161928645875
-1.252043851624729,-1.4585631417223675
-1.2470792127981973,-1.4565029566055656
-1.2423123934510574,-1.454638438829773
-1.2373735923250635,-1.4529278744884135
-1.232319962262243,-1.4511010582976471
-1.2274765016857243,-1.4494818918089798
-1.2223717151094213,-1.4480967294478002
-1.2171257464038483,-1.4465684199090725
-1.2120684513561506,-1.4452261318613835
-1.2067429786476545,-1.4441244311653223
-1.2012567419992564,-1.4428594371377867
-1.1959370559339442,-1.441758172436544
-1.1905632394192869,-1.4407067428154412
-1.184640202705821,-1.440344879700291
-1.1784749005768327,-1.4397385422970237
-1.1723108881014885,-1.439132331727002
-1.1656689694206603,-1.4382705564986555
-1.1592384983397195,-1.437361741911642
-1.152660112051298,-1.4363060201432682
-1.1461047531761939,-1.4351826135786874
-1.1398829436023974,-1.4341034370741836
-1.1334870818522194,-1.4328519426471513
-1.1272962122219967,-1.4314561972049469
-1.1213682216430614,-1.4301519318847307
-1.1153045001592723,-1.4287135448376331
-1.1093620606191017,-1.427210135314879
-1.1035878899745577,-1.4259880508131544
-1.0977735225124405,-1.4246597083645622
-1.0920086728783682,-1.4233818179612405
-1.0863271076676808,-1.422442606307259
-1.08087128662293,-1.4214224951578946
-1.0755317223470298,-1.4205197619973606
-1.0702178274902094,-1.4201029726234549
-1.0652705027489868,-1.4197220603795409
-1.0602199074692233,-1.419459179896567
-1.0551749341448784,-1.4197717951541893
-1.050424436076563,-1.420214259469146
-1.0460091851063997,-1.420986354162553
-1.0415539919228287,-1.4220895775062379
-1.037459005170594,-1.4233067763463507
-1.0340766426278296,-1.4242668218215324
-1.0304011769274206,-1.4254186856928859
-1.0271729774099623,-1.4270246764799495
-1.0244261822063083,-1.4288258775646707
-1.0213739223736171,-1.4307987137185967
-1.0187735405172205,-1.4332306349610813
-1.01662537602104,-1.4358532641432675
-1.0143811690184208,-1.438520835631791
-1.0127407020266754,-1.4418023706865462
-1.0115200689954327,-1.4453168505157643
-1.0103797238422874,-1.4489517383243782
-1.0100510504912765,-1.453043655625786
-1.0101209336455523,-1.4575262621235459
-1.010297663633346,-1.461912700954017
-1.0115644443059768,-1.4673901333310226
-1.0126335361969436,-1.473109920239912
-1.0138449344845768,-1.4798930644934019
-1.0155300887233187,-1.4871590105714063
-1.0169683678606003,-1.4947641786667911
-1.0190443201988006,-1.5027079026609071
-1.0216396919801902,-1.5111812102754703
-1.0241148679661591,-1.5199214282494116
-1.0269857413782555,-1.5290470902056403
-1.0308870690952716,-1.5379675057895175
-1.0350705040467927,-1.5473841464278653
-1.0394526043375136,-1.5572401907015407
-1.0446481690480736,-1.56791236699957
-1.0496250036552777,-1.5787781623433117
-1.0552300944150805,-1.5902564669303376
-1.0611534584274558,-1.602058994160671
-1.0667380485692946,-1.6141606217552618
-1.0728285668995643,-1.626754445145412
-1.0788252649104173,-1.6395762591048424
-1.084884047084126,-1.6526265387641241
-1.0908856578838664,-1.6660590110460283
-1.0968579406998935,-1.6794593112139127
-1.1030033601345175,-1.6929156198461508
-1.1090769816723438,-1.7065702417261552
-1.115068050412246,-1.7201378954297961
-1.1212814566335225,-1.733672414692609
-1.125863793920817,-1.7489056942785015
-1.130249158151824,-1.7641168658924367
-1.1346347340888685,-1.7788713738852078
-1.1388302079995123,-1.7934289180616112
-1.1431500594472732,-1.8078473948441387
-1.1475031013252748,-1.821735324470996
-1.1516234716346765,-1.835384180213187
-1.155438969815635,-1.848786958942369
-1.1594732323409838,-1.8620426034577156
-1.1632784927961535,-1.8750614372481895
-1.1667564674131792,-1.887898726111863
-1.1704264675589036,-1.9004453797223835
-1.1738675290809368,-1.912751234659287
-1.1769736762653868,-1.924739181727282
-1.180181991204732,-1.93635457479076
-1.1831670531397702,-1.9475972522293752
-1.1859012818622487,-1.9585967971676133
-1.188542292326274,-1.9693576907544186
-1.1908891199224754,-1.9796738099980022
-1.1929745556563995,-1.98973685345765
-1.195003507123688,-1.9996981844163706
-1.196794229068618,-2.008990910488444
-1.1981788801401836,-2.017891529109498
-1.198414641384118,-2.0281302641287025
-1.1978666891769116,-2.037594030236428
-1.1977730840768288,-2.0466635603856482
-1.197730288520866,-2.054523543724225
-1.1975578069023767,-2.062249929690921
-1.197881693910001,-2.069546138087663
-1.1978343773812448,-2.076486530967264
-1.1975849758025323,-2.0832185889399617
-1.1975998674468107,-2.089722354505958
-1.1974439369170842,-2.0960631389787845
-1.197176079981177,-2.1022889550133117
-1.197057859508312,-2.1083860846090765
-1.1969689927618228,-2.114512391792732
-1.19704520451346,-2.12081096855598
-1.1978180933440983,-2.127449098844257
-1.1990719851963179,-2.1346173067566268
-1.2004355389973043,-2.141868303163094
-1.2022931776986885,-2.1486938255113994
-1.204855434212466,-2.1562731474281356
-1.2076739573928779,-2.16378027360452
-1.2108641980138823,-2.1706902363245626
-1.2148952294194466,-2.178023964312479
-1.2192505184161813,-2.18566983089594
-1.2235325760498958,-2.1931744048739747
-1.227691326424741,-2.200869408408566
-1.2321005059225123,-2.2088262991323204
-1.2367273544996409,-2.21699309052494
-1.2428522797501433,-2.223415985728759
-1.249197754329797,-2.2298859953712835
-1.2557680883130646,-2.2365781206979536
-1.2622964706005315,-2.2433074977748833
-1.2688910438073326,-2.250147794689286
-1.2755505151065507,-2.2570548876023624
-1.2823047918884143,-2.2640527832536765
-1.2891976962365812,-2.271142013861608
-1.2961465736009374,-2.2781404060237764
-1.3031307161576855,-2.285172628566467
-1.3102369030885015,-2.2921899449033076
-1.3173650500117926,-2.299314191819903
-1.3245550714774585,-2.306497685586526
-1.3315738039950311,-2.3134956575883208
-1.338546941644297,-2.3208184841456654
-1.3455448153654161,-2.3283013393128487
-1.3521631551306297,-2.3357202276581637
-1.358984513990916,-2.3433476839399
-1.366002216006348,-2.350702627460273
-1.372838977759757,-2.357874517184047
-1.379812382281175,-2.365183838310582
-1.3864805960404742,-2.3727556986063054
-1.3930574436723653,-2.380230569538725
-1.400947211641106,-2.386337666258845
-1.4088331988378788,-2.3922135959621555
-1.4163177665146718,-2.398095963963397
-1.423659121508135,-2.403841385267725
-1.4309364496070707,-2.4093144933062742
-1.4378714280826421,-2.4147873199245145
-1.4445349029578447,-2.4200005894129384
-1.451267525826012,-2.424870287403526
-1.4577972510567205,-2.4296408735626196
-1.463839354470657,-2.433945205864471
-1.4698693185267322,-2.437625078477717
-1.4756728145296314,-2.4411371082903655
-1.4807640265151734,-2.4439678241301994
-1.4855632390652083,-2.4458871981632124
-1.4895784931261142,-2.4472210747862335
-1.4923146865041967,-2.4472597803067715
-1.4949254948169408,-2.4466812767758968
-1.496906533462473,-2.446038313317341
-1.4973439885257545,-2.443838591741189
-1.4974137158660983,-2.4416841405122827
-1.497178610872026,-2.4397862179182557
-1.4956761816374258,-2.436625690888918
-1.4934769445347535,-2.4327672891881766
-1.4912328690831071,-2.428945981757106
-1.4888924314511316,-2.4244562217677705
-1.4858372911224051,-2.4192247929983615
-1.4823777670670961,-2.4137850974896784
-1.4787737995408625,-2.4080905989557397
-1.4746836736295488,-2.4018916655132427
-1.4702859764572873,-2.3957030941305693
-1.465688622139234,-2.389245329922887
-1.4607152992054846,-2.3823956104317405
-1.4557868721655356,-2.375507141051503
-1.4506308901924976,-2.368400434334164
-1.4449350453984968,-2.3607338833076543
-1.4393065555197755,-2.353009613420319
-1.4334424865114894,-2.34505937113125
-1.4271563439982944,-2.3366715142872083
-1.421157009957736,-2.3280394284322456
-1.4148045167035868,-2.319068457685022
-1.40841834201889,-2.310062356000578
-1.4025328407601771,-2.3006286799205005
-1.3964287995121396,-2.2909848008963216
-1.391264914889316,-2.2806194069053523
-1.3860531812907453,-2.27020623010813
-1.380749358267194,-2.259977450990895
-1.3755233236024371,-2.249831683959198
-1.370213270158084,-2.2396021651261098
-1.3650900854764845,-2.229209933519431
-1.3600933118320018,-2.2189467689509916
-1.3551530372592397,-2.208746679373486
-1.3503055100118222,-2.1985195331524334
-1.3457724977859433,-2.188616331484727
-1.341483435749778,-2.1789464017408138
-1.3372025710170428,-2.16926621282918
-1.3331269456385841,-2.159796824151952
-1.3294417756537453,-2.150701994021257
-1.3256137797196208,-2.1417273040768006
-1.3220032934986565,-2.132976166755884
-1.3187606703843324,-2.124681322344141
-1.315411366489487,-2.116874324386725
-1.3123860073429627,-2.109516707612403
-1.3099264911215722,-2.1027039768659197
-1.3074340376001043,-2.0963019091283774
-1.3061504898045047,-2.088880214515552
-1.3055658099936647,-2.0821327271232883
-1.3050460898349723,-2.075862569896727
-1.3051676154486502,-2.0702322757362523
-1.3059583301746909,-2.065068560712096
-1.307274032717315,-2.060035386157743
-1.3086719624981848,-2.0554991741433586
-1.3109352141603323,-2.051427025854747
-1.3140619643936942,-2.0482448912268043
-1.3175048713332815,-2.0453618924470676
-1.321571448985716,-2.042616687771788
-1.326587602642883,-2.0408492236287046
-1.331966049953594,-2.0392512517886945
-1.3378021710811563,-2.037643249539684
-1.3445151071126404,-2.0369369578076837
-1.3515676396476886,-2.0362503029536545
-1.359252196819475,-2.035465417496058
-1.3676228860840556,-2.0353849355077114
-1.3758717597133843,-2.03526914507639
-1.384620680283769,-2.0350182681416435
-1.3940102080595285,-2.035423685819074
-1.4030465850972662,-2.035754552217605
-1.4124482680035353,-2.0361431921663313
-1.4232372050241913,-2.035442145173449
-1.4333567135141503,-2.0345346963709807
-1.4437965568352158,-2.033774592815536
-1.4540053402782016,-2.0327773624304375
-1.4634853902773757,-2.031625897507698
-1.4728295592647664,-2.030811339170187
-1.480923519249938,-2.0300720067426403
-1.4886845192573612,-2.0290083362986056
-1.4958040280060503,-2.0284960745706417
-1.5023752302655984,-2.0274218936262405
-1.5087346483197048,-2.0261424277086473
-1.5147432290335654,-2.0251640939676707
-1.5204150753072423,-2.0238570244370377
-1.525540468182682,-2.0219927397954582
-1.5305076056451012,-2.020208150009748
-1.5349445108163458,-2.017899648284307
-1.53905456006039,-2.015262910141516
-1.5431232256269334,-2.012661640066125
-1.5468758505158122,-2.0097492243224226
-1.550134734404816,-2.0063430200843313
-1.5532917395962527,-2.003024250639316
-1.5561630414777343,-1.9994229360572842
-1.5585873055921755,-1.995265709698955
-1.5607811885793872,-1.9909098646608128
-1.5634502013869789,-1.9855919409734044
-1.5658040054791114,-1.9799654096756678
-1.5675901007609518,-1.9739270955392947
-1.568303923210234,-1.9691200823207613
-1.5686303430138295,-1.9639326971003364
-1.5683812816272735,-1.9582716553271258
-1.5676469253853724,-1.9524344372582592
-1.5666877749734893,-1.946559318096709
-1.5652302991611218,-1.9401784161934268
-1.5632993043405328,-1.9336401458683734
-1.561199014098777,-1.9273149283450457
-1.5585099926748929,-1.9203926632043522
-1.5552394192587917,-1.9134018793935317
-1.551824308904369,-1.9067433297930605
-1.5478698365091885,-1.8995382148812936
-1.5434306066778,-1.8922712185415889
-1.5387978066609167,-1.8852751079586547
-1.5336265290494153,-1.8777335267354838
-1.5280570927419421,-1.8702257637898911
-1.5221854395921794,-1.863142398412795
-1.5158870818832284,-1.8556268308860653
-1.5095540285599158,-1.8482864189216792
-1.503026935052306,-1.8413833093617624
-1.4963564889447818,-1.8343350104948892
-1.4898424541874893,-1.827699562346249
-1.483240461693301,-1.8212789361352844
-1.4756702721032875,-1.8164362972418402
-1.4686001476503376,-1.8120851258784927
-1.4616325989785373,-1.8079321926981862
-1.455135230638211,-1.8042542839218818
-1.4492623527057604,-1.801063918591169
-1.4436200803641153,-1.7976266903218607
-1.4387772336874023,-1.7946778800403014
-1.4344029363560167,-1.792193203545515
-1.4303676522867435,-1.789188575097268
-1.4270037950428753,-1.7867107209640591
-1.4239410833500274,-1.7845308371357735
-1.4209660775237263,-1.7819870114326513
-1.4182281817342333,-1.7798456906502542
-1.4158753394196661,-1.7780949021516261
-1.4133637341181033,-1.776293928592499
-1.4111709654683235,-1.77494146624586
-1.4089754253754094,-1.773586023794806
-1.406505617899892,-1.7721939651159653
-1.4041861403653781,-1.771160890646125
-1.4018983710296178,-1.770159710342601
-1.3994140905935726,-1.76892291847
-1.3971369088078442,-1.7678974189321146
-1.3950459453235238,-1.7670606511987597
-1.39276344565836,-1.7660083720905613
-1.3898453897351375,-1.7656765958009002
-1.3868567085368946,-1.7652691189320635
-1.384047629645649,-1.7650466317825741
-1.381166629184372,-1.7648872826857456
-1.3782407714202451,-1.7646786031716999
-1.375422213991091,-1.764582567090954
-1.372634418288518,-1.7644599402803611
-1.3697460480434016,-1.7642305984469884
-1.366833352237034,-1.7639822921874186
-1.3639896158522071,-1.7636740140702694
-1.3609090857094897,-1.7631260912153246
-1.3577416932242359,-1.7624959963219016
-1.3546796176261526,-1.7617741117943946
-1.3511843157668517,-1.7606155899563105
-1.3476730378434363,-1.7594433199659105
-1.3441758579862948,-1.7582590940420322
-1.3405670953909934,-1.7569651826106283
-1.3363491742290639,-1.7558272755586457
-1.332203583142893,-1.754626350106677
-1.3279850833674074,-1.7533537412836497
-1.3236601905729535,-1.7519727409150327
-1.319203909545912,-1.7507072005235405
-1.3146148127580002,-1.7493112198007856
-1.3099773076431223,-1.7478657762420895
-1.305232089322302,-1.7463517340885577
-1.3003475103493236,-1.7446982815641554
-1.2954451184717362,-1.7429452681335784
-1.2903902890103434,-1.7411914037382874
-1.2851223290617246,-1.739293546380394
-1.2798990821474643,-1.737441993491585
-1.2742280338766747,-1.7357449147036168
-1.268566318116389,-1.7340566450281127
-1.2628110919727333,-1.7325934707007675
-1.2565591119893122,-1.7313445425254401
-1.2504692665335393,-1.730253602152188
-1.244324049863142,-1.7292590969555024
-1.2377044275932116,-1.72856819507855
-1.2311917676274438,-1.7279807648349772
-1.2246582802595622,-1.7271992336699833
-1.2178697454435317,-1.7266830880602593
-1.2110314284901655,-1.7261169469340072
-1.2037344650966908,-1.726089517885381
-1.196382578723711,-1.726004764041706
-1.1891503180568013,-1.7260952922866273
-1.1818284939233663,-1.7258880268253003
-1.1744343073322077,-1.7256055722599375
-1.1671951331370276,-1.7255986388549944
-1.1597741419205807,-1.7254052950415102
-1.1523166927387944,-1.7251733112721777
-1.1450600304652012,-1.7251518604351173
-1.1376714758456576,-1.7249570320842507
-1.1304234245971463,-1.724853359969098
-1.1231925225861352,-1.724765156523132
-1.116019834162013,-1.7246266042963985
-1.109091124368386,-1.7247323040341345
-1.1021510915417316,-1.7250780219883122
-1.0955728704150767,-1.7255393720915595
-1.0892154767232431,-1.7267890079925228
-1.083162600328359,-1.7283394114935515
-1.0775419864882219,-1.7301318107824906
-1.071938789660407,-1.7322874286980545
-1.0659795408214336,-1.7358854290310581
-1.0604513165559102,-1.7396000713601363
-1.055300330693225,-1.74358563425897
-1.050716226996083,-1.7481481824830665
-1.0466271433608474,-1.752809792548147
-1.0425614332163333,-1.7575562073378157
-1.0396235180670694,-1.7626800992020457
-1.0372078185818683,-1.7680255481683242
-1.0346229841335524,-1.7734944454004236
-1.0324876109864594,-1.7794254392959246
-1.03083802881951,-1.7853817306032436
-1.0291802107928116,-1.7913248463114586
-1.027618113355449,-1.7973659701058122
-1.026352870498589,-1.803405038466678
-1.025173071783744,-1.8094976722025036
-1.0239947696909033,-1.815591188066453
-1.0228747339183613,-1.8215944822628027
-1.0217471774389233,-1.827652848038408
-1.0203870161964652,-1.8334702647184642
-1.0192791841194435,-1.839070157530675
-1.0179951655191393,-1.8448581899919305
-1.0165602438555805,-1.8504894481561547
-1.0155822388678504,-1.8558684079323629
-1.0143276843012905,-1.8614193834123505
-1.0116500877922487,-1.8685226529331458
-1.0092667735622511,-1.875145370844562
-1.0069964482886122,-1.8818770189415397
-1.004807611083054,-1.8887499208546634
-1.0028851983936582,-1.8953741034322007
-1.0011385652996623,-1.9021675007865342
-0.9999466368709274,-1.9083395071037004
-0.9990985523558921,-1.9148681687876663
-0.9983611328061447,-1.9213569426929935
-0.9978446009540758,-1.9280276696986491
-0.9977020224884503,-1.9350810465338102
-0.997741941738475,-1.9421956842573342
-0.9978748006685059,-1.9495749523439285
-0.99834494520478,-1.957293348730441
-0.9989670824242188,-1.9651532467831212
-0.9996533290116989,-1.973246053147402
-1.00056840373772,-1.9816126610172766
-1.0016132578204966,-1.9901077003731493
-1.0026987131371492,-1.998567081230648
-1.0038147401628987,-2.0070549882444504
-1.0051640018608325,-2.015526763457576
-1.0062642425159856,-2.023785532850124
-1.0074581205711481,-2.0315816596932503
-1.0086729038502797,-2.0393999857955243
-1.0086538433478758,-2.0479167161888285
-1.0088379054558114,-2.0562572121847476
-1.0098573058423461,-2.0635971026526447
-1.0108342712855851,-2.0709174437611586
-1.0116748473290145,-2.078357865401857
-1.0125383950413929,-2.085776276298384
-1.0135486484452503,-2.093374659197091
-1.0144446878602777,-2.1010733646517923
-1.0155221151218654,-2.108898503730743
-1.016870205855678,-2.117040870736798
-1.0183278063858534,-2.1250882154553143
-1.020099411404527,-2.133404376231374
-1.0225998385045556,-2.1425059937255417
-1.0253538340662798,-2.1513877506075167
-1.0285252415098558,-2.1606557936735693
-1.0328338365222935,-2.1706067981995085
-1.037608580869319,-2.181028969871111
-1.042576947993413,-2.1912533782369175
-1.0483381561265435,-2.20230651286257
-1.054540954725995,-2.213717567958544
-1.0610818279457523,-2.225154293787476
-1.0681896342048591,-2.2371860923746034
-1.0757651906652674,-2.249309280405163
-1.0830564218816925,-2.261933940926054
-1.0901841731139366,-2.2745561858549244
-1.0981787964934362,-2.287602039249883
-1.1074137119703416,-2.299179347386929
-1.1175167206710788,-2.311619836224947
-1.1273907484182155,-2.3241482661642507
-1.1376423175605135,-2.33698074290982
-1.1480747102929887,-2.350003068355874
-1.1585167656345778,-2.3629818826688536
-1.169160738946069,-2.3761874076386627
-1.1798789637182103,-2.3894710216259933
-1.190873421890604,-2.402710185971525
-1.2020415922447922,-2.4161631428302845
-1.2131472058877786,-2.429557309043209
-1.2243827115621189,-2.442621545219606
-1.2358203123219542,-2.4557144971384837
-1.2470381603286484,-2.468600110878838
-1.2583423438868597,-2.4811406583229205
-1.2697161154793788,-2.493574787651214
-1.2807271615656985,-2.5056665024583045
-1.2919174207170094,-2.517511745586866
-1.3029830757509169,-2.529188853303636
-1.3135862005561303,-2.5411498911332315
-1.3239271562909876,-2.55285332878944
-1.3344742423399925,-2.564388549866832
-1.344636637147879,-2.5755296882613314
-1.3544505325973464,-2.5863270427264493
-1.3651778953819156,-2.596061969169125
-1.3755561595017194,-2.6054730041064857
-1.3855553673874137,-2.614525980410201
-1.3953774858442873,-2.623295234177542
-1.4050034757748806,-2.6317113211743894
-1.4140260563701341,-2.6395573613645027
-1.422756070585775,-2.646810555815382
-1.4314485321194343,-2.6537383984760323
-1.4392311227711188,-2.659806447253646
-1.4465763891377628,-2.6650104925203704
-1.4538205063668121,-2.6700195146273473
-1.4602132761098199,-2.6742236337390732
-1.4658853943705432,-2.6771540115512913
-1.4711557602446568,-2.6801549964935374
-1.475657604555811,-2.6824291088357572
-1.4791588244238518,-2.683601388652973
-1.4818923503055637,-2.6840474144425928
-1.4841930906274594,-2.684442296135836
-1.4859696125664394,-2.68378969239757
-1.4870507142154021,-2.6831092317897065
-1.487730899683898,-2.6823621154951476
-1.4876878099993236,-2.680856771343847
-1.4876310187681672,-2.678886231386128
-1.4877735212001977,-2.6763376946075543
-1.4878273302116578,-2.6735353807659785
-1.487408907651723,-2.6699714459358033
-1.4870098658638085,-2.666138235467687
-1.4856475097068857,-2.661341539490137
-1.4846202263410575,-2.656263609738876
-1.483071357800839,-2.6506904726990945
-1.4811446713382153,-2.644720496841217
-1.4793888773474089,-2.638605301066338
-1.4771664571570229,-2.632046419241389
-1.4746492750427411,-2.6251775618288775
-1.4721153772947082,-2.6180780303198157
-1.4691005397923869,-2.610501918674009
-1.4658124698611497,-2.602639026233133
-1.4626712302433638,-2.594649190405538
-1.4590302578115992,-2.5861730702913603
-1.455401577840246,-2.577204052219832
-1.451174862155172,-2.5680817607926727
-1.447279690500737,-2.5587276668254906
-1.443279903949663,-2.5492448964318037
-1.4402034479390466,-2.5385875597382848
-1.4369904591484777,-2.5278121451301243
-1.4342642938421406,-2.5165077461214445
-1.4314569475558654,-2.505100961884792
-1.4281353156719057,-2.4935392849650673
-1.4253345784789837,-2.482100386818264
-1.4224196727338834,-2.470521106902354
-1.4190447602918759,-2.4585453167629296
-1.4161399762429818,-2.4467931783855197
-1.4128861806365822,-2.434666172245333
-1.4092079171808856,-2.4222252293948423
-1.4058907657356436,-2.4099980755361683
-1.4021697596214735,-2.397338918760417
-1.3979123194920144,-2.3844393167935216
-1.3938487225516454,-2.371732246567378
-1.3896190934451342,-2.358863306699657
-1.3846799678180424,-2.345662289233434
-1.3800138243275835,-2.332508187263884
-1.375107041387738,-2.319120816850698
-1.3694289071447572,-2.305451591741843
-1.363978967195843,-2.2918508219660736
-1.358334999769701,-2.2780614723777997
-1.352012542149409,-2.2641465457157794
-1.3461033901443886,-2.250415478829469
-1.3416842999248535,-2.2343547948135667
-1.3365913240337994,-2.2180960637528617
-1.3319647318566326,-2.2013447333461813
-1.3270822709367636,-2.1843462910520848
-1.3218287589932491,-2.1669627857086677
-1.316015194869478,-2.1494440628803795
-1.3098618590551856,-2.131561825613024
-1.3035237836590503,-2.113572956391949
-1.2965246578303646,-2.095198583941175
-1.2893638486732204,-2.076667905007546
-1.2824665663096875,-2.058309233209968
-1.2750416189785492,-2.0397158363158874
-1.267510439438125,-2.0210195362589256
-1.260267896541765,-2.0024533541425154
-1.2525003222240607,-1.9837275770489113
-1.2447479869739284,-1.9650163860432655
-1.2371487516514361,-1.9464355325555764
-1.2289946365181863,-1.9278376438355838
-1.2209472834177226,-1.909343427957264
-1.2131583194492073,-1.891126468580659
-1.2047322368893378,-1.873007560896408
-1.1982173908027587,-1.8531328837032477
-1.1917267514167773,-1.8338701041450507
-1.1853759762616298,-1.8147338007019715
-1.1785424614219897,-1.7956942036704253
-1.1719752047603147,-1.7769639472505279
-1.1640442929767811,-1.7593738131492214
-1.156288334726452,-1.741955804427886
-1.148410746209556,-1.7246499483896955
-1.1408018760847962,-1.7076197421693906
-1.1334826030704026,-1.6908716689007053
-1.125934166733271,-1.6743317878511017
-1.1186990857569243,-1.6581145508015935
-1.1119849099361225,-1.6424113408102294
-1.1051195384833603,-1.6268478307943723
-1.0986554195926383,-1.6116979086398977
-1.0926751298255897,-1.5970273798344465
-1.0867103916387222,-1.5823478321871525
-1.0812767711410034,-1.5682107537553458
-1.0762773693587306,-1.5545022491621996
-1.071432714380181,-1.540659701251618
-1.066971779712863,-1.52719501613574
-1.0630410903118765,-1.5142725969169029
-1.0589746813742265,-1.5014752406584522
-1.0554121740973939,-1.4891740169127001
-1.0535437007521236,-1.4760284102000498
-1.051752872012293,-1.4630315040437307
-1.0504272167876327,-1.4504951878956045
-1.0495540991775265,-1.4382544846388265
-1.0486675669181427,-1.426222637982315
-1.0464594166276042,-1.4166560868276963
-1.0447042399019024,-1.4074539252836042
-1.0428225745117092,-1.3984402673887866
-1.04145197219964,-1.389931110160419
-1.040545907590449,-1.381971975632165
-1.0399655855685523,-1.3743952372175827
-1.0398751334681762,-1.3673166204858258
-1.0400892077626367,-1.3605839114933882
-1.0407851632941376,-1.3543407734146766
-1.041784521398411,-1.3483981517374743
-1.0427426083756244,-1.342493839919771
-1.0441072408351415,-1.337002379506018
-1.0456886548424638,-1.3317261593962144
-1.0471886917645385,-1.3265242080700237
-1.0490884688935629,-1.3217278092156621
-1.0512629073152302,-1.3172039638744542
-1.0532460216516608,-1.3128535075370897
-1.0556453979584315,-1.3089221670662115
-1.058796248819996,-1.3045506577147497
-1.0617420328570244,-1.300364900288458
-1.0652098820347802,-1.2967025506158523
-1.0671092544589258,-1.2950785779716543
-1.0688163847104752,-1.2936283474666943
-1.0710601321669069,-1.2927143042486615
-1.0734009209562052,-1.2918953825960764
-1.0755149063891536,-1.2912811540585083
-1.078049838271868,-1.2910878980351241
-1.0806425532414177,-1.2909514860366595
-1.0829999064301852,-1.2910271659028223
-1.0856208451546432,-1.2913646087446498
-1.0882519057697277,-1.2917129203159583
-1.0906899643343664,-1.2922347502052127
-1.0934392220441695,-1.2930655794088972
-1.0960370899260095,-1.2937444424445308
-1.0983987179888246,-1.2946355278835446
-1.101081370485239,-1.2958453703132042
-1.103651460249719,-1.2969423483066278
-1.1060921888682638,-1.298154684750845
-1.108719818496561,-1.2995528236103804
-1.1115107460722535,-1.301116050857085
-1.1141294599564466,-1.3028328980959145
-1.1171616738807977,-1.3049601511564677
-1.1199632676351494,-1.3072477951655963
-1.1231171777759636,-1.309863244439371
-1.12670206413119,-1.3129195623280931
-1.1296434980847914,-1.3178554545098913
-1.1329269532044226,-1.3232261302908879
-1.136298210471068,-1.328488258572644
-1.1403153536934751,-1.3345677642769227
-1.1446013250862377,-1.3409114182004764
-1.1492810514317098,-1.3469679035987505
-1.1547473012827312,-1.3539130220732998
-1.1601854099470779,-1.360829211380193
-1.1662825737724036,-1.367109608493799
-1.1730781804807189,-1.3740173176186954
-1.1796558655059546,-1.380708753813327
-1.1866394508481748,-1.3870421405548157
-1.193630830193024,-1.3932800966883145
-1.2006269869013066,-1.3995396162011833
-1.2075146788683506,-1.4056916817885179
-1.2142046701464535,-1.4116645424007346
-1.2207199972251517,-1.4177010666647658
-1.227010452476481,-1.423514740717311
-1.2331799830189663,-1.429217248568474
-1.2394133235531464,-1.434708433213669
-1.2455877348099722,-1.4401859756300208
-1.2515173951911285,-1.4450874694602371
-1.2572232880353909,-1.4497655598407289
-1.2625812724805734,-1.4548824641576557
-1.2677561972079616,-1.4594214874037676
-1.2727195182082665,-1.4634807309370512
-1.2774993360695084,-1.4673588390597276
-1.28252743325941,-1.4710175834990553
-1.2871179822108902,-1.4742400675435239
-1.2915550049937161,-1.4773113673237264
-1.2961290558938423,-1.4802625824505675
-1.300207721390401,-1.4827179538227904
-1.30423373778892,-1.485121607885233
-1.3084304120665462,-1.487375349368362
-1.3122133655316757,-1.489216177792108
-1.31591147785069,-1.4909727701776947
-1.319749762082869,-1.492606559801167
-1.3232081220316105,-1.4938615145308285
-1.3266701022546943,-1.4951204064909014
-1.3302781213186359,-1.4962513526943682
-1.333487220307664,-1.4969837583737833
-1.336650894654213,-1.4976702624243403
-1.339862404180073,-1.498312101143631
-1.3427881095683214,-1.498804107210119
-1.3452864049132245,-1.498865112363935
-1.347775240699243,-1.4988872756103409
-1.3496630286475564,-1.4987279457184672
-1.3514579180067117,-1.4980822874150577
-1.352834760027478,-1.4970162708695032
-1.35350450253576,-1.4957162368263541
-1.3533807340587458,-1.493617554245752
-1.3527617640869416,-1.4910262270076382
-1.351873944785381,-1.4886720296353
-1.350033295348334,-1.48535960288394
-1.3475334691081373,-1.4819380896834107
-1.3446063525046537,-1.4787727707996927
-1.3405735700129784,-1.4744957790524542
-1.3362953680258203,-1.4704147275646016
-1.33132754625134,-1.4669459828180749
-1.3253751424054974,-1.462487286089275
-1.3193768806142854,-1.4584454249109178
-1.3129495210247317,-1.4547425857746545
-1.3062897395633688,-1.4508036582420425
-1.2993440711748772,-1.4471204367119015
-1.2925342213907938,-1.4435715530650859
-1.2857433077937108,-1.4400411112373122
-1.2782971535086816,-1.4372774372672348
-1.2709525666339296,-1.434980669918878
-1.2636883657945022,-1.4327646176224067
-1.256153344515217,-1.4305519176790087
-1.2484646831649917,-1.4284727659859129
-1.2411254193102497,-1.4267391503917553
-1.2337329950481717,-1.4249508186267184
-1.2258772900257402,-1.4235778584703405
-1.2183841983423604,-1.42256262376395
-1.2107519963443663,-1.4216771597995062
-1.2031700894538817,-1.4212055547600317
-1.1955321599998245,-1.420695422316926
-1.188039428574192,-1.4203295379359844
-1.1807225729148305,-1.4202599198020533
-1.1734849020324232,-1.420062391631272
-1.1665308167854487,-1.4201490511190429
-1.1596704287504278,-1.420363892438191
-1.152825166422721,-1.420509546236791
-1.146197661169093,-1.4208732099009784
-1.1395766701837062,-1.421400403401166
-1.1331605579997643,-1.422008335709701
-1.1268047974226767,-1.422675827081671
-1.1203029135720286,-1.423610584902033
-1.113566579563338,-1.4248312522051956
-1.1070628981450934,-1.4262854591447605
-1.1005723875640638,-1.427956094183115
-1.0944843228026555,-1.4300591012617578
-1.0882077779994164,-1.4323321462331005
-1.0823637161731046,-1.4350349907830022
-1.0764800521615452,-1.4382459492030373
-1.0710083315963237,-1.441448468421572
-1.0657949483388665,-1.4453660380341442
-1.060841997200577,-1.4495371350425053
-1.0559497405033864,-1.4536538198795959
-1.0515583122020058,-1.458277058016362
-1.0473524763543982,-1.463080288439839
-1.0432800936016082,-1.467763453688152
-1.039583393083316,-1.472826039833176
-1.0363043194439807,-1.4777600166119425
-1.0330519737293942,-1.4827916749743124
-1.0302304597006218,-1.488260391665774
-1.0277876488522826,-1.4936675482851136
-1.0253275877343782,-1.4990884135328868
-1.0234029013379438,-1.5050537526418164
-1.0211262164254744,-1.5114623508315863
-1.0190546823088806,-1.5180710069517038
-1.0172774645765628,-1.5249413775313652
-1.0159811753409946,-1.531745087878767
-1.0148759138051582,-1.5387352345912184
-1.013918087869385,-1.5459143947903244
-1.013964426778931,-1.5524357881098896
-1.0145578163922704,-1.5591321677347063
-1.0149796283463486,-1.5660493783747433
-1.0156457526445049,-1.5732157374543732
-1.0168690622564847,-1.580600538352625
-1.0179334977293062,-1.5882675152338683
-1.0192991420892912,-1.5962418877749693
-1.021240033170585,-1.604305994635047
-1.0231492859643476,-1.6124637525776186
-1.025378438714903,-1.6209483771738091
-1.0280779344137583,-1.6295322458370665
-1.0307573895901612,-1.638222969554479
-1.033487276583041,-1.646964660053424
-1.0364391354699387,-1.6557997279127037
-1.039229152247191,-1.6648360170084249
-1.0419868223275388,-1.6738315955957617
-1.0445075800504877,-1.6830358276187096
-1.0454797936093598,-1.694039182511651
-1.0464485709271791,-1.7050339523397418
-1.047295258266557,-1.7157405282619511
-1.047817462990165,-1.7264723715881065
-1.0483256205492617,-1.7371895185755974
-1.048943594263283,-1.7476011727208218
-1.0499449946381096,-1.7575902959548921
-1.0507254865418894,-1.7673577647027536
-1.0514891915824367,-1.7769033412251631
-1.051940219728134,-1.7859429283886057
-1.052451603604642,-1.7945592870418388
-1.0526935814718223,-1.8029112509353973
-1.0531827178672253,-1.8106225377407803
-1.0532939599051712,-1.8179685705598732
-1.0534027685853908,-1.8248582590655322
-1.0535331914119306,-1.8313923740461038
-1.0537002022792006,-1.8376055725741263
-1.0536113335649178,-1.8435550444006998
-1.0534986705051201,-1.8491730550078602
-1.0532467374674308,-1.8546032778610642
-1.0527903303328954,-1.8598228232217275
-1.0522578506045488,-1.8648681104723235
-1.051747735054842,-1.8698636139671538
-1.051052232307111,-1.8746680362421602
-1.050177896707331,-1.8793570869256246
-1.0483375225167237,-1.8852435251286292
-1.0461908115955467,-1.8908144854840307
-1.0445019145694785,-1.895834516867264
-1.0426623705765474,-1.9007102622915744
-1.0406825097118955,-1.905479411878681
-1.0384260541150059,-1.9101279300446854
-1.0358629134921218,-1.914482239095424
-1.033247028042756,-1.9187439571878395
-1.0302942413258558,-1.922571063698548
-1.0269485290407943,-1.926018722875884
-1.023794837894535,-1.9289981428141973
-1.0205272441955293,-1.931716411653682
-1.0167644271980663,-1.9339607040073805
-1.0133351022250925,-1.935932047051767
-1.0095699717936975,-1.9375685652007943
-1.0056111655117852,-1.9387792580033978
-1.00185138875822,-1.9400694790789577
-0.9977858930286729,-1.9409377131213281
-0.9934822134291985,-1.941501251300498
-0.9893790661744988,-1.9421440063004771
-0.985242977176022,-1.942751956752815
-0.9810483726555822,-1.9431208160130455
-0.9771855682949822,-1.943465885499263
-0.9734120446134136,-1.943909444112484
-0.9700481966618293,-1.9439909815337233
-0.9683897449290043,-1.9424015712254514
-0.9667071124050121,-1.9407890246438355
-0.9652781105293876,-1.9394041835361087
-0.9641535794076009,-1.9379752570805304
-0.9630623000435686,-1.9365780248332183
-0.9620854182583886,-1.9352869559359849
-0.9611026293589606,-1.9340691803352137
-0.9602990147591043,-1.933022749641393
-0.9594899131784334,-1.9320928892666844
-0.9585410056260493,-1.9312128845322238
-0.9579019632939125,-1.9306293828384367
-0.9571416109131327,-1.9302562051109537
-0.9561847218757455,-1.9300259698100732
-0.9556454072957542,-1.9301954420067484
-0.9549865536780032,-1.9305064092255693
-0.9540747823459291,-1.9309467115503363
-0.9535506428287771,-1.9317580916598034
-0.9530107511569911,-1.9325623638305456
-0.9521221958323639,-1.9336742054836136
-0.951422524276365,-1.934968538568821
-0.9509863639813538,-1.9365181521585568
-0.9503812535058794,-1.9382168804288185
-0.9498781132568559,-1.9400205152491432
-0.9495984468023897,-1.9420386621684245
-0.949303433555699,-1.9440704814905094
-0.9503482656829364,-1.9452230690103516
-0.9513645170663353,-1.94656149197733
-0.9528505064301156,-1.948101891642787
-0.9544261844588532,-1.9497383009311684
-0.9561979442433169,-1.9514334959391386
-0.9585553697664108,-1.9535298043676945
-0.9612931675397137,-1.9560140210911756
-0.9640671129309679,-1.9586061582753336
-0.9675631409037385,-1.9619838553795896
-0.9716701190241872,-1.965997353524097
-0.9759055927806826,-1.970198292382925
-0.980701912383734,-1.9750786390434154
-0.986388765905344,-1.980876244185729
-0.9923338972626418,-1.9864252843407861
-0.9986858592837353,-1.992363198125156
-1.004574096137173,-1.9987916203137435
-1.0110749969690624,-2.005857545988522
-1.0182246719321835,-2.01257051412367
-1.025252126581646,-2.019244697520717
-1.0325922936576222,-2.0262442514312604
-1.0402092030262695,-2.032952465399005
-1.0477498856792586,-2.0397726520306345
-1.0551185975799124,-2.0464138695468153
-1.0623114401914515,-2.053071847593565
-1.069349477903239,-2.0598671699085633
-1.0759694864002063,-2.0662276052812136
-1.0823485849293253,-2.0726923432045132
-1.0886161147870246,-2.07908498014544
-1.0944181351314881,-2.0849933599032147
-1.1001780319178727,-2.0909407768701778
-1.105759101046708,-2.096729408862994
-1.1111433699846651,-2.1023133155351346
-1.1165736332326248,-2.107734578975755
-1.121756867733703,-2.112802707508514
-1.1270971626858621,-2.1177739004870966
-1.1320527717294875,-2.1223774382725122
-1.1373488702663404,-2.126685967370836
-1.1425125668083256,-2.130871356855893
-1.1476738543750862,-2.134581856705652
-1.1531294552318192,-2.138038058138058
-1.1584205000369496,-2.1413335944165124
-1.1634998558328538,-2.1443983643851507
-1.1682567299408704,-2.14713459075536
-1.1730489561953488,-2.1496732301550945
-1.177656003441442,-2.1520189711417728
-1.1820802810012825,-2.15418959038275
-1.1865432925049195,-2.1563277302130914
-1.1908258704318124,-2.1582779380066652
-1.1950051773166976,-2.1601290065989116
-1.199060212972707,-2.162088342392022
-1.202685826863521,-2.163619285401144
-1.2065684180937266,-2.1651893982426973
-1.2100349842845337,-2.1665155476118225
-1.2133224770774393,-2.1676553033539965
-1.2165823280081767,-2.1689074723499173
-1.2193049484656866,-2.1697245976996524
-1.2217693264658955,-2.170273182802068
-1.2242997470511496,-2.17081729994298
-1.2261455356138538,-2.1708711142977255
-1.2277790303406209,-2.1698981789555742
-1.2294141639584721,-2.1691431338730256
-1.2307054567799474,-2.1680583968276923
-1.231098244922349,-2.1662493179032096
-1.2312722963290834,-2.1649037365869988
-1.2313802725503336,-2.1634947246584115
-1.2316121297535996,-2.1618835670234193
-1.2312027981032119,-2.1596070763492436
-1.2303984087045623,-2.158041356919194
-1.2295186620366896,-2.1566849620830943
-1.2282893875225267,-2.1549659845700115
-1.2268789242849685,-2.153631829227674
-1.2254607663792323,-2.152260740669573
-1.224195879987648,-2.1510486534990254
-1.2231115561631511,-2.1498239549510902
-1.22211634013433,-2.1485208748799836
-1.2215464141074783,-2.147659054226988
-1.221426814654709,-2.1468929315348175
-1.2213616345210463,-2.1462477724608724
-1.2220805163086748,-2.1463943643271923
-1.2228800382320084,-2.146471223769318
-1.224224117988472,-2.1470701504176466
-1.226099170928143,-2.1482199710226095
-1.2280307744475165,-2.1493206695002365
-1.2303888046793552,-2.1505837159441556
-1.2329596002529974,-2.152302087941734
-1.2362921608870416,-2.154789093241514
-1.2397281703679153,-2.1571859679700918
-1.2435996796172555,-2.1599985663053247
-1.2477930981029544,-2.163635472511468
-1.2521636747571239,-2.1671187071785747
-1.256995375542156,-2.1710509987577336
-1.2623752102931982,-2.1755812565266024
-1.2684128000384205,-2.180150015527086
-1.2747123993744256,-2.184868071726294
-1.2816491913990153,-2.1902468595680387
-1.288820320323858,-2.195348356285585
-1.2961028052125418,-2.200416076320186
-1.3036734417328126,-2.205782470011469
-1.311203650407415,-2.2109854602773713
-1.3189317710082207,-2.2160654817713117
-1.3266265541902629,-2.221110867432281
-1.334059577178681,-2.2261227714750533
-1.3416308384845106,-2.2311124254746693
-1.34909087265106,-2.2359867803697133
-1.3563884434170945,-2.240913352436561
-1.3637058121429062,-2.245779177628627
-1.3710911478017607,-2.2504969440202385
-1.3783766543493057,-2.2551797213759284
-1.3856157364275323,-2.2596519703277065
-1.3925971033791802,-2.2644583271548333
-1.3994594472462136,-2.2691413238103273
-1.4058884856699005,-2.2734079049502256
-1.4126198983323157,-2.2774179129541117
-1.4190482377766083,-2.281113984090316
-1.4250431607096827,-2.284393253243945
-1.431247850716438,-2.287495244339385
-1.4370739651837336,-2.290205177942815
-1.4424223508016756,-2.2924554183050954
-1.447948400659837,-2.2945558217728803
-1.4526579108628455,-2.2958352581863335
-1.4571711449511715,-2.2970580927825663
-1.4609320256698806,-2.297555945178695
-1.4645326689997937,-2.2979593221047616
-1.467715087174128,-2.297959732157697
-1.4704113159822108,-2.2976281144318684
-1.472815553754723,-2.297309427862228
-1.4746678227908536,-2.2964589997515485
-1.4761171132918178,-2.295120113078485
-1.4773125682220605,-2.29314293775226
-1.4779320731694834,-2.2909360885925607
-1.4776218786520188,-2.2877944685472116
-1.4766074508522764,-2.2839481757916866
-1.475225738786995,-2.2804131677479362
-1.4732106399327682,-2.2764789042693243
-1.4705721657593545,-2.2719437368210014
-1.4672433150787039,-2.267068123993633
-1.4631337499422254,-2.2618978859726506
-1.458387209805934,-2.2561136755970277
-1.4528191347061306,-2.2499881554569945
-1.4463791102767931,-2.2435961645869504
-1.4393517131030928,-2.2366380356643383
-1.431520232409452,-2.2292922328770826
-1.4227581290318456,-2.2216158985686887
-1.4135809891038738,-2.2135394664114227
-1.4037342752866597,-2.2051434175149285
-1.3930508941364728,-2.1964079692467497
-1.382047163526417,-2.1873635152779576
-1.3706976157019362,-2.1782526442838326
-1.3587822483056877,-2.168687066507939
-1.3465364770456631,-2.1588027213803223
-1.3342987093368128,-2.149139877600836
-1.3223262727529987,-2.1392109754843265
-1.309958012550416,-2.1288763364638736
-1.2974546900152897,-2.1184230615112596
-1.2850539191047468,-2.107885612755777
-1.2725238917520671,-2.0972124406390296
-1.2596091260741404,-2.086379563886603
-1.2468084423467776,-2.075520793990029
-1.2338110772693538,-2.0644619405096436
-1.2207095922734907,-2.053497312156096
-1.2075863908146591,-2.042511730249427
-1.1945876937134867,-2.031638723133544
-1.1814334737089371,-2.020905670172012
-1.1684605025728017,-2.010357865042744
-1.1558324752709601,-2.0001477607260405
-1.1433732968643453,-1.9897950676752647
-1.131196219742966,-1.979732341867261
-1.1195538563897152,-1.9702018998803872
-1.1082911155004058,-1.9603430660507122
-1.0976711975439444,-1.9511299072209454
-1.0875436757999652,-1.9422881561064194
-1.0786179112122227,-1.9337754430875584
-1.0698193245114298,-1.9253161985453857
-1.0617427141642426,-1.9175787201504129
-1.054408710746605,-1.9099333651677053
-1.047621600423562,-1.9017109129705123
-1.041325754485043,-1.8939611450382416
-1.035846155945968,-1.8870560476710476
-1.0303830295192602,-1.88018189391907
-1.0257589708981467,-1.8738582919582893
-1.0226204441920224,-1.8684019470192803
-1.019981121860707,-1.8634258724531736
-1.0179098210980693,-1.8579481158871036
-1.0169016850083545,-1.8535695199790672
-1.0162589075297843,-1.8495421543071004
-1.0159783341224435,-1.8451942131614665
-1.0165075627744125,-1.8416826425541843
-1.0174332761172162,-1.838552128604369
-1.0183654601863208,-1.8354154337581634
-1.0197630140110026,-1.8327587152358067
-1.0216684253405077,-1.8305906216828112
-1.0234197875655697,-1.8285585681097893
-1.025500272725005,-1.8268656957986933
-1.0280842266119645,-1.8256576536819078
-1.0306381908292424,-1.8244762862306074
-1.033506179249333,-1.8236184425905504
-1.036816195755212,-1.823186477377981
-1.0401921071026858,-1.8226966710955748
-1.0442656766646845,-1.8224843644416653
-1.048572893949575,-1.8224899538681023
-1.0529223494238233,-1.822458767826673
-1.0571444183397423,-1.8226061665566127
-1.0616651545974358,-1.8230608587295631
-1.0664710923018834,-1.8238377145878282
-1.071339751119166,-1.8246480667388143
-1.0762904172218501,-1.8255423294762507
-1.0814364714419462,-1.8268011809836027
-1.0866361376443008,-1.828185987220957
-1.0920629088904465,-1.8297922745616506
-1.0975056021716059,-1.8313851047995393
-1.1030254673146969,-1.8330522596604335
-1.1085201658931911,-1.8346931699640587
-1.1139707153742806,-1.8363734648902814
-1.1194501069208616,-1.8380813960207123
-1.124804484593285,-1.8396603882636515
-1.1299994401351803,-1.8415126577102392
-1.135146185496934,-1.8433162907005012
-1.1400911764955974,-1.844909269524778
-1.1446104088137368,-1.8468764103413537
-1.1491653301016316,-1.8488759677496311
-1.1532095106393745,-1.8504196049916481
-1.156875403651908,-1.8524675490544256
-1.1603954277573238,-1.8543742448866678
-1.1636960781380719,-1.8557550965578957
-1.166732246098535,-1.8575420583564801
-1.1693839852100376,-1.8597591149408033
-1.1719699255907121,-1.861672018127613
-1.174269647832667,-1.8632907277629571
-1.1763492350138773,-1.8650658288322
-1.1783088106548556,-1.8664017112101026
-1.17945128354121,-1.867568806115262
-1.1803074642629272,-1.8684584305276737
-1.1809970877008644,-1.8694939268743214
-1.1812100419325173,-1.8700394264199407
-1.181175660331537,-1.8703451892414846
-1.1811363542956712,-1.8706552426378775
-1.1805550804249645,-1.870419125357558
-1.17999348982711,-1.8700935895815125
-1.1795238947097395,-1.8693785497016782
-1.1790022486789993,-1.868610018092379
-1.1783500066449297,-1.8676623364642988
-1.177987476281202,-1.866280406698061
-1.1782489962784795,-1.8647505715386934
-1.1782538458136305,-1.862968373946748
-1.1784786073387263,-1.860993358986938
-1.1788226610223518,-1.859147861844705
-1.1790173294869026,-1.8571573438429987
-1.1792711281187285,-1.855114864541052
-1.1792493106837214,-1.853233206402916
-1.1792538959449566,-1.851380044915248
-1.1793123299017056,-1.8494794734329274
-1.1792934153784862,-1.847503680618483
-1.1792794267089886,-1.8454697333736558
-1.1791832069740955,-1.8433083115682247
-1.1789078800651704,-1.8412161524136526
-1.1785730292812997,-1.8390626791564741
-1.1782065277741114,-1.8367013082048123
-1.1776163743277046,-1.8343640644132078
-1.1768772221022232,-1.8318736573507957
-1.1759855676649045,-1.8292630094700644
-1.1748739532993429,-1.8267550301318385
-1.1736696173187768,-1.8241517335370148
-1.1724721639973648,-1.8215302256682564
-1.1710330218037905,-1.8190281858493376
-1.1693726416328942,-1.816299010271827
-1.1677177499438154,-1.8134591314496258
-1.166559341735597,-1.8101215707111917
-1.1652332146330786,-1.8068392769453991
-1.16377854145754,-1.8033747108130511
-1.162254931515106,-1.799845122244211
-1.1606686700762852,-1.7964737649827551
-1.1588465992688022,-1.7928605425294721
-1.157027440917957,-1.789250192939284
-1.1549049908482074,-1.7859070811977018
-1.152516996682083,-1.782291697857356
-1.150067926318459,-1.7786170461306683
-1.1473960037248823,-1.775139196487611
-1.144308066817886,-1.7712420617042353
-1.141181125220806,-1.7674166165702456
-1.1377297989215522,-1.7635999261661814
-1.1338907792562047,-1.7593857260589547
-1.1301461958013643,-1.7553194427773757
-1.1260662747900794,-1.7513241809043638
-1.1217095037109523,-1.7470450090343717
-1.117566748230591,-1.7429152320521142
-1.1130589873758894,-1.7387362629134513
-1.1086577554607022,-1.734656459967382
-1.1042669053613612,-1.7305691186796561
-1.0999021894202867,-1.726507143307587
-1.0954535134212366,-1.7227829404456558
-1.0908131950002455,-1.7189163174217938
-1.08633249596524,-1.7150920645932561
-1.0813913197106946,-1.7115878204161803
-1.0764863067544135,-1.7081204194256077
-1.0716156766657299,-1.7046237451907718
-1.066917449115027,-1.7012944079076284
-1.0622361145935109,-1.6979821486951823
-1.0575853042842474,-1.6946440400963383
-1.0529480541695955,-1.6913189107548225
-1.0484283676309767,-1.6881141697834097
-1.0440526329088142,-1.6848403313219145
-1.0396722209428029,-1.6815581482821855
-1.0353682261963932,-1.6782928684735294
-1.031164261220565,-1.6751241151746246
-1.0269968692845595,-1.671747630825814
-1.022987187590582,-1.6684853686275951
-1.0190289013035356,-1.6652686919776398
-1.0149993323993791,-1.6617416001086398
-1.0112096002659348,-1.658498073826175
-1.007316481851177,-1.6551407424050137
-1.003423664878584,-1.6514678921177497
-0.9997188463630103,-1.6480381536594353
-0.9959541332274571,-1.6446893695049436
-0.9922019247587525,-1.6409894969557157
-0.9885727152731337,-1.6374233491697203
-0.9849669179335128,-1.633809134908079
-0.980502297341587,-1.6303304877044984
-0.9762929759776301,-1.6266236435114019
-0.9720514694971846,-1.6228940572358914
-0.967801971619222,-1.6191503899773247
-0.96381275426802,-1.6151735988720253
-0.9597922388258838,-1.6111743921807749
-0.9557204824697553,-1.6071195793281687
-0.9518677053048081,-1.6028681074271662
-0.9481419059635684,-1.5987494582797555
-0.9443180808893801,-1.59452656675667
-0.9406546654351051,-1.5901591903838326
-0.937308798272842,-1.5861100381716513
-0.9339900630491759,-1.5820358070177813
-0.9307326095152092,-1.5780160760223065
-0.9276956557665907,-1.5742246592175502
-0.9245105449137678,-1.570565540962974
-0.9213843029639298,-1.566960050355381
-0.9183914739487485,-1.5634946120444895
-0.9152672414778991,-1.5601466171842353
-0.912353013629357,-1.556790715632008
-0.9095271570588096,-1.5535273146444513
-0.9065915926547226,-1.5503621627344482
-0.9036686698131595,-1.5472020848623498
-0.900930083612458,-1.543808022683715
-0.898332881387769,-1.540599891034517
-0.8955204868648652,-1.537286709275586
-0.8928172127668353,-1.534079543035266
-0.8901125301061616,-1.5309231483359538
-0.887290412890289,-1.5276997919317015
-0.8844228809689864,-1.5244323073647745
-0.8814983881169929,-1.521188044622492
-0.8786437042740565,-1.5180194395089508
-0.8759011629844844,-1.5149598083687752
-0.8731815563904575,-1.5117570134415075
-0.8704112583621654,-1.5086873405644712
-0.8677030781190902,-1.5056816406945253
-0.8650336053714903,-1.5026959905950037
-0.8623811383709163,-1.499727791271887
-0.8599508661454974,-1.4969755344912727
-0.8576736453074069,-1.4940850966248418
-0.8557810888523932,-1.4915803503381186
-0.8542517496835015,-1.4890959133985975
-0.8528410945257847,-1.4865043290026345
-0.8518314952001693,-1.484315587092517
-0.8512502498833254,-1.4825571288304111
-0.8506256582815239,-1.4808378980666612
-0.850519174551265,-1.4794831654092295
-0.850816736416736,-1.4785429725636945
-0.8510839433399097,-1.4778857188993944
-0.8520529368990283,-1.477981851931289
-0.8538267350314359,-1.4788912916086083
-0.8555108807519272,-1.4798815430705916
-0.8579499220771742,-1.4816059648165776
-0.8612664071237766,-1.4842304011616432
-0.8650744580800116,-1.4864101560315457
-0.8690675509363655,-1.4887699752406098
-0.8739906538459499,-1.4920835185398509
-0.8795534567395124,-1.494819673446596
-0.8849690876725463,-1.497412498126823
-0.8909462981448762,-1.5005807410045078
-0.8969557965742724,-1.50372083863579
-0.9029901229416013,-1.5068847880062883
-0.9090842273771036,-1.5100500743504794
-0.9150041488915913,-1.513545269774374
-0.9211067016122292,-1.5172180391801642
-0.927636181232123,-1.52029531734315
-0.9340491640356832,-1.5236004867958748
-0.9406321815725571,-1.5270711006993012
-0.9473927302328701,-1.5305312020955115
-0.9541739096879159,-1.534171115729851
-0.9610236713951186,-1.5378776311029136
-0.9681179076053698,-1.5417531063326384
-0.9754746114438873,-1.545850711760633
-0.9830452847412242,-1.5501662429241652
-0.9906742417282457,-1.5545813578985233
-0.9985444615165874,-1.5592429233548926
-1.006358270636564,-1.564103840349353
-1.0142930340053038,-1.5690314986389153
-1.0221268505344,-1.5741282430101635
-1.0300305086496968,-1.5792929033453371
-1.0378641542981324,-1.5846054671496137
-1.0458342995773355,-1.5900476893526734
-1.0535892037944314,-1.5955863366655492
-1.0612078971079364,-1.6011524826523584
-1.068907773380191,-1.6064647253677324
-1.0768586030295286,-1.6120219115854366
-1.0845055369120602,-1.617849423721487
-1.0920365198853115,-1.6235585538489388
-1.0997092111022486,-1.6294061188518212
-1.1069076743854103,-1.6356742979119223
-1.1137479055452306,-1.6415840806318127
-1.1206218980034675,-1.6478597617743642
-1.1272281444485548,-1.6543716802356843
-1.1337696374353625,-1.6608246241422409
-1.1402057576437308,-1.6671629623703952
-1.1466515278203093,-1.6734911022962236
-1.1527360171008159,-1.6794702753551753
-1.1587620244250352,-1.6853819890420365
-1.1649738353793568,-1.691128022505629
-1.1706047002584212,-1.6963135044290985
-1.175980762723945,-1.7012313824473462
-1.181270272390828,-1.7062249131800515
-1.1861942215351133,-1.7108702448153277
-1.1904708116101694,-1.714848776069201
-1.1941329895350719,-1.7193684914273608
-1.1981607117431754,-1.7242618523556774
-1.201456012332614,-1.7284023674536586
-1.2040648508533613,-1.7331463836982934
-1.20722506431269,-1.7384445158812485
-1.2096212630285523,-1.7437345822626915
-1.2120259616868074,-1.7492208993502922
-1.214541238730302,-1.7545591618694163
-1.2173608195919645,-1.7602077498840143
-1.2205177629193982,-1.7656890836915569
-1.223541359948757,-1.771020957775559
-1.2265685837497016,-1.7770443241086982
-1.229825166132834,-1.7829526133991918
-1.2330415714153156,-1.7886897385892293
-1.236200439326329,-1.7943667772444383
-1.239486313500397,-1.800226229327795
-1.2428566325358539,-1.8059468730918466
-1.2460162597880242,-1.811452128219526
-1.249175667598687,-1.8170028993010154
-1.252240127290325,-1.822254513199306
-1.2552598075473937,-1.82737960039128
-1.258329221618901,-1.8325554060627953
-1.2615227473037427,-1.837454240803921
-1.2645495090614967,-1.8421905484353187
-1.2678321421624485,-1.8469166971592663
-1.2710263656608414,-1.851582747442555
-1.2743637348927193,-1.8560931632480808
-1.2774415211553898,-1.8603481164489057
-1.2806059996546988,-1.8645274399294147
-1.2836464918988513,-1.868956050490427
-1.2865351838508263,-1.8735656852752074
-1.289060748538943,-1.877815901513316
-1.2917239411881343,-1.8819465030459366
-1.294462406623027,-1.8861559497284737
-1.2968374489652512,-1.8900067950109343
-1.299383414345019,-1.8937093161045624
-1.3019993272186818,-1.8974825936251583
-1.3043141460987535,-1.9009573891118334
-1.3068000217443752,-1.9042839521979906
-1.3091663400574176,-1.9074894399504656
-1.3112430965542885,-1.9104063720702433
-1.3134256806245281,-1.9132318784943325
-1.3154177600284356,-1.9158677759037959
-1.3169802408028521,-1.918072535663562
-1.318493501978623,-1.9203205955491907
-1.3197000371064505,-1.922262664846657
-1.3204356200496066,-1.9237308710297654
-1.3210006777924221,-1.9253475723112023
-1.3212443785289134,-1.9266416597050025
-1.320989858024408,-1.9274320234054894
-1.3204703838989258,-1.9282061865930327
-1.3192251968552335,-1.9282369524565666
-1.317218591992297,-1.9284354228528933
-1.3149373328944065,-1.9284379926185866
-1.3120439481440613,-1.9277151940201378
-1.3092880706238794,-1.9263694467741879
-1.30600461653734,-1.924682951730152
-1.3023171420019741,-1.9228581335663189
-1.2982452929298811,-1.9207330963070393
-1.2937307379360354,-1.918158020410306
-1.2888735528018347,-1.9152688451940707
-1.2837455402129803,-1.9121448761682154
-1.2782351570109682,-1.9086313710978302
-1.272342481769678,-1.9048777643596653
-1.266462697967753,-1.901074293493888
-1.260137900411162,-1.8968144018585775
-1.2533589415413235,-1.89233369816819
-1.2465764139524855,-1.8878683776394438
-1.2393810562976395,-1.8829794852959643
-1.2316655293038425,-1.877781673637191
-1.223973254150365,-1.8725817353142529
-1.215730291901938,-1.8668165887228418
-1.206942797905485,-1.8606663134412897
-1.1979966671486562,-1.8548552124338245
-1.1890403430337484,-1.8489339395150306
-1.1796026389594152,-1.8424915873159715
-1.169772367163469,-1.8356682656504408
-1.1599797081961511,-1.8289143426503298
-1.1498406816837548,-1.821655385985297
-1.139538965585444,-1.8138705470769576
-1.1292482788007472,-1.80606976596189
-1.1187583035170705,-1.7980641593865265
-1.1080237949739096,-1.7896514277718991
-1.097231645513083,-1.781351490989992
-1.0862830641055257,-1.7728907459562546
-1.0751919611219884,-1.7640615858710293
-1.064050075152589,-1.7552403121137177
-1.0529153328961716,-1.7464264304461203
-1.0415531029166065,-1.737397981268068
-1.030207361863544,-1.7284004963978086
-1.0189551287255332,-1.719499284936439
-1.0075155304636478,-1.710500277230806
-0.9962566247208057,-1.7015389805859036
-0.9851684155134973,-1.6927585262014373
-0.9740804026677876,-1.6839189110987014
-0.9631071204703465,-1.6752728599687459
-0.952259857273159,-1.6667674029995865
-0.9415065432680065,-1.657965337763606
-0.9313669687331564,-1.6487422194357606
-0.9216209386773612,-1.6398700636538823
-0.9119950516516412,-1.6308653976464822
-0.902593815156288,-1.6220920935894911
-0.8939297306773221,-1.613000167840854
-0.8854288416362254,-1.6040662150068166
-0.8771495257502046,-1.5954587751795828
-0.8690597866723748,-1.5870983967244108
-0.8614528405659616,-1.5790363887522263
-0.8543061892383996,-1.5714316343233086
-0.8472160519372196,-1.563775233125653
-0.8406495229503911,-1.556648151197789
-0.8346687650414114,-1.5501033441632974
-0.8287288796790677,-1.5435208979117758
-0.8232722824573869,-1.5374264999955356
-0.8184118884472443,-1.5319264446769147
-0.8134946589302304,-1.5264770154143321
-0.8090991403983662,-1.5215501329309535
-0.8053281262950054,-1.5172452814765953
-0.8014401552316515,-1.5130457407381441
-0.7981843384142512,-1.5094754173653695
-0.7955330792702859,-1.5065017333304878
-0.7926477153948122,-1.5037398860524902
-0.7906090330095458,-1.5018229574205615
-0.7891076281224728,-1.5003005557673756
-0.7881075394711312,-1.4987860614764767
-0.7868565743918591,-1.4974989563428185
-0.7865322272825319,-1.4971390284923267
-0.7868868519895419,-1.497455523203059
-0.7871653173062927,-1.4978409664099068
-0.7880890197468958,-1.498876803431867
-0.789323774145389,-1.5002749227299896
-0.7910421383061949,-1.5021834314345452
-0.7929188401373674,-1.504556210799033
-0.795467895384257,-1.507586571383599
-0.7978591476323976,-1.5107590673919469
-0.8007919497585173,-1.5144744682774878
-0.8039783423897826,-1.5186940349837887
-0.8072143508635599,-1.522905607889534
-0.8105238900299628,-1.527389456173057
-0.8141125633458173,-1.5321466302699938
-0.8178651001055788,-1.537047314353734
-0.8214921993420575,-1.5421364242740716
-0.8253137458778228,-1.5474166544602828
-0.8284334372609449,-1.5534553822081356
-0.8318267613189078,-1.5597584066671455
-0.8350670277855398,-1.5662549716844831
-0.8384582560242175,-1.5728214388168897
-0.8421424335523718,-1.5796706427213603
-0.845845496144842,-1.5867110834032445
-0.8491666964641278,-1.5944023378052876
-0.8526470283890214,-1.6022990083868975
-0.8561486504127152,-1.6104524821606638
-0.8599144679730423,-1.6188773803446517
-0.8638734356160251,-1.6276106369800072
-0.8677625623730147,-1.6365470374336435
-0.8718838685941305,-1.64572177832139
-0.8762561900375234,-1.6550745072745132
-0.8804124371019342,-1.6644817441489903
-0.8846050703125636,-1.6739252739373438
-0.8890726466256847,-1.6836482227959835
-0.8932479391070464,-1.6933357014467976
-0.8973999356159242,-1.702997674236876
-0.9017291156070336,-1.7128643353063997
-0.9058818680950045,-1.722599824261849
-0.9099811421449969,-1.7322785255437978
-0.9142239897981994,-1.7420508655857194
-0.9181960796046402,-1.7516237499902974
-0.9211905790017776,-1.7616769099136764
-0.9244980249288801,-1.7718081602898847
-0.927521030609915,-1.7816642882736649
-0.9304634198200128,-1.7912390259786384
-0.9338773356257778,-1.8008754141406862
-0.9369130726705858,-1.8101473019583147
-0.9400390933372126,-1.8193518473115329
-0.9428562330825441,-1.8282391582222473
-0.9460894447343572,-1.8371730535980786
-0.9488637074380454,-1.8457124930274558
-0.9513323535746141,-1.853934474955612
-0.954145193199195,-1.862335725376815
-0.9567094950700263,-1.8705436668288615
-0.9593491696091342,-1.8787636575275075
-0.9616968380078879,-1.8866995041057928
-0.964205807195722,-1.8944927974827461
-0.9664850251932454,-1.9020575104496258
-0.9691615809541726,-1.9095582922682064
-0.9714847145271959,-1.9168384160485479
-0.9740454919818784,-1.9240916642660577
-0.9766629869342878,-1.9314040799289802
-0.9791115879318195,-1.9387254703812973
-0.9817444763532115,-1.946219134647879
-0.9843479244362596,-1.9536951364197446
-0.9861836888540639,-1.9620026372386399
-0.9882379733276005,-1.970515366190291
-0.9909495715794187,-1.9783633008034454
-0.9930916218026887,-1.986367919623734
-0.9957359931519157,-1.9945174562297399
-0.9983699086472466,-2.002656045887505
-1.0007005883239704,-2.0108487924716987
-1.0033921425947265,-2.019221777299287
-1.0060811714103655,-2.0275919405466496
-1.0085104203747892,-2.0358488645555486
-1.011275180175709,-2.0441923246519345
-1.0138663503457008,-2.0524593272237537
-1.0162545847162834,-2.060532551861499
-1.0187495125386692,-2.06851223136298
-1.0211132764701405,-2.0763549979785605
-1.0232955813217663,-2.0840247005878068
-1.0255634249428693,-2.0916196024544695
-1.027644097465002,-2.0990191209020006
-1.0295656978269794,-2.1062670686949883
-1.031568696423313,-2.1134439813357035
-1.033512583316782,-2.120549733892745
-1.0342934741338967,-2.1285720554636827
-1.0351127070704293,-2.136561686836817
-1.035850869133231,-2.144467839269676
-1.0364958195714706,-2.15223591693667
-1.03716824794674,-2.1599686749425837
-1.0386005986153528,-2.1669877623190845
-1.039819256226027,-2.1738334991481922
-1.0409343921924763,-2.1805810863180777
-1.0419228311507867,-2.1873929253121096
-1.0425558064360654,-2.1940307661822573
-1.043042548462026,-2.200529855688915
-1.043389324099089,-2.2071724038862364
-1.0437173545637561,-2.2138300004035982
-1.0437981739597075,-2.220228479954361
-1.0437572335399543,-2.226465320530173
-1.0438747197143385,-2.2325578642305635
-1.0438024507637014,-2.238451414432958
-1.0436443634182306,-2.2442188332988904
-1.0434672647817997,-2.24992533703592
-1.0431066845541659,-2.2554393062799947
-1.0426953314903538,-2.2609146379634675
-1.0421583874533809,-2.2663203377734114
-1.041425098215079,-2.271519832979998
-1.0399340878497538,-2.2776076976580404
-1.0382014526730017,-2.2834677813771034
-1.03645440457796,-2.289193985917733
-1.0348697741604587,-2.294712803929885
-1.0330232871605423,-2.299985187250396
-1.0311191515928169,-2.305067058619222
-1.0301574343331599,-2.309178396961401
-1.028928739070288,-2.313038432328742
-1.027591659243784,-2.31692300581374
-1.0266119277977104,-2.320450572765541
-1.0252448215575032,-2.3236137111171438
-1.0237821136493728,-2.326672244328738
-1.022473740950476,-2.329533765246877
-1.0209025045922964,-2.3321484387888236
-1.0191826652893767,-2.3346887620956864
-1.017472267415346,-2.3370983264758656
-1.015622669724701,-2.339377605630319
-1.0137044808584303,-2.3416588126151083
-1.0117485643949766,-2.343905285968035
-1.0097313503953311,-2.34601182499577
-1.0076103616874752,-2.3480524252660673
-1.005529907320973,-2.350131846043082
-1.003445961438049,-2.3520987994168214
-1.0012787959281133,-2.354060133199284
-0.9985564795290401,-2.356401489462557
-0.9959386052106272,-2.3587472540598275
-0.9931937457805617,-2.3609719374322204
-0.9914068841903094,-2.3620921040726306
-0.9896715827875295,-2.3632905466597447
-0.9878414445602666,-2.36438837850513
-0.9859975136971835,-2.3654980584680985
-0.9842039508681695,-2.366655344837364
-0.982427941565977,-2.36783151997229
-0.9806165705478411,-2.3690381778284015
-0.9789792270761998,-2.3704084326354593
-0.9774374575208412,-2.3718800010848287
-0.9759794228847992,-2.3732793072792626
-0.9747602323950092,-2.3749029152181045
-0.9736359666000993,-2.376627147668932
-0.9726343196374567,-2.378328712595362
-0.9717198478503788,-2.3801158158138187
-0.971163620804711,-2.382093776652541
-0.9704358147440852,-2.384203211971869
-0.9696860127028294,-2.386210057805128
-0.9691441639410934,-2.3884236997847963
-0.9686112953112231,-2.3906885863583667
-0.9680258139695319,-2.39295887588092
-0.9675773545220364,-2.3953688179663652
-0.9668844319242752,-2.3980676677447956
-0.9663019062580053,-2.4008759412733474
-0.9665357018625802,-2.4027422531169105
-0.9668451969137353,-2.404685967145454
-0.9671237992978386,-2.4067128914043354
-0.9673418198327188,-2.408859645151729
-0.9675820983885548,-2.4110269645619624
-0.9678140952112891,-2.41330925403326
-0.9680659415104862,-2.415555050996455
-0.9683765943901187,-2.417863585047943
-0.9687570905695644,-2.420107943383409
-0.9692594791810527,-2.4222961778710297
-0.9698939906164921,-2.4246080507493097
-0.9706277692957157,-2.427029806365901
-0.9714284366263385,-2.4294582574698897
-0.9722743360065915,-2.4319290583532904
-0.9732512264277703,-2.4344570991278514
-0.9741776414461798,-2.4371517882514775
-0.9751201158494629,-2.4398615499202876
-0.9761444886516021,-2.4424795503854693
-0.9769948057509559,-2.445216324844517
-0.9781311314939569,-2.4482331084536204
-0.9792915191268595,-2.451232615881575
-0.9803146299923048,-2.4542139069902436
-0.9815765876959995,-2.457326336054923
-0.9828918782557148,-2.460413714362661
-0.9846332620383563,-2.4630079763342896
-0.9865550205903845,-2.4657707380009426
-0.9884892492553321,-2.468546694014838
-0.9905711780904798,-2.471494342094826
-0.9927845067776973,-2.474589918601508
-0.9952206367463992,-2.477887016598188
-0.9975356328173157,-2.481287711410189
-1.0000663554367757,-2.484922692749595
-1.0027872808373521,-2.4887240769504837
-1.0056767770359671,-2.4923804686725686
-1.0087195646015183,-2.4962167092528458
-1.0117966523766744,-2.500075832608675
-1.0152241949751761,-2.503634514245823
-1.0189218432035423,-2.507498419762689
-1.0224334955386454,-2.51117510579197
-1.0262213302571104,-2.5146156783622655
-1.0302638944658353,-2.5183337065530784
-1.034054647887505,-2.52196040956164
-1.0380393304060578,-2.5254384018301477
-1.0421193570764846,-2.5290970586523565
-1.046140338985769,-2.532688253319232
-1.050046796812552,-2.5363328226432125
-1.0539630172059784,-2.5399268210345975
-1.0578033082441627,-2.543438306848806
-1.0617773787210245,-2.5467529177038863
-1.0657145605110192,-2.550033064685493
-1.0695781087601217,-2.5532096668842446
-1.0732836733689162,-2.55641945195096
-1.076988689941269,-2.559628719099131
-1.0807781357868076,-2.562743476819046
-1.0845354991198222,-2.5658904359323476
-1.0882639337602,-2.569010367280934
-1.0918604868698127,-2.572048001247889
-1.0952252964152218,-2.5751631395333265
-1.0985802245633303,-2.578269049074021
-1.101774037965414,-2.581389511159527
-1.1048385092062274,-2.5845066648632686
-1.1077301918661604,-2.5874495336788303
-1.1105205780779819,-2.5903492547726126
-1.1133779071751484,-2.593096519185336
-1.1160461368258607,-2.5956559487132367
-1.1187928670171763,-2.5980188960373702
-1.121385079271501,-2.600237536028619
-1.1239946045185296,-2.602461042758149
-1.1268092865355535,-2.6045105497367658
-1.129301450247533,-2.6062413612985367
-1.1317053288043901,-2.6078894703806665
-1.1340837127855734,-2.609559368757243
-1.1360452453409187,-2.610909452676476
-1.137865112866054,-2.612125823948892
-1.1395738524766392,-2.6134365373412
-1.1408073358156718,-2.6142726491563177
-1.1419471009563429,-2.6150145013058808
-1.1427280026977924,-2.61576560409992
-1.143071324652564,-2.616052968643989
-1.1430198674877985,-2.6159715632271707
-1.1429052394172843,-2.615943687945604
-1.1422484145257097,-2.6153412071450006
-1.141240711470478,-2.6144109666949116
-1.140029461304272,-2.613653223091697
-1.1383427645531157,-2.612391591764709
-1.1364280964185678,-2.610917009847102
-1.1342110540381005,-2.609698882426845
-1.1314328796908462,-2.6078859471496276
-1.1284698509103448,-2.6059003016725204
-1.1253323959215618,-2.6040629583939725
-1.121546898394046,-2.6015807782549265
-1.1177242797399405,-2.5990539346667245
-1.1135486757892559,-2.5968806138827523
-1.109386738699789,-2.594434542531008
-1.104904421015274,-2.5916892399891807
-1.1003935742634547,-2.5887428037671367
-1.0961151563364524,-2.585641988747712
-1.091511887743323,-2.5822378928914755
-1.0869846461115653,-2.578652143637924
-1.0827634073366734,-2.5747587296712524
-1.0782991749314257,-2.5706495846399298
-1.0739249533164617,-2.566435222953823
-1.069716732950974,-2.5620241587033075
-1.065200649840186,-2.557327181339753
-1.0606756729626976,-2.552554529495998
-1.0562300097166646,-2.5476584345224644
-1.051604236271654,-2.542607037006623
-1.047096952588409,-2.537358006668364
-1.0426178577253267,-2.5321051234826757
-1.0380055375139048,-2.526735787520778
-1.0333441208095515,-2.52118841624488
-1.0288092072572859,-2.5156576616215447
-1.0243476289081885,-2.5102037017367005
-1.0197126168619104,-2.504796050340656
-1.0150572521090946,-2.499632558091947
-1.0105298506998948,-2.4944604815361093
-1.0061216272345088,-2.489405904022175
-1.001801601062399,-2.4844463060112187
-0.9971915158123122,-2.4797344298971393
-0.9927020690537971,-2.4751505137674426
-0.9883529625918228,-2.470697649573976
-0.9839677802797123,-2.466274888096431
-0.9798344708863089,-2.4621192748548184
-0.9759726554151772,-2.458217252084496
-0.9719851757463481,-2.4544225607829384
-0.9682258596394918,-2.450869898480166
-0.9645480748742636,-2.4473933982072684
-0.9609421191160666,-2.443854380458391
-0.9575454030171957,-2.4405373208967065
-0.9542049360409657,-2.4375076349531337
-0.9511433327072653,-2.4344334804321752
-0.9482390398395961,-2.4315261983750496
-0.945264687269209,-2.428812753526007
-0.9424778854482456,-2.4261041540957313
-0.9398128451364299,-2.423524732240224
-0.9371100564239716,-2.421199453999101
-0.934390879226843,-2.4189133839036967
-0.9317931454684022,-2.4167561860933233
-0.9292561564732521,-2.4150260117901885
-0.9264169670550743,-2.4135967809539793
-0.9240076983533094,-2.4125691827291615
-0.9213715527640867,-2.4116254689309313
-0.918949050618346,-2.4105271797930423
-0.9162649798314145,-2.4096549164209984
-0.9137407612090571,-2.4089157291345886
-0.9113668000010168,-2.408330791764158
-0.9086963358439843,-2.408002276116448
-0.9062186482557232,-2.4078380830019315
-0.9038444519950573,-2.407777999351259
-0.9010557212172764,-2.4080765281851826
-0.8983721618535558,-2.4084432744507938
-0.8956106527906045,-2.4087385366814886
-0.8925520112758552,-2.4092911548810325
-0.8895862560317642,-2.4098997814859326
-0.8865213030129968,-2.410420489913132
-0.8832430968903789,-2.4111262097844923
-0.8800907138102255,-2.4119274302058282
-0.8768571585746074,-2.4126582348638403
-0.8735395297436862,-2.4134624108711473
-0.8702157074454484,-2.414232596202597
-0.8668453333953838,-2.4149729897956584
-0.863378924100939,-2.415797200833887
-0.8594282655490119,-2.4171627393141484
-0.8553393876418062,-2.418379570979178
-0.8511710432749311,-2.4192588089266893
-0.8470384594290536,-2.4201335800001886
-0.8427153721194408,-2.420804173289578
-0.8380365340829331,-2.421142616162053
-0.8338219537816092,-2.4210797743725263
-0.8291357821581994,-2.420560368458977
-0.8246737045165482,-2.419750823253037
-0.8200766213458972,-2.4185972014213277
-0.8152746696937507,-2.417224775490879
-0.8105694938828845,-2.4155164211852127
-0.8059352431538592,-2.4134427223062347
-0.8012211349803745,-2.4112836819588668
-0.7966035543711647,-2.4089670548704243
-0.7920564006416346,-2.406446313923519
-0.7875446516055026,-2.40396324171118
-0.7832105258922196,-2.4012093663851553
-0.7787921281914146,-2.398377212016159
-0.7745766957252885,-2.395761571181346
-0.7705289263166771,-2.3930000388888732
-0.7664603597842353,-2.3902192217751677
-0.7625738355435943,-2.3876326846429836
-0.7587443232895227,-2.3850236317074067
-0.754929644921766,-2.3823756679555923
-0.7511747336278728,-2.379785838576588
-0.7477857864766779,-2.3771916331489207
-0.7445951333682913,-2.374386350490153
-0.7414647240043636,-2.371637010466107
-0.7388501561612633,-2.3691147013594493
-0.7362518736991336,-2.3664988802933133
-0.7340453580533002,-2.3640468713711438
-0.7321288451992113,-2.3619043582076817
-0.7300581003891322,-2.359824096805036
-0.728313729160584,-2.357889746912389
-0.7267704637786442,-2.3561700194144333
-0.7250114668728882,-2.3545616865393573
-0.723601783782673,-2.3531273925816913
-0.7225042702383995,-2.3520262767961593
-0.7216169625980511,-2.3513277633038907
-0.7208505723655421,-2.3505623165171396
-0.7203381639589501,-2.3501854873406494
-0.7199645261326995,-2.349936840697918
-0.7197125828453176,-2.349748387453044
-0.7198643484739902,-2.3494487761562484
-0.7202603037345742,-2.349380301948666
-0.7208625084483772,-2.3491317408878194
-0.7215654539860286,-2.34900490691689
-0.7225555319623245,-2.3488641397938324
-0.7234352810566836,-2.3485474544540432
-0.724998620745753,-2.3475901985992254
-0.7267512846026759,-2.346834833534839
-0.7288526136979271,-2.34613692460544
-0.7308575452418634,-2.3455815463703544
-0.7329756763254864,-2.3451505315569436
-0.7353867512341297,-2.3449379506216395
-0.737643379061487,-2.3449915953613285
-0.7403765574856734,-2.3455076953691054
-0.7428457097622935,-2.346254381076834
-0.7455964960424829,-2.347265960255854
-0.7486453890828233,-2.348580727524736
-0.751516788557313,-2.350050422133459
-0.754486844103796,-2.3516020898231775
-0.7576801791819152,-2.3533741524447382
-0.7608268346153803,-2.3551868743463986
-0.7640942598832559,-2.357117450757624
-0.7676090891272168,-2.3587444356339753
-0.7710392165055783,-2.3604963436107416
-0.7745366264862747,-2.3621433737462194
-0.7780729844901414,-2.363831975635084
-0.781660367325347,-2.3656129470955496
-0.7853245843062507,-2.367195755392493
-0.7889741771003892,-2.368763046682519
-0.7927566172955954,-2.3702424384829834
-0.7968407117039159,-2.3714593301800075
-0.8010034821652752,-2.3727655707282747
-0.8048098595732424,-2.37371825562054
-0.8088749200945127,-2.3744461494904767
-0.8127819760301811,-2.3750260581429448
-0.816300840425531,-2.3752157162671867
-0.8199656885752824,-2.375278686303173
-0.8231870892968252,-2.3749068133390887
-0.826136398330227,-2.374259328405708
-0.8292387281233329,-2.373479071160352
-0.8317172692925934,-2.3720873614362885
-0.834107604030808,-2.370612923377935
-0.836418697950216,-2.3687508627823055
-0.8382433132662451,-2.366405815031995
-0.8400299892805813,-2.3639268457644094
-0.8421009764466585,-2.360676026047702
-0.8439479939002995,-2.3572130320479343
-0.8456179024690359,-2.3534425515485955
-0.8473258525496911,-2.3496481083906158
-0.8488096485784965,-2.34550908829439
-0.8499284827968333,-2.3415215474586897
-0.850974321836343,-2.3373913299625984
-0.8516240419474947,-2.333141138555961
-0.8523401284733757,-2.3289474571748667
-0.8530657227686416,-2.324799825616224
-0.8536796878807617,-2.320546914983003
-0.8540353032691063,-2.316328943067287
-0.8545236025162372,-2.311997203038826
-0.8546626375011815,-2.3076063210508195
-0.8546481014668796,-2.3030518848882253
-0.854745754991708,-2.2984503644938763
-0.8546141384419452,-2.2936873208425363
-0.8541915596473337,-2.288615279452655
-0.8536687669897677,-2.2836553301117335
-0.8530700141291545,-2.278646120201103
-0.8522980340135091,-2.2734528547302064
-0.8512679771266083,-2.268291243413711
-0.8501689394504294,-2.263171929398934
-0.8491535345337536,-2.2581405216504975
-0.8479331175710905,-2.253053443322745
-0.8473939129550979,-2.2473730262897393
-0.8468073785465786,-2.2416421623007454
-0.845865189647014,-2.2362890131227453
-0.8450186913493225,-2.231025297584659
-0.844176296370162,-2.225946139551984
-0.8431832762849041,-2.2207611947241954
-0.8422290238626267,-2.215612371535737
-0.8411693561980127,-2.210642627819639
-0.8399633079754368,-2.2056833555673974
-0.8385360877188743,-2.2008909879669996
-0.8368583846872385,-2.1964670893597162
-0.8347750664877995,-2.192034613822825
-0.8329185033302151,-2.1878154789601116
-0.8304747897226089,-2.1841111924932406
-0.8278680826578464,-2.1802349921544097
-0.8253957917591633,-2.176485395454741
-0.8225098755707045,-2.173099368342161
-0.8195928921027413,-2.169680611795512
-0.816648278694339,-2.1662359951757235
-0.8138613281486127,-2.162561725186296
-0.8112493249160956,-2.1590540487035557
-0.8085208026193456,-2.1554263017269735
-0.805827586242321,-2.1522313682777963
-0.803154181297627,-2.1490574403369
-0.8002720564836414,-2.145775017318181
-0.7969616687371845,-2.142970829273196
-0.7937569247482319,-2.140254500564893
-0.7904427517989294,-2.1374526095914526
-0.7871265397057974,-2.1346537741187204
-0.7839580731580388,-2.1319868868017755
-0.7806299883093656,-2.1291835395053615
-0.7773434356803155,-2.126344828972321
-0.7743344189784609,-2.1237693101229844
-0.7711288642836945,-2.121013044812863
-0.7678489212383109,-2.1183234577076693
-0.76474765478417,-2.115792056710772
-0.7614808371368954,-2.1131111811597636
-0.757969726716408,-2.1106469107976826
-0.7545203721635834,-2.1082243474595606
-0.7509596568303434,-2.1057109874302076
-0.7471359904023658,-2.1034309918456104
-0.7434956077281177,-2.1013209704286924
-0.7400547373843192,-2.0994237988753772
-0.7365856779956332,-2.0975872000837223
-0.7329650341079162,-2.096001435062172
-0.7295928826060515,-2.09467758820008
-0.7263977455239039,-2.0932456184735146
-0.7229721774050538,-2.092035400269736
-0.7197766443622077,-2.091051862060414
-0.7164103785719156,-2.0902202233585037
-0.7122989761377513,-2.09007952564221
-0.7083742927330913,-2.09013536674551
-0.7045542719487993,-2.090099257461659
-0.7004635899376571,-2.089808358095133
-0.6963497907168109,-2.0894923995025922
-0.6924715244513913,-2.088968594320493
-0.6883226807791452,-2.088190398646242
-0.68414679224693,-2.0873831910409733
-0.6801799403312728,-2.08629848414331
-0.6763444671968455,-2.084964575922743
-0.672507183991876,-2.0836385113559843
-0.6691341521187466,-2.0820314935179858
-0.6658344740013461,-2.0804932828259886
-0.6629850700021058,-2.0789113202372587
-0.6605020058971538,-2.07732975175317
-0.6581015884558906,-2.075825745042233
-0.6552094557596032,-2.074919583340205
-0.6526321522479752,-2.074347064253579
-0.6501624660934466,-2.073925246588148
-0.6477205687482859,-2.0739764231230384
-0.645569076108581,-2.074335633162775
-0.643354935209017,-2.0749755372246756
-0.6416962004389698,-2.0757398680012904
-0.6403506967766818,-2.076836459565597
-0.6389622459593557,-2.0782666172327953
-0.6380323676413342,-2.0800748370315048
-0.6374783938734969,-2.0822817819457455
-0.637034658902531,-2.0848717350328565
-0.6369881145485553,-2.0878884901776162
-0.6372451626468063,-2.091227340599474
-0.6376510560315725,-2.094947535861826
-0.6384171568175092,-2.099148488226173
-0.639213838791798,-2.10370494422808
-0.6407625631955839,-2.1089652064337128
-0.642076254240789,-2.114433344608388
-0.6441009544851921,-2.1205951726577856
-0.646423805484557,-2.126896619405422
-0.6492795113134777,-2.133501228395496
-0.6508604596732154,-2.1418398992684784
-0.6526499474387504,-2.1504229390421994
-0.655086833455837,-2.1593009677335133
-0.6578457591510533,-2.168307118945095
-0.6607397817005991,-2.1774538196590285
-0.6638777583818604,-2.1865339649483957
-0.6673405329434493,-2.1953274431881193
-0.6706726379750432,-2.2039819524661395
-0.6741112066916254,-2.212735678013375
-0.6775672401158629,-2.221473772231909
-0.6805132474005237,-2.2296869218339896
-0.6837960025364892,-2.2377675722436776
-0.6867624631954363,-2.246074751505649
-0.689256019147614,-2.2538781866205326
-0.6916727454192786,-2.261621426452642
-0.6941546561322781,-2.2695723808285253
-0.6963778791202457,-2.277247205880276
-0.6982477278680023,-2.284967547350598
-0.7003434867928028,-2.29277043857831
-0.7023759853816212,-2.300505138296568
-0.7040646760916244,-2.3082300127828392
-0.7059372123447031,-2.3158938739511488
-0.70725654380326,-2.3240060580948545
-0.7083444842083537,-2.3322254436124448
-0.7090292822877788,-2.3400696843309223
-0.7096551783543806,-2.347609273064254
-0.7100033204152023,-2.355239093133932
-0.7100446839413095,-2.3625835700847433
-0.7109194678060915,-2.3690178421276755
-0.7116021432870189,-2.375246072286557
-0.7120259696223378,-2.381184682095453
-0.7123510100551493,-2.386802767498006
-0.7125569864857872,-2.3922930464605368
-0.7125906473435684,-2.3972886556737114
-0.7123839341573835,-2.40188771040654
-0.7119157817362224,-2.4062069492482494
-0.7113256522159087,-2.4100448034162234
-0.7104646837674096,-2.413349099565894
-0.7088626896283928,-2.415906886138955
-0.7074625214437779,-2.4182889664987965
-0.7052330594696004,-2.4199043831331877
-0.7026180630642624,-2.4211074529288683
-0.7001699307067272,-2.422165070975597
-0.696926822687239,-2.4224882775350305
-0.693573043265745,-2.4223709497906487
-0.6898141609367057,-2.4216797806353663
-0.687129211888078,-2.4198137434807876
-0.683599224809342,-2.4171455016710537
-0.680035098303873,-2.414589296986866
-0.6762090225376098,-2.4114933518633492
-0.6736287714989572,-2.406640631072713
-0.6712124957472293,-2.401910511063992
-0.6683413691263741,-2.3967166604021237
-0.6652896540840947,-2.3915284973400364
-0.6623704469167043,-2.3864819588763875
-0.6591625975997247,-2.3815044933088716
-0.6560886502028846,-2.3768477716097096
-0.6533194855603207,-2.372517321588076
-0.6501562483365018,-2.3682916818178237
-0.6475411406497353,-2.3641724459403672
-0.645487950606111,-2.3606548382909662
-0.6432545289982574,-2.357130499333655
-0.641675496548524,-2.3536930638854523
-0.6405172605543726,-2.350705895778868
-0.6393197593041634,-2.3478789064469923
-0.6385864126177884,-2.3453342413140614
-0.6380564759243662,-2.3432279551103625
-0.6382084188245477,-2.3417524081289383
-0.6386146219387552,-2.339971488112233
-0.6391942016623899,-2.3387910658485036
-0.6404506659783328,-2.3382370413360207
-0.641424126323601,-2.3379311304842223
-0.6432057861027264,-2.337445187499502
-0.6456485265582302,-2.337578314644849
-0.6483698399717905,-2.338004810251058
-0.6513965730505958,-2.3389999222374454
-0.6549667903109563,-2.340509677310711
-0.6589731043277463,-2.3421139932968265
-0.6635062447173551,-2.3445212611296067
-0.6681227739156838,-2.346990406589035
-0.6732814476407889,-2.349961971486138
-0.6785418888134519,-2.35328964890863
-0.6836437336692524,-2.3568282198413084
-0.6893779222330692,-2.360952921650558
-0.6950770744640877,-2.365228576789811
-0.7007949358985025,-2.369774842163355
-0.7069616952669036,-2.374737281676532
-0.7130151742088154,-2.3798854423502824
-0.7195108500409184,-2.3856096958779314
-0.7259725584161296,-2.3913922655362434
-0.7319100328948764,-2.3986020996209043
-0.7380328126037726,-2.4060034698416377
-0.7440247260301811,-2.413516268215938
-0.7503514275337181,-2.4213358780738448
-0.7566425950819505,-2.429130766876843
-0.7628747501158502,-2.4369739886632042
-0.768238957104463,-2.4458701602433597
-0.7737876139073042,-2.45493657948099
-0.7794469220677201,-2.463821381245363
-0.7850231941881108,-2.4729237341830186
-0.7906628574259416,-2.48208414276002
-0.7963199191265985,-2.490960606209254
-0.80204344963309,-2.4999331225204697
-0.8074909206293115,-2.5086497065664295
-0.8129238582962077,-2.516900050750022
-0.818579042137178,-2.5250244837502955
-0.8238661524696094,-2.5328082555238547
-0.8290733038763602,-2.5401288384546663
-0.8343758045298172,-2.5470443203495545
-0.839149063054639,-2.5534704385525084
-0.843732223689088,-2.559489284957643
-0.8482144685638775,-2.5652270451096935
-0.8522120676685777,-2.5705168400466682
-0.85605661963172,-2.5756888565580796
-0.8595381836021306,-2.5813110568415225
-0.8623898160794058,-2.5863271438091666
-0.865146022337997,-2.591169672990113
-0.8672148988734754,-2.595358074063235
-0.8688478782578702,-2.6000155298409044
-0.8702727325036065,-2.604047929434948
-0.8711163137584389,-2.607531622145842
-0.8720972154279876,-2.6108981879973854
-0.872769508367434,-2.61393042803056
-0.8727747059486907,-2.616338040577037
-0.872840207636399,-2.6186943860265135
-0.8724776493228614,-2.6205916385157253
-0.8715709775195903,-2.621974653775916
-0.8703591301992513,-2.6236191933356636
-0.868498816083869,-2.624598439135538
-0.866566872726666,-2.6255286620362317
-0.8642519621820499,-2.6263372513481866
-0.8615709909015435,-2.6267739803155985
-0.8589399431947861,-2.6268848539466885
-0.8559554808754976,-2.626816363157343
-0.8527196513880319,-2.6265070443161638
-0.8494219903731339,-2.6258817314281524
-0.8459755886449717,-2.6251677957604316
-0.842501911250105,-2.6243819864348423
-0.8389249389285619,-2.623356554123817
-0.8351277132906081,-2.6221855099480385
-0.8320453179130941,-2.619759681935223
-0.8289603464909472,-2.6172563285995727
-0.8258244966336793,-2.614513755518918
-0.8224986265117582,-2.6115993881319386
-0.8193791786792461,-2.608675454913773
-0.8161066632005951,-2.605692312875463
-0.8126114730805882,-2.602499526082768
-0.8091335882154481,-2.599349809641616
-0.805360371776888,-2.5961829487109185
-0.8012568595586419,-2.592700212859441
-0.7971835608146789,-2.58936988901912
-0.7927403257745598,-2.5859450172188443
-0.7880369728378559,-2.5822682962231345
-0.7832895820118856,-2.5789000515095983
-0.7780792558417229,-2.575485920896861
-0.7727812118587367,-2.5719856707271456
-0.7675344282087007,-2.5686657828695867
-0.7617649716231939,-2.5651875404192226
-0.7561324849063347,-2.561913969586918
-0.7505707217427692,-2.558705473508855
-0.7450211057567386,-2.5553493985524183
-0.7397075644329961,-2.5521578900349695
-0.7344168711903395,-2.5489873605030464
-0.7292450523059919,-2.5458983517348295
-0.7245829724096723,-2.5422357946957157
-0.7202865189440316,-2.5389350746634936
-0.7162579695852521,-2.5357730350647945
-0.7122585932510362,-2.5328884769553888
-0.7086501124841311,-2.5301578446442226
-0.7053115904224407,-2.527704931428609
-0.7019821957627007,-2.5254050083547397
-0.6989271260442541,-2.523323557369668
-0.6961323426112631,-2.521526186017889
-0.6936853839550408,-2.5197265021321025
-0.691466887602235,-2.5182508078184647
-0.6896617137161352,-2.5166621907372506
-0.6881734158311457,-2.515414386455018
-0.6871931318346994,-2.5143993413323438
-0.686232233228891,-2.51333379033151
-0.685749697307707,-2.5127827381507597
-0.6861980896219884,-2.512857181996498
-0.6865030069267537,-2.5133278599844155
-0.6874984701056381,-2.514541240946641
-0.6895045881404457,-2.5165384199590983
-0.6916234788334968,-2.5187759997001886
-0.6947488372579115,-2.522096065220466
-0.6983371489099781,-2.525793968315667
-0.702404205073509,-2.529082243987389
-0.7072846375008562,-2.533225793309935
-0.7123434348088956,-2.537474512726103
-0.7179530396531416,-2.5416197214197624
-0.7236556218904424,-2.545946386430906
-0.7297878415439172,-2.5506908280683755
-0.7358768816388545,-2.5558512215951734
-0.7421993165401615,-2.561415448172539
-0.7482627191201074,-2.5673933653568537
-0.7547166476580808,-2.5737305672606876
-0.7611691626277486,-2.580036833443782
-0.7676036747634145,-2.5866283281044913
-0.7743769609503501,-2.593531438133789
-0.7813277049208407,-2.600490143167727
-0.7885501119184776,-2.6076264546394285
-0.7959955273812671,-2.614967881886713
-0.803249756157472,-2.6225853730765376
-0.810752014357222,-2.6304694632728323
-0.8183802126496466,-2.6384693857195582
-0.8260076198017987,-2.646323910377401
-0.8338700697107523,-2.654583992263869
-0.84178925891409,-2.6628433057774363
-0.8498038350461666,-2.6710883792986535
-0.857758578037473,-2.6796249963960466
-0.8658283122119802,-2.688063039926718
-0.874013143727383,-2.6966094288948876
-0.8820978312653439,-2.705048892226392
-0.8902503491290662,-2.713430110282632
-0.8983070771027446,-2.721725891305283
-0.9061696296866801,-2.7298132922245855
-0.9143736417933523,-2.7376099093845565
-0.9223207544040295,-2.7451728536475364
-0.9301259660456141,-2.7525756980879956
-0.9381326799181176,-2.7598076207704243
-0.9458840481969448,-2.766804324177916
-0.9532792647150855,-2.773428567067717
-0.9604536231841722,-2.780065085022224
-0.9673804748791098,-2.786435667240489
-0.9737857756215533,-2.7928195531703857
-0.9798592365779828,-2.7990611761471347
-0.9856232125845131,-2.8049082126459557
-0.9912238221233374,-2.8106540178409993
-0.9962284312833333,-2.8157857934239443
-1.000481810337323,-2.8201575903898655
-1.0047632976415914,-2.823988137880716
-1.0082815403470067,-2.8270315366981222
-1.0109422940302841,-2.829184037105243
-1.0133014071667406,-2.8308909038793852
-1.014929000093848,-2.8316278601447062
-1.0158871096935846,-2.831749354697355
-1.0162063087352202,-2.8321525161839776
-1.0158781251094027,-2.831764616669704
-1.0153673902603018,-2.8312089071784627
-1.0144016636858773,-2.8308279195957344
-1.0132446061921434,-2.8303471868198162
-1.0115472157881333,-2.8293697867155805
-1.0100613397208504,-2.8281242197076533
-1.0083235784906255,-2.8265032341046323
-1.006709512928951,-2.824359603863632
-1.0048152371157224,-2.8219452132147738
-1.002943009565805,-2.819543062430558
-1.0009577965907788,-2.8167568179277978
-0.9992152932773041,-2.8131838752255556
-0.9973733821829005,-2.8094844946336255
-0.9951927901465351,-2.8055787270322865
-0.992906455782675,-2.8015659354572127
-0.9910562163702216,-2.797059619341902
-0.9889436715319979,-2.792308804011433
-0.9867125708172412,-2.7874415288918932
-0.9846521858033358,-2.7825748599784124
-0.9824929568481559,-2.7774526785194498
-0.9802480407500461,-2.7722421237128088
-0.9779251072806074,-2.767087103189669
-0.9755102559533162,-2.7618415355961163
-0.9727956944827326,-2.756606448941083
-0.9700418386201307,-2.7513716534385932
-0.9671641739511602,-2.7460029144941096
-0.9641474120740509,-2.7406853054042566
-0.9609852422109384,-2.735456834444137
-0.9576293524247075,-2.730020001148535
-0.9541241095429902,-2.7248216117420228
-0.9503270119710971,-2.719839339498807
-0.9462485352104755,-2.714562613089017
-0.9419814812570605,-2.7093376302131467
-0.9374869620182927,-2.7043114790851734
-0.9336354370594095,-2.698676342482143
-0.9294340340569305,-2.692799104370607
-0.9249171417822049,-2.687144500172627
-0.920464225968005,-2.6815489356944964
-0.9158737103799788,-2.6755915624181377
-0.910809318039107,-2.670039233124737
-0.9058546915668989,-2.664606913222243
-0.9007884166523773,-2.65902939202404
-0.8953837490472667,-2.6537423643840365
-0.8900273824142247,-2.648537693237828
-0.8843704222033923,-2.6434079357948232
-0.878468918887085,-2.6381559082227364
-0.872760692088114,-2.633446589130813
-0.8667327310562141,-2.6285785135212834
-0.8607322080244754,-2.6237355920918466
-0.8549319887644677,-2.6189804631437186
-0.8489502976333919,-2.61412625134922
-0.8429430744814649,-2.6092483564930693
-0.8371515397750957,-2.6043964493531377
-0.8313243633040306,-2.5994001898974837
-0.8253826319409181,-2.594298238205955
-0.8196260589477734,-2.5891287478368428
-0.8133071994568543,-2.584376208681102
-0.8068001261089708,-2.57944999409185
-0.8005238568508548,-2.5744885330133
-0.7940208975970852,-2.5692949938812206
-0.7874796654281415,-2.5640660669293927
-0.7806725220728863,-2.5594815599211604
-0.7737171745460104,-2.554757194061275
-0.7669204580753045,-2.550178872228499
-0.7602256714243807,-2.5456313793325607
-0.7533207529953043,-2.5409591193949526
-0.7465640408193459,-2.5364232247733574
-0.7398588960760009,-2.5319310010471163
-0.7329688603080403,-2.527421944907453
-0.726397235967806,-2.5232059351713136
-0.7196856102186824,-2.519224554341037
-0.7131754459190807,-2.5154149314364123
-0.7070039523733418,-2.5119220817826124
-0.7008134591728961,-2.508694669831577
-0.6948405146920057,-2.505631128703207
-0.6889708603869635,-2.502724662784397
-0.6832349966078202,-2.4999407742673108
-0.6775710092664033,-2.496988614459871
-0.6714482880818805,-2.494982899520654
-0.6652524778144431,-2.492909366608647
-0.6591851170115276,-2.490445804965014
-0.6532010754914455,-2.488355442686916
-0.6472623766310145,-2.4863063111857895
-0.6412273404877844,-2.4837117083742335
-0.6343602544594052,-2.4819974510143403
-0.6278248095472131,-2.480625058624597
-0.6212605575441221,-2.4786623138689863
-0.6145125028338309,-2.4769305547766765
-0.607882706163762,-2.4753434039616686
-0.6012782519590075,-2.47299316185504
-0.5947572232284313,-2.4705989050382975
-0.5882891390227352,-2.4682973709313485
-0.5819860637995852,-2.465598225203761
-0.576073980332258,-2.4629278933672607
-0.5704426403165436,-2.460168832707676
-0.5648559078647584,-2.4574274254526993
-0.559630062737867,-2.4543704020165813
-0.5543624509523652,-2.451310897204333
-0.5492430771955129,-2.4483763069911357
-0.5442687886060983,-2.4453143852276233
-0.5392351579563733,-2.4422193271009935
-0.5344948931455126,-2.439402510402166
-0.5292653611726035,-2.4371112291433517
-0.5242033478231087,-2.4346514159079375
-0.5197143426813023,-2.4327482728548437
-0.5152819545704462,-2.4307385670796227
-0.5115670458501415,-2.4286478777868106
-0.5085760593929757,-2.4266387906038887
-0.505635653782503,-2.4249665547336994
-0.5031528961539197,-2.4234138189181755
-0.5014394083250512,-2.4226050593606594
-0.499677600476927,-2.421838494127498
-0.49831169015927657,-2.421457229597848
-0.49719188596203806,-2.421431806668228
-0.49631252389690517,-2.4216984804119575
-0.495530750102832,-2.4221863407273103
-0.49501299038792257,-2.422943186681115
-0.49468710386118003,-2.423886323493545
-0.4946025883516619,-2.4247953898875085
-0.4945821858114213,-2.425794423603841
-0.49519748936073427,-2.4261260495103527
-0.4957911797975809,-2.426424609066777
-0.49618329340067663,-2.4263515926334644
-0.49684116925570654,-2.426257939793674
-0.49737965550762925,-2.4260510603854115
-0.49771051801577776,-2.4260265448494565
-0.49780131093970137,-2.4257583776103364
-0.4981255873288503,-2.425713115406287
-0.498702833129977,-2.4252854461852014
-0.49901794703152,-2.424572987689375
-0.49963893943005816,-2.424164225642672
-0.5001714316561952,-2.4238331799436197
-0.5005733370456747,-2.4233583155524463
-0.5012849869565913,-2.423220064792873
-0.5022631533062456,-2.422847775002013
-0.5032999403929653,-2.422547061011722
-0.5045146727826381,-2.4224608668920613
-0.5060623815929393,-2.4220823787517296
-0.5078616055126577,-2.421956800288842
-0.5100034952571807,-2.422206997682298
-0.5122947536867626,-2.4223263648048703
-0.5148727103129788,-2.4227180672104374
-0.5174602056033792,-2.423139350544694
-0.5200128561555798,-2.423591618069146
-0.5229388438798591,-2.4244098130208562
-0.5262080171429371,-2.424868998518608
-0.5296683144560148,-2.4251610161517294
-0.5335911128539582,-2.4259088777570956
-0.5374547596523876,-2.426613166971023
-0.541400227626481,-2.427246405091953
-0.545499295060425,-2.4280334315772554
-0.5496066023103096,-2.4287041305927253
-0.5540560583446756,-2.428900013889627
-0.5583485187983607,-2.429276952735253
-0.5623653344187988,-2.429521204186049
-0.5662110621554174,-2.430011767583201
-0.5697386148878697,-2.430159332225441
-0.5729540616840657,-2.4306399940014063
-0.5759908722662633,-2.430925505204108
-0.578794475988076,-2.431335305394421
-0.5811273062768211,-2.4313049216494846
-0.5835363048730681,-2.431376649155491
-0.5856618102624156,-2.4311839065636818
-0.5876018740019789,-2.430804297789137
-0.5892731125810852,-2.4301775294181875
-0.5909728419011441,-2.4294655418858033
-0.5924153454281821,-2.428655609387525
-0.5937294971669204,-2.4277276563956804
-0.595004154423242,-2.426805423771201
-0.5961420715994548,-2.425736152886397
-0.5967298728059354,-2.425260669826441
-0.5973192948757065,-2.424786697824432
-0.5978382957146479,-2.424441302558359
-0.5981467415064929,-2.424067033739567
-0.598502175221264,-2.4237360360212468
-0.5990262287559721,-2.423132306052768
-0.599655364124431,-2.422719345513929
-0.6001816813945281,-2.422211771491008
-0.6010834116289355,-2.421314910083871
-0.6021995013025376,-2.4207637641512227
-0.6031505050610576,-2.4200605787367038
-0.6043052805832282,-2.4191182282800106
-0.6055604576728203,-2.4183774740775714
-0.6068581480698768,-2.4176757309913293
-0.6081133170928313,-2.416961627401268
-0.6092327756699735,-2.4162344493642305
-0.6104615069779992,-2.4155185291843333
-0.6115639418986794,-2.4148849417595555
-0.6125218259781475,-2.414010418023139
-0.6134949665864128,-2.4132041969969817
-0.6142668572630544,-2.4126026751198446
-0.6150476877559596,-2.4119048952267548
-0.6159244300097727,-2.411295497969253
-0.6167148758849055,-2.410761563095431
-0.6173227556814835,-2.4100315087230775
-0.6176739111382566,-2.4097623204797887
-0.6178160345658166,-2.4096759244311445
-0.6177580678369896,-2.409374579667265
-0.6177526169177271,-2.4091216491285627
-0.6176141264307502,-2.4089850738367318
-0.6174897912310393,-2.4088453933406675
-0.6172819609403267,-2.4087436001068583
-0.6171821425884332,-2.40862528176589
-0.6171139532259712,-2.4085409426682567
-0.617020745202044,-2.4082816703816428
-0.616969981013809,-2.4079454638560263
-0.6169346850294564,-2.407625887990773
-0.6168041953864474,-2.407183390576247
-0.6166732673414005,-2.406710249930163
-0.6164852964667792,-2.406175844473303
-0.6162408024433922,-2.4055590984985957
-0.6160034897468624,-2.4047413699499325
-0.61583456721294,-2.4039120662945432
-0.6156240702933471,-2.402914897473668
-0.6152756471654679,-2.401790593020927
-0.6150739519651685,-2.4005982061254194
-0.6149028390244555,-2.399259859908048
-0.6145311797680117,-2.3977365962687722
-0.6141270340965258,-2.396270411997692
-0.6136847352652753,-2.3947632237975975
-0.6132928186712093,-2.3931004968113796
-0.6129573766131684,-2.3912797777762944
-0.6125738085253194,-2.3894073013031805
-0.6122804983902351,-2.3874357358661946
-0.6119318743459208,-2.3852919215653396
-0.6117351129073675,-2.383310986326907
-0.6115400291959785,-2.3812597341256154
-0.6113245335376228,-2.3790911701541404
-0.6111738958321014,-2.3769869467158253
-0.6110806411697977,-2.3748288507023902
-0.6111051361801898,-2.372572016252638
-0.6111263250444436,-2.3703165336294223
-0.6111437351002504,-2.3679628835166135
-0.6112810190640501,-2.3654498125309713
-0.6114790168456331,-2.3629962233703217
-0.6116403029040433,-2.3603696448209837
-0.6121679597679892,-2.357474512173097
-0.6128186519101597,-2.354499408095453
-0.6135991885204717,-2.3517305559115185
-0.6143213076809787,-2.348841199193221
-0.6149752138728628,-2.3459826363089378
-0.6158900839728915,-2.3434607654715873
-0.6168487615948951,-2.3409820212548453
-0.6176994591919576,-2.338597920217538
-0.6192068311290684,-2.3368261655158764
-0.6211624670354614,-2.3355258567247827
-0.6228046332705548,-2.334500599931697
-0.6254177443445967,-2.3343739434238735
-0.6290122775108672,-2.3352873037462345
-0.6325200045136836,-2.336276734562633
-0.6370999438916118,-2.33826193792421
-0.6430788715189165,-2.341742053613513
-0.6496472382512245,-2.3447058291180722
-0.6569944409115676,-2.3483975156640478
-0.6658385593184726,-2.3536749744364953
-0.6756095918510416,-2.3581430799451946
-0.6855835011458444,-2.3628074292134738
-0.6964611659856478,-2.3684206778581762
-0.7080076694883549,-2.373453556261676
-0.7195570824339893,-2.378494652602819
-0.7316964738964067,-2.3830211938751136
-0.7436749759720619,-2.387596097816102
-0.7554287629198535,-2.3923700997802886
-0.7675307061235265,-2.3974806368541253
-0.7793383237213587,-2.403077016543382
-0.7909645675884098,-2.408658914702667
-0.8025244870049134,-2.4144192132508153
-0.8140588460862522,-2.420113769298154
-0.8256571593904758,-2.4257534248414574
-0.8373141508876194,-2.431455702285649
-0.8493875202045886,-2.436908810373092
-0.8616323081580654,-2.442771800024244
-0.8741904673880567,-2.4484149193106597
-0.8870124465903522,-2.4543365489527558
-0.899911038676172,-2.460451285417411
-0.9129777089174581,-2.4662517759598788
-0.9262871398664886,-2.4723044612306038
-0.9397268725480934,-2.4785772261984484
-0.9534137654121014,-2.484580102720815
-0.967295196738394,-2.4907884649120784
-0.981954309694687,-2.4960676582758135
-0.99680443341754,-2.501524556827325
-1.0120451786190432,-2.5067491905360706
-1.027431908547462,-2.512420689953367
-1.0429205010719673,-2.518186574984951
-1.0588382943509274,-2.5237096896622386
-1.0747606738994078,-2.529975075417433
-1.0906046322252065,-2.5363617356048995
-1.1067481679750166,-2.5422789580156557
-1.1231820147603573,-2.548500990260026
-1.1394646939530455,-2.5544836039800516
-1.155723906097166,-2.559913904967551
-1.1717734873744503,-2.56511914229207
-1.1876073610432152,-2.570037185942636
-1.2027548992113215,-2.5744575763284683
-1.2169558838103782,-2.577875087461922
-1.2309417484596945,-2.5808051480997203
-1.2439965102283272,-2.582837101891541
-1.255522644553297,-2.5832535206124194
-1.2664015440559004,-2.583192213833125
-1.2763146559853764,-2.5821201158547895
-1.2842013770007552,-2.5789107264410975
-1.2908799766839174,-2.575765224048195
-1.2967662380652965,-2.572014486236192
-1.302270578772962,-2.56552889805573
-1.3062038908536375,-2.55932707417646
-1.3095897747873242,-2.552608588373436
-1.312021565630262,-2.545159017218417
-1.3133783482441315,-2.5379530949055527
-1.3142433872440635,-2.530226741876806
-1.3146820785953082,-2.5230261548391106
-1.3148424070311915,-2.515569344678376
-1.3148039324900078,-2.507547341301634
-1.3147147141681406,-2.4991473241489186
-1.3147744860980852,-2.490110189582207
-1.3147045744203667,-2.480969410382305
-1.3150234158751362,-2.471498234162883
-1.31526939823577,-2.4619871061601755
-1.315103104785204,-2.452321852718567
-1.3151157965331097,-2.4423587742354287
-1.3145712395808007,-2.4325168823828993
-1.3136683009553776,-2.422299368394199
-1.312642167927123,-2.4121627140768287
-1.311201795331289,-2.4016070809127292
-1.3095900498119777,-2.390884542876531
-1.3078958946789463,-2.3802305585124492
-1.3059221354651545,-2.369290395535368
-1.3036994480349835,-2.3581060591063645
-1.301427734492732,-2.346961878447825
-1.3003322639750412,-2.33401875725194
-1.298297246027833,-2.322049956815055
-1.2961531264400132,-2.3099802919144974
-1.293862618206948,-2.298034613420962
-1.2912454132290876,-2.285750506550076
-1.288567170673068,-2.273413719380271
-1.2857094963475477,-2.261229662417414
-1.2826695442369287,-2.248842721349171
-1.2797049968313272,-2.2363393611459723
-1.276341484682431,-2.224224082538279
-1.2727886609008052,-2.211910972589696
-1.269636172911374,-2.1996321025393986
-1.2661852803326403,-2.1876091055176596
-1.2628429509646293,-2.1757059566707126
-1.2598222622779598,-2.1640107053202042
-1.2568859007889899,-2.1522434340853898
-1.2545168192825484,-2.1410631579518253
-1.2524631527431127,-2.130299832493363
-1.2503250521945675,-2.119470332348334
-1.2488715796398697,-2.1093435943156793
-1.2479388832411824,-2.0998201788344337
-1.2468263057596631,-2.0902144342113504
-1.2477493844470267,-2.079595566549724
-1.2491491062664692,-2.069547942632771
-1.2506262398303771,-2.059429852992978
-1.2509902450586525,-2.0504547718823942
-1.2517616795933988,-2.042170105781944
-1.2530252898551846,-2.034361053720812
-1.254386351044898,-2.026382715438494
-1.2561257916719664,-2.0187598037370114
-1.2583442576467014,-2.011635795153004
-1.260463110519245,-2.004554316350363
-1.2629607720542602,-1.9977651982687556
-1.2657786524219239,-1.9913069492244266
-1.2683877899403648,-1.9849854053630058
-1.2713601717691947,-1.9788731465797618
-1.2745213738156456,-1.972956330404422
-1.2773535614694935,-1.9671923895571406
-1.2805194424260498,-1.9615814139648433
-1.2839841898123439,-1.9562787825950354
-1.2871321129701792,-1.9511383133479125
-1.2906785166165047,-1.9460100169977586
-1.294281584947548,-1.9409411477527994
-1.297550332544125,-1.935882264400976
-1.301133762034295,-1.930839241148879
-1.30472164859804,-1.9258020428993474
-1.3092839388739859,-1.9195996273131866
-1.3137605335153089,-1.9133166199337726
-1.3185088724798302,-1.9069242931304617
-1.322975742697001,-1.9006912874779458
-1.3258091823830027,-1.895764901565184
-1.3288438772682682,-1.890766669590901
-1.3317844375360754,-1.8856730211202613
-1.3341846410250788,-1.8804146968310784
-1.3366520529923107,-1.87514324561761
-1.338693399085323,-1.8694373410300131
-1.340140416777988,-1.8635021181244056
-1.3412131149084447,-1.8576040603948127
-1.3417361888750066,-1.8513422256802627
-1.3419449522593554,-1.8447732086993913
-1.3419354601047735,-1.8383630789162158
-1.3413875866971283,-1.8317830770093269
-1.3402957931270936,-1.8246493147354748
-1.3390582982473611,-1.8178054839088935
-1.3372848288688217,-1.8105408514366663
-1.334975377277197,-1.802731007299448
-1.3324026850688917,-1.7951297373705157
-1.3294093500383604,-1.787001808075656
-1.3258721086650678,-1.7783209341818098
-1.3220885049853457,-1.7697065416923474
-1.319079190281753,-1.7602279696954146
-1.3156452718366876,-1.7503402715490306
-1.3101256800703887,-1.7413888638947306
-1.304502692775338,-1.7325301943668225
-1.2983952618511387,-1.7231968637546897
-1.291825576783379,-1.7133937615006996
-1.2853843214486678,-1.7034800093122837
-1.2784697237565645,-1.6931022385180956
-1.2711994703367617,-1.6823632239432669
-1.263818342078747,-1.671724048658743
-1.2562386835067736,-1.6608904022312565
-1.248238596434703,-1.649629865296342
-1.2399889315198163,-1.6386032552458483
-1.2315821836670102,-1.6274250682420601
-1.222976636598773,-1.616471262183688
-1.2139275908817146,-1.6052149160446412
-1.2047998453419477,-1.5938824778970568
-1.1955151785632838,-1.582828724807085
-1.1859076715653072,-1.571623847027011
-1.1762281474224365,-1.560347484223061
-1.1664533326576005,-1.5492764607009017
-1.1563883847156322,-1.5382966464431191
-1.1463481592704976,-1.5273416222834857
-1.1361971876040555,-1.5167781495768429
-1.1258829995736308,-1.5063472546860144
-1.115722534168888,-1.4960683642023034
-1.1044727890351556,-1.4870121626237978
-1.0931477009112314,-1.478323208430377
-1.081767938030494,-1.4699664253327875
-1.0706806780318474,-1.4618977451540927
-1.059896453139791,-1.4540667272418164
-1.0492691959665603,-1.44666870667278
-1.0389086709446977,-1.4395333492039248
-1.029081355005791,-1.4325768984004268
-1.019347637120974,-1.4257909448158963
-1.0103026026440924,-1.4197040764963753
-1.0017577911090412,-1.4139399762781288
-0.9937074124193177,-1.4082585566641301
-0.9864808942795245,-1.403414187480746
-0.9795209082895442,-1.398884594934639
-0.9732777977532031,-1.3946871257540847
-0.9678282321072483,-1.3912836015374113
-0.962807921291206,-1.3885192855623278
-0.9587866553810445,-1.3863044006717147
-0.9560375130376589,-1.3853655503891034
-0.9537146473638097,-1.3850509632390764
-0.9525727991908663,-1.3854310129129708
-0.9528694012376229,-1.387256435933927
-0.9539263772077197,-1.3895561793256113
-0.9553803616859152,-1.3929059104006116
-0.9571789654279859,-1.3981439139347853
-0.9603996045015993,-1.4042808518682692
-0.9651355715439739,-1.4119602716846371
-0.9708049719482146,-1.4199989234887411
-0.9776168372431727,-1.4291819595788557
-0.985442924691687,-1.4393785340869099
-0.993436001085129,-1.4494233278099788
-1.0024482312786924,-1.460490610999005
-1.0120437020893158,-1.4721445627641252
-1.0219427679437543,-1.483525135563755
-1.0324081511036172,-1.4954723916465162
-1.043516525384664,-1.5080666826950433
-1.0546957268660289,-1.5205976728182196
-1.0659429993801952,-1.53318909117501
-1.0776622174227632,-1.5458269840422856
-1.0893709947715684,-1.5591682862405636
-1.1010228280912011,-1.5724473579757048
-1.1131118408876637,-1.585725766049451
-1.1250481626630824,-1.599578522568695
-1.136907300689326,-1.613350884624906
-1.149043059117057,-1.6270979886884471
-1.1602952723607998,-1.6419814071767382
-1.1716078758739734,-1.6569238501772325
-1.183124553234662,-1.671567910942905
-1.1945777463511587,-1.686287335638695
-1.205864373436548,-1.7008438652519766
-1.2170231047251483,-1.715410165114836
-1.2283743060549228,-1.7298072141496565
-1.2394204204958346,-1.7438998925759246
-1.2500656443045068,-1.7575940007629298
-1.2606043725367575,-1.7713823684668573
-1.270598313139645,-1.7846255377272562
-1.2801181502944665,-1.7973941832995681
-1.289397462520198,-1.8103737508313347
-1.2982957083348003,-1.8229812693664373
-1.3064676793788184,-1.8348471748597601
-1.3144196367952814,-1.8469046610478712
-1.3218004240473957,-1.8584046291663834
-1.3282365896720383,-1.869172997702069
-1.3344822404820154,-1.879701883677329
-1.3401801414442984,-1.8897679967425445
-1.3451122848211259,-1.8990512846656253
-1.3498586244989668,-1.9079554575037643
-1.3530083115326328,-1.9170896807210507
-1.3553654141263711,-1.9254071721265262
-1.3575539478663887,-1.9333616665689857
-1.3583543130040256,-1.9399646983510177
-1.3582409139836706,-1.945537903512035
-1.35770250627471,-1.9509754908872232
-1.3564464906701306,-1.954749448081567
-1.354221750965265,-1.9573081943083441
-1.3508650977172056,-1.95924297134689
-1.3461757051003336,-1.9598363827539622
-1.3407458391595908,-1.9599164852953836
-1.3343184225362594,-1.9589743689524715
-1.3270505492098132,-1.9572156535933187
-1.3196175354302966,-1.9555997182685354
-1.3112202500745178,-1.9529949128615816
-1.302364728901597,-1.949945126157574
-1.293263222554287,-1.9471089519392861
-1.2836009556132053,-1.9436970878953579
-1.2735205300196897,-1.9398793377989283
-1.2634707702376449,-1.9360349673605737
-1.2534256638142587,-1.93220422889679
-1.2429413847161705,-1.9279368307799936
-1.232775420484227,-1.9233913449407685
-1.2227146706790728,-1.9189576332872504
-1.2123830192791116,-1.914258196679747
-1.202228476942128,-1.909457438799313
-1.1920606246878207,-1.9048881406408125
-1.1818549320912317,-1.9002829330585007
-1.1726830365665957,-1.8946878616525131
-1.1632954216935663,-1.8891389533338774
-1.1540931170609132,-1.8837734500325296
-1.1450858351226052,-1.878468851376568
-1.1359876440523184,-1.873320172937113
-1.1271704188906393,-1.868447413181932
-1.1186576869917442,-1.8638064903722489
-1.110275834358423,-1.8593459893102635
-1.10226984202606,-1.8552591849766598
-1.094607626280318,-1.8513840648278013
-1.0872291267088265,-1.8477175460531161
-1.0803126655676107,-1.84451450729069
-1.0736548423905474,-1.8414709384948746
-1.0672516188648367,-1.838670334435088
-1.0613589955275136,-1.8363881436488831
-1.0557171556612048,-1.8341184875765661
-1.0503438524228044,-1.8321677363182272
-1.0455772901503475,-1.8306057485445917
-1.0410439064135677,-1.8292699246960582
-1.036399463701856,-1.8281213334939153
-1.031891615114542,-1.827497795245376
-1.0276119967318524,-1.8270901869765208
-1.0242094494992062,-1.8257392111301878
-1.0206606892034542,-1.8245173729962612
-1.017293905494795,-1.8234835278230825
-1.0144048307025093,-1.8229102770705272
-1.0113526442250917,-1.8224813250011607
-1.0084995756210502,-1.822258026808076
-1.0060841881451044,-1.8224564961546816
-1.003517679944972,-1.8227887530551314
-1.001278517301346,-1.8234591530997786
-0.9994877634043707,-1.8246187221935335
-0.9977170128301426,-1.8258404563764514
-0.9963041499813677,-1.827431955911247
-0.9952333672779382,-1.8293764973466466
-0.994258079671248,-1.831397271397931
-0.9936718790010495,-1.8338201836911896
-0.993265436658241,-1.8365934432632962
-0.993005243863519,-1.8394274038933323
-0.9931106792287239,-1.8426393532088934
-0.9932890598542718,-1.8461905934266498
-0.9937068313961314,-1.849765465395516
-0.9943733603581234,-1.8536095001860555
-0.9946984864648089,-1.8582456555981788
-0.9952166062262446,-1.8629624556105908
-0.9957182820962671,-1.867796119258915
-0.9963616176474551,-1.8727762126990162
-0.997342306666343,-1.8776460434533806
-0.9983660796448841,-1.882477354741973
-0.9993762627719528,-1.887300560543566
-1.000405320699555,-1.8921369347364925
-1.0015651968360075,-1.896857488638389
-1.0027807234547177,-1.9016450830548286
-1.0039127202153681,-1.9063429807068477
-1.0051616351690098,-1.9109375328564313
-1.0062748999059334,-1.9154083051773059
-1.0071902967152793,-1.9196688655290397
-1.0080805772339745,-1.9239512808377635
-1.0087734916041442,-1.928045881017496
-1.0092624661450424,-1.9319236800003896
-1.0096768991338299,-1.935866807381682
-1.0099476789061708,-1.9396767361988445
-1.009995389045892,-1.9432566049868425
-1.0099557069103258,-1.9469131169879923
-1.0096795000054941,-1.9503342437808167
-1.0093581047063356,-1.953702015396971
-1.0088497989165266,-1.9572338370183722
-1.0077182910614504,-1.9613520305589376
-1.0065332243486125,-1.9654143697601705
-1.0056260263927093,-1.9693808259896284
-1.0046782820447537,-1.9733376922387817
-1.0037462607122851,-1.9773105758929128
-1.0028781975167673,-1.9813443170843978
-1.0019621800363208,-1.9854199327420554
-1.0012166883255202,-1.989665306056145
-1.000434582291023,-1.9938720638183873
-0.9997123717518343,-1.9980259759673609
-0.9990449824049668,-2.002237409349151
-0.9984925644656988,-2.006563295304555
-0.9979801825605243,-2.010853799024519
-0.9973410101414303,-2.015017834283809
-0.9968449867771094,-2.0192724969143114
-0.9963813236405028,-2.023419625700128
-0.9958734729797221,-2.0275222066321796
-0.9955322078859499,-2.031773546652666
-0.9953092161920778,-2.0357621204353276
-0.9949882476321986,-2.0396521144679824
-0.9948637455218333,-2.0435628227336258
-0.9947765025000324,-2.0472527850989755
-0.9945542623110455,-2.0508037520386595
-0.9946561108284896,-2.054413351801838
-0.994111896212438,-2.058490597915274
-0.9936117887278343,-2.062326767585772
-0.993599930811825,-2.0655226030621305
-0.9935973101117028,-2.06874078344868
-0.9937390326036051,-2.0718329868326952
-0.9938410665451198,-2.074880377672297
-0.9938985389995512,-2.077893478462692
-0.9940607293289659,-2.0808153553442374
-0.9943704064025743,-2.0838714539531424
-0.994747425529438,-2.0870056649488413
-0.9951001319383701,-2.090161529831709
-0.9955155367683038,-2.0933604203805176
-0.9960940705827672,-2.0967335553524875
-0.9965860039694738,-2.1001827226951697
-0.9973163106443141,-2.1038508333806227
-0.9983244313264152,-2.107815457832651
-0.9997710508668556,-2.1123875973278916
-1.0016563568106929,-2.1174184976953345
-1.0040089072524565,-2.1232750080523153
-1.007742693251762,-2.130424448259774
-1.011222823545364,-2.1376797507813334
-1.014260943645768,-2.14548197071503
-1.0181819691657186,-2.1539664479386063
-1.0228475379361368,-2.163319890166189
-1.028133657256176,-2.1732621714390112
-1.0345880411668553,-2.1837594301697445
-1.0420702488583422,-2.1940480135070506
-1.0499331191066879,-2.204086009969536
-1.0584951397485804,-2.214868740210662
-1.0674289926325489,-2.2256071756159312
-1.0766530448649398,-2.236196847816524
-1.0863236853474512,-2.247262709320476
-1.0963776408376256,-2.258345884722656
-1.1062136487345153,-2.269463849255865
-1.1162239355596164,-2.2807644309186315
-1.1264585267458884,-2.2921809936097737
-1.1363792823987957,-2.303887188313881
-1.146071149687949,-2.3153537545063907
-1.1556828404510378,-2.326754638245468
-1.1651841050090368,-2.3383738780938472
-1.1743187171183542,-2.3496090969742918
-1.1831890300991026,-2.3607313516479174
-1.1919671002900072,-2.3719675548558903
-1.2003778152283309,-2.3828188736704403
-1.208232128042702,-2.394252774227599
-1.215905041273559,-2.4055150093639175
-1.223516323789035,-2.4166372390607185
-1.2308971765273593,-2.427787202422732
-1.2380356711972587,-2.438707900805231
-1.2451430528538883,-2.449312789588154
-1.2527089874599289,-2.4592614631750505
-1.2598944586903378,-2.469100463334204
-1.267302597142227,-2.4788233724492357
-1.274508914125364,-2.4883345627641202
-1.2814576883652253,-2.4977336041625495
-1.288563538504752,-2.506928740456467
-1.2955154302967788,-2.515962356375111
-1.302224682786703,-2.524803934191678
-1.3088376374198953,-2.533343737166233
-1.3149973901744156,-2.5414290105337356
-1.321306652159266,-2.549388640931015
-1.3272512442622109,-2.557003933983817
-1.3328895563846912,-2.5642978782769004
-1.3386585221047558,-2.5714824805308605
-1.3441056562753346,-2.578363305290733
-1.3490721249908086,-2.5847396804394487
-1.3536353240779566,-2.590501329777347
-1.3576694789987955,-2.5957143277640817
-1.3609213028168796,-2.6003731497646583
-1.3627413011435172,-2.6036126355129103
-1.3646886644442435,-2.6067461307176902
-1.3671213532648507,-2.6093698476718963
-1.3687158812859626,-2.6111969257868224
-1.369662864433265,-2.612252521816786
-1.369982096377303,-2.6127156505947045
-1.369329109593973,-2.612406167457207
-1.3682623581615632,-2.6116304544231457
-1.3669804778708694,-2.611265508403703
-1.3649132456456237,-2.6100760602715667
-1.36265622858305,-2.6087764278909713
-1.3603332571363196,-2.60784278802698
-1.3574657465809203,-2.6063373918746384
-1.3543413197673806,-2.6047102416472674
-1.3515441986734267,-2.6031514245856027
-1.3485523276846447,-2.601388114488347
-1.3452538763299846,-2.599582476021933
-1.3424816486265945,-2.59768806477779
-1.339859957571925,-2.5959518553104153
-1.3372442809278258,-2.5943438433472816
-1.335167716873711,-2.5929224224204077
-1.3335020155855848,-2.5919327104066556
-1.3319144553549858,-2.5912118163923346
-1.330880657823432,-2.5908124904833416
-1.3297775703955363,-2.5909712552607576
-1.329342054191003,-2.5910564542961243
-1.3289737657733087,-2.5914790465274216
-1.3290495744971542,-2.5923917720042735
-1.329582954364695,-2.5937853397169532
-1.3308890898278596,-2.5959258759915715
-1.3330582960037176,-2.59885594828779
-1.3354416276306578,-2.6019938249193877
-1.3390779248194695,-2.605468782930872
-1.342476392448987,-2.6090457517173817
-1.3465845573323547,-2.612129718287433
-1.3512982665806679,-2.615830138263694
-1.3556967746707635,-2.619585481192091
-1.3608195574965498,-2.6228621720549707
-1.3665006230552197,-2.6267013594980937
-1.3718909857731,-2.630477082244162
-1.37819153810505,-2.63404304415593
-1.384503032488288,-2.6378443113260657
-1.3905559912326704,-2.641401320638553
-1.3972028652494626,-2.6446573123674604
-1.4042738448215404,-2.6474043215622913
-1.4112416227134987,-2.6500416747948834
-1.4179479174970668,-2.6524457928905565
-1.4249708970972659,-2.6545868873196263
-1.431869877556198,-2.6565900162210854
-1.4386880488940839,-2.657950817749575
-1.4458536306418415,-2.659200684385316
-1.4528485282747712,-2.660137875697086
-1.4594258111315885,-2.6606787701537127
-1.4662871099615409,-2.661084271774852
-1.4728786877453781,-2.6612064229928714
-1.479106406322377,-2.6609824504219524
-1.4855198204154931,-2.6606206491462796
-1.4914919524470573,-2.659875036686466
-1.496978972098057,-2.6586679663528425
-1.5026335851192567,-2.6572169887432735
-1.5078709073330034,-2.6552537246289805
-1.5124597695507314,-2.652673341559201
-1.5172913469920983,-2.649902573737126
-1.5217801695757662,-2.6466421516852496
-1.5256412356614226,-2.6427830213640844
-1.5298321609147802,-2.6387595659408167
-1.5336784781623687,-2.634109637002437
-1.536958470761664,-2.6289179090813595
-1.5413211740733794,-2.622488735325924
-1.5459780630571747,-2.6158131581931463
-1.5493590123084693,-2.607880085249752
-1.552846257924173,-2.5995350008406977
-1.556101918997183,-2.5907655939823457
-1.55857024275626,-2.581208919039154
-1.561503515814826,-2.571160434889618
-1.563663367962799,-2.560339425715446
-1.5655620475983898,-2.5489476908409765
-1.5671093211215859,-2.536980867644375
-1.5678977939743242,-2.524250187495354
-1.5677203035009382,-2.5105319588159
-1.5664219030561317,-2.4962198607757666
-1.5647565658364182,-2.4815489621993794
-1.561558944334329,-2.4662446627883052
-1.5581829042340134,-2.451180578759675
-1.5540414511582838,-2.436576166411418
-1.5490464694288937,-2.4210844374371936
-1.5438810327313264,-2.4059425969118022
-1.5379804308195142,-2.3912935371180444
-1.5314145824632994,-2.3759546817710206
-1.524902175824466,-2.3608799545943713
-1.5176024760760165,-2.346157266281531
-1.5114322191455543,-2.3298165862562943
-1.505364747995672,-2.313555281539629
-1.4987262218227388,-2.2977793451155644
-1.4913632775225305,-2.2822726113482936
-1.4837538361764755,-2.2665118816814416
-1.4765752594813528,-2.2511138225937244
-1.4687506754985444,-2.23561648009493
-1.460723260052424,-2.219910677195261
-1.4530466640803965,-2.204544443036907
-1.4445911403448775,-2.1888879114005464
-1.435971938119869,-2.1730635114831247
-1.4276798566479738,-2.157679625892967
-1.418735271450131,-2.1420856673995883
-1.4095126961558175,-2.1263294261276395
-1.400201343930512,-2.110488286325549
-1.3906828693537376,-2.0948286495256476
-1.3806762942733788,-2.078695270791147
-1.3710025247978999,-2.0629413037447732
-1.3602483481496568,-2.0465250205531222
-1.3499012779832333,-2.030627074180127
-1.339384382115622,-2.014550282992789
-1.3302446081418142,-1.9968276042626127
-1.3210961107764623,-1.9790412484496351
-1.3120611872773797,-1.961348885750086
-1.30236287252858,-1.943692312107831
-1.2927124070204097,-1.9260872167861804
-1.2832660317492013,-1.9086830039653626
-1.2726189071316183,-1.8926246009041183
-1.2614263619631054,-1.8764277547266426
-1.250857959609171,-1.8608613479107763
-1.239884814253701,-1.8456558702271408
-1.2290220957620177,-1.830546754390227
-1.2182662028379603,-1.815560788306603
-1.2072196769176984,-1.8008374676468792
-1.196382090690965,-1.7863061557231972
-1.1858679583056844,-1.7721119328290265
-1.17497541200248,-1.7582592604406475
-1.1642757048337564,-1.7445855848974559
-1.1540316667428792,-1.731379242935709
-1.1435849333489494,-1.7183607926004845
-1.1332603490608344,-1.7054579851947316
-1.1235158436967294,-1.6931455565896276
-1.1136682263663091,-1.680932979045016
-1.1046686688509957,-1.6679853182365698
-1.0961183730527095,-1.6554989595931893
-1.0879376148041187,-1.6428526275354425
-1.0794696465370188,-1.6305978205619787
-1.0714269771875506,-1.618779480024597
-1.0636533019517498,-1.6070091438435357
-1.0557032368141934,-1.5957295337934192
-1.04648826660502,-1.5858946309195976
-1.0376162266533153,-1.5764074104939296
-1.0285620927898418,-1.5670891581782747
-1.019694444552272,-1.5579488310540037
-1.011205558027668,-1.549194329560667
-1.0024768996203488,-1.5406608310751186
-0.9938045523748849,-1.532171718282514
-0.9855092554155978,-1.5240865518263917
-0.9770538857705268,-1.5158451371663846
-0.9688346423010539,-1.5078203804125292
-0.9609949930001034,-1.5002256080676137
-0.9530289497409882,-1.492383903556975
-0.9452812954640057,-1.4847455593736023
-0.9380091840714342,-1.4775951353631183
-0.9309043918362185,-1.470608051649195
-0.9236949562584216,-1.4634530056333868
-0.9174143319871091,-1.4571464314488685
-0.9106405762235542,-1.4513965654909773
-0.9045874587510364,-1.4463669936556331
-0.8984593957458606,-1.4411620713854763
-0.8929475529921522,-1.436639712778545
-0.8856951213861171,-1.4337977689069081
-0.878770863295737,-1.4313508082773654
-0.8721557987816397,-1.4292499920934363
-0.8658761690124216,-1.4272912860949758
-0.8599508887021082,-1.4256937548454491
-0.8541489459205668,-1.4243181135990208
-0.8485101194223629,-1.4228619796673
-0.8431405878597406,-1.4216802541740297
-0.8380081181140671,-1.4208603879620214
-0.8331160246115187,-1.4200263530783457
-0.8285052017341724,-1.4194791374530875
-0.8239991515997547,-1.419297233094959
-0.8197769667433911,-1.419179943793911
-0.8159805591713041,-1.4193962618454228
-0.8124009208253341,-1.4198224183370536
-0.8092320702793524,-1.4198763232536291
-0.8064233409614839,-1.4202985414551645
-0.8037253865273887,-1.4208277534243154
-0.8015398807698344,-1.42089186855965
-0.7984759348199164,-1.4224688681466175
-0.7954026058749502,-1.4240363346681557
-0.792635084582652,-1.425326023499363
-0.7892013521520258,-1.427521883421663
-0.7858825217463002,-1.429827754820613
-0.7823651138123701,-1.4321523859106648
-0.7794081624425907,-1.4343607624088535
-0.7762429362236538,-1.4365558270663803
-0.7731199631469577,-1.4387918446770562
-0.7703780003044334,-1.4407468831304473
-0.7676408116612282,-1.4426782467993524
-0.76500351594251,-1.4447065911908266
-0.7627195306300089,-1.4466057322870487
-0.7605713504417069,-1.4485587098438149
-0.7585436788583901,-1.4506287212342777
-0.756940409321368,-1.452726897056182
-0.755789189077649,-1.4550050270975425
-0.7546791037526104,-1.4573052586493627
-0.7538645301448756,-1.4599000498848538
-0.7534956595950066,-1.4626077328387315
-0.7531786890117389,-1.4653272457661943
-0.7524808939227613,-1.468871140598786
-0.7520616299554657,-1.472544109136999
-0.7516914913824272,-1.4761450993513399
-0.7514655758071525,-1.4798864842946537
-0.7514571327156772,-1.4836985714431907
-0.7513801908919377,-1.4875202459127959
-0.7516516475595677,-1.4905883243014306
-0.7521350769386856,-1.4937225221761015
-0.7527170572942972,-1.4969587238074107
-0.753212288956069,-1.5000424238861856
-0.7539880741054643,-1.5030926479958413
-0.7547977596859908,-1.5061782452672388
-0.7554632487527184,-1.509094529757357
-0.7563756757068055,-1.511910538271398
-0.757312764389179,-1.5147523821732294
-0.7581982122259575,-1.517442752033761
-0.7591237655110737,-1.52003224484084
-0.7600653995503753,-1.5226387169078421
-0.7610071279606474,-1.525114649270283
-0.7619328794259321,-1.527403819010383
-0.7627885178351225,-1.5296210210616212
-0.7638028922785091,-1.5317291787492517
-0.764678288821919,-1.533643316502331
-0.7655637001417828,-1.5352683139699626
-0.7665229607325396,-1.5369707952025162
-0.7673813310716386,-1.5387652745450944
-0.7681724737026403,-1.540484453705206
-0.7689359628658424,-1.5421828373972597
-0.7695390467854626,-1.5440269514968012
-0.771266114105976,-1.54458339227074
-0.7730441791061555,-1.5451973312230154
-0.7748034796486911,-1.5458285396622222
-0.7768384882053427,-1.5467205553271128
-0.7790523738626444,-1.5478065729272508
-0.7813678399597453,-1.548801172857927
-0.7841605249524761,-1.5502555917802663
-0.7875669316560153,-1.5521414919236691
-0.7907694058463985,-1.5538507997878688
-0.7948315426508883,-1.5563885084357088
-0.7997615367452796,-1.5598498636635714
-0.8046970355198972,-1.5629999501378873
-0.8102337263680122,-1.5667244602292305
-0.8168523960678844,-1.571650670507401
-0.8240158233356389,-1.5758098545328696
-0.8310996312150226,-1.579877559912423
-0.8396748237363427,-1.5845164035937163
-0.8482282854505849,-1.5891328929621675
-0.8570189437297682,-1.5932080458764863
-0.8656399013693226,-1.5974962487952666
-0.8746135014975361,-1.6021462212323125
-0.8844635771168552,-1.6064440995150815
-0.8938097800375293,-1.6112251451631814
-0.9029759048030895,-1.6158198254959955
-0.9124406239194661,-1.6207028919873465
-0.9214257794523941,-1.626017783440121
-0.9301001474672117,-1.6310124535287676
-0.9390017422985849,-1.636226966138615
-0.9476975858167523,-1.6416265722081824
-0.956264210911556,-1.6468930657943388
-0.9649927662448669,-1.6523163727392092
-0.9736490657570374,-1.657804750941322
-0.9824035206173077,-1.6633938841737976
-0.9912891149717029,-1.6691100734716697
-1.0001173273543602,-1.6748778523273136
-1.0090334711351077,-1.6807424912569624
-1.0180976717368762,-1.686672527522715
-1.0271145970746078,-1.6926977912560652
-1.0362527165597488,-1.6988473855566781
-1.0455358266570072,-1.70499823290846
-1.054766879614497,-1.711271618730473
-1.0644243389950252,-1.7171252230344844
-1.0741333928919357,-1.7230327462140587
-1.0838892573115584,-1.728899027165274
-1.093548397870872,-1.7350617193094418
-1.1029955159838634,-1.7410125128469358
-1.112475217301046,-1.7469349058259975
-1.1218689618910342,-1.7527736654189443
-1.1311041445805372,-1.758449679987791
-1.140356794698517,-1.7641106345399915
-1.1494980252310694,-1.7696631723584644
-1.1584854148295178,-1.7750578828154484
-1.1675716175676254,-1.7803659096291145
-1.1764519285290465,-1.7854735484283601
-1.1850676840116796,-1.7903099434553646
-1.1938335445542958,-1.795404585999175
-1.2020131936901226,-1.7999332700553838
-1.2098838327668981,-1.8041345807672988
-1.217796560891619,-1.808299090967095
-1.225032626654372,-1.811814801531188
-1.231453305493093,-1.814491279157342
-1.237864996429515,-1.8171758872539987
-1.2437337850214276,-1.8193386612550477
-1.2484638527569456,-1.8203355396206773
-1.2526408461010663,-1.8218168456900858
-1.2567360725614924,-1.82311320084594
-1.2590785060614527,-1.8238663676116225
-1.2614072092061202,-1.8246064108235767
-1.2633777660586252,-1.825754529638782
-1.265223627372908,-1.8267336496655455
-1.2667053198928866,-1.827339381044665
-1.2677145506800291,-1.827818816044868
-1.2690201590661967,-1.8277570123291793
-1.2704773843479271,-1.8278527158415525
-1.2716116810591522,-1.8278658443997402
-1.2728350169476181,-1.8272070474896973
-1.2745110447775325,-1.8268059928614695
-1.2759507803724979,-1.826174582152856
-1.277446693133969,-1.8253485044236115
-1.2793049496009758,-1.8245112352174815
-1.2809143772014617,-1.8234311788466262
-1.2824778943437658,-1.8224818219934085
-1.2843286036117718,-1.821226953766942
-1.2860573835757012,-1.8198529188816408
-1.2876745080254304,-1.8186067356787776
-1.2895236131755463,-1.8170757545545178
-1.2911890243341186,-1.8154438116811058
-1.2935687179391944,-1.813022803830588
-1.295669526777079,-1.8103253598874993
-1.2978164617880787,-1.8076156881525935
-1.2998424980752876,-1.8047875747022755
-1.3016434399119894,-1.8022608260079904
-1.303350428348825,-1.7996377159584016
-1.3048733585027548,-1.7969823998410905
-1.3064068719860504,-1.7941538780949273
-1.307896318549537,-1.791279849686117
-1.3092403781206208,-1.788438308550683
-1.3105722482605857,-1.785595480044655
-1.3118344926280336,-1.78268117604149
-1.3129112030111543,-1.7797240304502955
-1.3139390219378335,-1.7767448025636978
-1.3148216708838263,-1.7736172128644365
-1.3156257015620603,-1.770519989178191
-1.3162099924924657,-1.7673445082600492
-1.3165419675576935,-1.7639117151076922
-1.316599388150995,-1.7600739501811766
-1.316473176625047,-1.7562266971215406
-1.3158307557559503,-1.751861501648669
-1.3148895847637538,-1.7472602302399118
-1.3145056624274403,-1.741587898292822
-1.3138955456913006,-1.7359575633162259
-1.3126745425593083,-1.7300167544854457
-1.3110596039008615,-1.723684209210315
-1.3092334410389774,-1.7175193575690078
-1.3064644801440786,-1.7106962817118196
-1.3035026625360993,-1.704055802195024
-1.3003130413473336,-1.6971946606722355
-1.2966606929370987,-1.6898632623746936
-1.2929362583083466,-1.6825957963206208
-1.2890470365041002,-1.675171431589156
-1.284756179410643,-1.667340034034384
-1.2808963410078202,-1.6591292369791057
-1.2767965939448966,-1.6506873422023394
-1.2724261078097834,-1.6419689850819752
-1.268415803651925,-1.632932509779763
-1.2642818241426321,-1.6237786643277694
-1.2598804389762148,-1.6145586972362198
-1.255973744428086,-1.6052562709887233
-1.2517732069247045,-1.595666461701821
-1.2471309190457138,-1.5860104627643343
-1.2428299114413912,-1.5764475065467929
-1.2381971683413011,-1.5665560689914597
-1.2329600061483625,-1.5566516984149985
-1.2283592471170133,-1.5463502151026098
-1.2238805070078633,-1.535910508810722
-1.2188490278191664,-1.5254358192198685
-1.213729047512179,-1.5148679791692092
-1.2079091378946942,-1.5050211763044274
-1.20199089864941,-1.495077425154181
-1.195704673182764,-1.4849642527643314
-1.1891742106503802,-1.4747467107190793
-1.182277178077842,-1.4644795384547156
-1.1752573019881067,-1.4541588232976095
-1.168152453585111,-1.4437498915035165
-1.1609023084473409,-1.4333827625961273
-1.153673540691661,-1.423110684130717
-1.1464358569799857,-1.4128286640021612
-1.1392054483006302,-1.4025428359987888
-1.1320288187817722,-1.3924781233994645
-1.1249850965622035,-1.3825454978905238
-1.118027389346223,-1.3726716400467949
-1.1111522717159399,-1.3630473036136455
-1.1044663622500515,-1.3536115856834956
-1.0978643692686627,-1.3441018128411903
-1.0920316407380217,-1.3341308169150599
-1.0863641734558842,-1.3243238714424588
-1.0808965229755632,-1.3145413963997206
-1.0758853635553742,-1.30492965369928
-1.0710856824002124,-1.2955276954662147
-1.0655858117422006,-1.2870425612841916
-1.0602702187786128,-1.2783911777871713
-1.055421115014773,-1.2702099802713993
-1.0506620204681762,-1.2622726817505614
-1.04606972769716,-1.2541224605405235
-1.0421799755956154,-1.2468363438975396
-1.0382530572942092,-1.2392416470715313
-1.0345515897906534,-1.2318704013045618
-1.0312427667395843,-1.2250318361608874
-1.027918479018923,-1.2180461102103424
-1.024827411560442,-1.2112916107394933
-1.0220451376418562,-1.204973702050379
-1.0189677120815943,-1.1988321388785963
-1.0162161055931638,-1.193013844126529
-1.0136980139078287,-1.1875871588031162
-1.0107957422476703,-1.1822185078257323
-1.0083347706293886,-1.1772879538164167
-1.0060859969730542,-1.1724659111353095
-1.0033721765338819,-1.1677535174663385
-1.0014242193812068,-1.162983931039606
-0.9996212090938322,-1.158361972310205
-0.9976849121570083,-1.153862504342073
-0.9958955429083401,-1.1495075322152952
-0.9942433444660816,-1.1452929803538696
-0.992037392796236,-1.1416739227419437
-0.9894865123491884,-1.1379695176559437
-0.9871014001904271,-1.1344299673830343
-0.9849587069595127,-1.1311076501574593
-0.9827059683717142,-1.1277579267461446
-0.9805573079259233,-1.1245117832286815
-0.9786861664628589,-1.121481275678316
-0.977005375854112,-1.1185012339876153
-0.9753697210052482,-1.1155686072027347
-0.9739168378261079,-1.1126839377659188
-0.9723261717343457,-1.109662922716355
-0.9707249466716865,-1.1067434748672285
-0.9689094991472817,-1.1035386648905616
-0.9670161181746173,-1.1002556419883234
-0.9651243981044922,-1.0969704303064707
-0.9630296188052855,-1.09331831677636
-0.9607296600119349,-1.0894600652052218
-0.9584391495601973,-1.08545683136905
-0.9562956377333908,-1.08130880069132
-0.9537139723705357,-1.076724555535682
-0.9508738968866653,-1.0718994778993431
-0.9475350197800135,-1.0676334896519568
-0.943844219125485,-1.0630174500000171
-0.9398162143967762,-1.0580625587565162
-0.9358310807551453,-1.0530683716647526
-0.9315352979741874,-1.0477651419100436
-0.9269456264139995,-1.0421666162647945
-0.9225153679581425,-1.0364214929132578
-0.9177877098927258,-1.030380439230594
-0.913055704511782,-1.0241775673268705
-0.9085073375947419,-1.0178680979179793
-0.9037971392774026,-1.0112381560303716
-0.8991133688290212,-1.0046346156466446
-0.894505048150852,-0.9981373718578213
-0.890017935620396,-0.9916246156024109
-0.8855385120941115,-0.9851194430403073
-0.8809356036187398,-0.978885412022879
-0.8767438190108132,-0.9729359318030318
-0.8725727985287838,-0.9670072624515695
-0.8682631289804134,-0.9613361373070981
-0.8644806279348157,-0.9560345803640451
-0.861072935268404,-0.9511092691044303
-0.8576094196481189,-0.9462543102239129
-0.8543913502340177,-0.941888103344666
-0.8515823014316999,-0.9379324154463301
-0.8486213414186078,-0.9350925340533772
-0.8460286389802979,-0.9326215268065098
-0.8437343892480544,-0.9312359262272254
-0.8428492328105842,-0.9312574667708226
-0.8415830154475824,-0.9319193210219249
-0.8414705090380064,-0.9336070603624026
-0.8419201476048351,-0.9364303696949099
-0.8431348583300468,-0.9400148618738823
-0.8446483741117949,-0.94332095154903
-0.8471162098199385,-0.9475847579776878
-0.8496715348270818,-0.9519352529856665
-0.8528548382731502,-0.9557028463451912
-0.8570555956805925,-0.9604921113687762
-0.8612556232120739,-0.9652805908943769
-0.8656699395334719,-0.9698700834897359
-0.8707207431627374,-0.9750972440289215
-0.8758231119753366,-0.980277225866961
-0.8811418957114512,-0.9856726173154201
-0.8864960569250339,-0.9913002100793739
-0.8916339227897712,-0.9967145724768348
-0.8968913419203631,-1.0022479053308606
-0.9022125042139083,-1.0080759948844473
-0.9071584144533315,-1.0136823228406184
-0.911673660296454,-1.0189863516213922
-0.9165518700610359,-1.0244738318948567
-0.9215977768534838,-1.0301296960677597
-0.9261214096106896,-1.0354341268916916
-0.9312178110806348,-1.0408366893810268
-0.9365329208206316,-1.046458926108352
-0.9412799090183979,-1.0518857723182866
-0.9465706554924185,-1.0575203257613435
-0.9522104201269481,-1.0635054711224212
-0.957480491192002,-1.0695099760056002
-0.9630074102745925,-1.075797971243785
-0.9687471147592354,-1.082299706426353
-0.974268261941082,-1.0888726792564059
-0.9799696661594649,-1.0957453415791238
-0.9858271174812206,-1.102774727078273
-0.9918101632291659,-1.1098977329435529
-0.9975582840319109,-1.1171387768921675
-1.0034287045151458,-1.124502627118795
-1.009940189732313,-1.1316544521447713
-1.0158901349735587,-1.138662597267124
-1.0222250328576927,-1.1460547325068031
-1.028575469160475,-1.1534316557421742
-1.0347512870055604,-1.1606348551945882
-1.040760594425481,-1.167670620022755
-1.0465285805628535,-1.1749135338407375
-1.0522010215881474,-1.1819224257048628
-1.057750413314937,-1.1888074994185298
-1.062927187861436,-1.1951353500855013
-1.0679769740770666,-1.2013337666902129
-1.0727714852434247,-1.2064842260689879
-1.0761528846377622,-1.2105156644332675
-1.080140903464213,-1.2141344450498883
-1.0830706119957507,-1.216701386728688
-1.0854281625447761,-1.218533248138037
-1.0872616914890734,-1.2198441134789704
-1.0886860138948873,-1.2213471459830765
-1.089107745688948,-1.2220460935660726
-1.0897529777388597,-1.222967234424422
-1.0896867675703537,-1.224448708212585
-1.0886415568639238,-1.225116230661138
-1.0877220310409583,-1.2259085260849987
-1.085897639981833,-1.227649495438372
-1.08377509521977,-1.2290903569426952
-1.0815587570912866,-1.2306149695449176
-1.0794207296326441,-1.2322170364403648
-1.0773528035659055,-1.233692798059934
-1.0754258935823948,-1.2354525387807707
-1.073647735686973,-1.2373596650570498
-1.0720349974456256,-1.2392024453490385
-1.0707067591182164,-1.2413534900662264
-1.0698142330235136,-1.2439366805697072
-1.068848086016988,-1.2466238105049385
-1.0679606198480516,-1.2493931848877469
-1.0675608312653206,-1.2526458792288944
-1.0669351566951006,-1.2561441310303725
-1.0663948360275528,-1.259573590383882
-1.0664871429007496,-1.2634235069976016
-1.0663802963096851,-1.2674070998133784
-1.066476616480494,-1.2713427121676857
-1.066828878030274,-1.2755312605806386
-1.0674473921069685,-1.2797686302789615
-1.0672150896535912,-1.284841201398944
-1.0671625483705478,-1.2900912371628828
-1.0672394865162325,-1.2952236608079035
-1.067451469146659,-1.30049189598209
-1.0677166438201378,-1.3058122999206767
-1.068222570031826,-1.3109147356998163
-1.068871876894155,-1.3161616471788247
-1.069475586303202,-1.3218190969331938
-1.0702094183262596,-1.3273587488735659
-1.0707929205041449,-1.3327522157278984
-1.0720132349134623,-1.3384140696211422
-1.0729679932162062,-1.3438107574163571
-1.0741443468880982,-1.3494314505895193
-1.0758820619293992,-1.3550383154155048
-1.0774854218301257,-1.3603886276392572
-1.0793907786384063,-1.3660445561948853
-1.0816267390976397,-1.3717673990932477
-1.0839408190642117,-1.3771379532189307
-1.0866074414447282,-1.3828655296072538
-1.0895014420875886,-1.3885305772101884
-1.0925177148938607,-1.3939509971951305
-1.095617202107805,-1.3994559747043653
-1.098946065491131,-1.4047824729185168
-1.1021479135580081,-1.410009048984229
-1.105173496427483,-1.4156323220720708
-1.1083944745213716,-1.4212502530781466
-1.1114614848504139,-1.4267169043641794
-1.114540737298467,-1.4322586251877596
-1.1176672386780018,-1.4376783732444025
-1.120844420702915,-1.4431486134312774
-1.124680189266552,-1.4478878232911543
-1.128506099958562,-1.452617189918644
-1.1323189944814083,-1.4571448366563797
-1.1361957367791076,-1.4615379133859423
-1.1401314347230351,-1.4659908180390895
-1.1440134854543476,-1.4702506331416496
-1.148029355563426,-1.4744302257583992
-1.1518381046303532,-1.4784045238944716
-1.1555375887346,-1.4822460636253167
-1.1591966528921287,-1.485995745290641
-1.1627431321609825,-1.4896339758949755
-1.1661781117825882,-1.4931558941857026
-1.1695955980754988,-1.4965887329115224
-1.1730121696319358,-1.500020078587593
-1.1763060785700719,-1.503481529864482
-1.1793905385527708,-1.5068425782829629
-1.1825084016506515,-1.5102366080205694
-1.185254065057006,-1.5135069458458128
-1.1879961187505352,-1.5165937035099353
-1.19039286629559,-1.5196976022083395
-1.1936304310731431,-1.5219456624620586
-1.196683273932911,-1.5240096045771314
-1.1995621648478787,-1.5262287399313479
-1.202374083776204,-1.5283778880311423
-1.2049543792494444,-1.5302968106433192
-1.2073957605614924,-1.5323395311002324
-1.2097190179035664,-1.534260501656312
-1.2116811566383512,-1.5358263037988615
-1.2136744334702976,-1.5373646709196682
-1.215580571083001,-1.5388113592642563
-1.2170379067235275,-1.5398156103090297
-1.2184907867857624,-1.5408240167681437
-1.2197707176318353,-1.5416541638226742
-1.2207902150598802,-1.5422275928638556
-1.2218221251887744,-1.5427901095931635
-1.2225653402175758,-1.5430562600950826
-1.2231347976791036,-1.543151645635425
-1.2235026621465461,-1.5434260918048597
-1.2235516099419825,-1.5433757590296981
-1.2235505970747262,-1.5432835570868078
-1.2234146187699018,-1.5434248773637114
-1.2232994733877316,-1.5433273397110479
-1.2232133586747098,-1.5431778440190744
-1.2231795547782978,-1.543056613517235
-1.2234752537868594,-1.5425790299875761
-1.2236758418218858,-1.5420053335942672
-1.223981273549292,-1.5414016151004946
-1.2241855993394821,-1.5406361894093834
-1.224521377492465,-1.5398357653534773
-1.2247424133940257,-1.5389223023743916
-1.2249968704063685,-1.5378720456771588
-1.2252488598127345,-1.5368192927025894
-1.2256465862328298,-1.535910249414424
-1.2261081009246648,-1.5349445492149993
-1.2264747995316019,-1.5338828684424173
-1.226905623385018,-1.5328844571065816
-1.227432659577389,-1.5318005837833653
-1.2281447503526257,-1.5308998482642144
-1.2289038958792429,-1.5300487201383433
-1.2299161207559692,-1.5289727484785673
-1.2311919037620405,-1.5281611084120652
-1.2329149098129861,-1.527091537471539
-1.234582654925903,-1.526039513458938
-1.236395756403176,-1.524820861046056
-1.238379889852013,-1.5237751924878618
-1.2403125067884968,-1.522776492029043
-1.242381189327741,-1.521640870133457
-1.244533173827038,-1.520589386053964
-1.246630039381788,-1.5196635691417946
-1.2489799473744405,-1.5185130437084546
-1.2513741204299156,-1.5174079726854968
-1.2537964439366123,-1.5163321001307721
-1.2564279117549098,-1.515070584796494
-1.2590606625696168,-1.5138116000975896
-1.261710696112628,-1.512570777917989
-1.2645792880634976,-1.5111360296255045
-1.2674065478320158,-1.5096604687823596
-1.2700394571589653,-1.5079914791328166
-1.2727565328643589,-1.506247873012614
-1.275283770500002,-1.5043142978377697
-1.2777300956152717,-1.5022999375849049
-1.2800145932866043,-1.5004292755756046
-1.2820476484533974,-1.4983062963212412
-1.2840063038330602,-1.4961089481393266
-1.2856869344924904,-1.4941583628871729
-1.2878116207973371,-1.4914076521655055
-1.2897000247663788,-1.4884219121277673
-1.2914471344197878,-1.4853468041437252
-1.2929374778293328,-1.4823803851838993
-1.2941366302538673,-1.4791176180518806
-1.2950577065804474,-1.4755750993539334
-1.2956783625261739,-1.4723278297437579
-1.2959728099057277,-1.4688376746826177
-1.2958300969875676,-1.4649064705593466
-1.2954126305006004,-1.4612190798934268
-1.2946989144451988,-1.457237352776581
-1.293501492550312,-1.45290405260129
-1.292175493758655,-1.4489370374610464
-1.2904618322231647,-1.4447522568123086
-1.2884850440662958,-1.440301418967386
-1.286219504105841,-1.4362150593558023
-1.2837358292435697,-1.4319120234509464
-1.2808470753495387,-1.427201907784242
-1.277497715922647,-1.422902377632383
-1.274123042783927,-1.418578617689794
-1.2704182029912645,-1.4139220294454613
-1.2660644442592417,-1.4098449256443444
-1.261735049937118,-1.4057917203508679
-1.257123865855677,-1.4014541121443171
-1.2517461162738779,-1.3978025288593328
-1.2465573672461487,-1.3935801777926904
-1.2410378696493196,-1.3897318864708237
-1.2349871331644926,-1.3860170428660128
-1.228713688318353,-1.3823926177001733
-1.2219802685891883,-1.3789533819286246
-1.2152422159157448,-1.3755083285328873
-1.2083547642178731,-1.3721865752918478
-1.2009803417748612,-1.3692328479533515
-1.1934941976132665,-1.366165276283851
-1.1858583375042047,-1.363249719913152
-1.1777914767599638,-1.3605635364663338
-1.1697049425246955,-1.3578543492247883
-1.1615194471229127,-1.355235019907889
-1.1529194494361508,-1.3528495572832673
-1.1443081357904996,-1.3504485805500046
-1.135524319294062,-1.3481279488558804
-1.1265618642250514,-1.3459125020759113
-1.1177655811268055,-1.3438579860451931
-1.1090196135019994,-1.3418999575555823
-1.1002749215621443,-1.3400757409401196
-1.0916566319024519,-1.3383728104630457
-1.083355330156183,-1.3366737820742014
-1.074616805139741,-1.3357505106952288
-1.0659509320266045,-1.3348953424744996
-1.0575810181324208,-1.3339593638373661
-1.048789175441916,-1.3335278894989702
-1.0401763918875762,-1.3332698945664048
-1.0320313956478637,-1.3334819759527667
-1.0244286234592486,-1.333278318846944
-1.0175489091354297,-1.3337973159244727
-1.0111525028608355,-1.3344428279115692
-1.0053017201386583,-1.3353020286593005
-0.9999378796384091,-1.3366392271966199
-0.9950224552134194,-1.338320549810525
-0.9905664594459129,-1.3400618141707428
-0.9866356312406351,-1.3423186045196736
-0.9830423444329874,-1.3450454598099966
-0.9798466778341369,-1.3476809743307254
-0.9771385667632339,-1.350794765281932
-0.9747413984653803,-1.3542900975493184
-0.9727152873769306,-1.3576923742045182
-0.9711317693674025,-1.3615285304228077
-0.9699124341878594,-1.3657368204426426
-0.9690422190829272,-1.3697525038637282
-0.9668689824385599,-1.3754057439209169
-0.9652011438173679,-1.3815683190927242
-0.9637584983637161,-1.3875271695202254
-0.9621314269694113,-1.3932999005528264
-0.96110344151729,-1.3996729681294129
-0.9601613576943006,-1.4059683353108656
-0.9585223583893806,-1.4123175837834574
