x,y
-1.2889406242505321,-7.382384007543981
-1.2908956067241097,-7.376968278225516
-1.294448620754972,-7.372884166167114
-1.2985993526142443,-7.36856304750376
-1.3032455984509643,-7.363571723108232
-1.3082398184792134,-7.360399393935223
-1.3133442412196674,-7.356951005670813
-1.3201988694447433,-7.352271595820919
-1.3269560892952796,-7.348404360714527
-1.3329517701918117,-7.345091233969158
-1.3409053925654804,-7.340856372375323
-1.348036158491915,-7.336396142156865
-1.3549378518883954,-7.3322482001383396
-1.3627328499252898,-7.327776688581236
-1.3700805885200018,-7.32263003467404
-1.377333242589621,-7.318024426790096
-1.3849581898819803,-7.313335337683981
-1.3920218664483481,-7.307804165719297
-1.3989014760308311,-7.302671639769382
-1.4058046551080596,-7.2975268170203895
-1.412299778574983,-7.291632309175562
-1.4191483916951002,-7.285663781530243
-1.4249976142285556,-7.280584589086189
-1.4296869370032768,-7.275904477259177
-1.4351757964072556,-7.270999288582766
-1.4393286838572619,-7.266693287041648
-1.4425249416751456,-7.263078769168316
-1.4458437393611434,-7.258888910812102
-1.4483218939793225,-7.254311665142
-1.4503080496298288,-7.250528491277545
-1.4508830442975025,-7.247481048333762
-1.451258201226106,-7.243215270653798
-1.4517661614847035,-7.239657805724191
-1.4502252072433608,-7.237269758857666
-1.4490131832808792,-7.234069687693359
-1.4485502390087308,-7.230473055155903
-1.4473235049165885,-7.227531124683791
-1.4449316621212402,-7.224975389233125
-1.4424682638246225,-7.222141833476366
-1.4398997898594095,-7.219416175836929
-1.4367939001002474,-7.216873794153396
-1.4328449238795304,-7.213855971833545
-1.4285507561579625,-7.210795851009236
-1.4242985959292769,-7.208561110835856
-1.418376741644481,-7.206501354959567
-1.4120906267573001,-7.204434169301449
-1.406421161993282,-7.202756074489572
-1.3987641930540484,-7.202466936097225
-1.3910399084268452,-7.200943198681656
-1.384021231229246,-7.199886727971725
-1.3752520610193475,-7.200067579592468
-1.3665695575911014,-7.199830756307289
-1.358184529803556,-7.1988013054597415
-1.349498091842107,-7.197826211489187
-1.3399849449847177,-7.198275120675955
-1.3299116415080199,-7.198055596295677
-1.320230913703184,-7.197414272378381
-1.310182483233612,-7.197912881277958
-1.2988181250079218,-7.198372638501659
-1.2881702635349521,-7.198125509389963
-1.2778530112244517,-7.198585304981995
-1.266505765348456,-7.198807409715657
-1.2555116611630197,-7.198901663670716
-1.244931044305088,-7.199150964483293
-1.23404296549197,-7.199555355816752
-1.2232920718701699,-7.199474630117338
-1.212460997858234,-7.19924053955697
-1.2022935043654817,-7.199173981920501
-1.1922382798112903,-7.198649469500178
-1.1816708148613702,-7.1980412763354975
-1.1724330105681928,-7.197183124377292
-1.1627027739574003,-7.197109385718099
-1.1523211296646316,-7.196367117455626
-1.1430933238430643,-7.19530222510248
-1.1339980061193204,-7.194739118191199
-1.1238080270050073,-7.194016045276647
-1.1149139574719675,-7.1931468384140675
-1.1071788738191852,-7.19214415885422
-1.0990425651932705,-7.191378382298349
-1.0913245647237917,-7.190784687894729
-1.0847625335225215,-7.1898347529163225
-1.0787589075416384,-7.188592674176795
-1.0723800643469277,-7.187694523481685
-1.0666032159166419,-7.186465074837222
-1.0621422900336008,-7.18527568858874
-1.0570481673771108,-7.184374194103005
-1.0508177181292206,-7.183168822876484
-1.0467924634205203,-7.181850628678723
-1.0422347091846806,-7.180235857051772
-1.0369771900018072,-7.178264851495463
-1.032986918925647,-7.176532598974352
-1.0289286164287081,-7.17441936059354
-1.0248253289391378,-7.17203479677848
-1.0209245382428336,-7.1692072200956884
-1.017625943160408,-7.1661912377937425
-1.0150528148663713,-7.163236995578525
-1.012096416427967,-7.160189890140822
-1.009783820378553,-7.156481550710152
-1.0090442989093864,-7.153304667657171
-1.0068931952055278,-7.150480737956624
-1.0047346389149898,-7.1476195119508645
-1.0041554502383718,-7.145198586809622
-1.0031622496344232,-7.142919098431141
-1.0010283426835491,-7.140896502435648
-0.999792574746234,-7.138706234003892
-0.9990893256406045,-7.1365269424937985
-0.997959476015175,-7.134322099380047
-0.9959871653040933,-7.133359588061738
-0.9952206908019522,-7.131921798433066
-0.9950519711951262,-7.130595667331497
-0.9930804146777711,-7.129811347600216
-0.9921476452242016,-7.129283767423315
-0.9921195169494956,-7.1284388615973375
-0.9907433955352046,-7.12728556673208
-0.989914524653288,-7.1262835355810035
-0.9896328498232059,-7.125474561966951
-0.9885985742164745,-7.123658654856769
-0.9878304668463719,-7.1221889181521725
-0.9873426307695772,-7.1202959528015235
-0.9871603826487996,-7.117354374348988
-0.9867315030898479,-7.114754142303078
-0.9860671275953782,-7.111864968075445
-0.9862253691002286,-7.1090504006534685
-0.986966701552444,-7.106074877604356
-0.9861026352440189,-7.103249222381478
-0.9867524731954224,-7.100118450508663
-0.9879698965164923,-7.096423460072376
-0.9871469100284322,-7.092949642630549
-0.9870427714647247,-7.089914769413906
-0.9869945946356771,-7.086528816660891
-0.9863828193451845,-7.0823103576955555
-0.9854075711822423,-7.079470187255903
-0.9843524913057834,-7.076495539531399
-0.9842945220903009,-7.072206817333351
-0.9836460210699317,-7.06857922165671
-0.9822650447093159,-7.065628612203879
-0.9824948151050231,-7.062298647879132
-0.9821145438568303,-7.059179698353153
-0.9813349153113017,-7.0565730828047455
-0.9815380317452751,-7.0543361929351445
-0.9810080546923929,-7.051740542342547
-0.9806103097732533,-7.0493837450940156
-0.9806766808026494,-7.047820859301478
-0.9802571035321526,-7.045716064768961
-0.9800525201201494,-7.043541871200095
-0.9797268940799412,-7.042088715425475
-0.9784461706974314,-7.03992752201638
-0.9781222298280716,-7.037350971472118
-0.9764349413884188,-7.03554326071075
-0.9745385850883667,-7.033842957420441
-0.974011371960651,-7.031209624803209
-0.9723692046119033,-7.029048663153388
-0.970081251159753,-7.02774392348059
-0.9692028232595036,-7.026420980922638
-0.9682268708859383,-7.024277005035352
-0.9669727514594781,-7.0224396361402075
-0.9663143372047112,-7.021656735642087
-0.9661725282850812,-7.0188734685666905
-0.9663118588872832,-7.016009954685681
-0.9654664639600522,-7.014099604143523
-0.9649270638668916,-7.011248079699595
-0.9652683818995309,-7.007428291580204
-0.9652574816397628,-7.003819710873478
-0.9650205160851143,-7.000629570401646
-0.9653877958731134,-6.996740554680725
-0.965178124691435,-6.9927689562662
-0.9658019112661266,-6.989554977402079
-0.9664577048228395,-6.9855492435958375
-0.9665578608306733,-6.9815781466336055
-0.9673018257421482,-6.978497365835986
-0.9679179704865831,-6.975336975976899
-0.9685018405380345,-6.971624455120641
-0.9698553771167815,-6.968190738790115
-0.9701706709933524,-6.965584730183664
-0.9719333219793156,-6.961790800434682
-0.97435147564168,-6.957877853301272
-0.9754282806081435,-6.955045091638458
-0.977403104552156,-6.951700504784112
-0.9799571268758202,-6.947552594072005
-0.9827780723070435,-6.943185932078074
-0.9860773488418652,-6.939773723184886
-0.9897224200715281,-6.9357622202208615
-0.993991441024983,-6.931141538944469
-0.9987563329725452,-6.927579259688896
-1.0028010287236044,-6.924305122674468
-1.0074989637402814,-6.920363276167897
-1.0129851292580634,-6.91667365012813
-1.0179170879500743,-6.912956232329482
-1.0233937240001534,-6.908921553740128
-1.0296976679757033,-6.904613258367814
-1.0361523572852198,-6.900307078590492
-1.042789972302412,-6.895993022084375
-1.0496327550179168,-6.891482371951928
-1.0570514400274895,-6.887382288282807
-1.064723510716403,-6.883719012437952
-1.0722115787159887,-6.880058211791768
-1.0813936800714063,-6.876786440013958
-1.0900024491453286,-6.87500219798223
-1.0981924924988833,-6.8731605354623575
-1.1081474899729529,-6.871102157349548
-1.11769800974149,-6.8707915566617705
-1.1268315996601095,-6.871241615131818
-1.136377963517896,-6.871124917688535
-1.1466932968631536,-6.872043729536486
-1.1568274426448157,-6.874399574774326
-1.1665628402396147,-6.877368830197557
-1.1760409052678813,-6.88037613501473
-1.1859918518422816,-6.885108835197286
-1.1950604590742828,-6.890737355035577
-1.20383423463658,-6.89622168273747
-1.2140237386886032,-6.902279182952585
-1.2233814866010584,-6.908889034342198
-1.2311402392091042,-6.915564103555939
-1.2408806230849418,-6.922046114147155
-1.249833028186592,-6.929002532394445
-1.2590048984341726,-6.935592681439312
-1.2684243273047335,-6.942271963775237
-1.2778352348351665,-6.949769650054887
-1.287892894568383,-6.9576447778047905
-1.2973415406666233,-6.965698775441657
-1.3067757260235768,-6.973833844523646
-1.3172490843131768,-6.9822919337932525
-1.326402861546463,-6.990824737152721
-1.3365791099281823,-6.998454989056749
-1.3476007181959855,-7.007315711880301
-1.3575531334133513,-7.0162841473603885
-1.367604489816823,-7.025255898261274
-1.379003651990179,-7.034656594688383
-1.3899287328793783,-7.044450149470309
-1.3999891871766676,-7.055066558728543
-1.4104668091209427,-7.065654793207734
-1.4208929099822132,-7.0760292989555085
-1.4309523708365475,-7.086696297819949
-1.439426615106644,-7.09791675847582
-1.448341788834143,-7.108615330244871
-1.4582282230596957,-7.119193807395981
-1.4659830621609167,-7.130007903626892
-1.4741081424433498,-7.140685853288741
-1.4835548313277056,-7.150898403186596
-1.4912332157575259,-7.160958096967417
-1.4990221493533382,-7.171264398798521
-1.5077205538804144,-7.1819473118702986
-1.5157387942615113,-7.192228764020145
-1.5238324441447277,-7.2027082670032145
-1.5316387343271847,-7.213187407476485
-1.5391193909954515,-7.223071601386169
-1.5457873688099641,-7.2333807338348
-1.5516908669234426,-7.2429417752673375
-1.558188868261675,-7.25208988929402
-1.5638431851437782,-7.261407605371641
-1.5677949169375365,-7.26984085016342
-1.5724665703086462,-7.277261698090286
-1.5779456338473261,-7.28406185653268
-1.5808374110638583,-7.289538389020198
-1.5838077030693174,-7.2943299223592115
-1.5874366734653544,-7.298321106163668
-1.5907523617458648,-7.30051413728679
-1.593496648722328,-7.302372552391265
-1.59653032898286,-7.3037173162043265
-1.6004247329195835,-7.303205866928253
-1.6029691342348784,-7.302405004245581
-1.6046901325577643,-7.302274957474939
-1.6082849804401549,-7.302032850210532
-1.6106215816241283,-7.3016577565444125
-1.6119805779095837,-7.301461536438298
-1.6139551575104139,-7.302260939638217
-1.6152573175097025,-7.302821451845324
-1.6160153940862798,-7.303078682509572
-1.616873948874824,-7.303740973034306
-1.6173926362615323,-7.304457152075903
-1.6178497908794307,-7.3050102267619605
-1.617997008559905,-7.30603870691527
-1.6182754454376809,-7.306971893883001
-1.6183220256492514,-7.3078101506111315
-1.6172627709115415,-7.3083603893354
-1.6158581350731271,-7.309042115823721
-1.615854782348726,-7.308480848593509
-1.6144670355386956,-7.308083164339609
-1.6122866196597945,-7.307830296048895
-1.6115756149370877,-7.307135026614104
-1.6102482642708098,-7.3056322281207695
-1.6084097860013902,-7.304324385025154
-1.6065952845543854,-7.304079898346962
-1.6053228667344337,-7.302562649294743
-1.604335108178863,-7.3008811877847695
-1.6016698741621933,-7.300625062229085
-1.5995788119281253,-7.300143838467314
-1.5983417270312836,-7.299513373739966
-1.5961611162273437,-7.299478278624772
-1.5938681755039057,-7.300573500752931
-1.5920327475503875,-7.301740475754965
-1.5892516172014124,-7.302485856514502
-1.5866491300311993,-7.304070159591862
-1.5836090367164832,-7.305901024977945
-1.5801118483250987,-7.3068179958931205
-1.5770562340433272,-7.308138006024283
-1.573663184920782,-7.3090435986089135
-1.5703071791766345,-7.30914035916029
-1.5674853205634456,-7.308984410622409
-1.56384326989865,-7.30942845412762
-1.561236892776988,-7.308755175072088
-1.559034779232041,-7.307728715627058
-1.5553647174611671,-7.307664085264814
-1.5529049242048572,-7.307588272280617
-1.5506569689588605,-7.306958687625259
-1.5477185533166755,-7.3063958807549385
-1.545137995697531,-7.307696840743647
-1.542564739915057,-7.30875285802622
-1.539942137081273,-7.309332842578887
-1.537522975369728,-7.311494850009575
-1.5343472195118686,-7.314628355683229
-1.531442332750871,-7.31704420474521
-1.5288340916456606,-7.319526275357622
-1.5256783201454096,-7.32253211456181
-1.522922669118294,-7.325338908010351
-1.5207483947580815,-7.327551664617061
-1.5185986492545112,-7.330135937093911
-1.5164671197441826,-7.33243814231565
-1.5140232946538006,-7.33428446051986
-1.5114935424809426,-7.335937368037626
-1.509374103429152,-7.338002346228017
-1.5063009115534998,-7.339499131178938
-1.5038834321233276,-7.340463505948556
-1.5013117384587826,-7.342404412220411
-1.4976772148903892,-7.343940367801192
-1.4952673319832677,-7.344984657739485
-1.492110437700967,-7.3474033672069545
-1.4881589721330597,-7.349968173774016
-1.4849414939635142,-7.35210766304011
-1.4812855685694073,-7.353942600319683
-1.4771910098579033,-7.356545269141534
-1.4733202383711441,-7.359545057148952
-1.4696402788724827,-7.361433262520294
-1.4669024722508528,-7.363385150287065
-1.4640577682105704,-7.365892530795781
-1.4611517193266317,-7.3671422566014435
-1.4594532059887566,-7.367850850885176
-1.4572653656674897,-7.368814646527497
-1.4535342573231178,-7.36968754951622
-1.451013318623603,-7.369189259504533
-1.4479988195390985,-7.368717682672255
-1.444528456799485,-7.3678748213459295
-1.441679328507646,-7.366380076324117
-1.4392669800956852,-7.364729740048757
-1.4371666248206123,-7.363118026561509
-1.434947895530429,-7.3610904800801995
-1.4330926694751616,-7.359305706319473
-1.432258379270728,-7.358065431681473
-1.4308094164234415,-7.356994858763563
-1.4293157705098507,-7.35498421086647
-1.4289518667305967,-7.354042679252272
-1.4278371455184735,-7.353324345985158
-1.4261869761292916,-7.3520917990007195
-1.4256810864330178,-7.351247552268947
-1.4247324197431503,-7.350943889173599
-1.4231069820032545,-7.3511182452655115
-1.4215359110025119,-7.350673063942956
-1.4202524411143125,-7.349795094139649
-1.4187619505390778,-7.349277021037441
-1.4159334448290113,-7.349159357004956
-1.414144531087149,-7.348143420486985
-1.4131641477567398,-7.347343535939471
-1.4094655226655266,-7.347089005796352
-1.406098682763646,-7.3468914977116455
-1.4040659269672253,-7.346552213078559
-1.3993617607390898,-7.346470364468225
-1.3945700537531056,-7.346848912312006
-1.390400551277875,-7.347303905528745
-1.3853494781560753,-7.3469991906044845
-1.3806100210969303,-7.3465805934347
-1.3757416717987323,-7.3455945782394085
-1.371536674172524,-7.344092732888587
-1.367066464745602,-7.342851556545192
-1.3623144427602925,-7.340783620073791
-1.3591393696725307,-7.338696277075316
-1.3550720083606356,-7.336951507656093
-1.350412533448438,-7.3343720012926275
-1.3476244019823382,-7.331033411045553
-1.344582121351507,-7.327983946496604
-1.339817998332887,-7.325157659108223
-1.3363478949594585,-7.3221458372636725
-1.3328309396622002,-7.318300101495854
-1.3285152262852595,-7.31406954926379
-1.3229727986369937,-7.310994160308568
-1.3171898929894226,-7.306913880306139
-1.3123676486909515,-7.30223078995261
-1.3056904167172496,-7.298173024792289
-1.298433386495442,-7.293849514727651
-1.2933836529404061,-7.2885574476862
-1.287009877209732,-7.2836673742434135
-1.2804346631922296,-7.278499104326193
-1.2750907816320907,-7.273506234481988
-1.2687242307929087,-7.267786095804448
-1.2620718341095176,-7.261762068053137
-1.2561443841724296,-7.2564776613293835
-1.2496306779951485,-7.2509182597096276
-1.2434339668715662,-7.245108231940207
-1.2367060090635127,-7.239240737209434
-1.2298480228776332,-7.233160741962863
-1.2240273252559157,-7.227389984099773
-1.2164971791980375,-7.221804365618135
-1.2094153445468852,-7.215991543481809
-1.20445897996208,-7.2096818394799875
-1.1976883423939952,-7.203557145889934
-1.1915812938434074,-7.197510418105285
-1.187276995733439,-7.19061872555183
-1.1823827531209192,-7.182863300634714
-1.1774902211856735,-7.175570395842029
-1.1729904701126843,-7.168303754585027
-1.1697353120187222,-7.159276247780202
-1.1666234221271894,-7.150838218116025
-1.1626539063281787,-7.142774372905516
-1.1602896698055367,-7.134045169501977
-1.1590487640414942,-7.124342305534244
-1.1562242828610936,-7.115046025668532
-1.154882483713959,-7.106012514261238
-1.1545693939506496,-7.096050636448726
-1.15322226100361,-7.085896285768085
-1.1530501515065885,-7.076936433395016
-1.153293889495659,-7.067853211794853
-1.1531251884215938,-7.058513116787338
-1.1530655339256803,-7.050139467663598
-1.1531669165794558,-7.041684861369806
-1.1539452742678178,-7.03271868288213
-1.1542057998128874,-7.024506349577424
-1.154061553965195,-7.0165306271568575
-1.155014979483197,-7.007769988764643
-1.1548420170350433,-6.999788260076914
-1.1539371150732871,-6.991985982893966
-1.155057119540234,-6.983689881476644
-1.1552286303423474,-6.974932341758062
-1.1548475900415653,-6.966736446801531
-1.1550012115686101,-6.9591910430354575
-1.1556170881365975,-6.949894346640031
-1.1562859077327967,-6.9409922367733605
-1.156789061070323,-6.933204531535556
-1.1572012007331822,-6.925430722067308
-1.1587853531182455,-6.917232855621211
-1.1596320963468318,-6.910061590433415
-1.1603126353289401,-6.903076075147199
-1.1619377980494445,-6.895870730820135
-1.1627966358462218,-6.888885772919425
-1.1639889557762098,-6.882578652386672
-1.1659956314263604,-6.876070844609353
-1.1671387157754183,-6.869009959740952
-1.1689992228272748,-6.8621112995486655
-1.170892008435662,-6.855817926274248
-1.1727083920498096,-6.849010457018996
-1.1755440783092352,-6.842290001740153
-1.1782174157431682,-6.835808432721345
-1.1815432691992762,-6.828377396497788
-1.1859113389935134,-6.820840202751344
-1.1896953077761827,-6.814170325498725
-1.1943395656948461,-6.807423761918697
-1.1998794383043743,-6.799818871941139
-1.2051806629700652,-6.792558599301719
-1.2113148984129758,-6.7861157026971455
-1.2181609615919498,-6.779039973746264
-1.22533432114954,-6.771476568792065
-1.2333438479996626,-6.765181371941976
-1.2411853919748208,-6.758419331912009
-1.2497929247593305,-6.750727932425514
-1.2600543321921547,-6.743412420864605
-1.2691976495040886,-6.736739501399801
-1.279127747600701,-6.7297064028232265
-1.2911487937717525,-6.722318446709783
-1.3022760639003856,-6.715378211014064
-1.3141051421146743,-6.708802009099525
-1.3264795385515304,-6.701946412591574
-1.338475238480765,-6.695171203526322
-1.3513778803117937,-6.689482090821992
-1.3641875660406564,-6.683220758892589
-1.3771302093970463,-6.677291271276355
-1.3906165602227323,-6.6724961814639645
-1.4034110144183334,-6.667105856642348
-1.41701985352872,-6.66188358939021
-1.4313298141626314,-6.657980349129519
-1.445208139376523,-6.654334353895943
-1.4601332308430592,-6.64990830798538
-1.475503173027425,-6.6460721578691535
-1.4905946626823179,-6.642948786790421
-1.5061494109164821,-6.639903945363876
-1.5223486792798797,-6.636396746867041
-1.5385396824752235,-6.633763984080674
-1.5545668669698938,-6.6318118425003165
-1.5703379290633854,-6.629467830883618
-1.5874340397726365,-6.626644534542465
-1.603645129277327,-6.625064148827412
-1.618732403322806,-6.623604765813053
-1.6354360996444879,-6.621824965410111
-1.6518996309795955,-6.621011653458271
-1.6675344218469756,-6.6202050514817605
-1.6833802948821772,-6.620122308710289
-1.699482410814675,-6.62041350484497
-1.7156079451617545,-6.621134378999281
-1.7317150554475411,-6.622360655426679
-1.74744530265995,-6.6236127397115085
-1.7634753494338136,-6.625853944922041
-1.7790055415750252,-6.628521990406361
-1.7939740384428944,-6.63104131431577
-1.8103697388401738,-6.634106565812165
-1.8251357926765186,-6.638064730098181
-1.8390190181872361,-6.641596946492606
-1.8542817482511436,-6.6448879254680575
-1.8680749210704395,-6.648761526000075
-1.8809099916125935,-6.652810941706291
-1.8944721883836488,-6.656618609704674
-1.9073014641567643,-6.660607252107588
-1.919605151132709,-6.665008681772067
-1.9304827905681858,-6.669628522966559
-1.9416556356875208,-6.6737454166735475
-1.9527499338483811,-6.677977890486025
-1.961980951843688,-6.682249113640049
-1.9707131127453674,-6.686589160474984
-1.9805986907892177,-6.69088931560816
-1.9885301735018197,-6.695190332615036
-1.9956502307715422,-6.699808501087979
-2.0037627984342588,-6.705034602635444
-2.0112714056209278,-6.709793284178446
-2.0181388386026033,-6.71510650332133
-2.0251110186866335,-6.720637673439369
-2.0319068710715347,-6.726364403797724
-2.0387734645467943,-6.732079000192913
-2.0450376889154875,-6.738078814555059
-2.051957579071075,-6.744278534512711
-2.0594853328580602,-6.750414634132057
-2.0650834246769505,-6.756812970632075
-2.0716464172506805,-6.762371650998503
-2.079254060291004,-6.768359606740853
-2.0847252421005127,-6.774329460954193
-2.0908958768410626,-6.779707547046709
-2.098321010131361,-6.784986508089239
-2.105000878806136,-6.790027857993554
-2.111380398023249,-6.795588676039683
-2.118219606685531,-6.800815959103171
-2.125706174133913,-6.805436037097439
-2.132489626823295,-6.810877991297795
-2.13862180704775,-6.816047852204275
-2.146480152163841,-6.820405865116127
-2.1538748265289174,-6.825177578044211
-2.1602752038563855,-6.829766166546979
-2.167803053452007,-6.83478663032868
-2.1763275629341132,-6.838796769115176
-2.1834683462256397,-6.842433974171245
-2.1913103915704157,-6.846424949260614
-2.1992094409891747,-6.850085094503809
-2.206918140841268,-6.85275249043447
-2.2147813264384926,-6.855452910207131
-2.2222777069595647,-6.857767920218087
-2.230242454046761,-6.859272577831616
-2.237097258951549,-6.860872912187016
-2.243588358881622,-6.861943004253109
-2.2516422495301764,-6.862537923293766
-2.2578583230509652,-6.863260362928106
-2.2635224605115094,-6.864163169426504
-2.270818335877811,-6.864724924565099
-2.2764654282925902,-6.864752413132191
-2.2816952784722644,-6.865152008115597
-2.2872158150678783,-6.865877001671399
-2.292606141650631,-6.864985710365254
-2.297936298094038,-6.864366544959662
-2.302984771221579,-6.864626052165495
-2.307623581990657,-6.864758660621677
-2.3139013854361163,-6.863231560546716
-2.319241429684482,-6.861219607061021
-2.323834083486823,-6.859847982090815
-2.3299988873578856,-6.857435483036579
-2.334859000803515,-6.854100967352222
-2.339099586954838,-6.851096878076629
-2.3444898989753042,-6.847493004994419
-2.348615142440329,-6.842509237536425
-2.3528889363739363,-6.837446795903559
-2.357111147564938,-6.832500093832542
-2.360548712222659,-6.82599924658024
-2.3646261978900833,-6.818906284376672
-2.367141791288365,-6.811955155866535
-2.369896146918673,-6.803302660658085
-2.3729492578191986,-6.794915600591411
-2.3745143394147723,-6.786478794426537
-2.376394065136524,-6.778183412105928
-2.378609442921747,-6.769431139104531
-2.3792202012433736,-6.760232201283681
-2.379545138718555,-6.752028059602438
-2.3801936377239366,-6.743400882414366
-2.3799628953138896,-6.733523031023151
-2.3791647020891586,-6.724319480491602
-2.3776963371624844,-6.715355411173777
-2.3763706394705295,-6.7050551312281454
-2.374935404967787,-6.695106116308789
-2.3722909523229796,-6.685262275618991
-2.36961192050308,-6.674434230354618
-2.3674418588074904,-6.662702228637536
-2.363415965916721,-6.651409486480189
-2.359622179554746,-6.640205093824422
-2.355562889946934,-6.6282869924122485
-2.3506553907300116,-6.616063430101646
-2.3459506421046146,-6.604469807623643
-2.340708494235139,-6.592455909486548
-2.3350698737492075,-6.580097741212839
-2.329623569565427,-6.5687154662121685
-2.323251157454519,-6.557547626487333
-2.3172520779990835,-6.546165444782821
-2.3106571119424526,-6.535662751123672
-2.3029918948299524,-6.525578568447481
-2.2956986004959288,-6.514867013928582
-2.287637006581653,-6.504417242288697
-2.2790147650292587,-6.494945124402017
-2.2702844882452355,-6.485386232034018
-2.2615059344696524,-6.475448715272536
-2.2527423187578215,-6.466847761208598
-2.243477138119176,-6.459040979059928
-2.2331100074356627,-6.450592470950065
-2.223842614190675,-6.441765585527695
-2.213972263628692,-6.43510940240476
-2.202760876077347,-6.429240756931779
-2.1926734340754575,-6.422819309826109
-2.1824780487307858,-6.4175881579360725
-2.171441526875319,-6.4129827355498
-2.1605069526185785,-6.4087692639518306
-2.1497074668037413,-6.404563406999808
-2.139043209634071,-6.400966417249202
-2.128261069331405,-6.397576752444401
-2.1169142215027112,-6.394149329662742
-2.105988516095539,-6.392362532427486
-2.093668131511097,-6.391584047689166
-2.081838632404991,-6.39015795110228
-2.0708912594440663,-6.390823007852097
-2.058299134218505,-6.392358735088011
-2.0458847168559635,-6.393815432047644
-2.035189521540206,-6.395321697007642
-2.0237460802318408,-6.397902098775777
-2.0116575470650724,-6.401445838106638
-2.0003486355769966,-6.404709961580743
-1.988948350377021,-6.408002473932592
-1.9774450641210342,-6.4130718199990095
-1.9659052016939818,-6.418179162989346
-1.9554560028385446,-6.422552071714651
-1.9460147210249779,-6.428004717029649
-1.9349554302068033,-6.434161674909549
-1.9248447926202423,-6.440186864089092
-1.9164538287387602,-6.4466941647297435
-1.9063232128687844,-6.453649480803507
-1.8970891846663793,-6.460713575300839
-1.8888248761640427,-6.468045875646989
-1.8797908786807038,-6.475228659659683
-1.8712662361978898,-6.482839555018652
-1.862943872974918,-6.490500778520489
-1.8545888744940355,-6.4980192654252145
-1.8465565675694868,-6.5058587353272275
-1.8376782288866447,-6.513333100423762
-1.829527610335303,-6.520362112936138
-1.8221897655022665,-6.527614776046601
-1.8137234074955353,-6.535007778125883
-1.8069986615403768,-6.541397840842023
-1.8014554636901932,-6.548130593710762
-1.7944788697053617,-6.554942681296486
-1.788609588255531,-6.56132449110076
-1.784164575453162,-6.567213599579228
-1.77886766053435,-6.572822191762593
-1.7737011488106276,-6.578513278405392
-1.7689993785871694,-6.583750703482998
-1.765834921003066,-6.5884175439240895
-1.7620113199946734,-6.593869155912719
-1.7576330576124002,-6.5991188733504
-1.7556024138493889,-6.604131860873716
-1.7532717035136798,-6.609229401020939
-1.7496279977503066,-6.614244618000229
-1.7479714064914966,-6.6192748654767115
-1.7465844631861824,-6.623970067183188
-1.7439393112269579,-6.62867330166347
-1.7420455623941038,-6.634131334535681
-1.7402457101662407,-6.639589757216873
-1.7380154124204537,-6.644767946913979
-1.7357838182622476,-6.649640783936834
-1.734258787633181,-6.654015176537864
-1.7332553363637724,-6.658755366319318
-1.7308257576439194,-6.662724114517877
-1.7298454880667649,-6.665457120506764
-1.7298378007954798,-6.667921308941644
-1.7277378729394353,-6.670405597238336
-1.7261269775806949,-6.672212259624736
-1.7266933263683548,-6.673206404577293
-1.7262262359153528,-6.673481526980339
-1.7256302113826822,-6.674124282025872
-1.7262162694331658,-6.674020306543767
-1.726958425401819,-6.673045961433067
-1.7277403117355092,-6.671923040295501
-1.7273990664741379,-6.671225423814232
-1.7279175409184662,-6.669803529080356
-1.7293464487602077,-6.667882913018796
-1.7288493052746465,-6.666462245849127
-1.7294145256827054,-6.665346717134292
-1.7307895263954154,-6.663691393503318
-1.7308592987140727,-6.662009179620324
-1.7318422938793863,-6.661116215947499
-1.7331350610454672,-6.660191235220272
-1.7336278968732817,-6.659098988229252
-1.7347960056589058,-6.658678723966415
-1.7359622956310417,-6.658638143558538
-1.737789662940588,-6.658303442651308
-1.7399794280166765,-6.658919801036631
-1.740743306326917,-6.660078965814373
-1.7428597756549233,-6.660159902145654
-1.7446746765754562,-6.66111153188083
-1.7447450195364442,-6.662540443622099
-1.7463219013464528,-6.6636113069603065
-1.7486290273056546,-6.6640309692112325
-1.7491783894827118,-6.6648886735051125
-1.7506959891863034,-6.666369826335913
-1.7530075544779558,-6.666867502027886
-1.7550127050712179,-6.666582566846766
-1.7568152665664836,-6.667705110358464
-1.7585239875552268,-6.668378000778615
-1.761075424511485,-6.667464740461999
-1.762722147626581,-6.666803510661494
-1.7634585719457834,-6.666407665168851
-1.765818446950905,-6.665087223394627
-1.7670675805673564,-6.66320562955901
-1.7677907195403386,-6.661397067264418
-1.7697908996149925,-6.6595777327578904
-1.7712309831643633,-6.65677836380113
-1.772538184790863,-6.653868954631023
-1.7748693638993545,-6.651121459057288
-1.7768002765876258,-6.647344972294621
-1.7791257549690103,-6.643237835025783
-1.7816613228932578,-6.639674006228123
-1.7844893010173206,-6.635023340726734
-1.7876565379320837,-6.630504459758476
-1.7899602318689858,-6.626569921250584
-1.7924748927206793,-6.622190458177459
-1.7954897867875914,-6.617643739193628
-1.7973357650137245,-6.613190835763668
-1.7992031799071793,-6.609630304782242
-1.801727127847484,-6.605474402626677
-1.8033645805436573,-6.6005761953001825
-1.8052849307594263,-6.596722435139991
-1.8066554820491054,-6.5934701984517865
-1.8084581408657956,-6.588717686876285
-1.8114169760126526,-6.584143729069009
-1.8127740429372845,-6.580123693785271
-1.8143659592486248,-6.575299843151892
-1.8171498445854533,-6.56997761828646
-1.8183750500147386,-6.565135851980448
-1.8199800479957766,-6.560077236141399
-1.821551167236304,-6.554722661212999
-1.8224751992014383,-6.549451551585582
-1.8238507531992298,-6.54411346413054
-1.825068050123013,-6.538288318464224
-1.8260705975823734,-6.531822376886639
-1.8270174807330057,-6.525499619984066
-1.8273973192880837,-6.518099878968953
-1.8280092347298387,-6.509500882696209
-1.8288141787628442,-6.501498093413323
-1.8287304567712614,-6.493364620912617
-1.8292467720379708,-6.48410723973367
-1.8303634158137623,-6.475051919599273
-1.8298276366673696,-6.4670566841096955
-1.8297825646691512,-6.459050129753035
-1.830221679454239,-6.4503281089067634
-1.829886587605448,-6.442065979373675
-1.8296121051075553,-6.434705397965038
-1.8287364745722772,-6.42661799254357
-1.828802121912196,-6.4179358905352055
-1.828354370653055,-6.410205688180692
-1.8264524028839348,-6.402013033690286
-1.8261985445574114,-6.392917811473711
-1.8255739167695217,-6.3848077162067804
-1.8238784993751445,-6.376777417332334
-1.8223948604559572,-6.36906357537929
-1.8212668322314882,-6.361420864117884
-1.8198659949167286,-6.354300718320155
-1.8184993862665226,-6.347416711608716
-1.8170609313342798,-6.34060039367869
-1.815974253144384,-6.334632282475909
-1.814066665177261,-6.329312217118519
-1.811795439254991,-6.323319287431599
-1.8106952537378533,-6.31882973647645
-1.8082275573491862,-6.315182138049806
-1.8057313649156566,-6.31083720497687
-1.8051080079378918,-6.306884326860172
-1.802826946910509,-6.304057573182915
-1.8003814061137797,-6.301101672453345
-1.7992966464954236,-6.297811193969384
-1.7977161027162043,-6.294901467719013
-1.7956041353497139,-6.293002240771771
-1.7933702777339409,-6.290734173346104
-1.7917341206737862,-6.2878387545336505
-1.790628948297502,-6.285746363815397
-1.787806635810046,-6.284115942841276
-1.7856700194891675,-6.28217852202841
-1.7849988587540229,-6.2804811755296015
-1.7820969614788589,-6.2792900731811745
-1.7798326929186974,-6.278066872400157
-1.7789454516208136,-6.27729716436962
-1.777419785775599,-6.276277473422883
-1.7763231939584774,-6.2752758577155205
-1.7761023115260912,-6.27430439677714
-1.775544178596654,-6.2728896991712215
-1.7754469534620145,-6.271977040708835
-1.7756053581010451,-6.271420687707608
-1.7768652328511936,-6.27093363121584
-1.7788884974591515,-6.271538722067206
-1.7798040443135037,-6.272209411750222
-1.7819549208140568,-6.272966468853034
-1.785115866224223,-6.274150643668613
-1.786262907312868,-6.275699287679376
-1.7885580623337556,-6.276765270685408
-1.791948657973063,-6.277976853517999
-1.7939274433291372,-6.279718093233238
-1.7958273528668636,-6.282051228515102
-1.7982518423276945,-6.284439827565717
-1.8009607027084664,-6.286663474838631
-1.8028348712625077,-6.290134087780871
-1.8043973039533556,-6.294335531568055
-1.8076716360369436,-6.298891642010665
-1.8102026981180583,-6.304346513509357
-1.8114221688675312,-6.310088001838154
-1.8146985249779408,-6.316524673948807
-1.818285939668946,-6.322561172162115
-1.8199170897601413,-6.328894491623107
-1.8228653916037119,-6.335698052457848
-1.826001113852694,-6.3424410003344995
-1.8286538084838433,-6.348726707155606
-1.831890588685412,-6.355321829684259
-1.8352860911474913,-6.361842173193926
-1.83887501909395,-6.368240966986104
-1.8422230792165435,-6.374188361889323
-1.8460174391921986,-6.3795627558489185
-1.8508570961773945,-6.385245539086648
-1.8543489060222011,-6.3909495787017745
-1.8580660784569865,-6.396407572712051
-1.8629733020186396,-6.401997505253411
-1.8669065974855745,-6.407200382102863
-1.8704209125615299,-6.412630222792524
-1.8754970501254515,-6.418115098179052
-1.880302663452669,-6.423174842082898
-1.8849711287903101,-6.428515771110598
-1.8891712350372918,-6.4348200453492925
-1.894171429383632,-6.44032646966348
-1.8997574785106701,-6.445511567808575
-1.9037337578369893,-6.451299748914395
-1.9085749546001913,-6.456754547788988
-1.9145782997300314,-6.461572374112298
-1.9186815523257914,-6.4659625196462756
-1.9235155708495144,-6.470971152863771
-1.9286825420259537,-6.475796711454132
-1.932760783450961,-6.480341146285206
-1.9367391287490865,-6.485323566388641
-1.9412396159565517,-6.4907107987957735
-1.9450779817829071,-6.495582348151772
-1.948605931291335,-6.500492591257172
-1.9519741355550433,-6.505273955212599
-1.9554103713800635,-6.509711423527037
-1.9592419496670288,-6.513626168900392
-1.9616885049686101,-6.518508090037783
-1.9654775623188694,-6.522828630662491
-1.9697921719569447,-6.526999685470762
-1.9726367857534468,-6.531294952153708
-1.9766033172182385,-6.535858784281866
-1.9811912859599414,-6.539852092748992
-1.9849889868724169,-6.543190348489611
-1.9891130902590082,-6.548158041902451
-1.9931958870860806,-6.552803438619004
-1.9974499175976144,-6.556602386228478
-2.0021185367088443,-6.5607581687371965
-2.005798716047008,-6.565537728216595
-2.010179412648152,-6.569588614534218
-2.014947572531601,-6.572802291903635
-2.019087806098996,-6.576329236911014
-2.024294709216014,-6.579750084723004
-2.0291836751601737,-6.582471412064289
-2.033685669296956,-6.5851048433223625
-2.038762854406333,-6.5882845007546775
-2.0433596165545165,-6.590689597373013
-2.048258755194487,-6.592937983355233
-2.0534863753934633,-6.59615304027789
-2.0578566451070843,-6.599442547255536
-2.063030024067037,-6.602148962899013
-2.06714474295438,-6.606136425064903
-2.0705801363227523,-6.610407229629159
-2.075427244914769,-6.613742840253088
-2.0794624321054243,-6.618021308360261
-2.0830340839491868,-6.623129572011065
-2.0869436086583524,-6.628604879811876
-2.0904859546326953,-6.6335447137098535
-2.0938549182331894,-6.639174461477886
-2.0969984011931158,-6.645848669673272
-2.0997318344264078,-6.651477163293975
-2.102635670262763,-6.65736215819587
-2.105322703171091,-6.664398525547865
-2.107354754646365,-6.671081931182508
-2.1101537659527128,-6.677703364827961
-2.1123489389799732,-6.6851639573011985
-2.1140867562308965,-6.693070997459364
-2.116206284826237,-6.700112481618509
-2.1179363610653628,-6.7073176939557255
-2.1195307271477537,-6.714742788472166
-2.1212180530991867,-6.7222850415845725
-2.121870588335646,-6.7289070240679685
-2.1229128485534625,-6.73584192337436
-2.1228372372577744,-6.743072873197705
-2.122537827784832,-6.749446500615775
-2.123019896679056,-6.75634598500195
-2.1226084601200434,-6.763294652056634
-2.121635379165348,-6.769480907128266
-2.1212256303107653,-6.775669462928965
-2.119592514829486,-6.782462441885094
-2.1175976037480955,-6.7890195192219736
-2.1158771388853195,-6.7951957497848285
-2.114012441166188,-6.80148119041027
-2.1120329012746955,-6.808218846581113
-2.109625709479764,-6.814277218516596
-2.1075774865431183,-6.819833324487568
-2.106442629080837,-6.826163488250987
-2.1035879246277,-6.832789720222183
-2.101491701700578,-6.838435504705865
-2.101280123139361,-6.8443075267179845
-2.0992371381933217,-6.851083831254836
-2.0976093733169465,-6.857305354514025
-2.0970284440656846,-6.863845500639145
-2.0957340883861937,-6.870544630843609
-2.0946436300075284,-6.877171703710134
-2.093889979115246,-6.88379402671105
-2.0930845907485645,-6.890653187923518
-2.0924365609957287,-6.8975281875905425
-2.091180363898311,-6.904153331910958
-2.0905710180954222,-6.910500484855134
-2.090190669195901,-6.917999352978692
-2.0888690210630863,-6.924375255675858
-2.0894761210647115,-6.929725782243374
-2.089592699961004,-6.936354096010503
-2.088574523042431,-6.942348827624673
-2.088378014035479,-6.947732300112742
-2.0893981544628497,-6.9526880830156825
-2.0895176134623337,-6.957979613742528
-2.0897712809688453,-6.963312649145664
-2.090398655972771,-6.967834150283132
-2.092369947273209,-6.9719580602193405
-2.0938925046056465,-6.976443468900013
-2.0944576162743624,-6.980479337643832
-2.0972013578735504,-6.984031624157799
-2.0995773644795803,-6.987712123301306
-2.10060507411378,-6.991450416110701
-2.104026837973174,-6.9948498102743555
-2.106867078226862,-6.998780063627567
-2.109150289238092,-7.002641856558834
-2.112441113337381,-7.006981342953204
-2.1158535169628436,-7.011249488169875
-2.1196623711702123,-7.015526044760721
-2.123700382198463,-7.020122590660579
-2.1284358657552467,-7.0244051380088495
-2.133825199012333,-7.029167541920543
-2.138660700210788,-7.033645047598718
-2.1429249069845904,-7.038187342484055
-2.149274279822843,-7.042437797337273
-2.1542797785262175,-7.046891668441053
-2.1590357697342273,-7.051295713383176
-2.165677451869909,-7.055356319960524
-2.171717963538408,-7.059451652368626
-2.176630557956761,-7.063903846643082
-2.1826325387784915,-7.068614323456514
-2.1889892025459496,-7.072312347392273
-2.195236809040369,-7.075915938503827
-2.2001776821676,-7.080278636955383
-2.205888590145514,-7.083617678287617
-2.212304023480241,-7.086608018635241
-2.216176259631557,-7.089935060349516
-2.2206453424386443,-7.092572449141025
-2.2260906659294672,-7.095243855976189
-2.2293480527663934,-7.097137419028689
-2.2327327474488183,-7.098753028802442
-2.236689532383235,-7.100726090871365
-2.2394706605617647,-7.101826996851627
-2.242147822144051,-7.10284863446302
-2.2447711108856225,-7.103892129971645
-2.246621621819526,-7.103757608332942
-2.248626265044522,-7.103556125934051
-2.248957814014828,-7.103090702553528
-2.249844495890677,-7.102406966365401
-2.2499708934817972,-7.10227165476382
-2.248334749245915,-7.101522181932472
-2.2476354332326323,-7.100246557520187
-2.247317723152263,-7.09881103453204
-2.244514728105061,-7.096950421497131
-2.2419274966616722,-7.095403795946453
-2.2397012146983974,-7.093495581084626
-2.2367321056866323,-7.090511111085951
-2.2329708105119055,-7.088722678690335
-2.2287458628198533,-7.087058093334722
-2.225211040727187,-7.084371323324306
-2.2207562994472942,-7.0820650481475615
-2.2146855440617568,-7.080604486082361
-2.2097083613831745,-7.078413412506545
-2.2033094332899466,-7.076093300983721
-2.1957416757651878,-7.073915583588396
-2.188382649075401,-7.072335448361023
-2.180721110120406,-7.070197686089745
-2.1721553149501713,-7.067597415415997
-2.1636771861222592,-7.065510842483848
-2.1544231672181677,-7.063250576575009
-2.144355197931683,-7.060508543064605
-2.1341397938506783,-7.058200225822729
-2.123198221740242,-7.056100977789624
-2.113301076784654,-7.053300938154585
-2.1021920712948376,-7.051182100922108
-2.090544669444621,-7.049493541661891
-2.08012999648553,-7.0470666216685345
-2.06858590413433,-7.045161751972864
-2.0561337849016543,-7.043722291240482
-2.044656001577026,-7.042429665872255
-2.0325403930166046,-7.039990612090763
-2.020122328043757,-7.03790359566707
-2.0075903019443926,-7.036774827476007
-1.9946446467496746,-7.033965013563969
-1.9820560123036781,-7.030960842265485
-1.9689812671023186,-7.028573320999152
-1.955305934832948,-7.025445961462901
-1.9419663774458193,-7.021909545939947
-1.9280154497683573,-7.018525061202728
-1.9137475484437494,-7.015644643708069
-1.8999007961006953,-7.012744562672987
-1.8852932090967205,-7.009267394089947
-1.870617345486206,-7.006283572949256
-1.8555878505227887,-7.0038347661600815
-1.8396861464035221,-7.000561301648809
-1.8242093142107336,-6.998022209016594
-1.8081385024658334,-6.996119688347161
-1.7924968686023246,-6.9931387122493005
-1.7775172281411924,-6.990575368803436
-1.7625114834703701,-6.988294461028236
-1.7481273553772334,-6.98569754586782
-1.734844966623307,-6.982949801819419
-1.721259312205715,-6.980628759067834
-1.7085435192881155,-6.978782355749829
-1.6966429612257445,-6.976209428288457
-1.6845168090833729,-6.973522802700713
-1.6725806172116648,-6.972272706970776
-1.660336087764902,-6.970566254965803
-1.6483584837684144,-6.9678193448422165
-1.6369008371435732,-6.965800638632734
-1.624635400280576,-6.96441316963258
-1.6129740576483051,-6.961840553548722
-1.601771656226068,-6.959477482868483
-1.5900126427236443,-6.957625300668975
-1.5787542788265656,-6.954997918968077
-1.5685498471335952,-6.951616424289616
-1.5576348259514723,-6.948302883839946
-1.5472576724872336,-6.945082989614209
-1.5367432393092104,-6.941656837007448
-1.5266117082872894,-6.938065556155335
-1.517663925425168,-6.93517079864403
-1.5078531208738573,-6.9315159939003
-1.49875522291806,-6.927700513537309
-1.4899939159798652,-6.924544758645802
-1.4806940803167044,-6.920331779868104
-1.472267490307474,-6.915617397959933
-1.464040082050139,-6.911310669182938
-1.4547940048212142,-6.906562359954814
-1.4464022265102452,-6.901210079868942
-1.4388005148833447,-6.8948635330465216
-1.4306083776132523,-6.889054678949337
-1.4224726488518122,-6.883411516665521
-1.4142528148826476,-6.876900942481844
-1.4076174332248284,-6.869786054326947
-1.4004549984775843,-6.863354199996198
-1.3923899553753127,-6.856713085983392
-1.3865290727971158,-6.849789463753993
-1.3805714053421927,-6.843533767367438
-1.373330698026235,-6.837288490394846
-1.368181781530673,-6.830577998651427
-1.3629808475349987,-6.8242783702626415
-1.3572777592344651,-6.817886110732736
-1.3522400931248055,-6.811791657617209
-1.3480718462682144,-6.805198502702349
-1.3447076058135925,-6.798824193289986
-1.3415716261967512,-6.792408216940587
-1.3386975211486192,-6.785042482885495
-1.3369802737206977,-6.778444453721555
-1.3347660769705578,-6.77161469762649
-1.3317440499309625,-6.764372627831783
-1.3306319589731295,-6.756774319075416
-1.3283123595812503,-6.750038054800455
-1.3246122681143588,-6.7429646721792516
-1.3222723501728961,-6.735730358938967
-1.3195142565245093,-6.728721167667074
-1.3161280935946973,-6.721869796295599
-1.3129755795693598,-6.714992264258494
-1.3102124587687942,-6.707721797887797
-1.3079209785479544,-6.701031548887537
-1.3042145668961262,-6.694938950323659
-1.30137712340777,-6.688248397705991
-1.3001665816408232,-6.681747601372811
-1.2983859880072832,-6.67522759270621
-1.2961469519699962,-6.668633953601558
-1.295255558555236,-6.662092187514924
-1.293982961407522,-6.6552918672378745
-1.2922501605770493,-6.648604727712966
-1.2914556695918864,-6.642587645667314
-1.2904903367625566,-6.63640305208897
-1.2897733062668673,-6.630080531074104
-1.2886136081161677,-6.623855414864089
-1.2878714731263297,-6.617846988028765
-1.2877658721930947,-6.611668871960077
-1.286268442951396,-6.605877979468309
-1.2856544527452012,-6.6003853481449895
-1.28603446014707,-6.594999366723422
-1.2845590548104209,-6.589937562001102
-1.284457105285355,-6.584734451061385
-1.285316326429283,-6.579572256248461
-1.2847309991456926,-6.574939405522534
-1.2845257417501912,-6.570801096210661
-1.2846634229095422,-6.566955011843184
-1.2851385971422697,-6.562691781119908
-1.2848928459633437,-6.559910795354696
-1.2845338400719295,-6.557576597527569
-1.2850894262472567,-6.555097106153553
-1.2856665401816008,-6.552783889660479
-1.285199206460768,-6.55101796965338
-1.285972003061895,-6.549783169782697
-1.286809680095891,-6.548395529747646
-1.2869722586078851,-6.546507595796003
-1.2881776902506556,-6.545325568462338
-1.2896727458731516,-6.543987378455075
-1.2905591831009764,-6.542152066324912
-1.2919649466374652,-6.5414754603888925
-1.2934626246312406,-6.540848534567584
-1.2955116917484937,-6.540366577106174
-1.2974785756183203,-6.540730531049389
-1.2992515099039783,-6.541424288662382
-1.3025116016964284,-6.541679398713696
-1.304564056125172,-6.542812727367425
-1.3064315336593282,-6.543699608105147
-1.3107318731453408,-6.544762908856661
-1.314033939162675,-6.545704247139734
-1.316886990317847,-6.5470067080922085
-1.3206329569803859,-6.549023835636628
-1.3247322510878021,-6.55025966098616
-1.3287346770598782,-6.5513759478598645
-1.3331172531789348,-6.553850879478231
-1.337935935404404,-6.555990166018671
-1.34341457426425,-6.557433024127251
-1.348431514095706,-6.559651968302135
-1.3524782402593498,-6.562665401805666
-1.358721599471885,-6.565134170568752
-1.36433363433191,-6.567760213382783
-1.3689768111278815,-6.5712674845936
-1.3751829541787048,-6.5751537543340115
-1.3805104546173594,-6.578437946863649
-1.3861381003045055,-6.581889886655037
-1.3919776714949479,-6.586228588085102
-1.3975817159184614,-6.590072081186936
-1.40372491384434,-6.594036882094923
-1.4093448978948946,-6.599162607128881
-1.4158740439562254,-6.603450701380136
-1.4231959436233503,-6.607916165076627
-1.4298909914170295,-6.612637650280213
-1.437176283326436,-6.617197033679728
-1.445301786629136,-6.621632149012136
-1.4524739152954576,-6.626205056439172
-1.4598378555688891,-6.631462334128505
-1.4675767422998713,-6.63620730180394
-1.4749334836897376,-6.640070473708584
-1.4824570360410332,-6.644840847274381
-1.4893740017449622,-6.649640460282066
-1.4963682151782516,-6.653435333389229
-1.5042779924010217,-6.657228731514071
-1.5103906533695566,-6.661869253843047
-1.5170344627491674,-6.6653625339862925
-1.524459517295289,-6.667932462689071
-1.530137975388978,-6.671428024361292
-1.5360335399357414,-6.674862823452442
-1.5418053414464818,-6.678042920185318
-1.5468898209393935,-6.680830300803559
-1.5522116436201898,-6.684255029760235
-1.556842082567219,-6.687147153579737
-1.5611910826849327,-6.689716225782313
-1.566000270683088,-6.692690130945385
-1.5697466380907512,-6.695107387632514
-1.5734496104218882,-6.696813485313796
-1.576980791600445,-6.699349099633947
-1.5797487994121122,-6.701983446095359
-1.5829596603451668,-6.704141473559926
-1.5856849342774726,-6.706097287317398
-1.5877258649163393,-6.708400382521245
-1.5899836642223868,-6.710309816603264
-1.592090978017938,-6.7111795712120905
-1.59362002668438,-6.71252091313638
-1.5946678867758808,-6.714715786395619
-1.594286990740096,-6.7155578854629345
-1.5947884068518856,-6.715665459288297
-1.5945467856272522,-6.716760275433215
-1.5924252595577444,-6.717103425330969
-1.5917368885045706,-6.716489430329962
-1.590030823493121,-6.716205162616603
-1.586834907033922,-6.716131860318214
-1.5839076387206836,-6.716019318936749
-1.5807597643119593,-6.715403495588424
-1.577552426831012,-6.714747418143079
-1.5742356227974919,-6.714176404113465
-1.5704544915524272,-6.712888707568776
-1.5673547589659018,-6.712051609655292
-1.5637160828262713,-6.711158222550041
-1.5593154523959598,-6.708830314512819
-1.555650208988449,-6.706492108723989
-1.5509351853131699,-6.704672219123252
-1.545212605152477,-6.702289600407361
-1.54068350226085,-6.699164307021329
-1.5352768498826006,-6.69710701854662
-1.5288603623818848,-6.695208224509811
-1.5231100753843252,-6.692462122110443
-1.5172825266409393,-6.689949079296682
-1.5111608045412435,-6.687994750528692
-1.5043475270775801,-6.686407636011781
-1.4984136537775028,-6.683883470737939
-1.4928204829653964,-6.681774450804023
-1.4863084406441982,-6.6801233785855185
-1.4797845688002607,-6.678156958138393
-1.4746662605407472,-6.676254722924852
-1.4687857766829004,-6.674652368468944
-1.4625597043022862,-6.672841216838092
-1.4574267694008007,-6.671328992208566
-1.452038306662606,-6.669150994895345
-1.44639785946395,-6.667099437270993
-1.4411733217364922,-6.665036996745652
-1.4358448064590434,-6.662715297969709
-1.4310281394127013,-6.66046031564606
-1.4249026189174896,-6.658159464643891
-1.4191713559171624,-6.655708959715122
-1.4143466653243417,-6.653761706844645
-1.407833304211042,-6.652069282658561
-1.402482394879602,-6.649665682519203
-1.3978956297480565,-6.648043442208583
-1.3911057938681035,-6.6466656355702725
-1.3850703240617885,-6.645017588813358
-1.3797852486947804,-6.643485281494967
-1.3738460423151437,-6.641795016738121
-1.3675919091244368,-6.640426947136159
-1.3616209421222507,-6.638976689224448
-1.3568773363565574,-6.637283083309662
-1.3520017367684918,-6.635774088750971
-1.3463060098961475,-6.6345416494253255
-1.3418365526276341,-6.633681958176339
-1.3378683057492127,-6.632957034688386
-1.3327235079395012,-6.632410768483854
-1.3284657636738575,-6.632298580958918
-1.3259038014371025,-6.6319536493844815
-1.3223715047651003,-6.63155424426872
-1.3193046267245705,-6.63168121708279
-1.316408423863712,-6.6319307706260675
-1.3136478884690703,-6.631539474357231
-1.310590209670513,-6.631155001765211
-1.3076124352710667,-6.630936263864519
-1.3058258189538938,-6.630669752462932
-1.303159247233797,-6.6309686519015845
-1.3003319788182242,-6.630919182768344
-1.2994973854794967,-6.631038252893072
-1.2977360982,-6.632107478368621
-1.2952707857521337,-6.632834120610292
-1.294859605125056,-6.633652826189893
-1.294248248208558,-6.634886825714115
-1.2932473402402955,-6.636245642285433
-1.2929478295234533,-6.638380599243971
-1.2932808160579516,-6.639571165252477
-1.293818561288025,-6.64085662190521
-1.294052383006799,-6.642891038335219
-1.2936202578007248,-6.645112245941438
-1.2948939055470252,-6.646736137897218
-1.295222485059711,-6.6492813201408785
-1.2945616751326623,-6.652495547390917
-1.2958642094725363,-6.6559335397674415
-1.296597528158162,-6.659247098697636
-1.296970382296656,-6.663773236035032
-1.2981794719549222,-6.669268247360157
-1.299047081420321,-6.674707776315234
-1.3002588362498522,-6.680495738468623
-1.3011327333294322,-6.687380619657442
-1.3022892027933213,-6.693885511569576
-1.304041828087644,-6.700320482157861
-1.3047421916820832,-6.707529409674648
-1.3066711989146014,-6.713759455739817
-1.308933938356342,-6.72009231205704
-1.310537959603945,-6.726190875091068
-1.313147261246864,-6.732728295115027
-1.3164047922137156,-6.738842455245428
-1.3187801680631879,-6.744834813733849
-1.3213149005162086,-6.751842140036901
-1.3251040700563872,-6.7587051802541245
-1.3288251381242782,-6.764780576391363
-1.3323316911027554,-6.771321861491263
-1.33562383344322,-6.778870081932926
-1.3396574183416439,-6.78520828301289
-1.3445265571404803,-6.79087266965722
-1.3477732457227294,-6.79777668999429
-1.3520831424742161,-6.804588414775721
-1.357360935645649,-6.8105465029700865
-1.361194186859926,-6.816364718296974
-1.3658882627204356,-6.822672249058016
-1.3707107131666534,-6.828526338102139
-1.375456613046486,-6.833649021490567
-1.3805899549179947,-6.839907121355227
-1.385642777175193,-6.8459518420572145
-1.3904106750618266,-6.85155412387822
-1.3956075738761993,-6.857787602612356
-1.4003283271629414,-6.864170434295258
-1.4052597631108104,-6.8703984132783855
-1.4098575377360913,-6.87692207280483
-1.4140646250257358,-6.883327378714124
-1.4187839062336787,-6.88932308409118
-1.423072186235192,-6.894732594882819
-1.4266861945820395,-6.900279733344215
-1.4306979446989485,-6.90602831929915
-1.434414379209415,-6.910349557011235
-1.4378452819985146,-6.915085141058964
-1.4409775144938364,-6.920586326706517
-1.4436668402306398,-6.92527036623431
-1.4481739206905366,-6.92855917110793
-1.4522547379176391,-6.932535243124543
-1.454940236246002,-6.936041558985296
-1.4591475421829978,-6.938559010966063
-1.4627968951054482,-6.940791002572767
-1.4653831618368525,-6.943250622552636
-1.4685717320028302,-6.944841161172361
-1.4713582551674529,-6.9455005146176285
-1.4736727964788514,-6.9458704030496765
-1.4755629238769934,-6.9462085329340715
-1.477198725815626,-6.945431335652487
-1.4789932041715494,-6.944596269475352
-1.4802895936150697,-6.943956279573111
-1.4809724604785235,-6.942334609165248
-1.4817077906581364,-6.940957348919929
-1.4822173033619397,-6.940164108884162
-1.4815325984139829,-6.939232316012736
-1.482162315206215,-6.937397742948761
-1.4821402637952912,-6.9363201690540235
-1.4816583822056095,-6.935446601366971
-1.4819125506759303,-6.933903590452807
-1.481748269886698,-6.931962237721652
-1.481702072165846,-6.930497035900647
-1.4808753769119374,-6.929548765229328
-1.4796255814337642,-6.927413787063821
-1.4794869443757137,-6.9258944782518
-1.4784243168642275,-6.925166947828015
-1.4766658677489084,-6.923472271382411
-1.475817940086802,-6.921659424904994
-1.474416261076554,-6.9201252629707035
-1.4721366377037948,-6.919056673290642
-1.4702368978624976,-6.9180877361980535
-1.4681369367284536,-6.917129901688412
-1.4654811248788397,-6.91693551200977
-1.4621950772918868,-6.916683215602638
-1.4588298298455518,-6.916459601554164
-1.4560596717840395,-6.916852160957023
-1.4518873235773424,-6.9174106008346605
-1.4479201040209602,-6.9175311258818155
-1.4449343256022185,-6.918181615105182
-1.4402628597832696,-6.919257112388917
-1.435993016031179,-6.9195306148391165
-1.432505944961198,-6.9203045711345865
-1.427550946345669,-6.921998364164256
-1.4230089002322104,-6.923244148531673
-1.418837321303661,-6.9242093041795965
-1.4146044550931032,-6.925826654395248
-1.4096620599376208,-6.927688008372777
-1.4045727688229435,-6.929196083501495
-1.400134956573617,-6.930277595876343
-1.3949138937744459,-6.932311766398922
-1.3886562276608747,-6.934385892572677
-1.3837325555357756,-6.9361910349175036
-1.3795291565482433,-6.93823197820335
-1.374338500199036,-6.940159387015074
-1.369749813322596,-6.942175149634335
-1.3659496704000451,-6.944389310095699
-1.361828461593234,-6.946343150334836
-1.3582378676320552,-6.948690753655816
-1.3551553985016447,-6.9513683573864595
-1.3524752075482747,-6.954229752914499
-1.3499179114216682,-6.957463860104874
-1.347083392400444,-6.960812086081448
-1.3460780566859938,-6.964202134057689
-1.3448283546062763,-6.968020579483675
-1.3424208698790339,-6.971493334834438
-1.3424822455187087,-6.97494537845068
-1.341592567740675,-6.9789904442553095
-1.3402424039757634,-6.982528314558347
-1.340057005707453,-6.986449637692429
-1.3401353413930719,-6.990184345314581
-1.3393102796198946,-6.993670257371279
-1.338738208974852,-6.997542822063328
-1.3391615559801728,-7.000344738177703
-1.3400015554788298,-7.00318274673661
-1.339730457037377,-7.006276757680037
-1.3391238341187173,-7.009458443211848
-1.3406400529146243,-7.0118998360553295
-1.341269529833829,-7.014075870653906
-1.3408869153171579,-7.016730872080994
-1.3424725863307099,-7.01887084746741
-1.3432097809776717,-7.019772026892417
-1.3433690361692374,-7.0211545068255985
-1.344695033978481,-7.022909020135014
-1.345905661086306,-7.0238736116404334
-1.3472886764889784,-7.024660524308818
-1.3484245558134054,-7.025455218452703
-1.3499517708035258,-7.025868073567978
-1.3520035620998547,-7.026372779114046
-1.3523231591372311,-7.026799936885903
-1.3536771224164112,-7.026397177297947
-1.3556785572017647,-7.026250455967542
-1.3558255686089546,-7.025994610584052
-1.356925031877825,-7.025040506445382
-1.3590187409959567,-7.024162491564261
-1.3603746862348918,-7.022899930404471
-1.361119437979159,-7.022026781940976
-1.3629316755323695,-7.021269303047006
-1.3646888584670624,-7.019748118774704
-1.3663220130588505,-7.018892561546828
-1.366960628832209,-7.018492099026104
-1.3683653745464428,-7.017189726544592
-1.370477476714273,-7.015701908101647
-1.3701826897289717,-7.014910917845606
-1.3705552416890185,-7.014083660703427
-1.3717633527085398,-7.012417314499073
-1.3714602565479281,-7.010613029993396
-1.3716223730381418,-7.009367660629468
-1.3713255515525065,-7.008114500171901
-1.3703985399601946,-7.006145014484671
-1.369643761514351,-7.004586015428317
-1.3682623048999971,-7.003096340024466
-1.3671597504081885,-7.00057086600128
-1.3652804699947874,-6.998634950847368
-1.3627471435947915,-6.996488062508653
-1.3609133674518428,-6.99412524191649
-1.3583349532420819,-6.99161003428584
-1.3551551694569763,-6.989057677598072
-1.3524010409599774,-6.9866850051589235
-1.3496129997578834,-6.983755154313661
-1.345487841944575,-6.981203054199611
-1.342141495040071,-6.979336966790967
-1.3387020133805845,-6.976295128558373
-1.3345927792673273,-6.973185122190363
-1.3303671714596603,-6.97087853100566
-1.3257675344725932,-6.968553734596059
-1.3224059155086947,-6.964464543917601
-1.3184107178649387,-6.961495491834769
-1.3135315593322163,-6.959141498250745
-1.3102076440912758,-6.955727247562744
-1.3060770018477443,-6.952198285989358
-1.3014473839418979,-6.949915908962791
-1.2973080912065462,-6.947484863389113
-1.2920918651665096,-6.944177029500212
-1.2870810746411736,-6.941262999983733
-1.2818579822101355,-6.939129958887132
-1.2761440494753524,-6.936522196845737
-1.2706101088499284,-6.934165386290253
-1.2653849896010931,-6.9326122165777
-1.2602064387033836,-6.930976390405396
-1.2553016110215105,-6.929599617415665
-1.2503992524931669,-6.929101549527181
-1.245900249070904,-6.928636477013749
-1.2420869287236391,-6.928062523683774
-1.2376669325431087,-6.9278949274363955
-1.2326519841840853,-6.928682922748273
-1.2285196608984768,-6.9290603722952255
-1.2240154615058607,-6.928526944638652
-1.2198454649729398,-6.9288869950776
-1.2153854976320446,-6.929445117894652
-1.2112870151273574,-6.92857642871863
-1.2081154449913192,-6.928001795835452
-1.2032899901713674,-6.928175401705224
-1.1992007857410645,-6.927350564702575
-1.1963760205104736,-6.926098544451832
-1.1928647529758205,-6.924976430851315
-1.1893142096388922,-6.9243729446137126
-1.1861575276989726,-6.923374302882164
-1.1833165001339268,-6.922106825505307
-1.180572106081351,-6.921059391794818
-1.1772978067912,-6.9202064152746114
-1.1743669524131446,-6.918996943749609
-1.1717478990948351,-6.918707648848895
-1.1686295525898884,-6.9182118496608105
-1.1656158256981854,-6.917143637311892
-1.1634759727851092,-6.916185378012513
-1.1596882277991958,-6.915997244872296
-1.1565386234865183,-6.914858796383861
-1.1540099333008598,-6.913885185898328
-1.1504866170403178,-6.913384908624582
-1.147589875773644,-6.912464380583669
-1.1450914414104783,-6.910690132990065
-1.1424981154220586,-6.90949300833276
-1.1401781299083644,-6.909192140790234
-1.1375753157609674,-6.908241883830261
-1.1358477530595903,-6.906438881785512
-1.1342399808229682,-6.905826133924785
-1.131289843606403,-6.904853462538846
-1.1293211934704381,-6.903363634076359
-1.1280591631527102,-6.902650948630944
-1.1258073066943584,-6.902079654478559
-1.1239806433690838,-6.901350126529509
-1.1231132295199038,-6.900491943511371
-1.1224724983073442,-6.899459125672844
-1.1218638293254866,-6.898518355333631
-1.1213811432184986,-6.896765036345413
-1.1219042131293429,-6.89483127478163
-1.122092482459444,-6.892823865328602
-1.1212072444302696,-6.889687220286493
-1.121822431505418,-6.886243258510303
-1.121208175007764,-6.883330631482679
-1.1198675145425665,-6.878964906289905
-1.1199838708164418,-6.874369987626431
-1.1186831368261547,-6.870445057047281
-1.1171638521105658,-6.8658490852471035
-1.1173545316739009,-6.860512998548124
-1.1170965050420059,-6.8547782767667185
-1.1167856320111162,-6.849675004197399
-1.1159429832143735,-6.844237355549991
-1.1157960267373541,-6.837882565714856
-1.116388265387932,-6.832246997656795
-1.1151077982786988,-6.8270212025942705
-1.1148033987544907,-6.821281398840867
-1.11539873874867,-6.8156965581197335
-1.1136422899833598,-6.810459064777789
-1.111813081681137,-6.80581517051389
-1.11128964450595,-6.800619386006876
-1.109917721377583,-6.7951684613427075
-1.1085826591804042,-6.789914380443986
-1.1075955118592076,-6.785122096482515
-1.1069683854025356,-6.7792807726355555
-1.1063423672820936,-6.773515773387163
-1.1049701711188928,-6.768089817357103
-1.1046072729409706,-6.762115267617988
-1.1045284457233149,-6.7565630132503465
-1.1032428938976293,-6.751069451442301
-1.1038537280931644,-6.744648851810019
-1.1042113820259156,-6.739067405099055
-1.1032255304773753,-6.7331823326143425
-1.1030322872203104,-6.727214975029531
-1.1031316056768894,-6.721229347969598
-1.1021655795318732,-6.715408777745169
-1.1009536416833672,-6.710103533819473
-1.0996669017333753,-6.704362920377788
-1.0987528500932504,-6.698459221250098
-1.097066491522582,-6.693501117826394
-1.0936551654111952,-6.689341425754733
-1.0918645337027848,-6.684714208209033
-1.089958912553054,-6.679757321621586
-1.0856359583121864,-6.675503946585081
-1.0827341090897504,-6.671397359884426
-1.0798127183196422,-6.666201265990209
-1.075539732200717,-6.661238033085406
-1.0719313765206304,-6.657146491631465
-1.0681843625352851,-6.6527948820295375
-1.0646808404920172,-6.647674797895572
-1.060405034732718,-6.643269903525995
-1.0563773372591794,-6.638794419786275
-1.0531202647056825,-6.634442632352475
-1.0484263925315889,-6.63061439295068
-1.044629190295257,-6.626077422068046
-1.0418693870734694,-6.622416206978312
-1.0382889802589477,-6.6185329532990576
-1.0348537273636897,-6.6144352936786035
-1.0324005391856654,-6.610830071777436
-1.0290191152286687,-6.6070890747754
-1.0255443425096185,-6.604009947165453
-1.0225435397347562,-6.601243715102186
-1.0199366789704203,-6.597916027143034
-1.0171156877415484,-6.5951046615658555
-1.0132315556861613,-6.59302681636611
-1.0103989752252243,-6.5903946104134
-1.0084635717903625,-6.587250080240072
-1.0051934490519991,-6.584795785399714
-1.0031389065728338,-6.582490002581494
-1.0020928652428256,-6.579604518663168
-1.0001194353866572,-6.576879671966304
-0.9988741864572548,-6.575016623915643
-0.9976664081808653,-6.5733758985618564
-0.9961406930461398,-6.570726011075956
-0.995129937775322,-6.5692179116664935
-0.9938430967924378,-6.568329030825816
-0.9926119986584611,-6.566640046547983
-0.9916477411745175,-6.565556482940036
-0.9904695692624218,-6.56463583217731
-0.989639968762281,-6.563566990734436
-0.9887934469054203,-6.562658142435123
-0.9878960885174851,-6.561970832400239
-0.9878863489315687,-6.56162540705315
-0.9879703208949074,-6.560685685223738
-0.987594123962786,-6.560273156758423
-0.9879212186715619,-6.560573712510054
-0.9888338261119306,-6.560223084811274
-0.9900175426184472,-6.559361927962528
-0.9912912277048626,-6.559557936220129
-0.992331475964854,-6.559560828430375
-0.9953420361306172,-6.557607530819292
-0.9981809539265492,-6.556550303962025
-1.0004795576387164,-6.556206184376718
-1.0045329914685088,-6.5542252920334105
-1.0082925134327616,-6.551697846910167
-1.0119560668152445,-6.550387377561037
-1.0158690021958137,-6.549013161631531
-1.0197292434498852,-6.5470129488861195
-1.024083656612534,-6.5448464330418235
-1.0288360101647938,-6.544284222352876
-1.033575372584508,-6.543573102532358
-1.0388371175193942,-6.5425505093196055
-1.0446933770566451,-6.542722445136218
-1.0509180769466255,-6.542566878371941
-1.0576733196475163,-6.542176898574095
-1.064071221802514,-6.542323541035873
-1.0702150454172294,-6.542624636626671
-1.0775719608437928,-6.542201088814619
-1.0839634363761688,-6.541603559704716
-1.0902251441416808,-6.541462596383887
-1.0971962065555612,-6.540694932948018
-1.1037277087285084,-6.5389415295572295
-1.1110251998557301,-6.538090676760661
-1.1174353462607673,-6.5379286167722945
-1.1243380636231477,-6.536827552371466
-1.1325161621183586,-6.536035024184017
-1.139738624052703,-6.53613802339614
-1.147047876027231,-6.536357411597944
-1.1553476198135975,-6.536457167381531
-1.1632214444416986,-6.536824475779609
-1.1705875908930443,-6.537619033222554
-1.1782200391768523,-6.538329710635238
-1.1862884045768243,-6.538540933387455
-1.1948471931040703,-6.5396226761887775
-1.202893061407239,-6.540533213441039
-1.2115080139284529,-6.541003498237529
-1.2211729064489931,-6.541718309548473
-1.2298882407286653,-6.542597361586788
-1.238849958201216,-6.543234847290764
-1.2490232572665056,-6.5442125850253
-1.2577547103962343,-6.545766712967679
-1.266858070652621,-6.546803348630801
-1.2768530724092997,-6.547762905461113
-1.286170650746844,-6.549265338076971
-1.2955180923937692,-6.550587164154984
-1.3051373485847522,-6.551573532738514
-1.314527732498593,-6.552667481244707
-1.3240939228371218,-6.554679901811278
-1.3332239225319382,-6.556252862184125
-1.3432595006476034,-6.557372793085591
-1.3533661329580093,-6.559781946018691
-1.361992443118086,-6.561830311160816
-1.3711760160893753,-6.563627703338818
-1.3809627499610035,-6.566139128066164
-1.3897469168426155,-6.568752636713844
-1.398607425301509,-6.571301913889695
-1.4082694152805246,-6.573764582213506
-1.4172738832711385,-6.576438501443641
-1.4258758435746808,-6.579610814602748
-1.4338598951566903,-6.5826036598450575
-1.4425861204338606,-6.585562356966261
-1.4502404850834716,-6.589278717292133
-1.4568827487273288,-6.592007696485866
-1.4648509601592867,-6.59513189919539
-1.4708511334111871,-6.5989994540346935
-1.476454379719537,-6.602052755518934
-1.4831040405725335,-6.605491763008556
-1.4885993725267659,-6.608917867133017
-1.4934793095356798,-6.612714058726962
-1.4988203645253142,-6.6163306814176845
-1.503625259986894,-6.620041494415991
-1.5081053950116219,-6.624595488845126
-1.5110400477911532,-6.628946554635239
-1.5149788953618433,-6.632219305012795
-1.519378207617083,-6.63548669964984
-1.5213663295135034,-6.639015053638863
-1.5234099629783702,-6.642117299629657
-1.5269653156617589,-6.644254623441686
-1.5285674341031723,-6.646225701392394
-1.5291545886130469,-6.648706336298245
-1.530890101642061,-6.650700350348436
-1.531469726854901,-6.652052292792184
-1.5314458984838868,-6.6535799114613505
-1.5309643898403449,-6.655132567191751
-1.530360761574053,-6.65608973730712
-1.529605862615561,-6.6569702565458115
-1.5271074534431008,-6.6582166149564435
-1.5255536308888902,-6.658843516997513
-1.5239407484127003,-6.659518657069015
-1.5205246119765252,-6.660141639265168
-1.5176884313008832,-6.6605110075467255
-1.515349101326434,-6.660870557567297
-1.5109361149962637,-6.66084339611076
-1.507006973892688,-6.660708319056263
-1.5035337794060342,-6.6602350120073215
-1.4989251727375488,-6.659300279354874
-1.4940677290392606,-6.658586566526464
-1.488512466140626,-6.657420500311538
-1.483310620901279,-6.655365273416114
-1.4773087446000468,-6.653842860807219
-1.4693845524244653,-6.6528759233277235
-1.4633123660960892,-6.651239097866931
-1.4567593383328261,-6.649280415642765
-1.4480990868329364,-6.6480433825251
-1.4404768581373824,-6.646951502171207
-1.4327377087588937,-6.644739503960593
-1.4239668348787138,-6.642656827255063
-1.415211779299303,-6.640973961562682
-1.4061365714553258,-6.638779412265195
-1.396862163933148,-6.635462535114754
-1.3867665421043702,-6.632474930425625
-1.3769601749419849,-6.628861086273978
-1.3678452712632614,-6.62509292045798
-1.357684070815901,-6.620719880911027
-1.3481427329634557,-6.6163544217152825
-1.339075299137991,-6.612271755816079
-1.3292639583095898,-6.6076945373754095
-1.3192567487986246,-6.603919760879917
-1.3107865396384661,-6.600371774830327
-1.302026401142414,-6.596408336485814
-1.2930156403552229,-6.592908339109246
-1.2843737236220414,-6.589727835352154
-1.2763906852906406,-6.585606297898324
-1.2684831714827152,-6.58176514568511
-1.2594291109204059,-6.579055501344042
-1.251358523686005,-6.575454081708771
-1.244056198874424,-6.571561863096427
-1.2352220635676256,-6.5686625935146825
-1.2273897442091988,-6.565935274422825
-1.2210301098746517,-6.562626318412501
-1.214107503650426,-6.559255705735638
-1.2080161931180642,-6.556553720526889
-1.2022888846405542,-6.554209817244688
-1.1970381634433822,-6.550929498623129
-1.1923731751886923,-6.5481771473081265
-1.1874012260046864,-6.545752956187728
-1.1831102890770946,-6.5427123983942845
-1.1789379955394563,-6.539704007529455
-1.1746068477805711,-6.5371810928551595
-1.1707028964675783,-6.5341985876453235
-1.1670831127909385,-6.530866358855182
-1.162126164719941,-6.528225005359137
-1.158309284839616,-6.526016602868739
-1.1545698592877978,-6.523628662204233
-1.1501127275164302,-6.5217460709890815
-1.1463458818160954,-6.520945095259339
-1.1426266959378475,-6.520095451710016
-1.1390830791745241,-6.519219032669711
-1.1357249441833035,-6.520110120776626
-1.1321257419687913,-6.521338022138017
-1.1292707692328425,-6.521663791006384
-1.1267248001670285,-6.523163552636613
-1.1238012232208239,-6.525689506657631
-1.121506760082273,-6.52802502348563
-1.120006092157943,-6.530397581353006
-1.1184550288028694,-6.533912199564211
-1.11701559912094,-6.53782484186811
-1.1158373658130785,-6.541081328086323
-1.1154217420181802,-6.544331855598637
-1.1152754860431409,-6.548485768290134
-1.1145153399562797,-6.552046713826327
-1.1142585940661491,-6.555761633265338
-1.113710978165539,-6.560122622565289
-1.1121100787691132,-6.564483079051091
-1.1117708414411547,-6.568087774295891
-1.1107875047447504,-6.572686633854174
-1.1089757219273593,-6.577584327928439
-1.1081529660295506,-6.581921881633568
-1.1061407568087245,-6.585827196695183
-1.1035767801537968,-6.590845508376027
-1.1015122239045465,-6.595667452923373
-1.0992716791978383,-6.599619525593232
-1.0971837524390464,-6.6044416079814905
-1.0946463950714749,-6.609977319823226
-1.0918275519623555,-6.614441767920487
-1.0897372688668852,-6.619179494781027
-1.0866207138174757,-6.624892041664838
-1.0828169258893385,-6.630276835336373
-1.0794537042623515,-6.635424739483335
-1.0754945573689119,-6.641097080583589
-1.0710644647444592,-6.647209786885156
-1.0664067762663885,-6.653266901887199
-1.061773267956859,-6.658886812255925
-1.0569528755687767,-6.665252727909115
-1.051553120707751,-6.671665578713276
-1.0464782612999495,-6.677760598082266
-1.0425229637428237,-6.684136572302335
-1.0375425401038723,-6.690850765006049
-1.03250511686824,-6.696759499884683
-1.0283560526289015,-6.7030249009017195
-1.0237627359489219,-6.709426988536734
-1.0190536588528372,-6.715353285636493
-1.0148293749695543,-6.721042710851412
-1.010217088447983,-6.726625358512551
-1.0054414284094937,-6.732165711529087
-1.0004973008397167,-6.736898915815235
-0.9953903137152352,-6.741484950288663
-0.9900548220848003,-6.746484198503973
-0.9832685220138467,-6.750549999299848
-0.9772685226646818,-6.753831981231259
-0.9717050111562662,-6.757467562782631
-0.9634047541775345,-6.761239408662604
-0.9561217893956521,-6.764353400320949
-0.9498427680479832,-6.766956963826155
-0.9413025173209778,-6.769599839278819
-0.9328190294346758,-6.772359302839938
-0.9253216771876273,-6.774664795347881
-0.9174993666357069,-6.776904896213123
-0.9092584151442853,-6.779762108803251
-0.9010116938296442,-6.782714743125941
-0.8942951660313084,-6.785988344980925
-0.8873873661811388,-6.789334766949083
-0.8794823598429644,-6.792846559074633
-0.8734177848859962,-6.796631653916721
-0.8666544654520986,-6.800771911767325
-0.8588849203220026,-6.804130867978979
-0.8525287525468721,-6.808103451585259
-0.8455345881489779,-6.812016121758817
-0.8381552956876077,-6.81624616470037
-0.8314079574858518,-6.82027368451261
-0.8245112393631185,-6.824308415577413
-0.8169682385913988,-6.829211111286927
-0.8087331078383554,-6.834824186536417
-0.8006565760220298,-6.839739767105886
-0.7939791146783869,-6.844842725641439
-0.7850302719215179,-6.851561052201065
-0.7760290442924908,-6.858023737909193
-0.7691779048270866,-6.86449268196855
-0.7602772494128485,-6.872256776860095
-0.750279701060132,-6.880477203412653
-0.7416343253745088,-6.889120471646558
-0.7321914723009496,-6.89776385786546
-0.7226384623623737,-6.906697235170688
-0.7124806639666335,-6.916523509124548
-0.7021811994520994,-6.92560909611234
-0.6919971146283262,-6.93478981999363
-0.6796836369666616,-6.944364880187494
-0.6675901205408145,-6.95370268260111
-0.655814129553243,-6.963506827744041
-0.6423874058552976,-6.973574560460554
-0.6289505634514816,-6.983726316681887
-0.6161975341702645,-6.99397774471912
-0.6016725672876468,-7.004404045088818
-0.5872619044853897,-7.015145422031027
-0.5730394232880143,-7.0259062727377914
-0.5585211713927031,-7.0364356424782954
-0.5435984966382933,-7.0476955508778305
-0.527763817466077,-7.058793040132729
-0.5130635384370358,-7.069407585984898
-0.4975835310586397,-7.08096806782616
-0.4804183632893501,-7.093200430165713
-0.4647934776896149,-7.104860615284396
-0.44881281168001186,-7.116842528339076
-0.43039500573414324,-7.129467196355144
-0.41281357435127114,-7.142668098303537
-0.39527543435375256,-7.1549592425126045
-0.3762982356426495,-7.1666268695142
-0.35698759973802785,-7.179093288665475
-0.3370120457927609,-7.190933636821693
-0.31635827294621105,-7.201786055678227
-0.2947311388236012,-7.212440007141545
-0.2719784006251219,-7.223452763754746
-0.24981983706315553,-7.233788765940352
-0.22671957223439498,-7.243696162288292
-0.20259191663003367,-7.254389017851156
-0.17928406624784746,-7.265011640571546
-0.15506964378555277,-7.274438213594279
-0.13033949986745913,-7.284686819158202
-0.10636877711785461,-7.294611508086657
-0.08152813837417922,-7.303642870171028
-0.05618262922503044,-7.313212122932532
-0.031478634170627316,-7.322930109342761
-0.007120311138311758,-7.3314320941768
0.016791735359313012,-7.339648767816467
0.04113408174434075,-7.348548092206955
0.06450159295436778,-7.356182706840722
0.08684981437181864,-7.362804391818398
0.11008841002639366,-7.368802755741961
0.13249910816095703,-7.374034078829824
0.15308892550348382,-7.377944276201547
0.1738849086655345,-7.380113198965223
0.19395793738125186,-7.382107115082984
0.21350535122273182,-7.383797839756526
0.23230848735683643,-7.38350922220966
0.25050603693494145,-7.383321419722974
0.268891822120386,-7.383692893854231
0.2861627635969822,-7.38354489321941
0.302440861795707,-7.383010168265615
0.31823379117647804,-7.382869449014902
0.33306654562465565,-7.382392904461367
0.346779580806657,-7.381826769757299
0.3599493858823432,-7.382100527226567
0.37151767501302324,-7.38243622419618
0.38186264203401776,-7.3824290322102595
0.39138741277595257,-7.382532745691603
0.4000491030906506,-7.383240481758343
0.4076642477700319,-7.383466912981059
0.41370475810646073,-7.382854900634622
0.41849118468017055,-7.38245215361792
0.4227431808326735,-7.381559876829986
0.42560922233657256,-7.3789766960783245
0.4269937213991955,-7.375910540813644
0.42850696273990047,-7.372486213793761
0.4285384274906818,-7.3685167343631965
0.4271648070762967,-7.363915452622964
0.42518044877046424,-7.359877298804795
0.422624298834902,-7.35685370697837
0.4188892798482643,-7.353686802751549
0.41392470404518916,-7.350424471019144
0.4077333335053587,-7.3485244956322235
0.40116878285238766,-7.346903944289552
0.39267994135261886,-7.34423623703382
0.3830246593737513,-7.342832118483769
0.3730048652172694,-7.341847161452703
0.3609703141776107,-7.339494121087318
0.3479920490909908,-7.338153888665485
0.334124273909165,-7.337501415589581
0.31886562995643225,-7.3359051486126585
0.303005599449337,-7.3348667645569385
0.2855506285866482,-7.334476666666083
0.2671872876199362,-7.3332317580738655
0.2481496317082618,-7.330701675091738
0.22744480250946916,-7.328804647524008
0.20722197127228092,-7.327244247654884
0.1865721496157883,-7.324408521748939
0.163742749904337,-7.321439576518906
0.14125497097711506,-7.319274033866728
0.11871307851605502,-7.3179734030257055
0.09405022648700197,-7.316418305960139
0.06967586320037221,-7.315469722422028
0.04523798069773981,-7.316331666185926
0.020471176076812873,-7.317029271888317
-0.004488825971884798,-7.318265465469832
-0.030157470443696183,-7.320707924703963
-0.05502025249997983,-7.3237890323022965
-0.08032242967260814,-7.32651802867889
-0.10683352334492092,-7.329544389297388
-0.1321719143149547,-7.333942700903051
-0.15741582137977972,-7.338101731433398
-0.18341403835982595,-7.343019505080515
-0.20869072412102418,-7.348208239337906
-0.2332980257924877,-7.352961926929812
-0.2581838411579527,-7.358117299500061
-0.2820028182369298,-7.363473467439529
-0.30545861777020455,-7.3689851660171115
-0.32881605022502003,-7.374269494499983
-0.35186597111421136,-7.379434176712283
-0.37517615485614797,-7.385442785129464
-0.39688802571724824,-7.392029430679738
-0.41912587185506334,-7.398214427343402
-0.44211399347658087,-7.405542156870007
-0.46264416564205524,-7.413556748798223
-0.48393356126156123,-7.421705875118233
-0.5061069597526158,-7.430146623062203
-0.5265432839541428,-7.439082937007241
-0.5470651604404785,-7.448498222792589
-0.5679243642956567,-7.457658568885724
-0.5885509830781552,-7.466413350670387
-0.6090002689095929,-7.475801830428186
-0.6282531066810395,-7.485420268671101
-0.6482848171830324,-7.495064232302204
-0.6673757802669449,-7.505327472931698
-0.6847029904969402,-7.515134394097237
-0.7025991413709417,-7.524889506647216
-0.7190534496705447,-7.534958549169081
-0.7339457947443686,-7.543853993196581
-0.7493721871643643,-7.552056558033128
-0.7638137426988756,-7.561128098777245
-0.7766751952151523,-7.568875443448686
-0.7888092543224705,-7.576540360317932
-0.8004407295939504,-7.584639181510417
-0.8111103668667737,-7.5926305303716495
-0.8197740750834657,-7.601001417996768
-0.8277892949086373,-7.609649148492571
-0.8359853662770487,-7.619213846191284
-0.8421273894092969,-7.629217641157037
-0.8466374032859398,-7.640235883941955
-0.8518786269308397,-7.6512368196180915
-0.8556367502752162,-7.662222556418207
-0.8574740102900761,-7.673854136309366
-0.8590146514232532,-7.685989385647016
-0.8603318949885198,-7.698148216173326
-0.8602013067474523,-7.7098466694098144
-0.8586293365887994,-7.722299344325725
-0.8574664520460723,-7.734368282631352
-0.8560643580394321,-7.745836929770653
-0.8525810015872448,-7.757866599573623
-0.8494242581765087,-7.7690932249516536
-0.846216197659563,-7.7802509472462
-0.8412060302882688,-7.7912150454460125
-0.8357056829759496,-7.801839557635754
-0.8308871803247156,-7.812619975186505
-0.8248578210821946,-7.8222981152135675
-0.8181988170989605,-7.832307218926978
-0.8114297827401444,-7.8425969122509365
-0.8039752035248244,-7.852407555533214
-0.7961841612055759,-7.862563746615788
-0.7872943621458937,-7.873150142402331
-0.7787272023188783,-7.882547522209079
-0.7698592247304227,-7.892382764456117
-0.7590230897785435,-7.902766628531714
-0.7490091713908614,-7.912359546465778
-0.7391555422607812,-7.921247529313815
-0.727484861653173,-7.929772826266165
-0.715891589870331,-7.9379458419413105
-0.704017130394968,-7.944957494083571
-0.6914498145805416,-7.95100187961002
-0.67817896258134,-7.957594797192892
-0.6639912163117313,-7.963839660895609
-0.6501728062428928,-7.968224051725166
-0.6357047363669287,-7.972373313592078
-0.6204568938080797,-7.977132016485048
-0.6057786077998444,-7.980494622591547
-0.5903801479146611,-7.983528469142216
-0.5747534449700838,-7.987070601009695
-0.5598524658456829,-7.990463840417042
-0.5438225343737823,-7.993818628417332
-0.5277271601870249,-7.996906980664666
-0.5127107375105219,-8.000824476388527
-0.4978275618855974,-8.004229560811236
-0.4829697828847774,-8.006991242305748
-0.46864878203537874,-8.01063258053817
-0.45505920239062453,-8.013501420018027
-0.4423705735735021,-8.01489537241954
-0.42905024122853247,-8.016376814702115
-0.4158306360896075,-8.017849508529972
-0.4047908869032517,-8.016596838370566
-0.3928996542590105,-8.014962296206066
-0.38042659223838643,-8.01368121562197
-0.36923791063774547,-8.011663500617361
-0.35764202101344317,-8.007839537516846
-0.34562813252396796,-8.004334861140357
-0.3339576742765232,-8.001441793389281
-0.32242168710741553,-7.997004499776651
-0.31121941595115227,-7.992252782068181
-0.30032398068012855,-7.988030246925565
-0.28950962597356833,-7.983038102312926
-0.2793277165872416,-7.9776698938247845
-0.2690872128446027,-7.972412733217938
-0.25907337691554894,-7.96655805550756
-0.24977229002957818,-7.960610307660905
-0.23997663150483559,-7.953912147021156
-0.23008031813967303,-7.947816975442403
-0.22097179728117342,-7.941237046517426
-0.21173867294162454,-7.934238943599317
-0.202584206415988,-7.928207025585478
-0.19339506339054596,-7.922210145329886
-0.1847846392256745,-7.915263738852756
-0.17662718748625178,-7.909891442443378
-0.16790219782382218,-7.904815039228909
-0.1601561510093285,-7.898530823217529
-0.1540706637685456,-7.8927930675379905
-0.14735051960643059,-7.887655000712025
-0.14061592975486342,-7.883189305816223
-0.13528521469135568,-7.87826453409673
-0.1301190737014655,-7.874025720071091
-0.1254043889653039,-7.8709147741105205
-0.1211340774093037,-7.867778027253858
-0.11783167616698359,-7.864769742489805
-0.11527056133679837,-7.863395032285919
-0.1119794021380537,-7.863053077193533
-0.1094276427777941,-7.862029863044352
-0.10825159447266454,-7.862592465113032
-0.10693720768830457,-7.8640175657735965
-0.10615079226485315,-7.865054268073152
-0.10658286690783815,-7.866863485952345
-0.10681974211416946,-7.869183375875281
-0.10718202621131845,-7.871012887962151
-0.10771660160888365,-7.872703857923622
-0.10784096962430932,-7.874857564007971
-0.10793017760002424,-7.877370769917374
-0.1075987097450663,-7.879159364230337
-0.10749016589838507,-7.880993496025995
-0.1069826749600249,-7.884667881811551
-0.1058271535377993,-7.888203389036793
-0.10522705315444798,-7.891224303174497
-0.10455517091194044,-7.89613528397025
-0.10292442674328316,-7.901253063308999
-0.10171543037420899,-7.9062179333455465
-0.1014526454219052,-7.911413336623741
-0.10098908392773269,-7.917374683462453
-0.10061719942052552,-7.9234459162102935
-0.10112948521220563,-7.929206989199251
-0.10254876662601517,-7.935145887254392
-0.10364597540376295,-7.941750296097555
-0.10393365968854237,-7.948358622193723
-0.10578681072997283,-7.955083816074122
-0.10723386309945274,-7.962318040512607
-0.1077414232844084,-7.969807501744075
-0.10968166100533487,-7.977989003429296
-0.11120791669889066,-7.986458653604029
-0.11228178239388714,-7.994825629380273
-0.1145152747102118,-8.002937527696993
-0.11628329713140469,-8.01124337046271
-0.11793053768917018,-8.01928528828792
-0.11983383232230993,-8.026796983221523
-0.12196369134958927,-8.034110311544108
-0.12437810150374672,-8.041597972106585
-0.12617681231901673,-8.048920678220412
-0.12834195340125182,-8.055965457754667
-0.13130696840474462,-8.06346371380321
-0.1329393840186967,-8.0714952935101
-0.13402875152954585,-8.080183243273465
-0.13693756387994302,-8.08851286007329
-0.1394403137169284,-8.097368844039542
-0.1410034370860948,-8.106141114274735
-0.14340509492113268,-8.114932077092996
-0.14595721896299957,-8.123138396312008
-0.14818302351735327,-8.131114098002845
-0.14952281150608537,-8.138998995724313
-0.15132116143444618,-8.145643370286194
-0.1536893049692111,-8.152036506988127
-0.1541362352714882,-8.157517192045768
-0.15468100535935486,-8.162214111986794
-0.1562687437423544,-8.166579949571409
-0.15602565096199664,-8.170000926467322
-0.15608340803450466,-8.173289771353339
-0.15700311613000192,-8.176902658076985
-0.15701293593019888,-8.179705929295837
-0.15713457054857485,-8.182250352503068
-0.1576383721078955,-8.185148140923767
-0.15815683153438442,-8.187995979873842
-0.15836832709978574,-8.191117291432878
-0.15824140706823278,-8.193948165694884
-0.15930382698015347,-8.196201683273292
-0.16061888957458448,-8.198597715228463
-0.16041913318193252,-8.201129564634822
-0.16163135126357245,-8.203182881810541
-0.16403549191596406,-8.204577934257541
-0.16498908333761617,-8.205574924656805
-0.16623712212965344,-8.206513182009983
-0.1687115833515798,-8.206908610331238
-0.17009828622665152,-8.20577292055292
-0.17094440792318957,-8.205045637524583
-0.17172013118988289,-8.204027201246026
-0.17314853452868728,-8.201541445244008
-0.17394189455988157,-8.199052016341849
-0.17378087273537468,-8.196547818415675
-0.174550115202495,-8.19276664022335
-0.1744207974485484,-8.188010591632802
-0.1733034669209937,-8.18342030996963
-0.17309802602214489,-8.179292210784416
-0.17236956832417205,-8.175394849966986
-0.17102576567151945,-8.17114580022521
-0.17027351064681406,-8.16722307137156
-0.1693765855391557,-8.163250960089734
-0.16789136553878528,-8.158525391477854
-0.16633833869832126,-8.154307796048828
-0.16428415679949068,-8.149389975863478
-0.16255090464676356,-8.14327491339033
-0.16002982837910873,-8.137893649720993
-0.15701827562991605,-8.131686614803376
-0.15561193280025182,-8.124067745705828
-0.15325122447059017,-8.116200856333842
-0.15008926186409294,-8.10846881328065
-0.14865019873928859,-8.100309178453905
-0.14661376202401946,-8.090707928299276
-0.14442688090234848,-8.081284753600183
-0.1423451128372578,-8.072561286401685
-0.1399416102095847,-8.062522410324027
-0.13844957308205877,-8.052182740881538
-0.13682222288589585,-8.042142203449457
-0.13489900477839603,-8.032094786153113
-0.13399537078641421,-8.021616739235695
-0.13221673924631322,-8.01170121732728
-0.13061188176092803,-8.00198173450423
-0.1296243764552013,-7.9921605854752835
-0.1277216165061135,-7.981983263183719
-0.12621223292554426,-7.972018414121555
-0.12540770455368444,-7.961613427173916
-0.12384476354490319,-7.950314091603642
-0.12321653461879738,-7.939074398116877
-0.12244176093859478,-7.927915429019531
-0.12203681556881883,-7.914975424152453
-0.12209463216521994,-7.901702352037887
-0.121402847989483,-7.88893419622302
-0.12116030061468158,-7.874334556616684
-0.12184260897801139,-7.859276396585288
-0.12113844112085574,-7.844545228289915
-0.12068984355208487,-7.8293928023166
-0.12107265119594446,-7.813622379231411
-0.12071285838881415,-7.797565080512412
-0.12079284167983294,-7.783106972780096
-0.12102496577193515,-7.768655421849598
-0.12129459996595825,-7.753433038883336
-0.12208174101013837,-7.739657506586502
-0.12249342221387235,-7.726011554000967
-0.12355626748846919,-7.711617389981033
-0.12544202062372387,-7.697973351798593
-0.12716787645986008,-7.684870831178143
-0.12953424663368782,-7.671180851985729
-0.132617181724564,-7.657032919759366
-0.1354079589910347,-7.64259830932415
-0.13896723348348972,-7.628249860954859
-0.14293413642755687,-7.612995267159526
-0.14711272287728486,-7.5976167306205165
-0.15232942336047772,-7.582820684586337
-0.15741832788122942,-7.566920961674206
-0.1636112778911719,-7.55054803451801
-0.16982006993343335,-7.535501780470908
-0.17518484811270402,-7.519693157631658
-0.1811542632228429,-7.503662915443721
-0.1874145093010895,-7.48831876067538
-0.19291015267930064,-7.473094179118088
-0.1988179835475359,-7.457744167855113
-0.20470229802788803,-7.442606147708462
-0.20981343625665108,-7.428465129525086
-0.21454790162611465,-7.415002793962573
-0.21936359255382737,-7.40115285395076
-0.2249965220506289,-7.387831026182924
-0.22990218588167566,-7.375593010303659
-0.2338005797068278,-7.363781979100843
-0.23902775539888862,-7.352133030459798
-0.24385781883457663,-7.341589477190685
-0.247359866367968,-7.331623933743556
-0.2518067605353117,-7.322198459722531
-0.25607238678249145,-7.313406624470232
-0.2596849985489375,-7.305368956823745
-0.263895625267113,-7.298086151990189
-0.2674378441104926,-7.292368402565045
-0.2709990385711812,-7.288032329703702
-0.27411235452138444,-7.284149641599867
-0.276680659920186,-7.280767636517837
-0.2800233703288202,-7.279100534149797
-0.28193011806354434,-7.2790064150769
-0.28318137976717456,-7.2790310444216875
-0.2858971933167534,-7.28064598031676
-0.2870432957506091,-7.283598287011886
-0.2874791865648351,-7.286893946778029
-0.2889049438886234,-7.290776747206449
-0.2896297727458152,-7.295114360895983
-0.28937639437978363,-7.299780523451547
-0.2890814190174199,-7.30461789790335
-0.2891140848897936,-7.308818020902956
-0.28922887367840766,-7.3136963978167016
-0.28802244434533725,-7.318840174937849
-0.28708729743629263,-7.323749749904467
-0.28717158793068254,-7.32927444730982
-0.2864974711389381,-7.334683130168383
-0.2855148034953005,-7.340134934353011
-0.2860285193196638,-7.345964161282787
-0.2850791862679872,-7.35166356837692
-0.28425024153750383,-7.357571367953543
-0.28430594257005626,-7.3637655232395485
-0.28354193635270974,-7.3703372586766
-0.2828768980629573,-7.377006686103017
-0.28221772601164385,-7.383709788154978
-0.2813643874824469,-7.391148814296961
-0.2806489355599707,-7.398908779300795
-0.2792332666253929,-7.406336756758805
-0.27926015502822205,-7.413135205701474
-0.27992549140746364,-7.420095487210569
-0.278598266968695,-7.427194773675377
-0.2782198920829257,-7.433963073071496
-0.2789091729609804,-7.440514113707245
-0.27811709919494987,-7.446948261680085
-0.27759512632838473,-7.453446986560232
-0.27798512460294933,-7.459392560182737
-0.2785879583391239,-7.464311234475697
-0.2789657468694737,-7.469586481762836
-0.27944622284565956,-7.4746123647670855
-0.28131079629949896,-7.478609152117542
-0.2830658731354255,-7.482708609157948
-0.2838506618124757,-7.486557961762326
-0.28609906770201277,-7.490025382744619
-0.2890714923770024,-7.492643375067196
-0.2910262026299057,-7.494546046509348
-0.2941841834741415,-7.496398146990823
-0.29712483870722495,-7.4976849714116085
-0.29988834219560007,-7.497415245353747
-0.30343530845140926,-7.496747554506499
-0.30690091417264453,-7.496028399192647
-0.31069028674397875,-7.494159953158038
-0.3137745316810152,-7.4926072974230955
-0.31694494464821765,-7.4904687715123295
-0.32156948433739285,-7.4872203318005495
-0.3245694075758196,-7.484066732869723
-0.32706324140434906,-7.480978465489509
-0.3315900453604364,-7.477381926303505
-0.3351417134662604,-7.4737325385634525
-0.33813571906445833,-7.470482308435249
-0.34262203248757794,-7.468304737288854
-0.3472644837694883,-7.465428859602534
-0.35135038968227933,-7.462974305242521
-0.35563614620505807,-7.4615246215180635
-0.3601280744497471,-7.459849762712457
-0.3652937863573004,-7.457312421355616
-0.36949766704057035,-7.455057174108714
-0.3728736965983302,-7.453464058357511
-0.37774028679875815,-7.451014145358151
-0.38115089874100827,-7.448354201772505
-0.38502276747227254,-7.44600184827438
-0.38976372150897404,-7.443608346206139
-0.3936288833676935,-7.44097618939587
-0.39773811845948914,-7.438529433494214
-0.4022696289503076,-7.436624502251097
-0.406209854719411,-7.4342557290673925
-0.41032653413459397,-7.431954158892476
-0.41340018813296286,-7.430407114846625
-0.41689755438275056,-7.428007851832363
-0.42025798495421524,-7.42636175693573
-0.42219234765396974,-7.4258586377806735
-0.4249183416240716,-7.425037476028476
-0.42849493986736237,-7.424053526826801
-0.43087339720840495,-7.423161780389641
-0.43286353424293394,-7.4232512522854135
-0.4352067735518528,-7.423060204628396
-0.43703460855075094,-7.422439730999264
-0.43842637237846843,-7.423411640636191
-0.43907479255657006,-7.424894222079389
-0.4393845451675841,-7.425648205060607
-0.43941118136120366,-7.426935614199947
-0.4386717715653511,-7.429219347294548
-0.43839976744022907,-7.43109227847985
-0.4385093762057561,-7.43254891892556
-0.43738128249984987,-7.435108525854038
-0.43690388312741885,-7.437948631742422
-0.4369489049163865,-7.440150532954052
-0.43670710678790464,-7.442515130084586
-0.43675304816560134,-7.445314201422751
-0.43643068714455596,-7.447652400853192
-0.43589331575901913,-7.449706466815504
-0.43597062983243395,-7.452774139315245
-0.4356522407695407,-7.455280720272488
-0.4356096409702662,-7.457356099360083
-0.43572805812322346,-7.460729420039419
-0.43522504030867404,-7.464432405548088
-0.43541415317297205,-7.46690383818028
-0.43541247730242044,-7.469766526064321
-0.4348091390783811,-7.473274745233831
-0.4342558295669448,-7.47646842925142
-0.4333631359301283,-7.478523136891523
-0.4321296667701816,-7.480842408316015
-0.43114024714730814,-7.483847166232781
-0.4295309714681019,-7.485534613335117
-0.429062917643,-7.486298229338032
-0.42813136435192506,-7.488070160559438
-0.4261147640061111,-7.489071067083235
-0.42587446220117203,-7.488833151267962
-0.425128076601655,-7.48953846261486
-0.42440961335327937,-7.490371426274511
-0.42344198711795156,-7.4910031285627054
-0.42219195292210704,-7.491353824298474
-0.4207675825734408,-7.491787740134001
-0.4192428395538423,-7.492198676772929
-0.41685499555680006,-7.4919847897918945
-0.41447687561932783,-7.492448581399131
-0.41218523875778806,-7.493072743284233
-0.4096690361021076,-7.4929322792901
-0.4076326390206006,-7.493300314127093
-0.4050256470519806,-7.494285688548721
-0.40172831419303007,-7.494766117264384
-0.398950869928486,-7.4948377883940696
-0.3949750174297495,-7.495731011551046
-0.39003310579419387,-7.496730599493162
-0.3860500957732519,-7.49684808351056
-0.3817495182741598,-7.497134217081468
-0.37702588464950526,-7.497820870088869
-0.3716073705291522,-7.498330841000972
-0.36662150918935266,-7.497407176202537
-0.3619867179768908,-7.496809872146178
-0.3564261598639463,-7.496722674912747
-0.3503839036614603,-7.495652595664136
-0.3446934553188863,-7.495037820623162
-0.33825578906499987,-7.494710850285057
-0.3304821863531662,-7.494159383617405
-0.3229424912759399,-7.4940897391072285
-0.314539824040719,-7.49425745374482
-0.30523142196621017,-7.494742447502186
-0.2959769261047227,-7.496066354291
-0.2868106349396477,-7.4974790111784815
-0.27740261631357754,-7.499186921917557
-0.2672476855897351,-7.500718666800863
-0.2576085778275073,-7.502094483241377
-0.24841561151442723,-7.5040186675417475
-0.23773838451843737,-7.505403644466165
-0.2280995781059745,-7.5060225263682305
-0.21956988392023458,-7.507384422866633
-0.20930261406778472,-7.508504318967206
-0.19981491806209137,-7.509065769826056
-0.19199684073796613,-7.509597990502182
-0.1838044300980583,-7.510163039088762
-0.17522621882505,-7.5106075322141
-0.16694870160467895,-7.5105093473189415
-0.1592879086301097,-7.510440865186794
-0.15090935609954986,-7.510744542184373
-0.14171294818385663,-7.511217570198066
-0.13398009613733486,-7.5116318186005975
-0.12585011443109081,-7.512505870882787
-0.11664540234325525,-7.513075939241275
-0.10749447519855594,-7.513938511403418
-0.10006998819248622,-7.515163831532566
-0.09177483987267956,-7.516392813676637
-0.08404587105441323,-7.518069620220086
-0.0766323636712125,-7.519967125549786
-0.06933127405493864,-7.521835146435422
-0.06260235003169551,-7.523849238036417
-0.05579198667570432,-7.525782058170458
-0.049908046315607,-7.527949315827709
-0.04382610289133852,-7.530514160752285
-0.03749632751554828,-7.532392782743017
-0.033492869301294206,-7.533595300608856
-0.02871013477796346,-7.535722257760357
-0.02353179306433533,-7.537873421286005
-0.020557916645020505,-7.539758984566367
-0.0175209728389685,-7.541841839571559
-0.014140499035597755,-7.54384215848561
-0.011713322358098696,-7.54625570931734
-0.010179879541001543,-7.547855376841614
-0.009032200636782442,-7.549904014343192
-0.007688770101342447,-7.55270669115307
-0.0068754084894428365,-7.555164033751273
-0.007785246761413974,-7.556852665526795
-0.008702609922882826,-7.55842090603083
-0.009118306290435233,-7.560333833821275
-0.011525392356711545,-7.561535231288552
-0.013937096933924921,-7.561475158656327
-0.01585155564914645,-7.562101520618397
-0.01937571539440936,-7.562566410990461
-0.022527176340065975,-7.561894758431761
-0.02587540122470776,-7.561119221318026
-0.03029180280118088,-7.560547256718686
-0.035036186927549076,-7.559621263055377
-0.040382701774443454,-7.558735858922821
-0.045561885089717695,-7.558145752128345
-0.05177424244767218,-7.557028486380698
-0.05867918664552615,-7.555628393655661
-0.06460529464698182,-7.554765269725574
-0.0724012871989556,-7.553956866302193
-0.08109363172080145,-7.552574726037414
-0.08832202006658381,-7.551310242669158
-0.09593317874340142,-7.550900227984915
-0.10445948058662165,-7.550331679233298
-0.11274315045442472,-7.5490228555736705
-0.12088879547952985,-7.548273874330797
-0.12864809267294797,-7.548753055769477
-0.13674141666696363,-7.548343440806789
-0.14494120220479845,-7.548113732862917
-0.15228539217680695,-7.549041559949708
-0.16037565706551535,-7.549878954103364
-0.16931310682345443,-7.550036468956367
-0.17636683113804755,-7.550535567954024
-0.18388285818885958,-7.551518159726754
-0.19160118877183904,-7.551928210144121
-0.1987872563657756,-7.551927899179855
-0.206448568048837,-7.552542324315088
-0.2140920422264144,-7.552563411171513
-0.2217670029715336,-7.55188139011309
-0.22946961046240852,-7.551446783462565
-0.23715921847249452,-7.5506313336755895
-0.24512380671724035,-7.5496000434353645
-0.2526887301324488,-7.54905913392007
-0.25987534757591857,-7.54855288888095
-0.26805768586590645,-7.547083272693029
-0.2759822257855682,-7.545258505776062
-0.28335991521420906,-7.544003325855721
-0.291679967097471,-7.543037793444899
-0.2996115557621961,-7.54111261708186
-0.30755081759474323,-7.539425561507708
-0.31542821344247335,-7.538477107424993
-0.3229841072870057,-7.536717643214599
-0.33115297410382866,-7.534253778224037
-0.3387045057047416,-7.532855883091505
-0.34502668854166696,-7.531131903389898
-0.3528722453679433,-7.528470388009055
-0.36051336618820584,-7.526481520583217
-0.36722860535066687,-7.525279604514076
-0.37465270557481334,-7.523120582850937
-0.3815765179525684,-7.5211131746727515
-0.38840506955492554,-7.5192900862181515
-0.39507431572011403,-7.517594994865338
-0.4009122102276128,-7.514952903564033
-0.4067756597341827,-7.512121817064422
-0.4121118334617159,-7.5095543389543264
-0.41693818417836886,-7.505625024088423
-0.42216604949621267,-7.501754743528421
-0.4266280972127623,-7.498619003155383
-0.430226424900062,-7.4940037699781215
-0.43397633195798946,-7.488939816104288
-0.4368793951949741,-7.484830068667292
-0.43932429562082176,-7.480607855604142
-0.4418715457046985,-7.47540847909859
-0.44444504404148627,-7.47000743527465
-0.44640020453811213,-7.46525549766254
-0.44797544696643876,-7.460572589224243
-0.4497100005842546,-7.454179885254304
-0.4524124849048572,-7.448468678122821
-0.4538867459038028,-7.443624707194199
-0.4550685989448124,-7.437453424698713
-0.4574754706540174,-7.431036409520446
-0.4592109029187768,-7.425058084826189
-0.46045256777602916,-7.418697341121978
-0.46254116469437945,-7.412144907733603
-0.46407566969874536,-7.405750304512972
-0.4655503856490871,-7.399515954183365
-0.46706384742757584,-7.392605612065888
-0.4682136864513651,-7.385832873930866
-0.46957392300536926,-7.379665758387754
-0.47030335310404386,-7.373477779043814
-0.47086023593615106,-7.367229743627846
-0.47233341874481627,-7.36175476470178
-0.4725210877746438,-7.3565180049416306
-0.47318978043307175,-7.3498922391271755
-0.47454146199578606,-7.34348655010075
-0.47425843206920676,-7.338102880525971
-0.47427356472996474,-7.331657461212726
-0.4747113383179998,-7.3249074156923335
-0.4745771876411926,-7.318558255535648
-0.473836441456473,-7.312427937404346
-0.473184018699425,-7.305744367383693
-0.4730353297151445,-7.298548622281711
-0.47234636794017737,-7.291547403943433
-0.47078785639287046,-7.28420854416066
-0.4703581923205962,-7.276847445906241
-0.4701056824823845,-7.269837906387645
-0.4688600658304328,-7.262177540144858
-0.46827516970354466,-7.254556557250511
-0.46850731633893467,-7.247047425058657
-0.4678331355193536,-7.238572100851685
-0.4676233876666532,-7.230342794107325
-0.46782213661357386,-7.2221316555802675
-0.4681691576077669,-7.214134245585581
-0.46865266447102577,-7.206508611123251
-0.46898710861173676,-7.198683408419559
-0.47016693653446523,-7.191170331075892
-0.47050145528099124,-7.184116110389259
-0.47027514013962385,-7.17666253516123
-0.4721807502021121,-7.169840022768035
-0.47279860878017665,-7.163878230497619
-0.472183411240937,-7.157753186268688
-0.47332886799858725,-7.15145521418961
-0.4740381637228952,-7.1453919500782455
-0.47338710382144383,-7.139293421925399
-0.47306864340645344,-7.133325452603797
-0.4733867091029522,-7.1272310569796495
-0.47458199756906455,-7.120916281560363
-0.4748233548727423,-7.114847139987495
-0.4754600261273404,-7.108541782748574
-0.4774229501601506,-7.1020517326857835
-0.47824687475350114,-7.095785674340906
-0.4782376288419509,-7.089963871669296
-0.48018383573387646,-7.084422814374763
-0.4809733812900245,-7.078726461522202
-0.4817352517238614,-7.073156925578921
-0.4838312069964398,-7.068673503256291
-0.4854383682747018,-7.0642760816340004
-0.48701581002114297,-7.060139721380711
-0.4883978202646571,-7.056878112995049
-0.49001594385643815,-7.053261008006187
-0.49223520754446926,-7.049867691971891
-0.493399104364152,-7.0465534750476975
-0.495493913663373,-7.042377758138311
-0.4985584412794148,-7.039061142535704
-0.4997991205327009,-7.03627949585875
-0.5019025406717247,-7.032875664722495
-0.5051349026234675,-7.029732459869792
-0.5073111888609059,-7.026092593776068
-0.5094176689755112,-7.02300159470588
-0.5124349529029867,-7.0200744916317435
-0.5152785491834617,-7.016563772139876
-0.5183798877231661,-7.013568672800816
-0.5209582097509481,-7.011640271432569
-0.5244448228557905,-7.009297050214558
-0.5284474122958889,-7.006725605807506
-0.5309736551227151,-7.0050245550602765
-0.5342910554413748,-7.003930681332777
-0.5388369772591042,-7.002361169379437
-0.5420250842206563,-7.001005228869534
-0.5461368359335448,-7.000632409370639
-0.550547737551508,-6.99996461824759
-0.5541698268969295,-6.998833306863483
-0.5581471987038404,-6.998600341329293
-0.5618851581285752,-6.998334996835942
-0.5658750206468084,-6.997463828853398
-0.5696174842991754,-6.9975146451843
-0.5734429575091654,-6.997220313100853
-0.5775303933974614,-6.996701086575549
-0.5813417192700219,-6.996044491346945
-0.5847598022744366,-6.99548668269115
-0.5896008206554159,-6.994532780780304
-0.5941626913899424,-6.993193169233636
-0.5979706501155535,-6.992021292361387
-0.6030737413542708,-6.991660204911537
-0.6090173723215573,-6.990408137947927
-0.6144028049254066,-6.988458239065059
-0.6189243705987288,-6.988257373441679
-0.6234105665325492,-6.987888839597206
-0.6287057138791212,-6.9864406148564315
-0.6336507284672087,-6.986075462007935
-0.6378937872590449,-6.986211722710684
-0.6436357030256517,-6.98518533523656
-0.6484822588669733,-6.9839333506178916
-0.6531158425203482,-6.982999851195535
-0.6583273658444738,-6.981985350686324
-0.6624123411697244,-6.979863831614434
-0.6668594106192544,-6.977537712002321
-0.671487311435885,-6.97512714145699
-0.6754607661695504,-6.971093648592871
-0.6800356052146861,-6.966885301995649
-0.6843680558968301,-6.963109757416329
-0.6886244148904781,-6.958451317818554
-0.6930287831468549,-6.953684901844237
-0.6963716834129454,-6.949550911428352
-0.6998081256892821,-6.945334057014436
-0.7038394778931287,-6.9407472210101915
-0.7070655887336362,-6.93651780197829
-0.709903153843582,-6.93323781563982
-0.7134667459093493,-6.929361933928001
-0.7161812359297908,-6.924466948566544
-0.7191407956886705,-6.920469184684859
-0.7211054706628015,-6.917115618743111
-0.7232974420806272,-6.91249494043115
-0.7263467548454622,-6.908196092339863
-0.7279529174750042,-6.90467776162189
-0.729686338391871,-6.899990118082663
-0.7320497214771726,-6.894437027016474
-0.7327500674481415,-6.889483463604479
-0.7336848145427836,-6.884299485861186
-0.7349896395094289,-6.8786357302892
-0.7361991371581882,-6.872409358028801
-0.7374463825892326,-6.866570669108659
-0.7387127943357786,-6.859937673290836
-0.7398865847399734,-6.853008918076014
-0.741511032179879,-6.8465102173730426
-0.7429241200271688,-6.83929877568768
-0.7441640834042513,-6.831931543323021
-0.7465227038788933,-6.824539965425111
-0.7470867684985989,-6.817683135945454
-0.7484261186174123,-6.809455355996244
-0.7503270803337018,-6.8013031075803045
-0.7509268103416052,-6.7938560642094785
-0.752017736777234,-6.786152977384329
-0.7531774487495749,-6.77768868772453
-0.7537558806147148,-6.769640687928219
-0.7544012459274584,-6.762227055871327
-0.7544291983743838,-6.75373673836932
-0.7551398812861873,-6.7446994488959815
-0.7559932499997912,-6.736138031409792
-0.7552537731755575,-6.727141365541141
-0.7553385481713258,-6.717478082078398
-0.7557736071408625,-6.708276672944972
-0.7554013905825278,-6.698485053511351
-0.755295508642013,-6.688747968171387
-0.755368485822103,-6.678546137344875
-0.755350763759496,-6.667688483708317
-0.7554459112813439,-6.656913956523649
-0.7550687620792503,-6.645688557673955
-0.7555015903716589,-6.6347757053522525
-0.7550436840676179,-6.624440778999898
-0.7541080585842527,-6.612959612649031
-0.7544347464330271,-6.601952326869548
-0.753478360898874,-6.592074340662712
-0.7526443999033235,-6.5809101460173
-0.7536188618601963,-6.569447184664298
-0.7533142181763202,-6.5589264870243875
-0.7528378389053746,-6.548008370351804
-0.7538349280301622,-6.536811092629516
-0.7548183330749109,-6.525466224551712
-0.7559515330088615,-6.51520154364486
-0.7570027551636306,-6.504893551028678
-0.7589100731881465,-6.493695395846274
-0.7617756870198794,-6.483007516776576
-0.7628602461039491,-6.472915710356704
-0.7646741354406978,-6.462291368110826
-0.7680124966861492,-6.451739766617211
-0.7699297005426148,-6.441587790671772
-0.772421027039061,-6.431638220257229
-0.7764605973308901,-6.421967016432261
-0.7796206943030797,-6.41235566924402
-0.7827324937683322,-6.403720211389675
-0.7863848384433556,-6.395686824164433
-0.7896490454242161,-6.387834682049429
-0.7932750931334486,-6.380335015093304
-0.7959214695359262,-6.373136519588569
-0.7992580691091149,-6.36571715964594
-0.8028641622730345,-6.3589960533600305
-0.8047116061741797,-6.352886895012888
-0.8076921822580277,-6.346830494999284
-0.8107664226057065,-6.341504966052144
-0.811941309162286,-6.33645358185142
-0.8138685338156987,-6.331666666992135
-0.8164320024433033,-6.326726208539303
-0.8179345539648174,-6.322030767233629
-0.8192977232276475,-6.3185310086711635
-0.8207408952073042,-6.314956073363655
-0.8231182280092268,-6.310843353038539
-0.8249848902671757,-6.307483404678559
-0.8256171240504276,-6.304869744467117
-0.8279709053829367,-6.30193840118247
-0.8300993145885242,-6.299272572548786
-0.8301285624707232,-6.297422074216907
-0.831401083995413,-6.29638841802963
-0.8327861937602534,-6.295184354776036
-0.8327759579244577,-6.2941324058810695
-0.8335515310864868,-6.294194279799338
-0.8335657101020215,-6.294101274205467
-0.8343201321986309,-6.293978464662437
-0.8348694666059839,-6.29442891422253
-0.8355069303108766,-6.294237871825371
-0.8364685644921367,-6.2943447748016705
-0.8354483969332026,-6.29447382741589
-0.8356718059250163,-6.293448440081675
-0.8363987226416697,-6.292908849324861
-0.8347846195127,-6.2924311478345185
-0.8338593644592649,-6.291383933765565
-0.833540673495376,-6.290295415981673
-0.8319507337168246,-6.288160941306278
-0.8296431320259343,-6.286710665890546
-0.8275386266198772,-6.285007219123028
-0.825161396450081,-6.282174486746212
-0.8226264903236521,-6.279331083491412
-0.8184429310352891,-6.277449941618033
-0.8149253280656596,-6.274635308496654
-0.8121367321342431,-6.271644891359411
-0.8072103830143497,-6.269340966237663
-0.8029754738526058,-6.267335955743556
-0.7996412911098325,-6.264451894300111
-0.7945595217316482,-6.261703213396009
-0.7901060917321028,-6.259509644038046
-0.7854561555573519,-6.25720965750343
-0.7803235808683885,-6.253997442674891
-0.7756344307136288,-6.25146052240154
-0.7705049515563682,-6.248914784591671
-0.7653503429984982,-6.245891258210122
-0.7602106343366676,-6.24354687464599
-0.7547172531907301,-6.2411050627243965
-0.7500445966018828,-6.238329064892127
-0.7457132734469505,-6.235398658298193
-0.7403492649392672,-6.233444994779161
-0.7361466510661764,-6.231258531558746
-0.7322190080774502,-6.228634371481543
-0.7269810745962881,-6.226646234633678
-0.722602387673444,-6.225405894124555
-0.7183501588945508,-6.2234716969591375
-0.7141809949456533,-6.220794121141393
-0.7099563099363236,-6.219655133458246
-0.7053258853647595,-6.218267997612949
-0.7019034349422655,-6.2154430099289355
-0.6980034169900531,-6.2135547083933815
-0.6932601622242812,-6.211925188463462
-0.6901155391034326,-6.20933688867
-0.6866042904189692,-6.206641405531213
-0.6826154285971924,-6.204227864879578
-0.679502780650962,-6.202520114555589
