x,y
-0.0186257825833208,-4.406061034535422
-0.023628124616606107,-4.419288596539717
-0.028287936061098654,-4.432381700284044
-0.034569605438791264,-4.444177235946077
-0.04130777080504331,-4.456213808790579
-0.04754939355699324,-4.468267397360975
-0.05401349868477318,-4.4805854012376125
-0.060295899117847676,-4.493087210207899
-0.06642684637902996,-4.505789437835777
-0.07231823940442289,-4.518206954970367
-0.07831259019119144,-4.530800126431373
-0.08414501754992079,-4.543240781550882
-0.08986243379537238,-4.555544553357403
-0.09552870484133948,-4.567983592422885
-0.10083307521572359,-4.5802097394759915
-0.10576257024380646,-4.591989649876994
-0.11070508038670179,-4.603734878013853
-0.11548684850290435,-4.615303228561183
-0.12011124312208482,-4.626684007853248
-0.12480695218184301,-4.63820956511452
-0.12898896205516572,-4.649416158537973
-0.1331242748678913,-4.660566958456062
-0.1365272216907319,-4.672601887438864
-0.13964841924879204,-4.684410208259258
-0.14242236065458216,-4.695764477329601
-0.14518124243571273,-4.706984585648454
-0.14767455133384955,-4.717991354312751
-0.1496956655129734,-4.728773150693316
-0.15331986143186857,-4.73799076212471
-0.156679766875664,-4.747134773746291
-0.1597914584006394,-4.756093489576189
-0.1628384977043822,-4.764889733629389
-0.1659382229960993,-4.773489376606187
-0.1684614990484932,-4.781650653614929
-0.17039219279816653,-4.789119464869909
-0.17214592169401033,-4.7966321667758125
-0.1733782664583203,-4.80402466374153
-0.17446438867317965,-4.8110772139126246
-0.17516557541898636,-4.817668863715664
-0.1756162530745167,-4.823951467999121
-0.17595100275212236,-4.8301407837897585
-0.17618882739174868,-4.836093350059492
-0.17602927918638178,-4.84187637178713
-0.17584334929332388,-4.847322174487799
-0.17577675443526186,-4.852955284083082
-0.17578113317003094,-4.858532203340965
-0.1740046734997581,-4.865203186192656
-0.17300207067927495,-4.871257621062999
-0.17142396779829888,-4.876808629350978
-0.17005235543550007,-4.88219718835276
-0.16862099718936135,-4.887526782713542
-0.16733020404250076,-4.893044203081271
-0.16603937211489536,-4.898561789215052
-0.16473221367102828,-4.903959016397996
-0.16295169531849255,-4.908938817936748
-0.16142220224493473,-4.913721471282264
-0.15965370066831344,-4.918291437357661
-0.15776270860338676,-4.922723609723235
-0.15587603226822105,-4.927152497845356
-0.154199576351621,-4.931783302519464
-0.15245822566659864,-4.936401304769311
-0.15076418551275822,-4.940982356953043
-0.1489290051558816,-4.945431276539478
-0.14685785027556714,-4.9496206615962
-0.14466391669139367,-4.953906482244355
-0.1427780290305675,-4.958532739032142
-0.14097748531117202,-4.963256148246871
-0.13901681453317033,-4.967938315619514
-0.13653339944324586,-4.972091956210314
-0.13308462072100177,-4.97716875702531
-0.12958486569647856,-4.982112049255419
-0.1259667743714106,-4.986895752274719
-0.12276458506807152,-4.9905295328466135
-0.11970137751512164,-4.994240693674132
-0.11658018889943376,-4.997922942746512
-0.11343855639008224,-5.0016201664380135
-0.10998685733585754,-5.005190577057001
-0.10642853678000133,-5.008294833972356
-0.10244493441375177,-5.010998655049081
-0.09876449697223741,-5.013743603268656
-0.09509002418012671,-5.016478317875919
-0.09122690923899475,-5.019064716558209
-0.08744881116154968,-5.021738184824607
-0.08348690200845138,-5.02415938738192
-0.07926704644661654,-5.0263777772662985
-0.07498617782043436,-5.028318078136025
-0.07080132930346555,-5.029871450971902
-0.06649060337855435,-5.031326304721453
-0.06211165845127768,-5.032823234140919
-0.05764186716229812,-5.034188927105362
-0.05294916534240045,-5.035379757979814
-0.047402333655373156,-5.037399820711263
-0.041864232048007606,-5.039412533524114
-0.03594995056581421,-5.041018528158924
-0.0296560041932816,-5.042228630633455
-0.02347198338878095,-5.043351749059677
-0.018714492685251494,-5.042930454970456
-0.013825311415562331,-5.042405993484776
-0.008972103383236084,-5.042070198579421
-0.004082239635019735,-5.041456454776908
0.0009684511344170299,-5.040716740785404
0.0061657379536897644,-5.0397170841541605
0.011251364871676137,-5.038582280681576
0.016544093559922108,-5.037285227452793
0.02181336868167904,-5.03616739744935
0.027053255344441033,-5.035067779348119
0.03225533824042375,-5.0339982565412384
0.037303987159971776,-5.033006506411088
0.042159943814771186,-5.031800230544302
0.0471502381127411,-5.030499552168679
0.05249224323262987,-5.028882679157464
0.05777574381891103,-5.0274585376437235
0.06301452772024918,-5.026143404415278
0.0679990994871069,-5.025104382470173
0.07294137038847712,-5.023773786576001
0.07828422190578677,-5.022775559707608
0.08367727402111781,-5.021674437502494
0.08894241420595507,-5.0206349460202135
0.09384881870460224,-5.019928228299943
0.09811918182302509,-5.018362030969948
0.10214138801058421,-5.016990366532111
0.10594875977797205,-5.015899173082726
0.10955971812473753,-5.015162343568968
0.11311722084966955,-5.014500488503283
0.11672398354539573,-5.01377879703013
0.12045809752869245,-5.0133071824726505
0.12419791431762327,-5.012714240867768
0.1276015078184951,-5.01253164402819
0.13085450365794413,-5.012659218235769
0.13408100427287784,-5.0130053616919215
0.1374541559971966,-5.0131725931557085
0.14089878855347185,-5.013349830807333
0.14460886976994453,-5.0133325860890015
0.14803387030174012,-5.013663543810152
0.15130627794847876,-5.014349403218896
0.15448654248004517,-5.015268197126271
0.15739196799696448,-5.016522674963671
0.1603325152523342,-5.017763408268651
0.16340003164686223,-5.018808156500924
0.16620447442348443,-5.019780094258802
0.16889876730014167,-5.020797671287471
0.1709816574412785,-5.0210104839218985
0.17285781093155708,-5.021254220919525
0.17427461438808156,-5.0220793028307105
0.17557283461124504,-5.0229968474820375
0.17701653425678823,-5.024029643681303
0.178555211312582,-5.024923565922797
0.18005204745995143,-5.025734626273094
0.18117825416046754,-5.026789817236725
0.1823035978961474,-5.0281510857396645
0.18328442564377007,-5.0296284116922205
0.18429382442625622,-5.031420392545332
0.185317301754391,-5.033194807901675
0.18645171041260145,-5.034988378823968
0.18732391213732216,-5.036952385437897
0.1878433191701325,-5.039181803718006
0.18844108824875921,-5.04170516145126
0.18925978998019816,-5.044067098871182
0.190476556247801,-5.046969259788672
0.19185784294871303,-5.0497323260533395
0.19280980985003512,-5.052560881748761
0.19380223446878211,-5.055339424531038
0.19463397719470477,-5.058169687354641
0.19554331417717366,-5.06093667985125
0.19639467347463538,-5.063774297580333
0.19715306315330314,-5.066038329997025
0.19779996544748119,-5.0682139839788425
0.19847744654573118,-5.070350392547551
0.19919876196257807,-5.072438651306732
0.19950047803751259,-5.074194926308077
0.19976591975218627,-5.076057180761897
0.2001982382678941,-5.077747017204339
0.20045030879456008,-5.079294280561839
0.2009629524256172,-5.080555485701698
0.20144183174524663,-5.08188142647402
0.20154965366782618,-5.082914020381699
0.20142514351575772,-5.08419563765602
0.20118188381627325,-5.0855417248964505
0.20084537257623827,-5.086814092139237
0.20062555666294846,-5.088011914161913
0.20035946493896184,-5.0893126583290496
0.19990644651301243,-5.090465755780792
0.20004061840298457,-5.092837760667195
0.20045264563909648,-5.094869003788917
0.20043251517260577,-5.097002349922025
0.20065693047205732,-5.099024240938807
0.20100396053361888,-5.100932457444564
0.20124868547598765,-5.102760015603671
0.2011711096486671,-5.104837891708686
0.20147375864313644,-5.1068448450664095
0.20161464975572513,-5.108908419902228
0.20171395041698356,-5.110746884398482
0.20182205945156825,-5.112630682349259
0.20210378741346727,-5.114233963983433
0.20224536226574974,-5.115946127527382
0.2023806500205059,-5.117643140882489
0.2022994895250822,-5.119226552455987
0.20231198447692159,-5.12085207472357
0.20275182540313522,-5.122018659479299
0.2029176485923395,-5.122969174210228
0.20311620801625452,-5.123890867836921
0.20320692428202994,-5.124679939460402
0.20301486751767117,-5.125321584386456
0.2026576334866726,-5.125986026931785
0.20263675711699944,-5.126237217153791
0.20287204907293332,-5.126105656208942
0.20319711929687448,-5.126177199516388
0.2034506056773421,-5.1263799233416
0.20321177691289458,-5.126216591199119
0.2026033822900643,-5.126030215788704
0.2019477578468933,-5.126147858602762
0.2014110657567455,-5.126119229960277
0.20073267183328533,-5.125800153696394
0.20019610365827653,-5.125373393251045
0.19938329608392033,-5.124869613786287
0.19836990065612495,-5.124506232066515
0.19727977419935075,-5.124410038708992
0.19583266011449876,-5.124100963909378
0.19426655840735682,-5.123931523614318
0.19306785321330197,-5.12380157193353
0.19190478233868316,-5.123348783803793
0.19082556605424672,-5.122759888360595
0.1896248078044783,-5.122348982793213
0.18803309570455726,-5.122005915810755
0.1863046491211538,-5.1218065856885975
0.18471070014343177,-5.121738047293408
0.1832108578885609,-5.121435607538743
0.18196499686945586,-5.1209054010314
0.18020011022771323,-5.119760097379113
0.17831624069938357,-5.118448533757059
0.176150916404785,-5.11735493679102
0.1741228833330709,-5.116386391493089
0.17108904228715205,-5.114268837029652
0.167914305377421,-5.112346344451823
0.16486186818085904,-5.110400583293355
0.16167350725637858,-5.108347784921016
0.15820252546192234,-5.106478768991542
0.15503447854592908,-5.104427506821053
0.15170772380125697,-5.102041339251151
0.14828091018207412,-5.099830154729376
0.1448273153545624,-5.0977933911885
0.14097949754646358,-5.09584653457784
0.13730352712417923,-5.093688199932539
0.13371737585734106,-5.091496397209795
0.12995251196691412,-5.08899166194126
0.1261603187389447,-5.0865189565923865
0.12249242613531365,-5.084263729808644
0.11865810563326261,-5.081909580577724
0.11453074456632907,-5.079912257134946
0.11056657827121572,-5.077980852865314
0.10636003399922384,-5.07598771042982
0.1023748211687296,-5.073722775584666
0.09762937709439531,-5.070433048080944
0.09298495253375208,-5.067063804027142
0.08799797364264221,-5.0637267147194445
0.08289657588048252,-5.060766831098865
0.07718066002471008,-5.0576573055444
0.07130165993096312,-5.054568534108471
0.06547119122310335,-5.0514198379727775
0.059852296943010114,-5.048418930463892
0.054322150406729254,-5.045145903680962
0.04871379439407601,-5.041967193776797
0.04303513169833596,-5.039249469888194
0.03728598397241521,-5.036696393833428
0.031567404925832626,-5.034523735824796
0.025840368502768964,-5.032371819759142
0.02012909435118181,-5.029904307623116
0.014451041954781602,-5.027924362308491
0.00893146640952542,-5.0258557515129665
0.003310030984466086,-5.023867237297303
-0.002408815607268401,-5.022276678459418
-0.008315057101786878,-5.020855183655581
-0.014311196184390442,-5.01950435574922
-0.020182617002785768,-5.0184153277195875
-0.026076395580413324,-5.017138536861144
-0.033127382499560966,-5.0144244454233
-0.04023844840268149,-5.011851729750683
-0.04754075067652818,-5.009509346660081
-0.05421646572161223,-5.007868144884791
-0.060829935661440154,-5.006424755362271
-0.06747383481075492,-5.005093363056303
-0.07426154209061045,-5.0036321254356135
-0.0812002271277278,-5.002542816066051
-0.08825494508930383,-5.00157343460907
-0.0951294273131538,-5.000419931738088
-0.1019690566377156,-4.999375308130211
-0.10878840354401505,-4.998268899384539
-0.1161119032171931,-4.997649867576975
-0.12307124145419525,-4.997315667827772
-0.13005741158698428,-4.996965767085065
-0.1368562352074151,-4.996427545413067
-0.1432855470091518,-4.995971735842019
-0.1497983356352837,-4.99561761992826
-0.1566757977672477,-4.9955532925932165
-0.16323110155324919,-4.995740038728494
-0.16991217954072688,-4.996079643896034
-0.1765477306406734,-4.996384004301781
-0.182952164846552,-4.99686798690603
-0.1891297852887367,-4.997080506034642
-0.19603348369448179,-4.996483299318648
-0.20295032486192036,-4.996152219425412
-0.21005696988539957,-4.995873235379322
-0.2164598401584941,-4.99715779602535
-0.222886461490518,-4.998461904103938
-0.22903139166753794,-4.9999845048232565
-0.2349166385616501,-5.001196455282751
-0.24051420070200877,-5.002180390401122
-0.24611548239496003,-5.003160366127568
-0.25180038867126414,-5.004192248358957
-0.25742663397645466,-5.005287249191237
-0.26281203080500004,-5.006396117761779
-0.26835255385559476,-5.007692223203639
-0.27357277606369457,-5.0087276309480195
-0.27904242500718285,-5.009851218016208
-0.28424141692996036,-5.010651387330634
-0.28952737816955426,-5.011421315131117
-0.294525149736885,-5.01226875872937
-0.29941917499383996,-5.013107973307737
-0.30425871186771225,-5.013988685509922
-0.3094237706819775,-5.0151294041655525
-0.3143691669145615,-5.016008145443392
-0.3192948871982348,-5.016901083795236
-0.32394245462414034,-5.017524353644436
-0.32875123899850056,-5.018341579441233
-0.33337230922267175,-5.01930349264764
-0.3370318923562201,-5.021837766100196
-0.34072152990508403,-5.024455268038831
-0.3444787150215912,-5.02686410493059
-0.3483033157549105,-5.02907699754263
-0.3519767789138513,-5.031374998358459
-0.3556010007974922,-5.033614327108575
-0.3591320839839546,-5.036021182611424
-0.3623182206638201,-5.038212500853623
-0.3653126247839175,-5.040174701251614
-0.3682699953557981,-5.042081389064138
-0.37124360883145635,-5.043894499551828
-0.37402951437103044,-5.045636010354959
-0.3767638414198329,-5.047336419583777
-0.37935930890749725,-5.049143673003275
-0.3820731931333475,-5.051092661373568
-0.38487393020913696,-5.053110987995133
-0.38776035688789723,-5.055062619385606
-0.3905042343054683,-5.056844037676471
-0.39325869085771714,-5.058633952809
-0.39569481705761866,-5.060784034646967
-0.3978499286667258,-5.062650453833279
-0.4002022111067439,-5.064764704928655
-0.4027474176764309,-5.06672979907267
-0.40543544038296203,-5.068833262328206
-0.4073692444922165,-5.071686612129607
-0.40912688290932614,-5.0744025199259495
-0.4108353286733032,-5.077221157088645
-0.4124188290668387,-5.0798904407502485
-0.4139606958430907,-5.0825537127196245
-0.41564560997387806,-5.085194789938055
-0.4174877310041316,-5.088023752154645
-0.4194452976661061,-5.090752772737514
-0.42140103385575367,-5.093595638418395
-0.42317314826341396,-5.096363389278396
-0.4249660360259482,-5.099038721837656
-0.42689240505655074,-5.101781208610701
-0.4288191525566823,-5.104524141875683
-0.43094926554259516,-5.10743553241665
-0.4326956477412392,-5.110362682145258
-0.4344909193725603,-5.113348250387051
-0.4361695949708869,-5.1163408770933625
-0.4375492596798179,-5.1198910868088365
-0.43873997349035293,-5.123220922940342
-0.44016897878177036,-5.1266267477254805
-0.4415827851289607,-5.130020463641185
-0.4429715041065998,-5.133392123099732
-0.44445289500222324,-5.136896061451914
-0.4459214378606808,-5.140438239554557
-0.4470694419454384,-5.1437439830243425
-0.4482400901898592,-5.146922675007137
-0.4494804517790021,-5.150156825692829
-0.45051758754215687,-5.15325424578586
-0.451591042117807,-5.1566842852550385
-0.45271668648522,-5.160184983982073
-0.45372980401570956,-5.163658031467233
-0.4544777453576818,-5.166813697525748
-0.4551839872610165,-5.1699360938494765
-0.45598290939157426,-5.172987455062425
-0.4569558903709209,-5.176247103716261
-0.4580986265602329,-5.179641688559864
-0.4590680467663389,-5.183168652620395
-0.4598559883788704,-5.186522574273796
-0.46043388797032764,-5.189719894731304
-0.4612769791296455,-5.192714538330943
-0.4621890846042172,-5.1957529320405715
-0.4629092701089776,-5.198561624428912
-0.46339753898436253,-5.201665241049113
-0.46397205898611704,-5.204929356403552
-0.4640619625367762,-5.207808674601039
-0.4645375665352602,-5.210350781643019
-0.46499090031689017,-5.213113635471856
-0.4654065653085251,-5.215754248973205
-0.46554926949944797,-5.2182837546004786
-0.4657175301846325,-5.220667054741086
-0.4658404512929977,-5.223044828622329
-0.46604315018434306,-5.225514231867656
-0.46625521330663194,-5.227912306089546
-0.46628367498910583,-5.230096925489206
-0.46629836738369196,-5.232230871553469
-0.4665125525354888,-5.234125597305473
-0.46628713890438156,-5.235617181382785
-0.46587016119712327,-5.237119770490545
-0.4653823651084902,-5.2385649878594585
-0.46488964068282457,-5.239932136100041
-0.464648047350509,-5.241580748394669
-0.46463202132454234,-5.2430575837377535
-0.4643620148228308,-5.244253957834976
-0.4638127846202695,-5.245199792204194
-0.46353325553888153,-5.2459402179568535
-0.4630972141659662,-5.24657353971665
-0.46239983299512494,-5.247640236342322
-0.4620889365999002,-5.248215754714756
-0.4617031879834216,-5.249016557363332
-0.46112540758299864,-5.249587043249616
-0.46013939339225585,-5.249834219715175
-0.4590957687792475,-5.250125232440185
-0.4578057734840599,-5.250120726566137
-0.4566754341760039,-5.2502427317635005
-0.4554976455146299,-5.2504008457592315
-0.4544170081462895,-5.250675639219301
-0.45298899193777287,-5.250535096639353
-0.4515987342155951,-5.250340224667247
-0.4495574614243863,-5.249657309899707
-0.4473577997852203,-5.248849046201331
-0.4453657363954911,-5.247954708529912
-0.44353994015443277,-5.247137706463936
-0.44167847337299676,-5.246292528456437
-0.43969452747264914,-5.245397414959743
-0.4375424218128543,-5.244349202239022
-0.435189646388188,-5.243271856471051
-0.43274837091836243,-5.241881676074598
-0.4304095128537128,-5.240588511840488
-0.42785991409358987,-5.239117987815097
-0.42526917900745237,-5.237678526755202
-0.4225360245137012,-5.236107832570868
-0.42006278108780165,-5.234821362321855
-0.4176075075945049,-5.233402808613062
-0.41484287534845266,-5.231555429022834
-0.4120226418736852,-5.229664065079109
-0.40922250239388513,-5.227680791742209
-0.4065177033173129,-5.225511484845158
-0.4036618663199344,-5.223222655740623
-0.4007370586375372,-5.221306030387139
-0.3975070887379012,-5.219232783891022
-0.39402943844578714,-5.216963574888012
-0.3903825481771161,-5.214670856214138
-0.38651513625083406,-5.212212605681853
-0.38260770089316803,-5.209722706294644
-0.37870296878686477,-5.207291816873555
-0.3745774577855567,-5.205097555639531
-0.37039590253225585,-5.202858974453592
-0.36619204917208803,-5.200772635387658
-0.36178939818564326,-5.198448845092305
-0.3572907694719418,-5.196049144819865
-0.3526322129142008,-5.193374345820129
-0.3478014001922879,-5.190795242189931
-0.3431356584869035,-5.188390076049558
-0.3383466357763043,-5.1859170310370475
-0.333349881709856,-5.183603667679937
-0.32842301784299666,-5.181292037432044
-0.3235230816236829,-5.1783604399901595
-0.31868992518968486,-5.175384985185116
-0.31392937431007656,-5.172178269544981
-0.309165708332854,-5.168967745351003
-0.3044890804394978,-5.165935404743599
-0.29966734488666463,-5.162692782181509
-0.29508048273955073,-5.159733000229138
-0.2902750320337505,-5.156738137501513
-0.285745930403185,-5.153771828473644
-0.28103893038653366,-5.150591195680004
-0.2762118642213345,-5.147782076705065
-0.2713284545574597,-5.144928380799246
-0.2669395955445235,-5.142377042388867
-0.26263677063354846,-5.140041355496213
-0.25851420662941427,-5.137832856876256
-0.2541965057486817,-5.135511456374856
-0.24990125600734076,-5.1331989198958885
-0.24561556760286501,-5.130932099219681
-0.2413662095252337,-5.128658982801233
-0.23734987300476781,-5.126137469279889
-0.23333628056808492,-5.123994395719762
-0.22928680213771774,-5.121806992679139
-0.22544997756100826,-5.119798312311779
-0.2217334978271651,-5.117696842603783
-0.21792481617587392,-5.115541228253031
-0.21386415429772604,-5.1131103167511505
-0.2100131534285695,-5.110517225260706
-0.20635851877511693,-5.10821900615573
-0.20309953488522978,-5.106299077683006
-0.1998478538379276,-5.104373600015806
-0.19663464686251012,-5.102502244443212
-0.1933071699512248,-5.100510035418326
-0.1903407885796528,-5.098237443809619
-0.18727417845675287,-5.095967746423224
-0.1844735481968044,-5.0938638384095265
-0.1817942631408352,-5.091665566940571
-0.17932377749687994,-5.089702433478818
-0.17697370572156174,-5.087860975213326
-0.17450447426377297,-5.085750339511951
-0.17187171751521277,-5.083442301572968
-0.16958760919470217,-5.081594660284993
-0.16718558454391827,-5.0799316985931595
-0.16489953301584506,-5.078442327288408
-0.1629886807727797,-5.077080748855285
-0.1610404466839147,-5.075754946401821
-0.15885023336577953,-5.074484518227416
-0.15651322030620213,-5.073054516881138
-0.1544112388773209,-5.071749799668896
-0.15241965827698148,-5.070294591957166
-0.1505149821882511,-5.068961753415489
-0.14891659454577222,-5.067847466414317
-0.14721095085791444,-5.066727677001213
-0.14561236936984248,-5.06569239748783
-0.14400178359956106,-5.064790523066544
-0.14224039502489166,-5.063568092541442
-0.14058929147933485,-5.062432707951317
-0.13904740590538475,-5.061028497736916
-0.13769709776392872,-5.0596816087113154
-0.13634441212637405,-5.058332841845614
-0.1351688658291767,-5.057116200774063
-0.1341232530749061,-5.055643848845325
-0.13301593314153878,-5.054122765597647
-0.1321140957419953,-5.052302823892051
-0.13127658599927705,-5.050373676695128
-0.13010211355112702,-5.048417787270284
-0.12919870525680288,-5.046731395816766
-0.12840557798021718,-5.044958661286372
-0.12769890902914754,-5.04326596853328
-0.12686609273190472,-5.041508503565252
-0.12592603456308848,-5.039900815750433
-0.12494585995648935,-5.037869102729958
-0.12401937187493116,-5.035879629570854
-0.12316954920249698,-5.03377816407287
-0.12226282336954032,-5.03187995838403
-0.12145651994370549,-5.03006093778132
-0.1208728913192375,-5.028430377566655
-0.12021998659794911,-5.026684983219837
-0.11965647571955301,-5.025010063261805
-0.11918089432308758,-5.022952480102586
-0.118717250224214,-5.021039662022943
-0.11830265213937473,-5.019165402192542
-0.11792680602276812,-5.0174062215410835
-0.11733808305526609,-5.015685633746757
-0.11705597761366328,-5.014210954250942
-0.1169879032105027,-5.012778768841428
-0.11699993907355256,-5.0114582382416515
-0.1168243097069492,-5.009928007581014
-0.1164745882379753,-5.0084072942330256
-0.11655907833933396,-5.006786501404905
-0.1166702073663863,-5.005240498237029
-0.11690561972253553,-5.003651638858666
-0.11742312119452286,-5.001750735211515
-0.11814116456703619,-5.000008337907319
-0.11853062245194898,-4.998129792961613
-0.11896936942677708,-4.996205727849487
-0.11936976386800265,-4.9941614456289685
-0.11988784341669959,-4.992241384950116
-0.12026303465778765,-4.990433197362941
-0.12072020796259963,-4.9887032456613305
-0.12121741135525249,-4.987004221642086
-0.12183475719383285,-4.9852109673701674
-0.1223923706231041,-4.983388822440356
-0.12268762352965455,-4.981293112268889
-0.12292563067109824,-4.979242160269001
-0.12329395872607529,-4.977385491901344
-0.12382228556637416,-4.975681059452866
-0.12417562620467058,-4.974113740526245
-0.12448984692033661,-4.972472316487479
-0.12455297417994188,-4.970591604359036
-0.12456763659253418,-4.968748797748307
-0.12441506334428709,-4.966805322212043
-0.12448376639237826,-4.965072466395205
-0.12422317396950248,-4.963597853995223
-0.12469184798553833,-4.961425772556079
-0.125208517197734,-4.959022544699501
-0.12561529443005426,-4.956486675671982
-0.12571920446139032,-4.953893904163159
-0.12558594774696205,-4.951256215062346
-0.12584864496077675,-4.9489328324060855
-0.12601918952351976,-4.946681933922315
-0.12639731660952733,-4.9447451400307605
-0.12652917059090898,-4.942986786073879
-0.12638993203199994,-4.941095925388911
-0.1260511271857408,-4.939099316127839
-0.12588056973779044,-4.937289915839946
-0.12558159831328697,-4.9354425490807525
-0.1252810426975012,-4.933765467551721
-0.1250476502087894,-4.932148704827191
-0.12458581657488339,-4.930739167383609
-0.12388776246356534,-4.929360916555855
-0.12301833096401928,-4.9277889640784265
-0.1220380161430009,-4.926074586496464
-0.12115503670322522,-4.924412323230142
-0.12060368600079437,-4.922325882225921
-0.12002599268581647,-4.920423771098298
-0.11952404611432298,-4.918582056166955
-0.11905458588383186,-4.917007352622247
-0.11853637411321158,-4.915154368161332
-0.11750289229681425,-4.91346687211146
-0.11659491290008057,-4.9118431525182675
-0.11563702712173075,-4.910159451369042
-0.11471814741816382,-4.9086226835011795
-0.11348179586892695,-4.907146258445506
-0.11225240778719214,-4.905678209023118
-0.1108032471895585,-4.904120289153214
-0.10951988883997699,-4.902751828976996
-0.1080816157996153,-4.901196976776951
-0.1067863046075234,-4.89959072133743
-0.10536854899982627,-4.8980029746417655
-0.10408566860355718,-4.896577469688209
-0.10256179112874449,-4.895173582087372
-0.1010887618160107,-4.893895552784448
-0.09966788853829549,-4.892680194331666
-0.09835486113211363,-4.891342518224362
-0.09710635674723445,-4.890097301333731
-0.0958284941795377,-4.8888167242508835
-0.09462506154036274,-4.887637744413249
-0.09318779025183903,-4.886612378666868
-0.09164376587679061,-4.88586476171613
-0.08994760919093465,-4.884986674991501
-0.08857660847768682,-4.884240013419313
-0.08727487698652843,-4.883513530065475
-0.08599570630329928,-4.882707541991817
-0.08380569593572959,-4.882797880823049
-0.08150597455313272,-4.882829770570477
-0.07926231604332593,-4.882986065058137
-0.07716316134027129,-4.883323965585865
-0.07541964404937318,-4.883789264687928
-0.07339653218154378,-4.8839936611129895
-0.07121544739134626,-4.884322970046313
-0.069008892236933,-4.884576928866415
-0.06709702570471175,-4.884715903267183
-0.06520345696344698,-4.885184776539886
-0.06362488690119987,-4.885818444582534
-0.061841058081032615,-4.886204498940595
-0.0600243945854419,-4.886755938867607
-0.05822786292329922,-4.887186837369877
-0.05639299777580787,-4.887571147516721
-0.054381418654663984,-4.888067650233898
-0.05243662733027665,-4.888367256865966
-0.05021861346371202,-4.8893362562200675
-0.048356211072492,-4.890673721933573
-0.04669840569984909,-4.891849514107885
-0.04472142377174876,-4.893453816368057
-0.042612922922869514,-4.894899299854324
-0.04034019597211028,-4.896179113151113
-0.03808219663005518,-4.897290473171924
-0.03611800127559368,-4.898756247339552
-0.03446276211467172,-4.9003410789168855
-0.03294104225497184,-4.902067550301139
-0.031327959076510696,-4.903751908645246
-0.029635740481905058,-4.905387155154648
-0.027840167306015982,-4.906629858271138
-0.026185607988856868,-4.907965115962898
-0.024664935383934616,-4.909392942350503
-0.023254140969842744,-4.910850615680858
-0.022068181370619593,-4.912289379823989
-0.02099189643751338,-4.913876739990404
-0.019896251674206434,-4.915333908508095
-0.01857609800396635,-4.916704154982288
-0.01743053133191454,-4.918135117472347
-0.016433125929176274,-4.919449013923939
-0.015576409072603504,-4.920961615450773
-0.014271793910808088,-4.923063923260185
-0.012894007105184107,-4.925224110119472
-0.01158275937257032,-4.927423657469668
-0.010127364627980725,-4.929491457583473
-0.008845706632635085,-4.931350838347641
-0.007869714735140752,-4.933131257372253
-0.006956320805410107,-4.934918471062629
-0.005975751479610253,-4.936873516396985
-0.0049857068059131005,-4.938882133825004
-0.00418101308142303,-4.941050272526904
-0.0035700759006050283,-4.943065473230868
-0.003005922606131064,-4.945061106045913
-0.0022241903897631827,-4.946849558922774
-0.0015524297345834628,-4.948551226650113
-0.0008929696358555964,-4.950330239860044
-0.0005026798440156585,-4.952361322980494
-0.00024697964858753446,-4.954286275450588
1.9060007732364913e-05,-4.95617857524009
0.0004920008400848288,-4.957882935246612
0.0005587388199665468,-4.959266884716388
0.0008288212993229258,-4.960487533729671
0.0009086935684446281,-4.96189025230105
0.000799921496855156,-4.9631443044926895
0.0010259943413250586,-4.964936763182191
0.0011293598589087238,-4.966878182132687
0.0011270772665692812,-4.968651996519847
0.0009102462550172358,-4.970401066113362
0.00030794046794501264,-4.971612234261323
-0.00018278832651766704,-4.97264674994239
-0.0005408438069764019,-4.973786023497548
-0.0010626788944550637,-4.975132732126655
-0.001801967357548339,-4.9766721762906485
-0.00260215775061914,-4.978163867008918
-0.003506967141568978,-4.979740311180931
-0.004285842452201409,-4.981160168859251
-0.00508268697474693,-4.982566071243042
-0.006114143306058905,-4.984193172621738
-0.007227221905104785,-4.985756220074289
-0.008442133877960731,-4.987385599551735
-0.010264678167728256,-4.989623995578757
-0.012200761167027048,-4.991773340508417
-0.01444624163133672,-4.994180368254428
-0.01661042500529434,-4.996520183628718
-0.018674497009133182,-4.998939086233861
-0.020561652212120037,-5.00115572910995
-0.022774371006000358,-5.003727795857892
-0.025137352129837948,-5.0061820643436175
-0.027450923213291813,-5.00863987071441
-0.030000505731762408,-5.0114328213549575
-0.03252741928664344,-5.014169143541689
-0.035543894042307136,-5.016318302326206
-0.03871925525506522,-5.018436568222286
-0.04185883141029512,-5.020553307169494
-0.04503643772888744,-5.022726369407637
-0.04837657467021231,-5.025034347715377
-0.0518488746797201,-5.027545873222982
-0.055559488806291676,-5.030065844818156
-0.05945488239361104,-5.032636695034684
-0.0631986105196655,-5.035014942338178
-0.06690293417706232,-5.037362102035299
-0.07077675647983678,-5.039576909302027
-0.07501339408479193,-5.042230753496008
-0.07967014944606841,-5.045215559948188
-0.08425620951407573,-5.0482562401316375
-0.08868004423365652,-5.051100368874046
-0.09293925978594406,-5.053814725848367
-0.09731231458907173,-5.056440585759949
-0.10187044279323851,-5.059290155501845
-0.10689304242416285,-5.062505725011375
-0.11214643958689387,-5.065417451477568
-0.11765845956961003,-5.068641890397621
-0.12309912783173514,-5.07181001679019
-0.12847250284566716,-5.0750310950303925
-0.13434766630562897,-5.077886370534807
-0.1404481667503437,-5.08087649506325
-0.1467947297805897,-5.083758667515522
-0.15337208202784702,-5.087151766314967
-0.16006661489415813,-5.090512793468789
-0.16696097658512493,-5.094031392143175
-0.17379407793748952,-5.09765108645222
-0.18059474900665803,-5.100925820767562
-0.18734372884507308,-5.10415975196382
-0.19406227724764025,-5.107523297706961
-0.20079975426006405,-5.11086187925217
-0.20763239786461885,-5.114275560059013
-0.214522906816572,-5.117954137932211
-0.22121548116715334,-5.121140538891816
-0.22810100114762352,-5.124554020532555
-0.23478466211610768,-5.127779593280453
-0.2413091943100318,-5.130513757572811
-0.24756742174786703,-5.133278442024973
-0.2537487696057901,-5.1360643270373485
-0.2601589436162116,-5.138587354073484
-0.26654070669792485,-5.14113253606597
-0.2732575269444783,-5.14394244953898
-0.27966288895196606,-5.146377179860341
-0.2861073720676602,-5.14866539825798
-0.29264775881729255,-5.151113287075593
-0.2990658822816635,-5.15346450075492
-0.30542113927085,-5.155839532423401
-0.3118692035308255,-5.158360486589974
-0.3181995079256936,-5.1607882531080955
-0.3246566926673783,-5.162992697910218
-0.33102928744898813,-5.1650848668577405
-0.33732315370301413,-5.167114651729311
-0.3433445191123177,-5.168885099863973
-0.34937037914088026,-5.170941221153855
-0.35517393721938756,-5.172821289769324
-0.36098816862613464,-5.174714043220283
-0.3665825222477371,-5.176388843798139
-0.37207114128817365,-5.1782195422297566
-0.37733770891601903,-5.1797675406462345
-0.38238212872245453,-5.181164318011633
-0.38750782761734404,-5.182621032298617
-0.39249353345109783,-5.18418754474479
-0.39773293377441515,-5.185418385981882
-0.40272651525499326,-5.186533867679632
-0.4076411148592407,-5.187458995072384
-0.41243442091346344,-5.188287930770816
-0.41660640143888883,-5.189465683370405
-0.42041521987120056,-5.190421282767637
-0.4240597090714599,-5.1912465596002475
-0.4278330765733607,-5.192228018852307
-0.4315058672470745,-5.193084123050837
-0.43496522925538744,-5.193770857443969
-0.438109451940533,-5.194462873041852
-0.44084888499921426,-5.194774639585386
-0.4433282521872312,-5.195017848904446
-0.4456302203342367,-5.19516735830173
-0.44782018939422497,-5.195349111492254
-0.44996990518502683,-5.195741750992154
-0.45211870857944164,-5.196096300650457
-0.4542302855538145,-5.196399515273914
-0.4562111207211314,-5.1968025745437645
-0.45788386657290775,-5.1968784105070585
-0.4593549241273312,-5.196730395004105
-0.46062862921916786,-5.196733083984209
-0.46184725056381626,-5.19676588020352
-0.4634353329229058,-5.196506998798978
-0.46491361357640704,-5.1963988189343295
-0.4664096163100936,-5.196450318740083
-0.4676172536569256,-5.19615671321362
-0.46848265404237,-5.196037834947533
-0.4693390530323985,-5.195925786494752
-0.46990291273645696,-5.195585864973476
-0.4706838407163369,-5.195449058273166
-0.47126887674178075,-5.195576677327654
-0.4717466929374901,-5.195575999269945
-0.47180449851449124,-5.195241498688417
-0.47194876014904513,-5.194840997610867
-0.47184947240079317,-5.194149000882187
-0.47193773556080515,-5.1936061456941225
-0.4718875917454844,-5.193169032464989
-0.4720911044225751,-5.1930355683797345
-0.47207238833206183,-5.192725455861209
-0.4718503590868156,-5.192570634932069
-0.47146353360762655,-5.192170140971945
-0.4711904485593728,-5.191725996478127
-0.4708692737446814,-5.191250601147287
-0.470717312388368,-5.190977750006145
-0.4704484415859762,-5.190720107617639
-0.47015628234530094,-5.190456601768802
-0.4697401670908997,-5.19019894649107
-0.46921288437697145,-5.189839535362028
-0.46888722448877596,-5.189326164500095
-0.4683823184023388,-5.189206326548265
-0.4680337765313557,-5.1891793232551695
-0.46749750686691205,-5.18929576453907
-0.4666596667502896,-5.1891724129483245
-0.46606476045795575,-5.189339809769383
-0.46548164289966587,-5.189498214393597
-0.4651409450858324,-5.1898492842486315
-0.4644094643181905,-5.189732461817265
-0.4636675204453718,-5.189623704611085
-0.46254260564399935,-5.189210501245896
-0.4615539513576264,-5.188960374263385
-0.46056900436498727,-5.188707474966508
-0.45975168419430634,-5.1885877664347095
-0.45874195102385257,-5.188237598016323
-0.4578858699831456,-5.187770087395841
-0.4566370446419977,-5.186990438619662
-0.45517559062710705,-5.186038800175051
-0.45354770642069786,-5.185119740497785
-0.4521143426791471,-5.184225335126347
-0.4507355026944746,-5.183456492758776
-0.4491519760316509,-5.1830453917801975
-0.44731454007690924,-5.182323029661377
-0.4452430632382666,-5.181341059780423
-0.442754836040594,-5.180821760387733
-0.44023710550448125,-5.180284395793961
-0.43783081928138173,-5.1796903443512665
-0.4353897281624734,-5.179297779045158
-0.4329610164700476,-5.1788702376491385
-0.4303549585014791,-5.178315068276806
-0.42764009060358765,-5.177820991053438
-0.4247356774309336,-5.177123344354903
-0.4217366876757743,-5.176498213688002
-0.41845848623796744,-5.175648248447747
-0.4154187671318719,-5.174996262029033
-0.4123633616068673,-5.1743563772158225
-0.40945389728461834,-5.173885887770011
-0.40617232150945576,-5.173021481325105
-0.402652803539081,-5.172339612766465
-0.39864099452503376,-5.171201063793112
-0.39472643306654126,-5.170265572377066
-0.39103000554406303,-5.169133027383419
-0.3871572097345296,-5.168308960106556
-0.3830069705157655,-5.167445920953936
-0.37870354567699094,-5.1664613906746855
-0.3742455212254549,-5.165474002755133
-0.3696979562410552,-5.164243169399047
-0.3651109697476095,-5.162981047658179
-0.36059750680710084,-5.161632696809175
-0.3561680168872575,-5.160385151996009
-0.35156972013865145,-5.159097003939391
-0.3467397419537482,-5.157856308463055
-0.34176069558541233,-5.156436383194834
-0.3367202867706136,-5.1547519551904175
-0.3318414311873983,-5.153118077288231
-0.32690135956843064,-5.151410579928467
-0.3220955793613071,-5.149659044100898
-0.31695009160712195,-5.147979488957729
-0.3118517532264711,-5.146356610143635
-0.30659250686851663,-5.144593796831988
-0.3015505680214421,-5.143094125212729
-0.2963341418110502,-5.141384350155348
-0.2912840990815666,-5.13974012158137
-0.28607535708991405,-5.138224150990726
-0.28104136301604987,-5.1369183469019575
-0.27565542890732087,-5.135440934044454
-0.27033047478740624,-5.134454178735554
-0.26499441825110454,-5.133673162635233
-0.25959848534480423,-5.132594074530515
-0.25409835151196414,-5.131396182898179
-0.24891114363117883,-5.130192448077485
-0.24378136145802873,-5.128513538360656
-0.23903502018916475,-5.127296774414897
-0.23420631696619099,-5.126225057984722
-0.22929469347919212,-5.124907120502081
-0.22430574797437539,-5.123495835514548
-0.21934931551125814,-5.122030534304443
-0.21444986762443477,-5.120418329564943
-0.20958646945336976,-5.1188496507062755
-0.20470802848159617,-5.117559324829594
-0.19976518024100082,-5.116067082957901
-0.19495108420028756,-5.1147652786582904
-0.19033346634197124,-5.11331086890131
-0.18597139417624495,-5.1120580954949695
-0.1813919169816605,-5.110542734522346
-0.17669880070340183,-5.109115648578623
-0.1716946605777924,-5.107443320057906
-0.16697963813370423,-5.10612051582304
-0.16232641463745426,-5.104749467341155
-0.1580793400219047,-5.103698618792001
-0.15362044109356318,-5.102861375845955
-0.14902043373041118,-5.101845482231238
-0.14454260885050424,-5.100647359760649
-0.13999399827057113,-5.099348068310392
-0.13548606224288043,-5.09801407584224
-0.13083630650480685,-5.096790502789802
-0.12641582050795075,-5.095813816263909
-0.12201192285613215,-5.094833799735521
-0.11758729964379952,-5.093869967980057
-0.11294245231879697,-5.092711467995361
-0.10810584254781222,-5.091273950145468
-0.10329253496408296,-5.0898184334396355
-0.09862693761328124,-5.088560869268481
-0.09414400761564398,-5.087438840290436
-0.08951090852674953,-5.086434172089526
-0.08473994814689007,-5.0853004437369425
-0.07977417037807198,-5.083946719969773
-0.07472340521179668,-5.082261885457464
-0.06980057403764808,-5.080732122434504
-0.06495263686001396,-5.079366736234331
-0.05990702749460013,-5.07775542579032
-0.055100636301455896,-5.076296939282241
-0.04985063834570381,-5.075127811023243
-0.04490100918833659,-5.073942725196396
-0.039576664579313275,-5.072477890539896
-0.034291404044934505,-5.071043843124402
-0.029180815232917504,-5.069376921320547
-0.02431113703984747,-5.067783342510104
-0.019742498780777225,-5.066515122547805
-0.015123583550598585,-5.065312913368242
-0.010272447233471897,-5.064148860227723
-0.005422051545752705,-5.062985417499913
-0.0005120179572302447,-5.061615284093098
0.004317820529104326,-5.060076519802002
0.008985192965880868,-5.058665228684207
0.013562045737634636,-5.057309974041786
0.01817862070986963,-5.056007336938066
0.022706146070227553,-5.054774535212699
0.02713009616285487,-5.0536065368354945
0.031550892603049614,-5.052074562660575
0.03603297691361428,-5.050494555157797
0.0404869511637899,-5.048728728863077
0.04488626704584675,-5.04704536141825
0.04923908371444877,-5.045398463616731
0.05347147134913431,-5.044045998186045
0.057938574726087946,-5.043017273783276
0.06224666281366309,-5.0420519887577155
0.06680635156337164,-5.040868676756506
0.07106716592969557,-5.039449704382489
0.07541147552499132,-5.037961325827212
0.07931198192744547,-5.036314428046816
0.08306215711163972,-5.034867491072137
0.08670046138189197,-5.033412395812051
0.09020972236788354,-5.032058394268691
0.09356794670525993,-5.03089973713068
0.09686422154886429,-5.029351862920462
0.10004416528332964,-5.0278951023795075
0.10310359757154906,-5.026420087469081
0.10606193884961608,-5.02504700928995
0.10896937599578861,-5.023713831443696
0.1115827316972564,-5.022749763885311
0.11395789657861441,-5.021779986849137
0.11634824600150603,-5.020771952070531
0.11857665016457396,-5.019673844337531
0.12080310366396062,-5.018419336298709
0.12289995027846673,-5.017283412992942
0.12484518084234497,-5.0163397582769225
0.12654054651539398,-5.015517632392103
0.1280838620489738,-5.01488114668462
0.12940680535349983,-5.014115415524417
0.1305276095609346,-5.0136183944070325
0.13173159329386802,-5.01315809044017
0.13271422656157233,-5.01218872273672
0.13381003435331992,-5.0110866268950165
0.13481351579473022,-5.010002085796908
0.13543781338380573,-5.009270945320971
0.1359439460736577,-5.008446140530326
0.13638380622305807,-5.007615996891539
0.1369909045960128,-5.006623278160789
0.13743908141902472,-5.005504604627521
0.1379273707929089,-5.004385787008271
0.1381068982808165,-5.003557630392242
0.1383845415546069,-5.002807040736496
0.13838827055120778,-5.0022937535923235
0.13822184668905574,-5.001971196361467
0.1380142617834389,-5.00161602658363
0.13787337798695626,-5.001203927242776
0.1378854670016136,-5.000615120700227
0.1379675913856305,-5.000081710259671
0.1377511757573918,-4.999860630462497
0.1371549934552251,-5.000004217626977
0.13656666686485341,-5.000154086514451
0.13597074753606986,-5.0002825311491055
0.1351837881002087,-5.000124952740388
0.1345646064534324,-4.999869343065061
0.1335630207675186,-4.999257732347884
0.13231517277523006,-4.998946414702062
0.1307015447853004,-4.998950093277228
0.1292957663059502,-4.99911832629659
0.127834942945368,-4.999369060183277
0.12649271559162487,-4.999742031042947
0.1251508956119937,-5.0000977946721195
0.12400117031774029,-5.000285692721626
0.12249043610811573,-5.000674333388997
0.12079086315986101,-5.0012021270877085
0.1190207933799646,-5.002014929771605
0.11758893340898968,-5.0024982836529555
0.11640590993659715,-5.002916458291744
0.11520663084180717,-5.003139445520067
0.11382193778095927,-5.0035357842673855
0.11235087646062206,-5.003991663555166
0.11094945985201433,-5.004319382972833
0.10942834518347438,-5.004792951765458
0.10779347879749279,-5.005069432050871
0.10608703955184579,-5.005401996692529
0.10448486969175926,-5.005738130779779
0.1029802483925468,-5.005948288790134
0.10147767536849142,-5.0061568734080595
0.10010517517993454,-5.00632568974074
0.09868159556653619,-5.006808394124013
0.09703581816277684,-5.007354586594941
0.09548408761722672,-5.00797686592677
0.0939360281409664,-5.008594757900556
0.09247736323552691,-5.009186926141063
0.09074182193028607,-5.0098470170432154
0.08905596825047182,-5.010446700479242
0.08733774144333806,-5.011185996614163
0.08605054337878222,-5.011956223232602
0.08476425913696573,-5.012725411880725
0.08375659093517393,-5.013421587669371
0.08268954147055001,-5.014246043354629
0.08180024112402617,-5.014854112649923
0.08072999972944343,-5.015554749183945
0.079895721580012,-5.016094137510745
0.0791233869535048,-5.016558156520804
0.07860254228343273,-5.016932324753224
0.07801318783850958,-5.017340243795919
0.0772204269600003,-5.017818594666917
0.07652090702094798,-5.01810340422538
0.07591182149217622,-5.018273698322628
0.07552802706747974,-5.018200382210361
0.07512326258428609,-5.018357066137601
0.07491758190015621,-5.018560958663246
0.0750238778817017,-5.018955308578851
0.07484319198034678,-5.019444519319793
0.07467830835308202,-5.019863346141354
0.07457738099760511,-5.020186308578634
0.07474909116503878,-5.020218401255837
0.07500322857795724,-5.02031552541716
0.0753661178015456,-5.020292323749776
0.07566334609433585,-5.02016501002357
0.07585000160637728,-5.019967964487064
0.07568725839332358,-5.020044798213484
0.07588077334071688,-5.019868369308529
0.07629299505824838,-5.0195772209875456
0.07677443792786329,-5.019076007862122
0.07694839317554864,-5.018949175613074
0.07690294374743836,-5.018910193056952
0.0767203993114132,-5.019146939211928
0.07666940490611579,-5.0192235150181865
0.07661141229758964,-5.019167234598009
0.07697383014061115,-5.019161008928061
0.07751055430392327,-5.018942539933833
0.07842173520725958,-5.01912738635553
0.07922561299037871,-5.019396309723616
0.0797822902291252,-5.019835849596394
0.08007119213326454,-5.0202668031418485
0.08036169182088838,-5.020696510194845
0.08087678272358265,-5.02100374323199
0.08146881452603341,-5.021174132902455
0.0820786186042909,-5.021096993176748
0.08244088072650257,-5.021130561254625
0.08254342269617415,-5.021412546518323
0.08253543198841552,-5.021703285291472
0.08273504336821089,-5.021984182633201
0.08302812786206777,-5.022177467435327
0.08334455956853405,-5.022316664670044
0.08326770730289265,-5.022145527298989
0.08309755021621754,-5.02214730223695
0.08275932444410997,-5.022308785834742
0.08260041807221033,-5.022591394792279
0.08230986392356687,-5.022752484722006
0.08204449759469033,-5.022947877263036
0.08154970840661123,-5.02323830467303
0.08116026701978497,-5.023400399551199
0.08057732332479237,-5.023714101987199
0.07992778886324285,-5.023975306686198
0.07934527975948306,-5.024332075815681
0.07858132886062869,-5.024889182998137
0.0778173277588511,-5.025446326790808
0.07676984453178154,-5.0263180229182876
0.07570951792610246,-5.0271464252186915
0.07448225490867448,-5.027843283121431
0.07327493685429348,-5.028475094454796
0.07218215673886993,-5.028997516966257
0.07098623308856322,-5.029438700416422
0.06961363338283323,-5.030112954336797
0.06781159106806534,-5.031172235476504
0.06592534517812125,-5.032165326563903
0.06391842800377401,-5.033277900208392
0.062113625590048106,-5.03417250689083
0.06027740732198025,-5.03504674530506
0.05860908806041787,-5.035802253388532
0.05655643519841515,-5.036915195867995
0.05442344106234455,-5.037965097494304
0.05198226950799067,-5.039317047088104
0.049781820511380255,-5.040411117117855
0.04745850306712311,-5.041408707001631
0.045454011340065305,-5.042123789072228
0.043159743393546654,-5.043095011000107
0.040803694384564965,-5.04401788129379
0.037841883706585346,-5.045205782220451
0.034775317885871154,-5.046543208080634
0.03146649033499238,-5.047884506818755
0.02816033529571194,-5.049257091862376
0.024871327722300853,-5.0502773880294445
0.02150717056431732,-5.051619331657454
0.0179935409886318,-5.053118425473102
0.014178505082540748,-5.05468124784491
0.010478197218195933,-5.056153927427299
0.006728538794046166,-5.057984857914086
0.0029677145309659537,-5.059500991463227
-0.0008695775930762385,-5.061076965512381
-0.005011398576188948,-5.062261922520316
-0.009178117476989345,-5.063424464368505
-0.01329485561213223,-5.0646264270249635
-0.017349842135830514,-5.065815428431358
-0.021422243120204045,-5.067345495016311
-0.025400547459540648,-5.068848412624227
-0.029823313413559635,-5.070672126584933
-0.03443540656583306,-5.072281506534178
-0.03892877391356716,-5.074131023810016
-0.04324433761497525,-5.075787252816227
-0.04746435824437088,-5.077480508867658
-0.05172948461154995,-5.079209378463288
-0.05623299886484466,-5.081125531322013
-0.06103868176452004,-5.083260973652524
-0.06573954574170081,-5.085311472231788
-0.0704100335264973,-5.08730990164858
-0.07504627774796634,-5.089322467740297
-0.07949344387872664,-5.091094856907815
-0.0839339889489563,-5.092661058293703
-0.0886260809688243,-5.094607766892953
-0.09355531534907453,-5.096789713944406
-0.09854817665721619,-5.099030385730314
-0.10344602004913186,-5.1014369579833785
-0.10818381034209862,-5.103624054183962
-0.11299376677796277,-5.105088874952469
-0.11787216899917749,-5.106500389547814
-0.12285629351832429,-5.108039911951552
-0.1281688655156675,-5.109837839048927
-0.13331663365795812,-5.111759494372175
-0.13849656507252006,-5.113758264128308
-0.14330488839217967,-5.115650766791829
-0.1482531493652047,-5.117723026149638
-0.15298846259433213,-5.119537698785569
-0.15786684154840822,-5.121367254100848
-0.162412353871715,-5.123213243871509
-0.16716824162525323,-5.125313829628858
-0.1715610253759359,-5.127351164810401
-0.17599536324217904,-5.129657745102499
-0.18006046958276697,-5.1315216898975695
-0.1841248702922846,-5.133385806368922
-0.18816842704968145,-5.135233602425787
-0.19218358858291903,-5.137047299093849
-0.19585318414767922,-5.1391283877828515
-0.19943910461934244,-5.1411436324046855
-0.20301704619666236,-5.14314946114313
-0.20680750850422142,-5.145235001192472
-0.210638971452914,-5.146974156318933
-0.21436534129209336,-5.148546653246241
-0.21791156815380056,-5.150257815598988
-0.22142861243463335,-5.152030623753723
-0.22478200590299008,-5.154382110701772
-0.22814262195407337,-5.1569032866894755
-0.23149077376415142,-5.1592830682722575
-0.23470340844341014,-5.161556062852828
-0.23786143237558616,-5.16351662858659
-0.24120477091384915,-5.16555555801963
-0.24437141024802192,-5.167455254293609
-0.24750280764760493,-5.16946770698278
-0.2508654931108112,-5.171658487870249
-0.25412407380563323,-5.173767227761872
-0.25734988932458325,-5.1756646982197925
-0.2605413208627525,-5.177539885323029
-0.2635996201423368,-5.179310146400229
-0.2663001756979561,-5.180900943829862
-0.2693300950370217,-5.1828483890797
-0.2723452282744155,-5.184812429487217
-0.27538508092502334,-5.186769835050158
-0.2785460567322351,-5.188821438274044
-0.28157598822108915,-5.190973555660207
-0.28414380034750236,-5.1929846804906825
-0.28670506072191415,-5.194990640323926
-0.28935942780357227,-5.1970978951881275
-0.2919217718032067,-5.199184098897989
-0.29443360362060483,-5.201230464377857
-0.29663820845822225,-5.203844222125152
-0.2989481540249283,-5.206376749830985
-0.3013472046786734,-5.208910711458854
-0.30349601969358037,-5.2112520342821425
-0.3056527518504199,-5.213587023541839
-0.307788918483193,-5.215841834820347
-0.31041496710422795,-5.218451458940818
-0.3129656864063239,-5.2208343654061835
-0.3159856381595387,-5.223617287095391
-0.31896999439994417,-5.226481316356907
-0.322036550584172,-5.229520384031668
-0.3250733296566328,-5.232479387390237
-0.3283862344121341,-5.235608525202333
-0.33197039257614286,-5.238951429608705
-0.3357996571711852,-5.242373039547053
-0.33987412028915026,-5.246067349581414
-0.34398987649646284,-5.24979417993227
-0.34807476675205384,-5.2534449261701175
-0.35219284140557067,-5.257135495089898
-0.3564262195524098,-5.26091691973637
-0.3607566466326736,-5.264453859224315
-0.36513137791192957,-5.2682528821448
-0.36971205484793845,-5.272592253610143
-0.37425343259805516,-5.276814879956996
-0.3788477714481948,-5.281073508364986
-0.38328993867920735,-5.285127831205534
-0.38783687503091613,-5.288814542012736
-0.3927346256553961,-5.29276342701906
-0.39786415515641155,-5.296926795680531
-0.40325469555550975,-5.301071039391887
-0.4086415425688142,-5.305457042114558
-0.4138222291790942,-5.309633591309336
-0.41891460728828395,-5.313500720346926
-0.4243820071741835,-5.317571378807443
-0.4298701366348052,-5.321270146920498
-0.4353419986815703,-5.324956038533269
-0.441025337191128,-5.329068015446967
-0.446827986548614,-5.333138910179955
-0.45263016971009856,-5.337209376675001
-0.4582433812465216,-5.341106069337726
-0.4635075414511947,-5.344867515714072
-0.46894306852945083,-5.348494512320129
-0.47438118731054946,-5.352152308765805
-0.4798500165166294,-5.355908358703868
-0.485205539181716,-5.35975117213858
-0.4909012641503712,-5.363516914686757
-0.49645381603453675,-5.367157267045611
-0.5019683546878762,-5.370653743483751
-0.5076165289477744,-5.374184623333451
-0.5131116117585608,-5.377534790054589
-0.5185278895650476,-5.380793102087777
-0.52376779777136,-5.3841405972628875
-0.5288118071936309,-5.38735645784191
-0.533718377710806,-5.390654271864391
-0.5387488070939872,-5.394015198604028
-0.5435553518168953,-5.397124667609834
-0.5478524463638336,-5.399729668879038
-0.5519978304673467,-5.402364715761643
-0.5557875630781128,-5.404873006743846
-0.5594365155932639,-5.407212065334245
-0.5629118498314799,-5.409303713333056
-0.5663685220934731,-5.411248166643007
-0.5695748059557992,-5.412772313174033
-0.5724512724626395,-5.413772812726294
-0.575347357605876,-5.415014712789622
-0.5780670556323846,-5.416044660585555
-0.5803265538087455,-5.416711471939143
-0.5827958651983622,-5.417220934429511
-0.5851924522872243,-5.417291148847541
-0.5872104586382703,-5.417062460890355
-0.5891258510644668,-5.416910932498011
-0.5905895606074717,-5.416293879774953
-0.5918370461635032,-5.415488380646022
-0.5928269689813649,-5.414565456948562
-0.5936170077959858,-5.413402408951449
-0.59449747086393,-5.412094906295595
-0.594967704508322,-5.41091535604333
-0.5948986813314767,-5.409088620204616
-0.5946167876610361,-5.407184212709849
-0.5938677121450954,-5.405136486527976
-0.5929826207173455,-5.4029254918501985
-0.5922653419975242,-5.400731815419257
-0.591407174966238,-5.398667737224125
-0.5898231001740137,-5.39592252885663
-0.5883020164180462,-5.392993957092365
-0.5865953306222565,-5.389918699007881
-0.5846551587775869,-5.386431970235189
-0.5825199226151025,-5.382896089502414
-0.580230929930388,-5.37923869069729
-0.5780149993824761,-5.375844943024472
-0.5756639310836994,-5.372004504791518
-0.5727769915467622,-5.368011187786569
-0.5698283158644846,-5.364032696892021
-0.5664315080666971,-5.359516832582974
-0.5630706494691845,-5.354849955589251
-0.559606123113417,-5.349998436006695
-0.5561062048479526,-5.345104493100202
-0.5523559918441913,-5.340090043836489
-0.5484840676073844,-5.335032862197014
-0.5444972727437536,-5.329837950603882
-0.5403001449597242,-5.324474042541207
-0.5363032595440175,-5.319003216872992
-0.5323022404786069,-5.313527424722558
-0.5282129194607497,-5.307785521474771
-0.5239554271291431,-5.302013760416582
-0.5196203968592131,-5.2961490105225915
-0.5149734759717919,-5.289984690581416
-0.5104320057831141,-5.283824079988564
-0.5056195758456045,-5.277199487536387
-0.5011353835431553,-5.270210038074525
-0.4968618759674745,-5.263442304136986
-0.49211572271177184,-5.256415750812037
-0.48738306427500316,-5.249604439981118
-0.48249166796381104,-5.242930704685015
-0.4771877385310841,-5.2357608558623125
-0.47179480533478035,-5.22854084712413
-0.4664690419135815,-5.2213739334754425
-0.4608362450569512,-5.21428761784
-0.4552141910057036,-5.207617341796532
-0.4496575614649267,-5.200998915253021
-0.4436874981764475,-5.19404678758371
-0.4378730149629201,-5.187247935886603
-0.4317512355480322,-5.180222802303874
-0.42556594193054714,-5.173039337274265
-0.41937639901246343,-5.166173466890689
-0.4127983213759936,-5.159216111855647
-0.4062989330208026,-5.15230543401543
-0.4000748891203833,-5.14570561827074
-0.39369814046657187,-5.138893313394915
-0.38738621542388046,-5.132027995523375
-0.38099763708040707,-5.125248435074734
-0.37423071927707263,-5.11828411644251
-0.36791099470813327,-5.110735249093931
-0.36207219134451957,-5.1036640795570865
-0.3558362554269785,-5.097024670747164
-0.3499790660951193,-5.09068647088704
-0.3438412706623646,-5.084143290060651
-0.33780571678366605,-5.077717844047358
-0.3314725001628318,-5.07105572774502
-0.3250518865062553,-5.064112756843715
-0.3186884663454922,-5.0576158870586125
-0.31268485217511754,-5.051405345543466
-0.3067397490450765,-5.045184447266922
-0.3007725842097353,-5.038941773125615
-0.29456909872793635,-5.0323828914357795
-0.2881408096579727,-5.025954492295537
-0.2817450951096558,-5.019565090411379
-0.27534248121269383,-5.013312897508122
-0.26859492859406714,-5.006631926896559
-0.26200970670675006,-5.000333495535939
-0.2554953600565744,-4.994091551508538
-0.2485963638271031,-4.988002843478274
-0.24190504405120786,-4.981538351784435
-0.23520941943847862,-4.975070571335812
-0.22859580407530847,-4.968536984841522
-0.22226254915695445,-4.962329755244319
-0.21622597919844871,-4.956606179321162
-0.2098513916494264,-4.9505993583360075
-0.20355248154290081,-4.944745468141777
-0.19697928286748503,-4.939433365959101
-0.19047151994397196,-4.934130231111084
-0.18458025577769185,-4.9293349926620165
-0.17856251701729398,-4.924640571609466
-0.17240637639143,-4.919767569094547
-0.16640344394374604,-4.915128300723404
-0.16036545222623386,-4.910518107338605
-0.1545764717661048,-4.906102810781619
-0.1488828077029181,-4.901794474062003
-0.14343862562886658,-4.897291462799698
-0.13818595894593236,-4.8929996033810825
-0.1331042045775224,-4.888975782618787
-0.12807579220951007,-4.8849108512340305
-0.12323379351012208,-4.880948445152319
-0.11859802258636332,-4.877256774609681
-0.11393192167704878,-4.873671661796389
-0.10970112076794439,-4.870143894516976
-0.10573341326380614,-4.866932140363394
-0.1018066642798935,-4.863768207145782
-0.09802129869178484,-4.8608314726675905
-0.09441586168746999,-4.858110831988637
-0.09088385802598174,-4.855307504525387
-0.08766252207135655,-4.85274718327091
-0.08413144165611468,-4.850941648050388
-0.08080053781408143,-4.849273960291067
-0.07749300595147969,-4.847588107021751
-0.07439110109100426,-4.846157054595947
-0.07146135855621441,-4.844948838905643
-0.06856677298641918,-4.843712904882649
-0.06641036127820707,-4.843065780180835
-0.06433859726186121,-4.8426998559957095
-0.06241063834203914,-4.842148507656509
-0.06068907994180108,-4.841843235545552
-0.0587959650713654,-4.841639751168526
-0.05747718590638056,-4.842005851944994
-0.05640860060466605,-4.8426727416647
-0.055444691293335395,-4.8433020411502765
-0.05461772456629609,-4.844053315239947
-0.05422376074781406,-4.845097824362864
-0.053857105877576375,-4.84696638310015
-0.05335713334214879,-4.848940435578251
-0.05317217067792174,-4.851164895869351
-0.05336610025200793,-4.853566507687199
-0.05329296288604232,-4.856287640307125
-0.05351616066291221,-4.8592442789503325
-0.053660151254625796,-4.862138737347855
-0.053587364379576966,-4.865165557225479
-0.05372760846328543,-4.868115332941245
-0.05431710243462233,-4.871606042181497
-0.055005731684520956,-4.875264345492815
-0.055931829845175585,-4.87902155500335
-0.0567321220352622,-4.882627024337876
-0.057267243793021776,-4.8860835097525745
-0.057946000385915665,-4.8892958518851275
-0.059001201991030976,-4.89296180931399
-0.0601254128824371,-4.896770758480705
-0.0616442787339864,-4.900791412712112
-0.06336448739577784,-4.905054702544548
-0.06508993539680762,-4.909286196728278
-0.066656770604262,-4.913464255040851
-0.06802613674825476,-4.917404191229284
-0.06938498889659434,-4.921598834221033
-0.07101227502895094,-4.926055206341639
-0.07232397648142362,-4.93116762186954
-0.07401032575783777,-4.936708096988856
-0.07591995496342502,-4.941899213305705
-0.07764597629120154,-4.947231513484467
-0.07917041118231316,-4.952562196142401
-0.08097938593422507,-4.958210932932256
-0.08285753348119214,-4.963800379221357
-0.08507288102357535,-4.969738685698395
-0.08758860003322794,-4.975914467101588
-0.08993764317642693,-4.982220524440858
-0.09217853843098918,-4.988395701013353
-0.09416551953063274,-4.994369716216584
-0.09628860936570796,-5.000236489049832
-0.09846735214382414,-5.006170293898593
-0.10101336239275836,-5.012394049111455
-0.10327983109963405,-5.018835978784174
-0.10508294389109701,-5.024880618323325
-0.10699650048374475,-5.030870513847282
-0.10891427375396646,-5.0369272675790295
-0.11078844766088931,-5.042931001348036
-0.11227826917672604,-5.049471120454301
-0.11380081028737103,-5.05603689307374
-0.1151758308531569,-5.0628445217736235
-0.11673972408392555,-5.069774116183986
-0.1181492758605465,-5.076581942564875
-0.11920880952291278,-5.083217571533264
-0.12059277874928105,-5.089396949192211
-0.12238417129125638,-5.095540140203
-0.12398746710729626,-5.10156428615642
-0.125675985992693,-5.107691385280474
-0.1274449611637088,-5.113869048993116
-0.12898736357584933,-5.120109627313975
-0.13057153333615396,-5.1264005222529585
-0.1323190245525018,-5.132518413716704
-0.13407467974557094,-5.138539698523327
-0.1358960814174236,-5.144640539993232
-0.13799953176120675,-5.150874968094568
-0.1398525819742226,-5.157022179972503
-0.1419672407404455,-5.16348644498248
-0.1440717177559257,-5.169881687433737
-0.1463108109207073,-5.176300417508053
-0.14828815789926392,-5.182401668107394
-0.1506159816556725,-5.18869059455043
-0.15255733594627768,-5.194765830330129
-0.15366584617537699,-5.201391964836108
-0.1546716704665774,-5.207973143011269
-0.15601326540843646,-5.214913675791911
-0.15746985375684922,-5.221871856598454
-0.15932137530941448,-5.228879942108005
-0.16083733351366747,-5.235609406923153
-0.16282814335244217,-5.241776755039951
-0.16448658874802405,-5.247546568697301
-0.16633149178374032,-5.253694076423146
-0.1681164993973755,-5.2598909449970686
-0.17003881437553647,-5.26594782056669
-0.171768415300093,-5.271819413044712
-0.1736482189647611,-5.277579861725591
-0.17528963165695188,-5.283097912750063
-0.17667927256682583,-5.288433170198585
-0.1781360979336309,-5.293717041579701
-0.17961349852361144,-5.298995756034227
-0.18124319389728957,-5.304459330735547
-0.18293651881197046,-5.309874374450864
-0.1846586090387981,-5.315189382482408
-0.18599979607023157,-5.320183812208831
-0.18750372335105986,-5.325053551281191
-0.1891331697705865,-5.330052424934645
-0.1909449487012302,-5.33528231406921
-0.19206525908617442,-5.3413566267420345
-0.19333418313226597,-5.3474778297928935
-0.19511536956302541,-5.3529045287289385
-0.19657384490269844,-5.358100499363442
-0.19810124092952258,-5.363023058470192
-0.199473939949191,-5.367757448820441
-0.20091069573703502,-5.37252033939479
-0.20263762463396454,-5.37731354669731
-0.20457437263928496,-5.382362583294709
-0.20648804704677096,-5.3871533307237645
-0.20822608009682253,-5.391778900965009
-0.20977697063029965,-5.39604815191934
-0.2111383436337903,-5.4001182976146955
-0.2126848791255245,-5.404047710210373
-0.21433401251481288,-5.408128181309265
-0.21601208831721463,-5.4122321608469175
-0.21737761333766387,-5.4161551073327825
-0.2185341830230569,-5.4197584957218075
-0.2195503961019401,-5.423241527071589
-0.2202777926878152,-5.427117974358147
-0.22074349197157292,-5.430646155578453
-0.22137268369153426,-5.434352451745323
-0.2220977702199988,-5.438215078882341
-0.2228269826126353,-5.442180127851628
-0.22312890180982134,-5.445755126704501
-0.22336074406802167,-5.449187646247053
-0.22428821758195533,-5.451783121301408
-0.2254898380592711,-5.454677820602406
-0.2267030862210262,-5.457481811145726
-0.22770744609009277,-5.460445028325617
-0.22848446603066025,-5.463232427146724
-0.22914621619356634,-5.465947555755398
-0.2298421628685987,-5.468637116653228
-0.23053751963663718,-5.471319881319167
-0.23107639884604056,-5.473784089700746
-0.23162938437901406,-5.476237889701554
-0.23209806561721882,-5.47865941747247
-0.2324294022636082,-5.480911175875399
-0.23261905043857603,-5.483270784872655
-0.23266707149149568,-5.485468550285827
-0.23275777679596735,-5.4876853770590435
-0.2330207545833477,-5.48977166814662
-0.2334413715181057,-5.492081892436437
-0.23379369563137242,-5.494102935690414
-0.23409727957003706,-5.496236005252683
-0.23401390696411317,-5.498188009050765
-0.23400403227669508,-5.500230051697404
-0.2340260621082955,-5.502173946747065
-0.23409498620812325,-5.503999297952444
-0.23400883896946845,-5.5056353847226775
-0.23490782288938353,-5.506584049100814
-0.23539238097208104,-5.5073765124396585
-0.23614098392682978,-5.5084916861089415
-0.23684935686596767,-5.509555492626747
-0.2377088047317629,-5.510724489407362
-0.23877351797345592,-5.512060743200961
-0.23972455380694052,-5.513285923948613
-0.24048727963636823,-5.514403680075745
-0.24102572265483832,-5.515264492806386
-0.24159998360759363,-5.516479500261887
-0.24238291827279346,-5.517834978582018
-0.24330595476808484,-5.519398507025534
-0.24427286677043755,-5.521016028663762
-0.24525831059994638,-5.522619601071016
-0.24605975417670503,-5.524018636488686
-0.24682783959858492,-5.525376114622262
-0.24769840850604757,-5.5270755325835275
-0.2488833212597119,-5.528562117199384
-0.25013616482094403,-5.530181813230371
-0.25186030184395225,-5.531267825392886
-0.25385779437932393,-5.532637105144729
-0.25561380175483944,-5.533711303094841
-0.25716980801700723,-5.534709061363075
-0.2587067102086992,-5.5356170152597475
-0.2605472952324557,-5.536896142467503
-0.26259980371146274,-5.538210513018846
-0.2647489361460021,-5.5396869346500335
-0.26664523633753057,-5.540854475817648
-0.2683363782885298,-5.541816084728698
-0.2699678607069267,-5.542505832040617
-0.271581199157066,-5.543204472539228
-0.27351067626624376,-5.544147524063842
-0.27544811040124373,-5.545084450162575
-0.27754929190645866,-5.546221475428468
-0.279451875684069,-5.547204972918977
-0.281232435331546,-5.548280541699453
-0.28287725894206245,-5.5491903478973095
-0.28461516401645615,-5.550172137420042
-0.28640855688786065,-5.551111949722502
-0.2884664483943575,-5.5523748413328615
-0.29041507289348606,-5.553556432969469
-0.2922053912513563,-5.554857398870635
-0.29356751307022405,-5.555635491290079
-0.2949095209973363,-5.556566710194595
-0.2962059706835845,-5.557457785556593
-0.29754843169266565,-5.558219978313684
-0.2988698633713437,-5.558959730036777
-0.30014566216360417,-5.559664212002005
-0.3012969100536266,-5.560417130049911
-0.3023240049065334,-5.561167256334948
-0.30316965110882615,-5.561777071040078
-0.30392903657054365,-5.562069232664456
-0.3045417387576788,-5.561998635942522
-0.3049247807735315,-5.56175047415067
-0.3053923884326579,-5.56162070682248
-0.305784859527152,-5.56127847333319
-0.3060995747772768,-5.560841348676863
-0.3060715311996584,-5.560101000196597
-0.3063159909164121,-5.559213427954894
-0.3062676062605702,-5.5579683977235605
-0.30612115112514376,-5.556668433312978
-0.30576861900082525,-5.5552115036612495
-0.3054544846637753,-5.55388975226719
-0.30501990841095444,-5.552517219900683
-0.30447190099303734,-5.551056904961881
-0.3041675701802685,-5.549479605776743
-0.30372708408424987,-5.547449801801918
-0.3028685412918898,-5.545602197479826
-0.3019442905831668,-5.54350177403198
-0.3009394312001558,-5.541523255038656
-0.2997547003829009,-5.53940542681656
-0.2986262782017059,-5.537495456783408
-0.29731492424016265,-5.5352612304424715
-0.2958954980048314,-5.532943255525554
-0.29433059431003905,-5.530398431304661
-0.29256908674781107,-5.52777997200057
-0.2907599821464623,-5.525124604926175
-0.2888070562069322,-5.522692320061476
-0.2866471266960853,-5.520068743205775
-0.28450878660204115,-5.5174618791755625
-0.2823531179086073,-5.514872060096374
-0.2797187561062055,-5.511770865902576
-0.27718448739075785,-5.508886508844034
-0.274336821138423,-5.50594515116095
-0.2714095038860466,-5.502942122295339
-0.2687856511128187,-5.499973630711656
-0.26632604365977913,-5.496953186305025
-0.2637637617307629,-5.493859988151354
-0.26120685227093693,-5.4908659066289776
-0.2583074377036715,-5.48745393171799
-0.25534712020368816,-5.484138979034502
-0.25227153820238185,-5.480607141133414
-0.24934479943558016,-5.477256901082952
-0.2462266139482652,-5.473954968600185
-0.2429282329426296,-5.470518310350613
-0.2395506750460738,-5.467017251114438
-0.23629769252180674,-5.463421637984799
-0.2330234725877397,-5.459809566075657
-0.22957861203619429,-5.4559892680862845
-0.22614626569427343,-5.452159578389574
-0.22237169243808863,-5.448064511636597
-0.21884592528258887,-5.444273070151562
-0.21526627033892248,-5.440522459962575
-0.2118748940030814,-5.436917858821424
-0.20815329450786382,-5.433039906895765
-0.20403423375114502,-5.429008510412764
-0.20005714639630848,-5.425219582954838
-0.1964222501357097,-5.421683983086816
-0.192732365135256,-5.418464837282525
-0.18906557720217063,-5.415462137065119
-0.18549578444341094,-5.412516183270538
-0.18187126713621876,-5.409500175650242
-0.1780559526080223,-5.406263787196804
-0.1742720212663828,-5.403145184325759
-0.17053829817969593,-5.399990853481192
-0.16666687532734825,-5.397051127134825
-0.1631741103147427,-5.39437720945118
-0.1598834936752852,-5.391917872577464
-0.15635930651491817,-5.389411179176025
-0.15269284558050653,-5.38695246853024
-0.1489389608106817,-5.384385625829847
-0.14527903052597604,-5.381783713684366
-0.14192006138155538,-5.379413370397727
-0.1387206577494937,-5.3771589593977565
-0.1354903230639521,-5.374918776103089
-0.13218822587979637,-5.372955697033871
-0.1287037179703156,-5.370851083826968
-0.12533605085289312,-5.368490893114063
-0.12207318264687625,-5.366397807321667
-0.11921848778294226,-5.364621309839925
-0.11626971947342989,-5.362660579628738
-0.11357793007412025,-5.3611258862317275
-0.1105536338382524,-5.359333275520597
-0.1078723381803324,-5.357634823680868
-0.10522662924059045,-5.356329590150708
-0.10244639784998318,-5.354863880524595
-0.09969309487481674,-5.353625699399516
-0.0967406968382057,-5.35213531869239
-0.09387071034657658,-5.350477093903678
-0.09108973053921449,-5.34897481838681
-0.08846307619080507,-5.347471348810021
-0.08595533071828605,-5.346185191431626
-0.0835896939839177,-5.345031897673104
-0.08135325607790612,-5.343783092572828
-0.07947605548036246,-5.342533041254522
-0.07752388948855637,-5.341273817656303
-0.07543329488076803,-5.340088525626003
-0.0734377732355698,-5.338965857582134
-0.07181096322175719,-5.338294307327794
-0.07030609276675144,-5.337621186148814
-0.06913956002741517,-5.3371111508572255
-0.06779919118398983,-5.336388449868538
-0.06627150230456183,-5.335580326087428
-0.06488273664200293,-5.334813964047736
-0.06384188024935585,-5.334343771946322
-0.0631510144448608,-5.334144875015918
-0.06246371897253778,-5.33394320783053
-0.06169606783277952,-5.3339068740085995
-0.060743200874595095,-5.333724328469066
-0.05978988914546663,-5.333387227343
-0.05894612499498326,-5.332965596337763
-0.05803974117685604,-5.332467362354275
-0.057623086729449,-5.33234867581281
-0.05704502783059282,-5.332354461811882
-0.05671255630217812,-5.332707673231773
-0.05639715151765499,-5.332937960791919
-0.05617208845415371,-5.333390470849562
-0.055652115715280524,-5.3334820139483785
-0.055285270080541606,-5.3336835839241585
-0.05490268430868385,-5.333701059095874
-0.054611749201733825,-5.333830731148903
-0.054281467899754535,-5.333953951412999
-0.0538770879128537,-5.334125118648521
-0.053447597810920025,-5.334265554728899
-0.05306031351071573,-5.334383249498398
-0.05284720053086969,-5.334353115810645
-0.05260345430834463,-5.33425124844938
-0.052404334904451004,-5.334281152798692
-0.05220274399851054,-5.334201333093192
-0.05202126038859465,-5.333878612501987
-0.051878419661901196,-5.33382420551795
-0.05181080444239217,-5.3337412055954205
-0.05185694390618071,-5.333788233798602
-0.05156989252988909,-5.333427346473987
-0.05126258922441576,-5.332684887721815
-0.050994728084324835,-5.331911952326866
-0.05077484608041539,-5.331256227644538
-0.05090943700610908,-5.330966468883876
-0.05096870153337589,-5.330734807741772
-0.05114590320625282,-5.330600061238511
-0.05112797779458359,-5.330287590675153
-0.05129582722899462,-5.329831767054303
-0.05132575042931259,-5.329248234279234
-0.05152874335180995,-5.3287978665932085
-0.05157824520057085,-5.328465903090525
-0.051924790087377326,-5.328414608835827
-0.052168609380842,-5.328291025152009
-0.05242228996557502,-5.328203430123616
-0.0522879701309681,-5.327640900748078
-0.05218858285984253,-5.327105428502558
-0.052093977696960427,-5.326566245563718
-0.05224981473954425,-5.326333572174433
-0.05258790111801624,-5.326242138063127
-0.052797977233528595,-5.326249485673263
-0.05302344002505075,-5.325964934882252
-0.05313057201900458,-5.325587047394596
-0.0534036255162954,-5.325081121637913
-0.053955407338542004,-5.324575554554917
-0.05460292309321823,-5.324187128632476
-0.05534142978685889,-5.323848251561549
-0.05579312551880055,-5.3234752043780755
-0.05657353387701035,-5.323504351591451
-0.057042883279742,-5.323368200700417
-0.057869366189054736,-5.323197256115278
-0.05841050384622054,-5.322630348274015
-0.05891135550431215,-5.322094521421935
-0.059147419235100925,-5.321353330469508
-0.05968236152221931,-5.320977719559919
-0.060132741394792126,-5.320667360717621
-0.06099008236069257,-5.320672601642768
-0.06180474299802178,-5.320625609582239
-0.06275352133383423,-5.320475153605047
-0.06366223693893387,-5.320293591150741
-0.06468474548744121,-5.320251152996273
-0.06558674836704197,-5.320301713742268
-0.06673092125089808,-5.3205401257391465
-0.06818930664990272,-5.32116276515824
-0.07000202176270325,-5.321367414588995
-0.07195288652545821,-5.321577302821986
-0.07376218156367476,-5.321936702402609
-0.07564875071563576,-5.3221696437538855
-0.07761169234856483,-5.32231420715287
-0.07967080560406932,-5.322491408347066
-0.08215372392776218,-5.323186635972022
-0.0850916254285778,-5.324239960109506
-0.08802468117768142,-5.325362244651129
-0.09084686617381606,-5.326318883431022
-0.09360420875304779,-5.327091713449985
-0.09646941774505416,-5.328145247675414
-0.09960918153064721,-5.329406471127794
-0.10281920331362218,-5.330823681395911
-0.10610742485357798,-5.332545901164034
-0.109440298386753,-5.33432346350119
-0.11272592680615597,-5.335867141874398
-0.1162234540610288,-5.33757951098194
-0.11957878529807031,-5.339176505247633
-0.12303326946257005,-5.34085058702538
-0.1268151959940876,-5.342821114496638
-0.13095626547842892,-5.344868731405563
-0.13527046991715258,-5.3470509110022135
-0.13952959268192366,-5.349423113848629
-0.14380187635397157,-5.351746859512954
-0.14817713165282637,-5.354183350164848
-0.15281923668568753,-5.356694936093376
-0.1574046016593935,-5.359308754679726
-0.1622389333035885,-5.362202826342397
-0.16716197339179154,-5.365374924425332
-0.17173286143985422,-5.368553522759894
-0.1762156037758669,-5.371624825751258
-0.18065037400756034,-5.374679903877339
-0.18525375134880834,-5.377858650328632
-0.18990599068955755,-5.381097208719127
-0.19485719912724303,-5.384492138831855
-0.19959751010819746,-5.387809130838775
-0.20453871383343586,-5.391371229970926
-0.20932885820742753,-5.394890122654108
-0.21419025961381505,-5.398469989373889
-0.21907129500722106,-5.402073989839092
-0.22429762802028574,-5.405824024074135
-0.2291751676054032,-5.409411746432177
-0.23430005645376098,-5.413300993762814
-0.23904636745317184,-5.417282317464611
-0.24386177054176822,-5.421280865324657
-0.24842419040295086,-5.424971388289203
-0.2530832516039514,-5.428605989616539
-0.25759840795745015,-5.431993980645688
-0.2619690634335501,-5.4352061012823345
-0.2658965339519579,-5.438705787893537
-0.2695947459025657,-5.442379533181661
-0.27293043972611797,-5.445656023342066
-0.27631733677683257,-5.44897794484062
-0.2795290904367396,-5.452432488315015
-0.2827611574006667,-5.455897441587522
-0.2855315626670694,-5.459175558926545
-0.2878911161323852,-5.462129343874186
-0.2901680180160597,-5.464982493039183
-0.2924641333520826,-5.467717704247041
-0.2947920820341722,-5.470610971147409
-0.29678423119163916,-5.473095389948231
-0.29854846216719055,-5.47531620383802
-0.3000855166085093,-5.477259220427241
-0.3015882829261288,-5.4791604864159975
-0.3031190967058795,-5.481042758278712
-0.3045955613425646,-5.483079674213222
-0.3056475232330685,-5.485207529665789
-0.3065952199495995,-5.487150407786082
-0.3077798575063561,-5.488943416955733
-0.3083563398722059,-5.490204758055088
-0.30879863494811643,-5.4916626298348
-0.30896744327841735,-5.49292048845725
-0.30907628237288975,-5.494006222560732
-0.30897281570213175,-5.494897299288864
-0.3088286886409734,-5.4955759880547514
-0.3082873437375095,-5.49594633389058
-0.30754710587887735,-5.496212781787913
-0.3065834251437518,-5.496266735076267
-0.3052334060979679,-5.496020831453261
-0.30414091568355156,-5.495728686620554
-0.30309945505008573,-5.4953930817525
-0.3020582961237577,-5.495057752174971
-0.30083148578913627,-5.494505878923823
-0.29929989276655794,-5.493668616631092
-0.29735226804874726,-5.492508489717027
-0.2954491580873116,-5.491292200181635
-0.29337122283674194,-5.490220732870374
-0.29156558148618367,-5.489360614374851
-0.28963108634159485,-5.488336392140907
-0.2873276958815348,-5.487028665643319
-0.2845863664639157,-5.485730148872274
-0.28169960956991436,-5.484114605417044
-0.27858579203384143,-5.482391737046899
-0.2756545789939625,-5.480391367739806
-0.272705408758353,-5.478413475025878
-0.26970344336441515,-5.47642694522013
-0.26648401007932115,-5.474271704947303
-0.2631687189258353,-5.472188939107469
-0.2597342883309742,-5.469960997743659
-0.25626473464414035,-5.467705823806263
-0.25291963010111707,-5.465355970825527
-0.2497061644428389,-5.4631667389570255
-0.24627570654074876,-5.460809192630898
-0.2428851533871412,-5.458420931305959
-0.23919310693255422,-5.455709985323963
-0.23546439081057735,-5.452679382682452
-0.23205897689857985,-5.449650280464088
-0.22869776779429463,-5.446675226968212
-0.22526402307868398,-5.443776545604348
-0.2217731690093612,-5.440737253352942
-0.21851247420070272,-5.4377838087791375
-0.21496994044766354,-5.434598013689725
-0.21135883577679987,-5.431358972567055
-0.20775737412971115,-5.427814328373361
-0.2042281622462507,-5.424410458782898
-0.20067171618613053,-5.4209853801553285
-0.19727535806442845,-5.417346720423327
-0.19386742929512318,-5.4136939910648145
-0.18993105915873718,-5.4099652345724785
-0.1862511559194063,-5.406489191782032
-0.18238926962016191,-5.402791130286746
-0.17859756847007568,-5.399135142021484
-0.1748667103836255,-5.395502858045556
-0.1713385176015835,-5.39211798914728
-0.16765773370463163,-5.388762937386721
-0.16415679895451402,-5.385607403795822
-0.16053826664301082,-5.382308372553717
-0.15695321203402207,-5.378988957995173
-0.1535866222787119,-5.3757562977387625
-0.1501754605707637,-5.372469249954149
-0.14670855806006505,-5.369221121480231
-0.14308616548039194,-5.366144026797307
-0.13949579639753198,-5.363150723650482
-0.13624662056096554,-5.359756022259335
-0.1331748765649403,-5.356485488540364
-0.13023274881301433,-5.353320595583266
-0.1273227039568092,-5.349836590686575
-0.12412920713503145,-5.346304986280605
-0.12089749807745802,-5.342802224666715
-0.11798330459957147,-5.339520107903168
-0.11531579369261608,-5.335967513836698
-0.11296885905925964,-5.33275936905845
-0.11050791505203808,-5.3292428399149765
-0.10818326396352121,-5.325960858940015
-0.1055313125263299,-5.322424591317833
-0.10317641713838599,-5.319195289520789
-0.10105194258081539,-5.31610911653303
-0.09896991210805092,-5.313043526725931
-0.09687345521002577,-5.309960314462064
-0.09498186651559744,-5.306977528980708
-0.09299381351461157,-5.303860945044945
-0.09107486313308923,-5.300828710651096
-0.08932234077708337,-5.2979462668636685
-0.08757643400591125,-5.295009516084877
-0.08619652290225086,-5.292519537472147
-0.08516652663150814,-5.290112126898978
-0.08391912826929807,-5.287785778922043
-0.0829109669355164,-5.285176990318316
-0.08170113277423853,-5.282328363365508
-0.0803570723653721,-5.279583476678701
-0.07891859709141966,-5.276925211372748
-0.07775815713182752,-5.274606272832029
-0.07696399408902982,-5.272570486531669
-0.07615532237983652,-5.27077068838536
-0.07517175006958983,-5.268757494283977
-0.07411705253685247,-5.266724957091103
-0.07286019391420259,-5.264489884970093
-0.07163811738882983,-5.26229727781144
-0.07080116609731185,-5.260480145122522
-0.06997465547954128,-5.2586551091868055
-0.06931533640324974,-5.257083011462511
-0.06847237208662303,-5.255555782905847
-0.06762598518821569,-5.254003846239836
-0.06673424697877475,-5.25219097691132
-0.06595440388879865,-5.25048979784086
-0.06526372946450539,-5.248798000282734
-0.06476745389274885,-5.247443704181291
-0.06418941278122393,-5.245991273566772
-0.0636722354189009,-5.2444401554392375
-0.06307118864441737,-5.242810414212446
-0.06251166515782354,-5.241152336572387
-0.06198489345639093,-5.239158625481146
-0.06147625889783484,-5.237199879852632
-0.060698722327597196,-5.235584423738372
-0.05998104468044105,-5.23405949787435
-0.05910819331177928,-5.2324136650727695
-0.05837575940361643,-5.230953409665239
-0.057482972452532304,-5.229075564020416
-0.0564715070726906,-5.227105226869651
-0.05552744624033935,-5.224880458321848
-0.05453113282651121,-5.222736804095142
-0.05343000915918329,-5.220511435147398
-0.05253824415600612,-5.218387741171751
-0.051454635203663786,-5.216143908833614
-0.05032852700690987,-5.213866918576571
-0.049366689888606576,-5.211334173143291
-0.048279218224947816,-5.208694381154808
-0.04716511790502427,-5.206033783980233
-0.046161838039901,-5.203423889467097
-0.04516450808783978,-5.2008968149841
-0.044122262867447,-5.198334640454298
-0.043146562546903425,-5.195840795036518
-0.042330168134494806,-5.193157800829087
-0.04133184297696426,-5.19023910793758
-0.0402483579514652,-5.187186166245441
-0.03909592204388432,-5.18418691679314
-0.03809598901939737,-5.1813489976113205
-0.0367491948721431,-5.178710645228608
-0.035496440667506776,-5.1763723103312245
-0.03414122792503986,-5.173765850507804
-0.03271803477984815,-5.171106270815329
-0.031315134988803534,-5.1683233458448985
-0.029920327620584188,-5.165510947940903
-0.02824414568566871,-5.162691385541324
-0.026426199197030084,-5.159794294920386
-0.024734888135989307,-5.15700527649432
-0.023361764122919366,-5.154329855025345
-0.022224202309132246,-5.1518859576978455
-0.02091074138822924,-5.149183597152681
-0.019651011593455496,-5.146439173052141
-0.01812896050334944,-5.143442350559055
-0.01674864667644854,-5.140376879548763
-0.015427755981106853,-5.137290681363654
-0.01413845674565481,-5.134395873197729
-0.012721622529275453,-5.131345686128113
-0.011307156411445762,-5.128214429954964
-0.010188317827428874,-5.124744568688018
-0.008997461228495554,-5.121252216880593
-0.0078121836635444905,-5.118045705976647
-0.006557084167357459,-5.114977547469932
-0.0054221003361423934,-5.112064336322805
-0.00458215965877571,-5.109510172930535
-0.003904600339355038,-5.107032486120293
-0.0032731725007131202,-5.104637548461745
-0.0024796211083283714,-5.1020452169820345
-0.0016167364914063207,-5.099564397879781
-0.0007900620818244883,-5.097100653136516
-0.0004842494051174977,-5.0952706477313665
-0.0005109443221434141,-5.093634213823519
-0.0006037401725734427,-5.092313390803152
-0.000577856555763804,-5.090991524979524
-0.00048506832493133895,-5.089617233081338
-0.0003349296219027791,-5.088287853364224
-0.00037834385211153157,-5.087193912197449
-0.001010364730997324,-5.086561165311105
-0.0014750958192053453,-5.0860594971808375
-0.0021652312992770464,-5.085832031384843
-0.0027832809380064715,-5.0855480880683475
-0.0036891873549096733,-5.084895656548898
-0.004509020846162056,-5.084223052296528
-0.005667155326332994,-5.083770424935998
-0.006894478210914988,-5.083263546020325
-0.008316504020727653,-5.08331586060058
-0.009877052686238494,-5.083686408640993
-0.011558096578762573,-5.084151475217062
-0.013156574178734424,-5.084622170403319
-0.014743784478862614,-5.084908879817366
-0.01647330108230365,-5.085307247910283
-0.018395893364721506,-5.085754929318023
-0.02053421370662159,-5.086458169304543
-0.022791386743602926,-5.087270307307579
-0.02518036206494968,-5.088237079593597
-0.0275243444714062,-5.089190433595758
-0.029937289381335372,-5.089984389882192
-0.03268829262840647,-5.090855008295661
-0.03560336443679277,-5.091925083425252
-0.03860425083311971,-5.093198053255623
-0.041473427935001715,-5.094375247784482
-0.04443774330475734,-5.095668117089996
-0.047406568511815815,-5.096942340732745
-0.05051303185687562,-5.098324628675453
-0.05368271418128944,-5.099615106470734
-0.05691284335689194,-5.101122375759985
-0.06032695995992852,-5.102774106691715
-0.06368817735813194,-5.104610876957707
-0.06713972636491025,-5.106663295771623
-0.07035026492294127,-5.109017550333174
-0.07376406463444742,-5.111447040367797
-0.07704236858691257,-5.113712180143406
-0.08065355218920839,-5.116045021366063
-0.08411949091963157,-5.118242643530423
-0.08770102808980405,-5.120580644119374
-0.09141251423185164,-5.123071276086849
-0.09501693873507411,-5.125526602239632
-0.09866788192301407,-5.12803847658772
-0.10252666883414265,-5.130547411343451
-0.1063247698849772,-5.133058071052361
-0.1099915860869278,-5.135409619388233
-0.11388137266080206,-5.138003101148218
-0.11736744564619503,-5.1405456943800125
-0.12098359858965806,-5.14308947500439
-0.12481344275565598,-5.145864623635894
-0.12867818404798625,-5.148612235613744
-0.1324190103362772,-5.151366920842033
-0.1362278408686723,-5.154185266070661
-0.13986879667342084,-5.15713344486902
-0.14327794267510327,-5.159846819188534
-0.14705724811645288,-5.162981840775119
-0.15064366087938538,-5.166414167039349
-0.15453227244743512,-5.170017572593319
-0.15827134702841927,-5.173551209870243
-0.16208321753199542,-5.177028374220934
-0.16552423062354543,-5.180101768669644
-0.16912453069074912,-5.183218737824773
-0.17257861064494812,-5.186154742102866
-0.17617284928907823,-5.189213429215375
-0.17987966982726356,-5.192578682375543
-0.18364871381418327,-5.1958492214022876
-0.1872931940429697,-5.1989789058833145
-0.19088882977323188,-5.202055767659855
-0.194403564820853,-5.205122856580251
-0.19785733494068694,-5.208207009046996
-0.20179314571023038,-5.211532358738099
-0.2059364701092068,-5.215020611414583
-0.20988939013451127,-5.21865590788029
-0.21354829141057016,-5.221935065977903
-0.21704014581966574,-5.225083105718512
-0.220513213388879,-5.228256626117858
-0.2240280641304946,-5.231413939563091
-0.2275404160384823,-5.234651031832649
-0.23152330751021777,-5.238257426129209
-0.2354137525404637,-5.24193479673184
-0.23919604560270508,-5.245481236736205
-0.24273856787009557,-5.248839494753291
-0.2463670065981898,-5.252131628520029
-0.2497916913605805,-5.2551770766396135
-0.2534931610003015,-5.258439708618548
-0.25724508518578065,-5.261663298700874
-0.26118576381017333,-5.265115454445182
-0.2648865492923263,-5.268379365169751
-0.2684940124406105,-5.271714786636333
-0.27206918436642014,-5.274915092284564
-0.27538976161185114,-5.277875888110149
-0.2789478876515864,-5.280654385283288
-0.2825243060374185,-5.283467442336149
-0.2861228340906216,-5.286350248305909
-0.289726970546807,-5.2892287212448155
-0.2932762993821821,-5.2920129880663564
-0.29657990834776143,-5.294612169368117
-0.30016372659941326,-5.296997048810706
-0.30382179650608027,-5.299440177919173
-0.3071888851378651,-5.301877507020929
-0.3103856607873895,-5.304217695284272
-0.31370721009200075,-5.306431993024096
-0.31653399162039475,-5.308247780471
-0.3196393324947465,-5.310188927905408
-0.3229341378572161,-5.312151434046993
-0.3259360585610342,-5.313752788561185
-0.3286329144706034,-5.315253129797118
-0.33097274487171197,-5.316296654089242
-0.33341634919585056,-5.317465544892267
-0.3358515844856661,-5.318860000452084
-0.3382167193172615,-5.320352333637279
-0.34047705580681575,-5.321717925420585
-0.34244234995190503,-5.322918085499255
-0.3444182552254127,-5.323940533773877
-0.3460500940210259,-5.32454699656169
-0.34760876416124115,-5.325239591626165
-0.34922285893247074,-5.325926360620002
-0.35100247021244596,-5.326813144363609
-0.35270474405386565,-5.327569883329273
-0.3543602190505684,-5.328141229844986
-0.35534241760854024,-5.328241662395999
-0.3561863747918848,-5.328233540666149
-0.3571482509415744,-5.328135619305656
-0.3581347950315489,-5.328067455074185
-0.35914976741468646,-5.328035244130507
-0.36023449565568194,-5.328010048986923
-0.36117347556015605,-5.328095881789004
-0.3619735498994392,-5.328013873295077
-0.36225592821091834,-5.327525254046837
-0.36263243175447396,-5.326964935766378
-0.3630540070699921,-5.3264292111685405
-0.3632259111149991,-5.325618139312053
-0.3633541974988088,-5.32484025516246
-0.3632822049099769,-5.3239300691618014
-0.362966502466122,-5.322843535566845
-0.3626455167804237,-5.3217608946174355
-0.3622639534339771,-5.3205567394249895
-0.36168258923208185,-5.319097661621803
-0.3611407863403638,-5.3176083382528345
-0.36010332979888193,-5.3157294509432536
-0.35920111269923494,-5.314013826446214
-0.35801356602421885,-5.312515450939329
-0.3568709875972326,-5.311052368908721
-0.35547824280958945,-5.309287164349283
-0.354130658709845,-5.307487345022153
-0.35249955224885166,-5.305464621731786
-0.3511026160776103,-5.303105597762557
-0.3495064418062692,-5.300764646392964
-0.347754899921948,-5.298301495441601
-0.34628620815670014,-5.295554369878033
-0.34498221788556144,-5.293006061888901
-0.34353829524674345,-5.290442136482579
-0.3421911310597156,-5.288125130194385
-0.34049374492747503,-5.285385225360989
-0.3385067724418874,-5.282545272106121
-0.3365379705823809,-5.279666334910234
-0.3348004663717108,-5.277066637681354
-0.33319429208204143,-5.274747463641416
-0.3313575400516809,-5.272387180703448
-0.32927127811841156,-5.269785252534709
-0.32711704699773386,-5.266976339244516
-0.324939335865488,-5.26422506969512
-0.3229910312174435,-5.2616444514750595
-0.32108541861598466,-5.259284161479425
-0.31928112958641647,-5.257131401505803
-0.31764969669022747,-5.255195585109076
-0.3157781968784265,-5.253120330681582
-0.3135871134852808,-5.250978549215834
-0.31133344388491685,-5.248709687497055
-0.3091421746047845,-5.246639116668877
-0.3073937101375189,-5.2445676777090515
-0.30556633351150264,-5.242554491658741
-0.3036175957473049,-5.240520387883217
-0.3017540392364604,-5.238589115603319
-0.2996329604752315,-5.236791929012893
-0.2975481869408813,-5.235023330794653
-0.2954551013238964,-5.23302412728589
-0.29354633909730815,-5.231095412967788
-0.2918416927962083,-5.229327414086946
-0.28995667243075723,-5.227512721943877
-0.2879321773153956,-5.225695409279257
-0.28595638827054776,-5.223995020129876
-0.28409712182477276,-5.222270551482307
-0.2824925778538766,-5.220756039843163
-0.28085271060686007,-5.219198672231557
-0.27891824804541054,-5.217482854228132
-0.2769271442002987,-5.215632239750036
-0.274952571699812,-5.213891797039044
-0.2731338631991552,-5.212259994985863
-0.27150124526292196,-5.210908167336086
-0.26995510373373804,-5.209607005307307
-0.26839621514007594,-5.2081368414416644
-0.2668893253790068,-5.20660177140415
-0.26532794188453357,-5.205076761417522
-0.26380987659883925,-5.20348961887899
-0.2625576482507924,-5.202131612767463
-0.2609682121071807,-5.201369945601418
-0.2595301063996917,-5.200747234886324
-0.2580440935050788,-5.200116204962327
-0.25634067346508005,-5.19950164393597
-0.2546375296527488,-5.198866598065691
-0.2528761525690804,-5.198399780515489
-0.2514670381579492,-5.198141289152546
-0.2501939661514016,-5.198064622805823
-0.2490487316300455,-5.198213090713645
-0.24783007163083132,-5.1983402813406645
-0.24653865170639822,-5.198384194607554
-0.24517613569087915,-5.198432747710145
-0.243918993203584,-5.198371557658514
-0.24275051529113317,-5.198679918583247
-0.24171317000059436,-5.199091328175949
-0.2408261272503444,-5.19959838008401
-0.23990585451634774,-5.200177170756128
-0.23896601386370478,-5.200740423773215
-0.23797208177736612,-5.201153045600459
-0.23658851585286317,-5.201486969712525
-0.23522285374569504,-5.202220197334156
-0.23383578171274466,-5.202685722535615
-0.2328164087665318,-5.203595706998532
-0.2315812214180032,-5.204425192556775
-0.2303111198268193,-5.2056696552721
-0.22892679106850317,-5.206937801065162
-0.22756461044307594,-5.208223154369735
-0.22604493649640453,-5.209462269839497
-0.2247407536667511,-5.210517778706023
-0.22339536928289488,-5.211540744582835
-0.22211183398435078,-5.212752749886826
-0.22087810401990696,-5.214176558111495
-0.21948983707191355,-5.215478827379619
-0.21803951958111867,-5.217013983333095
-0.21654199775877658,-5.218355960279896
-0.21503434295073745,-5.219689818165651
-0.21349112180664914,-5.220985955721987
-0.2120177212189822,-5.222354541343706
-0.21061130925974525,-5.223775540989142
-0.20912086643384517,-5.2256456438169945
-0.20740262061299852,-5.227353783971304
-0.20571877408858424,-5.229088619775328
-0.20384647852986787,-5.230740775948439
-0.2016546888425258,-5.232826470642789
-0.1993623545060295,-5.234844749277291
-0.1972853930195831,-5.23707023759473
-0.19501203541672474,-5.239447040914809
-0.1929607689163551,-5.242015217818088
-0.19063724815997357,-5.24449522394547
-0.18818065139319082,-5.246984851259846
-0.18559447342901228,-5.248934428420921
-0.18311934889120926,-5.250944273523951
-0.18063880594716025,-5.253081214877077
-0.17800204010276902,-5.255137530469191
-0.175151906727555,-5.257281809970204
-0.17243751687932965,-5.259319662406941
-0.1693528205620538,-5.260907201172457
-0.16641007946520753,-5.262450245180323
-0.1635329294225924,-5.263920794217544
-0.1606739967473531,-5.2654130732552415
-0.1576418115549357,-5.267056670600129
-0.154587969955629,-5.268622856286843
-0.15153360679184635,-5.270187928651856
-0.1484945383805192,-5.271516246765226
-0.14545960890696266,-5.272847555424617
-0.14217307782347693,-5.273872323366069
-0.13886688221096394,-5.2749123826668995
-0.13468515764560876,-5.2767414866487705
-0.13029708625192515,-5.27845192175591
-0.12623869978962454,-5.28017223598996
-0.12242212346491191,-5.281617971647541
-0.11882956601582415,-5.283238407734478
-0.11476381994618388,-5.28428217499044
-0.1108519902596819,-5.28520724912158
-0.10648336391912223,-5.285776623368557
-0.1022257559666033,-5.286167424664795
-0.09795998047613971,-5.286644628702921
-0.09375786849876663,-5.287059132186527
-0.0895950239773425,-5.287521757726177
-0.08551512757885223,-5.287855898162503
-0.08124644000914598,-5.287954562573408
-0.07679830480974742,-5.287834540850212
-0.0723435293588556,-5.287915588884027
-0.06814065223272868,-5.287953288437
-0.0641185872038601,-5.288212130084814
-0.06037473991636647,-5.288487591403448
-0.056593075891911857,-5.288729554544367
-0.05255983955100763,-5.288664330629522
-0.04856046035443324,-5.288485023482169
-0.04428148984782532,-5.2887738190063835
-0.04014664522497234,-5.289392039382248
-0.0360915653661318,-5.290056871172706
-0.032105134560754194,-5.290668274035796
-0.02867795081728836,-5.290897164103828
-0.024892076886985276,-5.2910248229536
-0.020903354233359893,-5.290995324080136
-0.017102644990967197,-5.2908200308632125
-0.013342919147229506,-5.290695302033377
-0.00993761475589135,-5.290845563727706
-0.006595646872051403,-5.29094661652906
-0.003311038545361798,-5.291118202876603
0.00042204108533364684,-5.290942483523536
0.003975687943939869,-5.290627375082217
0.0072124461745522485,-5.290585778625648
0.010320181169988563,-5.2903915587837185
0.013257630103054238,-5.290066839056213
0.016003390932689026,-5.289977566784232
0.01907179151825069,-5.289792561048141
0.022019232903243414,-5.289535497008043
0.02497154628880479,-5.289273035402422
0.02779513147688925,-5.288934660802419
0.030684506180097722,-5.2885457231708255
0.03338596737455912,-5.288040630458638
0.035895948632922,-5.28776629260182
0.03825601971102357,-5.287608329123868
0.04045271505057496,-5.287613280720008
0.04264079102850046,-5.287477567835815
0.0442071499738143,-5.286347269152503
0.04533209524583532,-5.285348060503583
0.04645444774596806,-5.284352096783069
0.047540916469690546,-5.283462016697007
0.048718215339525195,-5.282577966417404
0.049564670498173535,-5.28210006575824
0.05066280804896943,-5.281577053913431
0.051484857140033764,-5.281265214671523
0.05226813675084912,-5.281001076619439
0.052649841594042894,-5.280955295717875
0.05303354624541013,-5.280924624553564
0.05332479476923096,-5.2810075059719015
0.053686917219853345,-5.281228314881534
0.053894678201570775,-5.281713884907621
0.05381986856002217,-5.282402746134945
0.05358263430638133,-5.282965464792303
0.05340402402266558,-5.283482876367942
0.053074308289949655,-5.283662945724562
0.052951496286641045,-5.284003788907959
0.052695422323649176,-5.28444770913927
0.05227966495702678,-5.285087666547194
0.05183612889594807,-5.285688780925905
0.05077177228669597,-5.2856537627827
0.04973287073029081,-5.2854346244445845
0.048613041490418486,-5.285326768576462
0.04762406845554439,-5.28511153122756
0.046641647806470114,-5.284957556843013
0.045203825733656604,-5.284775595815839
0.043557280013687506,-5.284755021033697
0.04207954655791361,-5.284648216785648
0.04054172928147329,-5.284329969946248
0.03926028288992322,-5.283813251512661
0.037787923764755205,-5.283485998702896
0.036141687355229074,-5.283331238085449
0.034088898922925576,-5.283491021162117
0.03204153791058128,-5.283798501279747
0.02994352494180927,-5.283901125857611
0.02795062708668773,-5.283922257205319
0.026216559274621316,-5.283965942094137
0.024499099741767012,-5.28389514413072
0.022413161415461947,-5.284109617514833
0.020179087871006144,-5.284094739092525
0.0177754807019322,-5.284287685976154
0.015167983270265249,-5.28429802287939
0.012389079125922159,-5.284441116249727
0.009845063797252028,-5.284644481425084
0.00757980528904148,-5.284683182888926
0.005436539872992667,-5.284627415970186
0.0031611291254057595,-5.284771848385048
0.0007654894892358136,-5.284879692040256
-0.0018870409168709888,-5.285071101935087
-0.004338830845505846,-5.285318078675966
-0.00679405850845554,-5.285592324831401
-0.009083963459048286,-5.2857384562376
-0.011462653476235938,-5.285947173266746
-0.014002834482462024,-5.286262570540285
-0.016592501291426993,-5.286779501544485
-0.01888906892481297,-5.286941041413409
-0.020985383958392598,-5.2869652510034575
-0.02285184509156636,-5.286638257510932
-0.02516105872349542,-5.285850299968066
-0.027425702720132637,-5.284972611937259
-0.02960619211764869,-5.28407739869197
-0.03179090557154403,-5.282999692498227
-0.03371053885416123,-5.28175557026003
-0.03572898869405412,-5.2804349430392765
-0.03767732792114117,-5.27904642898147
-0.039333474726713946,-5.277855431758135
-0.04115472899761286,-5.276536622813293
-0.043003863204856545,-5.27529290509251
-0.04478123390708043,-5.274005948589541
-0.04658061796584416,-5.272701955240793
-0.04816129311704724,-5.271157795159612
-0.04962939307701755,-5.269548181119552
-0.051248408534102036,-5.267821711291137
-0.05312473413296509,-5.2663496841145925
-0.054899587492463944,-5.264733419528905
-0.056490908219936325,-5.26325922895407
-0.05785059595833849,-5.261560185013457
-0.059131434128099666,-5.259847929732269
-0.060393983095358456,-5.25814979180712
-0.061729883440717975,-5.256491291099941
-0.06298073547550405,-5.254691647776678
-0.06457346255684081,-5.2524633419699365
-0.06600276754934371,-5.250159901608187
-0.06747400821616471,-5.247907616703953
-0.06875823942982355,-5.245717504686936
-0.07012072506895038,-5.243682093589176
-0.0714640088548533,-5.241623345211941
-0.07298720884817017,-5.239778157866445
-0.07433028808138499,-5.237848570997568
-0.07560287679920688,-5.236443607190633
-0.0766413408049937,-5.234931709916926
-0.0775827445310726,-5.233577089589277
-0.07844250347449389,-5.232142577250587
-0.07935656541180997,-5.230787869750797
-0.08045731164481927,-5.229440949830669
-0.08161712583302352,-5.228164348723029
-0.08246803239853223,-5.22682450660272
-0.08329633724962876,-5.225628097435443
-0.0841309739905382,-5.224617930716763
-0.08505578466381315,-5.223637872236166
-0.08604550541083154,-5.222622149537768
-0.08694547336394536,-5.221462963700492
-0.08777823655586071,-5.220224533052136
-0.08828455060848328,-5.21873136503118
-0.0893204269132631,-5.217087464303278
-0.09063994071378408,-5.215805714333722
-0.09239433947883115,-5.214863763010139
-0.0940259298978585,-5.213995468011996
-0.0952678150059777,-5.213546628769761
-0.09628490076934325,-5.212922205779092
-0.09735191206855663,-5.21229729363547
-0.0985312006601431,-5.211764459914522
-0.09986106392200944,-5.21134933219129
-0.10116570869221787,-5.2111606789029965
-0.10255745053538957,-5.210965003165852
-0.10395232981859168,-5.210771809775568
-0.10519447288048277,-5.21056560766054
-0.10613555634592557,-5.2103530644447
-0.10733683322557686,-5.210344013265877
-0.10858558005148972,-5.210723882080269
-0.1101885695770818,-5.211449339340715
-0.11177788381125646,-5.212437303923705
-0.11323057401510796,-5.213512348090489
-0.11450318577676101,-5.2144814932350725
-0.11595170256632967,-5.215602933246183
-0.11740098546731233,-5.216749855301118
-0.11894120871806672,-5.218026528724049
-0.12078562529640365,-5.219613557242722
-0.12239554128239385,-5.221381645764694
-0.12425439780542034,-5.223343601560436
-0.12611863702475698,-5.225170405576346
-0.12752150961247377,-5.22736165841891
-0.12914328548304033,-5.2297522176945135
-0.13084863786017348,-5.232325102762308
-0.13258312642578482,-5.234910341565767
-0.13442633032950252,-5.237486542850973
-0.13637559712756936,-5.24019642880157
-0.1382281214904745,-5.242886817749879
-0.14027128147664425,-5.245670140367457
-0.14201707586397963,-5.2483284322097665
-0.14401289666419018,-5.251112663294466
-0.14601716613526988,-5.253903348804824
-0.14809276250978345,-5.256712388734244
-0.15013813435968673,-5.2594711338976925
-0.15209445987122858,-5.262160186441839
-0.1540721641720722,-5.26472265841514
-0.1560735384394208,-5.267713712354501
-0.1582227593560873,-5.270820150178266
-0.16025065675559616,-5.273728166862142
-0.16222240333565469,-5.27661949690903
-0.16388674118599353,-5.279270690914094
-0.1658229670429992,-5.282046780279106
-0.16785192855951797,-5.2848808310685245
-0.1700645770801215,-5.287858241394227
-0.17181897256463516,-5.290931700960279
-0.17366771705546993,-5.294103198587705
-0.17516203201751854,-5.296998039251573
-0.1767223665658585,-5.299863569872215
-0.17816986154447143,-5.302673656431671
-0.17996534359713096,-5.305755232158288
-0.181668714772539,-5.308869279437669
-0.18357932930811646,-5.3122798815282515
-0.18533978412898158,-5.31557331588282
-0.18705578464964778,-5.318694307816312
-0.1886574609582612,-5.321750932160355
-0.19034876707058362,-5.324850121010352
-0.19212062432689933,-5.3280409048801545
-0.19411821541166577,-5.331147352673281
-0.1958814075225,-5.334186814658929
-0.19707344742018873,-5.337413809400685
-0.1980422353105718,-5.340466820345325
-0.19924651373235935,-5.343457823113343
-0.20059323242557608,-5.3463585303057855
-0.2020500489177139,-5.349257244143541
-0.20316370217051521,-5.3518199191678795
-0.20416223419626747,-5.354443530591872
-0.20507317807204822,-5.356984145021455
-0.20592078698706032,-5.3594259636208905
-0.20693189143818605,-5.36174278939757
-0.20790754215140775,-5.364050015505032
-0.20864322041700015,-5.366243066830989
-0.2095013521279088,-5.368496873204205
-0.21000547788319415,-5.3703934864402525
-0.21033716486519397,-5.372000593205764
-0.21070293955224492,-5.373628632398458
-0.21111558489886736,-5.375293239461548
-0.21146051799503443,-5.376870690227867
-0.21177741254807605,-5.378212254616282
-0.21182976881540153,-5.379348040855148
-0.21173982215524928,-5.380380511056499
-0.21155092649885343,-5.381265162190553
-0.21131342105981055,-5.382092881406344
-0.21095892458350474,-5.38340113343116
-0.2106542761276472,-5.384764531171013
-0.2101901977443502,-5.386236465921168
-0.20941498346352136,-5.387482048035976
-0.20872202182619742,-5.388136323975544
-0.20794004229993598,-5.388582971673238
-0.20724502653976898,-5.389186504257653
-0.20659265199808818,-5.389836501497229
-0.20610835375694592,-5.390520825658502
-0.20549535507513086,-5.391254199470323
-0.20461529823953836,-5.391751167784537
-0.20383366995543112,-5.392080037083394
-0.20315385674200157,-5.392433730801028
-0.2023148626311407,-5.392593453302137
-0.20188435057789914,-5.392687034305607
-0.20109980281962578,-5.392590743216753
-0.20055131091189699,-5.3927822835747605
-0.19979578868804398,-5.392819169908961
-0.19915295674151598,-5.392831250003911
-0.1980650576115189,-5.392300799723273
-0.1971091389096864,-5.391727116387598
-0.1958994396884896,-5.391048304931351
-0.19483981771705844,-5.390591085662653
-0.19383853926897437,-5.390052953178053
-0.1928544077477813,-5.389649289846925
-0.19180323275095848,-5.38916395076042
-0.19070559410932406,-5.3886258532281985
-0.18986078257344138,-5.387482490722173
-0.18906089875655097,-5.386374013306573
-0.18814792564874933,-5.3852334176871075
-0.18718841484468157,-5.384305719165846
-0.1862253189014973,-5.383375228246152
-0.1852694039079828,-5.382683386214043
-0.18428379130792918,-5.381611708575407
-0.1833013023460045,-5.380542447952296
-0.1822414207273674,-5.379424157454318
-0.1811450364327681,-5.378367953958147
-0.18007072915102448,-5.377328902315512
-0.17909218594266743,-5.3765148296941
-0.17805990913943248,-5.375679789155957
-0.17700984114189366,-5.3748309215711885
-0.17608918773844406,-5.373835993423281
-0.17507873219586992,-5.372752237342077
-0.17413813226196234,-5.371722762171282
-0.17323116991231424,-5.370806710613816
-0.17233179624776598,-5.370101999755023
-0.17151532606524916,-5.369324081020853
-0.17100737746250202,-5.368522239813136
-0.17025228151611022,-5.367446579314564
-0.1695566179334387,-5.366436265534552
-0.1690155267829676,-5.364916829052216
-0.16840531297800312,-5.363343656043233
-0.16810721798655887,-5.3618519184458115
-0.16808197930999133,-5.360615676913651
-0.16809347516068157,-5.359407924192909
-0.1679142335362633,-5.358145782238461
-0.16771054129278837,-5.356678723312219
-0.16748195352438194,-5.355192254190166
-0.1671780214894304,-5.353738021814514
-0.16688369640691983,-5.352325704445043
-0.16660555936580188,-5.350925937307939
-0.16634424343648027,-5.34986178233232
-0.16619126467293213,-5.3486113371624215
-0.16634077345536413,-5.347628312408757
-0.1660735117649942,-5.346631471349158
-0.16614782385563132,-5.345835360631906
-0.16593574548161188,-5.3447440161309965
-0.16588997240282577,-5.343847421028543
-0.16590687986799552,-5.342841070710802
-0.16625000319609415,-5.342183190378875
-0.1665408320066473,-5.34154560837855
-0.1670797508429518,-5.341107238759745
-0.16746129620482397,-5.340505634653514
-0.1678238964948273,-5.339954313841766
-0.16808709748035078,-5.339174576155009
-0.16852523754079665,-5.338540700871692
-0.16905673247022365,-5.337923739952699
-0.1697850186080727,-5.337546537115699
-0.1705145008489127,-5.337170251257602
-0.17112013742052948,-5.336888996290661
-0.17151413538506802,-5.336349921162842
-0.17198278556741908,-5.335868984564814
-0.17270796700295415,-5.335191205916997
-0.1737718826863567,-5.334926006512344
-0.1750431914000942,-5.334822288769046
-0.17626560401714111,-5.3347560968898335
-0.17746918289210417,-5.334666955709433
-0.1784816312295288,-5.334428932146805
-0.17961961223208336,-5.334094618354971
-0.18077928677878288,-5.333786660202302
-0.1822718826357844,-5.333738029351554
-0.1836481797635113,-5.3337786118476815
-0.18490292309688594,-5.333759288744357
-0.18634059480292517,-5.3335661408441295
-0.18790788629335323,-5.333273614499919
-0.18945770296366168,-5.332919456451782
-0.1909368943190749,-5.332604896770313
-0.19251361174356585,-5.332215565396043
-0.19422523052864557,-5.332012252069366
-0.19610267715064011,-5.332042008661627
-0.19785181493267404,-5.33217023534495
-0.19989151753284304,-5.332524947080308
-0.20178435779547024,-5.332700931244632
-0.20379407289022994,-5.332787374944736
-0.205858695398468,-5.332916593988106
-0.20807637371781001,-5.333231891858241
-0.21014031972847472,-5.333665057318493
-0.21230806626465124,-5.334179161867334
-0.21465902785521343,-5.334916001458322
-0.21705506431438396,-5.335618404024508
-0.2198479156549938,-5.336630361432984
-0.2223422057936275,-5.337279375299222
-0.22466171728578518,-5.33805481756309
-0.2269582831848331,-5.338902098549214
-0.2295151663885399,-5.340147557554858
-0.23219338864194577,-5.341222562910495
-0.2349985431260584,-5.342398930873711
-0.2375840255073724,-5.34333310975087
-0.24016095387703382,-5.344273706787588
-0.24268740920358178,-5.345201322605442
-0.2455123431174472,-5.346447151981805
-0.24819353416267162,-5.347713514874106
-0.25110927088836055,-5.349236879617501
-0.25387361669852904,-5.3507309569509145
-0.2569463954088774,-5.35212294633197
-0.2597227249570926,-5.35322103563809
-0.26271761071323646,-5.354446313448637
-0.26557352605605095,-5.355622343179592
-0.26864383461037544,-5.357066622918372
-0.2718593230829905,-5.358349574005782
-0.2752398333907712,-5.359749307198971
-0.27863882454274924,-5.361163476576176
-0.2819790124724698,-5.362785641766903
-0.28518022175903124,-5.36424394272447
-0.2884022037298638,-5.365718491784273
-0.29172483829348905,-5.367172755304468
-0.29492212406927804,-5.368725668666386
-0.29808869409799044,-5.3702546021449065
-0.30132452181404773,-5.372008457622607
-0.30464974068298567,-5.373667915597566
-0.30787945922862797,-5.375252760597825
-0.3110043059651869,-5.376783671034445
-0.3141946331440855,-5.378572901406424
-0.31684714871982445,-5.380258844936193
-0.31949836970314355,-5.381945654920294
-0.3222335221697796,-5.383773673191191
-0.32516361185462267,-5.385796637219836
-0.32794036898501805,-5.38793611218581
-0.33058007610505785,-5.389888012924195
-0.3327250688907838,-5.391350367040249
-0.3351173382366712,-5.392624742475254
-0.3371515211365559,-5.39356536507462
-0.3391825142702366,-5.394497074389499
-0.3412183263313304,-5.395425094311708
-0.3430777247119623,-5.396157037600506
-0.34466901502648734,-5.396656987578682
-0.3462837121473679,-5.397139159418479
-0.34757088298879635,-5.397263545427363
-0.3486668582383838,-5.397164874008413
-0.3499255167820267,-5.396942698963573
-0.35107544074023955,-5.396678862902717
-0.3523038654100305,-5.396529290815466
-0.3535819215796114,-5.396324575864415
-0.3544892680228081,-5.395993026229868
-0.35515222953847,-5.395282310285422
-0.35553581845819215,-5.394683261178108
-0.35595172652797624,-5.394049331595866
-0.35647213139222395,-5.393517740121689
-0.3571029430325656,-5.393218810819028
-0.35760207825512197,-5.392899665771478
-0.3577295853233575,-5.392275726526948
-0.3577884873363138,-5.391459243887493
-0.3576333091219337,-5.390468633519757
-0.35775906073922875,-5.389697853515187
-0.35753299637762564,-5.388977712726329
-0.3574749653669254,-5.388414904222833
-0.35703100412848,-5.387550065361587
-0.3568200899200692,-5.386848047366296
-0.3563207811174162,-5.385905040458614
-0.3559785974545637,-5.385085012265444
-0.3554251858027996,-5.38409278403994
-0.35478284414308175,-5.382949365912709
-0.3538927425944225,-5.381576577587813
-0.35304019827577265,-5.380244487794809
-0.3519792828965305,-5.378865761644144
-0.3508579434785913,-5.377427459995037
-0.3498763056810643,-5.375907644735559
-0.3490008701482926,-5.374307836777824
-0.3481141198554967,-5.372438891149889
-0.3471227174211956,-5.370656363694452
-0.3459176019119101,-5.368636550377193
-0.34480048268606694,-5.366683471373081
-0.3436436976278733,-5.364491771252043
-0.34283610863623504,-5.362641825580737
-0.34204867024815233,-5.360776444348438
-0.34103578934278755,-5.358659404778187
-0.3397842959447342,-5.356294541482667
-0.3386191481355586,-5.353863851283195
-0.3374737606366543,-5.351528354701004
-0.3365610380364841,-5.349365257051569
-0.3353996344610093,-5.347391426031343
-0.33447905476889245,-5.345659673435776
-0.33347524514418586,-5.343832199410545
-0.3323025958665431,-5.341922281599069
-0.33123202115020006,-5.340135879252746
-0.33065581016476275,-5.338736949420058
-0.3300376327233901,-5.337370017958012
-0.32978992492920345,-5.336451398602609
-0.32953277384949986,-5.335548448898626
-0.32933896799435564,-5.334473839055677
-0.32907796628677133,-5.333254253848566
-0.3287148279531476,-5.332181791121041
-0.328337195746584,-5.331200684591616
-0.3283594435720578,-5.33034291250808
-0.32853424332208647,-5.329670239142978
-0.3290107631276748,-5.329145719623595
-0.3296561225174011,-5.32881166830463
-0.3301731455350719,-5.328480770139258
-0.3303736142934217,-5.327854425633299
-0.33064468733591396,-5.327174256888249
-0.33099362677064614,-5.3264991802558415
-0.3316890574363624,-5.3261756934008195
-0.33273909601396995,-5.326063608611964
-0.3335802292888455,-5.3258201406419765
-0.33438784368654506,-5.325536173598
-0.33506888071935637,-5.32518913693597
-0.3362336999710981,-5.324777183326089
-0.33731495854634513,-5.3242642232563355
-0.3385981180126099,-5.323824821059373
-0.3398760133301255,-5.3231964938127545
-0.34144691905271257,-5.3229224294170425
-0.34305709186439587,-5.322574006050549
-0.3446570696074033,-5.322217582025114
-0.3463309243389184,-5.3217356153389765
-0.3481666879050232,-5.321300513070967
-0.3500357999121819,-5.320891563071636
-0.3521133111757057,-5.320299123720428
-0.35440215057903324,-5.320158983063183
-0.35651210704419434,-5.320078856049545
-0.3585127428932483,-5.320120927375138
-0.36058012949429313,-5.320243517814036
-0.36276845467522256,-5.320492321990476
-0.3652471700450866,-5.320789155454181
-0.3676944393523662,-5.321047932453208
-0.3702408947388707,-5.321559126572786
-0.37286497873762436,-5.322088173735345
-0.37564349543777037,-5.322803655824366
-0.37829408090644784,-5.323549309027219
-0.381214573379612,-5.324347597152585
-0.38434296433187815,-5.3252639220064895
-0.3874599247298966,-5.3261888323733055
-0.3903318258033651,-5.326921084770021
-0.3934015221675351,-5.327892017996717
-0.39649447462599313,-5.32905586793861
-0.3996972166837136,-5.330164047321113
-0.4028646915604961,-5.331244515667338
-0.4059722008389587,-5.332086393538503
-0.4090828743485484,-5.3326615921871126
-0.41207476386512126,-5.333120201399179
-0.4149146276043705,-5.334021111683038
-0.4176967620240114,-5.334964047209569
-0.42071280307798514,-5.335863039895837
-0.4236626504196192,-5.33669715732652
-0.42661830502661013,-5.337098838712404
-0.4294869786733894,-5.337431954052269
-0.43205996397653074,-5.337575741627259
-0.4344336524892892,-5.337553142068709
-0.43678696366507525,-5.337389671904683
-0.43940353970604934,-5.3375431433238125
-0.44210265169033125,-5.337634185026555
-0.44477611404384954,-5.337775068325979
-0.4470807051127395,-5.337471484884543
-0.44917723932457604,-5.336846396049784
-0.45113459720250837,-5.336078795940536
-0.45331249565698206,-5.33557635483435
-0.45567694334921144,-5.335091391780982
-0.45791351965947136,-5.334952286297395
-0.4600337799545503,-5.334672959788502
-0.46220005920271706,-5.334050014012822
-0.4639730921444298,-5.33330266488173
-0.4655135953929435,-5.3322753082109156
-0.46690969061194154,-5.33140271198015
-0.468616944435948,-5.3307754406445165
-0.4702588797274343,-5.3302845262556975
-0.47184929087262306,-5.329662252496652
-0.4732653311446219,-5.328902308525233
-0.4742280227151106,-5.328032795019671
-0.4748048299304865,-5.326892784306571
-0.4754011220621085,-5.325607411665261
-0.47604765770309054,-5.324152320378024
-0.4767466224618668,-5.3226327711542805
-0.4772852443484949,-5.320986564467141
-0.4777235145686581,-5.319416400829838
-0.4779366676687204,-5.31757562201572
-0.4776831744003267,-5.3153662325373485
-0.47747802753926083,-5.313120050189161
-0.4773655265114288,-5.310985080422916
-0.47770098772991204,-5.30837784744238
-0.4780690039347113,-5.305956812993929
-0.4780883944022218,-5.303570580795576
-0.47793099326606775,-5.3008341122792695
-0.4776768152370984,-5.298021095632574
-0.4773657336731052,-5.295002665032426
-0.4770205083489236,-5.291975852601446
-0.4766842539480765,-5.289112242396432
-0.4759637766364218,-5.2861658553992115
-0.4752676669201971,-5.283248676507696
-0.47420621423901665,-5.280256688245085
-0.47327437455032134,-5.277395573480615
-0.47218403965188527,-5.27434418197102
-0.47118486354565436,-5.271325838212424
-0.4699909256241359,-5.268321706957006
-0.4688559010486831,-5.2653882790896045
-0.46735997947981345,-5.262547581203737
-0.46593402677944246,-5.259790689428415
-0.4644764103979507,-5.256995817225423
-0.4628780068900372,-5.254098931976293
-0.46147498676582016,-5.251210416752478
-0.460105279930028,-5.248361880901974
-0.45859025787693614,-5.2455263533660785
-0.4569310482470573,-5.24277037576009
-0.45528648049140213,-5.240031975676222
-0.4537654213585805,-5.2367054754949445
-0.45243745951935116,-5.233481593807556
-0.45091714967771784,-5.2300270692513084
-0.4493711475971835,-5.226682416414422
-0.4474772116091423,-5.223353210847318
-0.4455327673794969,-5.220032438641089
-0.4433420800970033,-5.216980563245124
-0.44154616216893133,-5.214241812321128
-0.43971834775902713,-5.2114648563364145
-0.4379162454913992,-5.208668615107951
-0.43574069608388755,-5.205576273548261
-0.4336406870451187,-5.2025745494732005
-0.43136560932583473,-5.199706911506637
-0.4293705365192758,-5.197061477951958
-0.42752805269188754,-5.1945990550422545
-0.42566207559102803,-5.192142702397507
-0.4237557608323767,-5.1898161615755045
-0.4219157970315716,-5.187534617010614
-0.4198774827518084,-5.185621056873706
-0.41787850115701136,-5.183738742696171
-0.4159352511680074,-5.1819558414598506
-0.4140278646786596,-5.180333692622448
-0.41248352092219026,-5.17899964696853
-0.4110466441778389,-5.1774963743064895
-0.4093727788613987,-5.1757088329000105
-0.40708454657977444,-5.1745854392142565
-0.404585182445237,-5.173294391593866
-0.4024531718445857,-5.172119940828101
-0.4005058929152987,-5.171287856064858
-0.39901942141217134,-5.170821319301299
-0.3973673387874737,-5.170292722884714
-0.395672650977297,-5.1698312922309055
-0.39373816491709257,-5.169179481181373
-0.39199435917475145,-5.168477098673866
-0.3902624920031259,-5.168001989956785
-0.3889105067878209,-5.167828100505655
-0.3876266224774355,-5.167699934018293
-0.38636798257912786,-5.167660686068597
-0.3848854961522169,-5.167443763806448
-0.38317577568242156,-5.167211450299953
-0.3815740980391805,-5.167053131266364
-0.3800637233936898,-5.167007996894934
-0.3787538934720481,-5.167187791581328
-0.37743779909738534,-5.167650657718568
-0.37628130939267124,-5.168223361376178
-0.37472840196539486,-5.1692434732536325
-0.3728335203832306,-5.17016389377932
-0.3711606001256387,-5.171295220338466
-0.36946363935338317,-5.17241270883162
-0.3679577741188417,-5.173759191369848
-0.3663344964809845,-5.17585410241895
-0.3645159065426783,-5.178098830497633
-0.36271214595372725,-5.180360613232939
-0.3606956515422313,-5.182453355984554
-0.358837054239856,-5.184424802981791
-0.3571910915685085,-5.18658158938279
-0.3557095945607521,-5.188784440282706
-0.3538464975940351,-5.1910911508926105
-0.3519563239354552,-5.193364524362503
-0.349894483496988,-5.195459477360319
-0.34811011264082,-5.197710481856772
-0.34625357400334833,-5.199873890783027
-0.3446558474249417,-5.202024876159579
-0.3428599196321964,-5.204161592440823
-0.3411765707684378,-5.206433125634419
-0.33946940917304785,-5.208506098202631
-0.3378062846464972,-5.210655327486543
-0.33548800553031594,-5.213662850031888
-0.33326364015342375,-5.216306351239046
-0.33100622300422416,-5.218923418311604
-0.32865248394488333,-5.22147313910834
-0.32643603526675574,-5.224070540867842
-0.324110263600366,-5.226581421496195
-0.32145534152666405,-5.2294313677339455
-0.31875236028528053,-5.232222968980418
-0.316116868699688,-5.234744450396696
-0.31357385160888174,-5.237311748547338
-0.3108272796691606,-5.23963312541281
-0.30814856661522744,-5.241912786584423
-0.30505451123760696,-5.24414674747704
-0.30205375689899605,-5.246493101315932
-0.29887107481777797,-5.248603219926599
-0.2958310097652022,-5.250844138617456
-0.29266359336312575,-5.252893795094113
-0.2894835100221185,-5.2549531871409725
-0.2859026524447698,-5.256697367084312
-0.2823776302851826,-5.2585089353144205
-0.27880493846751175,-5.260357083677759
-0.27544855367732185,-5.262374995829692
-0.2721793074151745,-5.26402960668821
-0.2679450716023425,-5.266603308341227
-0.26369378464814164,-5.269190056671716
-0.25904916787286036,-5.271370456385071
-0.2544604421165519,-5.273328737107039
-0.2497298673586981,-5.275374081584445
-0.24528896111552725,-5.277032243794658
-0.24089400707244385,-5.278435479610467
-0.2363550510214445,-5.279666753616076
-0.2319122555099239,-5.280777273641294
-0.22731757477049966,-5.281703817708311
-0.22257316324120174,-5.282577219812607
-0.21787320372289426,-5.283234296007429
-0.2133958129121833,-5.284161899154246
-0.20920569099202888,-5.2851104706202126
-0.2050137784738601,-5.286014551654408
-0.2004732218057465,-5.286495643397521
-0.19574839147447623,-5.2869457201708405
-0.19095943826775755,-5.286944978034364
-0.18631069211236803,-5.287115231797914
-0.1818972857426236,-5.287414595231121
-0.17754463521514544,-5.287823717550653
-0.17318800576419965,-5.28811348300989
-0.16847145976044312,-5.288122632266079
-0.16327425129335368,-5.288766308337275
-0.15797828404877773,-5.289417180505866
-0.15259574093077843,-5.289902502654987
-0.147301512820653,-5.290415868155317
-0.14275395561351706,-5.290039102369393
-0.1384419224591542,-5.289949602038036
-0.1339519059456214,-5.289721718312041
-0.1294777319270141,-5.289481199864483
-0.12476963383738894,-5.288956231767473
-0.1199939531344593,-5.288378925602848
-0.11543635540733481,-5.287632994896757
-0.1110475022001013,-5.287121230048768
-0.10675560738220435,-5.286753992153827
-0.10247169940251027,-5.286419936513545
-0.09823110236495099,-5.286139333894575
-0.09379029318826583,-5.286002406161623
-0.0897474702477821,-5.285896853258599
-0.08564680865832515,-5.285721247337728
-0.08175121537288471,-5.28576599672422
-0.07781025911039044,-5.285757193634493
-0.07402170137643178,-5.28597441713097
-0.07048161387192389,-5.2863227977077205
-0.06707634750602434,-5.286724616900245
-0.06341161522165388,-5.287189229425184
-0.05989470487147472,-5.287430697009513
-0.05652425922609206,-5.287877718858652
-0.05353342483587382,-5.2887287120126
-0.051548236952980615,-5.288420850426876
-0.04970702516285504,-5.288204128229001
-0.047933059545662966,-5.288039731137355
-0.046490974115318336,-5.2877981054073135
-0.045230670578013346,-5.287547642602146
-0.04418240805369286,-5.287461911717195
-0.043268203211444936,-5.287492538868692
-0.042598747787888136,-5.287851194160218
-0.04208789600222686,-5.2883331034610475
-0.041828233145288204,-5.288871121326245
-0.041621096298188345,-5.289391612343508
-0.04169329858226364,-5.290129047109496
-0.04182883432348847,-5.290573493406499
-0.04209025009465801,-5.291433536323125
-0.042741849098595505,-5.292596531215822
-0.04357159019955796,-5.294050600117528
-0.044591079592708374,-5.295592042426483
-0.04606477838015351,-5.297486100524807
-0.04764303682923213,-5.299347375017696
-0.04924235718559768,-5.301167050982041
-0.05086301231467827,-5.303058399121243
-0.052909525914897684,-5.305376748840037
-0.05507986588593403,-5.307972729106644
-0.05787091299930938,-5.309896821376235
-0.060996145611292615,-5.312103095376612
-0.06446647830540346,-5.314493443320352
-0.06822178538913393,-5.31710491338368
-0.07188382975742853,-5.3197359618251285
-0.07539070799187107,-5.322309342924869
-0.07905302618141126,-5.3250033465908215
-0.08292051279277862,-5.327931452416493
-0.08694575815067417,-5.331049983898997
-0.0912373954269518,-5.334375240218196
-0.09547591896829533,-5.337782766702432
-0.09986689907134509,-5.341064307716724
-0.1043580727779381,-5.344355068410637
-0.1088290987515862,-5.347632688631304
-0.11328893925138665,-5.350836968043776
-0.11793595404146483,-5.353887661123007
-0.12254495584965075,-5.356989366230145
-0.1273525884586576,-5.360058263531687
-0.13231923156316544,-5.363190008801539
-0.13722788447572834,-5.366225407224888
-0.14205911474649477,-5.369169309819934
-0.14681917312028722,-5.371819626020911
-0.1515837827301843,-5.37452539209037
-0.1566086625740682,-5.376959488388305
-0.16170266525659513,-5.379729132781396
-0.16679766068657798,-5.382407670763261
-0.17173649077349795,-5.384997035721524
-0.1764887017600372,-5.387693625468787
-0.18096109048068015,-5.390127536949686
-0.1856875896729419,-5.3925943422091
-0.190194387524481,-5.395276992044876
-0.19483354004366107,-5.398032938404837
-0.19935762162087214,-5.4005733879217095
-0.20397529309275103,-5.403275670933831
-0.20819087731805028,-5.4055499493545245
-0.21231368240278042,-5.407731111805249
-0.21623455480287865,-5.409917576504351
-0.22032080878637558,-5.41222738706979
-0.2244591095387111,-5.414251722075844
-0.22856735448350962,-5.416610281435042
-0.23242077144633658,-5.418656365939155
-0.2357910243720611,-5.420519960104889
-0.23925070821109823,-5.422396135036625
-0.2425689050419739,-5.424099912404008
-0.245738600496264,-5.4257204359617
-0.24896923721428546,-5.42722595166689
-0.2522175165308514,-5.428832692984738
-0.2553136658226827,-5.430309128548526
-0.2578811168389712,-5.431374579224991
-0.26058943830070486,-5.43237752555212
-0.26321714953579345,-5.433372848179449
-0.26582032233700487,-5.434228837347053
-0.26813081872627376,-5.434966557803476
-0.270196036764971,-5.4353607026314466
-0.2720679262163051,-5.435616179204272
-0.27423174578798293,-5.43609480867614
-0.27631142187674507,-5.436694294016978
-0.2782956608037052,-5.43713233771782
-0.2802738626929532,-5.437565419084106
-0.2822000089150404,-5.437738795705499
-0.2839888833547042,-5.437796145190649
-0.2856545557642106,-5.437987701441901
-0.28729269252657097,-5.438261857616483
-0.2890464953531849,-5.438676685504211
-0.2907685552151616,-5.439113244111398
-0.29257996373953793,-5.439491693990399
-0.29407909506914304,-5.439490277726612
-0.295653375348852,-5.4393270770180555
-0.29713405593647374,-5.439020413737999
-0.29888559675814363,-5.439043128418308
-0.3006918225092283,-5.439105916881197
-0.3024455304036166,-5.439236413721389
-0.30426970852317214,-5.439403608136777
-0.3059960958873572,-5.439657677840064
-0.30760472560612856,-5.43972085479465
-0.30905066599278436,-5.4396763750318
-0.31074538783036604,-5.439793406249526
-0.31235861799654974,-5.440008046452496
-0.31425460618075407,-5.4404892370723354
-0.31589089826994177,-5.440933100127177
-0.3175219097842184,-5.441333168530473
-0.3190936018841961,-5.4416870459645
-0.3204502398644028,-5.441942043015379
-0.3216095495070346,-5.442113356922515
-0.3228166844964705,-5.442321970523835
-0.3241988499906388,-5.442770351961958
-0.3257588898481509,-5.443232701890886
-0.327219999609833,-5.443617985020297
-0.32830137724155634,-5.443961479964001
-0.32922412053783273,-5.4441139304328
-0.3301656371906788,-5.443957934403134
-0.33118133953738266,-5.443643828727999
-0.33207056176071614,-5.443345333866596
-0.3329364568871491,-5.443038897977824
-0.33393062718182026,-5.44269971379029
-0.33477493304494055,-5.442531019527447
-0.3354159879652585,-5.442429528741913
-0.33589076454423766,-5.442071256693975
-0.33629728693255057,-5.441659802728975
-0.3367780482872141,-5.4411475497703705
-0.3373867227669866,-5.440719809098822
-0.33785696859247005,-5.440184148916869
-0.33848581594130533,-5.43986888478389
-0.3388696939164478,-5.4394527640591015
-0.33930728432596563,-5.439078537360901
-0.3395261254433553,-5.4384252629987975
-0.3398866149252412,-5.437704468226105
-0.3402984561463722,-5.437023747418118
-0.3406130227727042,-5.436426287430077
-0.3408274911351543,-5.435989019076269
-0.3409706014890889,-5.435496116703991
-0.34095066742610786,-5.435086197310828
-0.340791086134463,-5.434414464590762
-0.34050299296923675,-5.433589847438868
-0.3401667003405775,-5.432828693484506
-0.33983930232775167,-5.432060851747355
-0.33970761179742914,-5.431530537007736
-0.339157670263874,-5.431108263296056
-0.3384231399567314,-5.430857861170602
-0.33728397199646765,-5.430116358917938
-0.33604372028906604,-5.429295991362468
-0.3348499106263241,-5.428440488016376
-0.33370161363516404,-5.427638501207228
-0.33258505404400157,-5.426878584578264
-0.331368916311745,-5.426194240398924
-0.3299508691185856,-5.425333488208982
-0.328323581815334,-5.424317376394648
-0.32674832371019624,-5.423261812853515
-0.3251619437631052,-5.422151566778851
-0.32346975941321016,-5.420846832139816
-0.3217482456459325,-5.419564505924122
-0.3195953803059129,-5.417945696965937
-0.31766059509000283,-5.416591632959315
-0.31571090709117994,-5.415248896837336
-0.314002512301051,-5.414094377096497
-0.31199399177574677,-5.4125754200603025
-0.30993924498672104,-5.411091738185171
-0.3076421071659927,-5.4094189790745855
-0.3054756918510652,-5.407993763885816
-0.3033153546742715,-5.406574318882813
-0.30100544949810826,-5.405555816204088
-0.2987565626672266,-5.404607283357476
-0.2965399333227446,-5.403551578672002
-0.29446909831072415,-5.402457008509474
-0.2920901879262505,-5.401222719240004
-0.28956418001191103,-5.399806136765254
-0.28714527131709233,-5.3983081205836925
-0.28486849169815337,-5.397005154077642
-0.28284959363306916,-5.395957742752516
-0.28084048951609336,-5.394918592813285
-0.27858677094475665,-5.393582220389917
-0.2761265782171734,-5.392021611888974
-0.27363096102757645,-5.390390140421534
-0.27136538718410497,-5.389001101494592
-0.26915988004195524,-5.387821953021516
-0.2669950061338423,-5.386705694516559
-0.2646673436607703,-5.385453758337468
-0.2622772259069232,-5.384011174166598
-0.2599135785809049,-5.382399619983438
-0.25755953166078505,-5.380974729451992
-0.25528296547088775,-5.3798336874736155
-0.25295752298368657,-5.378435726616409
-0.2509153389589009,-5.377182591777283
-0.24902688720635785,-5.376049304776342
-0.247042893227481,-5.374677077018503
-0.2449351283343224,-5.373399294840941
-0.2426296627991454,-5.371939002635633
-0.24057581285899443,-5.370678478937883
-0.2386345774126692,-5.369260894028732
-0.23697004308932515,-5.3681241686055055
-0.23536792466749587,-5.367042237000821
-0.23376042572427996,-5.366034218921039
-0.23208309134804567,-5.365073432501358
-0.23031176193061206,-5.363998338071089
-0.22856154698287426,-5.362823793958258
-0.22711412940183348,-5.361663341697536
-0.2258276751381247,-5.36069870209719
-0.2247972988682987,-5.359860500372302
-0.22356278588327497,-5.359031183648139
-0.22237280788986272,-5.358256057149718
-0.22100060158601947,-5.357322796498909
-0.22008819603021035,-5.356506805297819
-0.21920867391774385,-5.355730828935674
-0.21853690800487874,-5.354972326789683
-0.21777158336892286,-5.354054104826357
-0.21711018076433145,-5.353262310826034
-0.21621166469718708,-5.352371871905536
-0.2155099115007477,-5.351587036940844
-0.21480624192798467,-5.350710834975023
-0.21431685669724077,-5.3499993576378895
-0.21401410646681088,-5.34914498972888
-0.21381467760426792,-5.348420423962081
-0.21358090522891168,-5.347687294498051
-0.21318092244345246,-5.347081336774308
-0.21280572936183997,-5.3464173340796455
-0.21257601739721013,-5.3459344352202764
-0.21251369711052795,-5.345323352539691
-0.21253714495105125,-5.344794011584284
-0.21237817572371245,-5.344067889182392
-0.21204033250860332,-5.3434628506708695
-0.2117063850877751,-5.342927464759055
-0.2113771320981718,-5.342418507972936
-0.21122050130192302,-5.3418752122949265
-0.21110802829543848,-5.3413663258050095
-0.21092569063993896,-5.340563137214133
-0.21086672494849096,-5.339490840643917
-0.2109003203336014,-5.338568902034557
-0.2106578092673497,-5.337573763049038
-0.2105762943155545,-5.33677441793051
-0.2104771709558765,-5.335708682702502
-0.21061782958638922,-5.334606268173296
-0.21078514532208864,-5.333452825911701
-0.21087416495513928,-5.332219291045956
-0.21056879963353783,-5.330678077036081
-0.2105047430750292,-5.32943023031861
-0.21062780333610087,-5.328038907362576
-0.21091061353491192,-5.326772140015765
-0.21112356454078113,-5.325437072702066
-0.21161559997229656,-5.3239594088039395
-0.21175768993538693,-5.322251968012079
-0.2118475795700567,-5.3204809109018445
-0.21200256824648916,-5.3185895913111105
-0.21218754941204918,-5.316619537714462
-0.21257903161216807,-5.314900182391525
-0.21315679001372845,-5.313121451892904
-0.21352568393019944,-5.311401965222628
-0.21356634428156837,-5.309283441001655
-0.21341033236170937,-5.30699176559193
-0.21332847677872427,-5.3045891289050555
-0.2137800483720728,-5.302047558132901
-0.21455407398257872,-5.299813692190207
-0.2152086404632897,-5.2976568858522315
-0.21582481110211077,-5.295418703418555
-0.2162381381145172,-5.2929834692980915
-0.21653812961791422,-5.290635076269508
-0.2168216987350456,-5.288276770468074
-0.21727880855993614,-5.2860505576801815
-0.2178381052632189,-5.284209601253604
-0.21854256595931681,-5.2825447563698855
-0.2189501520418048,-5.2806556215458995
-0.21951569515575692,-5.278984164801335
-0.21953757446902944,-5.277166995586914
-0.21949748932843802,-5.275301345856938
-0.21960015688432577,-5.273326019750234
-0.21998994462116178,-5.271698957229139
-0.22048117334064996,-5.27015127995487
-0.220842514754485,-5.268703409982993
-0.22110532977559216,-5.267136041397626
-0.22138393068834955,-5.265581040254884
-0.22170475836033726,-5.263993580842539
-0.22211605148757638,-5.262451979252213
-0.22307563360537788,-5.260460363563606
-0.22388289484174778,-5.25854120567441
-0.22456995090519596,-5.256512984741838
-0.22557028334704873,-5.2548645736293675
-0.226529172718137,-5.25352870103182
-0.22742248650562097,-5.252243268220462
-0.22840870254960888,-5.25099169263064
-0.22919519275312702,-5.249546784945879
-0.2299848689810362,-5.248099460790591
-0.230788736916096,-5.246724488310153
-0.23196300361994976,-5.245710518571263
-0.23288863885759778,-5.244887796103738
-0.2340329305965067,-5.24422452844618
-0.2349741424248299,-5.24336101562668
-0.23577489713640915,-5.242605550440103
-0.23650493291032657,-5.241776007025523
-0.23746008921645054,-5.241133207390331
-0.23805834717208887,-5.240764924225501
-0.2391708359192242,-5.240882429162076
-0.2401538942685481,-5.240914697248975
-0.24097232372441968,-5.24107348754205
-0.24177944303048104,-5.241203436845935
-0.24260461114824372,-5.241282769227907
-0.24330496794496054,-5.241457963255986
-0.24431991263887176,-5.241375525856543
-0.24575689357139585,-5.241804185839586
-0.2471874683388813,-5.242247305404543
-0.24856880627565894,-5.242781855625193
-0.2496198077564205,-5.243699795352016
-0.25051362314781417,-5.244439263565458
-0.2514877098892344,-5.245116807882914
-0.25246125330166086,-5.245793939002462
-0.2535624986300557,-5.246625692365903
-0.254543778852383,-5.247549384275726
-0.2555555920347139,-5.248497027173287
-0.25673408248471846,-5.249646420712188
-0.2575970115391262,-5.250574861510712
-0.25865963970089056,-5.251614626101744
-0.2597176921932316,-5.252608142014713
-0.2603688481229795,-5.253575564913999
-0.26138394272728666,-5.254498808865313
-0.26273464555776893,-5.255769749508705
-0.26388904322864504,-5.2571911206045705
-0.2652400724735562,-5.258720158057711
-0.26646315564608664,-5.2601332957048985
-0.2675835539048452,-5.261624846812931
-0.26869617936143375,-5.26313752685447
-0.26992299835227357,-5.264770670034816
-0.27097923362854814,-5.266534253841261
-0.272026412207485,-5.26845120723727
-0.2727722932605267,-5.2710482994135095
-0.27366004452217696,-5.273804674752606
-0.27466742247857623,-5.276468915038088
-0.2754352158465669,-5.278886441567848
-0.2760299926232464,-5.281149191102119
-0.2766857724923911,-5.283364894741373
-0.2773899121595288,-5.285657223626104
-0.278457689323435,-5.288341478399813
-0.2794498418183806,-5.2910833428681805
-0.28035418716223737,-5.293695143455078
-0.28097853661877237,-5.296054975959706
-0.28168116635583396,-5.2983546193298805
-0.282352248879384,-5.300641559370297
-0.28317937114047187,-5.303071939833766
-0.28394214267830453,-5.305551277901936
-0.2849466462809569,-5.308238589004101
-0.2859009506411748,-5.3108166468102675
-0.2867907239647807,-5.313153082779058
-0.2872469815211203,-5.31544056145015
-0.2880264436391019,-5.317943717511302
-0.28826385770847907,-5.321145165367893
-0.28865189723953266,-5.324631688139055
-0.2888078261919406,-5.328265034831013
-0.2888809995857882,-5.331812952565186
-0.2887801592862292,-5.335727584105742
-0.28828490639699594,-5.339404291370394
-0.2878500939319617,-5.343156615088841
-0.28764227865730324,-5.346957062627943
-0.28735255971697066,-5.350839527580647
-0.28718747301663444,-5.3548609559574905
-0.2870475605683035,-5.359097008507635
-0.286694805642431,-5.363373312054739
-0.28622165015043893,-5.367502957642694
-0.28600080102433434,-5.371556518957037
-0.2857548620924511,-5.3756178688094245
-0.2855992639144779,-5.3797883983639645
-0.2858292287944141,-5.383977119765352
-0.2855906922036395,-5.388051076871344
-0.28537425188876536,-5.39215144380413
-0.2852567504554988,-5.396037905979885
-0.28519541711774354,-5.399983326010308
-0.2850646687932921,-5.4038440716170415
-0.28448251327210206,-5.408676382388075
-0.28359407109197926,-5.4132711778973714
-0.2827770470510497,-5.417952812720555
-0.28191900450444374,-5.422467958235837
-0.2811968197540159,-5.426990227395124
-0.28033780847430684,-5.431346160617268
-0.27982472196057406,-5.435662832457093
-0.2794552452480866,-5.439837887476823
-0.27917445978321564,-5.444187633473211
-0.2787041227259023,-5.448340473557863
-0.27802072865082506,-5.452655203106378
-0.27737138866748634,-5.456966643425924
-0.27684022529987623,-5.461389425179915
-0.2763656204763112,-5.465769358080619
-0.2759826897282431,-5.4702501638993795
-0.27529125674069527,-5.474470097430939
-0.2745767751430456,-5.47861551169694
-0.27379901154769,-5.482708293857614
-0.2732137828939039,-5.4868043058163005
-0.2728137179177039,-5.490926546839854
-0.2723769395004526,-5.494977446505664
-0.27189683759497646,-5.4989628407893205
-0.27121796528227293,-5.502718669943893
-0.26971629460177926,-5.507101489859804
-0.2681779740567,-5.511574236928891
-0.26688988409655345,-5.516145447223084
-0.26592468336110364,-5.520598711033582
-0.2645401851618275,-5.524649638632203
-0.26373804364816295,-5.527966577246338
-0.26268040817063104,-5.530935144346368
-0.2617003114582672,-5.533646378246474
-0.2607073088708205,-5.536515869451422
-0.25976288075280163,-5.5394231612600064
-0.25889860328472614,-5.542188300080212
-0.258140947764434,-5.544741305805084
-0.2571030583201812,-5.5470781191604654
-0.25606265080777785,-5.549230523666535
-0.2549214585659915,-5.551267182231396
-0.2537197058336729,-5.553257374800345
-0.25280260365254964,-5.555331044585662
-0.25209075280138,-5.557410170896111
-0.2513226507941638,-5.5594462712217725
-0.2504300780584004,-5.56129479210577
-0.2492694106015515,-5.562853752887492
-0.24779163746358848,-5.564168398383669
-0.24665423744332826,-5.565397508490324
-0.2455752217248616,-5.56669871790594
-0.24422488178028348,-5.568520918936339
-0.24280044546495608,-5.570399236214462
-0.24121965239543888,-5.572086795667093
-0.23997902307254093,-5.572524573743593
-0.2387149317877275,-5.572979993542185
-0.2373486754178521,-5.573255757444217
-0.23628257924619558,-5.573501553812461
-0.23512569038933553,-5.5738362008344655
-0.2340488890765946,-5.574237423347383
-0.23269749364630565,-5.574321825886894
-0.23136838689185282,-5.574389265542683
-0.22963777935989618,-5.574038224805998
-0.22793955034135938,-5.573692169680279
-0.22632137120649004,-5.573285435034909
-0.22470427019967193,-5.572910508069342
-0.2229190316390649,-5.572363634868959
-0.22122381908231545,-5.571749661927963
-0.21943853499964838,-5.571017255638949
-0.21760444663560083,-5.570158558501248
-0.2158078917728767,-5.569363141375682
-0.2140447196922085,-5.568545477561173
-0.21222151258025224,-5.567886648047055
-0.21036022225192808,-5.567198595306022
-0.20857250603937086,-5.566646305253043
-0.20659393634854667,-5.565872980973878
-0.20455123351256715,-5.565050377405254
-0.203351943580852,-5.563280698529224
-0.20216497462293975,-5.561526097238362
-0.2009985204377134,-5.559882785187759
-0.19961150266598512,-5.558279729863704
-0.19841094218489025,-5.55690530006832
-0.19710672333963317,-5.555430168161334
-0.19606781134321066,-5.55398769355768
-0.19499147470211756,-5.552499314704633
-0.1941974713101573,-5.551094066420894
-0.1932088391784765,-5.549646736946368
-0.19245323789951044,-5.548485095442883
-0.19149064620528464,-5.5474288274663985
-0.19061278073690144,-5.546518108340693
-0.18969390762360092,-5.5455571251998235
-0.18895428361907532,-5.544728667429667
-0.18803552155827835,-5.54389528397917
-0.1870725545302167,-5.543007721304868
-0.18613086937013576,-5.542326661447388
-0.18510519329353498,-5.541679036362467
-0.1845797810432358,-5.540760299505995
-0.18405630074967239,-5.539803905135566
-0.18368267152235201,-5.538908955728808
-0.18326954866026043,-5.538083314141629
-0.18285201102033524,-5.537252083339049
-0.18267713999652133,-5.536060102010916
-0.18245972456920753,-5.534707189549815
-0.1824356878342611,-5.533591389089315
-0.18286813168383714,-5.5324886979622185
-0.18347394134890183,-5.5314828242802285
-0.18414543813661124,-5.530612696569163
-0.18478202574687885,-5.529769057173156
-0.1852387931589832,-5.528726057884654
-0.18592465457270624,-5.527995692920803
-0.18683607974644864,-5.527395484589714
-0.18776018773131203,-5.526956620802483
-0.1888305816243642,-5.526623592314756
-0.19000291798431235,-5.5263008047961675
-0.19102409762343522,-5.525855910891615
-0.19218428429773388,-5.525550974281869
-0.19347375512127857,-5.525333498386353
-0.1948656193844022,-5.52533435417685
-0.19662929381169403,-5.524973298347228
-0.19872717306288246,-5.52485046213955
-0.2009178013528346,-5.524764777752437
-0.2028189472771871,-5.524911125958322
-0.20463531746896402,-5.524953720043816
-0.20640112412873773,-5.524957335766374
-0.2081303382582397,-5.524988661345574
-0.21022983015870667,-5.525473330757707
-0.21293961049364937,-5.526429033625401
-0.21529694126018745,-5.527651687246501
-0.21747450622675835,-5.528654450785813
-0.21960533630914972,-5.529621203135194
-0.22176008054179777,-5.530569607242718
-0.22398615439080038,-5.531605448135475
-0.22662550854351776,-5.532960397468881
-0.22911104998597445,-5.53443140519959
-0.23179237132995034,-5.5361421572610094
-0.23417359484129244,-5.5376212598473735
-0.2364380567653815,-5.539188423235288
-0.23850484650001397,-5.540449544883616
-0.2406526466029549,-5.54170015435855
-0.2427248484677743,-5.5428119751795535
-0.24503273474173812,-5.544212252381969
-0.2471522475104489,-5.545493370749073
-0.24930293158793007,-5.546750676020908
-0.25138821352631463,-5.5479093059668605
-0.25321675967054463,-5.548819534901904
-0.2552433335301558,-5.549579912384655
-0.2568193698440177,-5.550713049045632
-0.25832185610157604,-5.551758050612999
-0.2597820588740419,-5.552834896952461
-0.2609987671140015,-5.553723707464438
-0.2623055167888998,-5.554722629255416
-0.2637726940281647,-5.555600373237503
-0.26539241849687945,-5.556595926193928
-0.266756729457807,-5.557279227836154
-0.26774296506951567,-5.558005917956971
-0.2686855377906873,-5.558746155669478
-0.2697487737018071,-5.559579760809393
-0.27044797307274654,-5.560688046591192
-0.2712686106608845,-5.561852039879269
-0.2717149267779751,-5.562616258717019
-0.2720972531350634,-5.563428651281263
-0.2724310741920817,-5.56423179411342
-0.27299389514417766,-5.565218595303609
-0.2733085392154979,-5.5663924617753455
-0.27354064370173464,-5.567981054856634
-0.27377553510101854,-5.569572899813005
-0.27376014200948334,-5.5710259841942396
-0.2736089894286536,-5.572286396158135
-0.2729381311889649,-5.573725670182669
-0.27205000270141877,-5.575016836303613
-0.2710321457677551,-5.576299096915908
-0.2704235430158104,-5.577559633268594
-0.2697727796166244,-5.578799900245542
-0.2689698091869392,-5.580123130334297
-0.26809133276531383,-5.5812362374582785
-0.26702057718395655,-5.582116773326972
-0.2655066516160516,-5.582880922521261
-0.2641126351494819,-5.583514477124742
-0.26262911350526597,-5.58432041906661
-0.2609685091312574,-5.584989723237946
-0.2594071916278983,-5.585555591337237
-0.25793067730916724,-5.586066280362741
-0.2562333926545846,-5.586406770767044
-0.2543112650056234,-5.586390875326598
-0.25211256701634915,-5.5862388134228596
-0.24967544018836552,-5.585902958154518
-0.24747121420629203,-5.585482052026309
-0.24533504772921638,-5.585085212189453
-0.2429568902937935,-5.584967270213878
-0.24075952687035929,-5.584988626938357
-0.23821304081993822,-5.58458226055098
-0.23565711112735727,-5.58417663710995
-0.23293282534769055,-5.583556306991649
-0.23013113971116228,-5.582953865942647
-0.22746925962483616,-5.5825097027850905
-0.22469867415869035,-5.582147613932739
-0.22205180002135452,-5.581894289373568
-0.21939638335288836,-5.581675736792073
-0.2166286860387438,-5.581541989547081
-0.21387827909810525,-5.5813810802738795
-0.21098901347805044,-5.581074466458084
-0.20813987151006005,-5.580737568938482
-0.20542988042221894,-5.580583580106998
-0.2027989822399065,-5.58053114287194
-0.20021820846479124,-5.580682856222267
-0.1974359854172581,-5.580587319011965
-0.1943453991900054,-5.580254621779607
-0.19155876469107294,-5.579692021974437
-0.18892142173114607,-5.579312751041471
-0.18656969312883429,-5.579153088521575
-0.18411705130281925,-5.579069761623938
-0.1813150037629957,-5.5792675952030875
-0.17828802919810743,-5.5792878600234825
-0.1752657089859938,-5.579023058066969
-0.1724693696378067,-5.578470791615962
-0.16943120502958564,-5.577621590099332
-0.1667956926083721,-5.577081721600854
-0.1641413907901462,-5.576556096630289
-0.16184632101682536,-5.576485527010957
-0.15939213421300483,-5.576519795907853
-0.15717902395385502,-5.576648300286069
-0.15470556536597158,-5.576456802742846
-0.15238957353292915,-5.576252581844548
-0.15011079947754066,-5.575877465559285
-0.1480462955551121,-5.575765811585942
-0.14589052105431,-5.57573294109429
-0.1438786528896247,-5.575586132053459
-0.1418808869962977,-5.575463121575812
-0.14009888126857825,-5.5751764630160725
-0.13854508207842442,-5.575064957368797
-0.1369073143639213,-5.574850218460032
-0.13521516347380713,-5.574676691906783
-0.13336693069115174,-5.574383447849748
-0.13193298597967418,-5.574599968307626
-0.13038246944707832,-5.575000219391292
-0.12936887188415633,-5.57581240518516
-0.1282109953365195,-5.576447134288033
-0.12708424515364009,-5.577058243954438
-0.1260649651079168,-5.577359193954558
-0.12518565819762675,-5.577857225379411
-0.12447050779555158,-5.578723499135748
-0.12397257965479253,-5.579722260079801
-0.12380623726364089,-5.581024618201654
-0.12357702562438408,-5.582141247730715
-0.12320467667648237,-5.583095143007722
-0.12299217697761178,-5.584209371455076
-0.1226773928051385,-5.585342373025373
-0.12263643172323635,-5.5867662298624206
-0.12265838186598715,-5.588057432083882
-0.12280539115711454,-5.589429550287794
-0.12293305881155218,-5.590752702074298
-0.12303459727188051,-5.592177075457264
-0.12299029490514292,-5.5933829187786595
-0.12303739009280329,-5.594696746795571
-0.123248106133486,-5.5959745660255225
-0.12353155381621422,-5.597389697205268
-0.12388506360671528,-5.5991509146750404
-0.12428054823691584,-5.600880411888492
-0.12475167853443878,-5.6026375204475025
-0.12495993791031396,-5.604144212358087
-0.12515861199103018,-5.605658216185297
-0.12544191274346522,-5.6066582168491985
-0.12577517959602938,-5.607719792364703
-0.12642900659941667,-5.608820441176598
-0.12734749477202764,-5.610106639895506
-0.1281352755794409,-5.611498955450899
-0.1286083305136417,-5.612650387794359
-0.12904062018181317,-5.613832704913189
-0.12946579182459061,-5.614992417070688
-0.1301211240634645,-5.616101915933913
-0.1305434296956422,-5.617110988287613
-0.13107888732461734,-5.618259499343279
-0.13143547811542342,-5.619404420869313
-0.13187498662367955,-5.620629242408363
-0.13214937721567216,-5.621650609198551
-0.13261621569182114,-5.622670779264032
-0.13316499331071302,-5.623633799508391
-0.13389372166380445,-5.624818584475439
-0.13464693364502836,-5.6261346604184945
-0.13528907476259622,-5.627414297358946
-0.1359464317608522,-5.6288781106862995
-0.13642503805384093,-5.630172543071808
-0.13685344730950763,-5.631428598307706
-0.13732985970805917,-5.632350175417593
-0.13815313779648294,-5.633168387060922
-0.13889856013168528,-5.6339270600283
-0.13973360475845667,-5.634814475588561
-0.14043146711173798,-5.635718918187549
-0.14102222675497128,-5.636541463799208
-0.14152859239186436,-5.637042875583344
-0.142002164567545,-5.63733764283884
-0.14244017345319807,-5.637605212057111
-0.14284858614012957,-5.637683591470955
-0.14348377601991966,-5.638055672965524
-0.1440757090945746,-5.6384481841688405
-0.14446867841285396,-5.638710432313289
-0.14488823636001605,-5.638821301364327
-0.14524058308319435,-5.638636149777076
-0.14563444544858883,-5.638482732246627
-0.1460639394108359,-5.6384463830212495
-0.14654747900667792,-5.638515588837185
-0.14700297549532138,-5.638563333367181
-0.14743136988635308,-5.6386352643425335
-0.14773690118003902,-5.638555784571385
-0.14813283684656708,-5.638320298013931
-0.1485682258929197,-5.638078450253748
-0.1490731406509024,-5.637574207612127
-0.14941993980706567,-5.637189389551008
-0.1495631832096834,-5.636648842716164
-0.14996545018360014,-5.636427389862093
-0.15054469756770458,-5.636072262719725
-0.15147339760557443,-5.635984451583397
-0.1521871101867564,-5.6356317690539095
-0.1528679997388892,-5.635303880280549
-0.15316630565674133,-5.634683222148977
-0.1539067269778436,-5.634339714485459
-0.1548161376165036,-5.634061514744496
-0.15599006818598168,-5.633982033507596
-0.15701185233654366,-5.633715101367439
-0.15813252183296722,-5.633249707156272
-0.15907293995786836,-5.632568268993859
-0.16001424142033546,-5.63188775799197
-0.16100004313127647,-5.631312489868085
-0.16220304377243575,-5.63088697007299
-0.16364496046425311,-5.630755452066479
-0.16508472589865356,-5.630481381235336
-0.16648913476656144,-5.630300200311942
-0.1678781018049955,-5.629698146049302
-0.16897711723715964,-5.628784852198569
-0.17020991516186978,-5.6280333416797745
-0.1716275823767471,-5.627343665917444
-0.1733411669808537,-5.626701840726487
-0.17509621245273305,-5.626049975761612
-0.17672364806290614,-5.625228211444813
-0.17830421751854728,-5.624310700222866
-0.18007436017252024,-5.6232065637316495
-0.18158287598142397,-5.621887585584966
-0.18353455717282688,-5.620727746680713
-0.18581915531493828,-5.619822836849416
-0.18806990689602307,-5.618943573983349
-0.19030847509534038,-5.618048912188433
-0.19221115608777728,-5.616896236800803
-0.19431088830964607,-5.615594868515681
-0.19648486322429903,-5.614384093519069
-0.19906287869171627,-5.61348299148693
-0.2016942731875431,-5.6125417430663935
-0.2047604771222179,-5.6111167528335715
-0.20766205067117166,-5.609728906480737
-0.21063323926568844,-5.608310266586892
-0.213486552934717,-5.60674636250005
-0.21638119147296167,-5.605183812011045
-0.21926011684516408,-5.603594694914115
-0.222193116881174,-5.602052786928359
-0.22525946550120338,-5.600631971859114
-0.2282150642943833,-5.599294801988619
-0.23105331861554934,-5.597820300339309
-0.23408577577150158,-5.5965173299643345
-0.23727631889659226,-5.595095196244445
-0.24065998181584108,-5.593880638636963
-0.2440625113661455,-5.592609992410807
-0.24731138951458587,-5.591455312962161
-0.2503000845489203,-5.5900479795969655
-0.25327577077897656,-5.588710552000869
-0.25630897177010625,-5.5873298420329505
-0.2595302806139832,-5.586120446864384
-0.26277982598539296,-5.584866723197435
-0.2661017710168911,-5.583558497783562
-0.26923035020625213,-5.582131498137883
-0.272260058205908,-5.5806231017908265
-0.2757643778502645,-5.578430218186044
-0.27962041713682645,-5.576324561283221
-0.2832848239439161,-5.573984474336547
-0.28713910645785257,-5.571718913059869
-0.29087256956896507,-5.569230597296133
-0.29435418016659365,-5.56647810427315
-0.29792067992832144,-5.564013405520859
-0.3013862011587897,-5.561558685825292
-0.3048089031589956,-5.559397769132103
-0.3084062761869023,-5.557449842163183
-0.31203896366632106,-5.555200598049719
-0.3155043342434099,-5.552775841834375
-0.3188848572211329,-5.550564390105951
-0.3224168403169572,-5.548417540887779
-0.32581721267246716,-5.546547263451195
-0.329147646010935,-5.544627608913272
-0.3323152098439551,-5.54270144623022
-0.33579082155680284,-5.541013931681067
-0.3387464372954665,-5.539079089366865
-0.3415963295450926,-5.537014093952531
-0.3442159865698055,-5.534886914031102
-0.34715665417745517,-5.533150597189413
-0.35039612441060575,-5.531458478853402
-0.3534797058545258,-5.530067744057902
-0.3569578209953914,-5.527350494584414
-0.3602196014976944,-5.5244217901728545
-0.36330240370493616,-5.521413998695894
-0.366077544698237,-5.519079265233802
-0.3688617192122037,-5.516824883994176
-0.3717728080346779,-5.514754363887478
-0.3747700270326791,-5.512788855288387
-0.37783869463698266,-5.510737050435071
-0.3808249224821301,-5.508635566741738
-0.383648087999181,-5.506336271031478
-0.38632375472090047,-5.504008694249799
-0.38909727350168316,-5.501815930057937
-0.3921191481377922,-5.4999249763975175
-0.39500226840639635,-5.497918021226719
-0.3978083858108139,-5.496035167207717
-0.40036414671820736,-5.493848839065985
-0.40279045324577506,-5.491541954908719
-0.40538658781996517,-5.489245906414824
-0.40809900686160233,-5.487090544669678
-0.41096598093265313,-5.484851185244558
-0.41366816536588363,-5.482730402523139
-0.41690945320678613,-5.479786588993975
-0.4201281308294543,-5.476825610598193
-0.4231358874081919,-5.473853772986735
-0.4258336291573532,-5.470610976045565
-0.42867114077110224,-5.467398143104734
-0.430978625398615,-5.4651500699307585
-0.43328478302531065,-5.46308746644504
-0.4357142557879946,-5.461314611127176
-0.43785626571811126,-5.4592547045974635
-0.4397732874323064,-5.457149887033498
-0.44193060422829944,-5.455012387619421
-0.443932316564576,-5.452686868264039
-0.4460698357777974,-5.450378588783026
-0.4481192313117686,-5.447955902048778
-0.4502229949610086,-5.44559907323809
-0.45214027615343655,-5.443317947605897
-0.4541032785494813,-5.441102136676812
-0.45586590635397983,-5.4386444648062975
-0.45756123590308545,-5.436227985553675
-0.4593723872971728,-5.433813190249144
-0.4613691148338365,-5.431622755170338
-0.46328365146678,-5.429588087801447
-0.46510856819074575,-5.427562745738131
-0.4669000414199656,-5.425497319367882
-0.4689904449078485,-5.4230405726669995
-0.47110875085733217,-5.420606141246506
-0.4731479933237213,-5.417856134075362
-0.475093127078447,-5.415234613411694
-0.4770700356436548,-5.412638540593947
-0.4783956949270219,-5.41115775462632
-0.47965422076017916,-5.409652751499957
-0.4809470113866521,-5.408174818044132
-0.48220761374407717,-5.406569043915406
-0.4834112297993237,-5.404800783726714
-0.4844809711540743,-5.402927437838109
-0.485419353880885,-5.401073615732868
-0.4863857238045037,-5.399436112126392
-0.4872479051084864,-5.3977168032632505
-0.48817020345337847,-5.39618077128656
-0.4891860071003995,-5.394631315023529
-0.4899184860364902,-5.392797243890808
-0.49067897994063076,-5.390656171723845
-0.4913826903999324,-5.388478677178221
-0.4920739770948944,-5.386304221534106
-0.4927754026669894,-5.384356304686452
-0.4934029822174167,-5.382370389483174
-0.49389353670239206,-5.380309615491848
-0.49445038759350896,-5.378197037773657
-0.49522035837578726,-5.376090162440418
-0.4959529725842018,-5.37395524430712
-0.495929461344976,-5.372374677744999
-0.49569203223925284,-5.370725982992908
-0.49533968684012963,-5.369008882756826
-0.4952871588657563,-5.367552724260065
-0.495265526435545,-5.366073243397904
-0.4952817464644754,-5.364573233219772
-0.49502141815433814,-5.362790219281995
-0.4947249244478128,-5.361034627310606
-0.4943432643339086,-5.359272389168071
-0.4941348807685897,-5.357660952871145
-0.49368507333524003,-5.356232117076738
-0.49332784655151524,-5.35486658615088
-0.4928300942129976,-5.353364206527665
-0.4923624405345078,-5.351839158256623
-0.491634187406354,-5.350093803755585
-0.4907944493121782,-5.348197013574521
-0.48973899949634636,-5.346463582964208
-0.48897076450999066,-5.345015274781016
-0.4883485713195023,-5.343740026382978
-0.48766222809975,-5.342513436847413
-0.4867052585489865,-5.340991921902667
-0.48535572009712846,-5.33938488510738
-0.48414012094427145,-5.33747992270065
-0.48301073116779664,-5.335805987286232
-0.48164036771685237,-5.334633764675168
-0.480319291517384,-5.333617250429609
-0.4786869160662521,-5.332503008738358
-0.47695278902020544,-5.331408773713818
-0.4751348046306671,-5.330213609572014
-0.4733693492937066,-5.32897888252002
-0.4715443826784753,-5.327758247462975
-0.4697862118417996,-5.326866530047594
-0.46779901076347336,-5.325788336097365
-0.46580909627284756,-5.324751234664048
-0.46384725331885684,-5.323619492123284
-0.4620473876895976,-5.322505099422019
-0.4601747870245118,-5.3212832864206145
-0.45839019695284705,-5.320268314270758
-0.45664512976330485,-5.319190215930517
-0.4548281202944509,-5.318126895026329
-0.4530610648979504,-5.317159016511267
-0.4510514330571686,-5.316239521282264
-0.4490977724703326,-5.31536411265792
-0.4470876087852263,-5.314472236838886
-0.44525589048796355,-5.3135810530321725
-0.44342864103011587,-5.312693340223703
-0.44156917514767424,-5.311870072543631
-0.43945643683866353,-5.3108738069133175
-0.43706586094372196,-5.310026343457479
-0.434745647544079,-5.309187884069077
-0.43266160850552604,-5.3086335235136595
-0.43083284720714227,-5.308180106211288
-0.4291469312634002,-5.307944516700242
-0.42729291164883576,-5.307506332429539
-0.4252317758092955,-5.307032524904422
-0.4230303413703821,-5.30641852299427
-0.4209379241111851,-5.305935579576456
-0.4190847365973087,-5.305475136210277
-0.41728967433603575,-5.305329052813226
-0.41560642047276786,-5.30531736229394
-0.41388147861409497,-5.305122399727045
-0.4119616443438183,-5.304895785928886
-0.40992968146519976,-5.304533873336059
-0.4075486297555037,-5.304810759988213
-0.40524512806402246,-5.305377539480149
-0.4029747690022869,-5.306033850675773
-0.4011306716436628,-5.306744584998849
-0.3990333201049192,-5.3074220767331575
-0.3968058033666576,-5.307938862455392
-0.39450982856020783,-5.308360962373647
-0.3923084018226425,-5.308825436854269
-0.39045249369597534,-5.30933931371517
-0.388527232505505,-5.310127031527817
-0.3865032143810634,-5.310989984772894
-0.3842624084868827,-5.311664278421185
-0.38218911730246213,-5.312392847034736
-0.3802755785467835,-5.313333832623685
-0.37849406747188513,-5.314266791263655
-0.3764497920022997,-5.314946212593417
-0.37422898093304985,-5.3157601293230545
-0.3719498196782093,-5.316482213818571
-0.36978255078188854,-5.317049285492246
-0.3677620792587579,-5.317864137806373
-0.36594715726277455,-5.318840481562468
-0.3639747278604895,-5.319774119419602
-0.3618936008497145,-5.320650906631627
-0.35955274088073735,-5.321323498903471
-0.3568109033801961,-5.322538209886194
-0.3541201952361576,-5.323814751600439
-0.35129586238982,-5.325176103639943
-0.34870562577020575,-5.326726193265558
-0.3461355824299594,-5.328556153254468
-0.34349598908593987,-5.33033145988646
-0.3405714054902098,-5.332323946530272
-0.3373559155121957,-5.333964333458908
-0.33432603869512795,-5.335749996091092
-0.33121914605870856,-5.337594396104186
-0.3283732177089778,-5.3397541627269565
-0.32568241039138945,-5.342035191582486
-0.3227496934663853,-5.344500563770642
-0.3196978352822619,-5.34682106212928
-0.3163657057322708,-5.348921621244178
-0.3131054046124489,-5.350967473367257
-0.3100163397495789,-5.353210284282476
-0.3070712383472848,-5.355536859908785
-0.30383302954927854,-5.357662995659029
-0.3007283638866439,-5.359950732515052
-0.29742559896275883,-5.3621851049907425
-0.29427056359935594,-5.364268800396204
-0.290855402861503,-5.366036757287341
-0.28705567677204535,-5.368565464759914
-0.2834141357338571,-5.370973598323355
-0.27960501648950065,-5.373326279732872
-0.27623743469644035,-5.375268092833734
-0.272913870048702,-5.3771763280803375
-0.2698203329915621,-5.379264173386252
-0.26641865796945846,-5.380977682795458
-0.263191475672231,-5.382558161830089
-0.259772451874997,-5.383989131923036
-0.2564507819985651,-5.385538613022687
-0.2529923949266562,-5.387269747544728
-0.24955274043926318,-5.389030611878897
-0.24612218141902112,-5.390793018908734
-0.24277172658001617,-5.392494322133431
-0.23930274657999348,-5.393994982003989
-0.23566469917026836,-5.395323732852936
-0.23193656636494211,-5.396721220439022
-0.228107155853321,-5.398021692571358
-0.22453054945271572,-5.399603876362622
-0.22095917228405107,-5.401182078091165
-0.21729719178399587,-5.402579934577327
-0.21334591965868605,-5.403719742028319
-0.20937595360581013,-5.404873870863208
-0.2046606536731612,-5.406754672177306
-0.19993159466856764,-5.408618946859009
-0.19525295809044635,-5.410464656900194
-0.19062385587786704,-5.4126007703067165
-0.18648501294699815,-5.414122937458812
-0.1819656292016144,-5.415334647406638
-0.17772445414304508,-5.416333907336846
-0.17300738622010176,-5.416813074382443
-0.16827961645340306,-5.417050076153038
-0.1636351867489412,-5.417324619108518
-0.15883852712925983,-5.416954323809665
-0.15426644111134633,-5.416850081855544
-0.1493409016206817,-5.416472331297904
-0.14429994968327275,-5.415698489851636
-0.13921906754406607,-5.414805643459049
-0.1337322571103276,-5.413598837457925
-0.1282535909163811,-5.411983651260108
-0.12283850565168154,-5.410405602114371
-0.11721745109137198,-5.408668510953457
-0.11148237786842174,-5.40680048211035
-0.10580816931194359,-5.404771488262556
-0.09992869706390764,-5.4026123123845515
-0.09403533836854623,-5.400311744156976
-0.08728143306496604,-5.398789880567391
-0.08016267925044089,-5.396885856520587
-0.07299828520091295,-5.394915820566551
-0.06599949170647199,-5.393045961974221
-0.059474697481364386,-5.3904803513313
-0.05249563724774159,-5.3876990824401965
-0.0454508292352378,-5.384867311951868
-0.03838096401446668,-5.381756041483245
-0.03133537371839016,-5.378471826169077
-0.024148133324622154,-5.375078489953935
-0.017126156259900074,-5.371787828880506
-0.009913638664735729,-5.368398207280324
-0.002639065018990723,-5.364960958073385
0.004944674040621881,-5.3617151434554104
0.012664250200223012,-5.357996537047693
0.02037617740365584,-5.354268435850945
0.028157526891447834,-5.350558710745809
0.035764209606454885,-5.3469013289892375
0.043118592312001255,-5.343550951132585
0.050610371848428495,-5.3404271028512476
0.05818020924278869,-5.33695189614387
0.0658538137222883,-5.333415676357344
0.07350034672348621,-5.329724899664656
0.08095438833607148,-5.3258837127316685
0.08820064220548773,-5.32229899225684
0.09524793813802507,-5.318867859668995
0.10231827766371601,-5.315453528708729
0.10909843747099986,-5.310902266687164
0.1156900106112639,-5.306393561936271
0.1222394414670312,-5.301917376727861
0.1287740466841379,-5.297134512863887
0.13521515722390196,-5.292282648337169
0.141584901140405,-5.287485772829736
0.14791691279899874,-5.282956021248505
0.15403934185323834,-5.278936307240495
0.15998667902086866,-5.275051544660822
0.166092994125506,-5.271006112000843
0.171619022715678,-5.267281774560811
0.17730292644724366,-5.263442621410688
0.1826333898575153,-5.259948321940045
0.1877251553979297,-5.256751917288725
0.19271540319592992,-5.253688310758702
0.19730568817786107,-5.250954371833887
0.2015838610273967,-5.24837816193153
0.20585524860295787,-5.245839109584573
0.20981290531420654,-5.243547919454595
0.21343670825384806,-5.241115929023104
0.21729056653589884,-5.238864082706207
0.2208738284539547,-5.236820599645376
0.22396523959343326,-5.2353843610616035
0.2262463809834804,-5.233293170535597
0.22827084150864732,-5.231316283118508
0.2301763887644321,-5.229462835954852
0.23212240132775402,-5.227641368063045
0.2339285308525948,-5.225966801174434
0.23508498092558905,-5.224781526454931
0.23590657273590906,-5.223980317632664
0.23679819038592834,-5.2233424768649055
0.23773346621497862,-5.222706339974651
0.23859323985936143,-5.2220578800735185
0.2394738107667412,-5.221484747057129
0.24001966187526383,-5.221225693252573
0.2403596258365535,-5.221193135438476
0.24016691540569896,-5.221247132567417
0.23979207495441948,-5.221556105504683
0.23936575943810426,-5.221757720257678
0.238657935266306,-5.222112849548508
0.23803754057956922,-5.2223481189812455
0.2375151978267422,-5.222685276829969
0.23669474343035454,-5.2229200402850795
0.2354203781928721,-5.223715252905464
0.23397462855065856,-5.224601397543408
0.23254977008985905,-5.2256472365835185
0.23101544411815916,-5.226868785952771
0.22937280933595836,-5.228080870201164
0.22754021488520818,-5.229439225393658
0.22548625955659576,-5.23091812112662
0.22313674299129863,-5.232788025302767
0.22096166920805752,-5.234669986502208
0.2184944936053145,-5.2367286005438975
0.21566910813467258,-5.239130732055719
0.21305409759049843,-5.241697942743991
0.2102196480292373,-5.244405385774139
0.20763017581160897,-5.246855761128218
0.20483851931350447,-5.249147631240555
0.2018812799217844,-5.251697658088612
0.19854372704629683,-5.254605837195917
0.19533034626394677,-5.257611328573425
0.19183674443394252,-5.26089150195952
0.18851537951990302,-5.263966400742497
0.18524335181283622,-5.267079858297065
0.18212065841993155,-5.270072679851301
0.17907458806645085,-5.273044568028271
0.17586613547845215,-5.276316550602238
0.1727028005897058,-5.27958071820736
0.16929082061663953,-5.2831516600085635
0.16608273581285213,-5.2870134888298015
0.16285014178631085,-5.290856238360761
0.1597655575562806,-5.294554122081516
0.15676786384338862,-5.298089790860355
0.15369170271335514,-5.301316181881451
0.15024996011405298,-5.30499355639079
0.14661275117920922,-5.308821351142313
0.14305962879000808,-5.312714830314113
0.13957284280420343,-5.31652646761346
0.1362676113549445,-5.320198483380623
0.13274316182294643,-5.323700190949988
0.12899765105236016,-5.32738426208297
0.1250988059869843,-5.331133670866434
0.12136849190119331,-5.334823855091611
0.1174876369837375,-5.3386996736643075
0.11382596093863129,-5.342418013858025
0.10982473194068895,-5.346329594467833
0.10616547315329866,-5.349819401658354
0.10240459255991849,-5.353329851566673
0.09861449013738136,-5.356762145365879
0.09516296007450549,-5.359925679971216
0.09152233334862084,-5.3633342865804945
0.08784761111979329,-5.366676717847503
0.08415322953765668,-5.370034275441583
0.08067245526924975,-5.373128452465799
0.07709252742033543,-5.3761459434645875
0.07355764364404029,-5.37912881320415
0.0700869529297558,-5.382032526849226
0.06666977379412473,-5.384977679809398
0.06324259307480318,-5.387930523239135
0.059686414852537756,-5.391042351202274
0.05591862005355308,-5.393990855074879
0.051964075728335744,-5.397082903510676
0.048455329283991655,-5.399835620970971
0.04523812147960794,-5.40248840798188
0.04181929045497074,-5.405111462938711
0.038127984479248346,-5.408070247067998
0.034497103413491124,-5.411224784224915
0.030633769302949563,-5.414678461671139
0.027030061960149385,-5.417812333711242
0.023609455656338985,-5.420721072846088
0.020291303427701857,-5.42353699781429
0.01709924110211505,-5.4261976326568035
0.013881009912792714,-5.428856890300519
0.010412935131871267,-5.431741170065084
0.0067979251467265335,-5.434806501073311
0.003228040173492185,-5.43777747218721
-0.00017701421911300527,-5.440454854180147
-0.0034829705378645504,-5.442975214417506
-0.006705583673000693,-5.445358759381628
-0.010020018591895314,-5.447910480024239
-0.013564375422828876,-5.450285531679299
-0.017294792313494754,-5.45283470035013
-0.02104923573343165,-5.455257078868031
-0.024786381205203302,-5.457829405563941
-0.028395643922310396,-5.460274582359704
-0.03178238349791425,-5.462548737988923
-0.035324060406751435,-5.464704137435947
-0.03896138296856361,-5.4669772211418595
-0.04268730139512648,-5.469318396601214
-0.04617293312760088,-5.471843590941356
-0.0492619463590612,-5.473969883025722
-0.05225710811224493,-5.476076623616238
-0.05538873903704961,-5.478259631818974
-0.058402276820370136,-5.4801717211702705
-0.06161071614604906,-5.482309292076684
-0.06482664043483255,-5.484452622203409
-0.06799344969171577,-5.486815573497065
-0.07103453262080389,-5.48909870209862
-0.07391534971071051,-5.491506007257977
-0.07685927878003682,-5.494023582526987
-0.0796407059159079,-5.496341359046646
-0.08270020132873289,-5.498787895013382
-0.08559423601705064,-5.50120261228114
-0.0885200461267509,-5.503656461902972
-0.09130133241198797,-5.506193003999011
-0.09408901507319027,-5.50869042416232
-0.09676274766583667,-5.511047801086145
-0.0994119994446888,-5.5134138472675644
-0.10213970978569212,-5.515445323091305
-0.10474712518086172,-5.517328960075268
-0.10702822485584713,-5.519176319324387
-0.10932581132069738,-5.520848705880582
-0.11164652891680876,-5.522549543723714
-0.11385800036744272,-5.524042332609867
-0.1162552930848437,-5.52526964390368
-0.11851281225010593,-5.526325113368493
-0.12097889061495612,-5.527298809977294
-0.12314642664772775,-5.52802307584253
-0.12532648657324758,-5.528689447391171
-0.12729135633200778,-5.529309427659402
-0.12946828884466782,-5.52993767021289
-0.1317663884559068,-5.530658080701648
-0.1339559855652887,-5.531271438571129
-0.13601406025507384,-5.531572531716824
-0.13780544253611657,-5.531606118811884
-0.1398029755791014,-5.531858550694297
-0.14170907601243998,-5.5321806558405635
-0.14398407490491585,-5.53284021881754
-0.1458892542025935,-5.53307823894902
-0.1476296453957839,-5.53316802064014
-0.1492212255587674,-5.533368521341678
-0.15074473772515612,-5.533539527226627
-0.15198964457709507,-5.5338498341784375
-0.15337096314079107,-5.534265088675251
-0.15477274174040112,-5.534675186198995
-0.15629218948307588,-5.534963936369976
-0.15778413068601746,-5.535356416420674
-0.15903697329646602,-5.535455421430213
-0.1600395706788911,-5.535464092499044
-0.16110008587756666,-5.535361135568936
-0.1624002049405158,-5.535265057980692
-0.1638966653160028,-5.5353827391408155
-0.1653749525133717,-5.535521165608499
-0.1669851546652698,-5.535857923038889
-0.16832486778293812,-5.535862820950871
-0.1693579172958316,-5.5356426264935
-0.1704538540923741,-5.535255122000026
-0.17176508339683286,-5.535131623063247
-0.17317165109203136,-5.5349919936708005
-0.17480760199280035,-5.534967049429726
-0.17647009015736287,-5.53497455602768
-0.17807549791656382,-5.534686034003506
-0.179612077342342,-5.534248701526074
-0.1809454567712626,-5.533562013905445
-0.18242010404660566,-5.532967479296115
-0.18404007444168394,-5.532608236665925
-0.18583751150563857,-5.532093031709585
-0.18779074003393872,-5.531697696921447
-0.189531057878452,-5.5313174582679245
-0.19110863970716915,-5.530739761351196
-0.19312599433974703,-5.530372779767795
-0.1952073995922179,-5.529866111210673
-0.19728418577163082,-5.52938876568072
-0.19971360529213178,-5.528934533545511
-0.20190059607600236,-5.528715158232097
-0.20416220912757163,-5.528520704725494
-0.20659586042487993,-5.528119182671449
-0.20898961052613055,-5.527693052606766
-0.2112553305748999,-5.52722457592835
-0.21398334655563708,-5.526615000184951
-0.2168336469019181,-5.5263564183288985
-0.21974326781598902,-5.526143510084075
-0.22280055911322338,-5.5260139417692296
-0.22555969490051794,-5.525648417744875
-0.2284967855705845,-5.525420260372501
-0.23146972233740395,-5.524902941022755
-0.2345195469603579,-5.524514605227391
-0.23762819606908528,-5.524171650074531
-0.24083307523843972,-5.524135023385305
-0.24417567605608412,-5.524167851612014
-0.24748334412308792,-5.5241735667942935
-0.25087529301571065,-5.52401603431588
-0.25433143466922287,-5.52366586381703
-0.2577298654860288,-5.523270882551117
-0.2612324203173349,-5.522637927757537
-0.26494282895374455,-5.521676970121512
-0.26872349162792525,-5.520825744297333
-0.27263161798892405,-5.520128993416584
-0.2766939282517172,-5.519315768638915
-0.2806409579882008,-5.518341824414849
-0.2845212827077711,-5.5175502588880265
-0.2885288652226485,-5.516390103640927
-0.2926238478815382,-5.515328157476469
-0.2965039430432517,-5.514099327213011
-0.3006418677997927,-5.512838373342587
-0.30477421350483935,-5.511555549963596
-0.30864825894672687,-5.510071844895365
-0.31265044788717333,-5.508239641747923
-0.31656633494011005,-5.506430056686199
-0.32016516250631016,-5.504316387274136
-0.3237079542542513,-5.502124755706697
-0.32678165162354256,-5.499822571043129
-0.33006112308368846,-5.4977122487451195
-0.3335970685618945,-5.495671392963488
-0.33709441056315154,-5.493616432108501
-0.3402691167160921,-5.49116801789835
-0.3434190037972715,-5.488853427626371
-0.346152766451805,-5.486214453106431
-0.34889104146668687,-5.483818482606011
-0.3522325504566642,-5.480677021434591
-0.3554051790325461,-5.477402174474717
-0.3585486726865578,-5.474482239957084
-0.36172290780217153,-5.471565421304501
-0.3648540929032293,-5.468681079764861
-0.36794274222932694,-5.465751829566667
-0.37076559255780356,-5.4625626270414145
-0.37314522383782683,-5.45970825381208
-0.37558798901884266,-5.456916026113143
-0.3782233671022591,-5.454317838543227
-0.3805940834625014,-5.451919637843053
-0.3828897252139459,-5.449365233107189
-0.3847314478895745,-5.446338671408804
-0.38638941479117894,-5.443451023558026
-0.38813702063969574,-5.440734697487319
-0.38988987607001196,-5.438044737429444
-0.3914971151833819,-5.435464849824405
-0.39314282505246906,-5.432874098580169
-0.3945251445866741,-5.430096534102439
-0.39608279819571135,-5.42718632835912
-0.3973574346167775,-5.424016681992475
-0.3986154451811164,-5.4208111086378565
-0.3997294104500236,-5.417714436231861
-0.4010420152631134,-5.414804549896174
-0.403104257644305,-5.410619462849639
-0.40512702820881263,-5.406464370143179
-0.4066789001407789,-5.402695158182642
-0.408042398991107,-5.398822693676865
-0.4092751229482962,-5.3947675691974935
-0.4105886216862971,-5.3906513415882635
-0.41209881875194554,-5.3868038811953305
-0.4135368642669838,-5.382936068384731
-0.4146385501227182,-5.379199479583067
-0.41558876519392135,-5.375412077862822
-0.4164720086521522,-5.371535169278815
-0.4170343150386426,-5.3676783924646365
-0.41768148890671164,-5.363783711911583
-0.41871045442012744,-5.360208675529695
-0.41961239518591414,-5.356930498377451
-0.420431203663017,-5.353758585165913
-0.421240999143179,-5.350576196607467
-0.42184485684084333,-5.34723909162926
-0.42273569369324754,-5.344151919828609
-0.423608566352146,-5.341043532838174
-0.4250425887437999,-5.3371737169393505
-0.42655311594724027,-5.333365021921987
-0.4280832641209193,-5.32983306165997
-0.42936826788381055,-5.32621733277426
-0.43063461360786565,-5.32258783987916
-0.4319262851800494,-5.318839965725276
-0.43255347848738723,-5.315754249786197
-0.4331977635584283,-5.312817713563955
-0.4335798711984452,-5.309839095080807
-0.4340901935718087,-5.307015361258384
-0.43441962278504537,-5.304236807676901
-0.434732941866128,-5.301496963196538
-0.4349528620569418,-5.29864524843372
-0.43535436562358104,-5.2955970947274364
-0.4357091499171788,-5.292534578008314
-0.4360971565350148,-5.289512534231489
-0.4364261402563743,-5.286507908739348
-0.4364771486898202,-5.283482417508747
-0.4367829369056153,-5.280763709537367
-0.43707287478335627,-5.2778245165234665
-0.4374550536999871,-5.275040358775553
-0.4377852631558971,-5.272194110723251
-0.43816614217007843,-5.269425436076135
-0.43829365600811615,-5.266643213784635
-0.4386352063000244,-5.263485108575861
-0.43870226753701325,-5.260233236386717
-0.43906204511532465,-5.257253984604448
-0.4394773247264539,-5.254337136431661
-0.4400541721961178,-5.251535390421461
-0.44038348234627056,-5.2484879473519355
-0.4396933690137202,-5.246659316201471
-0.438724177296798,-5.2448373391762315
-0.4379670930243218,-5.243169770259179
-0.4370803872124138,-5.241601326538849
-0.4364853512688116,-5.240340986604179
-0.43557063499578913,-5.239026324968332
-0.4345289003081959,-5.237708358636099
-0.43334058996223823,-5.236237880872503
-0.43209296803438335,-5.234683583163081
-0.4306984866560818,-5.23324300279979
-0.42939094182959736,-5.231907085606614
-0.4282985477215205,-5.230770557248049
-0.42715046853951555,-5.229676888029216
-0.4259123268714669,-5.2284930654513495
-0.4244257787624921,-5.227063751905837
-0.4229301834838965,-5.22564179947284
-0.42137103438075146,-5.224226310348563
-0.42014587943963816,-5.223129765074983
-0.41901921550561133,-5.2219582682557935
-0.41773537325525567,-5.220844256290157
-0.415838446577931,-5.22063329272095
-0.41357658636654404,-5.220269355242974
-0.4112092289294527,-5.219622922976819
-0.4089936204629727,-5.219130026208964
-0.4070344787565027,-5.218828505523763
-0.40511742380749405,-5.218678467298058
-0.4033177436723762,-5.218573101108303
-0.40139090878305567,-5.218357544139238
-0.3993818232247834,-5.217912668301822
-0.3971676045771978,-5.217465118392272
-0.39481899721027,-5.216831380888766
-0.3926404151504774,-5.216281148182021
-0.3906025769124848,-5.216042093198081
-0.3887336301198714,-5.215990297988097
-0.38690396127163285,-5.215947468892065
-0.38477449794146396,-5.215869726774065
-0.38275894552307854,-5.215881913665314
-0.38076460732889944,-5.215669140159472
-0.3788750017236331,-5.215412104892176
-0.3771704004461998,-5.215301236969082
-0.37541355890976297,-5.2150240720389425
-0.3736633876949655,-5.214741998336556
-0.37133122618313863,-5.214850083659103
-0.36918835684356327,-5.214950648557631
-0.366891325224024,-5.215292345208924
-0.3648534790434505,-5.215838826255161
-0.3627302695211557,-5.216282437941805
-0.3604469796214005,-5.216495309044007
-0.35824628676363285,-5.216870889979021
-0.3562490172525021,-5.217457703932901
-0.35430291222373306,-5.218005299246149
-0.3524466232968031,-5.218605991878146
-0.3503026981753613,-5.218943464525349
-0.3485511621639534,-5.21898014536381
-0.34671702315767455,-5.21898507782107
-0.34518092987828003,-5.21928808290222
-0.343681403499334,-5.219563000999537
-0.34246073236951324,-5.220103122698793
-0.3412921788750064,-5.220737672599556
-0.34035918965204204,-5.2211915919993865
-0.3393604289329159,-5.2215660930166745
-0.3384507724009887,-5.221981708277898
-0.3374089280640155,-5.2224986601507855
-0.33657560595418984,-5.223248585030969
-0.3359902441134811,-5.224243685578158
-0.33517330127528067,-5.225582416619639
-0.33439511986922565,-5.2272075835790055
-0.333335705208043,-5.228493947223638
-0.3321936586912753,-5.229843682301817
-0.33105954944694554,-5.231139516087146
-0.32995395537384675,-5.2324985712998675
-0.3292268257448267,-5.234021440359507
-0.32851034216248665,-5.235900338422338
-0.3277946601863552,-5.2378088184437965
-0.32705546298105936,-5.239710571791359
-0.3262221233181131,-5.241500624541121
-0.325586431599601,-5.243522172625754
-0.324885096498725,-5.245464517854925
-0.3241567484087416,-5.247720312234224
-0.32335774531842676,-5.249728306071197
-0.3228438460510339,-5.252080355192518
-0.32217350187626487,-5.254338672661268
-0.32173859842084573,-5.256670430080383
-0.3210765902826214,-5.258728044693752
-0.32035287015910563,-5.260793970366365
-0.3197143016275626,-5.26267060424076
-0.3190964855717421,-5.264612748512649
-0.31852132825853746,-5.266731232212137
-0.3179320942634188,-5.268972446338813
-0.3171488624555159,-5.271383746269537
-0.3164642401860473,-5.273914310602976
-0.3157530136765901,-5.276465325953527
-0.3154717215572592,-5.278503404925592
-0.3150318028787818,-5.280349802082548
-0.3142557298300047,-5.282453343332014
-0.31340403494349145,-5.284497383048345
-0.3128981484056304,-5.286724995682968
-0.3127306755709707,-5.2893257205200355
-0.3121977198096833,-5.291741042446946
-0.31144441534479445,-5.2939242704675324
-0.3105766173503245,-5.295930103302038
-0.30979981830090136,-5.297951296190656
-0.30928530270432525,-5.300204186478599
-0.30870839492897256,-5.302718364617395
-0.30799594274969433,-5.305177083971841
-0.3072890762886804,-5.307704956325414
-0.30644646959358696,-5.310042673328681
-0.3054184577849735,-5.31230830268049
-0.3043828900661868,-5.314532114460978
-0.3035165594523456,-5.316922573862848
-0.30268691408375836,-5.319415867056434
-0.30176459533658223,-5.321864930168421
-0.30081746873931997,-5.324113893429077
-0.29933947109199677,-5.326619870825433
-0.2975520592739743,-5.329161975061
-0.29593907948555775,-5.33105324661847
-0.2946725214255886,-5.3329618447376
-0.2936420054350868,-5.3349831122272855
-0.2926280259585465,-5.337017123888015
-0.2917591923816029,-5.339043455143617
-0.29061475018727173,-5.341087959111803
-0.289306145501817,-5.343003801722657
-0.28821578808990866,-5.3447434890937835
-0.28711704854953685,-5.346459364491122
-0.28614578003629193,-5.3482747836559525
-0.2850600926033448,-5.349998858383408
-0.2837222547933151,-5.351534326945919
-0.2822587645172386,-5.353009590435746
-0.2811591524680612,-5.354501657034835
-0.28022109500297154,-5.3561708318982095
-0.2792585578401185,-5.357781444786131
-0.2781659495275067,-5.359196814948378
-0.2769243097592212,-5.360473373722304
-0.27561434103939103,-5.361738231109969
-0.27443324263270275,-5.3630873183386845
-0.27326349680059914,-5.364551261905521
-0.2721197214436868,-5.365985001258112
-0.27054945943431885,-5.367978993795853
-0.2689768184948114,-5.3700015284197145
-0.2675132835820579,-5.37161923962406
-0.2660023243573681,-5.373179486582797
-0.2646636193573979,-5.374843256678197
-0.2633226774408423,-5.376631032300268
-0.2622253013821041,-5.378714871320497
-0.2612491386764643,-5.380536841003051
-0.2602834837871457,-5.382369026682828
-0.2588257965685747,-5.383837412269998
-0.2571969197442898,-5.385172435435262
-0.2556867479899637,-5.386416950074686
-0.25436628402492045,-5.387892315102634
-0.25328290640809886,-5.389552541130158
-0.25197039522224063,-5.391387495250187
-0.25055996524975666,-5.393103409134519
-0.2488934437832129,-5.394619949991207
-0.24729184487051606,-5.396087005831768
-0.24567877418800138,-5.397453432296231
-0.24406731499090506,-5.399111567687627
-0.2424232885483313,-5.400625664534722
-0.24095171708574728,-5.402349679574712
-0.23922302873716986,-5.403974360351707
-0.2371278787344972,-5.406068643497831
-0.23525058821963282,-5.408303061107069
-0.23335196479923162,-5.410449076551505
-0.23166570774985876,-5.412256493972674
-0.22999637563110362,-5.413800477141004
-0.22858440124540907,-5.415658012186051
-0.22704252163337768,-5.417333197293746
-0.22546749132370836,-5.419117156184596
-0.22384787531140646,-5.420854111068794
-0.22223064600821058,-5.422486038757207
-0.22079563908049538,-5.423985766771757
-0.21940926441737954,-5.425498427193016
-0.21801585484342315,-5.427007839981571
-0.2166820979369116,-5.428471813652741
-0.2154021799932923,-5.430035278236928
-0.21426544551583906,-5.43175001722411
-0.21302688317313315,-5.43354238636564
-0.21184204034987766,-5.435304962401338
-0.210455827625024,-5.436845293676818
-0.2092049961074434,-5.438282496069516
-0.2080554740706323,-5.43987321828635
-0.20727018348116213,-5.4418126303590455
-0.2060166354436614,-5.444283255270614
-0.20492272793516392,-5.446875293849283
-0.2035843104255266,-5.449236896488212
-0.20239201769684467,-5.4514872950515665
-0.20106474441130265,-5.453636916479526
-0.20035043358114096,-5.455270251661139
-0.19958043887110172,-5.456807804237839
-0.19903158098520157,-5.458759463262261
-0.1984178507596433,-5.460684774398491
-0.19771459054157878,-5.462443695709067
-0.1969844699259879,-5.464008652274735
-0.1962454594682348,-5.465497484842247
-0.19572804234946484,-5.466986946148235
-0.19544589876946564,-5.468745951871617
-0.19511769499731413,-5.470806142627199
-0.1948706210644884,-5.472929142115044
-0.19460752501546863,-5.475011140492534
-0.1943584410046191,-5.4769808329123055
-0.1941097469698219,-5.478950860863843
-0.19406207730095734,-5.4808077564074456
-0.1940352302137025,-5.4827219596049614
-0.19408480103709014,-5.484695299883127
-0.1942388982981585,-5.486816427732424
-0.19397558238109353,-5.489196771023795
-0.19396336407175235,-5.491386446580819
-0.1940949450796312,-5.493687449902827
-0.1939261261303912,-5.495621031356279
-0.19397279635792752,-5.497391003383342
-0.19414989006961822,-5.498460905361344
-0.19408579068699952,-5.4993646647169285
-0.1942243990694382,-5.5004379537533215
-0.19471590831847244,-5.5015457597019335
-0.1953261476005261,-5.5027252482447615
-0.19608390981154072,-5.503632306518019
-0.19665367914405574,-5.504475248858273
-0.19720479669052224,-5.505319950046917
-0.1977407512780832,-5.506231967590448
-0.198324339002709,-5.5072643133605546
-0.1989838318289902,-5.508391563653508
-0.1996891064825099,-5.509419052820398
-0.2004011669295603,-5.510451839320267
-0.20094970776491752,-5.511416487703436
-0.2012781820078946,-5.5123232363531285
-0.20171548388233124,-5.513387303138756
-0.20241288128950852,-5.514487694214049
-0.2032756022484483,-5.515782532884148
-0.2041699584662952,-5.517144812761218
-0.20481487969532225,-5.5184054026047615
-0.20525311194681842,-5.519430307191646
-0.2054560648417857,-5.520303137449567
-0.20607913153377555,-5.520611838231274
-0.2068826141456751,-5.5210193409026385
-0.20768633201311165,-5.521452240406789
-0.20856555282281156,-5.521827956324891
-0.20957559127161682,-5.522300997309306
-0.21029368099341356,-5.522494788586045
-0.21071547129536705,-5.522481335626007
-0.21114612679704328,-5.522478691156976
-0.21187896644955803,-5.522427956209899
-0.21255750363068174,-5.522432310138863
-0.21341798048864205,-5.522264553362838
-0.21394141439202202,-5.5218365006789965
-0.21437897495131716,-5.521473547062525
-0.21448952294219986,-5.5207261554081235
-0.21480486867915996,-5.519860239466242
-0.215074521771534,-5.51889068535695
-0.21540526381856168,-5.517995722747896
-0.21589932323551872,-5.5168652214789144
-0.21638120541630346,-5.515725162665685
-0.21677153236896143,-5.514614645246334
-0.21709479611033686,-5.513390090370871
-0.21740822706770496,-5.5121578089253696
-0.21777633633356558,-5.5106562241121395
-0.21858738543038173,-5.509014417609018
-0.21945256045785322,-5.5075108826365575
-0.22019826013202137,-5.506045966834667
-0.22094280183908105,-5.504579482501786
-0.22132403212390386,-5.503062889277201
-0.22204752128970295,-5.5016956419826855
-0.2226468257251964,-5.500176463318211
-0.22340950300487547,-5.498844528038772
-0.22392150485386786,-5.497399986740731
-0.22452479290557267,-5.496066944243823
-0.22475454916051685,-5.494796095455639
-0.22509669414219746,-5.493647269809116
-0.2252217159656157,-5.492233085825669
-0.22555228389196857,-5.490911377310861
-0.22590091658908568,-5.489419355735304
-0.22636093859597933,-5.4880634030880895
-0.22658980262380113,-5.486688798756476
-0.22683827649369379,-5.4853071400035125
-0.22756825649706197,-5.483565866772874
-0.22831655747447854,-5.481630639208212
-0.2291288058557447,-5.479325027013351
-0.22973715738693287,-5.476861469930347
-0.2305088204516637,-5.47460519745805
-0.23126520810962622,-5.472350124266601
-0.23211244894367247,-5.470230991365397
-0.23310781119215412,-5.468275443970231
-0.2342203040051393,-5.466230828983778
-0.23549091080700166,-5.464323994057127
-0.23642134853545663,-5.462122915394113
-0.23757172605512672,-5.4599635677826095
-0.23842803670612225,-5.45781208760439
-0.239428900202681,-5.45589843072339
-0.24064919660227446,-5.454132637934194
-0.2423826237044915,-5.452764768076742
-0.24385808740169235,-5.451082192020273
-0.24514557966909065,-5.4495424919933875
-0.24631165412329764,-5.44790850592641
-0.24743265823359603,-5.446614771140462
-0.24866636429265504,-5.445529172064053
-0.25010450444817156,-5.444641948644153
-0.2516879788857409,-5.443931902490674
-0.25322644557905,-5.443219111769456
-0.25504650077219754,-5.441988995846073
-0.2566123288452707,-5.440449339624536
-0.25784157713249933,-5.439276395175123
-0.2590479032846059,-5.438085758819943
-0.26040480493535095,-5.436936829726096
-0.26186476683413434,-5.435874481567852
-0.263374703873775,-5.434851061172365
-0.2645409625112298,-5.433745526346007
-0.26546705366491885,-5.4324919744125
-0.2662457826054998,-5.431123991737283
-0.26710783853692865,-5.429687933391357
-0.2682488812688201,-5.428551216219218
-0.2695275461600501,-5.427488954177018
-0.27060422159076636,-5.426212059166608
-0.2716589294695506,-5.424934794454544
-0.272316007861515,-5.423348219486951
-0.2733525688204437,-5.421722401959432
-0.27461672564385925,-5.419822392944849
-0.2758411636192466,-5.417905906018131
-0.2769421081625347,-5.415858062322834
-0.27836132033012134,-5.413927377505205
-0.27969616091709043,-5.411964811518989
-0.28097347145941065,-5.410142936580242
-0.28209118398137734,-5.408062586185175
-0.28329565930842565,-5.40603270150548
-0.28444663680439913,-5.403983575046922
-0.2851684988799169,-5.402446475832633
-0.2858885835950718,-5.400911513164516
-0.28639551679797787,-5.399559964853578
-0.28696969120873633,-5.398236054584499
-0.2875668235339204,-5.396940089708192
-0.2884645139830123,-5.395822073032962
-0.28934544503585463,-5.394803496442536
-0.29000665814819815,-5.393518185398703
-0.29040787881075475,-5.392181125580599
-0.29075895368456556,-5.390692603271542
-0.29139899372757283,-5.389555067853922
-0.29204875497267996,-5.388529554724017
-0.2927497745561276,-5.387680816504823
-0.2931722458133265,-5.386494004306586
-0.29338003075210795,-5.385214931904039
-0.29356028516457205,-5.383504483693219
-0.2938340253623676,-5.381877398462246
-0.29401062456945865,-5.380125366992888
-0.29452324266374863,-5.378635870368306
-0.29494594556100845,-5.3771584522104545
-0.29550359550194955,-5.375689801988802
-0.2956835812777307,-5.373926322657536
-0.2958055315289572,-5.37210290014786
-0.2957771807570728,-5.3700558777444085
-0.29546790920694516,-5.368593278678507
-0.2953290804126946,-5.367435397694384
-0.29534184023541,-5.366283965790613
-0.295181753877494,-5.36521576300876
-0.2949364209867862,-5.364046887755045
-0.2946169683991572,-5.362827124715438
-0.2943434131237015,-5.361574855375956
-0.29431892683356803,-5.3605921881286465
-0.29425254566278514,-5.359414707069953
-0.2940371579394412,-5.358397585489342
-0.29368080021595083,-5.357271334976791
-0.29344513526760363,-5.356331319326568
-0.29334159315316954,-5.355437764102829
-0.29343052643274214,-5.354868905821158
-0.29382472126008063,-5.35414378544843
-0.29434004418451604,-5.353481855776788
-0.29442798233077516,-5.3528968701716355
-0.2940865868340081,-5.352406589023661
-0.2940472710260625,-5.3521879393968605
-0.29411581306582024,-5.352112748290268
-0.29415583845172927,-5.352226159262547
-0.2940235005209761,-5.352130561488815
-0.2938283351721061,-5.3519858298634855
-0.29341362790241066,-5.351719793195198
-0.293057735167468,-5.351525059316383
-0.29259217417204153,-5.351474068737771
-0.29233277336946645,-5.351513370388813
-0.29229884352817825,-5.351826059211945
-0.29222379694951917,-5.352148859783504
-0.2921617110300617,-5.352506641739518
-0.29178846831027005,-5.352487049431202
-0.2909485312751223,-5.352416493310589
-0.2901461814954831,-5.352262743681221
-0.2895777185514135,-5.352392586036616
-0.28903946990456936,-5.352749281602375
-0.2885050002117775,-5.3532213614546675
-0.28770382509986353,-5.3535264327607806
-0.28681402146911134,-5.353762104210126
-0.2858773750230168,-5.354098587807855
-0.2848647982977476,-5.354482703232778
-0.28419510629148903,-5.355121317274353
-0.28339250452407627,-5.355958355160388
-0.2824282806981461,-5.356742368495452
-0.2816348492703904,-5.357836636402752
-0.2805023415730284,-5.358615939671196
-0.2792869661177943,-5.359236000854584
-0.27817539002748826,-5.359665655533904
-0.2774084485451015,-5.360449472936086
-0.27672607959278983,-5.361291197921979
-0.27610886555393654,-5.362420861063207
-0.27534645087109955,-5.363393350672077
-0.27459229340084934,-5.364295884141835
-0.27383783257881955,-5.365077045119473
-0.2731123556731413,-5.365614445322548
-0.27235198831656066,-5.366124531292443
-0.2716165798413294,-5.366722819747511
-0.270898492512452,-5.367429424604513
-0.2702059672822112,-5.368155903778913
-0.26957092816137057,-5.369064888892522
-0.2686887130434549,-5.370366834013581
-0.26791124628677976,-5.371733749946218
-0.26677667642218666,-5.37274152934881
-0.26561723341904503,-5.373768276343439
-0.2645826187972905,-5.374975496793222
-0.26352758948350363,-5.376578203423383
-0.26242678513508333,-5.378360368936372
-0.2613187597209428,-5.37993438596088
-0.2603093137589954,-5.381585242731507
-0.2591160002344125,-5.383142787483422
-0.2579624678633367,-5.384673156364593
-0.2568883038216016,-5.386265312265642
-0.25578567603113866,-5.388066569793695
-0.2548303978764927,-5.39004691599822
-0.25392070623479096,-5.3920627072384395
-0.2530503722370018,-5.394010341744388
-0.25218166497286726,-5.395666843962457
-0.25131337178091306,-5.397323611522161
-0.25019108511848026,-5.398875345932577
-0.24924620583766627,-5.400588836165602
-0.24823260717502,-5.402248763641499
-0.24722103997361983,-5.404145344587156
-0.24634711343094035,-5.4058251247798115
-0.24561647185501917,-5.407450177384773
-0.24438467766241742,-5.409393197260247
-0.2433127200555116,-5.411258630940663
-0.24222989106391063,-5.4131446457654295
-0.2411133209663281,-5.41518346820284
-0.23989845253098252,-5.417145985359771
-0.23889975242008116,-5.419038230366421
-0.23809113760806744,-5.420785752474318
-0.23718835603747151,-5.42247386846428
-0.23605487023860647,-5.424017666608891
-0.2350303401257529,-5.42565400089496
-0.2338057928788955,-5.427002357171628
-0.23291768979245792,-5.428760954692484
-0.23211407517988236,-5.43067726510228
-0.23135055867500867,-5.432870338173097
-0.23024772115968706,-5.434649763771276
-0.229081478951382,-5.436355311223758
-0.2278582542660118,-5.437854515091769
-0.22677895410476673,-5.439529358706372
-0.22569279037005335,-5.441272951256664
-0.22482056843508522,-5.4432485551450345
-0.22415564490549553,-5.445477112994991
-0.2235420367193665,-5.447730143413538
-0.22295925789761045,-5.449962179941065
-0.22206723563675326,-5.452427709585538
-0.22080340061254117,-5.45483494487429
-0.21964447041395352,-5.457236152127255
-0.21915986363585432,-5.459242295650749
-0.21887469484994954,-5.461420176195102
-0.21869173102584308,-5.46378495411606
-0.2183860897960092,-5.466064219576525
-0.21787270625153737,-5.468097246698117
-0.2171699432593793,-5.469992746615863
-0.21667003729779954,-5.471900835665801
-0.21641571011464916,-5.47404728284373
-0.21632668224989812,-5.4761556236762745
-0.21637910428113882,-5.478334170171634
-0.21639584990025246,-5.480536677942948
-0.21642671513582076,-5.482719950395902
-0.21664117892395338,-5.4847637584159195
-0.21659990375593488,-5.486543747862862
-0.21695967720070702,-5.488750380568651
-0.21728057140671378,-5.49098658721515
-0.2179910112919441,-5.493589812394117
-0.21856215327886738,-5.496095060008178
-0.21889043362050312,-5.498953042159171
-0.21918986570247517,-5.5015359657757985
-0.21950190973640127,-5.5041287814811835
-0.22007181352462282,-5.506802667611621
-0.22065367149003218,-5.509595705960254
-0.22120308754772766,-5.512562973198217
-0.22220947428627852,-5.515120624385109
-0.223295059833426,-5.517574377887116
-0.22420459922676808,-5.519812838283801
-0.2253410483976651,-5.521955916314203
-0.2265861297160869,-5.524184790580396
-0.22787016511766994,-5.52646133880526
-0.22922157952555317,-5.528972853716928
-0.23035998683154352,-5.53151811093866
-0.2315168563415986,-5.534085959455934
-0.23262097351820904,-5.536554801707494
-0.23385333506750708,-5.5391245116804075
-0.23494844690399097,-5.541526291150669
-0.2362540096829264,-5.543999099781693
-0.2374191402612631,-5.546272728948229
-0.23873399936764075,-5.548729584956964
-0.2397582981668319,-5.550986786315786
-0.24114539820032874,-5.553217984453905
-0.24232834587819238,-5.5555971741897165
-0.24346116959025976,-5.557819696868797
-0.2443651647570213,-5.559865762963801
-0.24537001952825394,-5.561646653520652
-0.24644001512049066,-5.563527186551404
-0.24729222484829308,-5.565239831368464
-0.2485461377448513,-5.566526744299804
-0.24992872390269333,-5.567620519444129
-0.25124184677136024,-5.5686607217393576
-0.2524052379764491,-5.569489782236384
-0.25335283359249955,-5.570152395513385
-0.2545075197164098,-5.570929230891047
-0.255755615160016,-5.571814725776605
-0.25699759659075466,-5.572695493871215
-0.25826307584627106,-5.5735929944006095
-0.25955005126439123,-5.574307507617731
-0.2608360367279281,-5.575021216184239
-0.2619255337341137,-5.575709166201096
-0.2628178841116489,-5.576367343607226
-0.26362926979755746,-5.576910902943542
-0.2643366389540869,-5.57744881610467
-0.2650320461892444,-5.577995915106613
-0.26603047757121173,-5.578776749520297
-0.26654329349013384,-5.578963365271488
-0.2669140876332732,-5.579257117682756
-0.2671228193193316,-5.579261909814677
-0.26710760553717244,-5.579084118662959
-0.2674877509694285,-5.578534004724668
-0.2677129504559943,-5.578100706281104
-0.2680723378746041,-5.577770887440199
-0.2681266040792875,-5.577067753219947
-0.26830389899481466,-5.5762556163796395
-0.2681761144665777,-5.575173865923988
-0.2677957168807477,-5.573708921348796
-0.26725152197553226,-5.572282779265869
-0.2669862925500748,-5.570865049645386
-0.2668019076377792,-5.569568691166064
-0.2665533817676827,-5.568220892339649
-0.2661123820388182,-5.56678092225729
-0.26532413653693077,-5.565000550342011
-0.264586755900906,-5.563060812653043
-0.26394594047747266,-5.5613322421582545
-0.26341735097974794,-5.559699817378135
-0.2629887498530704,-5.558142638682285
-0.2623974387835297,-5.556540919130489
-0.2615739279171152,-5.554723164150852
-0.2605143279051713,-5.552814029042411
-0.259427255979149,-5.550912669782732
-0.25891595600715833,-5.548847376560205
-0.258202982138421,-5.546877265660194
-0.25767889631144975,-5.544684842731289
-0.25699505831417707,-5.542413398222351
-0.2564165064108078,-5.540283214052448
-0.2556563610504378,-5.538290258813192
-0.2549016808133053,-5.536267664670627
-0.2541821172222712,-5.5341906126728535
-0.2534170891010156,-5.532148039475176
-0.25257436449478204,-5.530109653110589
-0.25183422206356787,-5.528186911688761
-0.25096447231801156,-5.526362254657026
-0.2501672317205296,-5.524593671658853
-0.2491740028242142,-5.522585596676736
-0.2483518483750151,-5.520448100392632
-0.24743986910279941,-5.518241171479308
-0.24642649401747324,-5.515910360519096
-0.2452558080500385,-5.513698774292456
-0.24393265142766504,-5.511369296973979
-0.24280103361274963,-5.509273859761408
-0.2419082170586971,-5.507307100091516
-0.2409056131014396,-5.505154483263769
-0.24003962886630248,-5.502279207116318
-0.23915962890157327,-5.499483299676224
-0.23825880460568563,-5.496671430125119
-0.23752253397561843,-5.494180918100425
-0.23681164138572577,-5.491479423617875
-0.23576143647728612,-5.488679380499263
-0.23510968119660014,-5.485887650967794
-0.23433932529040427,-5.48295114763626
-0.2336520341385188,-5.480027880334593
-0.23288449469382586,-5.477001221065261
-0.23244504332378757,-5.4743751733265
-0.23170859426021462,-5.471625735769337
-0.23135512741619577,-5.468937963342631
-0.23100205999151607,-5.466360542003237
-0.23074754221492041,-5.4638594900069695
-0.23042870149971673,-5.461407335671371
-0.23010383266573503,-5.458947838293474
-0.22981247473259855,-5.4565143403628245
-0.2296497597952652,-5.453983037680901
-0.22961471532521596,-5.4516218666996075
-0.22961629732601427,-5.449270134871153
-0.2297718494933214,-5.44680124912356
-0.2300022892906014,-5.444380962216643
-0.23038950271282452,-5.441599479967323
-0.23083380426221578,-5.438774552149976
-0.2312422404370224,-5.435957747283717
-0.2319941424928282,-5.433481434692141
-0.23288960171838008,-5.4308957878567385
-0.23370270451370032,-5.4288544345761895
-0.23428952391970095,-5.4265918786318625
-0.23476618103957575,-5.424413145181957
-0.23532365951918766,-5.422297134276746
-0.23581640301753418,-5.420102181687811
-0.23635138421486027,-5.417875018788218
-0.23701999775158555,-5.415751680570714
-0.23780284490108697,-5.413789750629048
-0.238326939528859,-5.411793760792245
-0.2390709591098945,-5.409969987250823
-0.23970919158587112,-5.408017382009915
-0.24048205398976974,-5.406121195200941
-0.24134256079612418,-5.4041315104913705
-0.2424038099685468,-5.402386194946916
-0.24324950843500534,-5.400740826113851
-0.24406708967373303,-5.399291122361746
-0.24482229740932276,-5.3977655470016765
-0.24574088798030544,-5.396287855012978
-0.24691948472683786,-5.394518938879421
-0.2480702618167647,-5.39256662535748
-0.24926514783552062,-5.39058935167311
-0.2508224390476141,-5.388992978405082
-0.25200547746007584,-5.388106609736067
-0.25307059926742237,-5.387076842764485
-0.25387655892753214,-5.385845150373423
-0.2547642278863599,-5.384551139909759
-0.2557187252565151,-5.383338341930348
-0.2571162759081724,-5.382470853730143
-0.2583676871029511,-5.38171480938317
-0.2598163109622578,-5.381198549471341
-0.2609471838630943,-5.380434556278223
-0.26200319301041375,-5.379727653798107
-0.2630284289623613,-5.37892555930373
-0.26418014158993464,-5.378178315192498
-0.26525812393623815,-5.377487289425103
-0.2662486145774855,-5.376803404155141
-0.26736812478734967,-5.376294951616868
-0.26838697209457857,-5.375863259671435
-0.26938173462404774,-5.375358525867576
-0.2702931802321017,-5.374738771330505
-0.2713552072581969,-5.374004193742251
-0.27231883737321794,-5.373192861371059
-0.2735714599236741,-5.372127199377166
-0.27471248155775346,-5.371137881342805
-0.2755879021562981,-5.370202962881047
-0.2762088282163666,-5.369552342512093
-0.2769139161738514,-5.368962545469629
-0.2777458905753702,-5.368456300987891
-0.2784838487341515,-5.3678042676722475
-0.27894304846104995,-5.367056716673551
-0.2791150577200164,-5.366191276844506
-0.27945403851447453,-5.3655546358159905
-0.2800411108889687,-5.365055984885967
-0.2806186516315657,-5.364838391094056
-0.2813227436951246,-5.364690045680019
-0.2817766723882957,-5.364351966057292
-0.2820118309164953,-5.3638505219261
-0.2822399192130114,-5.363350406344714
-0.28253361845821595,-5.3628651867117885
-0.2829179966481633,-5.362636759937325
-0.28343361425265406,-5.362567674212333
-0.28363039201322615,-5.3622495407368165
-0.2838050087521852,-5.361948319278495
-0.283775058335892,-5.361398893575595
-0.28386930992212367,-5.360946554581083
-0.28401951753760585,-5.3604515765865655
-0.28441726149792884,-5.360008918237011
-0.2848289811248187,-5.359631508423312
-0.28492041566430854,-5.359497114726859
-0.28503318397673283,-5.359346452667205
-0.28493660220334777,-5.358941791818548
-0.2847101994882181,-5.358395294602318
-0.2846773457159175,-5.357783109262864
-0.2848654985812782,-5.357439084565552
-0.28515581814758434,-5.35714880265991
-0.28536036876561255,-5.356823828374475
-0.2856607260726069,-5.356615096894306
-0.2858255339540129,-5.356224577713601
-0.28606929303660644,-5.355972857903555
-0.28602561390948195,-5.355372443460895
-0.2860985254942583,-5.355096333702569
-0.28607397685004404,-5.354670079406067
-0.2860184763747461,-5.354307954189584
-0.28625257151438305,-5.354215621753056
-0.2862825762845573,-5.354278979498639
-0.28646958290967267,-5.354420609320734
-0.28632248317526493,-5.3542269360943235
-0.28627681917914555,-5.3539559059651705
-0.2860495595818671,-5.353773261351305
-0.2860909851453653,-5.353850296247694
-0.28602697042292297,-5.354007763320574
-0.2861943567454098,-5.354389670691523
-0.2860023866758274,-5.354988422996428
-0.28573879796324725,-5.355650535475246
-0.2855114360868367,-5.356021812400344
-0.2853732308191169,-5.356462745938169
-0.2852809015050795,-5.356743843188928
-0.28529882028154696,-5.357178554633447
-0.28533990709881113,-5.357631355688074
-0.28544456148708613,-5.358343324359083
-0.28555484482439814,-5.358926155965059
-0.28566551696788606,-5.359509274025021
-0.28573072287299,-5.359800307743724
-0.28609203327313665,-5.360081740230568
-0.2864753263121297,-5.360380350505177
-0.2870187420733035,-5.36093683794457
-0.28765590331784474,-5.361597527609747
-0.2882569481177685,-5.362229996605481
-0.2890129123474776,-5.362910511418728
-0.28980312680890974,-5.363379890939527
-0.2903277311966269,-5.363918607552048
-0.29104574076870665,-5.364642619755529
-0.29166632696118006,-5.365418474252248
-0.2924643897705479,-5.366409653714865
-0.29299811658868485,-5.367475070164032
-0.29387898843768384,-5.368680035940678
-0.29450080035393583,-5.369818576404836
-0.2950231893870847,-5.370784805921504
-0.29552397919394413,-5.371734148022542
-0.2960581647401535,-5.372915589938391
-0.29669135452243306,-5.374115395435848
-0.297375294469238,-5.375395200089901
-0.2981382681200916,-5.376793798096964
-0.2990831842746208,-5.377781971881955
-0.29996960874780976,-5.3787505406591585
-0.3009159594122334,-5.379763831607196
-0.3019009659595188,-5.380618128711113
-0.3027540757164722,-5.381445159811462
-0.30376719035016775,-5.382521965669443
-0.30512222035663533,-5.383653481268157
-0.306750392568246,-5.384765472920086
-0.3084932457983451,-5.385953795355419
-0.31029623011595275,-5.38685164410783
-0.3117223442705716,-5.387455080876543
-0.31349308462223263,-5.388230754684125
-0.31534407138804765,-5.389160507200581
-0.317308973460356,-5.3902537280514204
-0.3193685933967503,-5.391582430981183
-0.32154636337063996,-5.392789025012187
-0.3237145012542812,-5.393766826218247
-0.32569262622650574,-5.394752707090216
-0.32755240527555535,-5.3955949090052195
-0.329486195591457,-5.396555788291739
-0.3316850452432059,-5.397606231870474
-0.3341104173176973,-5.3989312034029755
-0.33643145697698207,-5.400167754273881
-0.3384875949895728,-5.401298608646049
-0.34046406464518003,-5.402502327752258
-0.34245960520930785,-5.403740758045316
-0.3445864740238934,-5.404879690345618
-0.34679139079945553,-5.406106880595054
-0.348988618371196,-5.407150961091767
-0.3512232077916221,-5.4084095516624595
-0.35328783886433,-5.409580682649697
-0.3548990654415466,-5.4102953898172155
-0.35670019369721867,-5.410788804904564
-0.3581079662305302,-5.410936333474536
-0.35978670571350546,-5.411048027504205
-0.36149823708473083,-5.411339464213638
-0.36322715388038934,-5.411695338004103
-0.36512251606096124,-5.411846927207842
-0.36680212030620934,-5.411693277357388
-0.36824750096623726,-5.411356429324121
-0.3697515680861392,-5.410748280604481
-0.3715164912814371,-5.4100961156565255
-0.3730257544688787,-5.40924381422164
-0.3747960040655111,-5.408506647195191
-0.3764892097815844,-5.407727613477642
-0.3779691259487618,-5.406781444398132
-0.3795390477001112,-5.405509105507544
-0.3809347944890748,-5.40412744954937
-0.38224375317194115,-5.402677549455184
-0.3835528823350272,-5.40096623273244
-0.38464118453019447,-5.399619697106604
-0.38567280871776094,-5.398228528905693
-0.38675758686583694,-5.3968065642818
-0.3875631321627229,-5.395252821360601
-0.3883628801040067,-5.393694323098508
-0.38908536373586167,-5.391623077676858
-0.3897111271745857,-5.389795510981496
-0.3904638713229352,-5.387561339196295
-0.3912400082606661,-5.385358386076566
-0.3919040065360562,-5.383240342931449
-0.39271477406421396,-5.381219662015036
-0.3930670016592497,-5.378745380294415
-0.39354363520194585,-5.376165272996741
-0.3938934928502416,-5.373336169650152
-0.39418734390361754,-5.3704629830800545
-0.39428268917727716,-5.36766698630663
-0.39418368921226027,-5.3649364015307155
-0.39413960227173,-5.362300783352789
-0.39435427153886465,-5.3598756442814555
-0.39435988397774857,-5.35711994773885
-0.3942742894718352,-5.354142487659009
-0.39393488528242343,-5.350926345577844
-0.39369853903127394,-5.347835281018645
-0.3935168831403106,-5.345010235158113
-0.3932538263934263,-5.341932674439557
-0.3927621721943033,-5.338608109267799
-0.39240460137476946,-5.335181467527154
-0.39199764013888233,-5.33171584222533
-0.3916040275673128,-5.328414413770627
-0.3911286188265718,-5.3249312681017
-0.3913260899888115,-5.3206379779121376
-0.3916606885623009,-5.316552192327744
-0.391956888340393,-5.312806289054119
-0.3927464769156295,-5.309155429037074
-0.3932854719021724,-5.305556784750512
-0.39355053827422903,-5.301627681853776
-0.3938763265853513,-5.297434760168218
-0.39382642192753475,-5.29295680968673
-0.39418143563945557,-5.2889662896897605
-0.3949199852921857,-5.2850688715403695
-0.3955321223154446,-5.28134159671118
-0.39594322842843094,-5.277371761706779
-0.39638942761630164,-5.273366326843083
-0.3965574710325685,-5.269299588930921
-0.39670079534793007,-5.265202679915164
-0.39701550136740316,-5.26145852144526
-0.39729345934614596,-5.258028975968911
-0.39781434104452357,-5.254891643606745
-0.3984088539814964,-5.251743649017568
-0.39879469961761826,-5.248637331575635
-0.3989810114576019,-5.24529087888852
-0.3992717091417291,-5.24220462714996
-0.3996406843653797,-5.239294680211938
-0.4008183585691713,-5.2357896094114125
-0.4018752747518941,-5.232514698192283
-0.4026667123698412,-5.229319734828823
-0.4033593468755249,-5.226145727509513
-0.4037369512826506,-5.223202118749652
-0.4039620863141418,-5.2201381615600395
-0.4042683120073022,-5.217012436080782
-0.4046698157300798,-5.214001439659097
-0.405325953318373,-5.211192331673308
-0.4057671001729021,-5.208547942284997
-0.4061761622872402,-5.205865384587658
-0.4061883819320203,-5.202868757536181
-0.40638752502613373,-5.19972928351467
-0.4067081332915703,-5.196719861205328
-0.40724018686692587,-5.193825811360046
-0.4074547286845002,-5.19079907831466
-0.40776656573961284,-5.18788929100786
-0.40779075758576255,-5.184903247706083
-0.4079973982770309,-5.182027922819621
-0.4080982111789863,-5.179025825735936
-0.4083524637838444,-5.175986946413825
-0.40913645810096166,-5.172374121998861
-0.4098992882573857,-5.169000975675525
-0.41062838859280393,-5.165928112347017
-0.41136601955053564,-5.162862429123731
-0.4120735708816753,-5.15992686208367
-0.41263430315734034,-5.156964765086905
-0.41260717458951346,-5.154781171082171
-0.4127016971031862,-5.1526614946811735
-0.4128557919435825,-5.150613377517414
-0.412954034469252,-5.148816730446926
-0.41295951124774527,-5.147230842659954
-0.41303387777441475,-5.145727682254768
-0.4127926233278095,-5.144287847115103
-0.4129235772013875,-5.1431371556305345
-0.41296213660848224,-5.14187600784546
-0.41304454185128997,-5.140860158511417
-0.41285359864705357,-5.139979793721761
-0.4128546744925268,-5.139329537835396
-0.41270029755103665,-5.138619080562503
-0.41263443118092097,-5.138115223533221
-0.41266174120060056,-5.137655111425432
-0.41271940843301114,-5.137171788777918
-0.41240225349470755,-5.13639045734255
-0.4121402075814633,-5.135675199360812
-0.41188489810149326,-5.134930953416618
-0.41174268585866913,-5.134217936736292
-0.4118336313997307,-5.133730202794017
-0.41183699487795605,-5.132961661199247
-0.4118225573537833,-5.131971569806477
-0.41114177257350726,-5.131753923093118
-0.41072318315253115,-5.131439903213659
-0.41024131491305904,-5.13129692157126
-0.40976010922824396,-5.131019731990264
-0.409427769324456,-5.130920776588855
-0.40935751067139775,-5.130869674491512
-0.4091890484052702,-5.130945328702166
-0.4087828556038314,-5.130736272432397
-0.4082058991621653,-5.130631613858893
-0.4077390882472224,-5.130437513066533
-0.40759935876896614,-5.130635064570327
-0.4077324498510454,-5.131018630506085
-0.4079911462853438,-5.131541896074076
-0.4080513621131345,-5.1318274368184165
-0.4078680760269671,-5.1320228939347485
-0.4076269062566678,-5.132053466385502
-0.40756760135301395,-5.132301806092134
-0.4075658530293327,-5.1328024937098835
-0.40775029044642797,-5.133485311675417
-0.40758799710387944,-5.1346402844423755
-0.40744167990557045,-5.135834964476569
-0.4068581008372788,-5.137595229340604
-0.4063083824552294,-5.139172655309403
-0.4055009919745694,-5.140539744463376
-0.4048263236439603,-5.142012201069333
-0.40444692830154266,-5.143257837826313
-0.4043062289067917,-5.144789417880218
-0.40397355882724634,-5.146168390793976
-0.4036247404133508,-5.147559744420193
-0.402991055893542,-5.148621625856105
-0.40226794333595434,-5.149544275434067
-0.40176388683322134,-5.150389203960358
-0.40139752045976745,-5.151326142889213
-0.40110144006139253,-5.152333629692041
-0.4006676635303958,-5.153446827061272
-0.40037698693495755,-5.15464393582557
-0.399774715493674,-5.15553946273247
-0.39934679030441367,-5.156122597699618
-0.39904927093099807,-5.156862119509397
-0.3984410704877378,-5.158220511675561
-0.3983080053062088,-5.159820673104273
-0.39802852687469875,-5.161566979034865
-0.3976864508704453,-5.1630230982191
-0.3974965950211699,-5.1646000980985365
-0.39711292304009566,-5.16598277213645
-0.3967293744584077,-5.167489461506936
-0.39648276258725135,-5.169163433664044
-0.3959540873391366,-5.170844222187571
-0.3955699533701507,-5.172698450739594
-0.3950026551243819,-5.174576236133251
-0.3946118090619538,-5.176372924212882
-0.3940893375819975,-5.178011677776475
-0.39365381351346407,-5.179539932886958
-0.39335718161573724,-5.180979381660174
-0.3932018479118076,-5.1825885060648
-0.3928623510360042,-5.184211625569641
-0.39257684521455855,-5.185742276612355
-0.3924193144858639,-5.187426681121952
-0.39231484498209734,-5.18891407186434
-0.3925042194968871,-5.190181264080095
-0.39275337966111445,-5.191520360868115
-0.39306089146646317,-5.19293665628224
-0.3931926452925582,-5.194252225799421
-0.3933387587427006,-5.195860935111939
-0.393632732012639,-5.197517117511096
-0.39386854135210964,-5.199127441815015
-0.39419528850027996,-5.200607998172283
-0.39469502160314673,-5.202036633266456
-0.3952303983835841,-5.203493674641648
-0.3961033573240397,-5.204518754137929
-0.39705819871928477,-5.205658025212297
-0.39800186588481345,-5.206806132436549
-0.39930557922610543,-5.208239394259619
-0.4005682066648843,-5.20952469572791
-0.4017101458822958,-5.210736504843263
-0.40272981820397835,-5.212180831853813
-0.4036318986035687,-5.213483926837117
-0.4045726498517563,-5.21501979596369
-0.40570320939602,-5.216713537434087
-0.40693147813021013,-5.218512504092733
-0.4081290605503937,-5.220335066498148
-0.40933965390481486,-5.222135975112099
-0.41038925235332263,-5.223816659599608
-0.41147727316954336,-5.225521659237739
-0.41267891099404375,-5.227108863113311
-0.4137568275418975,-5.228636313815523
-0.4152276005025014,-5.230124769479265
-0.41676657889283375,-5.231766689318796
-0.4178806268542706,-5.232898121101807
-0.41946014638757156,-5.233469237355282
-0.420427600578361,-5.233555935839773
-0.421637611666311,-5.233680184882181
-0.42311048615002755,-5.233942676031379
-0.42476784273156004,-5.234351117388031
-0.4264536695463398,-5.234675893498843
-0.42790307836614905,-5.23479254661943
-0.4291646716729566,-5.23478120276808
-0.43047217111316893,-5.234533612217089
-0.43182946905436653,-5.234299476014751
-0.4333015816386955,-5.234094388642232
-0.43476166424805013,-5.2341540048813435
-0.4361075810147382,-5.23415522917135
-0.43737110528672996,-5.23426316114589
-0.43828532434683587,-5.2342031719337845
-0.4390246010934743,-5.233912716047362
-0.4399160686121029,-5.233633073694243
-0.4407682481882831,-5.233477345420509
-0.4416498611985537,-5.233367726391843
-0.44271699783360186,-5.233231525441932
-0.44339732274386406,-5.233390447471553
-0.44370704319351,-5.2331821722630245
-0.4439346159013417,-5.232907158727746
-0.44425870129058853,-5.232558513496721
-0.44468352985274623,-5.232059645292437
-0.44490924871166115,-5.231321860590578
-0.44534125596153834,-5.230725478941044
-0.4454415287526133,-5.230056093443821
-0.4455787020184282,-5.229430994581098
-0.44546494731382097,-5.228618393533059
-0.44552867798770873,-5.227904190136214
-0.44533990116816663,-5.226871326323217
-0.44514099304946675,-5.225846232974631
-0.44457587215509414,-5.224530880915225
-0.4442524205125407,-5.223505436278196
-0.44373981078217367,-5.22273068573744
-0.4430096494162344,-5.221731183601088
-0.44217795760761913,-5.220519527390593
-0.44138964716916596,-5.219104419165138
-0.4405224523745294,-5.217626765594981
-0.4395972747476235,-5.216211679789976
-0.43873614418348705,-5.214898887473725
-0.4381370623151929,-5.213156333095131
-0.4376147747275632,-5.211525106596976
-0.43708032460406493,-5.209903167463726
-0.4364494554017158,-5.208157494269075
-0.43571403714050133,-5.206291044384984
-0.43468859997757753,-5.20464857108118
-0.43380571629843023,-5.203184211829781
-0.43318373413055644,-5.202018319199359
-0.4324770568625676,-5.200917200552499
-0.43193466140668796,-5.199922399485727
-0.4310995273489283,-5.198649328648676
-0.4302628012592763,-5.197377541357842
-0.429301883049708,-5.196016121872771
-0.42843364153436064,-5.194804210419661
-0.4276598330578685,-5.193809308540534
-0.4269934223387587,-5.192916939447679
-0.42619903807338555,-5.191964628423821
-0.42537642230545497,-5.190857954074453
-0.4246356152963033,-5.189878075220145
-0.423612899446371,-5.188560139958291
-0.4226511954034518,-5.187496487991533
-0.4216598493751153,-5.186236952580271
-0.4210277596683499,-5.185408230038498
-0.42036510240803526,-5.18452494423117
-0.41973006417436215,-5.183573733034903
-0.4191519769867895,-5.182648351038147
-0.418532858835814,-5.18166300055971
-0.4177378856402686,-5.180853004150347
-0.4170099433531457,-5.179948452844722
-0.41645613127447795,-5.179175548454394
-0.4157464847754541,-5.178530042035393
-0.4150101690811483,-5.1779751360621225
-0.4143119263228821,-5.177460950352735
-0.41375216029964507,-5.1770706391812675
-0.4132442987492799,-5.176743617162853
-0.4127528467680896,-5.176351161089682
-0.4119935501924319,-5.176011317286719
-0.41105174245846776,-5.175515229411503
-0.4099737696383977,-5.1748889574139
-0.40907471265845746,-5.174477199957929
-0.40833885959232047,-5.174239117764908
-0.4075616802094495,-5.1741998071048725
-0.4065698271918692,-5.173902908131358
-0.4055419827479532,-5.17315464257266
-0.40462300660949774,-5.172575081483443
-0.4037677578564249,-5.172162206906759
-0.40312217921379007,-5.17195081404748
-0.40231978484964953,-5.171679299989062
-0.4017563813585934,-5.171562448418694
-0.40097361577658897,-5.171530466536868
-0.39974747385057946,-5.171783369738297
-0.3984514252307676,-5.172163665088203
-0.3970103377761128,-5.172334887358212
-0.3958697313482343,-5.172791561755486
-0.3947801230522183,-5.173226824720432
-0.3939305885171288,-5.173889685934277
-0.392856622860143,-5.174309545874871
-0.39155887600262373,-5.1748455927009
-0.39026928137359845,-5.175303090201193
-0.3890567097201955,-5.175845607908894
-0.3879751055714994,-5.176567485783513
-0.3868914952565715,-5.177425622160923
-0.38589561177480064,-5.178388900296474
-0.3846330439717503,-5.179398252834599
-0.38339030354932263,-5.18028146969903
-0.38219165748333034,-5.181217474263377
-0.3812083315372333,-5.182347878784806
-0.38033222192640964,-5.183694603971482
-0.3792079341133218,-5.184792659302584
-0.3781245333554862,-5.186157220507033
-0.3769828765123517,-5.1872703208795885
-0.37616601513353526,-5.188716005257828
-0.37499657575355055,-5.190161168654881
-0.37373012766630137,-5.19215831158178
-0.37232860501598725,-5.194232344816039
-0.370754718096967,-5.196275250189119
-0.3691443694776235,-5.198316687464041
-0.3677543277307452,-5.200444849342746
-0.3661284108461526,-5.202797007381392
-0.3647173133874181,-5.20532537597014
-0.36358169985520006,-5.2078711017919375
-0.362339146720287,-5.210428680520602
-0.36107675794888944,-5.2129596502092435
-0.3596218254059364,-5.2153006392400565
-0.3578606943048448,-5.217778815114547
-0.35640356504878007,-5.220622460577488
-0.35510073962813266,-5.223293000753812
-0.3538276459350631,-5.226236177394722
-0.35244471025989016,-5.2290743966362445
-0.35087830171692164,-5.231735779125313
-0.34896949081690853,-5.23436141519847
-0.3472271685777632,-5.236895936296416
-0.3456741674937001,-5.239634943845988
-0.34408762160113565,-5.242770755642978
-0.34244693235746226,-5.245802579520134
-0.34048981211338636,-5.248579266025957
-0.3377966561680388,-5.25194078120046
-0.3349310791601343,-5.255012914238559
-0.3319295778349411,-5.257905898787717
-0.3287574148357708,-5.26086153237506
-0.32543432818505563,-5.263697650694285
-0.32237498252900654,-5.266621374559917
-0.3194116172752158,-5.269791213916112
-0.31618015870460464,-5.272749755974845
-0.3127653000080444,-5.275563906710479
-0.3089349437075502,-5.278285237253784
-0.30507570354720576,-5.280983181882372
-0.30138236319034,-5.283511366490063
-0.29746740095490615,-5.286281357602679
-0.29354509514609006,-5.289044860996467
-0.2894350738449797,-5.292021040608218
-0.2852316516436526,-5.2949231119668525
-0.28069187751204955,-5.2978678571165965
-0.2761484165978747,-5.300482613648533
-0.27157395458179523,-5.303072097656684
-0.2668230836647106,-5.305526536467286
-0.2623017875199234,-5.30822777641456
-0.2576440395619349,-5.310821278266123
-0.2521744623316092,-5.314729814527092
-0.24661748649530715,-5.318705280252279
-0.24108569209212752,-5.322628289327294
-0.23511192938963116,-5.326126097151293
-0.22940383150700533,-5.329420561028071
-0.2238753071656053,-5.332301402314175
-0.21847451947284657,-5.335297519769934
-0.2129977237308156,-5.338351920772247
-0.20759095720444648,-5.341445233376397
-0.20191660761634944,-5.344273149558342
-0.19631857574359507,-5.3470427199164305
-0.19030701280242868,-5.349395638085403
-0.18444732573358416,-5.351815708419245
-0.17857708357312999,-5.354244085337012
-0.1727669829692115,-5.356747357806399
-0.1670176449747534,-5.3593720609764794
-0.1614007470248674,-5.361889912771846
-0.15555545222529923,-5.364128472435621
-0.1496732778847407,-5.3663378224359075
-0.1440779617014196,-5.368327378634528
-0.13873184375545233,-5.370620788248809
-0.1334780232820659,-5.372985570631363
-0.1284059296077748,-5.375211026965077
-0.12318099931785638,-5.377309639894418
-0.11795514027211643,-5.379432185306108
-0.11191438743586381,-5.382687026942762
-0.10609927300117608,-5.385913477486421
-0.10061931261609837,-5.389400304655873
-0.09564320604352022,-5.392069554210577
-0.09084525226145378,-5.395022503975317
-0.08587609416959442,-5.397843613942547
-0.08128595068406062,-5.40051232015453
-0.07700883086521852,-5.403378976762992
-0.07272326706383471,-5.406173932457447
-0.06841829688996354,-5.408815029074649
-0.06437901287607281,-5.41138225033681
-0.06021052802965533,-5.413915224387991
-0.056463616101949575,-5.416557045607844
-0.05280343200174431,-5.41927883365507
-0.049318328288248274,-5.422146214930611
-0.045979628639272414,-5.424684114762644
-0.04267936851924443,-5.427176685192411
-0.03947155707249983,-5.42931273476325
-0.03614404820989605,-5.43129933081349
-0.03286398096905,-5.433249405282893
-0.029867591201313437,-5.4354953096583225
-0.027075594685673946,-5.437945747412532
-0.02437793717352744,-5.440323817297676
-0.021491215993507437,-5.442459739801527
-0.01778699164794977,-5.445492092831129
-0.014758471807911783,-5.44702057663502
-0.011827940911463799,-5.448473718970226
-0.008898694301427543,-5.450004452334501
-0.006212811983108746,-5.4517141543237235
-0.0035070653533208354,-5.4535572338072775
-0.0005236492457581688,-5.455058892308645
0.002610113148714155,-5.456194570453454
0.0058351867631373094,-5.456933586727843
0.009133361706504492,-5.457692703964925
0.012334710682397089,-5.458506295603748
0.015564717371030247,-5.4587971954158245
0.018601842197116324,-5.459335866750983
0.022404297172339344,-5.459444506199533
0.026416290955343733,-5.459282240535106
0.030512046384233823,-5.459082796757544
0.034591583798739306,-5.458896417783307
0.038562174360180224,-5.4586255507727515
0.042494403366497326,-5.458403074189974
0.046581543828339816,-5.458516932512432
0.05087732281881354,-5.458667110188606
0.055371104592014955,-5.458661406373819
0.0600520569977214,-5.458418008859062
0.06491148589386447,-5.45808792019223
0.06949495033880669,-5.45775379575863
0.07402272077270138,-5.4574896368968915
0.07749820142832439,-5.455843648769558
0.08120506578104156,-5.454375412442959
0.08511018311642096,-5.452676279732664
0.08915896764910519,-5.450919253629498
0.09305817480915995,-5.449046266484377
0.09675801821802006,-5.447355475169658
0.10040584130193331,-5.445671924575676
0.10411980217433967,-5.444038897491969
0.10796923293214526,-5.442304065106742
0.11193182443193814,-5.440522668975469
0.11601965927482334,-5.438837302044867
0.11995329876196491,-5.437213336632206
0.12391743620865053,-5.435463973126706
0.1278743238671018,-5.433708681693589
0.131900861719403,-5.431941245162539
0.1358577971179998,-5.430278473971404
0.14000455860535005,-5.428762074218251
0.14382144100724706,-5.427124789077237
0.14767609912393417,-5.425440888920354
0.15120291073488287,-5.423735169731382
0.15477376888442304,-5.421880295666234
0.15833698221586623,-5.420035080066847
0.1619369601956722,-5.418245756959692
0.165613366807336,-5.416479585099102
0.16869549714403653,-5.413619934226299
0.17138421385775904,-5.411001135479405
0.17379186556284054,-5.408448093390747
0.17603917174348926,-5.40601569157118
0.17824900536915395,-5.403591535714226
0.18063041011368927,-5.400967493676261
0.18271340424667767,-5.3987133072447655
0.1846098391502052,-5.396659467610097
0.18616349158174378,-5.394977892850339
0.18770943078723973,-5.393195108336315
0.18907817785157813,-5.391362092642821
0.19041660899663412,-5.389770667364735
0.19155856622352416,-5.38841341576624
0.19217038941670478,-5.387249890025112
0.19233600061493872,-5.386427441369963
0.1924972785650403,-5.385545043830923
0.19232184318017378,-5.3844391775864215
0.19199676254957249,-5.383216966248619
0.191591889524304,-5.3820929868384635
0.19089030396146367,-5.380772270600823
0.19011157371601484,-5.379516585386959
0.1890385595539089,-5.378418967114524
0.1875366353200475,-5.377852625077812
0.18572228167128182,-5.377269369214132
0.18397303503154253,-5.376852501478857
0.1823809631028416,-5.376240908755842
0.18074946461948177,-5.3756673810720965
0.17892376555497275,-5.375122403486552
0.17672107277902002,-5.375044127030274
0.17419283689688417,-5.375105880079011
0.17152202965909832,-5.3754578307114835
0.1690208139604725,-5.375599898987921
0.16648183317102092,-5.375523942220603
0.1639790388888828,-5.375363537790326
0.16138842393991704,-5.375311740683393
0.1584636922224234,-5.3753053917774345
0.1553449778216019,-5.375534272269859
0.1519921047551307,-5.376052784878939
0.14864434588452524,-5.37618592222898
0.1451105131480265,-5.376092223583612
0.14150762861935978,-5.375850446267035
0.1378946766277978,-5.375616342883766
0.13368857592023548,-5.375379310194079
0.1294205390558424,-5.375563084292331
0.12492250417695629,-5.375898466470246
0.12061860303358285,-5.3760642552749145
0.11634959296643368,-5.376319132157944
0.11205963533960754,-5.376339800359094
0.10779249217838288,-5.376340285045125
0.10332263892517336,-5.376414186734775
0.09854033181660907,-5.376535081626968
0.09373821718105331,-5.376926941149184
0.08890253768915397,-5.377344329204314
0.08401052351086462,-5.377726399939757
0.07916496773205321,-5.378088978446921
0.0743142461846162,-5.378455271259009
0.0693976117479351,-5.378523880613335
0.06440984963850228,-5.378932257239368
0.059410066470357493,-5.379349579683467
0.05425242069037812,-5.379846893664037
0.049360688161019524,-5.380286318427185
0.04390523894411558,-5.380404562335726
0.03877834458290778,-5.380187569958845
0.033436027464774316,-5.379804335561547
0.02821605336499142,-5.379344624613801
0.02275882169119101,-5.379073630318274
0.017578085450554146,-5.379126099208014
0.012412164863000712,-5.379471628752345
0.007283805946064175,-5.379787983560804
0.0021547203931383033,-5.379968534274186
-0.002853506745933128,-5.379992212057682
-0.007709388794910752,-5.379898176670908
-0.012402873256893902,-5.379471131893846
-0.017105780834269294,-5.379390176212789
-0.021713356582408708,-5.379235443487264
-0.026329997106991916,-5.379166425073806
-0.030903814208429616,-5.379034126463769
-0.03544645290838062,-5.3788775337838
-0.03985917922334297,-5.3783993472041365
-0.044481141345714036,-5.3782367759502625
-0.048800307858897767,-5.377909709065062
-0.053209708957242585,-5.3777012578710774
-0.05753626198712423,-5.377713848409267
-0.062050188327034836,-5.377694153038725
-0.06717857723027074,-5.376690568435094
-0.07242931601878856,-5.375994509130714
-0.07735945647009787,-5.375017906576597
-0.08225386498868302,-5.373838239176768
-0.08670655110116154,-5.37270258521187
-0.0911144947538464,-5.371964235487464
-0.09556742425667866,-5.371113960462043
-0.10027139345121075,-5.370458067136235
-0.10436704514791671,-5.369511871436723
-0.10820244610866855,-5.368383915062282
-0.11194585446210693,-5.36728736662931
-0.11585662951381002,-5.3663955602722675
-0.11966236244494928,-5.365523149925691
-0.12345952646051454,-5.364845818323203
-0.12728861130065108,-5.3642076872485935
-0.13111200240996784,-5.363345585789726
-0.13467691956337866,-5.362495801846153
-0.13802845399462643,-5.361385548045973
-0.141110972002954,-5.3601494666220155
-0.1441187060269745,-5.358936486946078
-0.14734420995622768,-5.3579893557872005
-0.15082398471563785,-5.357050843178041
-0.15413730732455927,-5.356277309695116
-0.157137536852716,-5.355121985378542
-0.16003814282860265,-5.353856515728418
-0.1633784505087487,-5.351946256723393
-0.16694770696424674,-5.350315577507449
-0.17010747349376326,-5.349174870927763
-0.17363469666166492,-5.348320223894952
-0.17679746183793968,-5.3478182132198135
-0.1798786451108929,-5.347235671039293
-0.18256739722641266,-5.346611622901955
-0.18548611408112425,-5.346109087317682
-0.18830812027359067,-5.345399152158567
-0.19117756078172807,-5.344799792996892
-0.19384667894354557,-5.344353791163395
-0.19666827337889117,-5.344012595086647
-0.199292025394166,-5.343515687849788
-0.2018552256597528,-5.343078549895446
-0.20410611147909621,-5.342652634416051
-0.20637235701989093,-5.342236740343122
-0.20885247981030547,-5.341929547836356
-0.2114173440248232,-5.341527102381684
-0.21383734724913578,-5.340985529047093
-0.21613702120743689,-5.340476679896705
-0.2182061769480538,-5.339669712884722
-0.22047584312165777,-5.339017201406306
-0.22287048853274266,-5.338462632955254
-0.22512805990513945,-5.337855937433733
-0.22720395699634804,-5.337257549577739
-0.22825562296944096,-5.337274513594481
-0.22911254123309016,-5.337041435644747
-0.23016344678817502,-5.337044219157377
-0.23119063614621185,-5.337152792346053
-0.23241514841730895,-5.337504285352236
-0.23355513391988592,-5.3377532112192565
-0.23422313363758632,-5.337942458709823
-0.23475569470265387,-5.337893725742411
-0.235477035404043,-5.3380744225473045
-0.23631512999068596,-5.338326424143953
-0.23712853142522433,-5.338636193035321
-0.23789886832535234,-5.33889370724042
-0.23864761362261297,-5.3390331727698594
-0.23920836265638368,-5.339128984166015
-0.23960797101792605,-5.339029087669826
-0.23997750052346395,-5.339126187638298
-0.24042215812116524,-5.339371833031096
-0.24086836832281044,-5.339753791287028
-0.24145390281023105,-5.340198462711355
-0.24211216434454355,-5.340699919352537
-0.24231609738422075,-5.34117267190522
-0.2424656508700172,-5.341802340527386
-0.24254139005978156,-5.342451251947911
-0.24299940710505846,-5.34344818619438
-0.24334853240231277,-5.344354877807729
-0.2429828737876849,-5.346116740444828
-0.24237190267396577,-5.347644932724853
-0.24194767377430199,-5.349331335946701
-0.24128559788212775,-5.350864086499937
-0.24092738571739558,-5.352391954097871
-0.24042510474666887,-5.353726315593047
-0.23998027920736018,-5.355016613739354
-0.23919596453637476,-5.356043776065205
-0.2385020071321872,-5.357270290083579
-0.23780496243638663,-5.3584078390150385
-0.23734372786762764,-5.359526530054438
-0.23684018978823887,-5.360673946349939
-0.23641763551834988,-5.361917765254986
-0.23590145771414717,-5.363085428099063
-0.23503980320699397,-5.36462113525272
-0.23413528933280617,-5.36610459031889
-0.23296532718462615,-5.3675196615657015
-0.23183215140866034,-5.3691458628987645
-0.2308665519658854,-5.370975912041913
-0.22996593548227529,-5.372815158025387
-0.2289727677897489,-5.374658392912141
-0.2276240616399754,-5.37623489317813
-0.22606190830314846,-5.377645124048759
-0.22452701875654185,-5.379034529018492
-0.22318970363965673,-5.380664444702039
-0.22232188158865726,-5.382659804039021
-0.22127296691184853,-5.384793419795822
-0.2200149489581741,-5.386672235223967
-0.2186001038902181,-5.388428871845912
-0.2171753121515615,-5.3901930708348695
-0.21566887546903857,-5.3918576331236485
-0.21452591840036445,-5.393804669131274
-0.21330977185484062,-5.395807488761696
-0.2122110703567306,-5.397953112626936
-0.21079428851307103,-5.399851277047132
-0.20934155206797325,-5.401776841083368
-0.20785698099048525,-5.403596583035882
-0.20590998114561457,-5.406165554999036
-0.20405393199931043,-5.40866505998935
-0.20216719325379462,-5.411199842601343
-0.20028962028202907,-5.413795663917275
-0.19827802906381573,-5.416472509682661
-0.1964186848619844,-5.41916336228177
-0.19440053707566093,-5.4216603013317295
-0.19228727612403987,-5.42415167493642
-0.1904227123763995,-5.4264308906916465
-0.18840329451572432,-5.428540988118332
-0.18627951520153124,-5.430730692770403
-0.18391681568429857,-5.432735189400004
-0.18171845171074646,-5.434940483240778
-0.17970701157076804,-5.437138796521226
-0.1776181045204002,-5.43917566820061
-0.17512686078496803,-5.440833076773481
-0.1726728065314487,-5.44246211887132
-0.1701580605451283,-5.444104452041757
-0.16795947068928907,-5.446074627633809
-0.1657140648570039,-5.448080522268712
-0.16352408138115387,-5.450088206334099
-0.1609566890750443,-5.4517432457630255
-0.1584935266314936,-5.453318774581318
-0.15556989981869931,-5.455254302576768
-0.1526976159754763,-5.4572530297404
-0.14989519373883622,-5.459274738578771
-0.14715778548337344,-5.4613806540103615
-0.14503678733359826,-5.463055762369441
-0.14280152912327423,-5.464664428215988
-0.1407266763700559,-5.466150727898594
-0.1384589450874439,-5.467433999057998
-0.1362103905685147,-5.468684036215447
-0.13392344273760637,-5.4699633480007765
-0.13190455748846103,-5.471551681097753
-0.130032642708119,-5.473178358911963
-0.12824563701862204,-5.474904398948951
-0.12639986776087092,-5.476499042039941
-0.1243915223170848,-5.4779086735761675
-0.12216955707031647,-5.479255351396726
-0.12016737528596594,-5.480587116253138
-0.11806455464477002,-5.4821703204224095
-0.1159766619877016,-5.483765152601945
-0.11399560087490303,-5.485357884745259
-0.1120096591715574,-5.487006749182086
-0.11020263003685864,-5.488793533581845
-0.10822762801424878,-5.490397998837767
-0.10590203668708233,-5.491962621972823
-0.10337804988624263,-5.494205867204185
-0.10073816152600631,-5.496229213411164
-0.09818518811116646,-5.498429295417822
-0.0961477836971608,-5.499973001452364
-0.09426754850863393,-5.501674851416323
-0.09243943016081388,-5.503364622662762
-0.09049658192094041,-5.504900511493759
-0.08855791267383216,-5.506167307075593
-0.08653421630943327,-5.507368736410598
-0.08453243836664805,-5.508699549513378
-0.08270820986672807,-5.51009905085911
-0.08102571958048094,-5.511591498856814
-0.07937783650177094,-5.513150506700832
-0.07785899318429731,-5.514611086053352
-0.07621124753707986,-5.515926661286983
-0.07444504420026048,-5.517115742118078
-0.07283190089384872,-5.518052376774543
-0.07155203077187373,-5.519399438470342
-0.07058243723722593,-5.520984764699073
-0.06953792854728108,-5.522627270061885
-0.06819988055599793,-5.523908400694833
-0.06650822509955102,-5.524918323342015
-0.06468352662287002,-5.526203629073751
-0.06301832751439562,-5.5276857619128235
-0.061753408046837925,-5.529475096982204
-0.060358190503291005,-5.531363867380963
-0.05936003987426074,-5.532859236654709
-0.058124760757383744,-5.534156624540022
-0.05681481019386272,-5.535434646483136
-0.05536544541691634,-5.5364972761330975
-0.05393244312991676,-5.537509546996576
-0.05268578546286013,-5.538628695988578
-0.051256898378793575,-5.539716583542646
-0.05013966823685075,-5.541188819360981
-0.04878370505906334,-5.542650483228405
-0.04758194406950682,-5.544212659656409
-0.04599489200874893,-5.545299633887854
-0.044501571697633496,-5.546395703518824
-0.04293658081764806,-5.547403461159329
-0.04142888767749307,-5.548481923196407
-0.03995171643822854,-5.5495849678520885
-0.03847039423865144,-5.550583951841298
-0.03693927781427348,-5.551574564989331
-0.03569813499460265,-5.552344047224812
-0.034532686726240214,-5.553171515563428
-0.03328165244334916,-5.553893429134165
-0.03184696977063263,-5.554857428635205
-0.0301022276651122,-5.555642204642878
-0.028312480428687507,-5.556465922019338
-0.026859450544846477,-5.5573148820664535
-0.025779626851784403,-5.557681696644417
-0.02510695902319107,-5.558359817692065
-0.02408936815589364,-5.558611966405557
-0.02294798702256548,-5.558684522477469
-0.02168874224540677,-5.558697430682233
-0.020528281048463916,-5.559000088462066
-0.01943694618698924,-5.559400996830649
-0.018391197004124598,-5.559836828544548
-0.017455945828034343,-5.560188342531097
-0.01646890931597149,-5.560373439540909
-0.01551397071792847,-5.560583129294948
-0.014255480735855088,-5.56084548424957
-0.013083575004038445,-5.561190370051435
-0.011889784672401536,-5.561481563403541
-0.010643034023761952,-5.56201189510542
-0.00928125417042028,-5.562380410629494
-0.007754821611670605,-5.562807805211133
-0.006052190560264554,-5.563154957995635
-0.004259313618812621,-5.563496843717317
-0.002576535863021606,-5.563858049974614
-0.001100842997572038,-5.56445284635792
0.00023853726109351374,-5.565283418977232
0.0014530811978402155,-5.565587628371013
0.0028055472928895766,-5.5657212092655834
0.004290797245591948,-5.565715832089483
0.0056889593030286355,-5.56575019979914
0.007246075004995867,-5.565587886363967
0.008688948779456718,-5.565647961257577
0.010352495758938332,-5.5655020380301945
0.011716412460657922,-5.565726841729002
0.013126981211733186,-5.565755358961574
0.014513284336461554,-5.565838182440091
0.015975333354920386,-5.565774179055965
0.01775038445109378,-5.565565226499495
0.019610695630924813,-5.565119644321159
0.021464891662101294,-5.564664638408364
0.02309579691928757,-5.564456382500067
0.02483117864440891,-5.564327918280368
0.026428978123452733,-5.564325139933461
0.028127164426853285,-5.564260586238547
0.029876606307286016,-5.564235171731885
0.031703703490677616,-5.564080067646693
0.03363614636390713,-5.563923488697352
0.03572156351807833,-5.563806051311515
0.037787884986550384,-5.563689828242561
0.039757359437430244,-5.5636935705921395
0.04147913156418908,-5.5634559037647735
0.04343617448410567,-5.563398170564454
0.04541220425586484,-5.563220810313786
0.04754046567955091,-5.562860147706854
0.0496697356723396,-5.5625004260244815
0.05198017959908597,-5.562014356506747
0.05397193669792132,-5.561870219189655
0.055825139807088024,-5.561895072769398
0.057858982205772534,-5.5616958071237095
0.0601537460419912,-5.5611373790363245
0.06238973186472653,-5.560383067204472
0.06460429780191236,-5.55959342204809
0.06693923356794486,-5.558880281116523
0.06899744967084122,-5.55816126889972
0.07105180993506731,-5.557526749402964
0.07331210235994792,-5.556466872506938
0.07554472341081148,-5.555316586761426
0.07769248313588954,-5.55423090651069
0.07982602785171845,-5.552858498320445
0.0815699485445353,-5.5515005479422115
0.08341685699588516,-5.550356697856481
0.0852279657176595,-5.549206471506593
0.08702198728921161,-5.548028065862963
0.0888844057842089,-5.54677293248424
0.09080714695719537,-5.545466015388845
0.0925289339245981,-5.544004687303736
0.09406133214500036,-5.542687485384897
0.0956013966396871,-5.541360825600995
0.09727027504501252,-5.540132787151953
0.09900796054539476,-5.538852383254901
0.10049955743009706,-5.53787744296396
0.10193589268470357,-5.536859845969765
0.10285240269831124,-5.536237888446647
0.10410428716588742,-5.53519975439293
0.10540095536623573,-5.534195929640736
0.10695652244541876,-5.5329950590580586
0.10831386878026111,-5.532040248706077
0.1095660273931044,-5.531004478872618
0.11039154931374744,-5.530293412240035
0.11143441739806093,-5.529397704731921
0.1123825249223829,-5.528333167365773
0.11339523595783743,-5.527122571356556
0.11448994417102124,-5.525810204486349
0.11548883143513845,-5.52462584678926
0.11643151814727966,-5.523565618009915
0.1171676520111727,-5.5227617678455205
0.1178460358671806,-5.521689923115451
0.11867515573802175,-5.520406407632853
0.11962898717965298,-5.519041236957908
0.12050650014678109,-5.517514575701205
0.12132821237659332,-5.516072677704076
0.1218114807509325,-5.5142098251065494
0.12213846108572794,-5.512540759151979
0.12241680783488659,-5.510715785530873
0.12246962906275614,-5.508996230924203
0.1225311687113438,-5.507204311666656
0.12283558307288614,-5.505227113838184
0.12306758589764864,-5.50329409753546
0.12297647857033421,-5.501346012944451
0.12247792335558953,-5.499707983336754
0.12239439826082045,-5.497894000463166
0.12240125055418109,-5.496062398657321
0.12219474062794361,-5.493989321515653
0.12191807403697824,-5.491937593130905
0.12173887922930889,-5.489729833774877
0.12108061014556655,-5.4877406846434
0.12062279164364224,-5.485627793876904
0.12040876748380182,-5.483328725755059
0.11982453770901341,-5.481020576326185
0.11948954826900693,-5.47887319550136
0.11903118153199191,-5.4765264308336405
0.11833070399837424,-5.473973059690342
0.11755958449270679,-5.4714773866848505
0.11682402464677721,-5.4689542367566375
0.11605348883811833,-5.466428607367087
0.11550534390313198,-5.463859081074008
0.1149891875886765,-5.461264841064617
0.11430282852584213,-5.458693728091951
0.11336331924052716,-5.4562260167485706
0.11219218243954024,-5.4539349100517205
0.11117525124603118,-5.4515059189545605
0.11024590896727189,-5.448901977696505
0.10969979358008353,-5.446004683836935
0.10885120392469816,-5.44327069865749
0.10812155859959822,-5.4405102038478965
0.1069788112245023,-5.43806531270664
0.10518772532896284,-5.434797239207479
0.10332111827631384,-5.43147075222423
0.10158780713349348,-5.428086787877701
0.09994225135179018,-5.424667526515323
0.0984303738819378,-5.421351319357436
0.09694630356481446,-5.417940133476491
0.09524899494458088,-5.4147101612705235
0.09329693422185663,-5.411283212528663
0.09152852829563164,-5.4075538931327305
0.08965584479835831,-5.403952780511736
0.08758685827478423,-5.400400774394331
0.0852240587354669,-5.397168386946329
0.08276915414606346,-5.393994882689783
0.08022097743304557,-5.3907491379603645
0.07774721768357326,-5.387404452517888
0.07524233228118848,-5.3843935861279055
0.07258887303363366,-5.38139542394629
0.07002407619476839,-5.378523776834313
0.06753573782153091,-5.3756419996666756
0.06496755232097118,-5.372727897388837
0.062124573329569686,-5.3700247145311995
0.059472853586448035,-5.367085478100981
0.057023626055876256,-5.364302831961117
0.054739508734994946,-5.361392808556889
0.05126478079517479,-5.357648177210492
0.047440662133803574,-5.354242307430018
0.04387026324031467,-5.351124325450505
0.040349330160164835,-5.348271441088865
0.036953824532522626,-5.3452978136480205
0.03357670815578349,-5.342338420870597
0.03014285795328733,-5.339486491184451
0.026482082366334682,-5.336819939701231
0.02322648688294962,-5.334466900499997
0.019655103904397713,-5.332365111514187
0.016041273826618477,-5.330305003549751
0.012585664838490695,-5.328367253278541
0.009262057321756835,-5.326302319437548
0.005942297385836032,-5.324209468901455
0.0027597037139886413,-5.32222268709895
-0.0007022567298485272,-5.320501278188748
-0.004323849951194901,-5.318971030352188
-0.007852888487217862,-5.31751224326893
-0.01117444961971281,-5.315825713794952
-0.014232858737783646,-5.3139218633229435
-0.017287483495596202,-5.311905511181216
-0.020528689232081766,-5.3101181965842095
-0.024026347938590705,-5.308481072656269
-0.02814652025543843,-5.30603187314503
-0.03219411799985443,-5.303553807276809
-0.036131125332042754,-5.300938686151973
-0.039564873570632014,-5.2992473459253535
-0.04275188275919532,-5.297448429950281
-0.04568988670916647,-5.295413808568098
-0.04897299145876857,-5.293353421604586
-0.05246200262385727,-5.291593915329887
-0.05629039794718967,-5.29016829786793
-0.05983322001391571,-5.2886945852659535
-0.06308199717850253,-5.287300557746244
-0.06650021776147076,-5.286038590583021
-0.06973776370745388,-5.284588439994194
-0.07289934883056257,-5.283451166634403
-0.07615984973975626,-5.282391282859845
-0.07928274635308825,-5.281486142208373
-0.0822804116167417,-5.280872001849882
-0.0853883728607474,-5.28034415278993
-0.08836823257702382,-5.279718906323624
-0.09120037938466159,-5.279083943637313
-0.09419227811271627,-5.278573890281985
-0.09713716859495891,-5.277887863933556
-0.10029240034170961,-5.2768986172334085
-0.10348171541973525,-5.276014406481228
-0.10698357219177586,-5.275436873562098
-0.1103718615665371,-5.274946539979221
-0.11373465370176881,-5.274411573727409
-0.11611042344656056,-5.274914398114722
-0.11840022613416223,-5.275180701795363
-0.120919291190057,-5.27562481195539
-0.12346096689901534,-5.27608676040716
-0.12593707147025313,-5.276704001072923
-0.12845282194221197,-5.277525065279595
-0.13096148577579358,-5.278340767119001
-0.13346939170776814,-5.279112101019206
-0.1360809745451128,-5.279668661392711
-0.13865147573852146,-5.2801933797842455
-0.14120763596575117,-5.280691432320274
-0.14373422582779352,-5.2813283969366145
-0.14623679872643924,-5.28209942043406
-0.14901759120205718,-5.2831121197334
-0.1517940040673992,-5.283892337807409
-0.15443179869319953,-5.284514943541693
-0.15694367677457272,-5.284974474368124
-0.1595600995853441,-5.28556472699752
-0.16215178786848508,-5.286261832788201
-0.1646342078209905,-5.28716971225627
-0.1671666151177987,-5.288185615436974
-0.16971670159348617,-5.289223296755276
-0.17218087423052272,-5.290147497963987
-0.17399933303724677,-5.292020873292279
-0.17583253663353232,-5.293855668709627
-0.17748178621507926,-5.295744185874248
-0.17893052422863487,-5.297476139755703
-0.18077478827713145,-5.299615998486964
-0.18280801736988933,-5.301844994264229
-0.18493592876155993,-5.304442459661888
-0.18683133206739364,-5.30675715922104
-0.18849273324753446,-5.308971009158092
-0.19016245392913056,-5.311017639617801
-0.19208676492290006,-5.31337389125051
-0.19396113676128723,-5.315781011614604
-0.19607948874320993,-5.318353618827097
-0.19811993017025864,-5.3208314742637
-0.20000435594334956,-5.323137949581907
-0.2019650283384825,-5.3252534696841245
-0.20378055107007803,-5.327192482941225
-0.2053849753600151,-5.329101874583085
-0.2071960841275998,-5.331127208474771
-0.20875267750590357,-5.333619690536824
-0.21042696213278414,-5.33616843342572
-0.2120324443521395,-5.338756411374626
-0.2130599751308989,-5.3416806729562625
-0.2139918158643493,-5.3444531071050605
-0.2147456093071633,-5.347099033105108
-0.21598664344429802,-5.350027687304345
-0.2171667253897472,-5.353118043532814
-0.2185015017096617,-5.356340982436857
-0.21961216949710805,-5.359735147356885
-0.22070484843514013,-5.36300813671649
-0.2215267629638325,-5.3659443796264545
-0.2227093648096353,-5.369085174674191
-0.22398054320791988,-5.372243070882387
-0.22537982328972211,-5.375438140674771
-0.22670525794935004,-5.378586909892417
-0.2278864327240712,-5.381652937738181
-0.22895471757886762,-5.384411559908345
-0.23024108086552802,-5.387445166696924
-0.23115905316868926,-5.390805871766754
-0.23231992964647613,-5.394203614308448
-0.23319094310138075,-5.397481482697885
-0.23425043244290208,-5.400988893458925
-0.23524014192116427,-5.40449152675815
-0.2362287509712928,-5.407959429425203
-0.23711071600930664,-5.411297525557808
-0.2381421180388176,-5.414626547949006
-0.2392645372557357,-5.417819182107966
-0.24058114392502264,-5.421257587338151
-0.24187682936322114,-5.42464282731467
-0.24303654243952144,-5.428131650612897
-0.24398882802388527,-5.431401059073596
-0.24498082192113868,-5.434752188780071
-0.2460362309532563,-5.438055166842242
-0.24720378641767238,-5.441473333333559
-0.24838506454976483,-5.44480957465194
-0.24938815703989006,-5.448281211374883
-0.2499559079927303,-5.45134785354634
-0.2504733935169579,-5.4543759795834355
-0.2510117426933989,-5.457388226581837
-0.2515815630036487,-5.460393026689871
-0.2521353513593228,-5.463305050766239
-0.2525502572685957,-5.466322347679895
-0.2523473145248565,-5.469649581797613
-0.2518939909123282,-5.472787087614886
-0.25145831820473213,-5.47591123620462
-0.25104280504686305,-5.4789546368210145
-0.2506277030308901,-5.4820913614874565
-0.25023291595434227,-5.48510961512066
-0.2496866538162043,-5.488021936006859
-0.2493759686289422,-5.49060132998291
-0.24880599316621363,-5.493012845144237
-0.24811750236378372,-5.495275664432967
-0.24775681838972594,-5.497539998153497
-0.2473160084223238,-5.499742235851763
-0.24682867195213426,-5.5018717153229035
-0.24584135770013987,-5.503727885398045
-0.2447905294532163,-5.505352366145868
-0.24371166469919675,-5.506960538422688
-0.24289511447710804,-5.508369937892122
-0.2419333290896006,-5.5096965373990985
-0.24083030112527964,-5.510950682918766
-0.2394998612252631,-5.511896768085159
-0.23764243138375485,-5.5124353452750645
-0.235761271496438,-5.513025221768214
-0.23410740111484274,-5.513545254137333
-0.23216606843976198,-5.514851677106457
-0.23013256896806145,-5.5163049681180025
-0.2276743658799677,-5.517239128008311
-0.22560830217967892,-5.517707838690111
-0.2230297658442376,-5.51778065241668
-0.22041062815196996,-5.517668144433218
-0.21773246442709918,-5.517462110957122
-0.2150959061129552,-5.517288279751545
-0.21255542429061078,-5.517021656552776
-0.20971257146711086,-5.516521631228283
-0.20676456637825413,-5.515996954332343
-0.20360604165063265,-5.515118694208064
-0.20012594685760302,-5.513895187959342
-0.19666278007973964,-5.512562188066754
-0.19333716968741047,-5.511250828329327
-0.1900599353743302,-5.510036537649138
-0.18671154109508414,-5.508991827657963
-0.18324162289220905,-5.507738896189773
-0.1796199627534192,-5.506340292932024
-0.17576453367443232,-5.504776125771071
-0.17211577805762407,-5.503116123675627
-0.16863802522158114,-5.501625326049531
-0.16487317522187728,-5.5002349818626595
-0.16110711864045543,-5.498779935534161
-0.15746825741097248,-5.497369879838619
-0.15374014120338245,-5.495891158445698
-0.14996276244754742,-5.493962191417067
-0.14667426634388223,-5.491471941849211
-0.14333060858583244,-5.488911871911003
-0.14000703639252882,-5.486475138240404
-0.13678008928147192,-5.4841596850505026
-0.13363072787035285,-5.48183235592323
-0.13045342504462915,-5.4794401831857735
-0.12711134273343452,-5.476691037423917
-0.12389106563388955,-5.473932449157293
-0.1206651342124663,-5.471169456838851
-0.11759494713153647,-5.468538833565388
-0.1145522036659005,-5.4660494441917775
-0.1114566775002597,-5.463519325507662
-0.10857997329755065,-5.460929318396933
-0.10562238192222784,-5.45800079387127
-0.10279572877826425,-5.455173130070806
-0.09998295081156577,-5.452255178437025
-0.0971768547064645,-5.44955322829423
-0.09441424220913043,-5.446884719956865
-0.0920434313650598,-5.4442059138773375
-0.0895024041895674,-5.4413485631557785
-0.0871473526795863,-5.438634534737839
-0.08482751438524849,-5.435859440699762
-0.08235832069240087,-5.433249846288689
-0.08071800878731211,-5.430268470208148
-0.07895569819420598,-5.427302208843184
-0.07751123530478388,-5.424725829829488
-0.07587226333889918,-5.42207295142434
-0.07467174629062105,-5.419655086737977
-0.07342840267973871,-5.41718461852136
-0.07242706041906197,-5.414917459745866
-0.07124875582942879,-5.4127798388280155
-0.07009156690611394,-5.4109218667194225
-0.0692061187905281,-5.4093247084539025
-0.06846620043586427,-5.407783339102292
-0.06792516457927139,-5.40648590354311
-0.06754564032010583,-5.405230148406288
-0.06702826738451753,-5.403990938277819
-0.06651288644376961,-5.402754165664764
-0.06606212071982932,-5.401596813598357
-0.06570191559542371,-5.400284266392679
-0.0658234481573591,-5.398748877032769
-0.06614255354878873,-5.397415393156011
-0.06664216805323651,-5.395943236694039
-0.0671097422074925,-5.3944870297786816
-0.06743115886885653,-5.392892183723579
-0.06817835842019047,-5.391172659193336
-0.06875778823088723,-5.389338284314632
-0.0694191136162006,-5.387715735899528
-0.07018437918168823,-5.3858939080591774
-0.07139825916064031,-5.384529565101999
-0.07243042876500316,-5.383135185294156
-0.07374149028051324,-5.381924379592131
-0.07484052205978627,-5.380517950798611
-0.07610101408449266,-5.379134776212507
-0.07750209070655441,-5.377860279870357
-0.0790422831266686,-5.376668445446882
-0.08077963322733615,-5.375874334749306
-0.08249010731740418,-5.375040320659478
-0.08418672138257556,-5.374275736207205
-0.08575020610337114,-5.373407139583508
-0.08740115337426091,-5.372569430326184
-0.08922236275146506,-5.371680441528671
-0.09101112805651053,-5.3710808321318035
-0.09309537275268977,-5.3708003090673015
-0.09550998097328003,-5.3702181548700425
-0.09781048245143269,-5.369723600787702
-0.09985887646065734,-5.368920861970703
-0.1018440533268407,-5.368069336971757
-0.10378613665852729,-5.367348518329792
-0.10598373034478398,-5.366940301020155
-0.10846982412603928,-5.366755784837063
-0.11092018635355742,-5.36659862395231
-0.11342345426901156,-5.366516581832068
-0.11575376683138605,-5.366065839506332
-0.11836289830268709,-5.365721412695491
-0.12083110963709813,-5.365204834827587
-0.12359550095381339,-5.364686427770483
-0.12616821368983813,-5.364123172640617
-0.12906714889993404,-5.363958497314649
-0.13165182680787552,-5.363645708644656
-0.13463284224079536,-5.363372862078875
-0.1373984651202017,-5.362837997632865
-0.14043685974349715,-5.362093849872662
-0.14329644138419947,-5.361210767893708
-0.14634284190354746,-5.36055553671903
-0.14933129771965098,-5.359944840921886
-0.1525220634973765,-5.359491194460669
-0.15597947559906866,-5.358769061244501
-0.15957364316980888,-5.357942088196577
-0.1631631508992439,-5.357111406144968
-0.16634075619747027,-5.356587305431078
-0.16945371467375386,-5.355918795576077
-0.17253349292038817,-5.3555505711903475
-0.17577623038474366,-5.355309022277202
-0.17917353148897422,-5.355199980666817
-0.18236144128212467,-5.355005329124423
-0.18571139936482658,-5.354936753575612
-0.1889967293661014,-5.354642888434588
-0.19224390467852354,-5.354664186942517
-0.1954132549653548,-5.3546249056998985
-0.19861915361293064,-5.3547272986163446
-0.20183711317280287,-5.354885781013536
-0.20498007729785428,-5.354985837674913
-0.20799048519463836,-5.355040016139219
-0.2107379717744402,-5.3548490590237225
-0.21359952097639698,-5.354815239951753
-0.21631393509374497,-5.354780068026065
-0.2191109783226037,-5.354852219923186
-0.2218454479051874,-5.354794911998618
-0.22480467210860128,-5.354772003208424
-0.22798087242391127,-5.3541400304230855
-0.23085373051121458,-5.353373389652554
-0.23362918128557247,-5.3524167577051704
-0.23615853490724895,-5.351268244416032
-0.2384923740391705,-5.350559766879363
-0.24085884369232818,-5.349826362129993
-0.24332757781076997,-5.349234096340449
-0.24567720684846436,-5.348495461107227
-0.24788723863357895,-5.347863556277727
-0.25001714660117624,-5.347125056030451
-0.25190478479201106,-5.346157745391556
-0.25378237454019476,-5.3451981186669135
-0.2554032845603208,-5.343993519468406
-0.25695818319452524,-5.343011426079235
-0.2583642703701648,-5.341824062684856
-0.25985599632887685,-5.340713823439258
-0.2610078717801871,-5.3398633269641405
-0.26197170356658084,-5.33873117879819
-0.2624732132317834,-5.3371619045698315
-0.2629179246312811,-5.335636082162866
-0.26309258751911346,-5.33387834833931
-0.2635032482524994,-5.332338181195521
-0.26353051467840616,-5.331091179093795
-0.263752310668538,-5.329267379691923
-0.2636283019858049,-5.327118161058978
-0.2634982661583557,-5.3249737786293805
-0.2630755743671826,-5.32253651592131
-0.2621938358877088,-5.320187692990545
-0.26136006995277145,-5.317802395959985
-0.26065020976218706,-5.315541718194234
-0.25977213666372245,-5.313185193399523
-0.25893427320975865,-5.310775467337451
-0.25783927178854754,-5.308053997487893
-0.25641754062978384,-5.30507687849466
-0.25506828628680556,-5.302044369020061
-0.2539029502915684,-5.299234878843536
-0.2527151808831241,-5.296407842806976
-0.25139304486790487,-5.29368383676324
-0.249772031889415,-5.29059754052246
-0.24773360942664993,-5.287184382063572
-0.24587700872352938,-5.283631788067357
-0.24394487358450284,-5.280005867539615
-0.24214657322459865,-5.276449643921253
-0.2402107817939166,-5.272999074021941
-0.23804167166698187,-5.269405139456472
-0.23576358229701716,-5.265746777150319
-0.23376110467708666,-5.261789486821414
-0.2314884665776025,-5.257845532077783
-0.22943185032221283,-5.254070972561369
-0.22696335284269992,-5.250036196003
-0.22409698604855094,-5.246487248006381
-0.22115143287173883,-5.242957117759976
-0.21819661123880296,-5.239487403637758
-0.21525783487965436,-5.236241316354665
-0.21222339652737596,-5.23288588089567
-0.2090528914830484,-5.229310633342153
-0.2059014725642597,-5.225781618480647
-0.20268755582116552,-5.2222559205623815
-0.19926937068698064,-5.218512937022462
-0.19564135249855347,-5.214898887239016
-0.19207141312597614,-5.211369352350566
-0.1883952768713759,-5.207724624445733
-0.18493989570981847,-5.204185702250488
-0.1813502913959279,-5.200504486567932
-0.17736594788304208,-5.196458631911143
-0.17332395478199122,-5.1923613675413245
-0.1692861731963475,-5.187974533861972
-0.1655331047583852,-5.183932761924754
-0.1620225456647946,-5.180151976176923
-0.15852009645666598,-5.176192700197608
-0.15493046528150145,-5.172127740476953
-0.15125481420216577,-5.167846492399495
-0.14752632273475486,-5.1631276611112265
-0.14356194144789597,-5.158904194988244
-0.13991815286907028,-5.1549324452169
-0.1361870547083436,-5.151028351868687
-0.1326219753783737,-5.147325512171631
-0.1288822948548019,-5.143485512116343
-0.12501685623881792,-5.139742977831447
-0.12088812849959407,-5.135681284650547
-0.11704105094710379,-5.131938979676908
-0.11302973417616666,-5.128198957136877
-0.10920241386014687,-5.124662887837406
-0.10548763772894683,-5.121215240239923
-0.10154236940152929,-5.117687034770554
-0.09744744296558853,-5.114157938941645
-0.09331311135501393,-5.110597901556363
-0.08912947003019958,-5.106923882699947
-0.08484687235963531,-5.1032376224316245
-0.08091004308415048,-5.099743640393096
-0.0769087178138735,-5.09643394840435
-0.07293772202984626,-5.093173555076097
-0.06905505910916676,-5.090017353522773
-0.06519171236954137,-5.086846327534533
-0.061415750380746745,-5.083641172213803
-0.05736808422357361,-5.080201754431548
-0.05320436686785504,-5.076935391948702
-0.049233387933604836,-5.073562318445743
-0.04524191229460819,-5.070173148758359
-0.041444220090008074,-5.067209201954536
-0.03743904543504431,-5.063967977752145
-0.03339549108678562,-5.060696599434709
-0.029318619645335494,-5.057398252986493
-0.025197302293516476,-5.053777044460784
-0.02110952577138344,-5.050182207636825
-0.01714689155056033,-5.046813986961792
-0.013092464818304669,-5.043294520994784
-0.008965847761959052,-5.039718337936769
-0.005031887350491001,-5.0363656626256565
-0.0010649853797817582,-5.032599149507648
0.002925701008128789,-5.028813956911808
0.006663865670079398,-5.025027552637861
0.01031936319836986,-5.021427424687745
0.014054881214552338,-5.01776439226795
0.017518252795034335,-5.014556713193146
0.021222949878468126,-5.011063978991865
0.024829784199377404,-5.007410338389978
0.02826506162134967,-5.003672335721885
0.03164125106617579,-4.999916219001177
0.034940275277946194,-4.996220736979687
0.0381015971056258,-4.99268533279925
0.04160608427004052,-4.989028806383772
0.04488056153006868,-4.98574200128756
0.04805829434641772,-4.982594989574096
0.051130124105946625,-4.979531232828333
0.054241736392020616,-4.976225867561967
0.05745819107701902,-4.972967397187464
0.060515989752758244,-4.969833694221986
0.06343218807293562,-4.966949950260284
0.06622032125460997,-4.964361791397355
0.06887046762276643,-4.961783912093625
0.07159594203030291,-4.959079869531645
0.0743698139212416,-4.956301129544878
0.07719557792701039,-4.9534815674454835
0.07990203858277455,-4.950806940425002
0.08264224226339652,-4.948158957087863
0.0851249818476769,-4.9457135117052315
0.08730016862552847,-4.94357646457722
0.08915050106353281,-4.941583569106928
0.09100644033030962,-4.939665753783794
0.09288740375698122,-4.937617011944262
0.09481182034433416,-4.935484544776382
0.09693908157483933,-4.9335023409122165
0.09885981006076064,-4.931597523889326
0.1002861653223911,-4.930293344168065
0.1014899829361142,-4.929168024224618
0.10260846372261247,-4.928221276769181
0.10380609920657317,-4.927178337327056
0.10520555722418827,-4.926166253992513
0.10657264656871054,-4.9250300424064966
0.10764473761685822,-4.924252266741651
0.10860078349259993,-4.923864977420473
0.10920483068238329,-4.923743989714791
0.10949018117678937,-4.92401023023287
0.10976618348868031,-4.924240620180311
0.11012962123894769,-4.924343375499687
0.11040042825197446,-4.924558681597453
0.11014814469492082,-4.9252693491835355
0.10960933511414121,-4.926338537113168
0.10879577900233517,-4.927646321172877
0.10767667310866529,-4.929194439567218
0.10680647951091177,-4.930993966773732
0.10603346899359926,-4.932663332319846
0.10494749857715806,-4.9346904543570425
0.10369526145644344,-4.936750061532089
0.10221000624933635,-4.939099205396371
0.10046246539519274,-4.9419671461936225
0.09865472604231082,-4.945112365813024
0.09697540922853304,-4.948330344610171
0.09520810828419385,-4.9516404166935315
0.09334998010735161,-4.955027309517492
0.0912358197412997,-4.958635208011403
0.08891726681985881,-4.962491462086352
0.0863091130028509,-4.966557553998622
0.08411694426542166,-4.970622454463189
0.08185420829465766,-4.974772965293328
0.07961069949429102,-4.978771375593113
0.07724651635595078,-4.98290423772126
0.07485888434259304,-4.987065451041435
0.07210423441096599,-4.991404763361607
0.06967254239131754,-4.995733424569223
0.06691290564250654,-5.000460746377527
0.06420009385236247,-5.005178441158547
0.061757950033230646,-5.0103601071558534
0.059325148813910586,-5.015569113040209
0.056803058224066234,-5.020638754379283
0.0542055744895441,-5.025767255725505
0.05178780052125127,-5.030637998480741
0.04919002779480293,-5.035868896783492
0.04646560701043487,-5.041198776092999
0.04398333161085333,-5.0467359787553425
0.04145736760103644,-5.052326057208552
0.03861506968966084,-5.057855683597539
0.035915817124750594,-5.063258594768329
0.033240601061850554,-5.068632042490207
0.030345498754200846,-5.074173628166212
0.02771865162757588,-5.079681912541866
0.024949392563856542,-5.085363352424887
0.022101199276899557,-5.090918022617332
0.01921826019311718,-5.096541821145683
0.016092891283197578,-5.10232180595886
0.012743485200880788,-5.107995136534183
0.009933254958051606,-5.113553007190284
0.007318049724037625,-5.118896638963535
0.004494496392065147,-5.124548621772738
0.0016267419301334214,-5.130358881481597
-0.0015814202159325516,-5.1364429452458396
-0.004503671114109468,-5.142209180196246
-0.0065075845760838545,-5.148381461366799
-0.00851017387208276,-5.154537516165958
-0.01019192842451325,-5.160442763914176
-0.012187042082001795,-5.166484119659166
-0.014003580917583717,-5.172621232717977
-0.01583844125544995,-5.178658720658161
-0.017765807907199695,-5.1848542775131214
-0.019674844259924038,-5.191063809351157
-0.0214674043587543,-5.197105253819479
-0.023084822537786823,-5.203022870957548
-0.024722023412306633,-5.208924821302664
-0.026392310736307975,-5.214828529919793
-0.02811514030915615,-5.220837662925464
-0.029881986456095234,-5.226812395203221
-0.031549159064378406,-5.232604330403603
-0.03279138994936642,-5.2379997146008845
-0.03410979583357813,-5.243335708180867
-0.035525728194077254,-5.248776278311677
-0.03726370897202088,-5.254563567034139
-0.03905922251777059,-5.260306075354573
-0.040872585086585166,-5.265971405083626
-0.042489924758426605,-5.271528517410458
-0.044342354321949204,-5.276903496661857
-0.0459491842651689,-5.282010684781076
-0.04679437907198422,-5.288110535126279
-0.04794055624920953,-5.293752620040735
-0.04899140806757142,-5.299468502869333
-0.05038777867823234,-5.3054678074074
-0.051698930213847756,-5.311436703009115
-0.05283953117875007,-5.317303564699328
-0.053570877869531276,-5.322984541679657
-0.054258700943239174,-5.328592164684648
-0.05518995306356884,-5.333932461042979
-0.056317935691472955,-5.339513668037794
-0.057372158492988996,-5.344985697933988
-0.05844391453357318,-5.350497615190193
-0.05940776364561922,-5.355821396296659
-0.06011595275067323,-5.361007533463318
-0.06089253589440924,-5.366051587393645
-0.06165208918321005,-5.371044000990137
-0.06242535629209875,-5.376088812784403
-0.06335488234790149,-5.381271288486146
-0.06422986594252302,-5.386411737381587
-0.06487068302593658,-5.391662538243073
-0.06552502819430157,-5.396538226728179
-0.06554038816326448,-5.402309930747383
-0.06518706889608508,-5.407689825610546
-0.06488542314467872,-5.413030368693972
-0.06433101985048575,-5.418207424281348
-0.063877555580501,-5.4234743136216235
-0.06413489892119599,-5.427904787890345
-0.06432583836827943,-5.4323633946937635
-0.06429488879597035,-5.4366511603916985
-0.06442899403470131,-5.440377180191
-0.06480533979757484,-5.44409954694017
-0.06501201654759896,-5.447691544190721
-0.06519922362005305,-5.4509069228292395
-0.06563668888481551,-5.454387264186319
-0.06578182880980067,-5.457642948317151
-0.06597633156076652,-5.460802642674039
-0.06609525656379359,-5.463681025196428
-0.06611051663518903,-5.466480058044207
-0.06607324275823771,-5.469026837201693
-0.06607337817551316,-5.471682726932469
-0.06596505462622905,-5.4742556144314864
-0.06596141294275285,-5.477045015935995
-0.06606765692913129,-5.479708009932234
-0.06614462099973806,-5.482348976218826
-0.0660268721990075,-5.484704879184061
-0.0655715116513003,-5.487463533837578
-0.06513096023670564,-5.490221493916074
-0.06445771656162733,-5.4929583310423435
-0.06359376294735763,-5.495672507439169
-0.06290413908137105,-5.498568160848532
-0.06303637155715242,-5.500461560861179
-0.06350404017728029,-5.502629531316577
-0.0638996372409013,-5.504479272011229
-0.06381526433830219,-5.5062181154988386
-0.06350301863083405,-5.507744028059308
-0.06347402815916595,-5.5095486643663
-0.06349285266822802,-5.511316955312357
-0.06358548103396083,-5.513183081483504
-0.06349890376206664,-5.5149924069137235
-0.0633672860414664,-5.516467401141488
-0.06303687858645422,-5.5178418316786875
-0.0626849215138801,-5.519189872679481
-0.06224551714441454,-5.520413636908999
-0.06192165154333969,-5.52166641086765
-0.06179784860858391,-5.523165773852669
-0.06175052912981538,-5.524501996062554
-0.06178067397492507,-5.525856332207599
-0.061557270630481005,-5.526898473630091
-0.0609876018364485,-5.527804062767257
-0.060526380940319056,-5.528487453359819
-0.06039962312107821,-5.529583130367915
-0.06111662146827309,-5.529704730984821
-0.062095539118883714,-5.530027091862255
-0.06305421905253374,-5.530268737468055
-0.06391766656759557,-5.530446265152132
-0.064547131243597,-5.530444335903198
-0.06520978116202021,-5.5304434141839
-0.06594597283323048,-5.530504205880546
-0.06706400806195849,-5.530728383598679
-0.06786011625936676,-5.5313230505834765
-0.06842563239966944,-5.5316983974162515
-0.06884970804865528,-5.5321306663784
-0.0689808681662599,-5.532556277106639
-0.0690170514303056,-5.53280235821364
-0.06944417327424886,-5.533108986164075
-0.0699585871821397,-5.53370267777827
-0.07063825490350505,-5.534511072076999
-0.07141085118307663,-5.535365487780382
-0.07224992733630779,-5.536092382697839
-0.07320556146185743,-5.536592760028589
-0.07417230719856258,-5.537101656714924
-0.07522129648412255,-5.537624301384574
-0.07629025897894262,-5.538174722060979
-0.0773671673329332,-5.538731232635432
-0.07845846233422216,-5.539351616337747
-0.07995861259793421,-5.53977503387719
-0.08103128133889853,-5.5397953174371155
-0.08210048725671364,-5.539609700157792
-0.08328551924910164,-5.539504376557204
-0.08449929326952328,-5.539434459829141
-0.08580799346417904,-5.539483765704261
-0.08678777816952667,-5.539325954477335
-0.08779792060214593,-5.5392055151448805
-0.08876572749127372,-5.538794917349307
-0.08996263857364066,-5.538335333779923
-0.0910641176171946,-5.537758204280371
-0.09243446971811387,-5.537218167425439
-0.09360029700288927,-5.536526616794062
-0.09502311844584133,-5.5361512259145
-0.09616901592031406,-5.535777634955344
-0.09753073999382418,-5.53547308655299
-0.09870868395692968,-5.534942302929035
-0.10007105593812232,-5.5341647085859655
-0.10146199329623115,-5.53340900717572
-0.10271463552573093,-5.532448915539761
-0.1039644896078538,-5.531775144774967
-0.10517472808663099,-5.531070933115301
-0.10653892123717959,-5.530497114196412
-0.10794148488675111,-5.529803070828635
-0.10936983931930437,-5.52912879482036
-0.1107682337588545,-5.528175604660283
-0.1121190635592929,-5.527460837261842
-0.11340098849743216,-5.526693082745451
-0.11470974515013559,-5.526001244052565
-0.1159085852241622,-5.525179447310666
-0.11745715574358756,-5.524332649383703
-0.11900457665768197,-5.52364286583434
-0.12038580952914478,-5.522777238004836
-0.12169703823043934,-5.5219648922756335
-0.12274902723580411,-5.52092428323581
-0.12413053802189865,-5.52022457470481
-0.12572581639907893,-5.519362185379608
-0.12757702167006943,-5.518749674934525
-0.12914596157276997,-5.51785196287763
-0.13061247641778181,-5.517032209048109
-0.13218947750312585,-5.515641074568813
-0.13363113399372648,-5.5141372128198896
-0.13506388502036604,-5.512682025899018
-0.13629350826309333,-5.511458672253988
-0.13742996471286456,-5.510448635000723
-0.1385925410792141,-5.509489088096784
-0.1398132133658723,-5.5084088786068826
-0.14109369296813487,-5.507372239175898
-0.1421592212338539,-5.506076894900633
-0.1431101824932444,-5.504793894946159
-0.14392227037712613,-5.503300209474229
-0.14505727232104462,-5.502202563268903
-0.14642580227185628,-5.501135673158464
-0.14790787463456204,-5.500164814331159
-0.1491207065504311,-5.498854972237774
-0.15012939295381408,-5.497387724281516
-0.15133407265855978,-5.495771263699849
-0.15267827489117983,-5.494325714638171
-0.15434298293039853,-5.493127250893242
-0.15594038534651244,-5.491980024969297
-0.15744280560578003,-5.490716349848028
-0.1584413293422418,-5.489063832368775
-0.1596006838493967,-5.48728882292887
-0.16056564216117408,-5.485275457419655
-0.16208278621767747,-5.48311713586738
-0.16381568728966958,-5.480794520002387
-0.16579247462262567,-5.478770450596093
-0.1672449933823498,-5.476787331651886
-0.16869112973618677,-5.474648231794645
-0.16990861545888736,-5.47225954219201
-0.17124215978023896,-5.46949791794491
-0.17235952569460444,-5.466568825207821
-0.17343648254080196,-5.463648775534739
-0.1747435373379123,-5.46064161766149
-0.17596969180163435,-5.457571367266114
-0.17693104784429417,-5.454418945543899
-0.17798726431704487,-5.450991517474703
-0.17899615139023684,-5.447526943278302
-0.1798931230797383,-5.443881951593891
-0.18108703122860575,-5.440224431642274
-0.18188500338770328,-5.436556063611371
-0.1827331401034874,-5.4330016240405286
-0.1837951288380952,-5.429491684946453
-0.18492627482333437,-5.426057525540506
-0.1861147398473252,-5.422605181134071
-0.18706583190792958,-5.418607782511459
-0.1883330066228974,-5.414167526964554
-0.1894695288028359,-5.409629453886219
-0.19095493252101922,-5.40536509720133
-0.192282893466635,-5.401016472212115
-0.1931956663115053,-5.396903970222698
-0.1944625236223311,-5.392737436539453
-0.19546571451194808,-5.388248647899053
-0.19658128239750725,-5.38378085115979
-0.1977182698460117,-5.379152882038393
-0.19879425538007336,-5.37444978109233
-0.19964602716172627,-5.3697211397467335
-0.2007194380927888,-5.364732605188785
-0.2017902039915858,-5.359739839544297
-0.20291587524112814,-5.354669545392851
-0.20422105285093717,-5.349517323118809
-0.20543023117029782,-5.344247093265148
-0.20659398913519703,-5.339091653838501
-0.2077878438688438,-5.33372833201076
-0.20905079275185892,-5.328456582623391
-0.21025422236038854,-5.323137219633628
-0.21158399722241228,-5.317720135595011
-0.21290630881885136,-5.312252545946957
-0.21506113003899638,-5.305532289306199
-0.21718515665396992,-5.298835090153179
-0.2192250259903675,-5.292096385437316
-0.22171784509247627,-5.285756910307967
-0.2242637634207815,-5.279376179156919
-0.2270072394590753,-5.273181284490793
-0.22914357677394862,-5.267000545027727
-0.23102114904960566,-5.261018107866661
-0.23255543582056423,-5.25473792560599
-0.23443008347502933,-5.248739668368567
-0.23634205471134606,-5.242712243329858
-0.23851697724559534,-5.236984430290233
-0.2404470798695917,-5.231475700100989
-0.24264484271221176,-5.226080490465651
-0.2446266617045019,-5.22051954832365
-0.2466268676396553,-5.214941620707857
-0.24875583037863083,-5.209464207837876
-0.2512672151499176,-5.203976465598519
-0.2536435481987812,-5.198716252612221
-0.25598733778995364,-5.1934295700677024
-0.2583091769323851,-5.188425678241162
-0.26027996378369056,-5.183316160556963
-0.2623822015649305,-5.178309692084091
-0.2656463345630781,-5.171453747794516
-0.2688366950743035,-5.1646549341180314
-0.27205350737660444,-5.157923464019771
-0.2755942891941088,-5.151506415543872
-0.278997215603101,-5.14554714266708
-0.28190430716206305,-5.140018179143775
-0.28470790723221184,-5.1344040095719805
-0.2872384949410106,-5.1287520346545445
-0.28988428652087034,-5.1232391336484655
-0.2928852624428305,-5.118007900973449
-0.29565732136307443,-5.1129537702196055
-0.298624232644382,-5.108134654188833
-0.3014180901307337,-5.103178857000011
-0.3039457778277426,-5.098428995549916
-0.3062319422743953,-5.093389701694702
-0.30878211324212773,-5.088560720348216
-0.3111371973867132,-5.083882988452378
-0.31374706953839876,-5.079573211577786
-0.3164698684554771,-5.0752115342653195
-0.31898007048070076,-5.070906969494805
-0.32139242243072563,-5.066485775544827
-0.32396717322011614,-5.061857537044221
-0.3263559910078367,-5.057317157321155
-0.32890661769203194,-5.052971349832082
-0.33278458865209126,-5.047270475964423
-0.33638591833568027,-5.04178434718781
-0.33990209502780055,-5.036279760266531
-0.3425904619560866,-5.032062002215238
-0.3453673008899322,-5.027775918964644
-0.34836733189933033,-5.023668550424618
-0.3511413061235341,-5.019291733361389
-0.3537005360600011,-5.015081616607432
-0.3559853458446886,-5.010653193768332
-0.35869583737574584,-5.006734269183937
-0.3612565238250279,-5.002931632764877
-0.36430424805378525,-4.999519046043355
-0.36721249547030616,-4.995940940281974
-0.3700631345034238,-4.992407705481959
-0.372739337415211,-4.988735776703574
-0.37538150496757317,-4.985024231452333
-0.37779381367576176,-4.981491198492483
-0.38057075736632323,-4.978251195452825
-0.38325471299747943,-4.975308527023508
-0.3859323354056495,-4.972395081429729
-0.3881691017589194,-4.969428140148365
-0.3904750303291339,-4.966493355064001
-0.39270508240440466,-4.9636492893866
-0.395544928257252,-4.960125817655889
-0.3986976869107824,-4.956976997852041
-0.401886413636425,-4.9538586000207125
-0.4037276054603889,-4.952387629643069
-0.40542823959632757,-4.950820903749141
-0.40699402906122173,-4.94910357583358
-0.40838763559033686,-4.947231803477498
-0.409914774787149,-4.945160125164764
-0.4116250671516085,-4.943264932025052
-0.4134014740515803,-4.941465665989388
-0.4151421224437932,-4.939544137818576
-0.41693359592706286,-4.937560144564057
-0.41872169308525203,-4.935573908156806
-0.42033240998168814,-4.933349516134251
-0.4218297934896091,-4.931218819707491
-0.42323505418459073,-4.929014527674668
-0.4249578705103731,-4.926891142684579
-0.4269613644830905,-4.92501335266471
-0.42887437072321455,-4.923063064290058
-0.43078557176756943,-4.921099891606839
-0.4324851201027242,-4.918891318457293
-0.43410380922079655,-4.9167456261755955
-0.43580608455308417,-4.914673724344082
-0.43758144190536685,-4.9126578924047015
-0.4392471705941417,-4.910894131418467
-0.4409530519347806,-4.909155496175572
-0.4426197634306151,-4.907370945511394
-0.4431889412531364,-4.9071048722115655
-0.44354810378887044,-4.90700187314118
-0.44397350335258345,-4.906935376245977
-0.4442882362676139,-4.906737934477188
-0.44450201199988487,-4.906618883432658
-0.44482953246974943,-4.906665497683199
-0.44539558258178563,-4.906949607270868
-0.4458821473247211,-4.907295373572118
-0.44646130595233957,-4.907693652686775
-0.4466216464584228,-4.9076655077031335
-0.44694690634197914,-4.907509308142204
-0.4471307135865401,-4.907264761334431
-0.447591370508382,-4.907282153082919
-0.44773510886135404,-4.907545563166169
-0.4480547442208652,-4.907970670872804
-0.44827555869391655,-4.908322828330487
-0.4485773840679485,-4.908612044046466
-0.4486730974901549,-4.908709484920466
-0.44894979009673175,-4.90890996713392
-0.4492052919685189,-4.909130551042721
-0.4496519407463029,-4.909601463223672
-0.4501717428397067,-4.910209193400637
-0.45074966433129615,-4.9107131229287395
-0.450748097220725,-4.911872472005146
-0.4507949104704403,-4.913024008438328
-0.4507123832209322,-4.914008996413604
-0.45062662237920065,-4.914996419431148
-0.45058610087737755,-4.9160598042696915
-0.4506535981145424,-4.9172422367600594
-0.4505311512874098,-4.918571956116332
-0.45045186917720137,-4.919955005079948
-0.45037237227407123,-4.921378931904732
-0.4503066478600861,-4.922792101338296
-0.4504235759909191,-4.924331415328658
-0.45043683652092686,-4.9258707427537
-0.4502190702741644,-4.927254513815333
-0.4500950071136782,-4.928786539245328
-0.45030173534635115,-4.9304839203581095
-0.45062437771256697,-4.932397536778879
-0.45097853418656897,-4.934272951519215
-0.45124076115111156,-4.936127302472236
-0.45140758917168655,-4.937983386105943
-0.4513955027961907,-4.939843893721141
-0.45173528475719954,-4.942059686947163
-0.4518872932153464,-4.944502362136507
-0.45186846784599016,-4.947046222272067
-0.4520354364917486,-4.949765630988759
-0.45223646857778516,-4.952565557340903
-0.4524556998722341,-4.9553511764094855
-0.4525179267734645,-4.957990112815826
-0.45231298756161314,-4.9603426667139106
-0.45210118387300874,-4.962700367252135
-0.45201958297889394,-4.965179686834334
-0.45211075324095346,-4.967863845178966
-0.4521007520158966,-4.970626089055267
-0.451907815168188,-4.97316631352727
-0.45142744843080757,-4.9754106048351225
-0.4508199496050507,-4.9777260201225415
-0.45032781020351653,-4.980178301589441
-0.4499889073452127,-4.982990657425799
-0.44963184723068045,-4.985854021281443
-0.449003989365607,-4.988641033529848
-0.4483910112272258,-4.991439533811413
-0.4476090934213327,-4.99401747796562
-0.4461998395297189,-4.997244095152932
-0.44475687454223156,-5.000443186083401
-0.4435246676437661,-5.003768868633368
-0.442520041968053,-5.007302770137111
-0.44102680306433123,-5.010751743727443
-0.439490455536602,-5.014061638935411
-0.43783123508561206,-5.017252810450104
-0.4358840844332904,-5.020264704437217
-0.43408440372918655,-5.02343733570212
-0.4324600640498223,-5.026547920330137
-0.43054583135384844,-5.029612707402836
-0.4288700197636871,-5.032961322656725
-0.4271467317423431,-5.03622402641602
-0.4253939214870689,-5.039601802993112
-0.4235524222334687,-5.042873379775528
-0.42189260907643283,-5.046008937114215
-0.42021815829019443,-5.049164843391165
-0.4186104063200506,-5.052400032341575
-0.41707992461119475,-5.055676416372069
-0.4152802803398977,-5.059042816512861
-0.4133250421297243,-5.062222964836693
-0.4112950761483983,-5.065312647402776
-0.4093287689280801,-5.068505941143735
-0.40724366782011084,-5.071556772415331
-0.4044991261877229,-5.0754595822097075
-0.40168219234213703,-5.079304487051192
-0.39864239491865505,-5.083413060308274
-0.39568131786129795,-5.087517984121345
-0.39267435078462065,-5.091586128834971
-0.38939750329627654,-5.0954927171547375
-0.38621036900248523,-5.099073504935005
-0.38337190723031156,-5.102689704381249
-0.3802953488368155,-5.106177810705622
-0.3771976503351132,-5.109640116791804
-0.3738744148869762,-5.1129586249043575
-0.37050130771585366,-5.116479088215743
-0.36721618656649063,-5.120104501492358
-0.3641974873553565,-5.123633925749555
-0.3610838670253322,-5.127102122014796
-0.35773231636310104,-5.130311704100943
-0.35462268769759764,-5.133686840602989
-0.3513088245536908,-5.137201484725437
-0.34823421496343965,-5.140973607747144
-0.34536909065113164,-5.144614421132431
-0.34238748023312504,-5.148233122298401
-0.3395558935229918,-5.151736913525263
-0.3365994048674926,-5.155090363524732
-0.33363098627379795,-5.158604785874905
-0.32959246106548956,-5.162878847906787
-0.32603219882105416,-5.167283367442501
-0.3229259122889117,-5.171068631671034
-0.32009157761928647,-5.175068992252008
-0.31695048231916656,-5.17865475668056
-0.3135171547675408,-5.182214154602003
-0.31010148988856595,-5.185485062936806
-0.3069780130694174,-5.189108092193316
-0.303773104573374,-5.193001593123815
-0.30086755860369985,-5.197001849034957
-0.2978184226749526,-5.2008288201387005
-0.2946983543011936,-5.204637182036812
-0.2915620819766394,-5.208249015676317
-0.2882453525523145,-5.21164301824001
-0.28492074876783763,-5.215164883086936
-0.2818018690729168,-5.218711904549456
-0.27886508894769924,-5.222478625543858
-0.2760342463516876,-5.226159631895143
-0.27310288321471304,-5.229729721073034
-0.2698757935011548,-5.232942347556925
-0.2664691721286009,-5.236192460236419
-0.2631323354526713,-5.239197147359595
-0.2600734698662336,-5.242538091332685
-0.2571666257783133,-5.245909575866826
-0.2533916268004292,-5.250368923907451
-0.24937040547561504,-5.254531059999347
-0.245992970200947,-5.257703294383552
-0.24242755125835205,-5.260750248372155
-0.23917096782128702,-5.263623881371168
-0.2357483397553046,-5.266308094907275
-0.2324803445636625,-5.269119808170178
-0.22951863431038996,-5.272045078679181
-0.22632877053393424,-5.274930860616687
-0.2227004267334357,-5.277473487958121
-0.21910707056815087,-5.279989225191294
-0.2155246942580473,-5.282518704981184
-0.21228886347327267,-5.28531956644995
-0.20913249417576796,-5.2880594003635775
-0.205971206094547,-5.2907935133979995
-0.20269860922427158,-5.293440838149959
-0.1994078706879494,-5.296102104170943
-0.19613062915949808,-5.298750722350635
-0.19274425094836461,-5.301237171028759
-0.18945370932533348,-5.3036500039692624
-0.18533065638245116,-5.306944780315148
-0.18126832704222504,-5.310314216901772
-0.1773445689193805,-5.313700247506554
-0.17315585884447537,-5.317103478923249
-0.16883458520159914,-5.320346110319358
-0.16461630230721755,-5.323339103984515
-0.16146430354844812,-5.3252771889379815
-0.1583452715216641,-5.327255740600732
-0.15529896829849918,-5.329101653581154
-0.15221853052048454,-5.330784911805786
-0.14926871031817016,-5.332627887953056
-0.14606997411500203,-5.334075921570707
-0.14331947146302182,-5.335454268906694
-0.14036986709536056,-5.3365904571163805
-0.13767747705406486,-5.337597127059845
-0.1348328193843305,-5.338383530459647
-0.13204033475854907,-5.33923433049497
-0.12899431328466984,-5.339851658773309
-0.12628888590671017,-5.34041606690148
-0.1235960627692137,-5.340996663362309
-0.12103187600928096,-5.3415451813385415
-0.11845518684086496,-5.341919310677943
-0.115872317834195,-5.342286705581275
-0.11305945282463915,-5.342643142224752
-0.11006968016081715,-5.343462390999665
-0.10714299594867957,-5.344475782910105
-0.10434785584618139,-5.345415180813359
-0.10153096029444997,-5.346273514490007
-0.09871578923488972,-5.346965748761729
-0.09586387436856211,-5.347718297726644
-0.09387007409724282,-5.347286874262936
-0.09187797143432501,-5.347154253352603
-0.0899794098946122,-5.347090680151228
-0.08816235494298846,-5.347078620424301
-0.08636528218733149,-5.346986735589672
-0.08476731450807735,-5.347096252181825
-0.08292141302369821,-5.346902772102434
-0.0807832882855365,-5.346583368506835
-0.07876189436345868,-5.34625796897864
-0.077038506792904,-5.346187541342522
-0.07541098487152569,-5.346043076753775
-0.0739029048475477,-5.345934260841843
-0.07216734747662426,-5.345611894106537
-0.0704957744452846,-5.3452400178541595
-0.06869685830964742,-5.344814920319084
-0.06692133447391137,-5.344400228293949
-0.06513035916923773,-5.343997146616568
-0.06349490903339257,-5.343738912067536
-0.061924671883216556,-5.343261606620135
-0.060354192635797,-5.342593239597627
-0.059665197826732665,-5.340892704201018
-0.058737661099901396,-5.338979098928844
-0.05760536819356676,-5.336850796782599
-0.056565110330263436,-5.334651209350529
-0.05579863576216241,-5.332770228759318
-0.05524618018344008,-5.331101157080415
-0.05468088621282953,-5.329441719684874
-0.05396609004861742,-5.327617900592949
-0.053175967316372474,-5.325642694395714
-0.052157753259207476,-5.323626937808682
-0.05126671021974936,-5.321614634513288
-0.050811629090511796,-5.319963430974139
-0.05003329096055527,-5.318561604814066
-0.04909853001810003,-5.3170586565869
-0.04806850246890429,-5.315560198870524
-0.04698504675510057,-5.3140539065813
-0.0460000884589376,-5.312433971418271
-0.04524026757032128,-5.311061175795189
-0.044611982342413516,-5.309432837401263
-0.0440974729927108,-5.308034083124195
-0.043424713460164854,-5.306461273928034
-0.04251382813111356,-5.304869325012577
-0.0415299168887969,-5.302992870965327
-0.04069119210936435,-5.3012393956918125
-0.0402707240561591,-5.299209034513657
-0.03978803806917962,-5.297226866456812
-0.03928309235759459,-5.295225526816661
-0.03894642478121191,-5.293419948559587
-0.038441836882709204,-5.291744324135995
-0.03768725347828207,-5.2897723852836895
-0.036876023997452774,-5.287779730953595
-0.036158951690813144,-5.285714331706992
-0.03551327671689587,-5.283734165542858
-0.03482661058208674,-5.281713141531222
-0.0340606145756268,-5.279753620161361
-0.03298779829391806,-5.277446095586721
-0.0318775035801399,-5.275213806661044
-0.030982913006387,-5.272814471918634
-0.03034894071646769,-5.270645292802317
-0.02976732915384894,-5.268493156997951
-0.029021485538027858,-5.266468341646971
-0.028421212781449403,-5.263769139358692
-0.027861227004264303,-5.261119275177922
-0.027028882617430913,-5.258242993321201
-0.02654678582432677,-5.2554502174397975
-0.025910458532817243,-5.252469005919286
-0.025390768666971764,-5.249512956909844
-0.024791612181289002,-5.246459937168476
-0.024171233023140417,-5.243710859045348
-0.023376855882677745,-5.2408689450687245
-0.02259362047931404,-5.238018311025596
-0.02186461731441531,-5.235152005214803
-0.02128544287272459,-5.232417775693064
-0.020709935371557683,-5.229605837482057
-0.020139661609766282,-5.226816474841208
-0.01928209235975518,-5.2240448547512335
-0.018115566560554294,-5.221291820291538
-0.016905957843338572,-5.218467687157086
-0.01586567904781808,-5.215798592434764
-0.015003244527163822,-5.213267978156768
-0.013906198683124519,-5.210603002899405
-0.012706827623278112,-5.2079111560080635
-0.011401322169847888,-5.205055482854567
-0.01029241438849138,-5.202350712454429
-0.009349617713789154,-5.199516791289671
-0.008549019833700638,-5.196550128340489
-0.0077049822455378374,-5.193732045913947
-0.006723079454446951,-5.1906504181956485
-0.005415743663598568,-5.187971957870408
-0.0038012646503011527,-5.1849536417631255
-0.0023512123052852295,-5.182136005016163
-0.000967623366370835,-5.179471349068209
0.00034548780361185285,-5.177013736756316
0.0017616276042809438,-5.174430433722061
0.0033026905945814046,-5.171760336474971
0.004894302081188519,-5.168863393167006
0.006622369905940336,-5.165842947488056
0.0082954517798754,-5.162865433872888
0.00975604530738381,-5.159722143775859
0.010911503714064607,-5.156951137438344
0.011952296529091211,-5.154269574219893
0.013060716710844663,-5.151640825616087
0.01434733023864621,-5.148794710382509
0.01563910040570686,-5.1459446000047935
0.01691693077063478,-5.143083653172731
0.017878981896541565,-5.140607873918933
0.018572584894664956,-5.13834165876869
0.019292222419484827,-5.136041716672091
0.020135500193422036,-5.133714415843351
0.021344689403535306,-5.131074058374826
0.022439345448284072,-5.128344161834549
0.023917833001485086,-5.126062805467402
0.025251223488099352,-5.1237538148852275
0.026463514901494414,-5.121539404685395
0.027690918189006014,-5.119549327948275
0.028809018244078215,-5.117816687359394
0.029857797367785703,-5.116138195498847
0.031046487786777387,-5.114334484341355
0.032282467131358676,-5.112340991343385
0.03346742323724488,-5.11038737761378
0.03473660915378984,-5.108582594746242
0.03598632519947281,-5.107009771329002
0.03721760450481399,-5.105491175527886
0.038455055269322316,-5.1039439474013
0.03959910721246863,-5.102239985385281
0.04064690206153427,-5.100323256459139
0.04161196257233166,-5.0984449578524105
0.042491558782059784,-5.096688535018019
0.04328256687602839,-5.095128457561984
0.04396712215140408,-5.093363499843508
0.04441823641773799,-5.0918501757709045
0.04489317824657019,-5.090355566201056
0.04543462442402995,-5.088710565588121
0.04612099874438425,-5.086932677049778
0.04692370366937483,-5.0852462134453384
0.04779609815185097,-5.083854089581154
0.04860826255143433,-5.0825090904916435
0.04938943113045836,-5.081524174070816
0.05021742794242367,-5.080506853610077
0.05095448415257313,-5.079560674604455
0.051689922701114534,-5.078513022431168
0.052368960968154514,-5.077404411996128
0.05304518396291918,-5.076298024121456
0.053718604327371355,-5.0753494280836176
0.05426180947679574,-5.0745460099599295
0.054828528866543505,-5.073724206474197
0.055173763766672185,-5.072967052259105
0.055779332609301194,-5.071926561128092
0.056407401265935006,-5.071071402966283
0.057139823283303665,-5.070144766370382
0.05778518473313436,-5.069348595246435
0.05829600602893291,-5.0684466707563285
0.05858683864593462,-5.067549110286827
0.05882016371144875,-5.066689976630785
0.05901142256713625,-5.0657977826295495
0.059158455252880784,-5.064909579343072
0.059266978475349716,-5.064066934057805
0.059589992230250084,-5.063446006882697
0.0599404302304407,-5.062707127120404
0.05988276990024,-5.06237912556594
0.059804875082859824,-5.062035211222547
0.05953441757332417,-5.0618805699982765
0.059515118376164196,-5.061624362038509
0.059460883301768325,-5.061594117471325
0.059660919251523906,-5.0613187076853166
0.05966019917427061,-5.061163818589762
0.059758596852201334,-5.060861009096394
0.059543378418908985,-5.060854661019221
0.05962927497689098,-5.060856882188415
0.05957202659511852,-5.060971132795896
0.059562781216909284,-5.061040412785078
0.05944286412007923,-5.061040128088434
0.05920614316254116,-5.0611312669090704
0.058879397403287875,-5.061260530280776
0.05851340344896286,-5.061708029432741
0.05819845431175961,-5.062254740419008
0.05797831990617786,-5.062996060827358
0.0578812151825433,-5.063569767493404
0.057880714791885064,-5.0640100933650665
0.05791542740390188,-5.064539549505424
0.05781368530537668,-5.06526808668154
0.0575210050959264,-5.066032770096473
0.057028061405962824,-5.067090768674816
0.056435106342882645,-5.068227003308207
0.05584496727154842,-5.069359144648787
0.05521439556195763,-5.07028691689477
0.05467092473147712,-5.071166944916201
0.05379869118474627,-5.072052258218452
0.05280629272706762,-5.072912277482364
0.05169135456211563,-5.073923536598113
0.05054705713798592,-5.074911736206655
0.04915022453164574,-5.076101143561373
0.0479599998200143,-5.077113335388291
0.04671502696622488,-5.0780825216671
0.045573526324846375,-5.07891694101994
0.04412142402046136,-5.080045062139963
0.042962970643857144,-5.081403723195321
0.04134647433856332,-5.083200308734458
0.04001156370038748,-5.085125590744332
0.038741767283008495,-5.086915876215721
0.03753812455930976,-5.08854977820568
0.036326931712758484,-5.090209452996757
0.03514350307873706,-5.092098756311273
0.03398326485940138,-5.09396341866655
0.03283608214062016,-5.095878149734271
0.031684875581832764,-5.097847633281332
0.030330843676611867,-5.0995873231952915
0.028871169983296592,-5.101268523014776
0.02737593742288989,-5.102954307366039
0.02591564117956553,-5.104371761761548
0.024559459826291985,-5.105806013233729
0.023130621131259216,-5.107417223883683
0.021295498731642257,-5.109337349056258
0.0193657876989863,-5.111119125616401
0.017463836927634684,-5.112879209833445
0.015575304110270088,-5.114371698104558
0.01362590208488002,-5.116028150856965
0.011677595015194324,-5.117683754198207
0.009538849230603861,-5.119418688648846
0.007232200404991207,-5.121324969591777
0.005049065855992014,-5.1231241227364395
0.0027246327027364943,-5.1247955643601175
0.0005960084379353921,-5.126385470269717
-0.0014906956372646334,-5.127995775565702
-0.0035656379539181003,-5.129520716376056
-0.005741301984938734,-5.131044291784369
-0.008193969946817937,-5.1325950063839425
-0.010705787982684914,-5.134245372423059
-0.013148260647467633,-5.135894350473792
-0.01547140035949364,-5.137556497309483
-0.017625929501699226,-5.138925736064743
-0.01965419566992989,-5.140196230361188
-0.02174748521812498,-5.141496502875572
-0.02386042992249541,-5.142781639686098
-0.025956040675154373,-5.144053195953622
-0.027925549607892924,-5.145424927601274
-0.029874068722768307,-5.146719326329726
-0.031811182812875344,-5.148004792710028
-0.03346754066489765,-5.149120272719137
-0.03508312382311803,-5.150323199590455
-0.03646330385431064,-5.151468971438548
-0.037787294424989015,-5.152458183190139
-0.0392834414772547,-5.153597631471178
-0.040911574293856945,-5.15458583203773
-0.042240891874244305,-5.155297709302295
-0.04321396462968828,-5.155680170752501
-0.04444256197568331,-5.155863562772714
-0.04538684198919686,-5.155820396668242
-0.04660557267842439,-5.155642504270632
-0.047976252437725166,-5.155532479688025
-0.04932387219470872,-5.155448423158612
-0.05046548270282569,-5.155203150411221
-0.05152062713623558,-5.154863712244286
-0.05247692292712672,-5.154420633707744
-0.0534237361944151,-5.153970077607939
-0.054242158945695534,-5.153382359084789
-0.05495809816513368,-5.153147467309471
-0.05556725934426796,-5.152828989379954
-0.056154902250006945,-5.152633934702827
-0.05646131607151851,-5.152322833546218
-0.05671453343927607,-5.151970090602934
-0.05693982894689565,-5.151087488607734
-0.05701653878097684,-5.150209572562613
-0.05716407976039371,-5.149401071177368
-0.05747554418461318,-5.14873892816261
-0.05764258352025718,-5.148152669215011
-0.05753356591419581,-5.147304310925165
-0.057367770114580656,-5.146135268727808
-0.057203167965282097,-5.144965270617853
-0.056928109258768914,-5.143595627615481
-0.056748975052557424,-5.142354724246039
-0.05627729734295864,-5.141119764605794
-0.05600573244318193,-5.140041026541502
-0.05572699178264571,-5.138980641819568
-0.055528857438853295,-5.137983405362926
-0.05523897713512053,-5.136799033817112
-0.054834621569860485,-5.135460400759519
-0.054355639599722554,-5.134063354523808
-0.05386790042240828,-5.132588040562993
-0.05332736030536734,-5.131234665454718
-0.052835471490407834,-5.129988016196149
-0.052261005412434496,-5.128637580400092
-0.051755555656026006,-5.1271529928697
-0.05123455243156585,-5.125686811651678
-0.05072942595390891,-5.124230698810281
-0.05015014910268359,-5.122830926583664
-0.049467552334035575,-5.121390761684831
-0.048772473866454884,-5.120002800870547
-0.04837444804745179,-5.118772138337297
-0.04811267998363609,-5.117472986104295
-0.04827658885949158,-5.115963166718611
-0.048126309140877975,-5.1142657686167565
-0.04802005178620817,-5.112320941613725
-0.047576278118333246,-5.110331124414984
-0.047504085967257526,-5.108713955573401
-0.04765379952937569,-5.107298212719434
-0.04783868788842661,-5.10597556441914
-0.048152764790177896,-5.1048098293355935
-0.0485641561888811,-5.103411377314
-0.04855478866310277,-5.101774531022619
-0.04849956185035504,-5.1000818689905145
-0.048780718689896974,-5.0986480450545075
-0.04917035996566093,-5.09733474514933
-0.04957191893772083,-5.0960695992511456
-0.050148264436931274,-5.094642905652375
-0.05057787361323559,-5.0930187784514445
-0.050889351970745456,-5.0913905684060605
-0.051405564025623476,-5.089980326464998
-0.051958898912257065,-5.088541018092879
-0.05275487929646413,-5.087364127199032
-0.053534913612336935,-5.086108966080046
-0.05418714551618915,-5.084900892957761
-0.05494649992462179,-5.083730675352699
-0.05549136550032433,-5.082604106583767
-0.05604341678503098,-5.0814650940998405
-0.05665011389087936,-5.080319992704588
-0.05756758498570426,-5.079479330051584
-0.05850091200220253,-5.0789274003157505
-0.059329667564859453,-5.078457232056592
-0.0599680303423825,-5.077820601206044
-0.06054779820576039,-5.0770841425814535
-0.061361449613398414,-5.07638763665865
-0.06214555331387137,-5.075655332869
-0.06307498535685205,-5.075016036118717
-0.0637503052449988,-5.074194523665461
-0.06454813253722068,-5.073521583498964
-0.06519867069411955,-5.072744724536603
-0.06605796734901084,-5.07202122800278
-0.06697154587547718,-5.071363537997493
-0.06793668808063362,-5.07064685420209
-0.06896226082442258,-5.069737886665915
-0.07018906185894987,-5.069072753922922
-0.0711347157715749,-5.068357951724181
-0.07211637937167079,-5.067608767968216
-0.07326280932942696,-5.06667228442216
-0.07424996788934814,-5.065396218529548
-0.0753204822010129,-5.064185688881914
-0.0763758483618003,-5.062700393781312
-0.07744441938809615,-5.061434836461769
-0.07855665856804925,-5.0602036060083675
-0.0793144810706868,-5.059368223247176
-0.08016180680738917,-5.058641174487141
-0.08077069249978408,-5.0580096902148295
-0.08167802175809576,-5.057502215527743
-0.08246592098070653,-5.056850084298438
-0.08346221368212918,-5.056334483472039
-0.08425929492786044,-5.055853878701766
-0.08478921888955601,-5.055127680740765
-0.08500550779699491,-5.05464676994518
-0.08575486605931841,-5.054585820133692
-0.08633597128928909,-5.054321246670229
-0.0867798863856218,-5.053932969716244
-0.08696683301699033,-5.053298719105553
-0.08745799902232236,-5.052999608177745
-0.0876435246870478,-5.052939523080398
-0.08807880876221148,-5.05314241783912
-0.08837229868717317,-5.05303343193218
-0.08861208741028477,-5.052731543923641
-0.08909397145448149,-5.052150999598431
-0.08941804021732846,-5.051446176786616
-0.08976165626168577,-5.050783400490638
-0.08990126927028523,-5.050332919439499
-0.0898121702520861,-5.049702223691718
-0.09001264234703805,-5.049134732602143
-0.09036285289621054,-5.0484569794115535
-0.0907361623264507,-5.047854528274968
-0.09089178487474828,-5.046988682918623
-0.0908253288117311,-5.046055702514277
-0.09083334048627668,-5.0449474751177785
-0.09124833830065393,-5.044331700584634
-0.09171973344722908,-5.043817467521151
-0.09220428445001035,-5.043457906006373
-0.09251627978113931,-5.042889590850876
-0.09272546085990115,-5.042195044936749
-0.09271082904114533,-5.041306442616257
-0.09269340108789907,-5.040414448630836
-0.09281107233152215,-5.0396358963301475
-0.09306133572915185,-5.039073000992392
-0.09331319047444997,-5.03851205253328
-0.09368397294345301,-5.037876730691446
-0.09376387304563363,-5.03725235944304
-0.0938107958322858,-5.036399494655058
-0.09371535077085563,-5.03558078968273
-0.09370874421045434,-5.034894990002717
-0.09369502347625633,-5.034586475825305
-0.09388288128658392,-5.034525496314133
-0.09392479842803012,-5.034562271184258
-0.09394588070690607,-5.034784689941099
-0.09382240740132836,-5.0349428324729875
-0.0936058564303915,-5.035027522590161
-0.0934711762970735,-5.035048145698043
-0.0934518935411224,-5.035208321642634
-0.09366035926426651,-5.035548147818862
-0.09373266818417249,-5.035994481603142
-0.09373191460475051,-5.0363524100786785
-0.09339216901183191,-5.036442896279
-0.0933007327484268,-5.036339074506669
-0.09355510563709955,-5.036576212213741
-0.0941402345241328,-5.036892361265309
-0.09448960769184167,-5.037124156653265
-0.0949858466334299,-5.037533594040585
-0.09534813332630174,-5.038100560262032
-0.09566448014274402,-5.038631278054751
-0.09597043801283407,-5.038720895320938
-0.09649072742398876,-5.038841572403491
-0.09707355561367394,-5.039011587291018
-0.09774458544462296,-5.03935824841733
-0.09847348498739346,-5.039894156871465
-0.09886552086093632,-5.040573771642608
-0.09937581869264943,-5.041291491916099
-0.09990728163130139,-5.042034810933235
-0.10056968906968243,-5.042750353977132
-0.1012627303645129,-5.043463724857504
-0.10202605380644211,-5.0442620925308805
-0.10267176668851355,-5.045195970302929
-0.10316229019948407,-5.046157953060061
-0.10357256021685833,-5.047022876917719
-0.10393554618049701,-5.047742653377141
-0.1044887429896641,-5.04843060320162
-0.10488661500172186,-5.048930695813838
-0.1054506378770298,-5.049504764746126
-0.10572329735687014,-5.050141879068274
-0.10605825054960348,-5.050854333229105
-0.1061812211267831,-5.051444759166542
-0.10656043258130575,-5.05220340072023
-0.10681151395904329,-5.053142685849493
-0.1071252332458211,-5.0540543560351505
-0.10714568880532027,-5.054876450089997
-0.10706155503235297,-5.055610514296587
-0.10694427735157595,-5.056517549983846
-0.10689482736635948,-5.057587732499959
-0.1069704216047216,-5.058912278519964
-0.10714025100987148,-5.060072525165009
-0.1072086301625003,-5.061110157955988
-0.10708530688446893,-5.061932683952018
-0.10696204666275709,-5.062751492714308
-0.10691854807621765,-5.063515352289415
-0.10670095343665194,-5.064141995304499
-0.10655403275820438,-5.064743653475295
-0.1065973405224014,-5.065236491948776
-0.10650296056418214,-5.06561895803012
-0.10630635871128895,-5.06587773907834
-0.1060070767907087,-5.0659503750483905
-0.10552831421725906,-5.065778858296921
-0.10536537511687594,-5.065989561083106
-0.1055437130151801,-5.066166603684266
-0.10559270465500907,-5.066439715175563
-0.1053749222897916,-5.066390004287448
-0.1049605683958958,-5.066156593077462
-0.10441612342717817,-5.065719178085666
-0.10384248591249101,-5.065470707696953
-0.10346941799691348,-5.06517145355827
-0.10324593191536682,-5.065068395381759
-0.1030153983621791,-5.065297584899146
-0.10258593015402229,-5.0652860402632065
-0.10202958314796351,-5.065129420666301
-0.10143311480717533,-5.064886055466453
-0.10056858332161155,-5.064318278166695
-0.09962179850653244,-5.064023505502588
-0.09879471585868421,-5.0638781926715755
-0.09826159316448274,-5.063929599192794
-0.0975759636551097,-5.063860872679487
-0.09671457904849202,-5.063929442683098
-0.09572546877721094,-5.063765531759829
-0.09472981681441663,-5.063563243729957
-0.0939927881733656,-5.063453629907211
-0.09349695583890974,-5.063468167906346
-0.09298080909964394,-5.063461135574015
-0.09235969962588086,-5.063603259962684
-0.09175054281095811,-5.063626939400911
-0.0909108226511761,-5.06342644326097
-0.0900824407978919,-5.062942298753179
-0.08933349486995888,-5.062346723000024
-0.08886181804370417,-5.062009228798775
-0.08845178690827256,-5.061754117754747
-0.08812854497376338,-5.0613705485725
-0.08750117506778284,-5.060713996405452
-0.08678847085392484,-5.059848635861405
-0.086275881989374,-5.058970452489495
-0.08577605264516812,-5.0581077107244905
-0.0855402742749463,-5.057343276598198
-0.08508998721674298,-5.056428037986854
-0.0847985756599394,-5.055705146846982
-0.08436029589034576,-5.054909155875324
-0.08405664622884394,-5.054070650791668
-0.08373740664626127,-5.053213240924865
-0.08354503517278986,-5.0523610871582365
-0.08334179687470157,-5.051621944941613
-0.08324036289824513,-5.051006027694196
-0.08296609081617526,-5.050512834725985
-0.08281460029484244,-5.050142071697648
-0.08249900000211687,-5.0495726273595185
-0.0821742038779701,-5.049101266205986
-0.08224092586912338,-5.048706204794934
-0.08216590536887804,-5.048139553929222
-0.08191072901582049,-5.047733805057323
-0.08156490942758902,-5.047403985546932
-0.08124984487755031,-5.047111394017584
-0.08067734791632293,-5.046644800127933
-0.08055583005445485,-5.046131664518464
-0.08042170313096272,-5.045378836283335
-0.0803147900715293,-5.044613741180414
-0.0803803311085491,-5.04371370659492
-0.08004940170656379,-5.042501240341423
-0.0799412163466266,-5.041558385912211
-0.07984979475335588,-5.0406023869471674
-0.08010688307920107,-5.039921071832006
-0.08035917904303005,-5.039233964298654
-0.0807667621649012,-5.038425285210202
-0.08099752338417046,-5.037477201839729
-0.08111451220347052,-5.036550550610609
-0.08127628411338476,-5.035753927802694
-0.08166593017833154,-5.034887284780317
-0.0819889993050857,-5.034017774817562
-0.08233204041295616,-5.033132606917341
-0.08247026232970288,-5.0320466874380685
-0.08270344659496999,-5.030808375438982
-0.08298407114531192,-5.029575530490171
-0.08321508950305725,-5.028314235028925
-0.08333708339940141,-5.02707674680363
-0.08364793742322252,-5.026067689825732
-0.08435124503282233,-5.025026705674598
-0.08491466984615022,-5.024039186473522
-0.08532835904362436,-5.022870552022188
-0.08565400919607091,-5.021639963728246
-0.08582939550790798,-5.020209738251824
-0.08646245221581161,-5.0193328424185575
-0.08742294779378772,-5.018475596893517
-0.08840846623801527,-5.017808884019927
-0.08932812614909037,-5.017062459642372
-0.09014266530955456,-5.0160928300757766
-0.090873308701843,-5.015038613185255
-0.09164915703550065,-5.014069922697946
-0.09252281572857883,-5.01316914691268
-0.09353096648134693,-5.012523495791725
-0.09472178569864848,-5.011827851907983
-0.09594199571936239,-5.011195454745777
-0.09707612046478495,-5.010372912361529
-0.09788537403753494,-5.009519121590535
-0.09862225986885058,-5.008574473287632
-0.09948022852219232,-5.007699626170953
-0.10083374894351191,-5.006678896935999
-0.10209027057292452,-5.005643088166504
-0.10334450165098902,-5.004898466915931
-0.10455254769082419,-5.004086243283907
-0.10563037829340204,-5.003356091845898
-0.10679444637313312,-5.002516636681414
-0.10799133630319493,-5.001725517128675
-0.10947991706582016,-5.00116504421452
-0.110614094553534,-5.000687168758493
-0.1118074391333602,-5.000372333439993
-0.11285415897647409,-4.9999415448065205
-0.11387646274746334,-4.9997257513943385
-0.11501532119797281,-4.999714304605516
-0.11619094549630266,-4.999680433127671
-0.11715206281200706,-4.999478561513791
-0.11772682428636469,-4.9988639758781055
-0.11861002140150491,-4.998621599598991
-0.11977500621487688,-4.99850771813506
-0.12086732015935206,-4.998485036169775
-0.12179555192942008,-4.99826444255685
-0.12263884026514686,-4.9978815254195865
-0.12345722381503561,-4.997409616035093
-0.12452306681736663,-4.9967320993183275
-0.1257527317321615,-4.996249228326281
-0.126907043934763,-4.995891429004033
-0.127996410084806,-4.995889333032954
-0.12906691382234248,-4.995909303947251
-0.1300945687858227,-4.995962805810881
-0.13104754760665208,-4.9959038446059
-0.13190254042839042,-4.995730716981663
-0.13253657700696,-4.995730572095059
-0.13337466342779017,-4.995961776969519
-0.134294841678703,-4.996281202274248
-0.13509850706155788,-4.996691782983269
-0.136129091814858,-4.997292681645781
-0.13694827062101522,-4.997638262734165
-0.13761449437597348,-4.998103467599587
-0.13820618632307013,-4.998533987613619
-0.13896960471014622,-4.999091903631936
-0.13951685149734508,-4.999818861714216
-0.14024934510814027,-5.000729726365096
-0.1408898096569501,-5.001543099471911
-0.14158220960335183,-5.0023594238234965
-0.14223737051250374,-5.00314622697555
-0.14263720278298117,-5.003895617687949
-0.14271173763485187,-5.004708471231287
-0.14291864592453032,-5.005688040344968
-0.14315379604079365,-5.00640400377415
-0.14363209207719524,-5.007413067359492
-0.14398842790928792,-5.008353187277859
-0.14422264900433587,-5.009811875488846
-0.14444404715726114,-5.011177067925182
-0.14446507274955667,-5.012412595703387
-0.14440907410266376,-5.013587002339689
-0.1445470076849867,-5.014761464620524
-0.14461053651341946,-5.016035845516507
-0.14479140330749984,-5.017396043893847
-0.14504286676851055,-5.018863052066576
-0.1454870035176349,-5.020374013967402
-0.1459269350140819,-5.021809255016342
-0.14625560379325975,-5.0230938353891155
-0.14631241084720167,-5.024395235121978
-0.1463645656093904,-5.025580942148359
-0.14642072367760037,-5.026713209177034
-0.14680345622042246,-5.028173792164735
-0.14731618511085068,-5.029816912603279
-0.14757946218616327,-5.031158975956582
-0.14748947410682575,-5.032221544731283
-0.1474962092533074,-5.033208502636508
-0.14734000357305888,-5.03478950614433
-0.14746243160146658,-5.036590759377482
-0.14753330104427717,-5.038432164764755
-0.14739578530310649,-5.040525227731808
-0.146849430018726,-5.042295068625315
-0.14635782206187786,-5.044022173655238
-0.14562805964004974,-5.045461775084252
-0.1450668345210792,-5.047034499857621
-0.14464507266877924,-5.048498353398417
-0.14447223885019908,-5.050262738922389
-0.14423546811932794,-5.0519766202049485
-0.14385206382433158,-5.053804906875659
-0.14310709066649838,-5.05519648643497
-0.14236096231780762,-5.0565870771005175
-0.14185495291365907,-5.057790327856757
-0.14136325091306506,-5.058994143985483
-0.14089793949887017,-5.060230294950612
-0.14034356084473068,-5.061535895812498
-0.1396996944653018,-5.062746215336048
-0.13887200835335606,-5.063814929464406
-0.13820409395812336,-5.064759032938315
-0.13753276583432825,-5.065662750575904
-0.13685739469058295,-5.066516506264715
-0.13564996279897115,-5.068007556619522
-0.13428818288834832,-5.069319245192786
-0.1328266306035005,-5.070602313404193
-0.13172477821848702,-5.07186538172591
-0.1306823853285135,-5.073068476628848
-0.12988594568578732,-5.074465658156376
-0.12874485149195694,-5.075446181498205
-0.1277322904082379,-5.076326484549209
-0.1262883308510407,-5.076866835884304
-0.12502073535674654,-5.077620711212044
-0.12375820735550677,-5.078370612148426
-0.1227132765803283,-5.0792921445072565
-0.12156005893750597,-5.080082831637141
-0.12048717300302393,-5.080604563640039
-0.11914023252754949,-5.080842585558839
-0.11770734634171885,-5.080961082224723
-0.11616534640566599,-5.081164597978065
-0.11478004476874966,-5.081536694145571
-0.11363925594067836,-5.082165115084823
-0.11261295641048409,-5.0827042156387705
-0.11143372808258857,-5.083026221590515
-0.11013621795413725,-5.083310500479473
-0.108687617921021,-5.083464622078307
-0.10726367870133459,-5.0836828963968355
-0.10577127844469075,-5.08421876394352
-0.10439708682331095,-5.085121847223666
-0.10305197064327376,-5.0860650323205245
-0.10173157076308355,-5.08632577311163
-0.10034722583369814,-5.086426143732486
-0.09897359410563825,-5.086524469724141
-0.09765705904803183,-5.086655912720388
-0.09664568752031534,-5.086870511445337
-0.09539886322985636,-5.086802337135816
-0.09444529063482021,-5.087089551740207
-0.09378905135432702,-5.087049137323888
-0.09296518140646241,-5.086967602388866
-0.09183229476999845,-5.086511741339331
-0.09085118714120832,-5.086052720652793
-0.08975982526360315,-5.085272439285891
-0.08898682764996614,-5.084878020131059
-0.08829931512325767,-5.084377584575234
-0.08761357481666554,-5.084064995362
-0.0869020804008624,-5.083738294258684
-0.08623478878608343,-5.083322050769185
-0.08563343977445258,-5.082816891361686
-0.08491677677792484,-5.082382450175098
-0.08441044566315546,-5.081670674690548
-0.08387605876559177,-5.080988741349879
-0.0832659505588584,-5.080229683164347
-0.08287778803249195,-5.079739594910703
-0.0832279556392023,-5.078817866753113
-0.08332894014011803,-5.078090724043345
-0.08349586375143944,-5.077350044541402
-0.08344811419156604,-5.0763847601368814
-0.08339357289912634,-5.07542474334541
-0.08333010696011568,-5.074493468719743
-0.08364906024434857,-5.073940425974144
-0.0837810903310109,-5.073533414394175
-0.08402678188816212,-5.073158500024162
-0.08392337152862478,-5.07245594288697
-0.083874284781085,-5.071710928789053
-0.08348368153479896,-5.070624049257931
-0.08326146602732565,-5.069683249587745
-0.08313098158837699,-5.068877929002128
-0.08327211668217935,-5.068401649117385
-0.0832066113339568,-5.067762705887926
-0.08312991911823676,-5.067132483821844
-0.08273805541322926,-5.066120472744364
-0.08226844540870551,-5.065047254473115
-0.08198696632802933,-5.063826940303708
-0.08193875727667935,-5.062889142825705
-0.08200637785590359,-5.061546502589253
-0.08195336177524773,-5.060298144629603
-0.08174970492669095,-5.058913361842237
-0.08168151026333778,-5.057291490297829
-0.0816431995904507,-5.055393384451169
-0.08161299987474027,-5.053488226561329
-0.08171767898042517,-5.051664575921004
-0.08169891579770933,-5.0499374721841885
-0.08150596554978409,-5.048071757363119
-0.08136194277903103,-5.046301277692567
-0.08120313228891458,-5.044542293295419
-0.08144940611356312,-5.043102502895392
-0.081358893305218,-5.041255079341167
-0.08101470313887157,-5.039606291070148
-0.08052531946625044,-5.037843104362912
-0.08030079742130321,-5.036400485341949
-0.07990930244857807,-5.035088634687974
-0.07993241692074657,-5.034103712766561
-0.07976380218916007,-5.032886847263344
-0.07956604314573403,-5.031692910288149
-0.07908425654955313,-5.030275070136835
-0.07864722566161664,-5.0289114267887305
-0.07804009158409284,-5.02768113654248
-0.07756033827392121,-5.026551360720973
-0.07734022166349264,-5.025236642532829
-0.07708402883269172,-5.024409927503677
-0.07680152674444762,-5.023595760373956
-0.07652769023706536,-5.022806032808367
-0.07589014557362735,-5.021576318725166
-0.07492822693294447,-5.0202715902069475
-0.07427614516377803,-5.018918291183076
-0.07386623486967482,-5.017820752996804
-0.07346379665246003,-5.0168490680578275
-0.07296478257038369,-5.015804350427808
-0.07227090638858055,-5.01457049115797
-0.07143620768253751,-5.0131319863681165
-0.07064383776906899,-5.011593497636102
-0.07012244444889303,-5.010325587361491
-0.06978928278861636,-5.0092633979364285
-0.06953253526726008,-5.008341051065467
-0.06949885984649208,-5.00758667465004
-0.06953698591303362,-5.006888974775709
-0.06925548212923181,-5.006169944440127
-0.06863655630691183,-5.005138164237566
-0.06843840972547703,-5.004544139950263
-0.06847899788984269,-5.0036836638652025
-0.06885757419434131,-5.003177496244085
-0.06916082686899651,-5.002553842663355
-0.0693522471624224,-5.002045446535156
-0.06957797222561016,-5.00150139032419
-0.06970011667145695,-5.001395700216141
-0.07001053252743014,-5.001260263797325
-0.07052297778817161,-5.00113735571542
-0.07119501341279015,-5.001207432212557
-0.07188558633276036,-5.0013172767596465
-0.07249060708329368,-5.0014318170742245
-0.073045343018285,-5.0014855667452816
-0.07363846967616239,-5.001486083844871
-0.07448988502736387,-5.00155298362083
-0.075339290214431,-5.001617470003104
-0.07629636889252757,-5.001901447679848
-0.07705856501584646,-5.002170384877793
-0.07785345513144838,-5.002478870680044
-0.07843592686912121,-5.0027848404641535
-0.07930279656107429,-5.003268931841795
-0.08009738327200931,-5.003665678962523
-0.08117829356397228,-5.004149109547791
-0.08205225194509812,-5.004574904855298
-0.08283955971443384,-5.005200630085663
-0.08372858893041031,-5.00611158114581
-0.08468968672222157,-5.00707943949312
-0.08543042303191016,-5.008102262157904
-0.08612440782399777,-5.008872927493982
-0.0868821166390107,-5.009693900229043
-0.0875420330525379,-5.010640562190729
-0.08818473894033071,-5.0115664101210875
-0.08879388827491103,-5.012432446716828
-0.08935725220363812,-5.013303113312256
-0.09023222087745295,-5.014505272327622
-0.09130846298464043,-5.015510984698638
-0.09241478274383275,-5.016499631422859
-0.09359757016068043,-5.017617727228262
-0.09474399128137691,-5.01876422715159
-0.09597410571895004,-5.020008080016521
-0.09748385481569458,-5.021543644015022
-0.09890054982995483,-5.023151977719389
-0.10054900658335558,-5.0249573326019235
-0.10193628661256757,-5.026503917741015
-0.10326281365411752,-5.028097908257114
-0.10435938778798635,-5.029436025235663
-0.10561078264317889,-5.031063008623899
-0.10653334700485549,-5.032673592770588
-0.10772617432965895,-5.0343445534426134
-0.10930824435914234,-5.036322763344654
-0.11052850566043541,-5.0378636553245855
-0.11167456486489753,-5.039542497779861
-0.11252910103587417,-5.040991216218682
-0.11347067036047481,-5.0425785081297185
-0.11419956126907985,-5.044304661378617
-0.11496285413693591,-5.04611876743404
-0.11578881421477849,-5.048008596775869
-0.1166390554092289,-5.049762033200404
-0.11734443535520026,-5.051547884292152
-0.11783135486521167,-5.0530696067597916
-0.1181800295719179,-5.054645227343578
-0.11860742661102265,-5.056210799686275
-0.11930796047955093,-5.058106576955767
-0.11997478412996423,-5.060051578085056
-0.12063595432178878,-5.062129331443963
-0.12109302366236624,-5.063960224211612
-0.12124216689717304,-5.06572930497424
-0.12156018716734708,-5.067492999821219
-0.12206109261174283,-5.06947781533102
-0.12274087377888902,-5.071743260463765
-0.12320018871205463,-5.0742649177645704
-0.12371099593060852,-5.076848764333255
-0.12387135420860881,-5.079086228054998
-0.12408544344709534,-5.081378477083059
-0.12430626926074297,-5.083436208584979
-0.1246413027235957,-5.085407258328977
-0.12522762844155286,-5.0875762348528655
-0.1259409301637791,-5.089646183010311
-0.1267045369357418,-5.091776982401911
-0.12719908784901177,-5.093695872242609
-0.12768485543874275,-5.095621618346045
-0.12808116182966053,-5.097439095657992
-0.12859242757792386,-5.099347079210898
-0.12903578888040607,-5.101307909189918
-0.1294587649297671,-5.103289522502681
-0.12980704585437555,-5.105386175610049
-0.12997260816251446,-5.107425908464392
-0.12988414461647377,-5.10915807387017
-0.1298368173392592,-5.110746279272463
-0.12984430938458777,-5.1122775882156
-0.12985379837576372,-5.113811304695586
-0.1296072920260016,-5.115673438943923
-0.1292880954346095,-5.117478440601508
-0.12886944011833604,-5.119610305126651
-0.12844558489684182,-5.12154287032144
-0.1280402898308519,-5.123490069892487
-0.1274692441447427,-5.125156259611059
-0.12707260696109943,-5.126739225493138
-0.12681619102170522,-5.1284948444762914
-0.12621370530122936,-5.1302650182698954
-0.12571306447225633,-5.132158559481474
-0.12489330672597518,-5.134017924774282
-0.12429544862192968,-5.135957972509254
-0.12355785070019919,-5.137728566723981
-0.12317475225463585,-5.139472416301928
-0.1227509091689021,-5.14113367682362
-0.12233745517284182,-5.142807490906115
-0.12174636753359215,-5.144496474413715
-0.1211543605658309,-5.146266385078018
-0.12053123291692483,-5.147998477570489
-0.12007118574694904,-5.149696399808081
-0.11959112902825234,-5.1513586122247625
-0.11892118910998428,-5.152811747056569
-0.11818820600692659,-5.154313821295613
-0.11706917920916263,-5.156124559779676
-0.11596983190513242,-5.1579815495058146
-0.11497982879696407,-5.159741710108161
-0.114089170090732,-5.161298896200607
-0.113254140369301,-5.162879031591452
-0.11230770010807903,-5.164216016420856
-0.11145717022806138,-5.165392804956209
-0.11032504336739002,-5.166325204673115
-0.10957011022299847,-5.167719389822262
-0.10879737020270683,-5.16900868846689
-0.10834483960435642,-5.170549016883582
-0.10738712517982588,-5.171700682098015
-0.10612405134413014,-5.172838398034367
-0.10477429621822487,-5.17385468361554
-0.10361523340987486,-5.175102650753677
-0.10240338525286306,-5.1765513412562845
-0.10147781481906847,-5.178234772484247
-0.10045972363644941,-5.1798057002796725
-0.0993444567590353,-5.18135768992468
-0.09832018434021696,-5.182834711827455
-0.09724009956755814,-5.184243828094761
-0.09598806235479834,-5.185729669481796
-0.09490542083775433,-5.187261573028305
-0.09406605904033724,-5.189089175347513
-0.09322405653070828,-5.191137651769243
-0.0921513055327568,-5.193105082514414
-0.0908257576296595,-5.194765078471168
-0.08985162131844716,-5.196021936648563
-0.08866227083836757,-5.197110492680341
-0.08787157048633795,-5.19823685262502
-0.08725944102393261,-5.199428031117929
-0.0869048944985798,-5.200820603220182
-0.08647659136242287,-5.202191775598719
-0.0858345928765421,-5.203372719442563
-0.08501650018087491,-5.204409282842697
-0.08451927645875842,-5.205399907947328
-0.08408461826584943,-5.206358708806772
-0.08385359574786135,-5.207562518117979
-0.08352309975060548,-5.209060432730481
-0.08313877814694298,-5.210492873082505
-0.08246944029420344,-5.211702766645657
-0.08169204078724443,-5.212996492537705
-0.08091580685194778,-5.2142917250705745
-0.07999147108184101,-5.215926674429899
-0.07926382388862109,-5.217634031135798
-0.0785385364881868,-5.219577184977017
-0.07765297243813661,-5.221351222759898
-0.07676728942270401,-5.223145108247778
-0.0759322687299794,-5.224928903465555
-0.07514903555482755,-5.226554196530135
-0.07467826388285627,-5.227811424114125
-0.0742175182860359,-5.229142187193716
-0.07380938178868056,-5.230537074811574
-0.07332011512662213,-5.232148176241509
-0.07261310083128474,-5.233766047130769
-0.07173433425612825,-5.235174503113668
-0.07078011204510207,-5.23637665540616
-0.07006921238608764,-5.237743054225935
-0.06927505163771917,-5.239007871080466
-0.06869135567541795,-5.24041124972917
-0.06786446446893837,-5.241732147795333
-0.06721768509036273,-5.24327262403417
-0.06662323502389418,-5.244629750683189
-0.06619741810309879,-5.246044577528798
-0.06566922249426825,-5.247334494645408
-0.0654188103910869,-5.2486000130234505
-0.06478999527831873,-5.249702614948049
-0.06431414571349016,-5.250991854226529
-0.06360790254302669,-5.252580339704924
-0.06271976511840084,-5.2540273066594
-0.061853885101508126,-5.255492838326586
-0.060994726725122024,-5.256696550541369
-0.060196152305780105,-5.25794752175311
-0.0592266515125851,-5.25902333541369
-0.05858214635082178,-5.260238406287805
-0.0580803122457643,-5.261564523143875
-0.057595200398133935,-5.263040615338846
-0.057025994751683184,-5.264532395195594
-0.05662881346503858,-5.266030658709283
-0.0561146579556488,-5.267360765261527
-0.055463902542391426,-5.268676588671282
-0.05455807661301298,-5.269993611160957
-0.05356561121899057,-5.271269996463649
-0.052882644060684506,-5.27285311515637
-0.052336668234530814,-5.274330210336492
-0.05189705959330432,-5.2759020096176314
-0.05128464152521819,-5.277370709178414
-0.050547654985616315,-5.278813737083916
-0.04975160524756896,-5.2799335545791255
-0.049365249067350694,-5.281554036560544
-0.048968809551718756,-5.283377182213622
-0.0488605250776462,-5.285306850374358
-0.04846188165001667,-5.287269076841591
-0.04821478469598418,-5.288859910550358
-0.04778557280823104,-5.290367243617631
-0.047363190493377214,-5.291699067053134
-0.04707137954860452,-5.293190514607126
-0.04660169352821165,-5.294799818335859
-0.046266720136188745,-5.296552483608675
-0.046137537933561554,-5.298556763659957
-0.046140531842884365,-5.300447174019131
-0.04619007751250328,-5.302308345948262
-0.04606250277857546,-5.303952837494026
-0.045764967166356356,-5.3055757677261965
-0.04560663834719267,-5.307131014204443
-0.04595179443040145,-5.308945551151084
-0.046545147015144665,-5.310952624611819
-0.047138506480539785,-5.312959721347036
-0.04756827292553528,-5.314766646886049
-0.0476218159083964,-5.316281865511858
-0.04780791660707538,-5.317694776819056
-0.048076825872548655,-5.31920908166753
-0.04848054446804162,-5.3208279509302
-0.04889940606086789,-5.322435201829823
-0.04934321323726321,-5.324141726964237
-0.04945559668224641,-5.326009462494099
-0.049560425432134764,-5.327883211965156
-0.049644634414625397,-5.329613215445412
-0.05007135319436183,-5.330956666099834
-0.050630516242489626,-5.332402760034677
-0.05139557363271873,-5.334109688164979
-0.0522594258424842,-5.335997208529324
-0.05311855927584903,-5.337881128704874
-0.05393232554462107,-5.339676158093446
-0.05453262698196938,-5.341136724741145
-0.05516069509983202,-5.342618819387531
-0.055849723429152995,-5.344046021889085
-0.05653764622038245,-5.34564245785209
-0.05722717265958826,-5.347404600860235
-0.05790045564991779,-5.349154185102186
-0.058563391063449516,-5.351031796995014
-0.059249046590245734,-5.352680518579956
-0.06001439167684082,-5.354390949647732
-0.060648257062794926,-5.35590538593366
-0.06128012976107975,-5.357699549121438
-0.06181925041204573,-5.359421923435962
-0.06242930402905532,-5.361326571605734
-0.06289722185255261,-5.36345359479366
-0.0633144160889174,-5.365474189180079
-0.06335771426185943,-5.367094909564313
-0.0636779830612963,-5.368502529480844
-0.0638882306867852,-5.3698713300863545
-0.06448575454289929,-5.371222605574856
-0.06509724578124794,-5.37271422802193
-0.06582514366505046,-5.374273775930474
-0.06645556575849135,-5.375757973040223
-0.06714461749246206,-5.377137555554616
-0.06780978672415895,-5.378157970530544
-0.06839888873018216,-5.379119584787438
-0.06883372953719596,-5.3799072962465315
-0.06925224276758685,-5.380954083476637
-0.06955146692857749,-5.381908659343917
-0.07001538817587165,-5.382997503650799
-0.07049409521007151,-5.383962170175675
-0.07099582572458643,-5.384944679168411
-0.07123357943212255,-5.385902713121176
-0.07146381217878904,-5.386854966922094
-0.07174191485257694,-5.387898521544038
-0.07209501426526338,-5.3889314359592255
-0.07250244170587508,-5.390006389442701
-0.07284806346101613,-5.391132869807117
-0.07310257725013838,-5.392235445551181
-0.0734451302368085,-5.393204479051068
-0.07384082894847875,-5.39431114024617
-0.07410193245789888,-5.395183554910194
-0.07438445275715123,-5.39594245114758
-0.074591441431632,-5.396500363090031
-0.07479812029816013,-5.397177480732951
-0.07495054952912117,-5.397896287235716
-0.07523340596111983,-5.398715901254413
-0.07508618438183728,-5.399008324750193
-0.07495691756733568,-5.399286960418686
-0.0744478787333257,-5.399272145227554
-0.07407526904266262,-5.399424591315238
-0.07372658411333465,-5.399558663032101
-0.07346669552958027,-5.399761356307027
-0.07322914121894687,-5.399991444912044
-0.07309100128295655,-5.400026715230786
-0.07268628328488907,-5.399818046707901
-0.07199254163140266,-5.399446986266578
-0.0713475770449232,-5.399004832257868
-0.07084062176962912,-5.39866825746183
-0.07048220850199749,-5.398495476540987
-0.07012564979196133,-5.398351180478076
-0.06973294240713329,-5.39790798599767
-0.0690127541049245,-5.397482239507273
-0.06817962711812382,-5.396822562137315
-0.06759955402445805,-5.395867484281719
-0.06729276185416129,-5.395000019975853
-0.06721702067954273,-5.394357365396676
-0.06712024095690701,-5.393916075746349
-0.06685908653625704,-5.393396585421274
-0.06634789140525954,-5.392674484665489
-0.06577792343015752,-5.391811665198104
-0.06502881287904494,-5.390928928818572
-0.06444929572319143,-5.39016006409593
-0.06399308982048021,-5.389622992101096
-0.06379499187603654,-5.389265507915205
-0.06331202480476805,-5.388687886080518
-0.06296866738240176,-5.388266308483449
-0.06239633321428412,-5.387774063933028
-0.06212396841946243,-5.3875136315719905
-0.061699637601831905,-5.387134515486984
-0.06141532143645537,-5.386760765828387
-0.06096753480005451,-5.3862606891384175
-0.060666128910563236,-5.385998160632383
-0.06016885129174345,-5.385777948636958
-0.05967164518080149,-5.385528686592234
-0.0591218001995884,-5.385317518687017
-0.05879537340610502,-5.385087253729387
-0.05849448072268631,-5.384833392973088
-0.05825391327699168,-5.384554547588496
-0.05777648639195607,-5.384246238180516
-0.05713895869437722,-5.383882443899002
-0.05655479450593982,-5.383612303675191
-0.05634783636637381,-5.383431554984709
-0.05625074886686372,-5.383607432780888
-0.05599259139151206,-5.38358579900485
-0.05566054502765462,-5.383539636827972
-0.05516742730277382,-5.383496849914309
-0.055028733594456536,-5.3838886376004185
-0.055041274283420455,-5.384378831173493
-0.05523938993743625,-5.385049884848833
-0.055358167394573096,-5.385623623323345
-0.055215992549456576,-5.386089120067233
-0.05499373919567697,-5.386474285096866
-0.05460368941158169,-5.386653642323391
-0.054462061992193944,-5.38714101497732
-0.054314418880787134,-5.387914884802795
-0.05459799130498729,-5.389044160686667
-0.05483195741878396,-5.390135041712581
-0.05504239307312928,-5.391243910177097
-0.05510595274730914,-5.392268128866103
-0.05505802749468591,-5.39316434280557
-0.0549518087195219,-5.394222953260616
-0.05485715381794764,-5.395272587943796
-0.05507605776225915,-5.3967067845058745
-0.05525291498415102,-5.398108437982138
-0.05520506625920227,-5.3996826704346
-0.055029067577672695,-5.401111448269977
-0.05474967501385686,-5.4024678990676405
-0.05459577875173597,-5.403727852423818
-0.05460930256673476,-5.40512636567816
-0.0547230357990393,-5.406592860456729
-0.05480449758208554,-5.408084011153136
-0.05477671528374852,-5.4095079868989115
-0.05471607057113756,-5.410988021164752
-0.05451563900317103,-5.412575342653362
-0.05485035517232441,-5.414575386366751
-0.05493336028841994,-5.416266275229548
-0.05482880488680871,-5.418100939999647
-0.054556620697655024,-5.419806081638295
-0.054504242711534395,-5.42178087411607
-0.05419986008097652,-5.423948867677986
-0.0542295606126037,-5.426374104314561
-0.054061822084478184,-5.4285660243738185
-0.05369896221498914,-5.431056902787624
-0.05311784932888661,-5.433379253760615
-0.0524245774647026,-5.435789804462572
-0.05168604905086379,-5.438379502979818
-0.051010866553584736,-5.441059843759501
-0.050384406235362014,-5.443664832083794
-0.05006831658745418,-5.446650946581972
-0.049761946626563074,-5.449576442549861
-0.04947840918619132,-5.452579758692711
-0.04889219990103928,-5.455210633308097
-0.04826003674245725,-5.457535877267964
-0.04772575728710083,-5.459877278211721
-0.04750348719412658,-5.4625779580484854
-0.04746890731619666,-5.465295862938306
-0.04715914390446676,-5.467955280304579
-0.046641594414730675,-5.470422990478881
-0.04600773380164729,-5.472763889692654
-0.04533295611496349,-5.47514632690986
-0.044806146772774565,-5.477618206769357
-0.044435773322274025,-5.480228327443419
-0.044115920413448674,-5.483097145891646
-0.0435766886609461,-5.485845251897592
-0.04313124307223278,-5.488376387872533
-0.04230344835829714,-5.4908349290123315
-0.04099530815087818,-5.494029883251614
-0.03990579631458861,-5.497405297950277
-0.03882375280827387,-5.500693911505586
-0.03775050374227907,-5.504158963101214
-0.036598881023105385,-5.507563709717211
-0.03571786748816058,-5.510975734407435
-0.03443720659265154,-5.514388465163028
-0.03334159999546342,-5.517942769895828
-0.0322627507174123,-5.5213166946473065
-0.031217266756507513,-5.524704957951397
-0.030102488709638293,-5.528032069056568
-0.02889366743077806,-5.53136975779214
-0.027420429769024417,-5.534685068743409
-0.025981410508896272,-5.538035748029538
-0.024778707417144157,-5.541414470172448
-0.02376234631283136,-5.544875440090094
-0.022616547650619934,-5.548153371975833
-0.021383520054210483,-5.551181236624412
-0.019760652082163405,-5.55399626837037
-0.018152333128499395,-5.55687846853548
-0.01695238918648245,-5.559682210543408
-0.015669947446675714,-5.562522853498904
-0.014341430320830786,-5.565280279667942
-0.013131966053807988,-5.567848532053707
-0.010982449614252033,-5.571140893439362
-0.008739323334689826,-5.574242109746846
-0.006769514442411748,-5.576888266145155
-0.005054858352949413,-5.579954913129543
-0.0036209871506368784,-5.5831430226179615
-0.0019455681038274412,-5.586123388347316
-0.00017608150308646682,-5.589037095414605
0.0017537125793403378,-5.5918985590418595
0.003768009039840074,-5.594598715353006
0.005885403958541786,-5.59743003239588
0.0077843476250981725,-5.600453420048026
0.009642947384568626,-5.603561382400558
0.011366330330745921,-5.606725314843956
0.013200352155436053,-5.609856175069822
0.015171832924243761,-5.612703265269929
0.01720044993126028,-5.61550686706494
0.01906856426241481,-5.618229481378371
0.021032591214206937,-5.6211623719245
0.02291404648496307,-5.624158019493925
0.024641769702402574,-5.6272523708285025
0.026405557655625217,-5.630478103080816
0.028938537234982315,-5.634319159133863
0.031045401827546,-5.638334736576747
0.03354528331127482,-5.642232248336999
0.03609327518678564,-5.646093364473538
0.03838471410203592,-5.649759329029832
0.04000792899338028,-5.652882692757447
0.04172373785955518,-5.655935898331563
0.04357933092212966,-5.659158119152255
0.0453973179955071,-5.662261305718401
0.04735044957317578,-5.665262156820009
0.04946986124222123,-5.668175274747883
0.05119150250182206,-5.671089799705291
0.05291320630048926,-5.674004430533564
0.05465990546190109,-5.677105520583176
0.056352052676518,-5.680288972575824
0.058055400595245756,-5.6834641271133
0.05987198482603023,-5.686786502446307
0.06179624488600246,-5.689739302537376
0.0636565017774549,-5.692740562777021
0.0656374471289533,-5.695624870203706
0.06745542658530851,-5.698790822960178
0.06926269786824156,-5.701964948749785
0.07100671834794643,-5.705407651967756
0.07272032652609199,-5.70877652826133
0.07444432741265172,-5.7121376851445
0.07670655191041718,-5.715876753175281
0.07886529533962763,-5.71953736929803
0.08093163526708966,-5.723341217734116
0.08279939256905838,-5.72731939226446
0.08405244387723008,-5.730483366656913
0.08505896487586126,-5.734016822050908
0.08621237120236003,-5.737462923557374
0.08748070084296038,-5.740618189659499
0.08894954205801116,-5.743473954340407
0.09025723121237024,-5.7464982078733815
0.09171550145874507,-5.749404337895178
0.09296707168741068,-5.752568793899639
0.09443461748084145,-5.75571593211188
0.09563796704214496,-5.7588547481901795
0.09716696188315065,-5.761586497022805
0.09860129870722042,-5.76435596269117
0.10017044547640391,-5.767070605650639
0.1015902437439639,-5.7699720552901965
0.10332842565269183,-5.77298667530513
0.10507616626833739,-5.775994100459155
0.10678163640962916,-5.7790544145067075
0.10834847196170005,-5.782009720477715
0.10982004673548247,-5.785036553051708
0.1119014003396637,-5.788552010639156
0.1140373273224958,-5.791823154607425
0.11559840941893859,-5.794367692830058
0.11748806576134739,-5.796665859807639
0.11898884970313545,-5.799081528188255
0.12030149107218134,-5.801571113698033
0.12156690508900465,-5.804182997931533
0.12311933169859833,-5.806435145571492
0.12480541424473633,-5.808584212071078
0.12660346952804474,-5.810392752649645
0.1282587276936813,-5.8123805650003435
0.12986446373284818,-5.814585621188414
0.1312159017922961,-5.8168919829035755
0.13271535202760734,-5.819012713793276
0.13432624492918274,-5.820988359242365
0.13601906786562973,-5.822740147832855
0.1378875537002443,-5.824271634025776
0.13983424930184105,-5.8259589887034835
0.14148085415905953,-5.827655325394945
0.14275745762294126,-5.829816333330862
0.1441339772875692,-5.8318518116161595
0.14560643711938626,-5.8337336759884035
0.14727543321649458,-5.835451055047511
0.14954725992609327,-5.837797169291594
0.151655575531928,-5.8401590013193205
0.15379129507822498,-5.842592443059895
0.15581490730225275,-5.845109909503978
0.15744736349072372,-5.847147925531349
0.15906697360545013,-5.849253117709193
0.16096461729207248,-5.851270821376129
0.16311391641869236,-5.85304899978389
0.16534274872193958,-5.8546045144154615
0.16767061001177677,-5.855974458010738
0.16965085108228187,-5.857682050491536
0.1714589514161567,-5.859499665474989
0.1733690339675735,-5.8615109067174425
0.17542536333583925,-5.863275402649064
0.1774785121548823,-5.865042299192417
0.1795163136362055,-5.866556982422418
0.1813937850283642,-5.868080667125073
0.18316726275680256,-5.869681838579874
0.18479343604915988,-5.871467049426828
0.18634165952958187,-5.873395050889594
0.18800280812782894,-5.875239139562408
0.1897640759868114,-5.876976287223079
0.19161591019161445,-5.878920859439865
0.19352996118481056,-5.880807407872052
0.19550397745279136,-5.8826172379366115
0.1974056766314452,-5.884372422888219
0.19926404073435214,-5.886201674285571
0.20064989569408445,-5.887381451651175
0.2019035120174576,-5.888747246181314
0.20330486411195636,-5.889870441281523
0.20467142543726982,-5.891019583954631
0.20602820474291364,-5.891959554034242
0.2072909475989012,-5.893108081819243
0.20850887342796695,-5.894290002367167
0.20969339577112592,-5.895793877395161
0.21089412188986337,-5.897281429697333
0.21202395974081653,-5.898821723922534
0.2131920346419868,-5.900193901813328
0.2142767036304718,-5.901430760189425
0.21543359392487152,-5.902614129450559
0.21654331137408062,-5.903755508586626
0.21772331769567138,-5.904962374626186
0.21866450033777451,-5.906274638236236
0.21923410703155996,-5.90792194963526
0.21986042723244262,-5.909210853073817
0.22081567504998187,-5.9105952811412426
0.22187491339027093,-5.911765063971605
0.22301019617432363,-5.912929274276675
0.22387592551104188,-5.914434299133394
0.22475313833005314,-5.915855598976996
0.22497077464797072,-5.916685667669534
0.22527897276399808,-5.917401742242302
0.22539665938005388,-5.917973919063949
0.22545496260298253,-5.918590136232331
0.22543650418925867,-5.919216764012456
0.22553279321983705,-5.919853238994621
0.2255003752416835,-5.920390728350461
0.22522858260936318,-5.921230839298176
0.22468347786967519,-5.922147442209074
0.22405747954197852,-5.923169376499153
0.22370472068066002,-5.923845920453261
0.22347350033609506,-5.924374121134145
0.22315654349393932,-5.924764980681343
0.22235475329757282,-5.925768727705172
0.221419663428177,-5.926898961346926
0.22033663163957767,-5.928340317656705
0.21940007356663105,-5.92959651758893
0.21866433580669378,-5.930656862172575
0.21807101356076095,-5.931612934330608
0.21766120651261253,-5.932546177666234
0.21711537024315394,-5.933537320685326
0.21659511460656256,-5.934547847089887
0.21556025776738305,-5.935369193676581
0.21437208092644228,-5.936384351556198
0.21312204307089308,-5.937348708785023
0.21198788922656342,-5.938297939609361
0.21108980767840993,-5.938948739912676
0.21001114137663454,-5.939898250206239
0.2086577324096046,-5.941056639111015
0.20708635453464447,-5.942468488340435
0.2055072902852909,-5.943821228274914
0.20409293816904953,-5.945197580590495
0.2026061838896451,-5.946293334716286
0.20124973644027597,-5.947303111005914
0.19995861634969578,-5.94805712064278
0.19844654600325606,-5.9486734418051315
0.19647363145811034,-5.949760632233573
0.19446707861056076,-5.9509616886356795
0.1922848094475989,-5.952103033486818
0.19026654775863958,-5.95310181651328
0.18812978627751298,-5.953928770638496
0.18617121295087818,-5.954567153824458
0.18402538901041268,-5.955064771518819
0.1819690305102264,-5.955583883232241
0.17947201743046862,-5.9565334939719365
0.17675137539076682,-5.9572309922548925
0.174128022299001,-5.957888916013536
0.1715008093495811,-5.958549576656576
0.16883422451415786,-5.958862474945649
0.166120739272661,-5.959222341914021
0.16335566882448918,-5.959620276098164
0.16059072085043247,-5.9600615390119405
0.15791407455773837,-5.9606705172481655
0.15534097747316575,-5.961202595636723
0.15283130633141015,-5.96169258696996
0.15048517798466202,-5.9618477661047935
0.1480226655992732,-5.9620891309056185
0.14557620364583135,-5.962063175199465
0.14312284444845713,-5.962216130397315
0.14061643648062175,-5.962408323108792
0.13796022230383365,-5.962731904837628
0.13544871491797522,-5.962951624139583
0.1329690825468002,-5.963147582593538
0.13067502614051643,-5.96286086124978
0.12810515094293137,-5.962239596242483
0.1258871931198349,-5.96132067810003
0.12340975002771638,-5.960636959092225
0.12095003304878103,-5.95996658869158
0.11828233145645553,-5.959485018278116
0.11571500450492077,-5.958763112354066
0.11283639175881253,-5.957973470588525
0.10999569803384382,-5.9570241547433165
0.10718188797669179,-5.95575747709262
0.10475519256734708,-5.954135263630396
0.1023084226813022,-5.952668524725583
0.09963509401485353,-5.951134101177889
0.09678873870722153,-5.9498086390184
0.09421198024285932,-5.948052945473378
0.091657481330913,-5.945897148680281
0.08931064155791776,-5.94358623281828
0.08711829109001086,-5.941167902008344
0.08476107222400765,-5.938726450108199
0.08273985405719024,-5.936297727403797
0.0807469285440333,-5.933832681338807
0.07827434428443077,-5.931312122968391
0.07596801667769823,-5.928978381926654
0.07411011850337083,-5.926080639407349
0.07224227145622335,-5.923036475130472
0.0701209955584444,-5.919605839870614
0.06821297050607644,-5.916036408795356
0.06636655702349217,-5.912810544887236
0.06416163540379942,-5.90962490124496
0.062075177912388785,-5.906705244107989
0.06033863855367894,-5.903346181581481
0.0588610215423073,-5.899821448520643
0.05763934773047866,-5.896183815485542
0.05638573543091015,-5.892585788390896
0.055003822951689506,-5.889031990471972
0.05374083910210669,-5.885686613628032
0.052494101209864724,-5.882320590346363
0.051311305857012435,-5.878754843392293
0.05027884318849293,-5.875043388198767
0.04963965166653272,-5.871011252601188
0.04879490975301959,-5.8671327459684965
0.047846201940866154,-5.863175906497028
0.04660992523027579,-5.859578774791601
0.045602642395958536,-5.855809687733527
0.04468009868918487,-5.852104063249868
0.044151023832395206,-5.847959822501912
0.04269931334699522,-5.842416606738506
0.04139850674917887,-5.836791964670091
0.039948259402399336,-5.831267754688553
0.038606157735362905,-5.825642582284141
0.037293086293058705,-5.820039084089401
0.0361446498293878,-5.814824073189187
0.035109333764775645,-5.8094673997744755
0.03440944375146576,-5.803598318661832
0.03357674782279626,-5.797922291310865
0.0327541629984114,-5.79220473246553
0.03175478336318706,-5.786629812025633
0.031127302025963047,-5.78105099975092
0.03066928138264415,-5.775419854824142
0.030124289293077568,-5.769722496183654
0.029214113651342945,-5.764353446116147
0.02826447075227838,-5.75897156447822
0.027512583364262932,-5.753738850845221
0.026802968976045543,-5.74846097204545
0.02610158525068148,-5.743237270474807
0.025577663515947934,-5.738147479897851
0.0250082768011091,-5.733032642697542
0.02332416821448408,-5.726810504653648
0.021746240905847168,-5.720675007657054
0.020070425125970456,-5.714653132448083
0.018230320803443778,-5.708836100483387
0.016596895965733452,-5.703282421023641
0.015035871841233998,-5.6977209938755315
0.0134474302288423,-5.692194204080775
0.01200520044158871,-5.686713209499817
0.0109022442128734,-5.68167979824797
0.009516179795735559,-5.676875540051094
0.00803387712130148,-5.6720929038655195
0.006892518292179336,-5.6675693705837435
0.0059520823808004615,-5.66285412820831
0.004903234187362067,-5.6583091011577515
0.0038321312717463224,-5.653747504512261
0.002665696401284821,-5.64920695377086
0.0012216131209929642,-5.644889852726955
-7.582127991079606e-06,-5.6407364880068815
-0.0009604745399154932,-5.6363738514765025
-0.0020724636061961684,-5.632209132885059
-0.0030805751294284765,-5.628123782401294
-0.004312339252736683,-5.624209186316588
-0.005807686212026059,-5.6204495681119795
-0.007153312793091196,-5.616565632402811
-0.008263473818237657,-5.612632312911057
-0.009987477803387596,-5.607793287791676
-0.011881871544794717,-5.60311205337759
-0.013687763702770918,-5.598498738737307
-0.01582952800074835,-5.594234628217404
-0.01685263180273896,-5.591194443359936
-0.018049445761044138,-5.588218692288602
-0.019212196422347047,-5.585283084092808
-0.0205106187749204,-5.582445213572008
-0.021558298141586982,-5.579798611894485
-0.02234577773865033,-5.576953886808333
-0.023429601980012094,-5.574475923950591
-0.02474283734308202,-5.572326905037184
-0.02592618545935391,-5.57000983648026
-0.026850558264292872,-5.56740003401328
-0.027707358033939623,-5.564842057008125
-0.028539683150592368,-5.5623328077631236
-0.029759016108816646,-5.560187796886378
-0.03068856343522431,-5.558263928367007
-0.031785919879574166,-5.556417633486497
-0.032695935478548,-5.554536040443781
-0.033582412869345116,-5.552577275159061
-0.03432275810443862,-5.550782778163623
-0.035216876275841975,-5.549117078973892
-0.03628231209914592,-5.5476871444325475
-0.03766462429353214,-5.546162600482704
-0.03794552948468631,-5.545952100898763
-0.03839303302179202,-5.545949140424985
-0.03873566000193535,-5.54582638458542
-0.03871152769482045,-5.54567216671159
-0.03845766497709535,-5.545267262351439
-0.038389447131620735,-5.5449575798992115
-0.03848063136521048,-5.5448700933262485
-0.03880076220484634,-5.545045046417519
-0.03917625118009609,-5.545345175011341
-0.039376382782935045,-5.545720084734218
-0.03932993260749603,-5.545906245082439
-0.03954239316521234,-5.546035668915909
-0.03983288541623506,-5.5462701458424055
-0.040311467523327246,-5.546648563329212
-0.04075333241902227,-5.546988866326986
-0.04124410340953816,-5.54750641907316
-0.0413745123897573,-5.547748173217001
-0.04187839070662028,-5.548091428184056
-0.04243327215096149,-5.5486945360321505
-0.042985030738490686,-5.5492092183138375
-0.0434100994951205,-5.549562839777169
-0.043698346286476605,-5.549941894724027
-0.04396780476214173,-5.550343852080282
-0.04402623590199098,-5.5510036446003435
-0.04444906464446696,-5.552042924426811
-0.044152742935686135,-5.554304313005627
-0.04374662480965772,-5.556429869650674
-0.04332103303071701,-5.558418079709078
-0.04284389296657313,-5.560358558263182
-0.04256435059367545,-5.562466314434772
-0.0421726585852134,-5.5646592681704545
-0.04192902983807444,-5.5670389534106945
-0.04178906372747015,-5.569522071210441
-0.041781164043548445,-5.571904321707001
-0.04182516639060585,-5.5742714717221915
-0.041835477138696515,-5.576559735278489
-0.04169785991183182,-5.578960258680983
-0.04172136075825955,-5.581567423133288
-0.04207400800502735,-5.584520667721609
-0.0423618005344001,-5.587522800118409
-0.042753502843923104,-5.590574761827044
-0.04288954802739863,-5.593363124972804
-0.04297747468945661,-5.596187590599804
-0.04285058008539991,-5.598876392316552
-0.042988839434211175,-5.601660351563486
-0.043097044190139794,-5.604561376999418
-0.04275729064742307,-5.608100311649774
-0.04248670901896946,-5.611724375474481
-0.04181906728115064,-5.615045342855328
-0.041025019832260576,-5.618556543659797
-0.04047365906208115,-5.622094757498238
-0.039576711324568054,-5.625205198560992
-0.038747720251077755,-5.628461983844654
-0.03798876435171766,-5.631452238538848
-0.037505093475956285,-5.63478300898092
-0.03684002638821179,-5.638016608860892
-0.036163533182185334,-5.641222102903826
-0.03522812962911735,-5.644106895209415
-0.034253376624765124,-5.646855401842859
-0.03331271886456929,-5.649408958624497
-0.032415622001710984,-5.651995243286591
-0.031369643250642315,-5.654554048960277
-0.03038666323950115,-5.65715403982807
-0.029365491335667435,-5.659762003044309
-0.028472159395554426,-5.662338845166402
-0.02770648913064247,-5.664924111638096
-0.026629759834170718,-5.667526027712466
-0.025278593291679686,-5.669826670440739
-0.023273067568549046,-5.673010248158456
-0.02110550564499301,-5.676112229887221
-0.01927045947601399,-5.679528703966022
-0.01733932305479393,-5.683018047656221
-0.015399673957026617,-5.686449553051701
-0.01345604407192617,-5.689470470373355
-0.01139457371748123,-5.692152421079584
-0.009363833358430856,-5.694421259239668
-0.007400033895680627,-5.696766721919822
-0.0057089822065871385,-5.699056421104247
-0.004092804582471855,-5.7014393693601235
-0.0020233015241209224,-5.703479193679148
-1.388066385629692e-05,-5.705473568507389
0.0022531196999829753,-5.707148233989478
0.004587739401072089,-5.708771986527305
0.006824616696456393,-5.710321713532551
0.008744096898220118,-5.712266541606156
0.01079358590286579,-5.714113428284232
0.01288973551883279,-5.715995684393139
0.015170122764493832,-5.717649303107063
0.01764770735294204,-5.719154206911222
0.019837388188130016,-5.7204410574816364
0.02195165550666324,-5.721815397062362
0.023916168476485485,-5.72332198796197
0.026226767841018118,-5.72528278119666
0.028660703240454912,-5.7272155448330855
0.03131568303890928,-5.728982048341449
0.03392718307423355,-5.730619503212215
0.0359660352194184,-5.731521581013295
0.037936877438699064,-5.732430376387259
0.039931206737026,-5.733232144837117
0.042068819287774444,-5.734142362336254
0.04448431579938365,-5.734843112367542
0.04652472091281719,-5.7360118244376554
0.0486593409163811,-5.737251845984995
0.05041529484087993,-5.738777817733374
0.05237988543951635,-5.740043972507228
0.05424753723081261,-5.741236684307251
0.05622963330792568,-5.742343351004017
0.058129496181534214,-5.743552951148714
0.06021223571651962,-5.744901052210186
0.06196891480777486,-5.74649509259032
0.06374313510673997,-5.748067472919771
0.06546516140140751,-5.749600332704975
0.06729329033381411,-5.751053465850954
0.06931845129274,-5.7522608851869315
0.07144213450641825,-5.753600702476125
0.07378314615678706,-5.755071095163389
0.07558600223011971,-5.756758507394123
0.0772885734390222,-5.758521703882494
0.0780872301285354,-5.759211608180775
0.0790269218917012,-5.759692793208202
0.08025096634043395,-5.759960082569149
0.08124139522425225,-5.760050372999472
0.08210317199910859,-5.760301504648029
0.08263635001642869,-5.760799885502745
0.0832808511908633,-5.761382600780724
0.08385408854408205,-5.7620544310639366
0.08470221473789408,-5.762519578505174
0.08557456251139804,-5.763003061508065
0.0865614338880399,-5.763343517920025
0.0870488053532441,-5.7640596318476645
0.08757816715974567,-5.764807560351321
0.08810949105514512,-5.765604146708716
0.08840981602207529,-5.7666815964117735
0.08871094785658146,-5.767759699012203
0.08909915149159238,-5.768671715441345
0.08960539159547595,-5.769410513623352
0.0899892567760787,-5.770056630356341
0.0905040806524192,-5.770607498990045
0.09088650217404384,-5.7712893098742954
0.09137586267131288,-5.7720521183109
0.09203925564710093,-5.773002242884968
0.09271194782175393,-5.7739264431697235
0.09280333029077269,-5.77429752842142
0.09282295803964696,-5.774628730636099
0.09286858536744756,-5.775006119574973
0.09291342094364682,-5.775384501584953
0.0929303056989571,-5.775709807691404
0.09299479090926177,-5.775829101244252
0.0928034349380418,-5.77626839222339
0.09236794496003708,-5.7767799804205096
0.09198482409167355,-5.7775401917171285
0.09199975418085107,-5.777802542620764
0.0920450517411475,-5.777806707151923
0.09210290802378061,-5.777460315633926
0.09202292573687029,-5.777286308902114
0.0918302059278263,-5.777302730589075
0.09140268487778634,-5.777350943372596
0.09102347490552039,-5.777338713199787
0.09074932350316008,-5.777077245279211
0.09058297837909177,-5.776573402471511
0.09050180083488107,-5.775962981865392
0.09017845775676928,-5.775495006160992
0.08965978253490366,-5.774950193932352
0.08895670826872785,-5.774474711164008
0.08807037221485504,-5.774163055721351
0.08722866308851175,-5.773523370658103
0.08648199213567326,-5.7727153451771125
0.08588323880943195,-5.7717313762146105
0.08541787130341696,-5.770798345535127
0.08455520762055152,-5.769811126100982
0.08352235682406138,-5.769009924656112
0.08246954783680045,-5.768193608409267
0.08147874926649369,-5.767319400730416
0.08064253724499156,-5.7663113584725005
0.07963167030374856,-5.765171009369236
0.07855599343532756,-5.764052884890966
0.07729355683806001,-5.76303791591337
0.07623613594942895,-5.7621781902204905
0.0751945594194464,-5.761334580941431
0.07417164388673543,-5.760570378618869
0.07306324765517537,-5.759741446682153
0.07168188825300174,-5.759117718466015
0.07070414008055138,-5.757989687625167
0.06969494097688693,-5.756837806665483
0.06899400752248784,-5.755453671087101
0.06810197549756762,-5.7543078602940545
0.06724199778763246,-5.75318626440664
0.0659377174810401,-5.751787215524334
0.06450155605165071,-5.750456029745277
0.06311932738443414,-5.7491433675407695
0.06141394603336155,-5.7475086173697285
0.059781544471299776,-5.745818683979371
0.058353692443335006,-5.7441625421636635
0.056905541959925046,-5.742476509037398
0.05540639947296795,-5.740762681202391
0.0537215280354511,-5.73928025888124
0.05190524024252798,-5.737730265045831
0.0501502110483023,-5.736305140544572
0.04866784836278515,-5.734539860591012
0.04728870368858601,-5.732594941484638
0.04572495429175696,-5.730499233771486
0.04387110044343232,-5.728764692232909
0.041698381641681624,-5.727128526925407
0.03983500672308783,-5.72556173166232
0.03824321978053943,-5.7237673784923215
0.03659057881641266,-5.7216502230594335
0.03508102554986392,-5.7195473126603
0.0333974738680634,-5.717537581915185
0.030917369354713908,-5.714974230012354
0.028445655039218296,-5.712387691907962
0.02566147504947335,-5.710087836452565
0.023185812800422142,-5.707506673093886
0.020945536809661124,-5.704972709108155
0.018580101612651667,-5.702514643617913
0.01621738633066281,-5.699966305968479
0.013645872755417348,-5.69755101975715
0.011165903842168357,-5.695071121387986
0.00846413567893816,-5.692822299729611
0.005655386799324925,-5.690542553113145
0.0030673999203116396,-5.688540208016151
0.0005794294116561923,-5.686404998173666
-0.0019955270761353935,-5.684203843852765
-0.004745636271628579,-5.68220075000229
-0.007607486638709655,-5.680299228780747
-0.01025636665589474,-5.678559153012991
-0.012670381307762954,-5.676584066007218
-0.015032707601396326,-5.674605840064411
-0.017628183669672757,-5.672450869486627
-0.020357781733700092,-5.670427106543856
-0.023072792985632754,-5.668300961606168
-0.026469786399321092,-5.665306407979579
-0.02961227839584106,-5.66224721968231
-0.032896811934892446,-5.65936432501195
-0.03585480263618532,-5.6563952152845
-0.03915602871722303,-5.653458571329054
-0.04244838694612428,-5.650511114224529
-0.045943773741469136,-5.647669761684105
-0.04927487688861949,-5.645101087496304
-0.052526120509003654,-5.6425259659133795
-0.055680829609517334,-5.639882481669169
-0.05869532781740027,-5.637345298434805
-0.061645695634025034,-5.634707710549194
-0.06474416537240593,-5.632192829301176
-0.06788264396764702,-5.62964761064877
-0.07112039412946626,-5.6272283995872705
-0.07422453897355756,-5.624641387390681
-0.07713623904422996,-5.62220029887147
-0.08003583818993924,-5.619740025902915
-0.0832947941809008,-5.617406072218165
-0.0866419147512267,-5.615242355019353
-0.09012268539445305,-5.613240234189415
-0.0935073856848033,-5.611128302514389
-0.09676302242540151,-5.609061612048731
-0.10069283356066225,-5.606361683141845
-0.10489202102540747,-5.603888904086261
-0.10885577065731004,-5.601594569781715
-0.11305575595505443,-5.599503579184931
-0.1169401284012134,-5.597144983681338
-0.12029058764730396,-5.595470644612172
-0.12337418245735472,-5.59377788913591
-0.12640323406215895,-5.592114734014909
-0.1295503779074906,-5.590550216686458
-0.1330918144395636,-5.58928810417477
-0.13643288873831091,-5.588019849945744
-0.13981144248692515,-5.586454231439895
-0.14305250107247397,-5.584808483981426
-0.1465011554176109,-5.583418366343036
-0.14990832728203457,-5.581921315649801
-0.15340038742042267,-5.580602720105035
-0.1570243078790048,-5.57944645619861
-0.1608241736564609,-5.578169550903235
-0.1645302918066523,-5.577066860457917
-0.16798135870566863,-5.575651064790985
-0.17135785670606016,-5.574175766026651
-0.17487697185664713,-5.5727294306167
-0.17873039613011157,-5.571693874113791
-0.18277613224941974,-5.570704565548065
-0.18676545792191449,-5.569990780451367
-0.19109622987904537,-5.568697826699757
-0.1952518620314309,-5.567270037250886
-0.19870170579509908,-5.566729233631999
-0.2022074277093447,-5.566101472956348
-0.2058216206567497,-5.565606792349439
-0.20998247770111517,-5.5654539312109
-0.21419139413913602,-5.565660655510026
-0.21840313931195357,-5.565792189459602
-0.22253836929532714,-5.566101706180283
-0.22656333169502663,-5.566543774063977
-0.2308410866048384,-5.567104543480708
-0.23547322532661202,-5.567938595465103
-0.2399500616007953,-5.568889616194677
-0.24450337518837914,-5.569934674216218
-0.2489810291319707,-5.570921596296921
-0.25340680090412265,-5.571947340494515
-0.25787811966633256,-5.573029178710651
-0.2624715821513689,-5.574205423969252
-0.26714318938175563,-5.575322325603137
-0.27229012042199546,-5.576207375185108
-0.2774466251612583,-5.577344749791872
-0.2822774210670132,-5.578491709370367
-0.2868996654747086,-5.5793842781298135
-0.29153043571493986,-5.580277029404606
-0.29605503993866855,-5.581243734235366
-0.30019093831789523,-5.583184857377019
-0.3046460204838229,-5.58535247366406
-0.3088828132477221,-5.587683698507036
-0.3128905684676781,-5.589819652833449
-0.3169965521413319,-5.592113471933432
-0.32111384535098475,-5.59439827807079
-0.3254989601671039,-5.596937508155779
-0.32986054796246106,-5.599389676651116
-0.33412997842076514,-5.601910342873994
-0.33820472486704345,-5.604330450798095
-0.342147989877736,-5.606653197721175
-0.34588905330197567,-5.609127214382923
-0.34962936387005106,-5.61154697324564
-0.35343635618316654,-5.6139550228743476
-0.3571809886216587,-5.61640903018228
-0.360962668134885,-5.618979050109659
-0.3644722245170758,-5.621254409527839
-0.36781603106472044,-5.623639278466489
-0.3710479596977945,-5.625917840005182
-0.3744627750901946,-5.628391255907492
-0.3779231534259345,-5.630829842909964
-0.3814397869669384,-5.63339991744468
-0.3846634531995012,-5.635760714450308
-0.3877554676664051,-5.638121791190501
-0.3906989886708881,-5.640369375500294
-0.39330006366073655,-5.643077410094391
-0.39613114067964944,-5.645963666598803
-0.3989554537642432,-5.6488695561397355
-0.4016042327627109,-5.651949920166789
-0.40416232920180417,-5.654932621358286
-0.4065461962758157,-5.657927756085899
-0.40865208141295045,-5.660734843786037
-0.41109184381409913,-5.663871539932974
-0.41337157205237113,-5.666616625754176
-0.41550700177707084,-5.6694201374617
-0.4172152070909261,-5.671918713115956
-0.41877798101783387,-5.674349462544537
-0.4202770684804313,-5.676827186363858
-0.42195339486337036,-5.679456066362186
-0.42314308912602144,-5.682621270030525
-0.42430273969396326,-5.685808420924017
-0.42518462895098996,-5.688712078742305
-0.42582771273441217,-5.6913809813447855
-0.426322355432337,-5.694160014651644
-0.4263452053803901,-5.6971813276069465
-0.4263144632840382,-5.70021269791265
-0.42653313252482633,-5.703058297495107
-0.4268415982047221,-5.706009312173588
-0.42697640610899384,-5.708750289430247
-0.4270954405275456,-5.711502790296585
-0.42696732085719497,-5.713975615012487
-0.4265070150590329,-5.716205294480046
-0.4262007132320549,-5.718320423152167
-0.42606893894803743,-5.720588522940536
-0.42605009024543444,-5.722863324571667
-0.425738215105834,-5.724993001029387
-0.42528976460796336,-5.727016081644811
-0.42480013752175444,-5.728979058215476
-0.42454368198288894,-5.730768768262293
-0.4243006075792826,-5.732634815773822
-0.4236124525324066,-5.735348894114974
-0.4227602344246178,-5.73818484614508
-0.4221652666305846,-5.741238933506363
-0.42125421557479376,-5.744115186372002
-0.4205617190792497,-5.747234926931539
-0.4197991935386734,-5.750212398010654
-0.41902315474342955,-5.7533247878295946
-0.4183272889258843,-5.756556361741161
-0.41780996881599003,-5.759945396063653
-0.41724445065404253,-5.7632742133431965
-0.4165557219784511,-5.766545956909147
-0.41574942596908904,-5.769637721325724
-0.4149572892092075,-5.7727189215153745
-0.41442379895412695,-5.776087463210195
-0.41410076989316724,-5.779616201552082
-0.4135588505764582,-5.783306995121644
-0.4127525313490473,-5.786778273497011
-0.41184225814710473,-5.790166154274339
-0.4111363402806786,-5.793402630328106
-0.4105860805551482,-5.796816552488183
-0.410125760777476,-5.800229738167525
-0.4096569784905799,-5.803649075058356
-0.4088537740309908,-5.806819076858645
-0.4077823038406803,-5.810502851429761
-0.40657420495224816,-5.813913737602625
-0.40554571469389433,-5.8172776442515755
-0.40444488886008567,-5.82055312959449
-0.40372271970322066,-5.8238258246317685
-0.4028654760488349,-5.826980209675916
-0.40260348485513486,-5.829751872414828
-0.40234965126721495,-5.8325135195459925
-0.4024132731110616,-5.835227259770526
-0.402503546946297,-5.837973854542007
-0.4028931340667681,-5.840721199886082
-0.40333098775923837,-5.843372653993717
-0.4038851732691554,-5.846167066942665
-0.40437355332404046,-5.849028491964568
-0.40485703136884493,-5.851880275027764
-0.4054787174368189,-5.854891792855394
-0.4063415989993826,-5.85772558518136
-0.4074574175586954,-5.860752797022872
-0.408589885401956,-5.863800583382424
-0.40970708771483777,-5.866859929472313
-0.410619915078886,-5.869763390582374
-0.4117433702923523,-5.873019481222379
-0.41314087096926866,-5.876434099052058
-0.414283211329043,-5.880190396528556
-0.4155230760168073,-5.884050635671523
-0.4164748362804801,-5.887884480825827
-0.4172836037409461,-5.891517405634007
-0.4185719704396249,-5.8943245399461
-0.4201790090327952,-5.897227776071958
-0.42171626614681496,-5.9000119557828095
-0.42358289743114896,-5.902982595961385
-0.4252405127523561,-5.905696381667244
-0.42683405961040705,-5.908269896204886
-0.42849277992423873,-5.910748987891559
-0.43010548707307045,-5.9131715535393985
-0.43152867981389315,-5.915532727389614
-0.43315034203874275,-5.918068288233386
-0.43499347760164014,-5.9208761119035005
-0.4368479256899841,-5.923633901340038
-0.43881941299318233,-5.926389522282829
-0.440382935874625,-5.928699318387577
-0.4416872013073973,-5.930811621273982
-0.4432673172631718,-5.932721729321737
-0.44498891470645247,-5.934805753193015
-0.4469021395033669,-5.93703584476304
-0.44879688817390734,-5.939279784658009
-0.45031015040249034,-5.941496515338211
-0.45144026267923276,-5.943421476928193
-0.4526673502313012,-5.9452756760187855
-0.45392011781386105,-5.947161485936845
-0.45572007414130933,-5.948775497749361
-0.45789093574190554,-5.950489105259072
-0.4600663958267419,-5.95245006353627
-0.46206200307540485,-5.954261172673299
-0.4637942895496362,-5.955990480743887
-0.46545917906903833,-5.95761669677518
-0.4671249870074529,-5.958929045813409
-0.4685344327099245,-5.960046161212095
-0.46986935655690787,-5.961452646202972
-0.4712656506165608,-5.96298227065985
-0.4726113959928598,-5.964473441859925
-0.47371581609140223,-5.9658422130405615
-0.47464297086105656,-5.966884913558221
-0.47545286385568164,-5.967838343043006
-0.4762189759618557,-5.96874591560946
-0.4769568131517146,-5.969730565273296
-0.47760986132135885,-5.970853683351961
-0.47813939719540366,-5.971720478722602
-0.4786411239454648,-5.972584659380817
-0.47900362983267725,-5.973140868582015
-0.479308078543706,-5.973652890207894
-0.4793912717428534,-5.973853178032272
-0.4796652924275079,-5.9743548680203995
-0.48043355101750573,-5.974649523967552
-0.48092089033192387,-5.97487207645968
-0.4814090488426398,-5.975095630329156
-0.4816968560934399,-5.975138775165893
-0.48229820736819967,-5.975110407297295
-0.482641307915474,-5.974764614931756
-0.4830541763217918,-5.974573128295547
-0.4831376023113754,-5.974293800167656
-0.48334205019990567,-5.974163195625469
-0.4832844590571315,-5.973924562158439
-0.483408313583038,-5.973599851768439
-0.48340017865119284,-5.973112917838557
-0.48355604139810066,-5.972667817479479
-0.48357710634354883,-5.972002455819309
-0.4834759161686467,-5.9711868269728114
-0.48323748244557946,-5.970325442078887
-0.4829461358111534,-5.969419478505073
-0.4826486801122289,-5.9684502564604225
-0.48251182540574133,-5.967127293533211
-0.48239649343794005,-5.96578853567007
-0.4821404559337763,-5.964293233980907
-0.48178684066869637,-5.962722402913975
-0.48146448724019386,-5.961128625047825
-0.4811655397293615,-5.959229336107654
-0.4810467095148354,-5.957485207468444
-0.481031462735792,-5.955665205628133
-0.48102197806013974,-5.9538303700696495
-0.4805824887456906,-5.951564879587625
-0.48003003956128826,-5.9493819297328905
-0.47914718819864466,-5.946887406034921
-0.4785675100333683,-5.944694124601805
-0.478142583201072,-5.942387402750793
-0.4778512868242678,-5.940249179842796
-0.4771561456865243,-5.9379303606622695
-0.47670414300759106,-5.935821257860689
-0.47589939526270997,-5.933387308743101
-0.4749617886071566,-5.930742446680985
-0.47390181767349565,-5.928042461801747
-0.47302772145484645,-5.925555201080315
-0.4720622032896888,-5.923071958982315
-0.4710857358006893,-5.920580316619212
-0.4704233845502748,-5.917787029851512
-0.4697728172265534,-5.914999690079454
-0.46894800908297557,-5.911998534010836
-0.46790895147354344,-5.9089962331914725
-0.4669850123198573,-5.9058421604057445
-0.4663944708503426,-5.903097064798094
-0.46589757814677224,-5.900423401601171
-0.4653235001377882,-5.897806293779741
-0.46427993686138336,-5.89461324139757
-0.46279484151763,-5.891082697695593
-0.4615163803469548,-5.887400096817782
-0.46036819623448005,-5.883877145809587
-0.45951124307590346,-5.880576730024918
-0.45847721654605844,-5.8774064013968434
-0.4574455997752381,-5.874238978687074
-0.45604409610395025,-5.870788521757694
-0.4546319549544983,-5.867345635414105
-0.45296923373983433,-5.863595469022208
-0.451599843263391,-5.86006971178953
-0.4501244858134779,-5.856621969155751
-0.4485565377775323,-5.853146672624883
-0.44698829677522633,-5.849720943128928
-0.4452422079110365,-5.846426128378801
-0.4435659194033389,-5.84317370163125
-0.44180629567597957,-5.839774042178288
-0.44043236670561103,-5.8358822166209405
-0.43944397445191874,-5.832137030497383
-0.4381604567239724,-5.82864212169738
-0.43673368719250727,-5.825236968863117
-0.43530841867253495,-5.821883630234095
-0.43377141445982126,-5.8184457519109785
-0.4321727307140147,-5.814957796627947
-0.43085622185061934,-5.811610438591798
-0.4293862206350242,-5.808127750215157
-0.4276550255022918,-5.804550636880131
-0.425876128222106,-5.800938210323181
-0.4241062472908112,-5.79743347467232
-0.42242068041457553,-5.794051083427887
-0.4209158090697546,-5.790840917696004
-0.41932584666188294,-5.787496699541945
-0.41736658161704193,-5.7838477188558794
-0.41519528087118357,-5.779919277702904
-0.41318776040798844,-5.776191365012036
-0.41137490728881815,-5.772588450763993
-0.409614578802553,-5.769299339919797
-0.40792119759693307,-5.766092236360431
-0.4060447943583463,-5.762706101810167
-0.40415460953677956,-5.759280056510873
-0.40270881313028495,-5.7553730846523745
-0.4012051638641207,-5.751342285820359
-0.3995101941610265,-5.74772462316882
-0.3976837056642213,-5.744204968230453
-0.39609099642770706,-5.740971472971986
-0.39453282355603847,-5.737764629814638
-0.3928301972476692,-5.73466542945419
-0.3908467400289948,-5.731222690508914
-0.3888125544724237,-5.727741113744006
-0.3869165488300877,-5.724157133494245
-0.3853128559037087,-5.720930857263613
-0.38368300198361405,-5.717684554490262
-0.3820876157230374,-5.7144127917933725
-0.38019512209005685,-5.71090847645397
-0.378233422057405,-5.707352230607165
-0.3763918840619767,-5.7037064886854925
-0.37460791700708446,-5.700144307514945
-0.37294706773285224,-5.696627217076379
-0.37141243156461207,-5.69301608587241
-0.3697302389142277,-5.68935087813843
-0.3680602512333917,-5.685742424445724
-0.3664989667336637,-5.682052623867604
-0.365205708159748,-5.678569170399234
-0.36356632719240056,-5.674662512501733
-0.36224665950524126,-5.670369828223215
-0.36060713299077907,-5.665830703041303
-0.3591272714729277,-5.661637218437588
-0.35738743045052473,-5.658034767210992
-0.35540541948618143,-5.654613287822914
-0.35350393429170934,-5.651208669876917
-0.35158465819867574,-5.647793987275904
-0.3495522477475824,-5.644464021356267
-0.34746066867792236,-5.641010150406085
-0.3455600439559281,-5.637725497307661
-0.34357750486777017,-5.634502435053988
-0.34181421517463956,-5.631495371481727
-0.34017013586857875,-5.62864601878886
-0.3382979583385336,-5.625967854338601
-0.33644598029203754,-5.623219037014706
-0.33441614646714973,-5.62029092485176
-0.33245310698426833,-5.617313108201419
-0.33049130173906305,-5.614366326420727
-0.3288658118305053,-5.611811051520897
-0.3272993405735056,-5.6095374022340705
-0.32566763964266476,-5.607184094872961
-0.32357139493181397,-5.604472194093179
-0.32181179931399617,-5.601428810637554
-0.32016644578028447,-5.598476480036975
-0.31853154323930816,-5.59544297369672
-0.31688643570284053,-5.592431226086984
-0.3148255536392153,-5.589938295915293
-0.3129651508972315,-5.5876902514642905
-0.31064855223877613,-5.58508979486878
-0.3085334902041957,-5.582337611769133
-0.3064071934248004,-5.5795325667764235
-0.3042532287443449,-5.576648421694852
-0.302152878866974,-5.5737239225149855
-0.300019547120446,-5.570844088144104
-0.298055589844771,-5.568132179251485
-0.29578050955340507,-5.56565464008824
-0.29355649531840855,-5.5631948836054175
-0.29150684269514754,-5.56083124161639
-0.2894117562198889,-5.558502023797931
-0.2874999142835877,-5.556314488901184
-0.28548589788799744,-5.554002138866203
-0.28319056035810714,-5.551902352969061
-0.28090840703511166,-5.549812789594599
-0.27885148985104574,-5.547998306979945
-0.2766490226665527,-5.546293980436759
-0.2748037195302421,-5.544865773484911
-0.27266449453091796,-5.543078384798422
-0.2703499131521975,-5.54143563230446
-0.26793739858357213,-5.539743588029557
-0.2655155923145293,-5.538150642237061
-0.2630293780263589,-5.537060413115739
-0.2607143423398456,-5.536187289237035
-0.25851912000732796,-5.5352657809571575
-0.25606008157854243,-5.534080158413507
-0.2537049603066928,-5.532816219536981
-0.2513163560151158,-5.531571142675826
-0.2488337379533062,-5.530199364957944
-0.24647429209842953,-5.528962677047499
-0.2443982371788228,-5.528072288314888
-0.24194778289144453,-5.526892526113731
-0.23956568546439574,-5.525661118931538
-0.23694515774400157,-5.524138121302483
-0.2344471526516224,-5.522709771308407
-0.23210705575233556,-5.521161998329977
-0.2300231449853586,-5.5199274572378965
-0.228016832953115,-5.51875286330661
-0.22604429627519143,-5.517552760066312
-0.22392175174153967,-5.516169148843543
-0.22167907677148105,-5.514833353665383
-0.2194320368859864,-5.513540976969633
-0.21731527115882035,-5.512413587355846
-0.21532961555476846,-5.511644016306885
-0.2129518377666489,-5.510887831441694
-0.2106683518175344,-5.5102954433585065
-0.20869363477215128,-5.509860655699307
-0.20689774310996084,-5.509563992851848
-0.20487376156625356,-5.509184512993355
-0.20279461747561406,-5.508750455308964
-0.201161187492963,-5.5085500732703006
-0.199668912085914,-5.508568468838927
-0.19823225510168302,-5.508629760500295
-0.19680768378074,-5.508935447111306
-0.1952922236307494,-5.509212423915467
-0.19385250421915823,-5.509547791704877
-0.19231111813432725,-5.509797492208019
-0.19109789056850635,-5.509995138022277
-0.1899824498870221,-5.510268207561695
-0.18887827623691347,-5.510702797714023
-0.18782661657255942,-5.511397888456505
-0.18699611037807332,-5.512263552421951
-0.18612120753726016,-5.513359171904354
-0.1852988135512579,-5.514259956414235
-0.18419032256079423,-5.51554935897813
-0.18303791402514497,-5.516752471733451
-0.18205169641404287,-5.517829376055174
-0.1811763978223773,-5.519077214851989
-0.1806630953258713,-5.520689996510066
-0.18000773703401543,-5.522399129298005
-0.17935439967439096,-5.524076502527369
-0.17886782635175638,-5.525882339498483
-0.17817996452413984,-5.527529487041495
-0.1776482203999055,-5.5292582608842915
-0.1773049235442823,-5.531132120595069
-0.17699526212674635,-5.533244867703964
-0.17676924986663414,-5.535514056914828
-0.17660671009715123,-5.5378319961521045
-0.17654861089094834,-5.5403080684004875
-0.17664754991455459,-5.5425821580630465
-0.17657044041553704,-5.544771206531348
-0.17668526835407358,-5.547107833433578
-0.17704812739601256,-5.549820846270936
-0.17744176659951372,-5.552777946554407
-0.17788266570121605,-5.555771234811772
-0.17830233137646181,-5.558600124588911
-0.17881637770295994,-5.5612278580490395
-0.17896161710190048,-5.564329309781921
-0.17896266057246846,-5.567438236588657
-0.17914251864474015,-5.5707665915603855
-0.17928940086454603,-5.574097007806246
-0.1796037168941583,-5.5773908929521525
-0.18004943953374802,-5.580840266650076
-0.18070557435738244,-5.5841121012208905
-0.18173790153296146,-5.587672899316258
-0.182560156860269,-5.59097556467356
-0.18317753665687567,-5.594432907620242
-0.18357353035570012,-5.597720053917645
-0.18444476793308362,-5.601382197745191
-0.18527632943311265,-5.605118044772874
-0.18621897145189015,-5.609048726562821
-0.18692992423337096,-5.612694526939902
-0.18756071603665406,-5.616183029061999
-0.1881826855134884,-5.619488665970496
-0.1888970608005976,-5.622907841598784
-0.1897624051608686,-5.62638672878926
-0.19081936903682165,-5.629982634028603
-0.19192590920481553,-5.633639417091
-0.19290963414983606,-5.637088827124045
-0.1938603235008997,-5.640399758160409
-0.19465174928622903,-5.643514813259121
-0.19519137455036117,-5.646645523083706
-0.1955967889685127,-5.650447958213085
-0.19631757748371695,-5.654638499340078
-0.1974163208382897,-5.658394279020148
-0.1983883748215235,-5.662053172593346
-0.19911429704801895,-5.6654648408566475
-0.1996920060927239,-5.6687320751961
-0.2002064685414085,-5.672031574306666
-0.2007658507223204,-5.675114032749284
-0.20139611027236315,-5.678204438954125
-0.20221410563509243,-5.68143853018508
-0.20302211032036124,-5.684680217969901
-0.20361272353655505,-5.687654268020312
-0.20389680320057074,-5.690393985603211
-0.2044087228853242,-5.6929626352114715
-0.2050596174614635,-5.695702544668923
-0.20605132372664364,-5.698703039692862
-0.20700061047356905,-5.701735499766155
-0.207719218201005,-5.7046093979933685
-0.2083862999056927,-5.707343980606893
-0.2087299762135901,-5.710565401270456
-0.20889943609687717,-5.713353262265914
-0.20935653802189597,-5.716289318840973
-0.20982943053522798,-5.719237708072964
-0.2103171975248374,-5.7223555803252
-0.21074291005695145,-5.725714141734949
-0.21155357852427367,-5.728609016583727
-0.21242760907190925,-5.731557241952306
-0.21316423136797497,-5.7343361837090265
-0.21413782615535387,-5.737129978233606
-0.2150553290967706,-5.739836861787271
-0.2160710943037376,-5.742664999451108
-0.2171079537690907,-5.745592960338416
-0.2179638882203248,-5.7484442727620335
-0.21876495067278548,-5.7512280311371065
-0.21967838949910237,-5.753955261670154
-0.22072959723400642,-5.756630184088939
-0.22171471254926162,-5.759223686100141
-0.22280192382435676,-5.761791572845937
-0.22355421293721178,-5.764333852831324
-0.22432220032915082,-5.766895616548782
-0.22490802694288475,-5.769413802257576
-0.22580520010854446,-5.771887224395727
-0.22655199968697742,-5.774175228695301
-0.22750199460798504,-5.7766737844026235
-0.22808330029216856,-5.779289065879533
-0.2285438697505122,-5.781699074992269
-0.22890132330747892,-5.7842354903961875
-0.22927515579222782,-5.78692194262557
-0.22983257758843684,-5.789752114760583
-0.2303868261323502,-5.79230585238146
-0.23131611554281006,-5.794004421331241
-0.23196294366196582,-5.795375400000033
-0.23267603009425142,-5.796979238627554
-0.2333567197429578,-5.798690932781478
-0.23431565315528488,-5.800717997867337
-0.23522198508630007,-5.802642771949897
-0.23615527284938073,-5.804301438311339
-0.23731057282661824,-5.806129032972925
-0.23831854783279657,-5.8078542657592624
-0.23917977417158537,-5.809527186519669
-0.23996973562300758,-5.811063716417178
-0.24101961206542372,-5.812921193796901
-0.24212700498840412,-5.8147656512773525
-0.2431897486791416,-5.81676972698558
-0.24383273226707158,-5.818255536837218
-0.2441913535452289,-5.819545739911952
-0.24434813734175945,-5.820595492384947
-0.24453682647934216,-5.821845776541839
-0.244893023747584,-5.823247144076803
-0.24565788225407859,-5.824156589135272
-0.2463441381775056,-5.825173168483078
-0.2467354458658347,-5.825825511499782
-0.2471683114965226,-5.8262083764429695
-0.24734423942545855,-5.826281080850359
-0.24723481518053111,-5.826001385103648
-0.24716618019389974,-5.825677099613548
-0.24719049214040753,-5.825418608212314
-0.2472763050801014,-5.825236046845534
-0.24734271962306087,-5.824876653744749
-0.24715779110130942,-5.824370317479502
-0.24653466020327255,-5.823322840747435
-0.24590921838653199,-5.822152596627475
-0.24544533581875216,-5.820823746837341
-0.24494389295214056,-5.819536067532139
-0.2443953302080137,-5.818256019047881
-0.2434151345836907,-5.816700683730104
-0.2422258677693798,-5.8149166840843165
-0.24077988891146795,-5.812831572173677
-0.23962325685099442,-5.810460040515571
-0.23835768053686654,-5.808030318711124
-0.23723950992951748,-5.805670203409742
-0.23586958688545476,-5.80337015795212
-0.23472867714712145,-5.801295109402036
-0.2332431909096804,-5.799114702911443
-0.23168091624408244,-5.7963480857034995
-0.22974240397581577,-5.793338144367581
-0.22804738250227857,-5.7900967971787045
-0.22638002309583782,-5.786708821348615
-0.22433723280937384,-5.783034983005848
-0.22268451153933613,-5.7793488427832695
-0.22070046738067448,-5.775447107045993
-0.21826580517839947,-5.771202037386825
-0.2160518623699434,-5.766508497297064
-0.21374519321416244,-5.761525852173864
-0.2110794825703579,-5.756269234665571
-0.20867853463784244,-5.750838727250685
-0.2060071349346039,-5.745344970427039
-0.20295699364450487,-5.739561925310515
-0.20023933668921,-5.733709745129032
-0.1971819792465568,-5.727359942737715
-0.19393869442260403,-5.720867530424693
-0.1908108373752348,-5.714002857824375
-0.18810473821805088,-5.706588477914123
-0.18513195377834513,-5.698884140332554
-0.18206476271948147,-5.691186086395074
-0.1791367361463777,-5.683381275434162
-0.17604385718000462,-5.6752501720373605
-0.17259149933946752,-5.666712560637008
-0.16937144371955684,-5.657898838913894
-0.16574306219861618,-5.648670513254613
-0.1619255067690537,-5.639296288546261
-0.15836945257421467,-5.629942393948923
-0.15434081800024735,-5.620402994183644
-0.15019533990868883,-5.6107729617554405
-0.14648270827873006,-5.601184827460399
-0.1421259533996789,-5.590942326297339
-0.1377999915428944,-5.580536095443675
-0.13298283501184074,-5.569742640669789
-0.12789202594685412,-5.5588254408308755
-0.12316616914219343,-5.547969956094946
-0.11846895388547277,-5.537236397260002
-0.11339980461111866,-5.526201246062894
-0.10843310393309186,-5.515123279901774
-0.10327088158349737,-5.50389334660965
-0.09801118651705586,-5.49248499582751
-0.09417774402378065,-5.480117430632236
-0.09015154048430597,-5.467585721149641
-0.08616512164681826,-5.455101501689345
-0.08228721651175255,-5.44259652666935
-0.07845388539697373,-5.4301239017956915
-0.07422362969007368,-5.417218708890839
-0.06995093367358901,-5.404471144225845
-0.06517324191597695,-5.39133171932273
-0.06043860515092673,-5.378036404058088
-0.056032767047919305,-5.365028790665464
-0.051943835962398904,-5.352264066524865
-0.047349086487944565,-5.3393060468530855
-0.042889748074236476,-5.326366939433129
-0.038304171818230696,-5.313328176705792
-0.03335153013110509,-5.300334742776603
-0.02856787958992904,-5.287672515843608
-0.02423339363157476,-5.275357337405003
-0.019379696347310973,-5.263130379938388
-0.014782551336937481,-5.251062015290841
-0.010142040761668069,-5.238958890395703
-0.005102270184555307,-5.227164154399931
6.243035124573292e-05,-5.215216238403425
0.00497376942812038,-5.203464887818643
0.00846674773822655,-5.189875451203999
0.011581403363384557,-5.176746442578027
0.0143367365426146,-5.163917395027378
0.01752069798883832,-5.151157633098038
0.021351188275534182,-5.13910802111992
0.025396394562210108,-5.126874046063931
0.029156170684252556,-5.11483428776119
0.03295663346436726,-5.1029740481212995
0.03641042140936825,-5.091690570094518
0.03975570549558007,-5.080482651714861
0.043595832138033946,-5.06966465535377
0.046990049674183236,-5.059353480905112
0.050421969618188046,-5.0489284771496425
0.05409587058502205,-5.038485338837496
0.05738312745714834,-5.028513485589916
0.06020777720658324,-5.019280370923033
0.06333620495347099,-5.010169749893746
0.06597650429131416,-5.001661138216252
0.06876906519042231,-4.993274432653754
0.0709226086924273,-4.98546068175893
0.07156203132138084,-4.976216714782497
0.07206771405339134,-4.967302927467082
0.07254934344949932,-4.958676125051289
0.07254931953176118,-4.950637153598475
0.07275505439838241,-4.942790317188345
0.07264623018761944,-4.935303277664468
0.07236589252189211,-4.928027245105278
0.07309568485654672,-4.9221165082888625
0.07376773829567122,-4.9165203301788685
0.07397212678881256,-4.911492924571839
0.07428697835293027,-4.906768801480169
0.07464671506585996,-4.9022687962239315
0.07458644139594414,-4.898279372963338
0.07439322216086554,-4.894229931423744
0.07377868324370435,-4.890452665690717
0.07278795128275141,-4.887132746836841
0.07139331940312725,-4.884222461290745
0.07022586809991839,-4.881547169059958
0.06854590086539461,-4.87949413477416
0.06684649056528535,-4.877572168998555
0.06490551096319469,-4.875977613080839
0.06265423804558257,-4.874760198438886
0.0599525380876646,-4.873801075902985
0.0574704395798931,-4.873097614946477
0.054892717150969404,-4.8726520308355985
0.052249036736773266,-4.872381068829289
0.048866452342787484,-4.872861021626067
0.045479660814842754,-4.8733363682291495
0.04129626056018719,-4.874549664355174
0.037026011682907256,-4.875858464828238
0.03461827736820315,-4.87932355940991
0.031908725811290464,-4.883028855136325
0.028892003121728627,-4.887105520022435
0.025925423996172182,-4.891489049109074
0.022473369394534586,-4.895971786204456
0.018361296470110183,-4.901179806062228
0.014393026058912925,-4.9064990120984815
0.010234122698951525,-4.911954757233315
0.0059377307314765,-4.9174241820322635
0.0015843894648709799,-4.923357865719097
-0.0031011076922795823,-4.929216829085694
-0.008011584879603555,-4.935383125830913
-0.013056166381956143,-4.941829801455027
-0.018523575397440387,-4.9486755384167855
-0.023905970757520614,-4.955418353306793
-0.02919123717648292,-4.9618536063931735
-0.03452829837544752,-4.9683538255403255
-0.04024322944714936,-4.975293770848961
-0.04502199026538514,-4.98337950000667
-0.0499144016440591,-4.991485742543076
-0.05351116782001495,-5.001178941197326
-0.05692991826046842,-5.010769995039828
-0.0604787207144414,-5.020199018890703
-0.06379430360778543,-5.029437817407269
-0.06703921606180975,-5.038597367864157
-0.07056414619852294,-5.047867977000179
-0.07410763147084894,-5.057028015342343
-0.07781973218521397,-5.066431528851807
-0.08174374927153875,-5.0757361359479445
-0.08532787773814544,-5.084733687484544
-0.0886875308420001,-5.093515318622111
-0.09241881883579366,-5.102333013608846
-0.09613171469488549,-5.111054178190022
-0.09996880784552946,-5.11993717860998
-0.10389654983593631,-5.128951589872331
-0.10734530255900854,-5.137705065679543
-0.11038446670005622,-5.146136078128886
-0.113746191987022,-5.154438486008999
-0.11682828131948524,-5.162508705301039
-0.1200666749262523,-5.170700692383619
-0.12342035756615781,-5.178861821273708
-0.1266219798260869,-5.1867522698535495
-0.12815247730027018,-5.1958585524949745
-0.13019748398084832,-5.205051566294537
-0.13228688103038838,-5.2141844522590794
-0.13451091038549473,-5.223422855999615
-0.1362819907189809,-5.23211076372409
-0.1382767501292327,-5.2406256681444505
-0.13962947715732882,-5.248638933056426
-0.1412020523821529,-5.256919948762864
-0.14293998953292295,-5.265074094974595
-0.14463873610210712,-5.2731982297824604
-0.14611618409202198,-5.2810535405959484
-0.14790788465132174,-5.288683316515714
-0.1493530676309154,-5.29602468882749
-0.1506781672822727,-5.303155262690638
-0.15206792403269095,-5.310236769541323
-0.15336415343558688,-5.317324766827504
-0.15444220300559441,-5.324215950525467
-0.15588551394333622,-5.330827615744751
-0.1571548670706696,-5.337280921431861
-0.15811106359730276,-5.343353786291477
-0.15921134700249295,-5.349317085451246
-0.1600978020183525,-5.3551667853539096
-0.16113702859416934,-5.361121742426248
-0.16144470821355203,-5.368027138446264
-0.16166222187090362,-5.374821715252542
-0.16154380281894537,-5.381207668810129
-0.16256290708902355,-5.386270540047434
-0.16330585656720636,-5.391119444129934
-0.16421532279372247,-5.396155510599212
-0.1649744363861008,-5.401121176924542
-0.16597268596696416,-5.406363030751922
-0.16691625039431435,-5.411491296769259
-0.16807443544067427,-5.416563672947889
-0.16921867178160083,-5.421626050860831
-0.17021213021346907,-5.426637348351995
-0.17082542810512025,-5.431414740473437
-0.17133131982644964,-5.436109612895779
-0.1720726550797987,-5.44098746432348
-0.17302913687800567,-5.4458831225389295
-0.17382827181299276,-5.450657850527019
-0.17449485326270223,-5.4553450682735125
-0.1751843575639751,-5.459711866003654
-0.1756750662879314,-5.463925714954823
-0.1762678625722095,-5.467943735008951
-0.17691387264781358,-5.471853335338011
-0.1773112483935151,-5.475543460768558
-0.17747071825318025,-5.479556444742026
-0.1774319276581044,-5.483439772155349
-0.17759723864785365,-5.487108629188268
-0.17773632560976177,-5.490824645495209
-0.1790059392071092,-5.492803603767438
-0.17984186428389384,-5.494336879606391
-0.18081049956116496,-5.495769668498102
-0.18160541256552878,-5.4971150408475795
-0.1826187125762483,-5.498655099961385
-0.1836354449759677,-5.500193068471402
-0.18470200889331495,-5.501743923645314
-0.1853564578209863,-5.5028483963323085
-0.18605151769499878,-5.503922330501892
-0.18640055357532404,-5.504690998489591
-0.18682690201329316,-5.505459922932176
-0.18708349473544647,-5.506342292776399
-0.18743396226734513,-5.507339719925612
-0.18753506070026724,-5.508144824463755
-0.1876899232229858,-5.508909274654287
-0.1874445112305438,-5.509183642696036
-0.1874892254948708,-5.509681983008846
-0.1876454705997672,-5.5100956996344825
-0.1879493840669685,-5.510690301554261
-0.18823005249565283,-5.511267028192115
-0.18860813967410522,-5.511681401375837
-0.18874549410129124,-5.512044586162067
-0.18865470711465374,-5.512212669602762
-0.18932655080649077,-5.511300851055346
-0.1902826366926913,-5.51036428069602
-0.19133321447272125,-5.509500472635294
-0.19224217014340442,-5.508815880962558
-0.19323993247007484,-5.508065445564056
-0.19385269348317888,-5.507017643282417
-0.1946506573235342,-5.50608322814697
-0.1952772390215605,-5.5048758315674
-0.1960990321517041,-5.503818976454781
-0.19658831948395963,-5.502675215631226
-0.19696408287195205,-5.501315656023586
-0.19718564855700085,-5.49987507473435
-0.1975872346096824,-5.498423477496891
-0.1979809539802294,-5.497076368246197
-0.19830211990039187,-5.495590363558555
-0.19842681380217309,-5.494110842463297
-0.19859137642214356,-5.492522169898858
-0.19868248659357193,-5.490919814598532
-0.1986570494482147,-5.489525405621464
-0.19855365878388082,-5.488296105291548
-0.1986982846806838,-5.4872855570994785
-0.1993242372238996,-5.4856285197992145
-0.2002082963318131,-5.484202991961229
-0.2014463092556006,-5.482366522109525
-0.2027269368698637,-5.480540619774676
-0.20364570153833875,-5.478739523673371
-0.2045679882355232,-5.477046107127008
-0.20577247008422409,-5.475700963269832
-0.20722066243256987,-5.474544489542304
-0.20856222509880612,-5.473469093349309
-0.2097304020492055,-5.472181994028291
-0.21061057181976642,-5.470672101959601
-0.2113994196130258,-5.469231696446527
-0.212215563969956,-5.467824778846989
-0.21338270529244574,-5.466689790749012
-0.21431893829720872,-5.465730425278271
-0.21537570075450674,-5.464918492238278
-0.21618682005264775,-5.46391643570227
-0.2170445218293011,-5.46287898139753
-0.21770634310051148,-5.461602485878848
-0.21865306236409374,-5.4605468987000165
-0.21953453933483938,-5.459540970634691
-0.22040777506270856,-5.458627088085353
-0.22139647663866965,-5.457914109641212
-0.2223726674383429,-5.45721064484196
-0.22365872301203132,-5.455891770357441
-0.22492967279752124,-5.454561392837317
-0.2259463047033632,-5.453369997959173
-0.22719808617311668,-5.451999770604335
-0.22839578813407732,-5.450606505446044
-0.22976347164927485,-5.449392190371232
-0.23100160444864784,-5.448276429754455
-0.23211546995206495,-5.447064367784656
-0.23328920822543303,-5.445873675441868
-0.2342829683088082,-5.444678746736412
-0.2354129958949688,-5.4436576469763365
-0.23630365864717262,-5.442344822341858
-0.23704778394372603,-5.440967234026909
-0.23780381242253815,-5.439437666650387
-0.23888356042549397,-5.438302854581078
-0.24003764365161773,-5.437354439024002
-0.24124142767114823,-5.43673473367217
-0.2421893081168001,-5.435803321004943
-0.2430621425922935,-5.434702473675552
-0.24377673882357845,-5.433552451792388
-0.24467347026371142,-5.432624523960105
-0.24571831995107685,-5.431952194884395
-0.24682222673111082,-5.431494756609749
-0.24797199772035292,-5.430831589152129
-0.24925192219164433,-5.430035936184618
-0.2501478351600157,-5.428942025536682
-0.2503848977862071,-5.428628627996386
-0.25035370735565066,-5.4279885249063895
-0.2504731925881914,-5.4275589967495925
-0.2504462681257053,-5.427099214262321
-0.25058541665361417,-5.426841736622355
-0.2506594776553669,-5.426428531908911
-0.25054817215088176,-5.425914520476275
-0.25016505105752607,-5.425093592697546
-0.2497163493692795,-5.424242136722066
-0.24946306422352665,-5.423380472050505
-0.2492440714099297,-5.422504977783526
-0.2488791828207198,-5.421509300558488
-0.24844679166038375,-5.420623970092744
-0.24757366425822297,-5.419395974560631
-0.2467701015426693,-5.417784167494294
-0.24603207404801286,-5.416051729854676
-0.24526140042302635,-5.414293934738429
-0.24429705215975928,-5.412243855882854
-0.2435730383640381,-5.410297931829138
-0.24228421236730616,-5.407912671561565
-0.24107611332225434,-5.405484086760062
-0.23995772958326733,-5.403404457968846
-0.23866454398253548,-5.400964037520152
-0.2371550412221733,-5.398670335771983
-0.23499889032334417,-5.3965791172714725
-0.2329592199118419,-5.3944596863886165
-0.23062672568925638,-5.392143962296781
-0.2282635911187404,-5.3900129067463665
-0.2259366285881623,-5.388002230313293
-0.22353549645448942,-5.385887423887713
-0.22101265133731912,-5.383740582130714
-0.21873023459317628,-5.381543724408064
-0.216200098330631,-5.379163618871886
-0.21351287935856267,-5.37655188677393
-0.21074741442261005,-5.373999998341197
-0.20808879859902382,-5.371579952626032
-0.20560190735497297,-5.369318607672577
-0.2030139315827162,-5.367134625339896
-0.20011344949847257,-5.364640577716681
-0.19682381526422532,-5.361742072867394
-0.19371872780265725,-5.358702383923692
-0.19063331334408584,-5.35576227362277
-0.1877022151684751,-5.352945271138373
-0.18484324052183523,-5.350072933527348
-0.18185424767288713,-5.347051080729538
-0.1786386322366115,-5.343825740595731
-0.17538965430650402,-5.340342589917964
-0.1717881050252056,-5.336783604156771
-0.16799122063465724,-5.332986705786881
-0.1644235323663872,-5.329560908035021
-0.16080123893196244,-5.32600617854412
-0.15749600002207412,-5.322597472656227
-0.15408304964443834,-5.319104832543277
-0.150462844061968,-5.3154400901454695
-0.14669249476266932,-5.311640941563855
-0.1431395264438175,-5.307852144743002
-0.13965982306776495,-5.304023024996346
-0.13637956361888218,-5.300469583572729
-0.13310280161677,-5.2968973170845395
-0.12961860320131055,-5.293356813322503
-0.12621814376836002,-5.2899335299538395
-0.12289020655630496,-5.286532221913437
-0.11950323049081311,-5.2829347715488115
-0.11647293839894436,-5.279403654561066
-0.11375116005138815,-5.276248512715545
-0.11123493655915163,-5.272793608705291
-0.10881758143327394,-5.269415650047591
-0.10659720798253296,-5.266325468044713
-0.10413913715772813,-5.263134300976199
-0.10179467368802446,-5.260031616841742
-0.09954683796933139,-5.25683566604871
-0.09754116928126712,-5.253594218897593
-0.09564778889209713,-5.250555716567344
-0.09373625902603165,-5.247549576781813
-0.0920724838728339,-5.244845282706361
-0.09016053806863526,-5.242066604447809
-0.08862858075699136,-5.239564355757916
-0.08693951692160737,-5.236870678811016
-0.0855924329642126,-5.234351194678129
-0.08415447259285498,-5.23185276292198
-0.08292469461062922,-5.229607949963525
-0.0815117152718381,-5.227458154224727
-0.08022113970437296,-5.225451092967337
-0.07896853316136868,-5.223490290398937
-0.077958024417758,-5.221528886846675
-0.07709530207983162,-5.2194590967386905
-0.07628051238285635,-5.217447689124715
-0.0754466436526224,-5.215426974210734
-0.0746604697260727,-5.213620647799785
-0.0743587877254977,-5.21178272982767
-0.07395284928805622,-5.2098372450178365
-0.07364567983759118,-5.20808455918991
-0.07352740213749709,-5.206476468106521
-0.07333684497622997,-5.204829015535614
-0.07308627031296311,-5.203259774811365
-0.07277459575739059,-5.201669976963585
-0.0727328808101974,-5.20040893975604
-0.07306492260574643,-5.1992589380843794
-0.07369945503599225,-5.198437462230798
-0.07412131866407365,-5.19717808752778
-0.07466352949243028,-5.196000018157976
-0.0748664938058507,-5.194744819701533
-0.07512083297742954,-5.193598033345785
-0.07573973577235875,-5.192499339430895
-0.07663635375258693,-5.191617717551033
-0.07732529525683371,-5.190718262763046
-0.07820037048090554,-5.189657585044481
-0.07891329332212797,-5.188444656425684
-0.0796781275256438,-5.187294900792172
-0.08045197702029377,-5.186266738209304
-0.08135397710934776,-5.185326996313246
-0.08251236655978378,-5.184699169252187
-0.0840474896052966,-5.18402171243723
-0.08556179724186772,-5.183308674507031
-0.08689698562312442,-5.182393867791317
-0.08783855578076019,-5.181749648572545
-0.08876795376338356,-5.181069137775301
-0.08976690979529375,-5.180405695841554
-0.09105152063180277,-5.180089546609532
-0.0926784416002651,-5.179927906178042
-0.09438220596644273,-5.179991517966749
-0.09592328604247724,-5.179857446293751
-0.0973791404654545,-5.179498443964888
-0.09875556697509111,-5.179030543820978
-0.1001863439680606,-5.178628697120112
-0.10195350867804538,-5.178638584552523
-0.10386209571032491,-5.178845864005921
-0.10576338075003211,-5.179011072672481
-0.10743130071173884,-5.179078997299856
-0.1090890380229252,-5.179046710474822
-0.110845116504814,-5.178942877937474
-0.1127924803686584,-5.178988896310672
-0.11483916582713766,-5.178892887326542
-0.11691577528597423,-5.1788333038579
-0.11882009550299072,-5.1786387685770325
-0.12063359036771411,-5.178514661065253
-0.1222822439054646,-5.178190487807949
-0.12391183512836541,-5.177851435551071
-0.12573618294928426,-5.17736130831786
-0.12736002765249535,-5.177247018867656
-0.12909559651919775,-5.177240596755571
-0.13088439001143973,-5.177192911518192
-0.13231286886654808,-5.17679172847602
-0.13354526636472408,-5.176257372492001
-0.13499262427918038,-5.175556370987875
-0.13653236587383472,-5.17494695288444
-0.137950824050017,-5.174187393215534
-0.13916518162361663,-5.173586078507372
-0.14013525666775714,-5.1727273949637
-0.14103155047409574,-5.171887926436775
-0.14201678235825532,-5.170979498271584
-0.14323205177796963,-5.170256627210396
-0.14438256791214382,-5.169415719643306
-0.1453517026893626,-5.168715431049314
-0.1461214907281405,-5.167844609206532
-0.14662594324352968,-5.166780685883173
-0.14709632221403393,-5.165669281824481
-0.14791211672400773,-5.16456779253303
-0.14851443694169192,-5.163207520709348
-0.1492272411669398,-5.161818982428542
-0.14993117786976526,-5.1602496532809745
-0.1505373887218752,-5.158561845985095
-0.15078524485108422,-5.1569383246387845
-0.15085512460427594,-5.155504810968308
-0.1507618887161935,-5.153857993996882
-0.15067925269347823,-5.152256520310609
-0.1507384262141459,-5.150545011268932
-0.1506629896429292,-5.148696487475051
-0.15037323216514403,-5.146729242973037
-0.14990931809312896,-5.1447389910247665
-0.1492454428175161,-5.142584042725619
-0.14869892408223637,-5.140456560194414
-0.1481515114065383,-5.138487330517185
-0.14750257477562786,-5.13634879055798
-0.1467659320185074,-5.134160593155034
-0.14570848338448258,-5.131571098637544
-0.14462217851621406,-5.128946640464068
-0.14364322302735252,-5.126437915034695
-0.14281040999367348,-5.1239574206687415
-0.14230439023547486,-5.121215740707569
-0.14140552884862956,-5.11818960398347
-0.14030842771949611,-5.115065807250916
-0.13900015647453912,-5.111947828901338
-0.13794692731468622,-5.109138527065325
-0.13682980298460146,-5.106460638453418
-0.13576825425927158,-5.103909859830938
-0.13483521824329925,-5.101514606226417
-0.1341047465495485,-5.099015547652963
-0.13316040849142688,-5.096474674159915
-0.1320171003160043,-5.0936930253288075
-0.13083900667704018,-5.090932255501073
-0.12965124613584356,-5.0881306228681265
-0.12870042222396114,-5.085615622726984
-0.1280210628414422,-5.083271824384173
-0.1272000949676522,-5.081027223281277
-0.12621144204762094,-5.078579790998015
-0.12519046263051714,-5.0761470668191695
-0.12406182032160101,-5.073508386861224
-0.12316366023420557,-5.071152439980932
-0.12256920866191097,-5.06903590027193
-0.12191994016867627,-5.066962141869769
-0.12106493933666083,-5.064717748079316
-0.12041269966672198,-5.062040123196643
-0.11974766354522555,-5.05937252072699
-0.11919252913704792,-5.056766583824849
-0.1189692008881846,-5.054374747493978
-0.11870546624764601,-5.052378196149167
-0.11820010704034323,-5.050570413782169
-0.1179915205503227,-5.049035474286316
-0.11783031151432832,-5.0473752708373825
-0.11758790445426798,-5.045838264885748
-0.117266804486157,-5.0444371489907365
-0.11713354178128649,-5.043205671240355
-0.11719376003945475,-5.042028361951338
-0.11731396542797347,-5.041201421264099
-0.1174097983372222,-5.040313081641881
-0.11735160887446185,-5.039552670859162
-0.11737844278549145,-5.038896397016856
-0.11755762574101065,-5.03828343167649
-0.11806576078123307,-5.037930267363742
-0.11832153688131433,-5.0378093742538965
-0.1186586305207354,-5.037563939411746
-0.11879880429054489,-5.0371229220424905
-0.11905227679801983,-5.036859466067925
-0.11941484831229457,-5.03651073470309
-0.12003240316696388,-5.036404755339233
-0.12067748219230964,-5.036268075740494
-0.12132846321697062,-5.036126729515556
-0.12186666723518162,-5.035930506696735
-0.12183958493186985,-5.035805564978754
-0.12231288170037694,-5.035584525704254
-0.12285650679950759,-5.0353745111509385
-0.1235243062972158,-5.0352625956149915
-0.1243295745486075,-5.034894522413383
-0.1254549860748564,-5.034682550829977
-0.1262545508636419,-5.0342131486421975
-0.12710930643527388,-5.03356463685076
-0.12769784829955977,-5.0329285721971875
-0.12845643387756633,-5.032426856219802
-0.12951646300565917,-5.031978996340764
-0.13077603096498486,-5.031710783650287
-0.1320783535453144,-5.031476308688188
-0.13333673828359324,-5.03113384826762
-0.1345786878951676,-5.03082259689529
-0.13589498339517908,-5.030464457316693
-0.13721393904640367,-5.0304012779370195
-0.1388107839719211,-5.0305174928343375
-0.14049387972289804,-5.03066089990254
-0.14189615059201974,-5.0308662323293944
-0.14322212692987638,-5.031011244914109
-0.14458370865900916,-5.031234220415063
-0.1460874198656704,-5.03165342511676
-0.14758359341504404,-5.032659189527852
-0.14897289254494347,-5.033357873644426
-0.15009460307867525,-5.034183381693427
-0.1510716947074395,-5.034942320864927
-0.15202091748066318,-5.035621665230192
-0.1531554075369235,-5.036156337417412
-0.15431156088189737,-5.036757213114663
-0.15527292942975432,-5.037321035332667
-0.15634595151697142,-5.0377380472392606
-0.1572262079813462,-5.037770512084452
-0.15791274159584126,-5.0375692668390615
-0.15851698784296908,-5.037227438332901
-0.1592751872519633,-5.036787814094008
-0.1601130881238293,-5.036444265257502
-0.16124618138927757,-5.035862928477748
-0.16222341005100932,-5.035151873411912
-0.16305583700729423,-5.034419509994903
-0.16354829982206648,-5.033198588961594
-0.16412947566426797,-5.03162277667505
-0.16483806331896717,-5.030008670758721
-0.16567656914288295,-5.028550767807335
-0.16659185970077459,-5.027153277966359
-0.16762471813421195,-5.025663900900748
-0.16845497190403266,-5.023929861124105
-0.16882824072013666,-5.021833499933922
-0.16925770644592794,-5.019692895345619
-0.16953291007681023,-5.017365881514199
-0.1702203543379614,-5.0153649982808455
-0.17064405502763194,-5.013569861580174
-0.17102209730128373,-5.011719413231056
-0.1710950556673278,-5.009626870363785
-0.17096668135033694,-5.007691288706155
-0.17050376900930597,-5.005329972484041
-0.17043634418141426,-5.0030010071196545
-0.1700970983955909,-5.000651428239468
-0.17004624300752344,-4.998648869403996
-0.169964630856491,-4.996611557341616
-0.16971111746993597,-4.994684073155908
-0.16922045656562712,-4.992470921908492
-0.16903388279808565,-4.9898622623238165
-0.16905152448337846,-4.9870936714165275
-0.16903114566091093,-4.984293174057274
-0.16895017234456622,-4.98155336796969
-0.1690408082150985,-4.978626342762991
-0.16874773720964825,-4.975394413694221
-0.16861034900160599,-4.972349432331547
-0.16878301674424054,-4.969299660299272
-0.1687867341514332,-4.966035289069825
-0.16863576985749323,-4.962625876363446
-0.1684574913735928,-4.959237456938348
-0.16809585965591714,-4.955745311207872
-0.1681743059896369,-4.95268280560755
-0.16847680665683068,-4.949444269685686
-0.16884154711697805,-4.946233445813126
-0.1690082338948718,-4.9428255849662275
-0.16921631155094918,-4.939384785992756
-0.1693524877827675,-4.9359008984969215
-0.16981770953055358,-4.932723239966567
-0.17001987314964578,-4.9297515319989325
-0.17056959161969443,-4.927119212856509
-0.17121569834932956,-4.924621280852963
-0.1717984083722546,-4.922172816603547
-0.17330625897205837,-4.918568302334539
-0.1747792330135009,-4.914921607777078
-0.1760751731201214,-4.911609841028776
-0.17746959104545437,-4.908474438072459
-0.17917819396666196,-4.905562782246398
-0.18103701315904847,-4.902989559252294
-0.18306389389131358,-4.900572577099632
-0.18477595075239658,-4.898307896666137
-0.18645775818872817,-4.896005610751706
-0.18820354238700798,-4.893685057976765
-0.18991206673309072,-4.891650123534089
-0.1918441123288017,-4.8898832457340635
-0.19401516378208825,-4.888411193447496
-0.19598052332719965,-4.886912696921241
-0.1982329681822782,-4.885758309391849
-0.20041793846727085,-4.88449084621825
-0.2027326043358114,-4.883469255504573
-0.20499524791981427,-4.88238557412522
-0.2074596286963453,-4.881655872421599
-0.20984886573994382,-4.880884844612291
-0.21262521238946086,-4.880599282321802
-0.2152967864848838,-4.88039588976973
-0.21846918061990708,-4.88059316041172
-0.22137197096930306,-4.880468232881939
-0.22421241492550417,-4.8803919737466375
-0.22779164928368922,-4.8794454594763605
-0.23141731621855183,-4.878563743603871
-0.23480590998149267,-4.878161155248928
-0.2378263896241236,-4.878047009041211
-0.2409974067978181,-4.8780538457058435
-0.24420485482370993,-4.87821813498989
-0.2473648808659609,-4.878426599358355
-0.25045019470896857,-4.878900543739888
-0.2533471665104697,-4.8791501862406665
-0.25617271828711297,-4.879270990359425
-0.25919253538276077,-4.879627758960603
-0.262508655837788,-4.880299465719155
-0.2659959601710841,-4.880983657671946
-0.2692388982968777,-4.881652310692907
-0.2721444430032512,-4.882013666300316
-0.27495616479968654,-4.88235192277402
-0.27778623192720203,-4.882778781312793
-0.28074979984732384,-4.883325838599109
-0.2836984722646838,-4.884103863065136
-0.2865445456565649,-4.884889824437446
-0.28929825189027286,-4.885650925966072
-0.29202055039296126,-4.886195066755865
-0.29438062909936946,-4.8867133513561445
-0.2966977094207895,-4.887258438091693
-0.29928242175642383,-4.887994276391959
-0.3008870276095608,-4.889907196947166
-0.302556376212294,-4.89189397011061
-0.3043136451544764,-4.894033605466401
-0.30588016955644326,-4.896321810767538
-0.3073618856043063,-4.898443624827943
-0.30875287332903734,-4.900471403649366
-0.3101085581140092,-4.9025261560468
-0.31151268077585426,-4.904638297443442
-0.31308011323829177,-4.906946549328556
-0.3144286234015384,-4.9094250746529
-0.31573375362287925,-4.911868546220783
-0.31699353951612164,-4.914257750635756
-0.31826757240889986,-4.916635178938473
-0.3197991486102836,-4.9192187848404565
-0.32109529538871145,-4.921521330270096
-0.3223106290107854,-4.9238861083431065
-0.3232147554070056,-4.926001144968936
-0.3243976045685119,-4.928448543133499
-0.3256325461039599,-4.930854691519233
-0.3270829187080125,-4.9334331800936155
-0.3281325768291576,-4.935533296549238
-0.3289626707112343,-4.937490912945947
-0.32891308181144785,-4.939818109392744
-0.32910208216596964,-4.942429729365716
-0.3293073657082148,-4.945306969029442
-0.32881934690971143,-4.949092411314959
-0.3282648756394983,-4.952824270039149
-0.3277313691219032,-4.956384017721062
-0.3272079638459871,-4.959689693844084
-0.3267589207641176,-4.963054534584441
-0.32610965172551537,-4.966375733972574
-0.3256745083325482,-4.9699542064904145
-0.3253943980874,-4.97333349951335
-0.3252795620636787,-4.97684107179316
-0.3250502933152289,-4.980225134898544
-0.32500176345771387,-4.983750859369225
-0.3247051836935404,-4.987082829794431
-0.324499657580209,-4.990559992780718
-0.32461428988532787,-4.994073440593481
-0.3247429829492186,-4.9977628467187705
-0.3249084211755991,-5.001481316462091
-0.32522257195909576,-5.00531162351902
-0.32546193887899905,-5.009135478159738
-0.32577439674669273,-5.0130173812961445
-0.32533467807156957,-5.017697262633085
-0.32457302934469595,-5.022380974962149
-0.3238950771601984,-5.027131189514948
-0.3235563397726912,-5.031883052696281
-0.3233909203480431,-5.036580013035682
-0.323220420091026,-5.0412728761730055
-0.32304148235028896,-5.0458604397581395
-0.3227928624680626,-5.050488412529222
-0.3222605661089335,-5.0548057318356605
-0.32224263810357984,-5.059204423433216
-0.3222986047688347,-5.063661966931939
-0.32236502021723773,-5.068217711884562
-0.3226677310583782,-5.072960193896845
-0.3230138500284065,-5.077737318510438
-0.3231389419359577,-5.082356416758246
-0.3234991397859892,-5.086913565901513
-0.32384605463853533,-5.091460285999409
-0.32421428133408164,-5.095843999806668
-0.3248100138188178,-5.1004002465188965
-0.3254390094146189,-5.104983102246032
-0.3259229219725265,-5.109718623683006
-0.326366250970384,-5.11432070649601
-0.3269581628381755,-5.119040782008196
-0.3266742886051113,-5.124320680760291
-0.32648366547881746,-5.129528977040324
-0.3262708010677387,-5.134773481908077
-0.3264771195178039,-5.140409231501309
-0.3267486387715565,-5.146304345148166
-0.3276855365787999,-5.151708522206149
-0.3284123743906729,-5.1568808742066565
-0.32908833285709,-5.161817149250561
-0.32982785085310123,-5.166830020044199
-0.3309853681131462,-5.172173717171844
-0.33197960509311697,-5.1776429586499955
-0.3333044313960074,-5.183510015972567
-0.3343540622733567,-5.189159627459335
-0.3355340639474996,-5.1947093730386715
-0.33667745186295633,-5.200139826934847
-0.33778521555948543,-5.205506879010506
-0.33895856242043276,-5.2108236479876044
-0.34010685762407233,-5.216154086152963
-0.34134455505540606,-5.2216666977207264
-0.3425593950263794,-5.227197243906454
-0.34376237527173187,-5.23264234882187
-0.3448677546417046,-5.2380453244354515
-0.3460697939061758,-5.243374640589032
-0.3474223688564304,-5.248822900494242
-0.3487271065807759,-5.254213674703529
-0.3495849146930872,-5.260180186810757
-0.35008078516403357,-5.2660964580716385
-0.3514266497111265,-5.271181549560042
-0.353185721039358,-5.276375667211665
-0.3550141264625627,-5.281622127851278
-0.3569179424770761,-5.286871720852684
-0.3586651289795624,-5.292099038458194
-0.36006592743160526,-5.297208762191631
-0.36140442501146164,-5.302293518639739
-0.36297023165788267,-5.307532233248784
-0.36444156735201755,-5.312956482966753
-0.36586662400372877,-5.318271720423797
-0.3669474838236097,-5.32327249899668
-0.36804206728344085,-5.328262941881536
-0.36891682863488906,-5.333001455088317
-0.3695842267353684,-5.337508139419299
-0.3700359884332495,-5.3421788456364085
-0.3706299608928523,-5.346935295495257
-0.3712445613496907,-5.351760379860103
-0.3717648700403111,-5.356500186169506
-0.3719457904084128,-5.360829618155357
-0.3718338333329565,-5.364929222428181
-0.3719903116181627,-5.368824875612951
-0.3717499189835645,-5.373422066412825
-0.37145243389351024,-5.377973921142731
-0.3718226749675729,-5.381458275191595
-0.3720091165015425,-5.384767936520578
-0.37190851076127357,-5.387634070062212
-0.3714282887045587,-5.3902030591394166
-0.3709379574421689,-5.392585410200855
-0.3699328499707503,-5.394506713153742
-0.36897119587311666,-5.396459325825332
-0.3682747091501027,-5.3982109341054265
-0.36760319572214445,-5.39994484630478
-0.36637087915605004,-5.401170922355516
-0.3648566815053214,-5.402078576656683
-0.3632181252194783,-5.402674000913694
-0.36170834222296394,-5.403392165196002
-0.36030550766093844,-5.404153827252566
-0.3586441260325147,-5.404830888474171
-0.3568950667647632,-5.405402048210088
-0.35490619237189897,-5.405941170338702
-0.35294973511444533,-5.4066182521778074
-0.3505888032659478,-5.406805428844492
-0.34793567456298935,-5.407394169620439
-0.3451848159778657,-5.4079068360171085
-0.34232241367968613,-5.408339518897739
-0.3394415721192804,-5.408781242184531
-0.33638696896763626,-5.409087540605065
-0.3331506940091452,-5.40939801375509
-0.3301933868565642,-5.408840546602965
-0.327216981683106,-5.40803561784728
-0.3242859795241624,-5.407145900549957
-0.32110906125084226,-5.40595799244396
-0.3178339170337568,-5.404695972441725
-0.3142976942896951,-5.40330780018646
-0.31058926074743304,-5.4017108377348935
-0.3066799909803412,-5.399803415784958
-0.303000655404415,-5.397904980344716
-0.29900982932657894,-5.39562861065784
-0.29529128030147567,-5.393306747316766
-0.29137993127787903,-5.390795418132964
-0.28753979860400486,-5.38837080490624
-0.2834325319718451,-5.385691926678454
-0.2793822577090055,-5.383018506624055
-0.27528316938244346,-5.380286095621842
-0.2714675374417671,-5.377359245670076
-0.2675478543853198,-5.374195495379859
-0.26352563776828253,-5.3708533514906085
-0.25920159819128846,-5.3674345509867685
-0.25508626342714197,-5.364269664343762
-0.25102742635319936,-5.3612469310501245
-0.24686576939612384,-5.358301664187876
-0.2429867004970911,-5.354509867246708
-0.23922536041757975,-5.350631299378377
-0.23537413061054796,-5.346930215410636
-0.23168966450788903,-5.343431913731133
-0.2280068359457347,-5.340339702494066
-0.2243107457936766,-5.337237127639873
-0.22080478265291323,-5.334383272960787
-0.21771870581246694,-5.331798062698417
-0.21465938982900737,-5.329236697124291
-0.21128027830025933,-5.326632039275686
-0.20761282646354548,-5.324072552638435
-0.2039448912328113,-5.32158308508611
-0.20080696343079424,-5.319586249503688
-0.19752239582131115,-5.317701712442162
-0.1942514849338146,-5.315805815073268
-0.1906728788999466,-5.3135713713154855
-0.187210160383094,-5.311247870033366
-0.183743710575263,-5.308996531142362
-0.18040405294772027,-5.306838360579709
-0.17746590155442993,-5.3042179261981985
-0.17452288440943392,-5.301868617231343
-0.17215747333047918,-5.299222462279113
-0.16976276183804676,-5.296573412667395
-0.16732160303451127,-5.293960188095551
-0.1647837112065208,-5.291272548779905
-0.1621362087010506,-5.288431196156102
-0.1593641793915791,-5.2856858757491585
-0.15688641377577545,-5.283261818202387
-0.1546564321952968,-5.281064359439136
-0.1523476358188396,-5.2789277815814355
-0.14999109160135174,-5.276767062284467
-0.14761298733653777,-5.274537631828803
-0.1451936469356105,-5.272356789619799
-0.1429941699502692,-5.270678642849763
-0.14095895042345433,-5.269128691007573
-0.13890305056860397,-5.2677445037848445
-0.13710054429506321,-5.266621134210397
-0.13502206735279287,-5.26554630642797
-0.1328417068737754,-5.264397501829048
-0.13081814843953288,-5.263135328719774
-0.12885727544225725,-5.261922046046984
-0.12692497812027878,-5.2606869526758695
-0.12540596003043772,-5.259954857923407
-0.12409238350990925,-5.2593830482833015
-0.12254939239597509,-5.258988502822614
-0.1208936299946528,-5.258510759637438
-0.11933418379332154,-5.258108084871429
-0.11775051982060486,-5.257630426977222
-0.11629810970092012,-5.257186772834323
-0.11486206327570075,-5.2567558182821275
-0.11351725709138584,-5.256652961626461
-0.11207388901189728,-5.2566597594911375
-0.1106512403381428,-5.256682607321945
-0.10915004519858018,-5.256750353338354
-0.10762225087193522,-5.256475397939688
-0.10617733309550809,-5.256264974565569
-0.10459762361025636,-5.255959331920357
-0.10304805721919283,-5.255765730158535
-0.10148087502878059,-5.255558266589303
-0.09991508292057104,-5.255637650146028
-0.09836823992753153,-5.255394127243258
-0.096859181201286,-5.2551799438358
-0.09516837690896147,-5.254747249101201
-0.09351411061151525,-5.254230914405176
-0.09140731582332035,-5.254141272357132
-0.08971286096438699,-5.254471543588358
-0.0877178999981316,-5.255034347795916
-0.08582794296246546,-5.255647314861247
-0.08373688320644743,-5.256109095887817
-0.08132393074433228,-5.256969843077232
-0.07884544817775264,-5.257473871485805
-0.07629634925173803,-5.2579226638706205
-0.07362836806310424,-5.258373041110055
-0.07094046374459642,-5.258747412896978
-0.06823901999902343,-5.2592866695701685
-0.06578695879934505,-5.260088459415383
-0.06335341069761587,-5.260441598941616
-0.06087431440263388,-5.260699174688695
-0.05818034352649155,-5.260755927986999
-0.0555283312219002,-5.260861317994084
-0.052863391727702214,-5.261097972224404
-0.05018924916861819,-5.261379704719701
-0.04760440245708301,-5.26157258876318
-0.0451745508228692,-5.261455971040369
-0.04285531883076061,-5.261425320665069
-0.04033573634265376,-5.261177581443778
-0.03763690837012251,-5.26089966006999
-0.034574424370269065,-5.261143784861532
-0.031394754550608625,-5.261330843232545
-0.028215270729714904,-5.261823045627818
-0.025239380562247008,-5.262524788497839
-0.02234261581682714,-5.263370743135067
-0.01905839507421257,-5.263742919500471
-0.01551907152259233,-5.2639706022970545
-0.011925512030034448,-5.263957058945963
-0.008522889643171598,-5.264177259588426
-0.005253855641290469,-5.264614670538967
-0.0021010722493326754,-5.265177477097481
0.001153364918814254,-5.2656158733828935
0.00439509744024584,-5.266019149848993
0.007724280364281361,-5.26618645532653
0.011220230428064725,-5.266149640512
0.014758204817883513,-5.26624529265897
0.018177477208936907,-5.266324001359788
0.02125798908373047,-5.266817770454197
0.024183035048794533,-5.2672462465777175
0.027157559020732826,-5.267582937972229
0.030539082396171244,-5.267659175517066
0.03390553539634461,-5.267747120129232
0.0371526962759395,-5.267742340017269
0.04053648527751332,-5.268226645812025
0.04379648608194438,-5.268915222512307
0.047165970784261435,-5.269510056587006
0.050524505270214425,-5.270151885173453
0.05346020510992453,-5.270313083718286
0.05670905729367164,-5.270012516604737
0.059577795466923655,-5.269659225778663
0.06221897482489477,-5.269514323095804
0.06467578490180316,-5.269560739384567
0.06727845995452839,-5.26944332183446
0.06980795745818594,-5.269474889695704
0.07238202438503502,-5.269328362400332
0.07477457809554924,-5.269258053922564
0.0768856131752941,-5.269350124547034
0.07896351581356963,-5.269416314918111
0.08121321385445218,-5.269314639748702
0.083414761617846,-5.269348930868966
0.08555160174114895,-5.269332679958203
0.08768761378672024,-5.269253711277605
0.08981709936220147,-5.26916149460755
0.09189463979249472,-5.269104274669098
0.09368048208091558,-5.269347213683039
0.09555430596098555,-5.269523071549151
0.09756646125541601,-5.269806541298192
0.09969927857094768,-5.2699288108960385
0.10183883785609871,-5.270096865056109
0.10378116877431254,-5.270111082792576
0.10510521504635592,-5.269572016467171
0.10609636489219075,-5.269290083245651
0.10718570205404544,-5.268834980709285
0.10835185345410583,-5.2682194642980535
0.1097668638588431,-5.267411779030592
0.11083457451834038,-5.266704528835908
0.11193918095192178,-5.265882780074581
0.11268515135417181,-5.265337987232804
0.11358309922567593,-5.264709659102895
0.11429790063436966,-5.26416030873372
0.11526686234265708,-5.2634146865141815
0.11610533710483861,-5.262635562282907
0.1169376946295158,-5.261836792618302
0.1175809949743541,-5.261196297039013
0.11828258962326221,-5.260579242248517
0.11872388735106193,-5.260069227981024
0.11927595138995273,-5.259596943591911
0.11992304219802923,-5.258882907020491
0.12070169308107737,-5.258252778226437
0.12146174032725457,-5.257606942205812
0.12173828578355991,-5.257026038227427
0.12203285844420257,-5.256431167793773
0.12239276673781603,-5.255709754676197
0.1223313610978112,-5.254586342326285
0.12228467585264856,-5.253343260937895
0.12201888375886458,-5.252325234984519
0.12151791926379417,-5.251123542167092
0.12092074598489108,-5.250025100496392
0.12027919390092247,-5.249143018711317
0.11977656098018725,-5.248125777831625
0.11957550672164644,-5.246875356514655
0.11919266011971535,-5.245785385053014
0.11852262671129699,-5.244748935477084
0.11749121417406069,-5.243991590732448
0.11660228593211935,-5.2432451729018235
0.11573901165807177,-5.242300602492559
0.11519292829227017,-5.241110612424215
0.11458020273190908,-5.239842999574345
0.11389606034875963,-5.238674813402902
0.11279645600280647,-5.2378276985999275
0.11148206414172347,-5.236674102410582
0.10968474812099813,-5.235849139104893
0.10800446124103041,-5.234933375195037
0.1063255847411582,-5.2339436772958745
0.10489915545503364,-5.2326436418363445
0.10329097322862478,-5.231484099302309
0.10150817419851434,-5.230188219697876
0.09949952553724553,-5.229169359267104
0.097355871458554,-5.2282547935506
0.0953346508485049,-5.227435877095836
0.0935049585618655,-5.226381663644475
0.09183156073335087,-5.225206243260284
0.0901580475970247,-5.224030741882111
0.08823627256932612,-5.2230851143125365
0.08626747941733857,-5.222282612787264
0.08442219083615536,-5.221638143098645
0.08233859643815707,-5.221285866045112
0.0805094650026002,-5.220859799856717
0.07835030704140719,-5.220609157618568
0.07635472056878986,-5.2201578463335885
0.07399249025372917,-5.219598333596666
0.07193098714836155,-5.218956335383198
0.06963446237630809,-5.21868609527689
0.06680815901301351,-5.217774013324466
0.0634736541662457,-5.217170725265807
0.06028100668174024,-5.216393553447555
0.05717543364320757,-5.215425217022795
0.05388808619568825,-5.214315135901832
0.05045223717610847,-5.213381366897534
0.046839185185186635,-5.212614630516985
0.04339906721730897,-5.211982799019408
0.03981601704984527,-5.211525606569586
0.0360770219207464,-5.211229114662731
0.03249233862083188,-5.211052978053184
0.028812611561011753,-5.210955443987382
0.02515733042432358,-5.21079059110699
0.021652185897204936,-5.210742694063442
0.018046510875255745,-5.210875105970184
0.014136539110938307,-5.211280639452944
0.010282722540795772,-5.211729915753411
0.006327600628950583,-5.212239241481081
0.00245143620492227,-5.212619944393062
-0.0013448748765482604,-5.21306267033134
-0.004984452098516555,-5.213416024684231
-0.009052738359555793,-5.214125387275213
-0.012894734521167734,-5.215010563115122
-0.017312792136983494,-5.215451629225618
-0.021926223833201655,-5.216131759476779
-0.026528090667908774,-5.21679384309668
-0.030937453165189834,-5.2172236547448865
-0.03499387800765363,-5.217996266521559
-0.03904699456776306,-5.218878615856145
-0.0430068355413825,-5.219941265912172
-0.04718643884688209,-5.221176609634746
-0.051403124357089554,-5.222561179724578
-0.05564997248412885,-5.223969461875272
-0.05961081134739477,-5.225367241817011
-0.06351401412290172,-5.226656170415233
-0.06728720903326267,-5.227843961551036
-0.07108150428911303,-5.2290682525206815
-0.07490689465988183,-5.230487772450892
-0.07865680888908153,-5.231848611216553
-0.08247782568991847,-5.233349013464976
-0.08635199031709419,-5.234607041609262
-0.09031167206159685,-5.235824433889035
-0.09414346148127546,-5.236903498706152
-0.09785221860896891,-5.237743020389883
-0.1015260642354265,-5.238431179102448
-0.1050757625299811,-5.2390889860300405
-0.10881213124020996,-5.239708202801961
-0.11243665972659092,-5.2403490450913335
-0.11645635081819407,-5.241298555274937
-0.12009758686928786,-5.241787880629167
-0.12320284937186726,-5.242927044344144
-0.1258808884086455,-5.24381843052016
-0.1285948227069705,-5.244833204447406
-0.13166011779234013,-5.246122487583538
-0.13463912237957654,-5.24747814136256
-0.13755623454677254,-5.248758703303289
-0.14026263158896568,-5.249874727175534
-0.143105379437282,-5.250885288992426
-0.1457049039088644,-5.25160024600398
-0.14844144238607065,-5.252422371338468
-0.15130909723097896,-5.253143080137002
-0.15434434891612864,-5.254067733853581
-0.15729443103763743,-5.254925909693721
-0.16004124160285246,-5.255940649882868
-0.16241647163940284,-5.256503985900643
-0.16461130495161463,-5.256926427615936
-0.16704193073124024,-5.2571669285389095
-0.16959860595479231,-5.257560762844806
-0.1721282775124423,-5.257933575188065
-0.1745422601593005,-5.258416210239995
-0.17687834906370437,-5.258812332181823
-0.17871891735202947,-5.258810915346185
-0.18077909575768678,-5.258640294489879
-0.1825625796881617,-5.259144262123924
-0.18401414385613046,-5.259245157261497
-0.18555201871052573,-5.259305912773068
-0.1868396422239921,-5.259253662731314
-0.18832815746160356,-5.259445303633791
-0.1895162669778517,-5.259340843924979
-0.19099156010718443,-5.25920766209877
-0.1921289726006069,-5.25867835673017
-0.19348542260469848,-5.257980422400202
-0.1945791791287215,-5.257076765636454
-0.1959377913156061,-5.256494360368571
-0.19720184841878868,-5.255984796351653
-0.1987516580163656,-5.255698835485834
-0.20032484322142124,-5.255441095597601
-0.20213131165302706,-5.2550038468758995
-0.20402906187467898,-5.254637929688565
-0.2057587596290562,-5.254067962178787
-0.2075113247256315,-5.253701584180504
-0.20946260911864248,-5.253583209322016
-0.2116605191898379,-5.2533776630885525
-0.2138940149591298,-5.253270374856207
-0.2162411726020023,-5.2532527002130145
-0.21838274102878633,-5.252985696311103
-0.22027543468036895,-5.252731976466577
-0.2221190320643666,-5.252581992874187
-0.223941084035347,-5.252488150145657
-0.22603060545079723,-5.252649813744318
-0.228125080350852,-5.252807778535143
-0.2303903968128642,-5.253117830843005
-0.2324869694839461,-5.253194725118361
-0.23449609372941937,-5.253023726281057
-0.23635460438287936,-5.252987740717429
-0.23848443250165588,-5.253132027171366
-0.24066415769635502,-5.253393476428716
-0.24296260237210326,-5.254015216670701
-0.2453936082787237,-5.254783629215671
-0.24772926046368982,-5.2553103536329955
-0.25009533658235406,-5.255976436361586
-0.2522127751656553,-5.256478402793901
-0.254325108085449,-5.25697635448148
-0.25673329927432725,-5.25756805154929
-0.25922449543288995,-5.258375612964356
-0.2619898314609313,-5.258763626070581
-0.2647240367884188,-5.259379115834899
-0.2673869384162277,-5.259908349382071
-0.2700141926856563,-5.260395236627952
-0.272709895255309,-5.26084510820329
-0.2753141117309749,-5.261176392032948
-0.27796711127254065,-5.2616666409986355
-0.2804714725187378,-5.262159034891746
-0.28304906398343693,-5.262809944000924
-0.28580920047336095,-5.263614719303047
-0.2886585220934948,-5.264597770507722
-0.2914484801232275,-5.26567522538686
-0.29389612234699075,-5.266413811781215
-0.2963271282758079,-5.267165030006108
-0.29880474523966666,-5.26802489377151
-0.3016392515878557,-5.269232422912259
-0.30424786507482265,-5.270612860091119
-0.306932887709856,-5.272026106837492
-0.3092285078905795,-5.2730704608670695
-0.3115510316729681,-5.274094075251236
-0.3136498065761014,-5.274920393600576
-0.3158186328712986,-5.275780519789653
-0.3179381239941163,-5.27667825620918
-0.3201768796817651,-5.2777196789405405
-0.3226612039227909,-5.278627985069017
-0.32484394644726194,-5.279410642415166
-0.3267199088063429,-5.28000112860754
-0.32828825237018466,-5.280604733658206
-0.32970895224916347,-5.281092289100991
-0.33119656444309936,-5.2815286032146895
-0.33288549079065755,-5.282208106542434
-0.33465477752979866,-5.282950826412328
-0.3362419557912721,-5.283832632706564
-0.3375295469985689,-5.284352738578669
-0.3386597753899179,-5.284749126191911
-0.3397507744319537,-5.285175402317141
-0.34088517274464947,-5.2856178323724885
-0.3420660213551774,-5.286066424693905
-0.3430602718965527,-5.286657424125235
-0.34385460851587724,-5.287087131486604
-0.34438306187548673,-5.287341188641751
-0.34493408580017904,-5.287577966308263
-0.3454153462149951,-5.287663602345393
-0.34568401653216774,-5.287506155150948
-0.3457653979720102,-5.287491747225536
-0.34550896233537326,-5.287262388166914
-0.3454886173311596,-5.287181233630737
-0.345201328714705,-5.287314907452858
-0.34495049911745823,-5.2874088156332695
-0.344764469053771,-5.287450234858673
-0.34420688648119824,-5.28780826129353
-0.3436608856463089,-5.287955182153401
-0.3429797636862233,-5.287990369834913
-0.34225873777483273,-5.287995625812686
-0.3414605914936716,-5.288023374431206
-0.3407365292206532,-5.288149604697971
-0.3401742312611682,-5.288330391909691
-0.3396659069654678,-5.288581111883892
-0.33894080539434496,-5.288560934288001
-0.3379241893586556,-5.288255441892328
-0.33675218254083306,-5.287823356400526
-0.33571636984003117,-5.2873572217697395
-0.3349952144980996,-5.287196760196098
-0.3342379024501767,-5.287080359215536
-0.33323431399659925,-5.286666460086253
-0.3318224724572904,-5.285931580814328
-0.3306069679523929,-5.285046687240347
-0.3293729409332704,-5.284139411378256
-0.3285183074392507,-5.283530398154355
-0.32767258157002754,-5.2829146363178054
-0.32688774545579724,-5.282372408513097
-0.32582506613580325,-5.281611750935349
-0.3245834571046028,-5.281090069111892
-0.3230513485435404,-5.280217442232456
-0.32129735350578364,-5.279731263770991
-0.31952184150255525,-5.279228149513002
-0.31797153768190306,-5.278838141853617
-0.3166451885893558,-5.278687608299401
-0.3152578079883949,-5.278435000184931
-0.31381607940718326,-5.278223997389664
-0.31224423455303646,-5.277848256560793
-0.31069851682178257,-5.2774897836492745
-0.3092736454010372,-5.277038875186755
-0.30789839168579003,-5.2766809151574785
-0.30661096596401216,-5.276416423757578
-0.3054712095843878,-5.2761855240346565
-0.30415016314224497,-5.275959556395679
-0.30276150148885794,-5.275651839350249
-0.301229095342738,-5.275121921110418
-0.2999879697779295,-5.274664115574143
-0.2987259105154322,-5.274181005043638
-0.2976152111241944,-5.273773714578162
-0.2961309614906622,-5.273506959437551
-0.29477262131661564,-5.2734990058942826
-0.29335105617916096,-5.273258072711627
-0.2919420046405015,-5.2730269957065605
-0.29052486212652423,-5.272473798598564
-0.2893965502107647,-5.271730239280002
-0.28818887544629235,-5.270924361268689
-0.28708306898161867,-5.270043277880179
-0.2860234504348604,-5.26921809139864
-0.28456021754200117,-5.268295701207153
-0.28325076955700396,-5.267445400933549
-0.28179075985809354,-5.266413038704972
-0.2803303449661192,-5.265297321939064
-0.2788922320430373,-5.264197872657718
-0.2774874027242008,-5.263138732421279
-0.27599525733989577,-5.261983549236145
-0.27445884448725105,-5.260828575241735
-0.2730107931257616,-5.259780558512558
-0.2714524877415775,-5.258650339544298
-0.27012614118455375,-5.257528030923091
-0.26862187305473306,-5.256190514967667
-0.2671474965642407,-5.2548396059656755
-0.2656263333074149,-5.253674736980598
-0.26411094096341015,-5.252514402480483
-0.262366976734816,-5.251350420452955
-0.2607895307737222,-5.250182957028707
-0.259040568944734,-5.248929536933468
-0.25746347519534646,-5.247749865928534
-0.2556353500163085,-5.2462664740766005
-0.25385998300255025,-5.244988204942139
-0.25197376980714253,-5.243406539516751
-0.25032474686198697,-5.242111921744402
-0.24861721852035562,-5.24072824826643
-0.24714817176147238,-5.2395318528173
-0.24527873376705328,-5.237831796349055
-0.24336626200185504,-5.2360498371832165
-0.24131229927697942,-5.2342110757783775
-0.23914977756561456,-5.23226480816654
-0.23696266658667273,-5.230309847876078
-0.23467168950177364,-5.2282765555743165
-0.23231154382874084,-5.226222418751314
-0.23036278266755006,-5.223973313259391
-0.22804225582528134,-5.221407632924698
-0.2254502828726079,-5.218553753566817
-0.2231160340522826,-5.215500974769099
-0.22070142931428566,-5.212444191313993
-0.21865563716011027,-5.209742376705093
-0.2167538190164321,-5.2069290834140425
-0.2146026970226891,-5.203895026748093
-0.21257790899760637,-5.20045382865949
-0.21058353319431242,-5.196523297158985
-0.20876167055900213,-5.192459121127207
-0.20684032588458864,-5.188376762111993
-0.20513141687127712,-5.18447046500854
-0.20313441392334167,-5.180786239527596
-0.2012297247743363,-5.177167795264273
-0.19922537564584022,-5.173479812305198
-0.1971437631145272,-5.169851126916748
-0.19485844387112336,-5.16606745841923
-0.19262072496091953,-5.162229854514621
-0.19052020436434744,-5.15874070542614
-0.188611493756314,-5.155483561513528
-0.18669428324100973,-5.152114987985717
-0.18491760716456965,-5.14885818550046
-0.18263681830869477,-5.145271932641717
-0.1803753983961681,-5.141700933200732
-0.17811719867177808,-5.138247718286635
-0.17600497257943973,-5.134980395779746
-0.17398779038519815,-5.131807965737139
-0.1718402422024815,-5.128700068804441
-0.1700751638501042,-5.125219685680539
-0.16836707678291826,-5.121784268759969
-0.1666562518590564,-5.118351171148224
-0.16508331098231413,-5.1149977389185395
-0.16342908167217488,-5.111618380558138
-0.16181738156699457,-5.108243937718739
-0.16038370495173515,-5.105022645377344
-0.15892710465399382,-5.1017833025986254
-0.15762362782817793,-5.0989018728633
-0.15622074485960333,-5.095691640716078
-0.1547423192552135,-5.092421848914929
-0.153344438738502,-5.088960343978404
-0.15206836598892798,-5.085438992958639
-0.15063006587490452,-5.081789622324416
-0.14947661690125943,-5.078444586658748
-0.14821971897654887,-5.075035755542295
-0.1469805645701107,-5.071640804491894
-0.14582268726249625,-5.068373425312786
-0.1445273161500363,-5.0649262964567265
-0.1433126305742079,-5.061542756236403
-0.14218083258447037,-5.058168470542013
-0.1407913807658527,-5.05514316765694
-0.13955153943945978,-5.052235969097483
-0.13846991853702392,-5.04955489428183
-0.13745012439562437,-5.046726423338961
-0.13647583038429975,-5.04386080710687
-0.13533036357584324,-5.040796003865366
-0.1339975342595236,-5.037877780547538
-0.13296135235626247,-5.035237876478154
-0.13173005084408967,-5.032950401181246
-0.13059291494004366,-5.030955844141848
-0.12928248894273722,-5.028987807663076
-0.12809371622265606,-5.027115988400864
-0.12695146926517736,-5.025164216176044
-0.12602372628184283,-5.0231781588073785
-0.12491591243515929,-5.021019985422505
-0.12369812455265401,-5.018905854858254
-0.1222132102077043,-5.016629080908451
-0.1210102149466783,-5.014602277446008
-0.11998654033625511,-5.012862834095281
-0.1189883151987784,-5.010950939986691
-0.11782691887191446,-5.0088421111109795
-0.11673468559584659,-5.0068837367136645
-0.11539618808665658,-5.0047306634232065
-0.11448888190966809,-5.002817878841879
-0.11360754203315494,-5.00102072408874
-0.11281433656656295,-4.999142898204813
-0.11192337042037155,-4.997137889065598
-0.11122411738158627,-4.994916292782936
-0.11048070923170622,-4.992667483852789
-0.10931914724776838,-4.990746851414375
-0.10794760626339174,-4.988874218941886
-0.10670597390872857,-4.986907896973926
-0.10569580900551535,-4.985220896114374
-0.104968705191194,-4.983582803212733
-0.10407171128708823,-4.982009310458351
-0.10279342013139142,-4.979975734628797
-0.10142102134115767,-4.977841874617418
-0.0999115056985348,-4.9754627789682955
-0.09870369782709588,-4.973447715918475
-0.09782334093459273,-4.971589171942435
-0.09689542026287067,-4.969921711465227
-0.09591397219102014,-4.9681896789069375
-0.09493986744136677,-4.966503813157001
-0.09376032444690088,-4.964686795428332
-0.09258758480007316,-4.962877989472691
-0.09158864361888713,-4.961332261288454
-0.09073730558033179,-4.959880142530186
-0.09021992989444529,-4.958769653088427
-0.08961734177795558,-4.957591684169325
-0.08901243555176064,-4.95639700491292
-0.08811718692631251,-4.955282605998022
-0.08727206266159482,-4.954126875742947
-0.08626404188211405,-4.952852232464515
-0.08509641274250614,-4.951929304500411
-0.08427496431691846,-4.95135287591836
-0.08320469779257561,-4.9507950879216
-0.0821646343656845,-4.9503506972937315
-0.08097217312098916,-4.9498178484098245
-0.07971195926771955,-4.949226663868127
-0.07846038488896703,-4.948500512223329
-0.07719852940255392,-4.947891561768621
-0.07618816435363299,-4.9475358658194235
-0.07517387243104888,-4.9472847546301395
-0.0739439742768314,-4.947069458482025
-0.07271019843119005,-4.946849367926827
-0.0714061064444163,-4.9464337017753515
-0.07040021288156784,-4.946157146558521
-0.06955352860599855,-4.946072661384131
-0.06890652794286578,-4.946090209825907
-0.067938125530394,-4.946052193505186
-0.06707904655302721,-4.946146047443947
-0.06621008019349574,-4.946249416051783
-0.06532729626414098,-4.946341791861867
-0.06441586866832795,-4.94635419282623
-0.0635479518601054,-4.946298989227598
-0.06273004533416761,-4.946283334503624
-0.06198034832112353,-4.946452519212102
-0.06115218967845774,-4.946949079510176
-0.06011671122977517,-4.947281495223085
-0.05924304746217002,-4.947635159306964
-0.05830245057536501,-4.94763768826862
-0.05735631950218947,-4.947635823991387
-0.05623250406591037,-4.947450364424541
-0.05506211218101197,-4.947429610730535
-0.053969090720767575,-4.947470046018413
-0.05291634981618829,-4.94794619495795
-0.051843734669765974,-4.948430858677209
-0.05108366473897395,-4.949162726864532
-0.05028262483615066,-4.949732121939805
-0.049447393633290204,-4.950389653804271
-0.04869312414025609,-4.951111124301007
-0.04786724350651181,-4.95196051754338
-0.046932086337391654,-4.9526831380155025
-0.046276544858599715,-4.953666001537212
-0.04573093158458312,-4.954692566291797
-0.04502545477735769,-4.955946769375087
-0.044229765341473805,-4.957060336930934
-0.04317541527423719,-4.9580605488350775
-0.042102916114991604,-4.95904625495548
-0.041127361975991115,-4.960253663738868
-0.04039421199438528,-4.9612701413565246
-0.03988264353804655,-4.962543311141112
-0.03956076083519569,-4.963932464833376
-0.03922775231726526,-4.965200833044152
-0.038602496951210326,-4.966238263219989
-0.03825217445054911,-4.967282446386957
-0.037822958595196694,-4.968251766861411
-0.037484312195908566,-4.969217337526629
-0.03721528619936507,-4.970267133156847
-0.03708723628664423,-4.971334170670715
-0.037041088509453965,-4.972363641397747
-0.036759013327378465,-4.973107723012383
-0.03636773156777347,-4.973836458383869
-0.03605974298307491,-4.974425218363234
-0.03600955127241603,-4.975325890855108
-0.03610846161332974,-4.976359986843361
-0.03626945663392686,-4.977539699385944
-0.03613484651757917,-4.978361740345687
-0.03573657381280844,-4.979132422287258
-0.035323214972126295,-4.97969303122495
-0.03459265201871622,-4.98074085622719
-0.03388551769024587,-4.981759038967017
-0.03355402411827818,-4.983073703347254
-0.03322451541104943,-4.984386819567359
-0.03296859926921717,-4.985789039095327
-0.032447272532337694,-4.986981913106857
-0.03184994039954015,-4.98823461093521
-0.031198529834652933,-4.98936598679882
-0.030920737420878336,-4.990629108524738
-0.03057326946969781,-4.992036143304892
-0.0303204737475495,-4.993772372170467
-0.030022429019667667,-4.9954053822445355
-0.029812297014629317,-4.996969253321516
-0.029447653728659744,-4.998384245147612
-0.029144748481613806,-4.999888294072554
-0.029069768719654176,-5.001213165207256
-0.028829322959688597,-5.002409196374256
-0.02849480212600909,-5.003528803187978
-0.028275680844154633,-5.004782000342646
-0.027912813583878003,-5.006135501456918
-0.027227722521163032,-5.00717435712242
-0.026526564728202032,-5.008031601926261
-0.02602316891410196,-5.008945815186208
-0.025624764389133508,-5.009987364248275
-0.02527466539985566,-5.011137171558293
-0.025103457092892193,-5.012043824443152
-0.02464067128696607,-5.012685596022038
-0.023997359899487473,-5.0130763430078895
-0.023666038253537042,-5.013434290412242
-0.023226473565417786,-5.013661090909435
-0.022906349150399203,-5.014024543581304
-0.022434488400174833,-5.0142892121595635
-0.022015513613166806,-5.014618046639419
-0.021368843816832205,-5.014852160598296
-0.020957852981538058,-5.015090983762214
-0.020394436669202754,-5.015145071391485
-0.019928288345756683,-5.01528828568501
-0.01936231253442836,-5.015442453263025
-0.018799488237257005,-5.015600488929907
-0.018140397862453375,-5.015776671762121
-0.017402911887100855,-5.015987577583425
-0.01660570516543074,-5.016126122105081
-0.015804151826533303,-5.016190552636406
-0.015003747783405135,-5.0163481748737295
-0.014049322393826174,-5.016261810378836
-0.013191142787799254,-5.016272331451706
-0.012299138500284407,-5.016256267267311
-0.011432949400576927,-5.016364622456722
-0.010520646989180638,-5.016258403271434
-0.009820623999168289,-5.016207230601936
-0.009687849717733794,-5.01588180518727
-0.009473115269421751,-5.015505484462768
-0.008836060940104078,-5.015055960890046
-0.008086868772749787,-5.014557003498557
-0.007404896748205836,-5.014139590401263
-0.0067824979468994046,-5.013906127096852
-0.006518800557010903,-5.013754631350907
-0.006062236425468717,-5.013425776174947
-0.005389270016931902,-5.013267118476176
-0.004542895667510821,-5.012909785763876
-0.0038902526913524764,-5.012572696534364
-0.0034142515621590993,-5.012236228452018
-0.002776773362171817,-5.011886611344774
-0.0022601772625580395,-5.0116449972242485
-0.0018716446220525121,-5.011111721128117
-0.0012846446603959354,-5.010476103307602
-0.0009195455523692644,-5.009910078423701
-0.0005035273997527538,-5.00928227907492
3.0228046410082248e-05,-5.008522396562113
0.0005258166372275324,-5.007565822199538
0.0006272609138489479,-5.007087373834184
0.0004029406585736895,-5.006547229247464
0.0002152000554808815,-5.0060771693332695
0.0004125059543354469,-5.0053205980974935
0.0007216010649956371,-5.004476028994588
0.0008958580050342165,-5.003525284704323
0.000648053092360093,-5.003086435061996
-7.280321565737077e-05,-5.003019873322572
-0.0005167892558076956,-5.003171254121814
-0.000856149309512619,-5.003195729830888
-0.0008609414203277734,-5.002956851452543
-0.0007726324665018769,-5.002791242078851
-0.0005072686497285335,-5.002410891076956
-0.000655664256559152,-5.002356229934588
-0.0006954408315757062,-5.002387062816363
-0.0010284405218710779,-5.002773526198049
-0.0012042976332273254,-5.003036295485029
-0.0012854624630180066,-5.003373597223862
-0.0013013579809381867,-5.003562297858736
-0.0014950768593377612,-5.003608496230963
-0.0018578782791334187,-5.003521614245591
-0.0024064690351474362,-5.003651437532236
-0.0030827563962474735,-5.00391514455342
-0.0037534487976994537,-5.004163577693152
-0.004339793628072542,-5.004390714297648
-0.004825856801882632,-5.00449624843861
-0.005253057575155964,-5.004506600070071
-0.00578526778365005,-5.004526344165883
-0.006371133957095494,-5.0045710722797745
-0.006968123298200539,-5.00460703283137
-0.00727042630179109,-5.004411002953521
-0.0077052352231683835,-5.004375646666262
-0.008226398169454753,-5.004272350892597
-0.008929292506619162,-5.004312134391966
-0.00938107713863697,-5.0040474605563885
-0.009844897393192291,-5.0035711443754725
-0.010238479693856198,-5.003108007435235
-0.010953486230142613,-5.002960182309238
-0.011716275330792822,-5.002774778127442
-0.012628979948212373,-5.002704707004438
-0.013301460000735493,-5.002408748811324
-0.013924996493652772,-5.002151299514039
-0.014625279754254053,-5.001978947687752
-0.015232023558434822,-5.001693205097637
-0.015717216259740006,-5.001663935452216
-0.016163160118927815,-5.001924012012544
-0.016722212364509367,-5.002448476299561
-0.017275366757347685,-5.002992278451419
-0.01781616757353531,-5.003545774425622
-0.018257711364836067,-5.003947097675201
-0.01848341400690969,-5.00407198950077
-0.018520015518320672,-5.004345575092476
-0.01871587889596874,-5.004823298174222
-0.019103582417705368,-5.00535058589074
-0.019490836772625864,-5.005907581452329
-0.019825527458290384,-5.006549608341193
-0.019878174225842694,-5.006895816258732
-0.01977198417204837,-5.00701667547199
-0.019918658455796257,-5.007174211223448
-0.019931992754899822,-5.007582119775628
-0.019954067316887553,-5.007996888522846
-0.020235230967394505,-5.008513329178932
-0.020619463983179525,-5.009178551502829
-0.021045400708161903,-5.009876605921193
-0.021267154005650712,-5.010339886141905
-0.021071420480214348,-5.010831503573232
-0.020960315703170675,-5.011323706706463
-0.02097461585691953,-5.011676048713874
-0.021120521438915622,-5.012257073586631
-0.021035881377191396,-5.013079687802667
-0.021022150428285907,-5.014127753476638
-0.02088869029603969,-5.015039215875674
-0.02053640836417672,-5.015965965648475
-0.020235081778389317,-5.016851368888965
-0.019996541327508402,-5.017789151185648
-0.019664934032056654,-5.018827823881819
-0.019317023745448803,-5.019902345562851
-0.01913391343778469,-5.021184733323482
-0.01911496851621394,-5.022635328711461
-0.018897159320812436,-5.024242046512423
-0.01869831973500867,-5.025834385158614
-0.01830364080218368,-5.027242648619208
-0.018026705322052323,-5.028558330421526
-0.01786763737394093,-5.0300569990123964
-0.017939047463625644,-5.0317909651814405
-0.018013040127074127,-5.033724336854052
-0.017887828795768487,-5.035415860100621
-0.017368822384249544,-5.036797591754025
-0.016903915703722055,-5.038136792485523
-0.016272707497149833,-5.039693503940482
-0.015877446978849415,-5.041470779603322
-0.01562381805467386,-5.043488513758654
-0.015344355362092684,-5.045521086959625
-0.015282726187685851,-5.0478179268066325
-0.014953558256896756,-5.049904445271193
-0.014660172545076892,-5.051962823775974
-0.014001958172105356,-5.053578100733957
-0.013689521824833429,-5.055464789482688
-0.013305190598892078,-5.057407713795184
-0.013245566110850345,-5.059757407027142
-0.012977778895337381,-5.062215368604879
-0.012812394932498935,-5.064774065868427
-0.012339523974179839,-5.066958923382167
-0.01186194680032049,-5.06913854333156
-0.011456271017718489,-5.071344374737232
-0.0110486575780942,-5.073547529914098
-0.010663632603322048,-5.075902616445491
-0.010172267978384731,-5.078273564214487
-0.009684283700006974,-5.080719446206791
-0.009338502105666282,-5.0830537030923555
-0.009344656297881572,-5.085663589873742
-0.009109028431260942,-5.087979129984605
-0.008358943013949644,-5.090925668961649
-0.007261786552478276,-5.093704384818862
-0.006302480958808582,-5.096676238939034
-0.005715518232943709,-5.099567578344848
-0.005016667122838836,-5.102560733170036
-0.004476921088971924,-5.105678329259086
-0.0036233030445358624,-5.1084137040080755
-0.0029407711714918637,-5.111015065631728
-0.001809991160658917,-5.113265497763353
-0.0008319893704164563,-5.115701882082712
0.00016465134156283417,-5.118152831933009
0.0010406652869908598,-5.1206980872663
0.0018424765137195782,-5.123333656468202
0.0026264490800122615,-5.12578833990995
0.003577038450680572,-5.1280464490284325
0.004694595086059292,-5.13009346612639
0.0059263849472191085,-5.132116855751463
0.006898361726455423,-5.134224337536591
0.0077779101527333016,-5.13643387232074
0.008471367239444593,-5.1386945509391415
0.00931987887543915,-5.140844711621818
0.010441251472358025,-5.142689067782404
0.011636045423422049,-5.144428938236736
0.013373508189159652,-5.146861474302391
0.014931698502725086,-5.149468206397053
0.016272775756964487,-5.152247562885096
0.017739795488552774,-5.154924149378548
0.018843063784193665,-5.1572411025951554
0.019943055007703655,-5.159524551893228
0.021392303084220674,-5.161480516685355
0.0228265316166414,-5.163424774955549
0.024644160875097167,-5.1650022092475725
0.026179298436068494,-5.166851564409485
0.027364931764493828,-5.168427986525797
0.028217801979678943,-5.170351828727564
0.029480837946294317,-5.171900387678178
0.030794309111707795,-5.173488376161504
0.03244000701831306,-5.174738295113981
0.033854790334594896,-5.175807895344764
0.03538497935268478,-5.176788029387438
0.036774985452372205,-5.177931684810929
0.03799751801663999,-5.178944569775897
0.03925050192582217,-5.179944040053726
0.04060340202340294,-5.180857215835834
0.04187207647808379,-5.181704600403756
0.04325571124427441,-5.182392659627868
0.04513900276612204,-5.183309078855852
0.04696711658530222,-5.1841699211759735
0.048873113101919635,-5.184820424150843
0.05058366080994686,-5.1857105404202395
0.051650827408175,-5.186047171210705
0.052651158097030075,-5.186331531617118
0.05373617798742408,-5.186485853250846
0.055122285539625164,-5.186359179411857
0.05633695410313071,-5.186098419224647
0.05763886251664381,-5.185790632472093
0.05861684555416786,-5.185817929168723
0.05966713682805968,-5.185901597970375
0.06044267693604537,-5.186200748606317
0.061466311553144005,-5.186283284260794
0.06231407891524219,-5.186228293014294
0.06341081795743547,-5.185922507233527
0.06445586339039948,-5.1856206714425905
0.0652879505743809,-5.1853194113243495
0.06578312859973656,-5.185430660679975
0.06646582194094493,-5.185396269753516
0.06711969613975467,-5.185339246123337
0.06787041717848247,-5.1850985397989025
0.06857023793061036,-5.184779983287021
0.06935440227663399,-5.184489896689703
0.06984134685526606,-5.18429396809534
0.07043907465451348,-5.184280962093917
0.07104549061447075,-5.184308269119235
0.07104406474463999,-5.183570609307418
0.07102500500720686,-5.182580217063135
0.07084748972755882,-5.181709763390147
0.07055270131300793,-5.1809081868143725
0.070472951042679,-5.180274703542418
0.07056923912578474,-5.179504348386896
0.07029886923585418,-5.179182750738121
0.0700284697164112,-5.178861117845844
0.0693400371423296,-5.17886437595769
0.0689123201251881,-5.178548468281314
0.06856912417873197,-5.178298650992312
0.06855129914596632,-5.177795867115743
0.06835444946494132,-5.177512149935491
0.06820124931374437,-5.177262553593168
0.06770664416637918,-5.17727835177441
0.06728664922415097,-5.177319863737209
0.06675546706107581,-5.177273658745396
0.06638716595386214,-5.177100786878756
0.06632338510485795,-5.176893672540912
0.06627905761093862,-5.176656368353918
0.06606461876235521,-5.17655131976059
0.06548600849226961,-5.176003646655839
0.06460242562618108,-5.175829142854006
0.06332936528223125,-5.175200040965483
0.06199242540672674,-5.174620622203818
0.06090094192470206,-5.173934464532215
0.0597378267190257,-5.173274451250232
0.05848915957912856,-5.1727707294251175
0.057269441146633855,-5.172315153720473
0.05578958158693073,-5.172177790504155
0.05420575021210728,-5.17206185553386
0.052423989687041976,-5.172244963213676
0.050775002466823704,-5.172338274704279
0.04931801226979771,-5.172282226641367
0.0475293108738589,-5.172430337590321
0.04553158594887674,-5.172739395966454
0.04347796329185082,-5.17330831915685
0.04153533500800229,-5.173776716941242
0.039608026000210225,-5.174290396409494
0.03763790502686638,-5.174562847068026
0.035472496393866536,-5.17487579926697
0.03333931859947181,-5.1750814087950054
0.031028621330442346,-5.175353431342119
0.028727225349385363,-5.175587992648384
0.02651268358687903,-5.175799020630593
0.024427863986252747,-5.176111216951191
0.02242542595141719,-5.176312337697256
0.020538518660606755,-5.176612556059492
0.01845449417130465,-5.176758836605169
0.01625686417133236,-5.177053476393177
0.013874561595840692,-5.177496640973871
0.01181775510272594,-5.178193585170744
0.010119241922717648,-5.178522153435249
0.008418896636270169,-5.178861365224715
0.006542066898850816,-5.1790628138899235
0.0044795435874984075,-5.179451383365104
0.0026622259465460194,-5.179542211964137
0.0006548903451045631,-5.179484769706517
-0.001134686905681344,-5.179244165315053
-0.0027571216797507157,-5.178936782232878
-0.004532331581146714,-5.17851029599014
-0.006459847661027225,-5.178185956194567
-0.008408358001556747,-5.177854922145584
-0.010555739584520761,-5.177335851122723
-0.012720740493914402,-5.176556852477299
-0.015046564361581145,-5.175973980561994
-0.01699974822586545,-5.175274767654052
-0.01924101978494299,-5.174575537818625
-0.02143694925297357,-5.173820950607355
-0.023677034289825073,-5.173105752776514
-0.025972716300248833,-5.172207782339891
-0.027765773305350166,-5.171640561912587
-0.029525108382140532,-5.171032033921585
-0.031169429685396946,-5.170513153206774
-0.032789620705257136,-5.169975305221157
-0.034493212020164296,-5.1695388834436065
-0.03618555818880591,-5.168816222189598
-0.03773677967867159,-5.167894838246656
-0.03919211126548651,-5.166773603643458
-0.040447017936159894,-5.165576833263399
-0.041657765769414754,-5.164405142952405
-0.04253828036281578,-5.162957455393558
-0.043578377870599504,-5.1614857113743
-0.04479894943132699,-5.160154867307978
-0.045371493768006275,-5.158255590032346
-0.04565212637267657,-5.156252485305158
-0.045891594642851335,-5.153999760437749
-0.046437320506562706,-5.151812421026276
-0.047160020806035104,-5.149711047229919
-0.04788204368134252,-5.147885018529439
-0.04822105871117383,-5.146037587111139
-0.04856869495405468,-5.143944435124622
-0.048716308362488914,-5.141766884902364
-0.04888826882116782,-5.139618799880256
-0.048918429005477236,-5.137643871478353
-0.049113713299389586,-5.135713349949698
-0.04952607175511548,-5.134046683989968
-0.04997185587489851,-5.132250759537235
-0.05031783095839656,-5.130414550353755
-0.0503916583501418,-5.128247340596836
-0.05025392182499668,-5.125972903515772
-0.050355324269884,-5.123626068163618
-0.050872625819532225,-5.1217845013744565
-0.051552362973413,-5.119845228947322
-0.05208604087104292,-5.118030976963138
-0.052391018029303314,-5.115938595786893
-0.05259378327917091,-5.113658409227124
-0.05252945985066583,-5.111396898040896
-0.05259525019865839,-5.109250486110261
-0.05337415918113641,-5.106856952210261
-0.05391380587873409,-5.104408801687859
-0.054540118724988845,-5.102065817429456
-0.05518195209327319,-5.099734927880115
-0.05555898585672174,-5.097316132367874
-0.05548008786283828,-5.094815223706467
-0.055465485223007906,-5.0919747418471415
-0.05591491522063654,-5.089585651788102
-0.05632153378166649,-5.08738942074176
-0.056932248248967934,-5.085397003276492
-0.05735828065146284,-5.083200665405593
-0.05751810149799337,-5.081023026793153
-0.057952032448659076,-5.0788528505167045
-0.058261744807358844,-5.076531955684943
-0.05860877346377373,-5.074129511027868
-0.05893519301609008,-5.071693914526358
-0.059357888507689985,-5.069375020675308
-0.05970741411922051,-5.067259847613864
-0.05990345367548651,-5.065169362495568
-0.059958877973375756,-5.06290840267289
-0.060025861345720376,-5.060523660543912
-0.060338226601886834,-5.058159552725254
-0.06129285581839905,-5.055402298086608
-0.062278067843503926,-5.052783993471928
-0.06307375610397149,-5.050115127190259
-0.06402961867529729,-5.047640448573334
-0.06481425280515249,-5.044905503858706
-0.0659502771443056,-5.042178685007417
-0.06685527584168224,-5.039477987096368
-0.06784470686738782,-5.036896542171165
-0.06870689246654857,-5.034138229113427
-0.06963662262119609,-5.031461637775748
-0.07024442717121124,-5.028785627773548
-0.07111227896913344,-5.026147473069239
-0.07176512413026007,-5.02324910079168
-0.07279325858409257,-5.020360144327925
-0.07376612771647358,-5.017340218344521
-0.07475299404535322,-5.014337190635463
-0.07557599693995148,-5.011361409086686
-0.07645047837675349,-5.008463991736527
-0.07756572200829201,-5.0058140313632045
-0.07859941141504392,-5.002990576716649
-0.07968836235001713,-5.000008740331107
-0.08057613428560971,-4.996778587732238
-0.08135114919028767,-4.993699104481844
-0.08213819472544323,-4.990598965974422
-0.08335891614834597,-4.987293124432886
-0.08456878516974173,-4.984087211484472
-0.0859661430117528,-4.981099128049566
-0.08750616930723634,-4.977842635622653
-0.08863817303596125,-4.9750696640038266
-0.0896338572824372,-4.97240188650906
-0.09052795245351995,-4.969716690451635
-0.0911763747468257,-4.966837018504655
-0.09210759775728367,-4.964246707274552
-0.09342304771525106,-4.961795226931745
-0.09466938217445084,-4.95961969315985
-0.09560446439080045,-4.957068808092752
-0.09646114061960592,-4.954419281423215
-0.09713192610929096,-4.951657237645081
-0.09794393197091933,-4.94906548650745
-0.09883853969779455,-4.946599242112506
-0.09992600792961365,-4.9444957496519555
-0.1011658625416909,-4.942576081289726
-0.10252581591024915,-4.940614641764407
-0.10380352524373958,-4.9386051266813
-0.10493553830540263,-4.936420198848646
-0.1058606614277223,-4.934250784069984
-0.10707289343815926,-4.932162670304145
-0.1087412823665167,-4.930624065067299
-0.11100434076844319,-4.928544609728003
-0.11322460551530682,-4.926605358176074
-0.11465211174495303,-4.9250593596631305
-0.11601454437741214,-4.9234618020342165
-0.11745697479596505,-4.921801339547974
-0.11926663084551012,-4.920526206227544
-0.12137269397660132,-4.919413924784079
-0.12326799153997776,-4.918448542498797
-0.12508953753036103,-4.917577789333565
-0.12686289556711336,-4.916632270637689
-0.12877590012886186,-4.915576891144986
-0.1308696728958926,-4.914777248024538
-0.13337146204190883,-4.914331953353019
-0.13574014063379683,-4.913938682401038
-0.13825130013485015,-4.91374568893112
-0.14066893149702903,-4.913321842835111
-0.14314261271066217,-4.913076111414533
-0.14579161946692024,-4.912314750104499
-0.14864704169289364,-4.9117178380950435
-0.15148945308265468,-4.911131044036191
-0.15432382742880346,-4.9105768147377935
-0.15739694457545794,-4.9102611742358055
-0.16034884806027427,-4.910040667021009
-0.1633235973550972,-4.909852765247719
-0.1663289697298452,-4.909676779136969
-0.1693650253212421,-4.909476554053159
-0.17238727623196715,-4.909984293936627
-0.17577616988367506,-4.91078426685722
-0.17902011313292987,-4.911522720814399
-0.181949770757842,-4.912365957092887
-0.1849131525155708,-4.913236200051454
-0.18803035291229112,-4.9142298805730285
-0.19134635838147457,-4.915357125212006
-0.19504979180031393,-4.916793385263017
-0.19856707119110495,-4.918191351789192
-0.20206752885534282,-4.919777976931982
-0.2053553931969841,-4.921195173416155
-0.20887823473265765,-4.922641993223113
-0.21244018954031654,-4.924182043588286
-0.21652823785399347,-4.926141855895923
-0.22049816750338808,-4.928186424752676
-0.2247198693591331,-4.930457433492118
-0.2286441050160743,-4.932375834233131
-0.23243909064447232,-4.934112526700804
-0.23602160624429763,-4.935767564201981
-0.23986795422829912,-4.937633270064992
-0.2437813446712831,-4.9396758743256655
-0.24783833310876352,-4.941652904971891
-0.2518375463073975,-4.943638058542671
-0.2555445529993514,-4.945473198116631
-0.25876677540227133,-4.947933534707516
-0.2620155812463228,-4.950452488902182
-0.26559353780681877,-4.95291226954631
-0.26924879854521605,-4.955433775497576
-0.2728125807297696,-4.957880055780924
-0.2760580011166288,-4.960193437902691
-0.2791968557903172,-4.962494771441102
-0.2825147171563317,-4.9649529743012115
-0.28600420680336636,-4.967277130277917
-0.28958564456028524,-4.969710633243658
-0.2928243693413903,-4.972108626684011
-0.2958918135303232,-4.974233711147076
-0.2985394579980015,-4.975993825935688
-0.30137376030228646,-4.977977361159928
-0.3044452792024449,-4.979886868525291
-0.3075498117256394,-4.981979553206434
-0.31042254837178684,-4.984084161762042
-0.3130143567151082,-4.986574606159477
-0.315439128138194,-4.988972295386246
-0.31781543309660865,-4.991272885274642
-0.32009139108681994,-4.9934534459155495
-0.32213407480275896,-4.995628646399552
-0.3243599699287151,-4.9979621608356375
-0.3268392770978039,-5.000459689036552
-0.3292981721453276,-5.002940915449079
-0.3316151534048741,-5.00553222308313
-0.33348866137960775,-5.007593089894034
-0.33513521499124604,-5.009472764186729
-0.3369582775279813,-5.011215402309383
-0.33902481017102704,-5.01324926030693
-0.34109955598180947,-5.015289671561707
-0.3430787190705047,-5.017404152483078
-0.34485460480877766,-5.019275510297615
-0.3463285324691474,-5.020905859084884
-0.3479081210419515,-5.022454325686134
-0.3494471690328601,-5.023903671764444
-0.3510961337081855,-5.025381105810599
-0.35239757631219454,-5.026782275193227
-0.353564605239863,-5.0283706144179705
-0.3543182890387296,-5.029711558456439
-0.35526289464638655,-5.031024735042093
-0.35585369508703063,-5.031914760840188
-0.35647999894198695,-5.032851329215614
-0.35698182257404243,-5.033710138230345
-0.3578298456453249,-5.034983019816842
-0.3584720130303976,-5.036113244254614
-0.35931529565318,-5.037327220740285
-0.36013896288194547,-5.038529591677506
-0.3609128221816861,-5.039472550959103
-0.36171779872273574,-5.0402531876122705
-0.36243181321650275,-5.041174370544892
-0.36317895430369923,-5.042135177892021
-0.36394504211514955,-5.043326120755426
-0.3645561206543689,-5.044456206074954
-0.36516398326720556,-5.045582453689336
-0.36584961249539133,-5.046616639682956
-0.3665361925186473,-5.0477441902386015
-0.36720825265945606,-5.048854379505644
-0.36800387751572816,-5.050188061610573
-0.36848842266520826,-5.0515120645272935
-0.36908375173963137,-5.053072258449056
-0.3695761219607695,-5.0545403056022735
-0.370236744153858,-5.056142524112646
-0.37068172771439517,-5.057594886591746
-0.3709159149316951,-5.059124974996203
-0.3713159746392999,-5.060787244133841
-0.37165121680749696,-5.062444443767858
-0.3721011016735859,-5.064238712965182
-0.37242267422236863,-5.065890050427349
-0.37297323786811143,-5.067498267890914
-0.3734817799043716,-5.069056146444981
-0.37414721249554256,-5.070558454735181
-0.3747125931174613,-5.071839100141702
-0.3751437666851195,-5.073151232473351
-0.37560049324577244,-5.074379208521994
-0.37612267385670406,-5.075515567985421
-0.3768217188732245,-5.076863607780339
-0.37767616623936384,-5.078056829126835
-0.3784193043265644,-5.079349470918853
-0.37907643825722753,-5.080539184693408
-0.3796390347309902,-5.081746049477366
-0.38020643373120744,-5.082855436601557
-0.3810056842820203,-5.084242347651587
-0.3818278901717957,-5.0857564583384764
-0.3828581480153444,-5.087455313952466
-0.3838207448589537,-5.0891240895073455
-0.38454381329489395,-5.090977580525374
-0.38535134658424475,-5.092898360974946
-0.3863815733433497,-5.094737428234628
-0.3875241328659939,-5.096489972534119
-0.3888129159704752,-5.098358957898888
-0.39010655420541335,-5.1002337571446645
-0.3912082455375974,-5.102256382232018
-0.3923755880932622,-5.1043312587796414
-0.3931218025703654,-5.106295434654228
-0.39383039427451755,-5.108187481180544
-0.3946479751284604,-5.110166200376078
-0.3953620463458288,-5.112204531282379
-0.396100868685866,-5.114472179801513
-0.3968548646983477,-5.116780031354689
-0.3976066661664467,-5.11896651022356
-0.3980888785782133,-5.120830058896157
-0.3985171481300733,-5.122650587635164
-0.39907187451682324,-5.124373738667709
-0.39978457644883,-5.126286045831425
-0.4005452870888806,-5.128236475947028
-0.4011810119707148,-5.130369465714629
-0.40161910245143456,-5.132403143041754
-0.40172961763486015,-5.134125976757083
-0.40190615976091904,-5.135663696193343
-0.4021430462844318,-5.137134954401519
-0.40251692393205274,-5.1387703253845185
-0.40301419625592017,-5.140503770661747
-0.40356399620228167,-5.142196835751029
-0.40402527385598336,-5.143876929382921
-0.4041696138046681,-5.145335482577837
-0.40461617407057726,-5.146746929895565
-0.4047709359414786,-5.147808723162484
-0.4052323364188433,-5.148875504904117
-0.40533391330806906,-5.149881187578417
-0.40556200974054357,-5.15103853048116
-0.4056343422089446,-5.152250210882845
-0.40578443726847774,-5.153665126121641
-0.40570836898035534,-5.154755442223808
-0.40559228660571583,-5.1558764322173145
-0.4053535952444389,-5.156899998344684
-0.40513148107885155,-5.157943407468971
-0.40465231577489497,-5.15918401993832
-0.40418918110568086,-5.160437291928441
-0.40367070025023843,-5.161624120821869
-0.4028625371722281,-5.163198371447425
-0.40217515274040044,-5.164773220062528
-0.40135418892317676,-5.16617087652386
-0.4004872294984488,-5.167384482061687
-0.3994311509722656,-5.168399999749793
-0.39828592095908466,-5.169352605807161
-0.3975418796115503,-5.170390006967877
-0.3970437095200751,-5.171575849447873
-0.39625386115092065,-5.172411719546094
-0.3953046428860499,-5.173214420112426
-0.39416105667725065,-5.17381944755082
-0.39318630807735416,-5.174627105680627
-0.392480285763634,-5.175445000648587
-0.39166003863869653,-5.176420584599421
-0.39102841141622924,-5.177229261739483
-0.39027655497178126,-5.1779635428524715
-0.3894143230686912,-5.178375395898037
-0.3884793317042079,-5.178516437174857
-0.3875692044599792,-5.178631943254336
-0.3865764214802089,-5.178896764338042
-0.3857596966435345,-5.1792561951527265
-0.38490101060710863,-5.179640434050885
-0.3839151950754821,-5.1799636726277365
-0.38278228915907697,-5.180428401780559
-0.3813913312926248,-5.180569457974838
-0.38008966191389015,-5.180598684756569
-0.37877892449718975,-5.18024642169033
-0.377532720736013,-5.179834232616057
-0.3764943992147434,-5.179508066702622
-0.37536134429108003,-5.179106886874281
-0.3741708473187588,-5.17867176917506
-0.3730270912647364,-5.178102881088753
-0.3718319836471262,-5.177493341277777
-0.37044778643199316,-5.176651945848798
-0.36916472073691176,-5.175898705405302
-0.367599260967984,-5.174891535685252
-0.36623528528637006,-5.17394921633328
-0.36503183594013944,-5.173199521924138
-0.3635819324985124,-5.172638897595681
-0.3621238905050359,-5.171979968260934
-0.36037631882052157,-5.1710588318984865
-0.3586992655732458,-5.170083343062075
-0.35681572724229654,-5.1689289523125534
-0.3551796941776524,-5.16799941133204
-0.3534865994199015,-5.167113539118286
-0.35184090657951383,-5.166223555204821
-0.35018462223227487,-5.165255892153258
-0.34839341103768184,-5.164057899479548
-0.3464917971851621,-5.162906059349912
-0.34432486797954126,-5.161435387695091
-0.34252198965245056,-5.159542595864438
-0.34068598334518335,-5.1576752256625715
-0.33888749039981214,-5.155870156069855
-0.3371222131692385,-5.154130265990449
-0.3352031356667737,-5.152508639050146
-0.3331751634494552,-5.150711415760005
-0.33080043610592036,-5.148557813912589
-0.3283901135514087,-5.146304177500343
-0.3260842362340107,-5.1441761118249625
-0.3238532576939489,-5.142107368857515
-0.3215444287394932,-5.14009859111822
-0.3190880152725082,-5.137912373450307
-0.3161677379801148,-5.135358716940109
-0.3135311769457826,-5.132586082372489
-0.3106791639293485,-5.129553608518745
-0.30808123337005766,-5.1265944339602925
-0.3050466393040044,-5.12352442164832
-0.3022674104891181,-5.1207614935608206
-0.29929973660547027,-5.117929925915315
-0.29659575473889677,-5.114836006685375
-0.29383055521145995,-5.111645765028273
-0.29102349997570026,-5.108329302068214
-0.28826230641610345,-5.104977264746743
-0.2853045044698429,-5.101346025098948
-0.282515746968436,-5.097932073855821
-0.27947836864949716,-5.094710215144158
-0.27653289240331325,-5.091561171402908
-0.27350922034652747,-5.0883181076154695
-0.27042911609145986,-5.085118618860477
-0.2674166176402918,-5.081972709979208
-0.2642217710120071,-5.078607518219799
-0.26084907591038453,-5.075380235568945
-0.25732096291699635,-5.072029738230334
-0.2541009852118724,-5.069049833383174
-0.25081657643646055,-5.0661198042838
-0.24789712952091486,-5.063479146262052
-0.24447308791564593,-5.060457577462727
-0.24094030517898815,-5.05751955885119
-0.23726583837873252,-5.054322800378328
-0.23384549379725852,-5.05143170243966
-0.23050461135099842,-5.048809338961516
-0.22737788531891598,-5.046289266307835
-0.22420393187370813,-5.0437123037407146
-0.22103253071103204,-5.040772112324795
-0.21768145873819858,-5.037631418576516
-0.21442446301874665,-5.0346038895154726
-0.21116618471712015,-5.031785958159381
-0.20827507939978349,-5.029321467278933
-0.2052424436026537,-5.026610976778845
-0.20245586166133614,-5.024171108449753
-0.1993826648957485,-5.02139213294099
-0.1962276806493883,-5.018680185516859
-0.19283637901699338,-5.015768809794287
-0.18946659049464237,-5.012938231846506
-0.18619314115516014,-5.009991605496669
-0.18296865110899607,-5.0071993729988185
-0.1798776272264305,-5.004512996677465
-0.1765774544934759,-5.001813510090283
-0.17312432491212895,-4.999007197952381
-0.16978508938206002,-4.996151766925271
-0.166532837681963,-4.993302389146993
-0.16343227145275235,-4.990539842578246
-0.16071177323162364,-4.988078753403896
-0.15770864888274946,-4.985839000372624
-0.15464566776131686,-4.983527903302421
-0.15117320953638452,-4.981020107525802
-0.14804586436668293,-4.978696430157269
-0.1448186655915152,-4.976252406992445
-0.14171366946352176,-4.973824545336876
-0.1383387739296851,-4.971663952954551
-0.1347263864526645,-4.969240090568108
-0.13112431262023833,-4.966917030312296
-0.12745803287313046,-4.9646445755389665
-0.1239391019757103,-4.96244284481668
-0.12046089169832219,-4.9602764841219855
-0.11712883119688787,-4.957995797630587
-0.11397779809446756,-4.955890736949692
-0.11077435615568194,-4.953778172347149
-0.10742211975262765,-4.95178277646493
-0.10395369071991102,-4.949599856161513
-0.10067035658152684,-4.9476543804218265
-0.09751141922929756,-4.945611441391192
-0.09454515384694973,-4.943764381356864
-0.09153422598266357,-4.941833779617402
-0.08853391561283132,-4.939895172099772
-0.08531888313464268,-4.937723045067355
-0.08213512124359325,-4.935651788443021
-0.07882828202056884,-4.93377606408534
-0.07581905690829613,-4.932039826378755
-0.07276372341110014,-4.930247893169767
-0.06993675272382771,-4.928431550485357
-0.06692796431525788,-4.9264868255717955
-0.06398590645731891,-4.924689269583015
-0.06080851440270219,-4.923154439079227
-0.05800965244651038,-4.921930318161124
-0.0550782051023185,-4.920546177712159
-0.05208169774369375,-4.9190147159818185
-0.0487039071205306,-4.91711874017785
-0.045723435630879244,-4.915607714819935
-0.0426657764146048,-4.914157686358364
-0.04003438025618514,-4.913157453067466
-0.03740819789490359,-4.912053040079538
-0.035113736670691065,-4.910917671966258
-0.03276585954187151,-4.909676386430465
-0.030430665282583577,-4.908439526581225
-0.028120561767476827,-4.907419711454784
-0.025886294497855983,-4.906459957972451
-0.023976251421305293,-4.905802675046323
-0.02224799918089395,-4.9053013431121
-0.02054143805208811,-4.9049562881333975
-0.018632754241729055,-4.904766379319091
-0.016533672510564288,-4.904442468691236
-0.014286391131341811,-4.9041509517359065
-0.012110812241954172,-4.903667002570376
-0.010342714505584735,-4.903675339902489
-0.008905051439401759,-4.903944672226434
-0.00755831506643361,-4.904375313507658
-0.006191723421776148,-4.904781933993163
-0.004734962108262902,-4.905147359306561
-0.0032381277680804794,-4.905256530842504
-0.0019248675011265984,-4.905587611316435
-0.0006715580691674532,-4.9062133097043175
0.0003488902692153328,-4.906954078208167
0.0011583352512814266,-4.907949907498045
0.0019268648174584357,-4.9088611786998575
0.0027780667924794007,-4.9097309691090985
0.003819600518778694,-4.910370657935751
0.004605115390276017,-4.911456694272122
0.005056486981373275,-4.9127027441393984
0.005260767629236312,-4.914139905966946
0.005446767615759129,-4.915591542134043
0.005844914426553839,-4.916990848671769
0.0065049394048676545,-4.918455018427293
0.007227766701483052,-4.9198695452209575
0.007871148862937806,-4.921264956498395
0.008412882564568744,-4.92280472978175
0.008702272391959436,-4.924388206880548
0.008729319179071328,-4.925729456673695
0.008663299053123066,-4.927240309146037
0.008686259597813417,-4.928853276223804
0.009027071517015265,-4.930122969340309
0.009527288967546656,-4.931251018149155
0.009888740781043546,-4.932238146145472
0.01008336373828756,-4.9333206764857325
0.010359874651825961,-4.934338520890882
0.010439779817823366,-4.935479916753722
0.010550665639917634,-4.936507522911443
0.010735097028723882,-4.937477067214157
0.010904040416595403,-4.938096622706302
0.010961378210638648,-4.93872256510327
0.01111492664566331,-4.939272568901431
0.01120691523996041,-4.939870903192343
0.011395028085597912,-4.940697804134187
0.011650735873421586,-4.94147137616546
0.011868320980621048,-4.94224186944063
0.012186258434574595,-4.943192953804461
0.012665551158301596,-4.943974386928566
0.013312074693096752,-4.944543308905532
0.013872036687289332,-4.945043846598997
0.014374567190563015,-4.945660343736274
0.014660376971071547,-4.946117219352508
0.01481471928023798,-4.946771542774493
0.015002441156823122,-4.947196282675676
0.015132499146109422,-4.947666555295553
0.015329703125136306,-4.9479410433573925
0.015512219224091437,-4.948234148002405
0.01563984796429039,-4.948570578524331
0.0158934236576592,-4.949067735292481
0.016067154697157558,-4.949623488207608
0.016220206217858163,-4.950195587583106
0.016296584725097627,-4.950701579873299
0.01598247595978564,-4.951269109289028
0.01600793197852986,-4.95150532257159
0.016230469657446477,-4.951697606589875
0.016673744280255434,-4.95183246572924
0.016899594136714373,-4.952202177232411
0.017033666987526907,-4.952725268779933
0.017097536466744837,-4.953060400242422
0.01752739085269961,-4.952952110757549
0.01801288344152198,-4.952977458952448
0.01839823136652078,-4.952950707034728
0.018752424130009736,-4.952901651149103
0.018878287544166195,-4.952746656142419
0.019037952290527835,-4.9526038935177965
0.019170168196117075,-4.9524321257117965
0.01923633760241882,-4.95231882905099
0.019314036081815256,-4.952214630032014
0.01938412396721012,-4.952103314267793
0.01971320571246728,-4.951743352938549
0.01992903310834722,-4.951293889956666
0.019922290939166143,-4.9511127579524
0.019598866772581037,-4.951243580244589
0.019284559384827166,-4.95138163525433
0.018930226847765217,-4.951503153906351
0.018746157731203236,-4.951454732571321
0.0186642487531053,-4.951487015656194
0.01860713324036107,-4.95152900380445
0.01809232344942069,-4.951996371337549
0.017693586920904645,-4.952555461712578
0.017106421027046594,-4.953243151298883
0.016536031051160728,-4.953935947996213
0.0159377929806735,-4.954606780041562
0.015541711697229737,-4.955085893642453
0.014901140849228896,-4.955592287956738
0.014418440255870777,-4.955956740336037
0.0137664442718756,-4.956085865766258
0.012821164049546406,-4.956488855065614
0.011499720817808038,-4.95702586280098
0.010372471837192913,-4.957534612861886
0.0093840340909813,-4.9578179012052
0.008501490424626277,-4.958020194597559
0.0074240394869648655,-4.9580686528807965
0.006071288892221117,-4.958446865677615
0.004663584882900831,-4.958787418487167
0.003238316328149799,-4.959263791406121
0.0017859121019293352,-4.959866287222715
0.000644260449915712,-4.960177917248113
-0.000563096768906707,-4.960293968603237
-0.0017243539030468175,-4.960324670071714
-0.0031889198989921083,-4.960654424812112
-0.004935234337070443,-4.961332060007815
-0.006418565717592391,-4.961847394251112
-0.007823910334959746,-4.962268267675176
-0.009501875869498183,-4.962400142556293
-0.011202145364330278,-4.962549600423404
-0.012794525253740459,-4.962484055491141
-0.014546605873819278,-4.962569618954035
-0.016264117711107764,-4.9626278704867275
-0.018083633396031976,-4.962913805128783
-0.01994655856210584,-4.963158772760754
-0.021650323061340848,-4.96340939821835
-0.023655857048400755,-4.963639937646186
-0.02553991985178588,-4.963723444372905
-0.027544138875897396,-4.963862836117448
-0.029565976702102092,-4.963951997388933
-0.03175764211629099,-4.964246541081967
-0.03387440358989335,-4.964619582185645
-0.035953860730000294,-4.964961237479182
-0.03799549901591474,-4.965257097508924
-0.04007451169412341,-4.965595661282986
-0.042248883615601945,-4.965854176159053
-0.04448353872014454,-4.966185508666799
-0.046695577713870465,-4.966675078643772
-0.04871282973035215,-4.967076127125084
-0.05094356850029559,-4.967735179809329
-0.053159515671419674,-4.968311384308041
-0.055570269437569236,-4.968882282530919
-0.058033614908554895,-4.969019144780513
-0.06046029640749636,-4.969248589988014
-0.06294896620782867,-4.969527012509173
-0.06543048633575986,-4.969724299768955
-0.06772363895080734,-4.969837457587748
-0.070317178679718,-4.9702610797361775
-0.07292767722099645,-4.970706875343226
-0.07604752535554864,-4.971611250146464
-0.07918621814421262,-4.9723933919223535
-0.08206862647610949,-4.973074164217442
-0.08461063545510722,-4.973650355508012
-0.08750185501533893,-4.974600441259417
-0.09027798085457235,-4.975640921943161
-0.09333600865527333,-4.976902001588317
-0.09626082202868907,-4.978354333125776
-0.09912881683498594,-4.979560255666603
-0.10203389635253476,-4.980876874695374
-0.10498080092339442,-4.982244083477345
-0.10772862208847384,-4.983590517911836
-0.11076616433824484,-4.985211467973394
-0.11415225748748023,-4.987215388537534
-0.1175646108567439,-4.989198529177854
-0.12106407349360601,-4.991191621939528
-0.12406812160969437,-4.992736331328123
-0.1270700105455662,-4.9942825265667015
-0.1304815714283816,-4.995886074416436
-0.1336848003617991,-4.997674964842599
-0.1372459782515008,-4.999844249043273
-0.1409191898852471,-5.001925763378658
-0.14466738969082923,-5.004009037779447
-0.1482912396052819,-5.006006617690094
-0.1519838909292191,-5.007950277671702
-0.15561235489435435,-5.009841131548238
-0.1592253058452023,-5.011862834700434
-0.16278484969079257,-5.014147390904667
-0.16675041465584833,-5.016774768521428
-0.1707199321432789,-5.019249576157971
-0.17499436810206714,-5.022173014580074
-0.1791971934520857,-5.0249629953128805
-0.1832532454738959,-5.027847943613857
-0.18739049968507204,-5.030833194073651
-0.19203032617487495,-5.03427597606155
-0.19659558201955335,-5.037705088628383
-0.20146412092798743,-5.04164345588541
-0.20601849806068323,-5.045411335424941
-0.21075931851099006,-5.049362286395585
-0.21558524929024378,-5.053236989522546
-0.220514761305932,-5.057140355884665
-0.22562327166618937,-5.061234953934062
-0.23053520002387107,-5.065481367158489
-0.2352992370162606,-5.070021839913994
-0.24028009279560525,-5.074823422194927
-0.24496970333303072,-5.079388552221649
-0.24977428490270523,-5.0841020180962975
-0.2546592651494154,-5.088852288186029
-0.25951791272307445,-5.093167130584612
-0.2644850665841517,-5.097810715146788
-0.2693448786220038,-5.102369228432195
-0.2741854096701221,-5.107049368481299
-0.2790987792053491,-5.111689217012384
-0.2838393645454055,-5.116192191225673
-0.28848308857129373,-5.120302789052755
-0.293283083487664,-5.124429743502957
-0.29813934480321075,-5.128601232856999
-0.3028938571149668,-5.132764117261173
-0.3077205443977477,-5.13719518770549
-0.31263636689942537,-5.141696793190113
-0.3174007840344483,-5.146081581787109
-0.32225789254704634,-5.150264748226893
-0.32673173005198913,-5.154557825009284
-0.33112371299225185,-5.15867924073572
-0.33550124961774647,-5.162811193952938
-0.3398093157052639,-5.166953043970435
-0.34442931897807455,-5.1713979409579505
-0.34908942754099603,-5.175811633035506
-0.35338688582623656,-5.180224154490817
-0.35763757893714015,-5.184599618864846
-0.3617521167856438,-5.18861431542082
-0.365754249317171,-5.192800689300384
-0.36953828675830563,-5.196814420547053
-0.3732535375293611,-5.200819385519532
-0.3770182621725708,-5.204916432343757
-0.3806057418685981,-5.208873199774756
-0.38449517829783036,-5.212598571775082
-0.38844542183372754,-5.216325897512292
-0.39191584880773034,-5.219620672993191
-0.3952945343420917,-5.222985564675779
-0.3980760554185686,-5.225734763956364
-0.40092811445420407,-5.22861530970399
-0.40404852944025876,-5.231290767045776
-0.4071072237089362,-5.2338831935652035
-0.40969345025209264,-5.236053575624698
-0.4123254546323285,-5.238189142862109
-0.4144479371607934,-5.239807907495468
-0.41636886651228155,-5.241728622693562
-0.4179545601620295,-5.243323403977066
-0.419488946689832,-5.244967528610579
-0.42078029759315677,-5.246419466058591
-0.4220070415538238,-5.24779375385747
-0.4234778738774584,-5.248982036965186
-0.42483880843717986,-5.250083405784664
-0.4257284339840651,-5.250618356741403
-0.42659263392800395,-5.251172797730137
-0.42718018357814985,-5.251508423484127
-0.4279689714824461,-5.251891817631078
-0.428607902025941,-5.252498146449324
-0.428977672231273,-5.25289633863681
-0.4288884319247609,-5.252851029505039
-0.42860117867049785,-5.252534641727931
-0.4283993258432746,-5.2521363683065365
-0.4283054936945468,-5.25182234050951
-0.42818827223540645,-5.251708079965665
-0.42795117912693664,-5.251547618541939
-0.42744099639679745,-5.251174157127953
-0.42673093451050464,-5.25055263711077
-0.42579723902552635,-5.249776979180394
-0.4244928334565285,-5.248618461190392
-0.4232539243494164,-5.247460133566348
-0.4222137274915451,-5.246215553469285
-0.42140575521221485,-5.2446955549796614
-0.42046407515156514,-5.24308783952421
-0.4193658061609461,-5.241398969546753
-0.41790536902524517,-5.239674370566023
-0.4161847004255775,-5.23769547894949
-0.4145051961785753,-5.235684880740163
-0.4129992682348699,-5.233887505755202
-0.4114972145114492,-5.232061892851276
-0.4097532906084563,-5.230420832691062
-0.4077914866747311,-5.2285894135307425
-0.40573660342098633,-5.226643778119349
-0.40360870107350116,-5.224753721008907
-0.4014788226464279,-5.222834836276098
-0.3993823677511381,-5.220859308806959
-0.3970612363903624,-5.219055599319494
-0.3942470040811108,-5.216861708429834
-0.39164228592480427,-5.214919675883285
-0.3889042881519723,-5.213079443337756
-0.3864257455655865,-5.211444519073974
-0.38356159035033166,-5.2093460991509675
-0.38054779139225176,-5.207362344281125
-0.37732177361652525,-5.205210672237659
-0.3744676702906261,-5.2028849502479115
-0.3716261444280889,-5.200606973950123
-0.36870681996202015,-5.198557186866363
-0.3660571790745309,-5.196078297698496
-0.3633449332943666,-5.193575160608492
-0.3606704140613168,-5.191043317135285
-0.3578077749221927,-5.188280396259661
-0.3548288091948516,-5.185402369195502
-0.3515527532305077,-5.182752844055209
-0.3484049937510015,-5.180235076190609
-0.34536699970970874,-5.177894526937976
-0.3422096945188396,-5.175645968524807
-0.3389294313506516,-5.173197278695018
-0.33533861112363417,-5.170641362065206
-0.33161063394450313,-5.168187811936954
-0.3278778291287297,-5.165612854209596
-0.32430023304249295,-5.163241059533747
-0.32073436125105603,-5.161287014929499
-0.31697064105089523,-5.159279137408871
-0.3129689766531641,-5.157084039333343
-0.3086949718402796,-5.154915623736643
-0.3042863509520033,-5.152444985176716
-0.29958447780872566,-5.150187100893024
-0.29521210598615394,-5.1480487820022525
-0.29052092624132003,-5.145567513079059
-0.28608247104415147,-5.143390005505989
-0.2816756829215795,-5.141138005998808
-0.277033892243412,-5.138970294622275
-0.27210444150440605,-5.136512844460653
-0.26723765173709224,-5.133921309493879
-0.26210084997481886,-5.131116149832727
-0.2571904578554117,-5.128184444298161
-0.25253553094566095,-5.125235449284917
-0.24756305657630565,-5.122113926588312
-0.24249149924183333,-5.118868060743383
-0.2375134131552419,-5.115699705868773
-0.23237592764237203,-5.112186179983279
-0.22714931688365883,-5.108480459227919
-0.22177926388294333,-5.1047020252371755
-0.21663592791023334,-5.100747981666023
-0.21141688871108938,-5.09672961337374
-0.20634749043886963,-5.092912833868181
-0.20113579808956464,-5.089206507463351
-0.19597438368956108,-5.085426881762637
-0.1903048273630161,-5.081212543444683
-0.18447927365933187,-5.077245060200404
-0.17851531242921923,-5.073368487615617
-0.17257654896196997,-5.0695223329896555
-0.16667664629256204,-5.065681147334878
-0.16079767216283072,-5.062125146774165
-0.15443000666803255,-5.058601588004205
-0.14780475846339458,-5.054862515235029
-0.14122433956632355,-5.051086046414485
-0.13434709523339358,-5.0469510397494375
-0.12761148937928918,-5.0429278472572445
-0.12064976945306229,-5.039081754476881
-0.11383375468393889,-5.035411461057628
-0.10673969719809312,-5.031521577432704
-0.09949702114807756,-5.027748248111488
-0.0917812882246744,-5.023402792766465
-0.08402379955890085,-5.019024248372159
-0.07638043652540549,-5.0145569846273785
-0.0686573753068022,-5.010070116581889
-0.06087874349022321,-5.005906601348098
-0.05298796265177868,-5.001444538230667
-0.04500679061679328,-4.996872862115828
-0.03709668062439924,-4.992310168081695
-0.02923758187600205,-4.987381066844184
-0.02119692176779872,-4.982232061380249
-0.013027086312161422,-4.977728505563171
-0.00493363310089189,-4.973164908296785
0.003425137466408305,-4.968511556884861
0.011503000418648275,-4.963633440204196
0.019779689230828224,-4.958940930115924
0.02776200444669108,-4.9544806057883015
0.03612070902105149,-4.949564208580921
0.04457277327958182,-4.944721389132833
0.05327456609703468,-4.939681809364791
0.061776236861149074,-4.934885220614606
0.07050251066963009,-4.930266019411209
0.0787528456625977,-4.926021814942314
0.08709652895443376,-4.9216642627572265
0.09555165519875428,-4.917395337062709
0.10406802748935638,-4.913078129487594
0.11255183903647246,-4.908800368813427
0.12129314994202774,-4.904727582470203
0.1297374170681287,-4.900888498240169
0.13788741779191793,-4.89741862222222
0.1457929434631353,-4.894142880360595
0.15395552226637038,-4.8908472000201835
0.16230576786867584,-4.887322880239965
0.17072017280804394,-4.883839077849717
0.17922272152400923,-4.88052328309573
0.18731917407971943,-4.877701518401654
0.194896269041255,-4.875287954275733
0.20226932778977694,-4.872598659634016
0.20953474682169299,-4.869786645356777
0.21674111452691,-4.8670948567517325
0.22399239300065846,-4.864403199213476
0.23111241016071488,-4.861531380464303
0.23780331861574372,-4.859095658406322
0.24445934568904507,-4.8570014333520035
0.2510256975101221,-4.85478242698181
0.25727094759043106,-4.852972309627591
0.2633374310417447,-4.8513024190399365
0.26940369867309133,-4.849241169660489
0.27552506684769945,-4.847328426607938
0.281377442202413,-4.845626567942011
0.2867961803383293,-4.8438655785139035
0.29179649823837783,-4.84256623107762
0.2966630138056263,-4.841371823529447
0.3014327359191627,-4.84007098308925
0.3059850472803706,-4.839002353832741
0.31021542619803,-4.837674581805956
0.31421613748002375,-4.8365181268308035
0.31840092499363376,-4.835945140279865
0.3225766929659722,-4.835426036876505
0.32635738796841157,-4.834922986973452
0.32964780268035226,-4.835019715151404
0.3324344039294965,-4.834764049214621
0.3352630275074621,-4.8345421133918425
0.3376352250494667,-4.834680076632788
0.33993014818193484,-4.834879079950205
0.34196841183169,-4.8348712105157405
0.3436473582191447,-4.835264014194285
0.3446216802826378,-4.83635697903834
0.34556591742783993,-4.837425707971063
0.3460553799316609,-4.838893404030774
0.34646790815949774,-4.840445352264125
0.3466946126373712,-4.8418475844344755
0.3468733112058884,-4.843339987023369
0.3465548015632813,-4.845251873913773
0.34633331588858784,-4.847241983217118
0.3454419916904533,-4.8499034570099555
0.34431396557011107,-4.852783663291029
0.3429648267743262,-4.855485891891259
0.34159311849308943,-4.858212402403664
0.3399129908380416,-4.861165369693796
0.33817532371492176,-4.864072044263549
0.336734527641746,-4.86761480639411
0.33488732637822277,-4.871655371013811
0.3327862781022209,-4.875803849235133
0.3305041010076319,-4.879712719474109
0.32793458632874956,-4.883831371400698
0.3252236298980109,-4.887703086801754
0.3221798562114069,-4.8917076189998445
0.31892644396201136,-4.895968953770795
0.31552965725350995,-4.9002945418241115
0.31210160250728736,-4.9046092248181825
0.3084222086243463,-4.909231796042681
0.30479209333587737,-4.913576547002228
0.3006261252359676,-4.918027159364066
0.29641605204591787,-4.922491371069673
0.29209630706612555,-4.926868218367283
0.2879805789946121,-4.931085871382727
0.28334879825190756,-4.935935525236882
0.27861672802516785,-4.9407060743723825
0.2734937288866949,-4.945781868722628
0.2685532753591424,-4.950633988613981
0.26343560250330705,-4.955345401287818
0.25837287065263687,-4.960014010778326
0.2533335996260356,-4.9648270068692355
0.2482250732652789,-4.969758632152353
0.24346351362513907,-4.975069955803179
0.23848828424961743,-4.980557047786031
0.23303931756815055,-4.985813346079713
0.22752772223090847,-4.990959813730127
0.22219430080306418,-4.99626007475791
0.21712243705961512,-5.001240074536246
0.21220897841299083,-5.0061499011519865
0.20712091340377528,-5.011009935322247
0.20191471533263083,-5.016014482912299
0.19666645654785406,-5.020867116023179
0.19146770516322908,-5.02588830608259
0.18661611506004092,-5.03048455970035
0.18204022154941193,-5.03472451160776
0.17760621190341586,-5.0388538878607925
0.17319826775589617,-5.042951259043847
0.16866606541549312,-5.0470296124156775
0.1642033713607845,-5.051159596007184
0.15997582809619368,-5.054947606388207
0.15614342849071858,-5.058360642209866
0.1523169750540751,-5.061779005984537
0.14874642905385196,-5.064688613258946
0.1453671265628142,-5.0673918700050615
0.1418600082507895,-5.070168104551143
0.1384545670464029,-5.072994860474943
0.13554394391835167,-5.075366793790295
0.13286041359922873,-5.077651030129701
0.12970132120187966,-5.0793767325341825
0.12677623961822707,-5.080816110129182
0.1239809699217555,-5.08215423072827
0.12120093333977042,-5.083504610654316
0.11880911185773364,-5.084521209773829
0.11665633904483493,-5.085708779487782
0.11487967149351369,-5.086799777114397
0.11346008567832089,-5.087454190107516
0.11222687009840965,-5.088011043402593
0.11096434517523644,-5.088531139416774
0.1098138410538083,-5.088914246211511
0.10870862990088609,-5.089501612390898
0.10802442549006402,-5.089894120822831
0.10751649387689641,-5.090071164417371
0.10742185435704313,-5.090085445162276
0.10727165639908885,-5.090069790767944
0.1074186322344316,-5.089690926939354
0.107431317393219,-5.089405605592392
0.10741801006134889,-5.088466216599065
0.10736230291361115,-5.087574637352302
0.1075063095886682,-5.0868466045324086
0.10786946798966468,-5.08594762615273
0.10824214803962381,-5.084959768157199
0.10884704396563535,-5.083605325579177
0.10909599678099809,-5.082023767494525
0.10962963845091754,-5.080364857612078
0.1102318200080761,-5.07862221367104
0.111136999632426,-5.076802202604316
0.1120790850199235,-5.074999997035573
0.11316219417807735,-5.073025501394645
0.11434121428593626,-5.070922746283115
0.11545778959197907,-5.068682947374668
0.11672715516192311,-5.066269191813252
0.11811375652000865,-5.063949471796429
0.11981721032026713,-5.061751587032755
0.12153900525318155,-5.059572409027762
0.1233463123602192,-5.057470285129179
0.12492718933875248,-5.055412563483409
0.12651725523018947,-5.053315920503265
0.12851698548638324,-5.050899632660408
0.13055974589932232,-5.0485215273106485
0.13267446619896342,-5.046192948871107
0.1346130640153018,-5.043659425993588
0.1364494691276132,-5.041155233746047
0.13843707482823545,-5.0388042692912505
0.14026516136811246,-5.036635750535817
0.14238909273439124,-5.034154498846407
0.14446378178226146,-5.0316347053650325
0.1467344320447279,-5.029030554734739
0.14878694297560632,-5.02661774406098
0.15095082046820138,-5.024293291401804
0.15299430933984073,-5.022073028595148
0.15504879742446953,-5.019842130137583
0.1569509836861972,-5.017490927999513
0.15900156792497766,-5.0150081731358895
0.16120163176380414,-5.012337863604778
0.16338574136355005,-5.009655218447182
0.16542820509929823,-5.007155318732077
0.1672199221257922,-5.004892969342567
0.16897046493237547,-5.0025981862495374
0.17083278103791233,-5.00017038994322
0.17290147456380997,-4.997537913925184
0.17494556489855373,-4.994886180043678
0.17684957497502202,-4.992422331557819
0.17830751657041544,-4.990366083756786
0.1798514161209198,-4.988378247875482
0.18132224323964352,-4.986435263782065
0.18296169136034568,-4.984442432118261
0.18491921957857632,-4.982928541515282
0.18699731285336352,-4.9813235008201415
0.18905406458481563,-4.9796952040506115
0.1906857254202998,-4.978374953073563
0.19231373452552442,-4.977051963859551
0.19368162565748231,-4.976117490103493
0.1950503207363389,-4.975482691682986
0.19647218564307897,-4.974597582321349
0.1980575729157813,-4.973553386690624
0.19941595097638132,-4.972647483786429
0.20057714280077893,-4.971922856057181
0.20141918487389335,-4.971531886346982
0.20218368468172926,-4.971284818143069
0.20306677602741965,-4.971130527332919
0.20391211485906657,-4.971005711771533
0.20481690054070706,-4.970926645370006
0.20555139101951125,-4.97058338039652
0.20613185318571492,-4.970360496221546
0.20678201121991954,-4.970183565031743
0.20760064302582948,-4.970175011471549
0.20836792293108955,-4.970256898060238
0.20876773477796426,-4.9707414144152695
0.20930972759377886,-4.971339033023543
0.20986687718458052,-4.971835280556385
0.21069863889048926,-4.972525393567874
0.21154097373190148,-4.973114233946237
0.21218792444305254,-4.973799587123447
0.21279714716468923,-4.974514348022701
0.21333073248358697,-4.975541652718045
0.21380877235367174,-4.9765605026571045
0.21422664402851982,-4.97762628078472
0.21442637901909095,-4.978423151623833
0.21454067349486264,-4.97917667711143
0.2147058863809178,-4.9798904146887555
0.21468251638776484,-4.980463688845742
0.21453946248631195,-4.981331154133145
0.21448461796939963,-4.982129742262574
0.21420575210061776,-4.983073624948236
0.21389380493566237,-4.98383786429682
0.21357543210175545,-4.9846071379826835
0.21329130499910592,-4.985213737499768
0.21292881134418737,-4.986075151091544
0.2126653427533867,-4.986859274055831
0.2125341146607724,-4.988017333997441
0.21232137401105147,-4.9891441638669125
0.21223120298418627,-4.990104232178675
0.21217725961981976,-4.990823697354489
0.21192954181782805,-4.991632402566425
0.21185533770596227,-4.992273599234501
0.21187609905329982,-4.992973483297568
0.21197427231393584,-4.993559030396838
0.2117958054031482,-4.994430480961045
0.21156258480212461,-4.995258455096743
0.21118799029889884,-4.996221218168731
0.2109922127080381,-4.99704945482191
0.21093537370900156,-4.9979416446046825
0.21102675262620074,-4.99841857579949
0.2108715524222323,-4.999197262048097
0.21070839630368174,-5.00011553866694
0.2102889248327949,-5.001272888938804
0.210153076512414,-5.00208314319505
0.21003722382749224,-5.002707857082463
0.20993274952435087,-5.003240592463413
0.20983575896213902,-5.003764172137697
0.20980707331595766,-5.004328111299514
0.2095833446585487,-5.004951801433178
0.20947585664109675,-5.005870078571149
0.20928749590146373,-5.006914238504158
0.2088473884985825,-5.007758562989976
0.20836113766512945,-5.008471157397366
0.2081085015524671,-5.008897817317541
0.2080279165452403,-5.0092950893358275
0.2077481412455926,-5.009553185925377
0.20688714206245504,-5.010157738976385
0.2058888961428595,-5.010869329287862
0.20487716146468937,-5.011570347725335
0.20402614962299598,-5.012074608212898
0.20344578733440566,-5.01236776194631
0.20273606671920896,-5.01255833860407
0.20192258081656686,-5.012875831598338
0.20068103926983424,-5.013527169192539
0.1996385266585176,-5.014336544887807
0.19870937790833698,-5.015097395808574
0.19790002541419133,-5.015880214529904
0.19724268743326243,-5.0167602000891245
0.1966787995094965,-5.017324569283457
0.19604189778230036,-5.017945890764809
0.19530005456068364,-5.018824502054423
0.1945057133940876,-5.019824793908416
0.19371463134675895,-5.020852343369099
0.1928366994497502,-5.022041954052901
0.1922053289509886,-5.022929837860288
0.19136899877779132,-5.023788951942657
0.190314461631659,-5.024378718130483
0.18934092826103008,-5.024905311242102
0.18823835930464866,-5.025654239143566
0.18706316501788142,-5.026688533563245
0.18589035309512542,-5.027720972344706
0.18464095140397252,-5.02883916291214
0.18339309530517833,-5.029680171206606
0.1821724669232865,-5.030499941369658
0.18116733603953405,-5.031171392024039
0.18013850899773132,-5.032031750428257
0.1791637839724753,-5.03284991590735
0.178241156547038,-5.033986241902823
0.17727548217751485,-5.034869707562201
0.17636189780561504,-5.035712552325047
0.17551423631226715,-5.036402332678674
0.17450229267657963,-5.037122027479276
0.17353480628638468,-5.037807049561323
0.1725179222771221,-5.038687756644724
0.1713495275615908,-5.039341035971427
0.16995428002543844,-5.040243393591158
0.16869577552859097,-5.0410427822130774
0.16734045416421936,-5.041765628782107
0.16624734216462964,-5.042228095395164
0.1648460742632947,-5.04257359785975
0.16362338046997046,-5.042774677199575
0.16236039029158006,-5.04340223199453
0.16112664616356923,-5.0440069750872105
0.1597375993856128,-5.044730032530241
0.15837224493398097,-5.045289618743491
0.15706535299713312,-5.0458035939364505
0.1559845189648148,-5.046097616877326
0.15497297495163362,-5.046337586751577
0.15397763374667756,-5.04667312716186
0.15302063385743883,-5.047111388805235
0.15209487082033277,-5.047525280997038
0.15105208991096744,-5.048122830835726
0.15002432024541648,-5.048487160183661
0.1489160574912354,-5.048914286465075
0.14800073793400667,-5.049240011274896
0.14712916531777,-5.049712936256241
0.14623453807216072,-5.050088379027293
0.1451719675145422,-5.050756964794301
0.1442019195215006,-5.051498644199108
0.14301411445051745,-5.052231986296112
0.14174662713770028,-5.052952674301783
0.14050621536521746,-5.053582927592454
0.13935565097828043,-5.05428402691357
0.13848367609527168,-5.054767754881838
0.13754055371201387,-5.0553384708351405
0.13678942062493762,-5.05609524477763
0.13577122141424838,-5.057065992950421
0.1346594840990076,-5.058124745640245
0.1334525238533384,-5.059108190192999
0.13243251074453877,-5.0598704308657085
0.13177773040896587,-5.060543647677122
0.13106777747304643,-5.061266105631397
0.13020761315297447,-5.062148302729273
0.1291089294851223,-5.06328527235946
0.12791540394315046,-5.064406243227251
0.12695293434716723,-5.065501725998979
0.12635629445579524,-5.066244984088789
0.12571698200325424,-5.066723707428316
0.12496223103714639,-5.06733001251259
0.12406411815167026,-5.06806826786096
0.12307016122183245,-5.068937754208859
0.12208102090715116,-5.069651104716054
0.12145398079359426,-5.0703331885940575
0.12092568305690993,-5.070855140019568
0.12066304233840774,-5.07169558410198
0.12067804167562579,-5.072196724954355
0.1204385127113654,-5.072896424280747
0.12014085518188233,-5.073550278105231
0.11994758489898004,-5.0741784580457585
0.11972792609348788,-5.074895415071008
0.11957470816688996,-5.07566474939663
0.11949547444447499,-5.076275643992799
0.11948319023536556,-5.076774839757076
0.11942819278885329,-5.077240362960274
0.11949677938522425,-5.077649542752305
0.1195178328708449,-5.078096319144326
0.11982719644069864,-5.078770251979128
0.12013175582506048,-5.079447902551083
0.12053912448052405,-5.079999841340349
0.12082823906368574,-5.080458602923042
0.1210194600286129,-5.080993678224864
0.12148113986512399,-5.081198076528895
0.12214496042319717,-5.081303088511351
0.12291101633857027,-5.081378441020214
0.12373112897122557,-5.08182600728769
0.12433247534214802,-5.082239621346199
0.1250617785783395,-5.082474465502615
0.1261701246936166,-5.082325497224825
0.12726540947600662,-5.0821662518698
0.12846363256522203,-5.082098853909992
0.12965065689993766,-5.082040178289728
0.1308744275822373,-5.0821122171533055
0.13203020860750794,-5.082048806296911
0.13322555260812602,-5.081954558101141
0.13425610821912196,-5.081766981064617
0.13530722406594198,-5.081365876974734
0.13650865838608253,-5.080847638822623
0.1377927007076079,-5.08032613675386
0.13895665113741693,-5.080078758117304
0.14030055767287472,-5.079691176397462
0.1414525100280903,-5.079291274565514
0.14283991683570002,-5.078629642810265
0.14421404531908905,-5.077996958704934
0.1457174125675707,-5.07715370930522
0.1472498111693197,-5.076322448660409
0.14869222346040836,-5.0754200873295074
0.1500202354936465,-5.074673961910039
0.15129966872474884,-5.074187509645905
0.15248913534497172,-5.073629948399889
0.1535872562141216,-5.07312337087666
0.1549213934045816,-5.072386739566686
0.1565075998430595,-5.071848984113056
0.1581763338907379,-5.070995683249569
0.15956854503238285,-5.0703843463513465
0.16082298618139856,-5.069664152654458
0.16178600183498296,-5.069221956666782
0.16305582416252723,-5.068453236218905
0.16446310655611504,-5.067793028176858
0.1657454803914133,-5.0672301195321525
0.1670716978250965,-5.0666135469385365
0.1683548947581831,-5.065962967550579
0.1695804333070455,-5.06535729921286
0.17066425973341115,-5.064996733332498
0.17188475497904132,-5.064652381895659
0.17301016040419057,-5.064569763748561
0.17425831155240706,-5.064336821366723
0.17530214059372212,-5.064051785430575
0.17625010935553878,-5.063684705437217
0.17702797491293354,-5.06352594597518
0.17784043874522357,-5.0634089901482
0.1785924035925201,-5.063294604863902
0.17934239524056925,-5.063446682108598
0.18006974482141908,-5.06369260932114
0.18091112960029174,-5.063799360481967
0.18155558589254847,-5.063675339467121
0.1821457415407888,-5.063629506535019
0.18247980401419356,-5.063862475454142
0.1827163894733464,-5.06430131603399
0.18294507434120255,-5.0647911549907
0.1833434578705558,-5.065154865489835
0.1839608725351518,-5.065283082484645
0.18447887701699406,-5.065357351582199
0.18477271785171412,-5.065624252903997
0.18487176365798655,-5.0660068646391405
0.18497984878104853,-5.066717652748659
0.18505834853668213,-5.067634864530184
0.18505910612583787,-5.068612576017756
0.18511903394276275,-5.069419967651322
0.18518685045627414,-5.069864617483512
0.18516169740160832,-5.070381602497549
0.18495272610341917,-5.07108089625862
0.1845654549408652,-5.071993916077152
0.184121277553759,-5.072951218669958
0.18371715774850012,-5.073946025103493
0.1833474666364972,-5.074867618398751
0.1828834926383318,-5.075714703469102
0.1822816842363779,-5.076669015182687
0.18165650606381908,-5.077385919526564
0.18124201762958003,-5.078269234045524
0.18090446952126438,-5.07909267235797
0.18034797994172852,-5.080184425538929
0.17957096193095348,-5.081101969499288
0.17842981282229362,-5.082302743484841
0.1775775119619325,-5.083149521564977
0.1768905747852424,-5.084126783170841
0.176468421496275,-5.084898069248067
0.17569119937760708,-5.086104512622152
0.17502170608766465,-5.087395962342916
0.17408272498938007,-5.088896968510241
0.17325861016145294,-5.090257171858033
0.17237431267692127,-5.091385325204433
0.1716769913039438,-5.092379203418376
0.17088147983506183,-5.093374522215188
0.17006699679669077,-5.094446397886001
0.16895618999900086,-5.095640595262083
0.16783833384539773,-5.09689473439851
0.16667566491471714,-5.0980044693553825
0.1657417105853758,-5.099348740258361
0.16499678939798845,-5.100461329418087
0.1641505901720551,-5.101652667474375
0.16337772022355682,-5.1029112468551805
0.16231668439917185,-5.104259089539233
0.1610845359262295,-5.105772885688439
0.15981601773505502,-5.107259964891273
0.1586406318776629,-5.1086651303275925
0.15755761650415867,-5.109883142688361
0.15641856495090786,-5.11114471842648
0.15513971291391826,-5.11241068174271
0.15388492552486352,-5.113638399299873
0.15251968682552697,-5.11495197489237
0.15108729184462893,-5.116431334403114
0.14964342158566865,-5.117877050479818
0.14814232395829077,-5.119367251718441
0.14685809257783086,-5.120637780940156
0.14595980955816393,-5.121890306657451
0.1450886265460715,-5.122989510516125
0.14430581914998097,-5.124087258493941
0.1431892116137954,-5.12549277795762
0.1422373874016907,-5.127027850446008
0.14139918597978515,-5.1286685191374835
0.14084136024872945,-5.1300182530903395
0.14021126266027956,-5.13131106208209
0.13956714886675375,-5.13265780377634
0.1388806768177783,-5.134009606973134
0.13796150982590114,-5.135230885605086
0.136921843086792,-5.136714325978257
0.1360764579242377,-5.138046833106821
0.1351093524237343,-5.139435538678119
0.13412088568722935,-5.140620702502087
0.13328108969582497,-5.141690388904315
0.13237486431828888,-5.142475828291023
0.13131286880181717,-5.143539630768095
0.130360731827302,-5.1445181110330225
0.12931523758618357,-5.145783527207518
0.1282593882797075,-5.146992465247323
0.1270803571955702,-5.148297109986583
0.12599061640476453,-5.149352365871806
0.12472681761457982,-5.150318798428055
0.12336980846983615,-5.151357627864416
0.12211357257617941,-5.152485219806505
0.12071564670797427,-5.153971463781619
0.11943369280915385,-5.155356465388283
0.11830192880167158,-5.156713906948005
0.11724249547210723,-5.158128230100955
0.11613570989473357,-5.159464772670339
0.11492571270543941,-5.160898765976561
0.11383886074050241,-5.162416224598854
0.11248684508479863,-5.1639448243216375
0.11111465778655137,-5.165619821182923
0.10969773781142093,-5.167329548391543
0.10835365781954687,-5.168847416568792
0.1070487851131208,-5.170079459744665
0.10588452892641205,-5.171202316780228
0.10475590793652388,-5.172352278322309
0.10369301875112022,-5.1737091175429395
0.10268732963849647,-5.175078956102397
0.10170854399570403,-5.1764759128783515
0.10078161917357371,-5.177798972345546
0.0998650407716749,-5.1791207891692075
0.09896092374305512,-5.180394861091833
0.098178373679364,-5.181545382964047
0.09757290963932275,-5.1825954647612535
0.09708821367007199,-5.183605359313783
0.09638968618475406,-5.18483838000128
0.09523125808400278,-5.1860407660261085
0.09407888873888524,-5.18726460352567
0.09299936516144379,-5.188332354229087
0.09226312177147274,-5.1891336758844995
0.09143851590997601,-5.190064764391772
0.0904556906232317,-5.191016819587391
0.0890544934260142,-5.192293586411275
0.08756968763117963,-5.193823130417559
0.08615617022040692,-5.195215195298188
0.08482724324322223,-5.1965416158822855
0.08377605987429128,-5.197943597982832
0.08276022588690349,-5.199350489696317
0.08140696774647811,-5.20112911274257
0.07993393665225795,-5.2028451416677255
0.07841655361627746,-5.204615528780225
0.07685780971447694,-5.206583983415297
0.07522166103913738,-5.208972391093958
0.07372471774671266,-5.211068501910789
0.07223704029499857,-5.213157366376327
0.0703185748801848,-5.215246195215303
0.0684652931673599,-5.217473441943299
0.06638597214856884,-5.2198760124657495
0.06447245191940672,-5.2224077552206865
0.06256536812246051,-5.224931600474872
0.06077954560633958,-5.227361350141235
0.05887641320374551,-5.229699519764099
0.056822634394171644,-5.232222323159068
0.05428396223941557,-5.2351211165440645
0.05184677902407219,-5.238078979699647
0.04933877003467566,-5.24089866096663
0.046973430495618494,-5.243642857709502
0.0446490529446471,-5.24641874138867
0.042066851314295516,-5.249506845838161
0.03928040545900371,-5.252691593143388
0.036491363351101244,-5.2558739729065245
0.03365333462321483,-5.259185967051008
0.030574563144904553,-5.262740478073239
0.02768604382103331,-5.266442578184812
0.024717383393369246,-5.270223525081189
0.021610446289474766,-5.274111720881383
0.018322232478209452,-5.277858851602426
0.014750586296035683,-5.281944209435249
0.011223062094155196,-5.2859470035173155
0.0078231976556201,-5.290048480052064
0.004382187012949123,-5.294197696801047
0.0009949975182567696,-5.298620865532861
-0.0023920935348289395,-5.303024210211774
-0.0060667693965147885,-5.30744096795879
-0.009879672733640843,-5.3120271299400565
-0.013964506263825244,-5.316853942482142
-0.017724613388118187,-5.321606470794283
-0.021703257690442762,-5.326547934408252
-0.02559087907868692,-5.331450888556316
-0.029679033484330097,-5.336379855947545
-0.03369468586442342,-5.341219971744317
-0.03803449633464729,-5.3462192475258545
-0.04205717558225154,-5.351000755025558
-0.04598583875472432,-5.355714532498919
-0.04979222975531626,-5.360522405833904
-0.05382328726542165,-5.365504008011475
-0.05790515812540936,-5.370547880987606
-0.06182788168741372,-5.375385056876173
-0.06557526742271796,-5.379975458558306
-0.0693289940137978,-5.384875769456584
-0.07302121644910063,-5.389920772199276
-0.07692621132731733,-5.39496495271197
-0.08050720272261545,-5.399652713573394
-0.08396761127854575,-5.404432595878748
-0.0870716345113914,-5.409581249789879
-0.08994024353704189,-5.414745842727917
-0.09284861473983164,-5.41974094042154
-0.09524123998632227,-5.424731340899567
-0.0978159987239758,-5.429713689016689
-0.10056323944950189,-5.434907353322807
-0.10318143707853297,-5.439994455774478
-0.10596937268449831,-5.445230159432917
-0.10822772955214606,-5.449816329556624
-0.11013764838396269,-5.454067776832424
-0.11201007984010074,-5.458064646775331
-0.11407831174448693,-5.462301573590378
-0.11614686700280664,-5.466414948895685
-0.11837352367542502,-5.470569965243152
-0.12037224933097129,-5.474445346739755
-0.12208148609921193,-5.4780221616395846
-0.12367440794187347,-5.481419929172003
-0.12498793699665675,-5.484474931592295
-0.1261538063339113,-5.487465062653148
-0.12746614827572947,-5.490457903226298
-0.12884913599927764,-5.493537415201596
-0.13025959523966288,-5.496386052762441
-0.13144619349745224,-5.499121008460408
-0.13218723795533807,-5.501309226486059
-0.1323834346061978,-5.504116187643794
-0.13293940611840058,-5.506967777589498
-0.13348632765011162,-5.509796300865267
-0.13410286605371174,-5.512383004702513
-0.1348694693631525,-5.515085340026897
-0.1352934339896842,-5.517803895172572
-0.1352690913684632,-5.5200587106965555
-0.13503842396110624,-5.522027076821458
-0.13495991563858853,-5.523953653203293
-0.13486524106951378,-5.525821355296864
-0.1348252740831808,-5.5277544288495015
-0.1344857498878911,-5.529486425178175
-0.13380119431913948,-5.530940622859529
-0.13307728655764292,-5.532021372458488
-0.13235452436960252,-5.53306792779759
-0.13165587182848948,-5.5340545362167655
-0.13108260093186394,-5.534945844736455
-0.1301740857102077,-5.535502716352848
-0.12872692081819542,-5.53624507065146
-0.1274261839670927,-5.536876064205113
-0.12585846595549913,-5.53721157383115
-0.12406587825030428,-5.537294408350043
-0.12254429303496003,-5.537171050056696
-0.12080697527705364,-5.536858494529236
-0.11892143424803996,-5.5364616508731785
-0.11717219388179809,-5.535960858003806
-0.11555329150281016,-5.534828041067767
-0.11362055757024096,-5.533454136644685
-0.11183730368854887,-5.53206305273372
-0.11036727314030771,-5.530546832731898
-0.10878023989523211,-5.52894065048919
-0.10704432411179393,-5.527067977646469
-0.10504289563514489,-5.524877624137625
-0.10255418121024465,-5.522312755380682
-0.10048672661921211,-5.519892944716522
-0.0982166825998014,-5.517309168676554
-0.09613788208406818,-5.514872173236935
-0.0938853146240401,-5.512258924606368
-0.09149293019391376,-5.5096345121397095
-0.08873663556589469,-5.506730269482365
-0.08607003265495242,-5.503710392042476
-0.08304517780458838,-5.500333300360627
-0.08031607864821062,-5.496940584874826
-0.0777794471001137,-5.493548902882593
-0.07491244423734557,-5.489854003598921
-0.0719738350981785,-5.486105581863004
-0.0690318109394558,-5.482142701326112
-0.06578645859853968,-5.478198530212287
-0.06253184659298358,-5.474157004542254
-0.0596348221648789,-5.470201511568105
-0.05692294560080958,-5.465346444114385
-0.053750573628391064,-5.460077854119925
-0.0505506671650925,-5.45478824204303
-0.04714941784823377,-5.449361669323395
-0.0435409029024292,-5.443743681501986
-0.04039677336164711,-5.43801332774958
-0.03737211665182904,-5.432374242493878
-0.033951652413579766,-5.42641485868111
-0.030435986924519775,-5.420452955056036
-0.026543430794757402,-5.414200113451205
-0.022657272960672565,-5.407924538071522
-0.019059245290695512,-5.401856000071128
-0.015811492225773802,-5.3960567408534805
-0.012089461256409285,-5.390122632566274
-0.008450234198307363,-5.384156837468225
-0.004477016345376445,-5.377932918080635
-0.0012194498236594304,-5.370814840379884
0.0020967673868505024,-5.363624324796799
0.0048647079856175245,-5.356287645129859
0.007714577564448194,-5.349085095286308
0.010440587578680145,-5.34203441577477
0.0130459015299077,-5.334969378753674
0.016038068148691496,-5.327852942138258
0.019329870760433316,-5.320729971048597
0.022362229217289642,-5.3138073607358915
0.02531575083096571,-5.306823395497245
0.02804209421926312,-5.3001736798483225
0.030536963380268227,-5.293660116573949
0.033398532739958096,-5.286952536059144
0.036249084591203705,-5.280121833746905
0.03902029085793974,-5.273360626847618
0.041745811304873585,-5.266563500268641
0.04427164268349436,-5.260076030555695
0.0464181180155085,-5.25406767218219
0.04892711780024876,-5.247989147283502
0.05037130295149757,-5.240999734793313
0.0519123088314861,-5.233757270941473
0.053306740096002,-5.226657023014982
0.05453381598899185,-5.219713021227964
0.055597201221078425,-5.2130455485951765
0.0569173092914058,-5.206290653907892
0.058043385008287963,-5.199838660001955
0.05911152575310672,-5.193394960197876
0.060219862915789804,-5.187138330519739
0.060874891911553604,-5.181234195118532
0.06160272273392376,-5.175379295684441
0.062297483859581046,-5.169775795455977
0.06295900324862792,-5.164198415594068
0.06347086719673277,-5.158894465594088
0.06431615688370333,-5.153537352464511
0.064777312263601,-5.148479712918476
0.06507570104413658,-5.1437411577141665
0.0651954373370279,-5.139220513584533
0.06480953032075036,-5.135094253881541
0.0644881114014134,-5.131155401588611
0.06447819000509271,-5.127352703414742
0.06442387789025575,-5.123585182427471
0.06400128597225686,-5.1201523304191126
0.06290769472490343,-5.115929562087501
0.061442901889186496,-5.112032530533429
0.05961028074651321,-5.108427067744486
0.05808584935014504,-5.105063906476939
0.05656153258450783,-5.10171519203112
0.05466441628150093,-5.098767779799011
0.05292438709489427,-5.095943995666224
0.051056489166599515,-5.093171186467029
0.04961309161878037,-5.091554533517742
0.04798476954737964,-5.0902421845931505
0.04654045409358811,-5.088762225101384
0.044885512924945574,-5.08755984178008
0.04304083645972416,-5.086352670687623
0.0411726679092485,-5.085272695380383
0.0390039273140552,-5.084460889661615
0.03614743133488887,-5.083448339405617
0.03352892218596582,-5.082249938888369
0.030798559480066268,-5.081499548249235
0.027980682471058255,-5.080552091255631
0.025203299326464687,-5.07961628153649
0.022001656948400453,-5.079145660142025
0.01867979839514909,-5.078580538040691
0.01529964086808479,-5.078053417349389
0.012020436334674211,-5.077579015916058
0.008511372296646806,-5.076908208715093
0.005038665242405705,-5.075967920643878
0.001439785118890923,-5.07520274903568
-0.0015560002781266086,-5.075896557419873
-0.004742018036486573,-5.076760098214332
-0.008073545999525021,-5.077682614852968
-0.011260141274845327,-5.078475728454886
-0.01444226419199459,-5.079272250249188
-0.017799069982015157,-5.080267784748687
-0.021418475547247122,-5.081534019958409
-0.024632309084302608,-5.083117699953512
-0.02821858139410897,-5.084960195986975
-0.03172426652579139,-5.0869902952697155
-0.035374455132077404,-5.08902582678564
-0.038693166248921246,-5.09104405962758
-0.042059733488999676,-5.093075413999202
-0.045775011757907214,-5.095309938603286
-0.04960451822104681,-5.097767848853759
-0.05354148412955226,-5.1003918387634535
-0.057567536519302964,-5.1029921638188815
-0.061257792323039184,-5.105497650000398
-0.06459590384851507,-5.107675655609648
-0.06814287460942217,-5.1098098021304725
-0.07168931404642108,-5.112075826274593
-0.07545212997684604,-5.114213419797336
-0.07926799270735312,-5.11653094685168
-0.08248726363809482,-5.119600726775635
-0.08570915878149482,-5.122508358694816
-0.0884659433169805,-5.12505092071056
-0.09142901860468478,-5.127374728350297
-0.09449628378700553,-5.1295562170637305
-0.09750341558607344,-5.131690504746839
-0.10050501508197245,-5.133637564463325
-0.10374306006612635,-5.135628937306823
-0.10657359632505255,-5.137300414434461
-0.10966078128016873,-5.139205157796382
-0.11284943007337865,-5.1413399408839675
-0.1159867017686557,-5.143323750433942
-0.11885392159297659,-5.145216166117669
-0.12172212307206823,-5.146963890394754
-0.12428109731270266,-5.148436704753663
-0.12658511166174014,-5.150277849378703
-0.12901381847606547,-5.152486592038382
-0.131137791114958,-5.154325842335423
-0.133081935558763,-5.156220554854546
-0.1350422189365023,-5.158122297866162
-0.1367364628785635,-5.159701493446341
-0.13797503833816413,-5.161753938467563
-0.13903331592697424,-5.163664786478018
-0.14009033293195897,-5.165602692388131
-0.14107294887652422,-5.1678629739003545
-0.14200493217322788,-5.170137749069489
-0.14311025736490005,-5.172353846754999
-0.14380520884331927,-5.174072236354133
-0.14430134603079808,-5.17579361366243
-0.14463244457487748,-5.177219534778413
-0.14502472130548077,-5.178719624137447
-0.14559242720662874,-5.180200150694343
-0.1459797325690084,-5.1817723472677955
-0.14615026217092555,-5.183081552592017
-0.1463792754170412,-5.184083707249297
-0.14629555406548087,-5.184630493402386
-0.14598986867939676,-5.184660815420933
-0.14564547046940166,-5.184660780212834
-0.14549903004604287,-5.184507405869406
-0.14543017207207806,-5.184448148112816
-0.14482564850652857,-5.1839688004834015
-0.14433546011276194,-5.183400802142393
-0.14371963707342408,-5.182652438616966
-0.14277777168791966,-5.181521255030733
-0.1420570305679728,-5.180218636659795
-0.14141591484909422,-5.1791100015621625
-0.14055580680264784,-5.177829549284823
-0.13984215306265121,-5.176594577326004
-0.1389600373863777,-5.175490010953991
-0.13796388007751023,-5.174248118936286
-0.13683659410604113,-5.1728522409688065
-0.13580841968958263,-5.171379347322091
-0.13482128624086465,-5.169938598293328
-0.1338288795190224,-5.168491434444828
-0.13276080738190096,-5.167102802558401
-0.13148779580819123,-5.165553342062293
-0.13049064113787145,-5.164338501999489
-0.12952897442234215,-5.163095906261882
-0.1287741047279619,-5.162015517024011
-0.12770958878648536,-5.160559509442141
-0.12658740666324075,-5.159148111887879
-0.1251731220488887,-5.1575074647046515
-0.12418026099526219,-5.1562363787385594
-0.1233038545759029,-5.155202121015834
-0.12264448778042714,-5.154365007251676
-0.12186747973071349,-5.153385191496705
-0.12099124377087739,-5.152057661013004
-0.12014051503212379,-5.15078093992538
-0.11929594591470927,-5.1494886108798354
-0.11865874873573223,-5.147940358303908
-0.11824748279627205,-5.146614558057215
-0.11818190224863606,-5.144900595476831
-0.11839998235825182,-5.143498703138561
-0.11855050195155957,-5.142021148534767
-0.11850100232987548,-5.140510286267444
-0.11832171662476174,-5.138835186198944
-0.11814869827306186,-5.137360005476068
-0.11816691114270138,-5.135955824850924
-0.11844260174123428,-5.134822313605437
-0.1186209878618921,-5.133778661305643
-0.11873096158281256,-5.1327396045799505
-0.11872486409656542,-5.131591739505188
-0.11899041585073605,-5.130423291314058
-0.11941483766447611,-5.129262619870316
-0.12016171097319796,-5.128355247210232
-0.12079254992780675,-5.127575543469642
-0.12166912336235632,-5.127031509328978
-0.12229619878337555,-5.126291336325142
-0.12308141113480778,-5.125751460842641
-0.12375580180761181,-5.125257173532515
-0.12488533029585146,-5.1251206001653875
-0.1257814965117455,-5.12484460043508
-0.12678326363984221,-5.124384274014701
-0.1282868712827926,-5.123771674000069
-0.12985058723868986,-5.123359233858851
-0.13133862808225352,-5.122987786842794
-0.13312011056655365,-5.122847084397977
-0.1348010655745897,-5.122584643654227
-0.13662098460968267,-5.122214145813157
-0.1383787555225317,-5.121794754373649
-0.14025871810612886,-5.121523284390621
-0.14188592028975577,-5.121448323794959
-0.1437074424172084,-5.121526274372116
-0.14567797719349881,-5.121784640915802
-0.14781219600230383,-5.122038334119606
-0.15004476464148195,-5.122351128845713
-0.15209693748038514,-5.1224458422802
-0.1540135618396233,-5.12264580106067
-0.15598777431538993,-5.122965206332317
-0.15823724659701935,-5.123540311020668
-0.160702723071388,-5.123947579232301
-0.16318702034926857,-5.124341756936748
-0.16530057579705862,-5.124471537684881
-0.16717445200827788,-5.124459659537306
-0.16908035893390402,-5.124452338451279
-0.17138192164204755,-5.124524974304205
-0.1737053744176286,-5.12483824290248
-0.1761104662187981,-5.12523050697932
-0.17850464826280257,-5.125634381471754
-0.18078160203006355,-5.12622417105125
-0.18284973840575974,-5.126612156016031
-0.18504452300607488,-5.127224206552136
-0.18690215399491697,-5.127681263571055
-0.1886605197919976,-5.128060175887298
-0.19069641173438812,-5.128565238285121
-0.192901531929089,-5.129228724749739
-0.19504775197177254,-5.129845826643271
-0.19703496610418772,-5.130431682199236
-0.19886595547784824,-5.130819338161763
-0.2006703947058038,-5.1311861279361874
-0.2024747260662195,-5.131465344136653
-0.20427814674998343,-5.131827143470298
-0.2058739777362918,-5.132025316817948
-0.20739266416392807,-5.132315033536361
-0.20887147383568033,-5.13239573326775
-0.21042286684542613,-5.132525799056746
-0.21186098213289642,-5.132743563098527
-0.21333169140752892,-5.132912093464206
-0.21449537150741452,-5.132770282156328
-0.21586559989142884,-5.13241568409627
-0.21708684511944895,-5.13183193234346
-0.21869310095301836,-5.13171305800819
-0.22031780862919056,-5.131876851526281
-0.22154754743495886,-5.132699590767695
-0.22262903587824137,-5.133343426486872
-0.22369609295941478,-5.133794463860646
-0.22465555274708074,-5.13409470040471
-0.22562623010936536,-5.13440850004049
-0.2265646293497158,-5.134950467353093
-0.22754991836235297,-5.135556440166027
-0.22848213411312976,-5.136098397640645
-0.2293553878420765,-5.136483983968013
-0.2300154314392623,-5.136836296843854
-0.23037783873756032,-5.136829453933784
-0.23067635450122642,-5.136999441854545
-0.2311619909648674,-5.137110504051519
-0.23179175980817204,-5.137395362028996
-0.23226197988043085,-5.1375894694533
-0.2325213381080801,-5.1375991409490664
-0.23255461875060132,-5.137412132162068
-0.23242802366837403,-5.137195616211851
-0.23248856239103835,-5.136965538628785
-0.2327650823992991,-5.136936267847946
-0.23305359841824944,-5.136905984254064
-0.23322846404458836,-5.136934204833631
-0.23295770617774772,-5.136855647501972
-0.23288651647440872,-5.136734800848862
-0.2326731807203299,-5.1365815976915234
-0.23277713820336432,-5.136678813580026
-0.23263937418005468,-5.136669636937626
-0.23255140455613274,-5.136797665680758
-0.23215167772193346,-5.136679641524897
-0.23202858771280144,-5.136643360471778
-0.2320990363678268,-5.136739113502252
-0.23215784783271484,-5.136753779337129
-0.23213836838139848,-5.136720092725806
-0.23213396919191814,-5.136562769833079
-0.23199450924833653,-5.1363313700837585
-0.23179161973729828,-5.136032974442793
-0.23149886475232345,-5.135831197376518
-0.23132742460439648,-5.1357435979465995
-0.23126357388274985,-5.1357023397948804
-0.23147420547165995,-5.135582799026364
-0.23160422642559955,-5.1353929371503515
-0.23156323435992499,-5.135221724365452
-0.23142811838297114,-5.134980618381533
-0.23136151264282015,-5.134665579295692
-0.23137829890196734,-5.13468427117413
-0.23166761208808967,-5.1349718405154405
-0.2318560647094682,-5.135390331999247
-0.23205690125740616,-5.135930299473154
-0.23183661626164695,-5.1359621259745944
-0.23147398788342582,-5.135807565319193
-0.23115679756182717,-5.135390812606822
-0.23086609350585094,-5.13500601877556
-0.23088623112632345,-5.13490796748762
-0.230908375929945,-5.134895820716522
-0.2308418914624175,-5.134812382818717
-0.23062302600470294,-5.134643818777726
-0.23035437870338815,-5.1343809979641275
-0.23021068434476802,-5.134461137648841
-0.2300997282307548,-5.134610849356831
-0.23017985397800983,-5.134612677948147
-0.23046979944338872,-5.13485635011123
-0.230538098479115,-5.134814834839802
-0.23035560067420227,-5.134800037712536
-0.23024295129219435,-5.134673928218062
-0.23022202546057072,-5.134711651396583
-0.2301537542421846,-5.134656783515137
-0.23021074435284516,-5.134591643437528
-0.23042519315691146,-5.134675574912656
-0.23052824563107044,-5.134860499133111
-0.23053138626948538,-5.134910503329519
-0.2304932124096004,-5.134866514238752
-0.23052349713448406,-5.134722151461123
-0.23080068566731726,-5.134517184053184
-0.23123208927595004,-5.134498268916617
-0.2318802712403185,-5.134540576604561
-0.23212361799741843,-5.134491203565109
-0.2324183887314152,-5.134503854205687
-0.23258557394317003,-5.134354881729105
-0.23289163145115205,-5.134264643779144
-0.23323507082846814,-5.134219470210119
-0.2338373998353793,-5.134399352487555
-0.234131255394725,-5.13456681105635
-0.2344970417876993,-5.134821040296716
-0.23472290491320483,-5.135100466928469
-0.2349633626807664,-5.135701661328538
-0.23509815795921743,-5.1361753838484265
-0.23552848102460433,-5.136714705751262
-0.23580327047871538,-5.137253723638258
-0.23615119091002826,-5.137543086771304
-0.23640066668019785,-5.138087614591688
-0.23663675011873045,-5.138621567540625
-0.2368209974054678,-5.139309378622086
-0.23686059174886098,-5.139817081328904
-0.23692066139573784,-5.140340929980525
-0.23715797921435602,-5.140683871625596
-0.23726269850595422,-5.140866820975414
-0.23728049155795003,-5.141004393460984
-0.23723972855260703,-5.141056196253161
-0.23719778283525195,-5.141181018692009
-0.23726953974323875,-5.14121790187944
-0.23753816941123554,-5.141410155596365
-0.23768947691785366,-5.1414608512723206
-0.23761841094787875,-5.141359908145258
-0.23729328511811165,-5.141040014250349
-0.23714239114185473,-5.140894684296217
-0.23696658454834765,-5.140768618793762
-0.23705790193345058,-5.140881373591762
-0.23694071257410898,-5.140550218906502
-0.2369391542995775,-5.140236414866519
-0.23659253550889014,-5.139814152377182
-0.2362757951001679,-5.139439279298847
-0.2359795833753811,-5.13927525458067
-0.23583185939977927,-5.139163750156849
-0.2355928595371723,-5.139086711566249
-0.23524246132831747,-5.138764867866929
-0.2350245862671051,-5.138469761202767
-0.23463262331253928,-5.138164717782478
-0.23404583644303034,-5.137624594021192
-0.23329456976894836,-5.13719700365794
-0.23251073180379725,-5.136769437726493
-0.23194784533678012,-5.136608457531252
-0.23150888467745723,-5.136399000372028
-0.230917505202688,-5.136324742272141
-0.22998198880553875,-5.1358351709251
-0.22886029445983203,-5.135260794801042
-0.22775053181577307,-5.134467977437622
-0.22691705279192398,-5.134008559392328
-0.22616707545611195,-5.1337449498374
-0.2254590459652074,-5.133565263370142
-0.2245780318753899,-5.133176767425776
-0.22349597918082795,-5.132518538955893
-0.2223848325092599,-5.131606414453831
-0.22117616277965008,-5.130576579534716
-0.22009828491067784,-5.1297497313672
-0.21914622195426484,-5.128858491955852
-0.21844418848933572,-5.128269035130872
-0.2172853191388703,-5.127408193476979
-0.21602570950836716,-5.126497612804048
-0.21457541796559607,-5.125716490452762
-0.21305810726797658,-5.124942748586614
-0.21171692735410358,-5.124307984909959
-0.21038940258172478,-5.123662656855865
-0.2091746161132642,-5.123153423665142
-0.20793224329802026,-5.122622424664038
-0.20662849753193122,-5.122139000544061
-0.20529507540257227,-5.121619741684335
-0.20391909119295906,-5.121066901266359
-0.20258241239396232,-5.120483586165175
-0.20159033346886013,-5.120241626054721
-0.20047923792976396,-5.12015733525289
-0.1992226867712296,-5.120105076880693
-0.19794370839380035,-5.120025702545317
-0.19651326028903657,-5.119761608838583
-0.19536834810051315,-5.119604805241413
-0.19427436483280233,-5.1195094993671715
-0.1932765915804344,-5.1193174561255645
-0.19226147747722291,-5.119111731488561
-0.19138626271221634,-5.119062272513461
-0.19038959732906677,-5.118904268900558
-0.18942133512664022,-5.118768657693672
-0.18850237826043598,-5.118481879766598
-0.1875679253842284,-5.118074541972461
-0.1866336239009644,-5.117731898219016
-0.18556464905596767,-5.117301869312849
-0.18484310012858982,-5.117291609090652
-0.18398861645738246,-5.11725429059022
-0.1831498884035817,-5.117349774573884
-0.18232517871059725,-5.117462205283504
-0.18176045815743003,-5.117537626465237
-0.18125998659568554,-5.117588478482082
-0.18069820712038764,-5.117565250694098
-0.18012316573749504,-5.117677625193873
-0.17930471339808998,-5.1179616748826
-0.17852233585986854,-5.118289294249965
-0.17781751324633552,-5.118615973685428
-0.17727450369343115,-5.119026920725278
-0.17674035803387184,-5.119360574697011
-0.17610971869112718,-5.119769143899818
-0.17521673409828578,-5.120349377697556
-0.17427703353030477,-5.120887004513651
-0.17340265347289002,-5.121644245959227
-0.1727203001918383,-5.122529530641291
-0.17231970866415944,-5.123670607520603
-0.17171342750079208,-5.124496160329932
-0.17116176949321485,-5.1252465621680505
-0.17028457286231366,-5.1257043573351675
-0.16983268592555026,-5.126474176484192
-0.16962822985274023,-5.1271789940288235
-0.16961396237410956,-5.128033577583789
-0.16954925602280202,-5.128738906139855
-0.1695404205386484,-5.129247240919426
-0.16943233209118955,-5.129528461430298
-0.16937187868932918,-5.129867309815392
-0.1692562820092722,-5.130281043574939
-0.16918656494817916,-5.1307622034944655
-0.16923654369738267,-5.131388159812172
-0.16950223653900648,-5.132026246089853
-0.16969874475671048,-5.132710633837063
-0.1697439259003242,-5.133211968833407
-0.16966400842110366,-5.133744990789078
-0.1696477808531479,-5.134181716342657
-0.1698789683060852,-5.134917759808754
-0.1703211351957152,-5.135792361372578
-0.17051796654965412,-5.1369341340628045
-0.17066583549393366,-5.137978487781514
-0.17060782747855016,-5.138893024446268
-0.17040075476403233,-5.139637063612294
-0.17003495116491948,-5.140266210854076
-0.16974721029382925,-5.140989844605356
-0.16964054612022897,-5.141904790096561
-0.1696764018618854,-5.143097653804736
-0.1698543884309536,-5.144338479115884
-0.1698027014467867,-5.145398606637282
-0.16967654394039794,-5.14651649283594
-0.1693358470951295,-5.147318047503297
-0.16913127490254737,-5.148144098070942
-0.16901078106337836,-5.148989494879288
-0.16882703270643068,-5.150124014832323
-0.1684870669629218,-5.151078627558395
-0.16813490680892892,-5.152019880847455
-0.16771469772005423,-5.152878732759641
-0.16713129912483474,-5.153670500291792
-0.16689456282535364,-5.154420905830652
-0.16679850349107342,-5.155323067257385
-0.1666573466544192,-5.1562010540781635
-0.1663724714913345,-5.156959906093901
-0.16574607690733403,-5.157459331268531
-0.16537465186901254,-5.157761138838292
-0.16537004777369915,-5.158048909953531
-0.1655730839907768,-5.158499913655176
-0.1655771507594151,-5.158834813134201
-0.16546591210225456,-5.159059509885472
-0.16494883557633858,-5.158965232851912
-0.16461309603519614,-5.158984043568054
-0.16433338432904362,-5.1590349566991565
-0.16454562403743175,-5.159472542530929
-0.16451121934896643,-5.1597903606280715
-0.16449082830824324,-5.160263533072294
-0.1642497136805826,-5.160563251231553
-0.16411029610314143,-5.16083824082683
-0.16373221695980514,-5.16113038522356
-0.16364594962406853,-5.1616518611241675
-0.16349080942681984,-5.1622004665404715
-0.16351786052112183,-5.162819440688802
-0.1634758057488158,-5.163384123873754
-0.16333699014286093,-5.163856659835318
-0.1629595200682775,-5.164514124837386
-0.16247147305458426,-5.1650356111107705
-0.1620340706059934,-5.165599597566377
-0.16168235944774756,-5.166097183042631
-0.16147757801527182,-5.16675998224883
-0.1612317938730099,-5.167343316262688
-0.16084508611369372,-5.16803582723879
-0.16055528697899335,-5.168466096721843
-0.1602443219567879,-5.1687716616634845
-0.16019850188995782,-5.16935235730956
-0.1600205746172496,-5.169840555176268
-0.15990301389340122,-5.170519776344275
-0.15967916186149111,-5.1711257315704895
-0.15963705154131672,-5.171889870940254
-0.15930773131739545,-5.172488409982634
-0.15911548680824406,-5.173282406224595
-0.15905277099153386,-5.174152954458604
-0.1590380892803182,-5.1749862539302605
-0.15896392274301044,-5.175839975903968
-0.15897380976359393,-5.176900517595339
-0.1588881813225568,-5.1779501457330435
-0.15922120532692186,-5.1790412551826455
-0.15952128031645668,-5.180332478856367
-0.15991320168348397,-5.181828953627657
-0.16025108278741648,-5.183304417614321
-0.1607143234725901,-5.184816924624921
-0.16104026560404675,-5.186162937477243
-0.16120190360128894,-5.1875677364781065
-0.16144021361821775,-5.1890213921830775
-0.1619946780058205,-5.190858322730363
-0.16276550439481474,-5.192767026792731
-0.16357708994796272,-5.194825496411662
-0.16413888824574246,-5.1965809954383495
-0.16446817783389472,-5.198244427829455
-0.1647793771995493,-5.199795712003424
-0.1654711532189775,-5.2016304560778295
-0.16659932846120543,-5.203807356589028
-0.16760216319833537,-5.206080947286202
-0.16862173350849202,-5.208374759292329
-0.169330763656379,-5.210425022229884
-0.16998012765455597,-5.212521265107248
-0.17046696769215888,-5.21442028554842
-0.17117426422768783,-5.216491986884286
-0.1718682949299425,-5.218573715460948
-0.17281960287260562,-5.22096748027242
-0.173548439384623,-5.223186830475265
-0.17410534452536966,-5.2256433437870715
-0.1744617253038988,-5.22804321463037
-0.1749017917366099,-5.230465675709028
-0.17543012506010236,-5.232815147531676
-0.17607954501849937,-5.235045314268735
-0.17686461403767617,-5.237440063062979
-0.1775006449494183,-5.239881038568195
-0.17826986020147553,-5.242429941554979
-0.1788697400023586,-5.244773205186771
-0.17940541918832095,-5.247057399583459
-0.18010414846573264,-5.249277616260252
-0.18081235490931044,-5.251473214244217
-0.18129662177045988,-5.253658192967413
-0.18181135948884744,-5.255926707137505
-0.18250294688581745,-5.2583758624697285
-0.18331978314012418,-5.260728447435828
-0.18417176637640903,-5.263067471777618
-0.18470419003235433,-5.265091418001279
-0.18544391966022372,-5.2669556720125446
-0.1860870990736757,-5.268798413532273
-0.186876187010176,-5.27078070922956
-0.18763845550223518,-5.2727836422747485
-0.18813914594179948,-5.275276241235978
-0.18851695016146544,-5.277619592031852
-0.18872322862825633,-5.279691700668798
-0.18877357275369056,-5.281520969487911
-0.18887861609996076,-5.283212208183414
-0.18896980851817669,-5.284837322318246
-0.18909423483775503,-5.2864369456537394
-0.1894207435533306,-5.2883004984243795
-0.18974960849256986,-5.2901759012750045
-0.1901806043443533,-5.291972949813487
-0.1903672913910923,-5.29350327885074
-0.19040064992634936,-5.29482695893451
-0.19039716728783407,-5.296179009774595
-0.19032870411895864,-5.297502657137969
-0.19046234128605957,-5.29901501201334
-0.19048664963838421,-5.300611438476111
-0.1905637063574453,-5.302236915633516
-0.19026504687686435,-5.303625120941645
-0.18974467494041125,-5.304824788449172
-0.18950484448416022,-5.3061324671715955
-0.1891740937742995,-5.307329624404843
-0.18877830615823118,-5.3086676639918675
-0.18835928147923867,-5.3097556832218284
-0.18808001649999043,-5.311013736843918
-0.1877537001904533,-5.312094410028289
-0.18713785724146723,-5.313504277247218
-0.18649756113925461,-5.314819694541557
-0.18578915200589588,-5.315997610570708
-0.1852689496154232,-5.316924530280862
-0.18464771349374115,-5.317627015584599
-0.18409178266383416,-5.318487734343575
-0.1834332930581376,-5.319427208421793
-0.18291159261102102,-5.32047340720618
-0.18228774789110466,-5.321395363167991
-0.18188174586215206,-5.3221501202477475
-0.18112001399209174,-5.322627634410347
-0.18022085314800912,-5.322937986221573
-0.17935326910394833,-5.323224072976113
-0.17836058233819452,-5.323412724789873
-0.1774811523476766,-5.323739364004735
-0.176792492446679,-5.324102004541676
-0.17588116133084414,-5.324230483106118
-0.17479511985604734,-5.32437096361376
-0.17347830786951995,-5.324296576718194
-0.17210912147176236,-5.324223061116699
-0.17103168948263472,-5.324187362716627
-0.16994776507708226,-5.324479431502992
-0.16885644654000975,-5.324711000001506
-0.16759372834323963,-5.324978503771827
-0.16638858425300576,-5.325201742296335
-0.1653874918452893,-5.324827006057457
-0.16415319262447559,-5.32426448987101
-0.16321310149845722,-5.323879107941894
-0.1620491480068774,-5.323376150352231
-0.16105500076969806,-5.32301811369379
-0.15998193760409887,-5.322544109902921
-0.15897851871257448,-5.322176438532268
-0.15750057088306427,-5.321331893966799
-0.15602191426974213,-5.32051963299995
-0.15439151496524134,-5.319485927148353
-0.15303124435409413,-5.318739487914239
-0.1517592238177998,-5.317852421419817
-0.15017387116423953,-5.316761617538136
-0.14863846631846334,-5.315731717700597
-0.1469033256340684,-5.31465159308784
-0.14542034806674073,-5.3135089178363595
-0.14380640862621485,-5.312206698162523
-0.14232046750145927,-5.310953971766983
-0.14088059149210877,-5.30975260006487
-0.13918065794680176,-5.308326530540391
-0.13747982355859886,-5.306972595587306
-0.135857038181311,-5.305487990518937
-0.13445979201469588,-5.304201892094676
-0.13308194755768848,-5.302742612819385
-0.131709633848401,-5.301278945812338
-0.13061736339892233,-5.29957264728642
-0.12914827406119658,-5.297472713120589
-0.1279427684352135,-5.295553958620855
-0.12661218578547032,-5.293476990143514
-0.12567422809885637,-5.29179233893074
-0.1245546110691169,-5.289957897951002
-0.12357373226110517,-5.288193680742576
-0.12238249094638501,-5.286226153947173
-0.12121787173395131,-5.284120474736729
-0.11992997679609252,-5.282088964622805
-0.1189801284288468,-5.280320813036132
-0.11812343621081216,-5.278857963908948
-0.11732550032050994,-5.27754071190244
-0.11650495532065651,-5.276205807112183
-0.11578675519853115,-5.274693123643021
-0.11494693223373562,-5.273103853706814
-0.11423856349747345,-5.271617003769007
-0.11364694893172383,-5.270039945686765
-0.11349963903485792,-5.2690041576030175
-0.11349095815381487,-5.268076366774965
-0.11338748311270373,-5.2672217032603
-0.11335493656326708,-5.265882160618627
-0.11302794716373132,-5.264235658727956
-0.11273660372761264,-5.262447342886449
-0.11244325405115352,-5.26066053276243
-0.11235788640011939,-5.259127007365001
-0.11261085150744746,-5.257857323566087
-0.11276822108092238,-5.25666148620055
-0.11289291271946221,-5.255503878487644
-0.11293417289624248,-5.254306522904545
-0.11306983984171293,-5.253036160022932
-0.11337312578001428,-5.251861346994321
-0.11378898505490079,-5.250722572117874
-0.1140368251877699,-5.249713654511121
-0.11432275469639595,-5.24880877974383
-0.11473804121683835,-5.248103083842773
-0.11504932360072151,-5.247477760984366
-0.11590692424538339,-5.247278849729254
-0.11656086265827309,-5.246832058935575
-0.11719477239524774,-5.246400746021413
-0.11775577506431649,-5.2459125518006235
-0.11847239723244578,-5.245583542284019
-0.11926670373331352,-5.245365553649673
-0.1200611626887166,-5.245060059493116
-0.12090041831104047,-5.244809107304074
-0.12199942440525162,-5.244255579652538
-0.12317798470646288,-5.2437642283375965
-0.12420243551082288,-5.243288460809133
-0.12505562212642146,-5.24280103467191
-0.12579727884556624,-5.242376410600231
-0.12666189312202153,-5.24177740251999
-0.12794705956746158,-5.241690035935771
-0.12922550926764578,-5.241706883803525
-0.13064738074588228,-5.2418681429755445
-0.13187028638688336,-5.241787467484518
-0.1329672948585468,-5.241552495469534
-0.13403035545040604,-5.2411660118957375
-0.1352835288558753,-5.241010738921094
-0.1367611748651164,-5.241226226600874
-0.1382575735444797,-5.241447866989453
-0.1396924604231333,-5.241645630994878
-0.14112015533321262,-5.241687864115137
-0.14244934539211496,-5.241615137205398
-0.1438008065287045,-5.241522663944313
-0.1451843661060245,-5.241691765163652
-0.1467528318200618,-5.241888334308327
-0.1484671821970715,-5.242282690144028
-0.15008395442982955,-5.242633754626908
-0.15128218865216309,-5.242816038553479
-0.15254795439604585,-5.242933394170936
-0.1539483406492071,-5.243168486844149
-0.1551582568878394,-5.243657426941093
-0.15662849888066588,-5.244426466557377
-0.1582473900428683,-5.245355134639691
-0.15975844659614166,-5.246366877530337
-0.16123925211368723,-5.247325843274857
-0.16271678974324347,-5.248332027195541
-0.1642779695330083,-5.24927358891671
-0.16613610046349622,-5.250447410799635
-0.1678759175425028,-5.2514775839870955
-0.16943130719499072,-5.252649743134275
-0.1707216075003731,-5.253614573889077
-0.17238079848074903,-5.25502754396192
-0.1741773456650581,-5.256334548640488
-0.17635948568967189,-5.257943139136053
-0.1782269268989623,-5.259169569356223
-0.18017995142547938,-5.260329835473672
-0.18169522177423106,-5.261147734802164
-0.18343524636295908,-5.262238633521581
-0.18521570225691295,-5.263298334572964
-0.18720873962312215,-5.264524326827444
-0.18934559370916,-5.265955226588928
-0.19147255913311678,-5.267223499430754
-0.1934873655958547,-5.268405072509624
-0.1954740813132592,-5.269552555323944
-0.1973258415118249,-5.27112307407838
-0.19929845847801195,-5.272854972169233
-0.20138714514266012,-5.274519032865061
-0.20363227597508332,-5.276243378862756
-0.20577731775844094,-5.277839730357375
-0.20782237455369537,-5.2796284856019176
-0.20959260644228944,-5.281245074035407
-0.21145019431570286,-5.282995103947814
-0.2133786629145769,-5.284768227215949
-0.2152673771148946,-5.286575808912226
-0.21733042069313147,-5.288525459147666
-0.21926551011164772,-5.29043037438483
-0.22127192732008252,-5.292347588306737
-0.22300534442135897,-5.294068415909055
-0.22452273236405815,-5.295633325692352
-0.22611755112962523,-5.297292223612651
-0.2278865466603484,-5.298977261961156
-0.2298047545985718,-5.300775258624108
-0.23163049057264432,-5.302898204179971
-0.23295197071582263,-5.304749915522116
-0.23407977246824263,-5.306604352126775
-0.23512523278136127,-5.308138591755599
-0.2362948001736535,-5.309790657695277
-0.23776958971755538,-5.311415898807646
-0.23920055447697636,-5.313102150816025
-0.2404583681859271,-5.3146783350390345
-0.24162285558229912,-5.316247444616557
-0.24265734684503415,-5.317787028257278
-0.24348057207297444,-5.3190701851871145
-0.24437072539531948,-5.32022354617619
-0.24533396239724567,-5.321263741812682
-0.24642174093528646,-5.322455099286556
-0.24764244004944783,-5.323783929797372
-0.24866481544352406,-5.325080795694497
-0.2495895733582779,-5.32625917824539
-0.2504757631707497,-5.327322896108725
-0.25142989144474215,-5.328362038529345
-0.25222210355792846,-5.32920465331473
-0.2532042034027478,-5.330114896996411
-0.25381690973075927,-5.330916023147602
-0.2544927144583425,-5.331793734967577
-0.2549155121800494,-5.332655170937303
-0.25534303607179437,-5.333874141623363
-0.25572917205919227,-5.334882269861194
-0.25609401235847185,-5.33576993448572
-0.2563908274206279,-5.336604448624761
-0.2565875703412203,-5.3372363916600305
-0.25688358970485903,-5.33818684140859
-0.2571477625009854,-5.339199092878049
-0.2573681291372831,-5.340311647556122
-0.257432404699438,-5.341191415993468
-0.25756685322441525,-5.342058881938657
-0.257789231219474,-5.342837870993941
-0.2578965450097331,-5.343628228985138
-0.25826513334548534,-5.344735800343448
-0.258471378767502,-5.345852613758634
-0.25875176025329005,-5.346901268972794
-0.2588810013054968,-5.347766433338482
-0.25912190776761607,-5.348469147864044
-0.25945103416913895,-5.349176187638999
-0.2597468042237125,-5.349842736141727
-0.2600899751912881,-5.350615256648451
-0.2601897399591894,-5.351197703373001
-0.26056733325378867,-5.352055498457505
-0.2611722987422972,-5.353059829427773
-0.2618077784260089,-5.354030151142894
-0.26240631042748397,-5.355012363784641
-0.2627572433394697,-5.355757497955172
-0.2633586993094726,-5.356226168682536
-0.26416351796404797,-5.3567312372323554
-0.26520432451983134,-5.357482103791567
-0.26613377118495607,-5.358318055405358
-0.26718681442096104,-5.359229598327072
-0.26805068937399523,-5.359969377327714
-0.26903366459308065,-5.360618306699221
-0.26978852204072007,-5.361094339772731
-0.27055914249012186,-5.3615675062770025
-0.27128635077209134,-5.362073854786298
-0.27241205261664253,-5.362939480907047
-0.27360943477237554,-5.36387014377979
-0.27471469959754846,-5.364871133252806
-0.27555732278960193,-5.365562952984673
-0.2759673646266369,-5.3657965162046315
-0.2763218661631968,-5.366072437524354
-0.2768832758228253,-5.3665784423418925
-0.27760787685194405,-5.367242210966372
-0.27832080492794387,-5.367914879447578
-0.2790214151579767,-5.368539220042206
-0.2795168298045622,-5.36897404491453
-0.2801003700422761,-5.369111181695302
-0.28079420582929265,-5.369176487929257
-0.28159349697093916,-5.3692275751255
-0.28222340982757754,-5.368792358375693
-0.2830779794288282,-5.368477054474933
-0.28410951582024585,-5.3683298884132995
-0.2850333939151417,-5.368024028275109
-0.2858381359436719,-5.367654653826417
-0.28618185008245045,-5.366838732063187
-0.28682867362376635,-5.36592636855514
-0.28773006421643266,-5.365169227384196
-0.28881360602308753,-5.364584385705037
-0.2896821215580491,-5.3638158643640335
-0.2904306792566689,-5.363102970592797
-0.29112310522913176,-5.362346091750973
-0.2917152764357378,-5.361376707912407
-0.2924344207943184,-5.360386883676213
-0.29339259510460153,-5.359583754708688
-0.29431981359959236,-5.3588042213444895
-0.29515481038334374,-5.358232708533321
-0.29608222230581577,-5.357733369215885
-0.296947213180672,-5.357321435921271
-0.29795490147369097,-5.356731869598833
-0.29882977560239726,-5.355950402283165
-0.2994660647402851,-5.354907370142716
-0.3000668835557541,-5.353891376775955
-0.3006356697392859,-5.35290701087787
-0.30132589982481656,-5.352086867231142
-0.30203227192513704,-5.3514542408756824
-0.3025035945421799,-5.350679988065991
-0.30299063599990367,-5.349918031120731
-0.30337768180125585,-5.348951285672829
-0.303702226806381,-5.347908805145705
-0.30410220732600646,-5.346925376325923
-0.3044622617808018,-5.346082273602664
-0.3047969055120615,-5.3454727164622655
-0.305125647879355,-5.344858561391297
-0.30563865497524617,-5.344173141826785
-0.30604117264288067,-5.343175540275188
-0.3062063988868798,-5.341992190619657
-0.30644299847356427,-5.340712998388535
-0.3064897425006413,-5.339345317145481
-0.30661977307704374,-5.337948669755672
-0.3070921135007687,-5.336939345502834
-0.30758545168700696,-5.335687852670981
-0.3084097436804037,-5.334023170534125
-0.3092212647425559,-5.332318328541982
-0.31001346688223,-5.330666390773915
-0.31064197899521734,-5.3290202175549695
-0.3112267221854634,-5.327368573104103
-0.3119329568011291,-5.326039817806123
-0.3127153173299063,-5.324693073554808
-0.31358639380575126,-5.32351242019419
-0.31461726048522737,-5.322378319399024
-0.31535155226288836,-5.321179123950103
-0.3158226445828733,-5.319773549562506
-0.3164184402690991,-5.31861440430409
-0.31718536403886033,-5.3174790970854575
-0.3183074191817639,-5.316622279749481
-0.31911790042817934,-5.315815376396546
-0.31987912768028987,-5.314696467217082
-0.3203658013399123,-5.3133621799872
-0.32094975127916064,-5.312165455167867
-0.3215890070675612,-5.310962330618255
-0.32250318738034794,-5.309974943716007
-0.32335842430530426,-5.3090070826039915
-0.32420153975318505,-5.30797202899816
-0.32471714445010724,-5.306679892754416
-0.32550376964662586,-5.305065777451015
-0.3260635036306854,-5.303177384271736
-0.3262710548383411,-5.301343304858051
-0.3266917174564102,-5.299548442605137
-0.327069570157969,-5.298052255774637
-0.3276508938560095,-5.2968043859118685
-0.3283331214264411,-5.295635780988942
-0.32882316456174515,-5.2942046915004015
-0.3290356944477949,-5.292622436750151
-0.32902492863452276,-5.2908321294719745
-0.32908129116184665,-5.288962570023269
-0.32937262461293493,-5.287234360860993
-0.32959463491422974,-5.285478047786225
-0.3298855975460599,-5.283784043424801
-0.3301135779868208,-5.2820139406784135
-0.3298457358768629,-5.27985392470608
-0.32995581338872954,-5.277404794674995
-0.3300731684585984,-5.274964237602623
-0.3304889272474296,-5.272758219794667
-0.33072540751364937,-5.27068923152632
-0.3310172247588404,-5.268686944602636
-0.33164514377211357,-5.266166116185299
-0.3319473727344244,-5.2635324392768705
-0.33252000434447027,-5.260926406514255
-0.333162920799539,-5.258525417017833
-0.33375245497861933,-5.256082336689702
-0.33440824654798784,-5.253814701931728
-0.3347040220576063,-5.251946068751731
-0.33495230156383554,-5.250039958779453
-0.3351472661558255,-5.248136385304478
-0.33528204489907276,-5.245988904851895
-0.3354859247316269,-5.243895833073809
-0.3355524554212665,-5.241723133519413
-0.3356008074523929,-5.239843949303456
-0.3357288573805291,-5.23802758999797
-0.335847211338051,-5.236582700985471
-0.33578458277880724,-5.2349395519817365
-0.33574511822634706,-5.233314700638575
-0.33554285791761035,-5.231472938241517
-0.33519316443982383,-5.229636726303623
-0.3349114035389653,-5.227854172440266
-0.3345880547967924,-5.226291580352192
-0.33405591310795396,-5.224729895972509
-0.33352145568283803,-5.223166469648107
-0.3329325198282325,-5.221433131312618
-0.33256909196094875,-5.219402879518485
-0.3319529397213828,-5.2171386178161
-0.3315154106125241,-5.215020872021462
-0.331037557763558,-5.212934339606303
-0.330823046463046,-5.211125303045563
-0.3301890026913273,-5.209471698381677
-0.32971121526785935,-5.208007994063535
-0.3292683017718279,-5.206167169280043
-0.32872336392832197,-5.204201868328882
-0.3279409894580173,-5.202007609923049
-0.327226848136507,-5.199893197406311
-0.3263737253163676,-5.197828760559447
-0.325655829477263,-5.19595717233847
-0.3250845791952248,-5.194078696713064
-0.324644478162447,-5.1922371839500565
-0.32428327538111884,-5.190458005958377
-0.3237659221692016,-5.188633291827804
-0.32324044059807755,-5.187056182450046
-0.32243686365297397,-5.185317262390969
-0.32183060053717116,-5.183815961852689
-0.32145466415406365,-5.182525647121183
-0.32092983846034384,-5.181557402818544
-0.32007591610177005,-5.180192943759191
-0.3191118206623554,-5.1788314319522035
-0.31824793539888985,-5.1773602051763685
-0.31736055665561486,-5.175930704447043
-0.316067672676837,-5.174954756698255
-0.31494028513775746,-5.174215276608709
-0.31380607272507405,-5.173624465291763
-0.3124756697724304,-5.1727973409203685
-0.31119527148278725,-5.171916023293626
-0.30978556869675233,-5.170857040392846
-0.30831313472036115,-5.169722458279377
-0.3066755083809406,-5.1686999845229105
-0.30515276328922036,-5.16771547239361
-0.3039532490224302,-5.167120130623342
-0.30281153843797776,-5.166546556815393
-0.3016176469717304,-5.165863833212472
-0.30009201829293247,-5.165157658482323
-0.2983099921543827,-5.164199775106195
-0.29666330890070763,-5.163046544929884
-0.29521562694213266,-5.162076495188484
-0.2939530728183471,-5.161274579596398
-0.29265580407637043,-5.160461552976134
-0.29148017048346964,-5.159662222109748
-0.29005424843141125,-5.15865392268201
-0.28873864599245974,-5.157560652761
-0.28749405702806935,-5.156677968723277
-0.28640679693306337,-5.155930914967243
-0.28520728724336286,-5.1552534962029055
-0.28356044160653987,-5.1550427715145055
-0.2822226987545205,-5.155110797903324
-0.28056721570649207,-5.154864674169923
-0.2790050836041868,-5.154546568713054
-0.27713782988424646,-5.15391828851492
-0.2755116431122358,-5.153505804866694
-0.27383691324571946,-5.153366398974069
-0.2722952508715066,-5.153385312548411
-0.27071177313143135,-5.153415085029306
-0.2692574389077104,-5.153559966396544
-0.2676564888047028,-5.153527973054932
-0.2661400600646255,-5.153403217980725
-0.26465985775105483,-5.153363476811621
-0.2633441095911074,-5.153521902541435
-0.2620038672661674,-5.15375942305206
-0.26064499632051513,-5.153916275538386
-0.25922956561188315,-5.154004807733277
-0.2578691917950589,-5.153857596870192
-0.25644711629377787,-5.154139777669818
-0.2550877344610793,-5.154497525901266
-0.25396969666230507,-5.155016855851195
-0.252608037712558,-5.155516315972248
-0.2514074484978359,-5.156210025153305
-0.25013223842219057,-5.156755175455464
-0.24894085304398358,-5.157267963824845
-0.24793534352480284,-5.157934272021082
-0.24719205901786467,-5.158815635977594
-0.24648773157585813,-5.159666905087425
-0.24583714760875258,-5.1606214912984125
-0.2450864749405109,-5.161524364387205
-0.24431491251882503,-5.162443377272044
-0.24354803447161663,-5.163293497982747
-0.2429381361122857,-5.1642853556413195
-0.24242377674844548,-5.1652034257078885
-0.24190068564855768,-5.166169443301937
-0.24121663848546196,-5.16691173384028
-0.24062980012673482,-5.167754439693795
-0.2400919575160272,-5.168616048073223
-0.23993820239402255,-5.169181072848392
-0.23998816393948072,-5.169956155588307
-0.2398379704293936,-5.171096356972846
-0.23976282503298213,-5.172383655265909
-0.23955763770318833,-5.173667292788587
-0.23931783816133168,-5.174923698511913
-0.2391554939778051,-5.176406415023421
-0.23923590553906465,-5.177851348958494
-0.239498544330582,-5.179399187854988
-0.2396283432640388,-5.180661990132807
-0.2397192108342341,-5.181954876373897
-0.23973126478986842,-5.183108718884864
-0.2400813013422588,-5.184306176157753
-0.24027184075831132,-5.185274199652821
-0.24084303923869865,-5.186605866660659
-0.24125287912264992,-5.1878999511865365
-0.24173251541045443,-5.189356642455567
-0.2419898850359192,-5.190612676225083
-0.24223073480982274,-5.191680318198603
-0.24267192296593207,-5.19292465108212
-0.24325297646488245,-5.194082665438399
-0.24400311559802992,-5.1954283574385
-0.2447584921684008,-5.196811906219898
-0.24546415682284178,-5.198261498592981
-0.24611966788171247,-5.199578972878116
-0.24666716349611986,-5.200741719239422
-0.24713248333052204,-5.201928080608684
-0.2476809811401424,-5.203050443336233
-0.24852156927543573,-5.204525881114127
-0.24951956138506104,-5.206125238992846
-0.2506851374317192,-5.207473641965911
-0.25168923419730854,-5.208626862529056
-0.2524770510243349,-5.209609932250994
-0.25333322336490594,-5.21054044829052
-0.2542742418295721,-5.211573511322143
-0.25555707826756807,-5.2128755113563034
-0.2566655121021501,-5.214311825407105
-0.2577122623728154,-5.215692669360317
-0.25863419105921226,-5.217025041787633
-0.25948380428700124,-5.218413161778182
-0.26041244135493335,-5.219801868909469
-0.261275059765645,-5.221041062051114
-0.2621046925113364,-5.222305589487042
-0.26294640671143477,-5.223652944651434
-0.2637195451584241,-5.224965556533426
-0.264448065305723,-5.226312514601131
-0.26521337827897284,-5.227633048665401
-0.2658721216633406,-5.2288541785565075
-0.266615467057841,-5.229835401596408
-0.2671821934104141,-5.2306976199744515
-0.2676454907506439,-5.231596686979545
-0.26810071474342445,-5.232522207527086
-0.26898753973334,-5.232994928856767
-0.2695524505238933,-5.233170675298926
-0.2702464859932287,-5.233349004574429
-0.27100312109976377,-5.233276351315177
-0.27150034100362747,-5.232890079663515
-0.27160844047504656,-5.232437948262467
-0.2716497956044964,-5.23179443275256
-0.27197276748550875,-5.2314912406753855
-0.2724289158753685,-5.231220795135934
-0.2730005298568921,-5.231078027748956
-0.2732635608105449,-5.230562269099255
-0.2733752849878699,-5.230031333411406
-0.2733483426743923,-5.229251110784051
-0.2733829680822858,-5.228545231481279
-0.2736849753974981,-5.22794198489952
-0.27398159091916907,-5.227593578252812
-0.2743510653108611,-5.227169276517115
-0.27438163041280067,-5.2264782919502375
-0.27418841047462583,-5.225959267918774
-0.2736703659422852,-5.2250477507520365
-0.2734507685608834,-5.224371048443028
-0.27308023927960057,-5.223810374019632
-0.2728992719066671,-5.223226848048412
-0.2726822244428655,-5.222623921932621
-0.272405797833607,-5.221885946765273
-0.27191324993709404,-5.2213141481064955
-0.27121628365116873,-5.220517403588803
-0.27021427410562515,-5.2193661840688526
-0.26927065389501825,-5.2181701376510174
-0.26828324640179546,-5.2169511733442615
-0.2672199791489133,-5.215643371895281
-0.26620784326843117,-5.214296304065698
-0.26500423343981167,-5.212784490549443
-0.26356806665179566,-5.211079991477782
-0.26226545082504127,-5.209272703287236
-0.26095967793265956,-5.207462924065941
-0.25937034184611324,-5.205310551040602
-0.2578811713534804,-5.203081090336527
-0.2558537407417354,-5.2004278780239535
-0.25408198140245314,-5.1980835426389085
-0.2524765894708735,-5.195610775708261
-0.25111786769025674,-5.193332152308943
-0.24946474763288,-5.190801287971378
-0.24762282257601176,-5.187959393540211
-0.24573605721120842,-5.184981190998751
-0.24400767842897444,-5.182069291637971
-0.242164871267931,-5.179374305548301
-0.24056495164255462,-5.176841121023741
-0.2389097642347906,-5.174464180562123
-0.23701146545390178,-5.17186306094644
-0.23488314997750467,-5.16943934433575
-0.23273992593962137,-5.166905786700878
-0.23059254742400917,-5.164347354114686
-0.2285455243308629,-5.162007866662247
-0.22671431830423097,-5.159929064419257
-0.22506049278557105,-5.157990056587271
-0.22321148360579504,-5.156202063746161
-0.22109866613259416,-5.15409538163064
-0.21875065558722456,-5.151803370920926
-0.21654570997155562,-5.149400855923256
-0.21447775914366723,-5.14716382202574
-0.21249305097493584,-5.144992413257865
-0.21036589118532964,-5.142931405559195
-0.20819105540849905,-5.140812781136938
-0.20555253111209837,-5.138328676461688
-0.2031259123997677,-5.1356804241829215
-0.20073701291406745,-5.133058865595089
-0.19835579331464684,-5.1303692485467165
-0.19618218729470482,-5.127468713314837
-0.1941410126070079,-5.124789444412935
-0.19170841377544348,-5.121801558930066
-0.18952924590031509,-5.118687753697006
-0.1871535317180928,-5.115772970517889
-0.18488002220294605,-5.112929830788534
-0.18244964737330385,-5.109853805615274
-0.180303539092276,-5.106556984573257
-0.1780211484237397,-5.103152624464149
-0.175969987518616,-5.100027562192636
-0.17380046191312815,-5.096994256039559
-0.1716952281651567,-5.094011617679322
-0.16957508340485747,-5.091010950982765
-0.16751978478400362,-5.087959663663709
-0.16553236279803185,-5.084961881778129
-0.16341343083484342,-5.081805233706751
-0.1612239230858239,-5.078703407275806
-0.15891144325490966,-5.075504484293542
-0.1569314114240041,-5.072707077725693
-0.15509788716708642,-5.069795269436122
-0.15360032236604365,-5.06714860963893
-0.15200295036374115,-5.064381377887477
-0.15027894930514818,-5.061712733338381
-0.14832907846737148,-5.058865686133637
-0.14690127714879297,-5.056059162313408
-0.1459648491487335,-5.053570242650252
-0.14501799149548122,-5.0511968712268915
-0.1438003369316085,-5.048706512872338
-0.14270459197548066,-5.045990379495589
-0.14149945282429915,-5.043179502255933
-0.1404552648825224,-5.0404806854358215
-0.1394743293717758,-5.037993501405252
-0.13873323771339166,-5.0356827807135005
-0.13807478182754243,-5.033534258748939
-0.13737439747447047,-5.03134367715975
-0.13638485720352678,-5.02900862708997
-0.13542912053504746,-5.026634938589319
-0.1345964664141417,-5.024358533538081
-0.1339647970091789,-5.022114454361165
-0.13346363588402496,-5.02001587661025
-0.1332364065448074,-5.018133891184183
-0.13286983567301625,-5.016320236431075
-0.13250126003472407,-5.014542373804275
-0.13220038114929777,-5.012818057500733
-0.13183944527985472,-5.010916968939511
-0.13145328741648296,-5.009170990953669
-0.13159765103016086,-5.007312936911141
-0.13158908096280125,-5.005405785761311
-0.1317563710596022,-5.003495457410586
-0.13227360023977386,-5.00193519836681
-0.13264554607402984,-5.000537116830444
-0.13286655137936207,-4.99889573790185
-0.13298502649087376,-4.997173224873278
-0.13331368476488686,-4.995215311572164
-0.13381730172062675,-4.993283619598791
-0.13436050757401755,-4.991383258660532
-0.13520121171693028,-4.9897666345784675
-0.1358060987874777,-4.9882510672419835
-0.13637220548064732,-4.986704742356344
-0.13703883269151762,-4.985157692182846
-0.13778476833230716,-4.9834648831366986
-0.138633632464496,-4.981853589252069
-0.1396307027551598,-4.9802925867783125
-0.1407295441417329,-4.979000601356612
-0.14193053908951211,-4.977789523274872
-0.14318605758613281,-4.9768423045501375
-0.14430061018205745,-4.975809626857567
-0.1456755701501065,-4.9749834530375985
-0.14695277762537926,-4.973900992725406
-0.14815866181620987,-4.973022529550658
-0.14960033376595944,-4.971813556931044
-0.15120630985208472,-4.970765941140554
-0.15260666083811336,-4.969879411722498
-0.15418823526222414,-4.969153573595939
-0.1554614502606278,-4.968555594408437
-0.15653426434175452,-4.967874440923552
-0.1575332992682436,-4.967104572809587
-0.15896132023368706,-4.966675389855918
-0.1601964494395636,-4.966397251725021
-0.16140542350543366,-4.966135499603822
-0.1626775745725612,-4.966030354464482
-0.1640506905580329,-4.965846100289226
-0.16550104752772804,-4.965648390784331
-0.1670237263518577,-4.965476620903983
-0.16857554067031694,-4.965281949698326
-0.1701587520090035,-4.965188412731579
-0.17177771984205248,-4.965216266468141
-0.17328414264649789,-4.96522999399547
-0.17477489457280282,-4.965192395273758
-0.17622749280546307,-4.965120942073279
-0.17758689616490056,-4.964925508573399
-0.17896512660056757,-4.96475340945117
-0.18029800185658368,-4.964488643820404
-0.18143255274530848,-4.9642750496556625
-0.18288743364903762,-4.963943375998743
-0.18448543388308192,-4.963578133481036
-0.18590588712282283,-4.963638480549613
-0.18756445340825978,-4.963681250015346
-0.18903868535936652,-4.963721452570995
-0.1902409230304267,-4.9635053086210625
-0.19150690922195582,-4.963239266295494
-0.1928721226184632,-4.963126116180163
-0.19473233249241326,-4.96349835375337
-0.19635420702075823,-4.964057016640831
-0.19809460699019318,-4.964676606604972
-0.19965995787851878,-4.96515210366047
-0.20121000494784907,-4.965639508400845
-0.20269169005201695,-4.966089638913225
-0.20438205584912245,-4.966698323873473
-0.20584398636072596,-4.96748550664979
-0.20760585020734215,-4.96852841741255
-0.2094122300584279,-4.969663527842558
-0.21119395090797757,-4.970648636523597
-0.21272190425859325,-4.971329105642449
-0.21430580382514072,-4.97225352292671
-0.21618058200843615,-4.973329173466367
-0.21821611763819984,-4.974529276989602
-0.22022709447990324,-4.975709865310534
-0.2220303800489025,-4.976899730437465
-0.22379784266148026,-4.978030890432862
-0.22535048496403423,-4.979441346208845
-0.22673919032620832,-4.980721341004028
-0.22844343589677824,-4.981754963869394
-0.23023076736541184,-4.982888336044485
-0.2321645427774743,-4.984138248585905
-0.23397215388706105,-4.985486501670776
-0.23571221864891828,-4.986753720085525
-0.23706132921104134,-4.987709828390918
-0.2384031945273945,-4.988671564285014
-0.24003830398467768,-4.989938283286771
-0.24156498474999683,-4.991013317246428
-0.24311048358166917,-4.992073587644629
-0.24434960653689416,-4.992871048871725
-0.24561234055028774,-4.993718642428608
-0.24685416752183237,-4.994582508749437
-0.24825743153786395,-4.995577775533459
-0.24971174963265075,-4.996544675545738
-0.25111743232666295,-4.997592393002402
-0.25235720116568716,-4.998644131169452
-0.2537154633778152,-4.999838058696649
-0.2549845112039446,-5.001010973736506
-0.2561534079496445,-5.002264273445783
-0.2572736235138449,-5.003459172972148
-0.2586105576542619,-5.004617721685328
-0.25984112479296784,-5.005951654140047
-0.26115518518469455,-5.00740577062763
-0.2624531826779419,-5.008812188774049
-0.2634556966194383,-5.010448476672945
-0.26429660587775544,-5.011905787726427
-0.26504889182212815,-5.013332517099467
-0.26599010603403667,-5.014612250868798
-0.26706168482836534,-5.016015036824522
-0.26792851652184785,-5.017163425343196
-0.26883070180253466,-5.018284268249951
-0.2692952691197901,-5.01907353749569
-0.2698245779389484,-5.0198363425242345
-0.2704783405953214,-5.020733576422807
-0.2710318313662112,-5.021466014779922
-0.27168664030053585,-5.022156245808227
-0.27231187823900055,-5.022559864585802
-0.2727360681065466,-5.022826148275823
-0.27293113167119376,-5.02303309728195
-0.27309192021311235,-5.023434778075149
-0.27338966791881103,-5.023976959237316
-0.27350696919695305,-5.024130199492563
-0.27349879550006667,-5.024002495395062
-0.273277319124334,-5.0237485534771755
-0.27296844557956074,-5.023415490700052
-0.27261531566193925,-5.0232694669540345
-0.27224566428278846,-5.0231103071534395
-0.27193069426034033,-5.02310026643117
-0.2718162612512551,-5.023052398084053
-0.27158822729201454,-5.023158340174599
-0.2710754186756279,-5.022922596033299
-0.27024667866705543,-5.022755628451715
-0.26954350454276943,-5.0224848623584135
-0.26897464508681557,-5.0223752827117645
-0.2684763283577973,-5.02247236373544
-0.2681422043643991,-5.022708261005237
-0.26736973426864036,-5.022418109604287
-0.26639128111395,-5.022048872302261
-0.26511567723887297,-5.021469861010331
-0.26387064692357903,-5.020927531710168
-0.2627072341867912,-5.0204064690663435
-0.26166069320995766,-5.020000475771769
-0.2606332854973825,-5.019553477739027
-0.259369264873818,-5.018912288124754
-0.258388912691109,-5.018007177279224
-0.2571343747666183,-5.0167480716806265
-0.25571017381720623,-5.015285319150193
-0.2543855659642534,-5.013835358575621
-0.2531028245944601,-5.0122586803371805
-0.25231035126266416,-5.01067325150949
-0.25118539618099406,-5.008823307889691
-0.2498109440195264,-5.0068065568106785
-0.24819412211634195,-5.004588623147025
-0.24658306824653378,-5.002406102612009
-0.2450216751936038,-5.000004806705123
-0.2436453540461549,-4.997705447285273
-0.2423887070094129,-4.995473654928177
-0.2410077824635725,-4.993486580854365
-0.23951500463509295,-4.991491741813423
-0.2378055341643788,-4.989245578662844
-0.23591626875773375,-4.986924662692336
-0.23423581288171974,-4.9847995112932
-0.23260952059040027,-4.98284360256334
-0.23096580741634715,-4.98061118917771
-0.2297496314374413,-4.978803949101032
-0.22821116971766645,-4.977248145082077
-0.22670538024848888,-4.97565175913881
-0.22510119825308164,-4.973954488465565
-0.22353909813132028,-4.972184979854242
-0.22206820029834826,-4.970537660341394
-0.22070965101163478,-4.968979778256283
-0.21937562558272555,-4.967628785532637
-0.2179613082320503,-4.966311928042635
-0.2166065505769214,-4.965042488169513
-0.2154289019566904,-4.963681633853007
-0.2142998514413494,-4.9620186351414315
-0.21322679719752416,-4.9604002251498835
-0.21205419774009257,-4.958669509755308
-0.2109426430922647,-4.957260330821132
-0.20976447087999817,-4.95579811900002
-0.20871435650883524,-4.954553256257559
-0.2076578218339954,-4.952898056070909
-0.2065066427612763,-4.951167491377255
-0.20536910224643184,-4.949333138793772
-0.2044105434007165,-4.947524195548498
-0.20339319382381602,-4.94566840579928
-0.2025848966396555,-4.944165327112287
-0.20192501084412134,-4.942504500316813
-0.201607763677093,-4.941141331618686
-0.2010828915708827,-4.93961937569207
-0.20064227118915193,-4.938031352010011
-0.20023116667860827,-4.936446722575114
-0.19975629001078715,-4.934923526648098
-0.19919365785343562,-4.933336344094585
-0.19863621553464292,-4.932126228547106
-0.19846346357008393,-4.931186479953353
-0.1985493731989844,-4.930486306644602
-0.19847556065760447,-4.9296780849186295
-0.19844125908360888,-4.928933704910471
-0.1979184743432851,-4.928246177411665
-0.19776186612073757,-4.927897678428588
-0.19768328399070395,-4.927849934740396
-0.1978348247761234,-4.927939932163033
-0.19792376074149637,-4.927954835011554
-0.1982001290393078,-4.928003697025105
-0.19841786409960316,-4.928101606901851
-0.19868854228049698,-4.928263038760972
-0.19884566389270372,-4.928364407428569
-0.19906380356277253,-4.928413579899036
-0.19963457824090405,-4.928885768855426
-0.20042147637105048,-4.929369499239566
-0.2013030187378291,-4.929779018208466
-0.20215075834309723,-4.9301186606030765
-0.2026941895073026,-4.930408234833991
-0.20283055099480307,-4.930672646474641
-0.20312320797211855,-4.930683718343014
-0.20361525097615416,-4.930933951669426
-0.20414505593618684,-4.931221895697561
-0.20491814377254117,-4.931629573828753
-0.2055435585991085,-4.931860153343274
-0.2060359675367226,-4.931923852367489
-0.2064167768195804,-4.93175719870837
-0.20664431654404025,-4.9314767299739435
-0.20705437665957652,-4.931341769690805
-0.20741908572514298,-4.931242324750796
-0.2080417719086457,-4.931452272867088
-0.20833373034292751,-4.931398561589254
-0.208620878359569,-4.931348620578462
-0.20848777550787168,-4.930800419898243
-0.20849065175899373,-4.930184974566984
-0.20868929730935776,-4.929730834268155
-0.20912735401885793,-4.929491281298188
-0.20966476336533044,-4.929329669232017
-0.21004339131896788,-4.929127224641578
-0.21038911708051458,-4.9287850997224565
-0.21062329826438572,-4.928354022849298
-0.2108205637900841,-4.9277768584027815
-0.21080426839649077,-4.92721393953224
-0.2108144586525334,-4.926682757607289
-0.21124128562534086,-4.9264838389991885
-0.2114758810672416,-4.92643549787188
-0.21135672835555747,-4.926047537721218
-0.211078608813658,-4.925473792407806
-0.2109860395159403,-4.924916705472398
-0.2108461161272816,-4.924302848856862
-0.2107262827088745,-4.923741182115889
-0.21032189265882512,-4.923125125465417
-0.20988580073638383,-4.92247106573833
-0.2092923952017614,-4.9216591614685425
-0.2089064370661941,-4.920861709574839
-0.20830700020690757,-4.919808350184248
-0.20784639327920548,-4.918753422855144
-0.20723987635028127,-4.917622075188674
-0.20676215396209074,-4.916645108333355
-0.20620666903077195,-4.915731144922632
-0.20562318628842138,-4.914794839364324
-0.20495624402282914,-4.913953387843649
-0.20415930954179806,-4.912917937781286
-0.20338209512582978,-4.911898224673485
-0.20239908889509736,-4.91072650342591
-0.20146201186533644,-4.909802438847752
-0.2005167378535528,-4.908975293849538
-0.19947766876662865,-4.908106314280578
-0.1986118838851667,-4.907445044657761
-0.1978675737469582,-4.906581116195517
-0.19730232906086698,-4.9057077270261225
-0.19665364828307233,-4.904734319971007
-0.19614150748069709,-4.903862244838288
-0.19534390099409488,-4.902903290898016
-0.19447322568397607,-4.901941779057933
-0.19361374042147317,-4.90097140940721
-0.19311597572812425,-4.900289692408951
-0.19265189020928136,-4.89957833683574
-0.19210707564040208,-4.898787310669631
-0.1912492106777875,-4.897917230367492
-0.19037808256816374,-4.897031257371257
-0.18972176422250803,-4.896376400127057
-0.18913975763142474,-4.89563465321742
-0.18890968022187332,-4.8952618037223905
-0.18850998297176266,-4.894906012249034
-0.18793345134095157,-4.894374306279807
-0.18727721518828866,-4.893839451833285
-0.1866614794022395,-4.893354734762864
-0.1860381595348705,-4.893041550350017
-0.18545549655305305,-4.892840812173742
-0.184968259298778,-4.892754294608957
-0.18465141295667306,-4.892708942176446
-0.18455866618961564,-4.892848782480318
-0.18428552512632057,-4.892772359043664
-0.18364824817529268,-4.892676412538415
-0.18301420878410565,-4.89245606951373
-0.18278502916321163,-4.892721088909747
-0.18277282937046024,-4.893126884439994
-0.18290260574194303,-4.893777366926737
-0.18276863399662785,-4.894292980074492
-0.18251825430990842,-4.89471567523261
-0.18236087092553208,-4.895065301847883
-0.1823397622025474,-4.895578303926224
-0.182685641091435,-4.896384091402055
-0.1829970328106792,-4.897216905773452
-0.18353324130745596,-4.8983192642225895
-0.18391831311062729,-4.899266823668627
-0.1842015755923676,-4.900294299964151
-0.18423033755624896,-4.901016565378222
-0.18448515571582477,-4.901909564487538
-0.18478202017627346,-4.902810674825772
-0.18538302214238722,-4.90388164310336
-0.18597055482077088,-4.905001712566449
-0.1865054436398933,-4.90613622284715
-0.18704771630949063,-4.907179560077616
-0.18758957179847907,-4.907974292279482
-0.18810025355397736,-4.908744152414582
-0.18865620767418714,-4.909526955154993
-0.1891628538546581,-4.910350012665528
-0.18967303504847735,-4.911175877447807
-0.19017959483710972,-4.912188220583592
-0.19062842829478674,-4.913342020581258
-0.19104570174601487,-4.914470629392871
-0.191466569362723,-4.9154270225500865
-0.19203342015625063,-4.916427880660358
-0.19241964940622924,-4.917363302420373
-0.19280490823265706,-4.9183620748217844
-0.1934312011845787,-4.9197646524621
-0.1938905593704694,-4.92136654074384
-0.1944446798395322,-4.922999579688678
-0.1947070889403558,-4.924291201530134
-0.19500315387473427,-4.925548437022626
-0.19542534264026423,-4.927038911020222
-0.195539294983643,-4.9285846015652
-0.19563600895343386,-4.930109538959285
-0.1956474097507948,-4.931545525528522
-0.19573772401481496,-4.9329980942796805
-0.19567856041972437,-4.934271234284452
-0.19572046134706264,-4.935457653149283
-0.19566170722883902,-4.936579034343665
-0.19575562509020666,-4.937883593445673
-0.19579537570873912,-4.939274745160526
-0.19570786174434315,-4.940599939844086
-0.19559270284143127,-4.941891910287024
-0.19550243861740005,-4.9429334341922315
-0.19546658082871654,-4.944053711034729
-0.1952592341155658,-4.944968108735867
-0.19514179775882537,-4.94598632693063
-0.19468316077682382,-4.946916980554114
-0.19432349483054312,-4.947785224282042
-0.19358512903479222,-4.948826446005421
-0.19290885091015864,-4.949819061973104
-0.1921958126507232,-4.9507308523373394
-0.19117301072266366,-4.951587128015787
-0.18985795146915319,-4.952306981553604
-0.18853605795826267,-4.953018669649277
-0.18742989560149179,-4.953726911901479
-0.18653582857563347,-4.954403496483063
-0.18557485167253765,-4.954999743055258
-0.1843013566235721,-4.955491576992616
-0.18290573537793348,-4.955911614927328
-0.18130982517866334,-4.956091062394775
-0.1798307061972544,-4.956435460293166
-0.17853668876797038,-4.956870797029452
-0.17728372254546934,-4.957360917409572
-0.17591024329940164,-4.957945418732666
-0.17455610525134058,-4.95854527798221
-0.17305866849251988,-4.958972842691141
-0.17135592177085382,-4.959561232689363
-0.1695873621740473,-4.960097243936701
-0.1679429293951365,-4.960626655088933
-0.166496515350301,-4.961146021872312
-0.16470803847678306,-4.961880770385862
-0.16296196462579216,-4.962751575823492
-0.16099782425752635,-4.963405381918964
-0.15903054461782995,-4.964056674563855
-0.15691927672531256,-4.9645044908676565
-0.1547608044661236,-4.964782396979693
-0.15290629020305094,-4.964984535447605
-0.15120137283906895,-4.965288005304248
-0.14977074883933192,-4.96591125541927
-0.1481439613579992,-4.966380425490341
-0.14637244733244043,-4.966659690052681
-0.14474762793781965,-4.966738119229002
-0.14332667513704286,-4.967009377743712
-0.14203760781460703,-4.967332978513383
-0.14083046268784125,-4.967813287988764
-0.1395755732340659,-4.9683001211470454
-0.13824221356621255,-4.968855922099981
-0.13675650049663932,-4.969209241867799
-0.13503874279988046,-4.9692769451507415
-0.13349874239394563,-4.969161010272068
-0.13194432500660752,-4.968998377319688
-0.13058287897187282,-4.969068286090144
-0.1292748905165396,-4.969327490945823
-0.12798173043049255,-4.969563198920033
-0.12667813871695105,-4.969786395499806
-0.12512227842037257,-4.970094230704635
-0.12369899027297247,-4.970298031718571
-0.1225150430886111,-4.970699866873586
-0.12174384744346392,-4.97093747715523
-0.12082961637543807,-4.971287285729898
-0.11997098898849119,-4.971738890950833
-0.11933008195560975,-4.972212885404226
-0.11871955722783979,-4.973029105019267
-0.11828539407733607,-4.973934865261729
-0.11759399546408368,-4.974793554161827
-0.11683519171771509,-4.975570415790213
-0.11611298788593273,-4.976450046950986
-0.1155557568925536,-4.977347329836461
-0.11506458466353901,-4.978360502787379
-0.11469399843541554,-4.979466824721496
-0.11445242111755895,-4.980638067854842
-0.11429338534665791,-4.9815083133766995
-0.1138962451596261,-4.982189695655709
-0.11350668251344283,-4.982888992070104
-0.11312745946466708,-4.983455525193631
-0.11305294160338383,-4.984389665769358
-0.11313710854089608,-4.98504797371625
-0.11353516151679723,-4.9856659462987665
-0.11368352757321404,-4.986220077750083
-0.11364505565265011,-4.986587076237755
-0.11371379658581666,-4.9865515796303255
-0.11389559998235721,-4.986427442122912
-0.11444058609371283,-4.986741392286835
-0.11522580583595449,-4.987245511729714
-0.11598312946204788,-4.987771606180463
-0.1166857755425379,-4.988231708108452
-0.11716136147644231,-4.988512044795799
-0.11759503239477433,-4.988825304858565
-0.1179108349890499,-4.988996364756413
-0.11872725343049734,-4.989563743638434
-0.11927188454131503,-4.990344176469895
-0.1198312149948799,-4.991154155832863
-0.12031473183491519,-4.991926011315794
-0.12080666899902788,-4.99269132775902
-0.12151275287417937,-4.993580093156027
-0.12216284090948358,-4.994336666587004
-0.1227245560346285,-4.995162445295172
-0.12333344870859875,-4.996092713645728
-0.12405645704013744,-4.997166872484323
-0.12453076013696802,-4.998435823399078
-0.12510080089798783,-4.999780537753168
-0.12547649685559084,-5.000890789976514
-0.12597053945943137,-5.0019083336076555
-0.12644083467104064,-5.002969910176036
-0.12680834261781976,-5.003937683387322
-0.1271918968623229,-5.004601933057113
-0.12747004160351447,-5.0052085628627925
-0.1277333818483359,-5.005481208192831
-0.12812388376057482,-5.005907266370211
-0.1286056307459881,-5.006252578388074
-0.12901507914222762,-5.006643906497705
-0.12912940164366113,-5.006679186933629
-0.12925384299354623,-5.0064046098575075
-0.12918602228350065,-5.005811699038637
-0.12936855711784426,-5.005520777262233
-0.12960193783977145,-5.005298389207082
-0.1299325508272391,-5.0052234346944156
-0.13016438488473311,-5.0050292966923395
-0.13030885491756006,-5.0047024044393496
-0.13036513819268844,-5.004245869508807
-0.13026221269293145,-5.003597251764251
-0.13007086471543228,-5.003245133341121
-0.1301648958993896,-5.003043311045492
-0.13028533123979397,-5.00287333292229
-0.13017452068907706,-5.002661390058731
-0.129790214494946,-5.002313827771455
-0.1293080339752518,-5.001808339295558
-0.1287110999455059,-5.001501093019857
-0.1282670184768201,-5.001059525519121
-0.12815614118938304,-5.001019876240244
-0.12805673838681694,-5.000989308862126
-0.12786773920098105,-5.001028889781398
-0.1274244948310298,-5.000797392871998
-0.12682242206735314,-5.000418118508185
-0.12634714233132902,-4.999939574866741
-0.12591137308667122,-4.9994899816524745
-0.12546354734394852,-4.998992527397346
-0.12495414508848658,-4.998543315720386
-0.12431878920143385,-4.99800453069019
-0.12337669900138389,-4.997220143696667
-0.12270051761010708,-4.996227452073204
-0.12219329626568207,-4.99536848484834
-0.12136337148636998,-4.994120240231551
-0.12041909769844286,-4.992961605555126
-0.11901810298643083,-4.99144143451772
-0.11786056178925262,-4.9902149449666195
-0.11675374695503878,-4.988948606138395
-0.11590538642182527,-4.987886855673361
-0.11476676582484374,-4.98647496379185
-0.11382096761477477,-4.984846772976714
-0.11299207299782932,-4.983033963797342
-0.1120685030255834,-4.98119636969577
-0.1110773431291188,-4.979327350150673
-0.11005787578497443,-4.977466905031802
-0.10906847912659971,-4.97563024740596
-0.10828050511988314,-4.97401582273836
-0.10779304936201609,-4.972305972687229
-0.10689100716049754,-4.970590389542009
-0.10579746991813092,-4.968643830985092
-0.10476898791456118,-4.966655469077128
-0.10374223018610351,-4.964565029520471
-0.10313506867360563,-4.9629805375255875
-0.10280059492961076,-4.961584264171697
-0.10225386766686113,-4.960142103923324
-0.10151883083416903,-4.958459859669186
-0.10066605045630635,-4.956664104043983
-0.09987279393007753,-4.954966563486378
-0.0991286657525817,-4.953328228771268
-0.09833876254321676,-4.951610036150418
-0.09769356846895833,-4.9496994787672906
-0.09733039030305428,-4.948043622326103
-0.0965603638516645,-4.9461902218464
-0.09556241388498297,-4.9442318360062405
-0.09477224387444468,-4.942405294758489
-0.09432059170104974,-4.940847128409436
-0.09381380049006614,-4.939311601106555
-0.09337414324431416,-4.9378569947673325
-0.09284766256640682,-4.936333527155675
-0.09221488652033943,-4.934893684394891
-0.09123688313927415,-4.933037759638959
-0.09042304918432711,-4.931312085338072
-0.08970193748232147,-4.929513515862616
-0.08912601399171317,-4.927854516507054
-0.08857985034184515,-4.926241046386007
-0.08786792259991334,-4.9247581744795
-0.08700816800278961,-4.92311579777071
-0.08618203891033568,-4.921538118626052
-0.08549972456213022,-4.919847224698877
-0.08510828843474165,-4.9184448590196155
-0.08477400853355369,-4.917090672914705
-0.08433430430213831,-4.915819605477871
-0.08362805793067837,-4.914285298693433
-0.08335594325697172,-4.912876136886314
-0.08295984065576714,-4.911253605134809
-0.08277605005705499,-4.909672002598334
-0.08251359476611715,-4.907995650284424
-0.08252400157873956,-4.906345140185219
-0.08230541801054349,-4.904647429425594
-0.0823272205413818,-4.90323926492477
-0.0819854041572671,-4.901843932975919
-0.0814598907114361,-4.9005934239750575
-0.08109818178394367,-4.899451547151058
-0.08092790516690732,-4.8984790767775195
-0.08086464138785364,-4.897422195496479
-0.08096918657673506,-4.8965498392989675
-0.08099191658246045,-4.895581393809098
-0.08069121625262166,-4.894868133267802
-0.08039507004160207,-4.894074260933109
-0.08021901571222956,-4.893418847929692
-0.08010126101335907,-4.892717473036034
-0.08006559313745647,-4.892081348683166
-0.07982672358989165,-4.891200593393208
-0.07935476952691423,-4.890404023140785
-0.07887682691149166,-4.889646365584705
-0.078587523551022,-4.889129138447549
-0.07842436656495612,-4.888609451904642
-0.0782974127580915,-4.887893900308644
-0.07823492789643509,-4.887219642087576
-0.07820303008703393,-4.88655471473268
-0.07794806719348363,-4.8861431586247335
-0.07727130680637634,-4.885396404796665
-0.07695770916095357,-4.884853786485675
-0.07690152069456647,-4.884393092396702
-0.07675651272999587,-4.883879774322296
-0.07633046083881957,-4.883094785481259
-0.0761554091704829,-4.882111632612539
-0.07586541378472983,-4.8810888622168145
-0.07563235982639466,-4.8801273362380035
-0.07526922522305404,-4.879268540777964
-0.07518945142636144,-4.87867871624891
-0.07505886216590667,-4.878044094775086
-0.07490154026551714,-4.877430592866563
-0.07461538940640058,-4.8766905403128336
-0.07418545646088587,-4.875767862942254
-0.07376151713844713,-4.874840476664402
-0.0734456706946464,-4.874040936493395
-0.07339596666496026,-4.87353776546424
-0.07333668750885924,-4.873042160253318
-0.07309931138283106,-4.87234774616919
-0.07265878644612579,-4.871429396357408
-0.07221228532974,-4.87051579216174
-0.07182365323118749,-4.869592940989789
-0.07125012703588456,-4.868844852226697
-0.07089281398369651,-4.868237706301775
-0.07051797013119765,-4.867744397737676
-0.07020137124531023,-4.867321189145964
-0.06951607849828367,-4.866691435801961
-0.06867282465867909,-4.865973385274478
-0.06803492834623526,-4.865386241342527
-0.06745891626239336,-4.864848314693736
-0.06722870756992147,-4.86438297304517
-0.06714750670267793,-4.86405746848589
-0.06689845790059992,-4.8636282083183975
-0.06642966402218825,-4.863029127432029
-0.06576943451002254,-4.86222684429257
-0.06519253382712203,-4.8613681241738504
-0.06485051973637637,-4.86056860476175
-0.06474163338536226,-4.860038324006196
-0.06453433142573653,-4.859561976537719
-0.06429672111397941,-4.859282988331237
-0.06403015757726563,-4.858980970103032
-0.06376706187670689,-4.85863047869562
-0.06357095661807341,-4.858226986365418
-0.0634962603566948,-4.857923643192589
-0.063202752546862,-4.857395159723323
-0.06302328826659458,-4.856776444601803
-0.0629254431404969,-4.856379425947283
-0.06291207856244263,-4.856049602726977
-0.06300119677896217,-4.85592423356992
-0.06298902889013848,-4.855596634136989
-0.06307602122458589,-4.855347913472984
-0.06323997884111274,-4.85483625353404
-0.06344940084293405,-4.854533603880814
-0.0636834186887175,-4.854250513259448
-0.06395732104905061,-4.854171312048713
-0.06406013938907262,-4.854103399356738
-0.06428075955380058,-4.85412921090741
-0.06450137891948658,-4.8540770688306845
-0.06468410995418357,-4.853745479332457
-0.06489380997527584,-4.853435351455674
-0.06510789508904145,-4.853143231736842
-0.06541051691203152,-4.853050706422294
-0.06573376177481426,-4.852974591612164
-0.06618582965244046,-4.853129830157187
-0.06659083722460209,-4.853136971544396
-0.06708745730857706,-4.853217012517943
-0.06738301476139855,-4.8530398532325325
-0.06768933477916685,-4.852854177178463
-0.06813940554359486,-4.852825299111894
-0.06875499893050876,-4.852970098997802
-0.06944198157734408,-4.853060935474607
-0.07020474982109093,-4.853321917519589
-0.07121524143204175,-4.853427497310334
-0.07230175965982079,-4.853624595005901
-0.07325662937650151,-4.853688983314402
-0.07413690085577111,-4.853790111801133
-0.07505122131923829,-4.853831598048126
-0.07634979871190276,-4.854063955432523
-0.07747074375838683,-4.853985159735294
-0.07883993362321294,-4.8541039213533725
-0.07976578426331525,-4.854017252546213
-0.08075418212362516,-4.853727648422996
-0.08163929084114106,-4.853325987569614
-0.08289768360054692,-4.853373046127029
-0.08421798125088298,-4.853476924931173
-0.08566861899493426,-4.853807449787817
-0.08694284305970917,-4.853925833656259
-0.08823090055267616,-4.853989297642194
-0.08952519552961528,-4.853925235462794
-0.09074755701356745,-4.853738282805562
-0.09184847074874145,-4.853400954755964
-0.09277743963124935,-4.853208719147553
-0.09390089260309044,-4.853035736664293
-0.09504314705961342,-4.852885311890576
-0.09631210320760704,-4.852783187917743
-0.0973683095309444,-4.8528158732806945
-0.09802178616143102,-4.852364684043504
-0.09834988224920839,-4.851895827574494
-0.0987840929988229,-4.851446874578966
-0.09941845962280113,-4.851238408055607
-0.10020205593624823,-4.851096246738355
-0.10094092969691389,-4.851201928957514
-0.10151874876597476,-4.85109906407389
-0.10168934235545131,-4.850671658946059
-0.10204971845547761,-4.850094298479276
-0.10244216360216801,-4.849560426904795
-0.10320751655739788,-4.848928046973811
-0.10390314887996847,-4.848408085650598
-0.10473828378212434,-4.848087419306579
-0.10526182841734866,-4.847467776141329
-0.1059910323783429,-4.846601631273334
-0.1064785496011798,-4.845223421939833
-0.1071171475384848,-4.844006656489
-0.10781991937745013,-4.842779998403575
-0.10853993956695479,-4.841725092129387
-0.10909580724843436,-4.840512053729559
-0.10955744723195943,-4.839236432653819
-0.10997234785596444,-4.837997669494454
-0.1102297495344321,-4.836570358804883
-0.11047714765001126,-4.835155266336325
-0.11066059369811361,-4.833788122819584
-0.11087644705268265,-4.832459754284
-0.1109732984230307,-4.831398499542257
-0.11084348927172763,-4.830364710250451
-0.11052529835999195,-4.8291048537914145
-0.11018748574739728,-4.827728249421671
-0.1099215380122937,-4.82658440847543
-0.1096635854684809,-4.825450148164823
-0.10948942945847297,-4.824553143123688
-0.10907141921830422,-4.823695377787909
-0.10859742656263373,-4.822770456783473
-0.10781727088524178,-4.8218547294878285
-0.10715837817445109,-4.821037107006704
-0.10647312364562453,-4.8197666702706226
-0.10566156524949888,-4.818335189446327
-0.1047819115475008,-4.816849386374681
-0.10380117540953425,-4.815550415007289
-0.10272417787889898,-4.814218759621747
-0.10151333602007084,-4.812780249332031
-0.10035786597265678,-4.8113043615211755
-0.09913573353238053,-4.8097485107995555
-0.09811664344753503,-4.808115857218421
-0.09708333849797385,-4.806321237774783
-0.09616435272048701,-4.804663774959944
-0.09506124666958851,-4.802912028483816
-0.09391565373863074,-4.801227451009674
-0.09290835360457823,-4.799730676031962
-0.09222503534311788,-4.79797710298246
-0.09149810656951195,-4.79618866631963
-0.09071563981291429,-4.794333601169672
-0.08979974831489794,-4.792584311283258
-0.08860437831340232,-4.790611671415916
-0.08751442144033471,-4.788780561799184
-0.08670153851947804,-4.7870894467054725
-0.08591875295604987,-4.7855998470706655
-0.08500408516445891,-4.783947174801857
-0.0837515816866565,-4.782562662663307
-0.08249055863356075,-4.7811461890564555
-0.08106083839599103,-4.77956945425327
-0.07984851328011491,-4.778260081600717
-0.07849027781464864,-4.777149109131524
-0.07733045850841244,-4.776462000744463
-0.07592246081331085,-4.775477192055426
-0.07457142912282515,-4.774406250578757
-0.07299810448792621,-4.773036772446663
-0.07153100083766906,-4.771794669265556
-0.07015839244387119,-4.77061793098844
-0.06880905328661199,-4.769514491375041
-0.06757388353704295,-4.768547964501058
-0.06648997015457715,-4.76745687424089
-0.0653152078102667,-4.766193958371121
-0.06389756709052365,-4.76463971010751
-0.06224087519053213,-4.763101693450176
-0.06080430711759345,-4.76153106957223
-0.05972945649062409,-4.760373645261568
-0.05884425676915182,-4.759367843615778
-0.058089457098606384,-4.758258337292817
-0.0570324480632472,-4.756786331218321
-0.05564178139515293,-4.7550475711748215
-0.05448234829564239,-4.753090211201956
-0.053524627151650586,-4.7512936587727745
-0.05266549007492374,-4.749556645567381
-0.05192184223079389,-4.74791072132308
-0.0510382610622717,-4.746447709083836
-0.05033204450702178,-4.745197417084837
-0.04932972005701101,-4.743710277285026
-0.048439746591350905,-4.742133534520945
-0.04765846129138898,-4.740601655076338
-0.04719914171499427,-4.739151023780157
-0.04644894208529777,-4.737579681034149
-0.04600680404658111,-4.736377743091914
-0.04555288749227361,-4.735100768864688
-0.045059270471952684,-4.733942836403474
-0.04432090267780279,-4.732491386817226
-0.04396217719454611,-4.730978881897907
-0.043466274917913064,-4.729255314178201
-0.04318098950068883,-4.727762350575885
-0.04278009190659326,-4.726361455167903
-0.04233667310959137,-4.724926459331606
-0.04188525307395786,-4.723481811579126
-0.04161846256992392,-4.721843435735217
-0.0413941863628803,-4.720197860814426
-0.04122527278902328,-4.718323776014054
-0.040818618807462625,-4.716340818412215
-0.04033828143814181,-4.7141897723851
-0.040145734833527555,-4.712383514930312
-0.04012988024096731,-4.710577072522112
-0.040046907099140286,-4.708807963299489
-0.03998004129239247,-4.706984456892653
-0.03965252778657949,-4.704908810906303
-0.03941071872058772,-4.702764577848843
-0.03907988241541028,-4.700549975711703
-0.039144148958254944,-4.698709884391047
-0.03898272191965655,-4.697049951875314
-0.03912016385757979,-4.695629491010267
-0.03915334934985235,-4.694109938745681
-0.03923159748719304,-4.692554340915282
-0.03908393134160707,-4.690750948407608
-0.039089473191488255,-4.68904558380474
-0.038831824128236284,-4.68755056655035
-0.03894372747534084,-4.68643741356608
-0.03926257545559583,-4.6855703476376345
-0.039744524118602284,-4.684572915717095
-0.039980331266918585,-4.683316109229758
-0.04019392163174015,-4.682020583103219
-0.040350849195986256,-4.680599775425234
-0.040759273965334915,-4.678868699311699
-0.0414403804681148,-4.677453859672225
-0.042189569040901646,-4.676213135851655
-0.04271184161468133,-4.674959934537992
-0.04336373471425428,-4.673943063588994
-0.04408383747068372,-4.672967985457046
-0.04498474382926395,-4.672138018924992
-0.04588884097692183,-4.67138193716443
-0.04668842719343574,-4.670616272070351
-0.047573424962660024,-4.669919196919534
-0.04871571352745794,-4.66944632615763
-0.05001969896431864,-4.668820276665076
-0.051439272170637804,-4.668464094524328
-0.05297400113888846,-4.668158827666352
-0.05435110878942878,-4.667760617122873
-0.05563784536108916,-4.667355712260251
-0.05700105477979972,-4.667063774722534
-0.05838462185999714,-4.6669617877754215
-0.05974122327289481,-4.66720469075805
-0.06137533096643477,-4.667700789691326
-0.06304010365680654,-4.6680138631899
-0.06457111453808863,-4.668309059874604
-0.06603648233969485,-4.668593400896586
-0.06775504322537161,-4.6685857155253885
-0.06958076315956636,-4.668846599274305
-0.07151050621314844,-4.669230390098664
-0.07354864735349453,-4.670037811822545
-0.07588341367140675,-4.671083716676387
-0.07805626892556672,-4.672258669975346
-0.07997295514039315,-4.673127692646869
-0.08172564089286721,-4.673864953733399
-0.08363787416902843,-4.674474633299261
-0.08583786390935177,-4.6754282166223415
-0.08830408249762792,-4.676595906823879
-0.09061471441482882,-4.677887453815813
-0.09295426668789249,-4.679213693603986
-0.09498334887993093,-4.680290343447348
-0.09725195740397866,-4.681175772620888
-0.09947210677957788,-4.6820034299990985
-0.10189570852434826,-4.682994760874907
-0.10433830712783175,-4.683970730030835
-0.1070094871531685,-4.685262488466382
-0.10940485273581937,-4.686429691735378
-0.11202328507031172,-4.687601008957651
-0.11432550338660191,-4.68839490537797
-0.11677954492397642,-4.689060774918844
-0.11914214910794785,-4.689617947956153
-0.1216837805750645,-4.690388849488826
-0.12401513374683686,-4.691194753684977
-0.12646180720908262,-4.6921734838725415
-0.12859064809318124,-4.6934222384784094
-0.1306685413437836,-4.694483405255602
-0.13280338704214886,-4.695470717258651
-0.13500896737854123,-4.6964874784594635
-0.13708007289301627,-4.697271490678168
-0.13902592923849147,-4.697986741810498
-0.14087204730172626,-4.698697168398254
-0.1427169767308135,-4.699332197302247
-0.14470412494357957,-4.6999888646306305
-0.1466147598650566,-4.700526858205016
-0.14827027333284581,-4.7006073469054
-0.1498377192016809,-4.701013136612472
-0.15137866234618666,-4.7013976045788155
-0.15289716486831065,-4.702010648401788
-0.15441844101728225,-4.70253158023702
-0.15583145050585376,-4.702965347304609
-0.15716197948687935,-4.703202969174817
-0.15849368802599464,-4.7032765908236565
-0.15972584583792146,-4.703270056852513
-0.16072869152969138,-4.703331756342655
-0.16179919348952893,-4.703693618075172
-0.1628183527916122,-4.704014130402888
-0.16405935267372215,-4.704254673455497
-0.16497468826620826,-4.704699496391632
-0.16576053622019882,-4.70504001173607
-0.16659848440079764,-4.705339194334383
-0.16729388491149802,-4.705468462186918
-0.16791665630099703,-4.705539210235898
-0.16866362958927222,-4.705511357713928
-0.16952533834082747,-4.705623534060635
-0.17055065683531584,-4.705726492856464
-0.17169925653874873,-4.706013320206392
-0.17268403024675935,-4.706104898962424
-0.17350224535869857,-4.7061455838469195
-0.17422123193424469,-4.706080656833175
-0.1749851364913921,-4.7060692000002975
-0.17588721308145505,-4.706047244227776
-0.17700029968456452,-4.706349785108698
-0.17799196072111154,-4.706507658146018
-0.1787596825950231,-4.706622267147553
-0.17936251133486322,-4.706717471780655
-0.17998131318861602,-4.706604763359493
-0.1808670778394059,-4.706638998375681
-0.1818313993150476,-4.7067365412688105
-0.18287950900122435,-4.706965701856152
-0.18381657270749022,-4.707373682837146
-0.18472877017938383,-4.707849934465695
-0.18564096799098354,-4.708282427887156
-0.18671154699614115,-4.708649739520713
-0.18767874715148625,-4.7089337150668635
-0.18881559706872625,-4.709177026470035
-0.19007079668849033,-4.709698077437257
-0.19131619026430233,-4.7102112004430845
-0.19258049535574917,-4.710850235202755
-0.19371369134649036,-4.711405529349275
-0.19492347573443516,-4.712022553451098
-0.19607953948847712,-4.7122954938772486
-0.19732791352386983,-4.712752308006411
-0.19873571535961873,-4.7133376416951
-0.2002892091435148,-4.7141003705095335
-0.20188279857397526,-4.7150647759103625
-0.20327815801660026,-4.715819864925682
-0.2046497147730962,-4.716277277996275
-0.20613893377507642,-4.716619240279497
-0.20784436157239686,-4.717152921612093
-0.2098373487587434,-4.717655049312696
-0.21178700063680192,-4.718191530763892
-0.2139358370038924,-4.718965018742604
-0.2158611779707984,-4.71955821484983
-0.21782056732054741,-4.720084449729522
-0.21996001808221835,-4.720687428481557
-0.22208493767840204,-4.721223937982688
-0.22404668351472365,-4.721889522454904
-0.22607643894812313,-4.7226403123479
-0.22819811273504342,-4.723524024749258
-0.23025825967220068,-4.724456355401546
-0.23228704472348924,-4.725329133699032
-0.23427469786661628,-4.7261672171288405
-0.23633501291644346,-4.726947737879114
-0.23833632177348152,-4.727683280131954
-0.24027648292813822,-4.728521219651461
-0.2421036704580245,-4.7291678207518055
-0.24397625359186448,-4.729868261273131
-0.24600118949046315,-4.730646396084137
-0.24834975731585565,-4.7313524032708765
-0.2507333317599365,-4.73205720565054
-0.253013546116002,-4.732790349961577
-0.25498434783197377,-4.733278202260887
-0.25690928232269294,-4.733793991942254
-0.2590160127681565,-4.7341256486449
-0.2613778146857337,-4.734724640953626
-0.26365939625421075,-4.7354197500421895
-0.26589517286263037,-4.7360492367717235
-0.2678854954149018,-4.736459785028153
-0.2700401137126672,-4.7367407199945335
-0.27203488811776294,-4.736875019748824
-0.2740886207803266,-4.73704783944157
-0.2760059615673317,-4.7373283799240955
-0.27809765719575213,-4.737738126714079
-0.2802621497404529,-4.738257557976055
-0.28216185755083806,-4.738790668946259
-0.28368582908174306,-4.738877604208606
-0.2855011181664541,-4.7391999667399345
-0.2872712464785098,-4.739557904056589
-0.28929029091191616,-4.74021137789615
-0.29142762184321713,-4.740960467314051
-0.2934017317408984,-4.7418381944180545
-0.29511467286431403,-4.742405985835225
-0.2966169152948311,-4.742829230099214
-0.2981812266341121,-4.743299464564047
-0.2997168590029408,-4.743878974088679
-0.30143586204339246,-4.744375182602501
-0.3027595080953724,-4.7448310314490145
-0.3041765830864114,-4.7453978034585305
-0.30551383186802084,-4.7457559340023225
-0.30684083581783117,-4.746369192239399
-0.30793442127472076,-4.746777949126875
-0.3088113250967902,-4.746967199968998
-0.3099134787669635,-4.747173903371508
-0.31133604967452105,-4.747526844686806
-0.3125992167721992,-4.747750888987359
-0.3139635660851111,-4.7481785116406074
-0.3152408303420864,-4.748448730817618
-0.3162778863981366,-4.748524669449318
-0.31719036391487615,-4.748394749615408
-0.3181391357006076,-4.748291160547098
-0.31916522528430424,-4.7482501103468415
-0.3202272058477212,-4.74818876309719
-0.32130411149592064,-4.748349603067227
-0.3224387031404014,-4.748557109741597
-0.32356885776142724,-4.748714001253264
-0.3245489689401745,-4.748817114734924
-0.3256149868661452,-4.748989746873945
-0.32668178936148284,-4.748963618736699
-0.3275890375065226,-4.749041504764683
-0.3285909850374717,-4.749273769160656
-0.32972388808204917,-4.74962218625826
-0.33075712267412405,-4.750048994461988
-0.3319713338460755,-4.750609226021124
-0.33295136443218537,-4.751173286924915
-0.33385349955992716,-4.751479552962975
-0.3349423974212237,-4.752000061681895
-0.3361308611943556,-4.752601161118023
-0.3373713367544689,-4.7532687062306636
-0.338577884911007,-4.754188817736301
-0.3398529983636866,-4.755164424757715
-0.34112282027059604,-4.756191055804142
-0.342489446054243,-4.7571065130390835
-0.3439222677996113,-4.758075552925773
-0.34517948588106023,-4.7589176471528045
-0.3466370631699288,-4.759890371451912
-0.34844326141343834,-4.761276271512183
-0.3497568499601367,-4.7626297808578
-0.3513933391205251,-4.76408883564453
-0.3527132934738422,-4.765172820311241
-0.35395557354873947,-4.7661746244761565
-0.3552258330590875,-4.767164957957676
-0.3567515521451859,-4.768458021530419
-0.3581718802108698,-4.769725768545603
-0.35966496604788906,-4.771052397229834
-0.3613239037504118,-4.772432418932888
-0.36280142552384964,-4.774004507073958
-0.36464371323318395,-4.7758717969559
-0.36639461767587717,-4.777630834951499
-0.36799032948563887,-4.779511355616917
-0.36933428994892153,-4.781188090169762
-0.3711728404574933,-4.7833903999077805
-0.3732003844990098,-4.785602148950364
-0.3753048162833591,-4.7880407981176
-0.3771974927410096,-4.790228557750945
-0.378857379246396,-4.79228452429741
-0.38046221205159503,-4.79422836938858
-0.38233803228812124,-4.796493286480514
-0.38439415695636253,-4.799015324609427
-0.3866204589556122,-4.80172193811643
-0.3889055991960126,-4.80449826076654
-0.39105090835756745,-4.80716913146335
-0.3930914958596694,-4.809806041590352
-0.3950543952861888,-4.812350891486852
-0.39686264947256716,-4.815042537914052
-0.39893213803745614,-4.817981997812686
-0.4009856065116768,-4.821151046173409
-0.4031942862146103,-4.824536295700183
-0.4053758066381564,-4.828013872722119
-0.4074659654253238,-4.831502727706596
-0.40943014546474105,-4.835050613085421
-0.41146328205295857,-4.8387190731580825
-0.41355750761545634,-4.842544603072745
-0.41564920853930426,-4.846380982676187
-0.41790995767118655,-4.850451287076885
-0.4203255029409613,-4.854779896478824
-0.422304044662934,-4.859070852904085
-0.42402134586285417,-4.86315035772902
-0.4257137254456612,-4.867248456190526
-0.42758940714064797,-4.871563581889233
-0.42977901554687653,-4.876131746803933
-0.43184332743344045,-4.880796363048303
-0.4337799174005021,-4.885309114621056
-0.4353460277880605,-4.889522385645413
-0.43699680355118403,-4.893669013580282
-0.43876681203696516,-4.897978944557984
-0.43992781155470684,-4.9026490511597185
-0.44148892602818207,-4.907277239863725
-0.4427168334265996,-4.911809242535436
-0.4442038135289175,-4.9166484445002
-0.44566065958055334,-4.921482315283028
-0.44703679708038735,-4.9263679395317785
-0.4482931463970899,-4.931111126870361
-0.449663101954154,-4.935861117618628
-0.450866672476977,-4.940531210680564
-0.4521255778788747,-4.9452668381351605
-0.45351537749204063,-4.950000970774619
-0.45461598164941314,-4.954730791839831
-0.45565627103250905,-4.959388785798095
-0.4568094485019468,-4.96403525584012
-0.4581777563229158,-4.968722454124699
-0.459461857649592,-4.973309401888363
-0.46086102011787633,-4.978130848397187
-0.46191091843726695,-4.982939040846957
-0.46301694191600307,-4.9878136366959875
-0.4640970344362915,-4.992610976949971
-0.4652422970558396,-4.997510060673309
-0.4662200126631789,-5.002209575919181
-0.4674689364190737,-5.007016278576306
-0.46837028631527794,-5.011777823837021
-0.46847574525997454,-5.017313074954956
-0.4687336179287399,-5.023034807828581
-0.46898570678922974,-5.028874462380558
-0.4693756714324112,-5.034808357154134
-0.4698473026399867,-5.040503693829435
-0.4699858930604777,-5.046010635349811
-0.47018703366705084,-5.051358130797421
-0.4703339753220122,-5.056640827352049
-0.47023443908504103,-5.062042708281264
-0.4702216266490194,-5.067529961023223
-0.4701009561388174,-5.072683634051217
-0.4698787964555112,-5.077576592745655
-0.4697146147577991,-5.082248141005967
-0.4695408441352216,-5.086893660596102
-0.4692219236110076,-5.091503873698925
-0.4685654078617516,-5.0958441415519244
-0.46826226149721023,-5.100126376945802
-0.46804311095786577,-5.104347886961857
-0.4678949476535835,-5.108583791174126
-0.46728181921880707,-5.112264739101551
-0.4663799925137989,-5.115746856206213
-0.4654394531633818,-5.118957073964718
-0.46472931658094163,-5.122442648002232
-0.46416141813919076,-5.125977405018155
-0.46295051942339166,-5.130495220463257
-0.46151794969046805,-5.134748742126771
-0.4605577788729867,-5.1384274120275775
-0.45925739572186675,-5.141835220249309
-0.4579916793534724,-5.145070730017637
-0.45650877896224895,-5.148283241940915
-0.45518094917476376,-5.151619491422817
-0.45395451615469395,-5.154932130365075
-0.45287110768466465,-5.158125864490428
-0.45158574875344126,-5.161159190696825
-0.45015395513295786,-5.163950229665653
-0.44844922479636257,-5.166568782816603
-0.44667709477941264,-5.169133945225168
-0.4451408919121556,-5.1716177508524055
-0.4435822250810629,-5.174111817993292
-0.44199051164690684,-5.176556002974289
-0.44008280175286185,-5.178818174656085
-0.4379797485120485,-5.18087047820998
-0.43552752652710464,-5.182609471129231
-0.4330026925755933,-5.183988048147167
-0.42993287311457795,-5.186008541420192
-0.4270312462006917,-5.188163258207182
-0.4241178691737018,-5.190326957669473
-0.4210206452808373,-5.192270988998437
-0.41750469680554547,-5.193883533409747
-0.4142975647600891,-5.195259515857326
-0.4119062361011281,-5.195877605668827
-0.4095589086674892,-5.196455217848119
-0.40722384738718603,-5.197023306956014
-0.4046016192048162,-5.197320418198218
-0.40188725120998187,-5.197581234155793
-0.3992771004286581,-5.197761986523905
-0.3966449907458684,-5.19790042235101
-0.393765413915547,-5.197766690208455
-0.39097227933424766,-5.197566434372965
-0.3881516187146587,-5.197352093097824
-0.3852619083374396,-5.197094774125625
-0.38226880639206073,-5.196916316360132
-0.37903801878035426,-5.196459285686452
-0.37575941264384904,-5.1959837189442695
-0.3727427231181948,-5.195306910016794
-0.3698854156568297,-5.194781047652004
-0.3670101063109425,-5.19420007984719
-0.3639667820470891,-5.193788329599196
-0.36074522005702964,-5.193444019497482
-0.3575736662182387,-5.193160329383366
-0.3542538817494015,-5.192728262613557
-0.35116211905060446,-5.192423420690327
-0.34796743883730197,-5.1919952392878095
-0.3448303014493309,-5.191676967367265
-0.3421965450734029,-5.190482059203606
-0.33969049951352964,-5.189440961104216
-0.3369354596056089,-5.188242694298593
-0.33435187518968124,-5.187180052103574
-0.33178460817836475,-5.18610188381287
-0.32926759389752386,-5.1849849082990485
-0.32642883591902117,-5.183613682734082
-0.32367529477327805,-5.182345241787165
-0.3206973177804377,-5.181249061929604
-0.31802122748946293,-5.180391549801441
-0.31541311539944955,-5.179616028734676
-0.31282137238441504,-5.178827746407747
-0.31026558314079106,-5.1780679481540846
-0.3075726236690649,-5.177223412849946
-0.3047896700891479,-5.176591928402939
-0.3019940888775532,-5.175974387415677
-0.2996103431377698,-5.1753819406962025
-0.29733654326179193,-5.174898134748775
-0.29533079657950384,-5.1744690315837465
-0.2935337650192229,-5.174243114720206
-0.2921183644942391,-5.173172118656676
-0.29054303532743836,-5.1720558753097965
-0.2888532934176819,-5.170782683026796
-0.28757108471277537,-5.170000652391712
-0.2864425276005134,-5.169440474561403
-0.28530464038685893,-5.169122954729578
-0.2839747647055436,-5.168573974542796
-0.2823477479875213,-5.16795303749789
-0.28069916233220144,-5.167213286233914
-0.2791395832603056,-5.166580790989294
-0.2776002372788231,-5.166217351376149
-0.27624445438744544,-5.16608355294523
-0.27501432148405547,-5.166101129740805
-0.2737108332423963,-5.16626980591912
-0.27242001862973375,-5.166315917942804
-0.2708770905552968,-5.16632987837666
-0.2694148932795018,-5.166407432942289
-0.26810486228801184,-5.166367721851509
-0.2671576667173502,-5.166765505448872
-0.2661814388671335,-5.167140312190851
-0.26507224221625864,-5.167610805345302
-0.26377457064495663,-5.168109038440547
-0.2622630169919341,-5.168383688440886
-0.2606784800478704,-5.168425720464806
-0.25929462661969654,-5.168313013332358
-0.25798525580331216,-5.168306015874134
-0.2568635063257473,-5.1684174675169725
-0.2555863796642828,-5.168470861998998
-0.25424062099546907,-5.168611455192247
-0.2528701746486025,-5.168732507203461
-0.25150623698250146,-5.168663380528233
-0.24999416532525337,-5.168542528690533
-0.24851169289030356,-5.168444936530807
-0.24715341964304557,-5.168497157465585
-0.24583564855528545,-5.169018135698144
-0.2444814506886607,-5.169357463499838
-0.24313287589846005,-5.169701101018819
-0.24161220816400142,-5.16995515670805
-0.24019083523943846,-5.170177934441274
-0.23866302079171878,-5.17031671185802
-0.237092798257338,-5.170709213318906
-0.23520932232085617,-5.171422152294935
-0.23321189173347978,-5.172045200374582
-0.2312101427815386,-5.17276220052712
-0.229210895889834,-5.173122966875667
-0.22708349698186156,-5.173382726156518
-0.224731462956712,-5.1738986715056505
-0.22236424971415347,-5.17439618586106
-0.21986612545756273,-5.174983823901275
-0.21733495052387777,-5.175652899723075
-0.21463513997574385,-5.176117891714967
-0.21172976782997957,-5.176340362560944
-0.20903965444428252,-5.176642107375124
-0.2060667872228637,-5.176601665956463
-0.20315466438155633,-5.176508892436014
-0.19995132326840562,-5.176405595760657
-0.1966945068856761,-5.1762373672268565
-0.19321469352659967,-5.175731931065728
-0.18987526996821666,-5.175253758803223
-0.1862633617959,-5.174445615450823
-0.18284522790668703,-5.173538106485875
-0.17914720887391059,-5.172475478018822
-0.17507984101635382,-5.171084803505774
-0.1711161010081046,-5.169613916107895
-0.16675965151365454,-5.168771662679745
-0.16262157221966508,-5.1679285481314166
-0.15824595451514284,-5.166790777761016
-0.15372069455350906,-5.165768847621978
-0.14889404811679008,-5.164449924645403
-0.14428672936100892,-5.163344044969742
-0.13958042460773226,-5.162321629075273
-0.1348466937975691,-5.161077605568148
-0.1301399401297396,-5.159866471293759
-0.1257451121127058,-5.158663347900847
-0.1211901895195679,-5.1574394070094
-0.11657841576585348,-5.156130219632789
-0.11186833097667134,-5.154897266926836
-0.10703019445887309,-5.153552458940778
-0.10234590517638319,-5.152224544504935
-0.097671622364936,-5.150771277436817
-0.09308762693669698,-5.149428901174999
-0.08832910046559961,-5.147747711504638
-0.08370328940469014,-5.146269031419518
-0.07869329657221437,-5.144436222416141
-0.0736662097499343,-5.1422024010848055
-0.06864352608793843,-5.1401744459162435
-0.06386927973661824,-5.13834127974257
-0.05906291058363058,-5.136532850173039
-0.053897756706016264,-5.134844871438513
-0.04852175373235634,-5.1329918990433105
-0.04320504088892062,-5.131092195248908
-0.038061903536057665,-5.128577566255924
-0.03304632672042469,-5.126162873637648
-0.028115340860667914,-5.123681926951373
-0.023426012931898915,-5.12149513944162
-0.018795579567704845,-5.119354538153398
-0.01403965325469477,-5.117311744475891
-0.009041821473440804,-5.114974660788064
-0.004066930626498023,-5.112655562857086
0.0007467155650820969,-5.1102101628095795
0.005138564606482725,-5.1082784710183295
0.009240875712926568,-5.106573414245691
0.013443064900583092,-5.104946368024678
0.01767497317276858,-5.103336115416716
0.02187414336506847,-5.10170555084552
0.025798108825310213,-5.100072717062012
0.029651235667665157,-5.098526375906563
0.03315874120875708,-5.0972261542868065
0.03691980242610783,-5.095810395961378
0.040183032610709046,-5.0950015916445475
0.04345093812323633,-5.094132840566252
0.04665684901689107,-5.093215123425661
0.04942453252900375,-5.092651035955808
0.05224633973688192,-5.09196228689498
0.0544747156428362,-5.090605860136336
0.0568597838299747,-5.089126981606665
0.0588888088238854,-5.08808238315453
0.061031006739907176,-5.087126497972385
0.0628089397057916,-5.086455318856256
0.06465394329692377,-5.085702377078274
0.06636259752424939,-5.084842228123515
0.06801149825141983,-5.084028788404176
0.06960772323001022,-5.0832796484643925
0.07147356457316784,-5.082851161594732
0.07308274915885217,-5.082694689669503
0.07451943854250477,-5.082715612271634
0.07590025517928224,-5.082692593110196
0.07720651067635463,-5.082649683617838
0.07855856176896539,-5.082541040001827
0.07990225149683429,-5.082425855151348
0.08110996995146842,-5.082475526197871
0.08197696750716739,-5.082895260108651
0.08286337518665966,-5.083330260863591
0.08358467178925616,-5.083851146699114
0.08434326584552888,-5.084489538059658
0.0851564353246032,-5.084928813357433
0.0859534683578978,-5.085245948571081
0.08672673634820241,-5.08540999642178
0.08701710624935653,-5.085540078900899
0.08729029697234553,-5.085938100109264
0.08742919167302451,-5.086313986271877
0.08749257359343782,-5.086837941617935
0.08748736839482196,-5.087236660841356
0.08758038586569081,-5.08751406382549
0.0877569786235266,-5.087728369282805
0.08803093814583886,-5.087866660792609
0.0879602936166638,-5.088086200290211
0.08768684606794828,-5.088466707212566
0.08744252508886502,-5.088824482763654
0.08730792328275541,-5.089234356160578
0.08719787917442598,-5.0893923868229365
0.08713492433791721,-5.089513663661743
0.08710484715945051,-5.0895097074888
0.0869740467154228,-5.089572733633576
0.08699786874771158,-5.0895610022283
0.08711381209730129,-5.089497088286543
0.0869053180660093,-5.089314830719838
0.08689983966169915,-5.089372071490983
0.0867319224750478,-5.089556106116679
0.08697126954060284,-5.089288963127941
0.08742056186605593,-5.088914412680512
0.0877961818610771,-5.088481900088096
0.08819022225386954,-5.08808422140072
0.08843442434484039,-5.0878401474528285
0.08877808700855104,-5.087674268928468
0.08904440524846301,-5.087527398531741
0.08960256679258884,-5.087106823901848
0.09003832636691002,-5.08658993833777
0.0907478568941982,-5.0858282773202035
0.09135898884260459,-5.085131192798964
0.09199550673019613,-5.084454023086265
0.09258968886580801,-5.0837856306247735
0.09331247492578267,-5.083038660340605
0.0939891023668724,-5.082146373281011
0.09510158017670765,-5.08072184620247
0.09620171034501687,-5.079306941251746
0.09709666444675437,-5.077730457786468
0.09774960838300426,-5.076449469578722
0.09853602938261215,-5.07506421444997
0.0994667168235015,-5.073792399292648
0.10066487155624138,-5.072193979126699
0.10204689144137247,-5.0703333950224545
0.1032574695352119,-5.0683375746396475
0.10444185900150207,-5.066367008848049
0.10533497935368526,-5.064138357686965
0.10644203558880007,-5.061742473618689
0.10767597139270442,-5.059364286467857
0.10862876985510102,-5.056898631018175
0.10959527687759878,-5.054422060540664
0.11058606535560163,-5.051589312883723
0.11153933574815435,-5.048642949747958
0.11255551866545387,-5.045647150295928
0.11357896147175202,-5.042871573174936
0.11448881846376895,-5.040203763939594
0.11541101941805092,-5.037495478493367
0.11630757341529387,-5.034745594445269
0.11714917767673763,-5.031598994607792
0.11820660638195178,-5.028351135688604
0.11922483803287878,-5.025145006084365
0.12027810371007909,-5.0220001844799596
0.12141206770358282,-5.018965771475125
0.12257137884867605,-5.0158926721658394
0.12354815358904035,-5.012826053956464
0.12419982775667443,-5.009202603873106
0.12499015962091206,-5.005354785447353
0.125857453557844,-5.001477405222552
0.1271166612965142,-4.997696633944179
0.12803982305019082,-4.99386870648749
0.1289178784841957,-4.990060902772877
0.12976230861479474,-4.986247663213183
0.13062403324845276,-4.982420639373063
0.13134037107686072,-4.978478046538151
0.13226286299623044,-4.97428398025443
0.13305153878662918,-4.970194591852065
0.13391358017927701,-4.966163120692362
0.1345751290679714,-4.962375721863601
0.13511404510611663,-4.958684299404976
0.13549208277824093,-4.95486493963522
0.13585587968140944,-4.951062676618349
0.1361880267747922,-4.947284996086
0.13652653930622674,-4.943512082938582
0.136819312954792,-4.9398618364576805
0.1369023347876495,-4.936327126634682
0.13674879131758236,-4.932863300634074
0.13636490896616038,-4.9296794629848115
0.1353576048858502,-4.925593881421229
0.13450535588291967,-4.92167451816059
0.13368598289476136,-4.9177149731794465
0.13279077891439303,-4.913871346969507
0.13186525131614832,-4.909970526427826
0.13074497716449768,-4.906046258032119
0.1295063536829454,-4.9023337523941155
0.12821572446864035,-4.898579753442428
0.12694662477273133,-4.89480588810744
0.12607521569484198,-4.891074181456633
0.1246527948436749,-4.887489219634602
0.12300617859143047,-4.884176355237803
0.12141900428601755,-4.881156605586648
0.12002045997173291,-4.878076143172278
0.11851911135825986,-4.875120361915442
0.11718247822548472,-4.87216039548653
0.11555182859719706,-4.869268022915087
0.11398346660420054,-4.866300007507109
0.11228554755910575,-4.863514784113907
0.11054605654793304,-4.860746661936013
0.10860092597406355,-4.858227884002061
0.10701828185124583,-4.855789459962998
0.10455904305272687,-4.852641932096925
0.10208132134783987,-4.849427112800306
0.09963912221728426,-4.84606521976134
0.09709779427137977,-4.84278210029569
0.09444745306878335,-4.839497512767158
0.0917977052556944,-4.836428821927665
0.08943675178658932,-4.833945458578426
0.08691382618665208,-4.831864913970654
0.08454236711572763,-4.829536701624406
0.08183331874434717,-4.827476003292932
0.07922739866649509,-4.825200086746304
0.07653981836697082,-4.823041181833685
0.07350394510572095,-4.821226969918173
0.07030059001754041,-4.819595758252273
0.06751782340801583,-4.818034725056294
0.06451271404225734,-4.816486112608548
0.06169248285745294,-4.814791195837278
0.05891338288505672,-4.812947271937691
0.05605573656134564,-4.810826267933635
0.05352024515268478,-4.80844987230571
0.05093114564461671,-4.806421354829307
0.047996866958686005,-4.804230855775806
0.04517120530445464,-4.801954093995571
0.04246407588974867,-4.799577319310837
0.03928534534061955,-4.796589331001372
0.035942071906041116,-4.7934701915171205
0.03292144271850602,-4.790094824930713
0.029734900179225327,-4.7869195833428995
0.02719080630694691,-4.784519753582759
0.024586346485918058,-4.782167747716416
0.021976601200153822,-4.779821878918219
0.019190317652627218,-4.77733523433375
0.016396295922703117,-4.774854481914294
0.013810465720696346,-4.772382672965077
0.01132656754316169,-4.769931100972339
0.008920629245506568,-4.7676440325841325
0.0063157870453433166,-4.765596169254151
0.0035410080230852325,-4.763687438998331
0.0007522059457760868,-4.762080310106736
-0.0016957181238773538,-4.760063340463438
-0.0039008021026544298,-4.757993997367271
-0.0062114417688228065,-4.755919956437872
-0.00868070332248021,-4.754036720492999
-0.011081243694515262,-4.752343680153721
-0.013667197288240654,-4.7509648949867245
-0.016214271860340444,-4.749539737988837
-0.018491179604924756,-4.747866631960491
-0.02119998010386028,-4.745669846414246
-0.02369591521756243,-4.743217976352237
-0.026477026956770705,-4.740959455421435
-0.028686204346311306,-4.739695745631563
-0.030844894211370637,-4.738040814214267
-0.03310765028042328,-4.736504285524449
-0.035053513483458615,-4.7346135265606275
-0.036812153218154425,-4.732680154880311
-0.03862226072942053,-4.7306061333725165
-0.04033052599391366,-4.728450642892715
-0.042360137791902994,-4.7260388911013855
-0.044527544947829296,-4.7237921753537275
-0.046355008428535203,-4.721273109794446
-0.048347921988669905,-4.718622011804889
-0.05012653932435976,-4.715713736141066
-0.05147222019134717,-4.7124582931165335
-0.05309207249063005,-4.708983886363088
-0.05504986455438243,-4.705823740042657
-0.05699135674731544,-4.702855806093935
-0.05887596688831443,-4.699908315239517
-0.06082110600003271,-4.697032774525595
-0.06300240949253896,-4.6937975101378875
-0.06542394126563793,-4.690754823850592
-0.06771279836876912,-4.687427317486243
-0.06981655838446832,-4.684457249402291
-0.07207214176383407,-4.681609133628332
-0.07428250434973035,-4.678991681488657
-0.07592549773160136,-4.676802557826169
-0.07724854426156408,-4.674671528775241
-0.07865573577876679,-4.672727330868785
-0.07990890353697744,-4.670599168488657
-0.08141821781011234,-4.6687834842309375
-0.08275644191878685,-4.666965031578096
-0.08432381797032515,-4.665420442039613
-0.08576341046144349,-4.663999561488568
-0.08703519608524474,-4.662733720631093
-0.0883345003793547,-4.661500924760438
-0.0898414672735855,-4.660332756395424
-0.09123999300162423,-4.659148696463952
-0.09258760402662648,-4.657904073419127
-0.09416813178712113,-4.656843289309653
-0.09535237672489502,-4.6557858018143365
-0.09670456212834339,-4.654928932380122
-0.09811015202565436,-4.653972749447919
-0.09951246287669717,-4.652939618320755
-0.10144765014904125,-4.651087005838384
-0.10365804792023042,-4.649209369314776
-0.10562107339934756,-4.647148746953014
-0.10752789366533887,-4.645120310791868
-0.10934552652611398,-4.64305306904352
-0.11091983030096347,-4.641750208818298
-0.11271662034210903,-4.640562834455977
-0.11453377857057509,-4.639427273007889
-0.11611551271721877,-4.6380112854057165
-0.11775651890924405,-4.636979995796439
-0.11919924566227158,-4.635788926454512
-0.12107505138858643,-4.635139383842707
-0.12308366878604797,-4.634575872329176
-0.1250425801437576,-4.634113347728313
-0.1271031803714158,-4.6337474687249065
-0.12907394852498713,-4.633453233417161
-0.13109736913998155,-4.633219595689758
-0.13332932960629562,-4.633181460579281
-0.13516142328522948,-4.633462385542629
-0.1372516953997514,-4.634000209122331
-0.1398290136832053,-4.635022810651288
-0.14207119201592655,-4.6363124773498
-0.1442936957387282,-4.63752505558718
-0.14632777455106638,-4.638556298948934
-0.14866739077092397,-4.639235773882656
-0.15087640664848379,-4.640080227368744
-0.15275644819206008,-4.641505191687867
-0.15497954116346782,-4.643283161639497
-0.15704326045024763,-4.6451875916825
-0.15933400732893832,-4.647235116882186
-0.1615453253887929,-4.649264495334299
-0.16370897609906035,-4.651331152875902
-0.16605301501416822,-4.653583989065673
-0.16864801136170285,-4.656088710726968
-0.1711235644866778,-4.65868766953704
-0.17403324517752397,-4.6616487476908475
-0.17686461287917576,-4.664639164206449
-0.17971167405710928,-4.6675984670066075
-0.18200901665037517,-4.670419922392209
-0.184577165269044,-4.673459833408396
-0.18747759555718238,-4.676432155571683
-0.1907478931263195,-4.679844542929024
-0.1940541683698555,-4.683285819829768
-0.19735334632255827,-4.686844302129173
-0.20024128631398483,-4.690767078629851
-0.20299402288719315,-4.69458042809406
-0.20581840954349895,-4.698335925446127
-0.20877936591792323,-4.702253811062856
-0.21178473356742286,-4.7062073028074
-0.21479443797079026,-4.710156363571904
-0.21736568656555216,-4.715030149342822
-0.22004959105425248,-4.719994560096003
-0.22267510873911145,-4.724922676041359
-0.22538372106853183,-4.7298510115877255
-0.2281718750266615,-4.734843214686858
-0.23078695693413864,-4.739580854523034
-0.23366351194020668,-4.7447787251198825
-0.236719358068664,-4.750120819865738
-0.23957518088780977,-4.755832713228114
-0.24231755715031708,-4.761520392124345
-0.245174222254976,-4.767299649363186
-0.2477401331714306,-4.7728228692967605
-0.2503416884260804,-4.778414287449031
-0.2530766331472707,-4.784112498549135
-0.25571403056711217,-4.789811524857893
-0.2584034605655067,-4.795827489186323
-0.2610916055222663,-4.801841702579503
-0.26370265025213496,-4.807775447462005
-0.26642468536023195,-4.813468109865065
-0.2682520767068472,-4.819984834335754
-0.2699829088475341,-4.826330697585407
-0.2717969237407849,-4.832610172513564
-0.27378364481753203,-4.839149184833262
-0.27589850820769274,-4.845820464006505
-0.27758342477421694,-4.852942439695155
-0.2793793145213181,-4.8598776233360805
-0.28118799721047033,-4.866822670042041
-0.2827891463805553,-4.873536414973927
-0.28453617259836994,-4.880234318774389
-0.28616246941466406,-4.886834998078354
-0.28749337759664123,-4.893427587323851
-0.28889611770882073,-4.899775509134715
-0.29042418586399715,-4.906301823876661
-0.2917539802930655,-4.912727473775809
-0.29355142978664955,-4.919220722962936
-0.2948706213804015,-4.92530027763907
-0.29594258151750574,-4.931092185568035
-0.2970123768896085,-4.93679202509112
-0.2985580374424836,-4.942546031334279
-0.2998152155757031,-4.948078807540343
-0.30112840962618087,-4.953701405310084
-0.3022120319971947,-4.959049526854306
-0.30308194563763335,-4.964283167537945
-0.30311297954021255,-4.97041629692743
-0.30357952611672473,-4.976214717133287
-0.303777993501594,-4.9820746514061645
-0.3042844939779468,-4.98797700286235
-0.30478820558416597,-4.993876238306422
-0.305317086376019,-4.999740776283541
-0.30593542053364015,-5.005757789586786
-0.30634419332520485,-5.011523976225209
-0.30622953090070193,-5.017331686018148
-0.3061559822904849,-5.023145668380368
-0.30636508477532043,-5.029298413881116
-0.3065820577719862,-5.0355983296075655
-0.30697794456006083,-5.0420791996969
-0.30695545675720903,-5.048058343792386
-0.30650222458815984,-5.0538194841761745
-0.3062771325523571,-5.059279171635695
-0.30609379198607617,-5.064789046108092
-0.3058818249643475,-5.07042366446034
-0.30592646808030516,-5.076190370663598
-0.30588318557075,-5.081927556153718
-0.3057306613646609,-5.087632020260698
-0.30544744076137753,-5.093139759818329
-0.30485586949741134,-5.098526969401477
-0.3042544262155283,-5.103867543977975
-0.3030130932248762,-5.110000082979953
-0.3018760721312108,-5.116204526735184
-0.30158947656430013,-5.121613124090072
-0.3009163689684173,-5.127097433035478
-0.30029697327840826,-5.132590341291234
-0.2994451594768034,-5.137645025965742
-0.2985654636349185,-5.142694905894295
-0.2978365957501342,-5.147658985368332
-0.2971486692665484,-5.152672345659106
-0.2964328425527735,-5.157793370092429
-0.29561628731039574,-5.1627763519322825
-0.2945777674662993,-5.167563064628258
-0.2933182093335875,-5.17219394228304
-0.2923331189064153,-5.176810858929913
-0.2915715134383576,-5.181604341871365
-0.2904595969682487,-5.186273558348463
-0.2892706630142431,-5.190713439712742
-0.2876084374599325,-5.194779957269811
-0.2861375489016255,-5.198852301607867
-0.283995541242076,-5.203756351407421
-0.2819551325016,-5.208754335434595
-0.2797580350287567,-5.213548646394091
-0.2774203991426521,-5.218451226194608
-0.27478994012257274,-5.2230877751846885
-0.2719135195084167,-5.227522495989703
-0.26918242031584316,-5.2318457179648865
-0.2671824183809637,-5.2349129227799045
-0.26518997518940174,-5.237951312832064
-0.2633655295701881,-5.240860607174109
-0.2614817632483126,-5.243774161383113
-0.2592759811037012,-5.246373344069207
-0.256911793135207,-5.249094251833473
-0.25417029564973004,-5.251418654620511
-0.25147874094298167,-5.253801428821786
-0.2490824577420641,-5.255957381077039
-0.2466373051831506,-5.25806474255372
-0.24400505259679453,-5.25989074574397
-0.24122456947767,-5.261830619653165
-0.2381446831859962,-5.2634949664497475
-0.2349560774545404,-5.265108572215537
-0.231885120512197,-5.266631766651694
-0.22901274701142943,-5.268310679083489
-0.22602822453479898,-5.269853693719523
-0.22250693314943465,-5.27210396777897
-0.2187440183250776,-5.274211385850476
-0.21473862755052867,-5.276069875955325
-0.21077119774296713,-5.277975202881199
-0.20724845045907114,-5.279834932010381
-0.2038634946135261,-5.281607555217142
-0.20039964296799287,-5.2833244405060045
-0.19775839327152447,-5.2841058550428235
-0.194812306800514,-5.284691462919205
-0.19188636756973207,-5.2852626455736145
-0.1892816904190762,-5.2855866339270765
-0.1866908423868441,-5.285943614702712
-0.18402203881869353,-5.286365075863939
-0.18151095737845174,-5.286610363549067
-0.17886772672785284,-5.286695732642563
-0.17608330059268057,-5.286609966013627
-0.1731636706804368,-5.28637989450756
-0.1703389182120198,-5.286271594912405
-0.1678174713252114,-5.28645739646513
-0.16531717949764024,-5.286626612399267
-0.1627263521735132,-5.286682123293635
-0.15978789195524512,-5.286466966856514
-0.156813492194336,-5.285991052157912
-0.15366641895640085,-5.286083820406892
-0.15083588906796316,-5.286243729443732
-0.14780325473647352,-5.286384056226034
-0.14555659351406244,-5.2857678772920815
-0.14323008502942328,-5.285150125519481
-0.14076101645345943,-5.28437497970913
-0.1383071891728897,-5.283385651416274
-0.13585381274434594,-5.282564867031452
-0.13342667543290204,-5.28167695290121
-0.13095775247898167,-5.280926376948741
-0.12876716466926022,-5.28027892209094
-0.12645141870702897,-5.279518949938003
-0.12388555045867625,-5.278554218661005
-0.12113949421320629,-5.277490334900303
-0.11834222322678002,-5.276272477377125
-0.11582479633216967,-5.274838362411721
-0.11334892140926235,-5.273540039183947
-0.1108499588308431,-5.272216093538108
-0.10826553534343956,-5.270957662412303
-0.10555902750646413,-5.269614910633777
-0.10258119880260014,-5.267998860998372
-0.09999239647372225,-5.266081644268312
-0.09737537520842965,-5.264184264196029
-0.09485813665184842,-5.262324785485518
-0.09237819273955318,-5.260401123547411
-0.08989315731431315,-5.258294274147858
-0.08732770665827534,-5.256180609204104
-0.08543573646559614,-5.253330640674789
-0.08362334045863733,-5.250418373480171
-0.08218708000135577,-5.247799010830172
-0.08039949182006809,-5.244751252658588
-0.07836487080227411,-5.24151818117981
-0.0764347131141348,-5.238417749792334
-0.07462109372140602,-5.235444094397252
-0.07252760363434707,-5.232686675910876
-0.07061070801064086,-5.230021574738866
-0.06833723072697184,-5.22703094523942
-0.06610625210378336,-5.224006866056816
-0.0636756852728518,-5.2207661576833475
-0.061352916542855726,-5.21760834652121
-0.05881989874235941,-5.21461327186789
-0.05645926171110227,-5.211762407068432
-0.05414407495180463,-5.209012621640143
-0.051963237940415234,-5.2061581006357365
-0.049599293977599344,-5.2030744556288955
-0.04702511448192076,-5.199769425647613
-0.04444994901444358,-5.196464775344485
-0.042291784992777394,-5.192630469569722
-0.04044404397816773,-5.18906845633633
-0.03885951443360505,-5.185711776922052
-0.037474631887169096,-5.182057281024564
-0.035917756790806166,-5.178425094194171
-0.03443038063533537,-5.174885611845208
-0.03291817023709973,-5.171199149108993
-0.03173199791716137,-5.167701009937696
-0.030539445087427314,-5.164419021895249
-0.029315856699440677,-5.161112790743728
-0.028291325607114417,-5.15788087681219
-0.027542820322298274,-5.154832905252185
-0.02691925545875869,-5.151882496363087
-0.025990915467963692,-5.148797565051342
-0.025018296923306697,-5.145815699434174
-0.024150363212953347,-5.142915692989888
-0.023471489712540358,-5.140125555470986
-0.023118128710138866,-5.137551557272649
-0.022698767688602847,-5.135170831710237
-0.022447738356821394,-5.1329103083059255
-0.0222748815165861,-5.130623801537593
-0.022047238033020094,-5.128168440013467
-0.021942956228948412,-5.125799343911209
-0.02199701489667262,-5.1235878406662305
-0.022430173069656698,-5.120847442145343
-0.02293934830170861,-5.118166667757485
-0.02381146160000018,-5.115740253971811
-0.024580872233653277,-5.11338643800311
-0.025232610855568077,-5.111124603973104
-0.02600075813732291,-5.108914487030341
-0.02663069009347049,-5.106579958042157
-0.027354742868033775,-5.104171894042622
-0.028167162668052262,-5.1019117114029795
-0.029280875287832384,-5.099965544361533
-0.030267100741271265,-5.098499215839742
-0.031080535943532186,-5.096823023598276
-0.031755861416805274,-5.09503866103365
-0.03250057038828469,-5.0932000900415
-0.03332184610185185,-5.091454662740325
-0.03463079007983028,-5.090091927795085
-0.03574134489911976,-5.088884411851157
-0.03709237009984528,-5.087969213927534
-0.0382388869648528,-5.086893663711543
-0.03919023497852299,-5.0859707987820295
-0.039980724086560615,-5.084852755698854
-0.04101367049473663,-5.083925202606412
-0.04189569607872891,-5.083115728241548
-0.04326804912651324,-5.082186233514291
-0.04478214857206127,-5.08141738922604
-0.04613727688079399,-5.08077285096406
-0.0471580508592284,-5.080720375883645
-0.048003977221610865,-5.080455825242143
-0.04887564808076293,-5.0800521347926
-0.04983592310051698,-5.079529288449892
-0.050781746131362424,-5.078989063654454
-0.05174614780842671,-5.078462931781096
-0.052400320120594965,-5.077821401501519
-0.052776363580716606,-5.076953078310625
-0.05328402341709341,-5.075981837995185
-0.05398702243709026,-5.075164175646496
-0.0544091441288122,-5.074005895356009
-0.054919779830490206,-5.072778447095103
-0.054983732514295926,-5.071200026444283
-0.05530655416611013,-5.06993566379397
-0.055637744044184693,-5.068664779420881
-0.0561896491038706,-5.067567468256084
-0.05648584776068895,-5.066160148050387
-0.05688294096357192,-5.064673946125794
-0.05690927600708532,-5.062896259500462
-0.05690250488744773,-5.06107847995354
-0.05684939755741483,-5.059290802724395
-0.05693019645327907,-5.057691162242036
-0.057053267371451846,-5.056142857706405
-0.05699402437772208,-5.05449438901334
-0.05625935721678231,-5.0533148903614515
-0.055537793970503686,-5.052145707450778
-0.05455304235670667,-5.05082620361727
-0.053678257636444106,-5.049628856534388
-0.05280628523054955,-5.048429978998714
-0.05199573789330297,-5.0473652338995265
-0.051057984297491754,-5.0461036091931675
-0.049929911556485275,-5.044918900173287
-0.048594616931859125,-5.043533923618617
-0.04708213836250496,-5.041985463792223
-0.045819949447530484,-5.04044304778672
-0.04452198247517012,-5.039040234476846
-0.04319847530651127,-5.037637163801203
-0.041950357158868586,-5.0361751191188215
-0.04081595212156784,-5.034813783429699
-0.03930435613206523,-5.033096483850714
-0.03783147957849392,-5.031348957660713
