x,y
-5.848378667524585,-2.815102657242706
-5.849298473991907,-2.8170439394277573
-5.850529883636441,-2.819264778355543
-5.852021009391771,-2.8213142600686414
-5.853542682095915,-2.82324159400718
-5.855002191716803,-2.8251132772369276
-5.856928014752341,-2.827119607783434
-5.858565275186593,-2.82914473911639
-5.86037625314545,-2.831325750479408
-5.862242956688017,-2.8336445832934776
-5.864005467596742,-2.835913875204354
-5.865601653182139,-2.8380340967128035
-5.867221280037945,-2.840148343999148
-5.869119141364733,-2.8422956887274897
-5.870999414197576,-2.844427320330769
-5.87271903508789,-2.8468124944814477
-5.874277500508609,-2.8494725017082474
-5.875805906536251,-2.8521771636221565
-5.87736974868644,-2.855102752442916
-5.878856997753817,-2.857938764238588
-5.880345452410539,-2.86028931026938
-5.881647955566178,-2.8626899520873343
-5.88343523711236,-2.864530841093197
-5.885263626578441,-2.866225433125551
-5.887178090554828,-2.867997261390325
-5.888720564382435,-2.869564958023837
-5.890709538422641,-2.8711094770407843
-5.892661843300989,-2.8726582210105556
-5.894254072914105,-2.873838723373263
-5.895867871007754,-2.8750043843389914
-5.89687227201574,-2.875548690398509
-5.898031414841823,-2.8762397061916554
-5.899388053036801,-2.876792395049259
-5.9007435802743275,-2.877312357467722
-5.90185083902812,-2.877577256152793
-5.902768845185661,-2.8779750774338053
-5.903391125823338,-2.878053139738663
-5.903837953863476,-2.878007106110385
-5.90393874439343,-2.8779258909616074
-5.903979047632711,-2.8778268717896514
-5.903764527103161,-2.87748325233865
-5.903429571949596,-2.877031567476702
-5.903135856303888,-2.8765508413302108
-5.903240827883687,-2.875811193974674
-5.902946238135738,-2.874713031280522
-5.902459043471914,-2.8737498546224503
-5.90175437919492,-2.8725317411936175
-5.901287510715459,-2.8715268542499923
-5.900953615170904,-2.870702024415811
-5.9005526337679735,-2.8698359121250236
-5.899715696561708,-2.8686271941324035
-5.898851774662808,-2.867040782873523
-5.897809067525593,-2.86566314942704
-5.896586581432649,-2.864122592867317
-5.895475202408707,-2.862870864487428
-5.894125840076657,-2.8617439106887477
-5.892419055629423,-2.860228432551938
-5.890841534686139,-2.8585062696116124
-5.888907524084984,-2.8568328782029124
-5.886506378998851,-2.854714601773956
-5.884182700614058,-2.8526143927991185
-5.882143529492577,-2.850699291130002
-5.880137154679331,-2.8488121174374594
-5.87790643958495,-2.846955934083798
-5.875502114010035,-2.844784140559978
-5.872961538632868,-2.8425674560179974
-5.870449954778772,-2.839959823602993
-5.867890797940729,-2.837212484769019
-5.865307672163716,-2.8342358478325442
-5.8628630786082025,-2.831421555561305
-5.860113574719842,-2.8288218507258893
-5.857600781819809,-2.82613666418692
-5.854746615718874,-2.8230514556273976
-5.851775452569122,-2.8200277066801696
-5.848701240664995,-2.816770613309815
-5.845820110004072,-2.813739775789662
-5.842430428270919,-2.81072029199804
-5.8392960864108465,-2.807587643198972
-5.836004777462982,-2.804217240668865
-5.832736175825433,-2.801137096903435
-5.8297625930687165,-2.7983615745482386
-5.826515352742914,-2.795300022323381
-5.822916313548714,-2.792141996252032
-5.819541963180043,-2.789042909267661
-5.815751984308704,-2.78542094932447
-5.81164044603303,-2.7816293021874907
-5.8072414113845525,-2.77764087355676
-5.803156617224039,-2.7735529181298135
-5.798850680463416,-2.7689935166568516
-5.794147357265685,-2.7639687402057076
-5.789310179323129,-2.759022222749395
-5.783772467681936,-2.753447618802318
-5.777884812327507,-2.7475816993508344
-5.771387679914155,-2.742021498242371
-5.764760457520155,-2.736344675785114
-5.758395632996657,-2.7304491969552958
-5.751511858496703,-2.7251555257200515
-5.743794698512736,-2.719114647211071
-5.7359787806441265,-2.713057686895819
-5.727552114942322,-2.7073052364880135
-5.719026340785503,-2.701383294224191
-5.7109153234653585,-2.6959459469761704
-5.70243556748969,-2.69077314404712
-5.693945014391668,-2.685590207465983
-5.685256897563385,-2.6801755022200657
-5.676522761714267,-2.6747955378322277
-5.6676567173222425,-2.6692968162890356
-5.659098248087873,-2.664156450578421
-5.650414735911145,-2.659107844542647
-5.642160974193274,-2.6544600740352227
-5.6340746973847535,-2.6499514891043074
-5.626013547439268,-2.6454267774436278
-5.618014558157573,-2.640724586021031
-5.610229332587131,-2.6362708009462774
-5.6022499289597105,-2.631802063293591
-5.594291461232284,-2.6273205271412117
-5.58648354680179,-2.6229750047506615
-5.578993245732964,-2.6189392182273883
-5.571354001894122,-2.6150123386756503
-5.563770072180273,-2.611148821768203
-5.556388755659092,-2.6074667096669546
-5.548935277149531,-2.6038383485537233
-5.54179243231985,-2.600570438176721
-5.534633172748324,-2.597287003703046
-5.527319656054366,-2.594116739142582
-5.519867632152378,-2.59078403690333
-5.5133140764898005,-2.5877842675661893
-5.506558135948909,-2.5849564298944556
-5.500300216010235,-2.5824461418052826
-5.493923709445801,-2.57982848299839
-5.487234464752735,-2.576887011046012
-5.4810777157429005,-2.573845762379862
-5.475372822722144,-2.5712105986180487
-5.469463679834921,-2.568539455147919
-5.464356272880709,-2.5663367273991233
-5.459332236251904,-2.56483061390372
-5.454408778525178,-2.5633024578600914
-5.449239762160706,-2.5620699039931454
-5.444217529940615,-2.560969049778455
-5.43956448126717,-2.5602956449460117
-5.434920506545965,-2.5596163437655775
-5.431183473188093,-2.559753390353976
-5.42764018184381,-2.5601144610486255
-5.424194945560231,-2.5604048185525268
-5.420869183994132,-2.560802437232425
-5.417654229815984,-2.561327903146971
-5.414902134000464,-2.5615184127641837
-5.412960989475188,-2.5624396836102123
-5.411214002978668,-2.563585572534452
-5.409708046315241,-2.564556922240501
-5.408637447422755,-2.5659266562452836
-5.407309872883794,-2.5670129828325843
-5.406275377929972,-2.567887080367048
-5.405669901789642,-2.569211016495983
-5.404756162248314,-2.57025717457481
-5.4036980935153265,-2.571407834952924
-5.402933987408995,-2.572837375519385
-5.401891615257293,-2.5739533264129526
-5.400963948819613,-2.575155611647774
-5.399560879088107,-2.5765913212852305
-5.398220932767824,-2.5781515162307924
-5.396434405992775,-2.5794165128736903
-5.394336784468081,-2.580978088169482
-5.392188826844786,-2.582481383029065
-5.3902237035821825,-2.5841496572311833
-5.387880908492515,-2.5860913500672185
-5.385739899520194,-2.58826579886116
-5.383438723506737,-2.5902953072875023
-5.381294594373114,-2.592211098872288
-5.379204705224534,-2.5941891856126857
-5.376970298545103,-2.5960364015979627
-5.374708310314408,-2.597903565193044
-5.3725568791523175,-2.59989782929501
-5.370838515167819,-2.602283261078157
-5.369340817265843,-2.6045089025985404
-5.368057244221894,-2.606981082261818
-5.366093715667165,-2.609311162004863
-5.3641492145678695,-2.611408842495649
-5.362384484195397,-2.613892285009466
-5.360664940774029,-2.616444151962183
-5.359317169954885,-2.6192784562115023
-5.356657246434538,-2.6237307996912995
-5.353959519287537,-2.628148551091015
-5.351257045294295,-2.6325604305337027
-5.348494899973979,-2.637015329790385
-5.345920695851906,-2.641014751661739
-5.343906799949453,-2.645657101093846
-5.341942314747615,-2.650263237275856
-5.340493837830347,-2.655336370123813
-5.338999313485531,-2.6603558826551
-5.337875264880565,-2.6651072956715542
-5.336713058056395,-2.6698522270354292
-5.335678380842098,-2.674735744788912
-5.335121899323298,-2.679273487359277
-5.3348500485735055,-2.6840750173467165
-5.334826399942232,-2.689079463789314
-5.335005338653504,-2.693937554711869
-5.335262061854807,-2.6988843894911003
-5.335444627234327,-2.7037288596829425
-5.335973585860731,-2.7083235263008016
-5.336673618373707,-2.713114038743317
-5.33738433731826,-2.7180647063713437
-5.338572455149709,-2.723008009717439
-5.339593520723952,-2.7276107779508765
-5.341266256981191,-2.732806391793003
-5.342908471640557,-2.738334657033664
-5.344816797898848,-2.744167703301468
-5.346596530937839,-2.75014639954689
-5.348528155355514,-2.755705843249234
-5.3509614432540555,-2.7610658058894573
-5.3531319757444695,-2.7661194765149464
-5.355905916587457,-2.7717229156063716
-5.359116552090626,-2.77743281332626
-5.362141432614829,-2.7831010200810438
-5.365107924707164,-2.788716531113625
-5.368409567343052,-2.793937719842401
-5.371398758255101,-2.7989997138368015
-5.3742049984871585,-2.8038955453604966
-5.377052959928856,-2.8090900629785147
-5.379777820589968,-2.8143263065844333
-5.382505091843475,-2.819565213283849
-5.385132187102443,-2.824841285299937
-5.387367345907478,-2.830146482733045
-5.389014000005366,-2.834915739319487
-5.3905081384730185,-2.839793657627351
-5.392040616122721,-2.8446170484510653
-5.393799534292069,-2.849647343695594
-5.395492776412807,-2.8548546226801026
-5.396879424819277,-2.8597651990142228
-5.397834458436868,-2.8650115285385764
-5.398376460523537,-2.8699542180068813
-5.400018318252107,-2.873419248878734
-5.4012918809286745,-2.876510092811312
-5.402597073275881,-2.8796533510191575
-5.403766187048475,-2.8828938908467863
-5.40460861795354,-2.8857679909691285
-5.405382701582843,-2.8885331440009514
-5.406238868739475,-2.8912401328749686
-5.406840667660878,-2.8937206753475206
-5.407266824476075,-2.8960667972275296
-5.407475282883311,-2.8985682213360784
-5.407488817162988,-2.900847814201306
-5.407625378672521,-2.9032399237437296
-5.407450467860656,-2.9058541147973433
-5.40745094458735,-2.9086680630878643
-5.407013975967347,-2.9110824287612247
-5.406349015798753,-2.913659169270831
-5.405640364652904,-2.9161861634739132
-5.404735964505607,-2.9185342189525816
-5.403532843755801,-2.921094921787679
-5.402267119288905,-2.92358427905002
-5.401084900744596,-2.925999052898606
-5.399756536328958,-2.9281844655026177
-5.3982305763716045,-2.9310608704175336
-5.396202473971779,-2.9334779274749243
-5.394570163071002,-2.935293382776747
-5.392759732556796,-2.936906250501307
-5.391354821505707,-2.938627309705317
-5.390073381718418,-2.9403993578666925
-5.388927452948882,-2.942325132184576
-5.387871323042668,-2.9443385364136008
-5.386745484978561,-2.9460364480704
-5.385434348345153,-2.9475239989621493
-5.384433899186509,-2.949146796519107
-5.383685708098908,-2.951201803894056
-5.383399963253956,-2.9536984662663572
-5.383407746262034,-2.9559925027710134
-5.383541834094766,-2.958402228629046
-5.383792931645344,-2.960743995015991
-5.384149396660476,-2.9630244123035854
-5.385192555328205,-2.965452340628254
-5.386424796907209,-2.9680946762267273
-5.387936672647001,-2.9711340739921197
-5.389708786537877,-2.974428132746313
-5.391766669157104,-2.977520870687056
-5.394111780851515,-2.9809635398207
-5.396273415499823,-2.9842470648352015
-5.398817523462983,-2.987321759554437
-5.401718453817114,-2.9907410959737906
-5.4052298113703054,-2.9940240130187603
-5.40907736366235,-2.997666158292507
-5.412916494382584,-3.0015721837989457
-5.417068567263502,-3.00583283744519
-5.4215512510121515,-3.009976448474574
-5.426465435243773,-3.0145942113408495
-5.432002760503226,-3.0199181961210813
-5.4374581812406655,-3.025075776090433
-5.4429387625038945,-3.030334263936974
-5.448402486006084,-3.0355736014001886
-5.45432005506682,-3.0409644625929615
-5.460459790497317,-3.0465772398606425
-5.4669828959733,-3.052624593723145
-5.4734064100380095,-3.058494866065094
-5.4803866337101,-3.0644408982921076
-5.487215779746697,-3.0702154255370835
-5.4941614788272,-3.0760457624813933
-5.501421644178025,-3.081655770944731
-5.508580691400386,-3.087165811726869
-5.515956288033355,-3.0928944975824755
-5.523772462405024,-3.0983147811935257
-5.53164569730133,-3.103758514282127
-5.539499675968513,-3.109188481441198
-5.547355983052683,-3.1146186895354955
-5.555246831489084,-3.1193378219602286
-5.563292635732415,-3.1241975215251374
-5.571525662052894,-3.128927754026509
-5.579613374220156,-3.133493429205878
-5.58741836826529,-3.1377912108779697
-5.595027828939323,-3.1422275598992786
-5.602216635389944,-3.146184829798525
-5.609215322467699,-3.14996748264013
-5.6161656328500555,-3.153785676448335
-5.623183283001613,-3.157679692603771
-5.629689863541721,-3.161105470706832
-5.635924596428412,-3.1641251511797672
-5.641548515391797,-3.1665342735031548
-5.647096651346988,-3.1691728457481254
-5.652672002915732,-3.1717896893262467
-5.658043996406946,-3.174376391684733
-5.663279246465893,-3.176687362807638
-5.667924927904099,-3.1786799961145435
-5.6722818874984045,-3.180343108031069
-5.676718119418558,-3.1815195901129325
-5.681073720125637,-3.1826191015209777
-5.685148916897774,-3.183928751044143
-5.688870894947023,-3.1849152214547782
-5.692647044194819,-3.1857905817008887
-5.696004796486651,-3.1868371176156893
-5.698681896260363,-3.187261387245691
-5.701040732064712,-3.187379632306755
-5.703348738407257,-3.1874397039671334
-5.705652939770306,-3.1874961610601504
-5.707938225805707,-3.1873043883934367
-5.71002452182742,-3.1873663543116515
-5.7113984234592055,-3.18677737275248
-5.7125559841379046,-3.1857565802895027
-5.713475458990167,-3.184568359555773
-5.714257820691347,-3.1832547492622307
-5.715079253312113,-3.1819000614317865
-5.71582746375393,-3.1807647107199988
-5.716308237338149,-3.1793850550688414
-5.716596762142473,-3.1775798482371886
-5.716664470450298,-3.175620475771673
-5.716774792708685,-3.172893002014467
-5.716764075487092,-3.1700441854961734
-5.716841293470222,-3.1674144770409494
-5.717195438639555,-3.164908364394327
-5.717493111705136,-3.162321420480889
-5.71775757330861,-3.159624315186418
-5.717691584497751,-3.156941940609731
-5.717260010415647,-3.1538848319823076
-5.717264253473348,-3.1507568514880413
-5.717211409551107,-3.147628961627547
-5.717411769582306,-3.1444591191349414
-5.717709341006045,-3.141378639757085
-5.71791154604705,-3.138474318452806
-5.718289212336905,-3.135457827208187
-5.718603315587325,-3.1323919571962477
-5.718950363853695,-3.129069407373128
-5.719814217535686,-3.1257575422648407
-5.7210028894275435,-3.122741153917993
-5.722090657711496,-3.1198059676935883
-5.722934750939109,-3.1168468919622705
-5.724539738135848,-3.1131436421280214
-5.72596680670776,-3.1091837223349215
-5.727740076591649,-3.105402697406505
-5.729420231194744,-3.101536495523496
-5.731244833494346,-3.097888841135257
-5.7328989289309975,-3.094198051245924
-5.734709431812967,-3.09079724287083
-5.736272997545564,-3.0874138372541395
-5.737939821406653,-3.0841826468647384
-5.73935859090837,-3.0807256632466467
-5.7409010162162994,-3.0773950562375108
-5.7423592123042475,-3.0741087213867417
-5.74398474002827,-3.070974293649669
-5.745516006615369,-3.0679056414122217
-5.746989592893279,-3.0649981931446235
-5.748540163518524,-3.062160584813925
-5.750132296138622,-3.0593128494507877
-5.7518126279495325,-3.0564976693607306
-5.753358910057792,-3.0535607224735433
-5.754802936414401,-3.050734830173398
-5.7559886289619255,-3.0479735148615243
-5.757314871902858,-3.045339744574896
-5.758466501939197,-3.0426913787182612
-5.759951625563752,-3.040145113802187
-5.762096539207288,-3.036764559968693
-5.764401138623091,-3.0336552172618916
-5.766489824266049,-3.03032796305721
-5.7684948586333595,-3.027110449073738
-5.770307381536722,-3.0238793497627023
-5.772439719020724,-3.020980086846806
-5.774312751508691,-3.018528074938504
-5.776342603264957,-3.016238960213459
-5.77806303028715,-3.013579108144376
-5.779323769371091,-3.0109243992081436
-5.780574468991635,-3.0082584634677065
-5.78194482286482,-3.005759197091297
-5.783390090013818,-3.003422927504545
-5.785048341448846,-3.0013334118290365
-5.786193189644155,-2.9992437689977014
-5.787508761124235,-2.997074411739397
-5.788629020038173,-2.994995066181759
-5.789542461854321,-2.9927290703480107
-5.790375929408334,-2.9904088014420966
-5.791039287048094,-2.9882067900249476
-5.791960834328659,-2.9862386732159627
-5.793230385613589,-2.9842614350682366
-5.794154147443726,-2.9824712793399657
-5.794643688926621,-2.9802890262303863
-5.7953162023285225,-2.977753509173549
-5.795994369741222,-2.9749666732675735
-5.796272054749524,-2.973242403898417
-5.796794653938199,-2.9717284736267904
-5.797347517707661,-2.9704697659588395
-5.797747880820221,-2.9690735635307237
-5.7980211859735755,-2.9674462484480717
-5.798210295141141,-2.9655672903999024
-5.798431148372908,-2.9636408174727618
-5.798879576102138,-2.9619786570129194
-5.79952993705713,-2.960175133963882
-5.800245438349289,-2.9583631892004822
-5.800808643334224,-2.95644491418678
-5.801138769039209,-2.954182956727744
-5.801565145555677,-2.9515997296682386
-5.801760974640325,-2.9487251467526865
-5.802331483967573,-2.9455878228899905
-5.802581052214682,-2.9420609733877208
-5.80303715073234,-2.9381983771694475
-5.80329353239106,-2.933874161764318
-5.803174696387034,-2.9292112325698683
-5.802710530443014,-2.924146625151958
-5.802320782055431,-2.9190293263671654
-5.801745854312567,-2.913744701449995
-5.801251838778229,-2.9085538857840385
-5.800127400033055,-2.903805876935538
-5.797807612937285,-2.899401248458138
-5.795041402486463,-2.8944769837644566
-5.792233736988707,-2.8897803085294465
-5.789384126285739,-2.884860897215831
-5.786506047401675,-2.87990820294252
-5.783169212782902,-2.8750326819446848
-5.779269052699386,-2.869769161917216
-5.77488343375562,-2.8639404409850355
-5.770593206509167,-2.8583655296845567
-5.765804173134838,-2.852241763685906
-5.761010089390247,-2.846112089934856
-5.755594514340378,-2.8401340699951163
-5.7499508704888465,-2.8338559240056123
-5.744129130057408,-2.827370423350966
-5.7380367697459045,-2.821167785611148
-5.731287564655412,-2.81461359679236
-5.72478901829036,-2.8077561694046405
-5.718415514695596,-2.8010143213054413
-5.711711821393635,-2.7945073289537303
-5.7048193491701165,-2.787830616989959
-5.697793510502007,-2.781039639986183
-5.690183000486689,-2.7746652130136757
-5.682175991818014,-2.767941677744629
-5.674336743499127,-2.7613585662713125
-5.666306177148859,-2.7551200619365055
-5.65836792862641,-2.748999789151196
-5.650433558191459,-2.742900390418284
-5.642283408929165,-2.736956717937047
-5.633815932294463,-2.7306435034335874
-5.625688474208538,-2.7246362453933606
-5.617712381267398,-2.718522436035747
-5.610008557340642,-2.712724627229385
-5.602193537173887,-2.706902893451795
-5.59432947166987,-2.700844425051308
-5.586106924692947,-2.694711038531987
-5.578389448939846,-2.68910153664796
-5.570979015973253,-2.6832736863335063
-5.563952583654354,-2.6778223290857968
-5.556882673490712,-2.672739688514457
-5.550417868993759,-2.667690530172422
-5.54380806732595,-2.662670270072189
-5.537742635821944,-2.6582380173587072
-5.531805307777111,-2.6544387983305247
-5.526247789046961,-2.650982886537613
-5.521111478679246,-2.6479247847358636
-5.516742938121683,-2.6456432529314715
-5.5128362817396495,-2.6430305683862128
-5.509174913211436,-2.6406325882662145
-5.505612279137319,-2.6383215182743234
-5.502533506019941,-2.635662862160977
-5.500117371382178,-2.63361893252131
-5.498405299489343,-2.6322724618379523
-5.497028122341466,-2.630685047243988
-5.496047559937137,-2.629517415212369
-5.495025622787453,-2.628622078458517
-5.494386961736342,-2.6276036322728324
-5.494150754306103,-2.6270781695362557
-5.494504423496915,-2.627189703329382
-5.4954071118216055,-2.6277433592399038
-5.496720488802878,-2.6288991031800246
-5.498416892118785,-2.630436767009444
-5.500766686572526,-2.6319094424087806
-5.503114898347658,-2.633843096628531
-5.505674405129541,-2.6360041695950835
-5.508954700972931,-2.6383755137075915
-5.512752060365883,-2.641188960611246
-5.516740044696977,-2.6447088506183754
-5.520917990730873,-2.648449042053843
-5.525293097446107,-2.6520475373854957
-5.530078646080301,-2.6560733293169267
-5.5346754342301185,-2.6599233901303934
-5.539657419100488,-2.6634969268019795
-5.545142371954451,-2.667543899175653
-5.550552135061566,-2.6715335006479615
-5.555825945258994,-2.6756206603593466
-5.5610949174741435,-2.679691091831992
-5.566410462848827,-2.6837860567409377
-5.571883409994715,-2.687768572394487
-5.577663155101691,-2.692107185935633
-5.583260064338792,-2.696281107714623
-5.588661742101726,-2.700594573724988
-5.5938965491129915,-2.704714283106466
-5.599473679958161,-2.7091423154640433
-5.605018175396381,-2.7138083081909774
-5.6106780521898445,-2.7186243901367155
-5.61569850046667,-2.722808936689938
-5.620217505244413,-2.7276615661017853
-5.624787839110918,-2.732540791615683
-5.629159692631308,-2.7372437861784413
-5.63316079673358,-2.7422110358596967
-5.637153748678009,-2.7474142359217195
-5.640941449250004,-2.7523789891606882
-5.644354362772771,-2.7570498216372736
-5.6473849667455625,-2.761716213750949
-5.650282142802271,-2.766227590996371
-5.6527161034049715,-2.7703588700717194
-5.654870561883028,-2.7747910693410334
-5.657055347527271,-2.7792583697098805
-5.658921149714956,-2.783780333592984
-5.660515256978788,-2.7880753897527537
-5.662066694804056,-2.792320655916596
-5.662911810395464,-2.7963218714535536
-5.663551815900853,-2.8004155747607085
-5.664159776449482,-2.8044715510337834
-5.664621804782943,-2.8085938257557235
-5.665104311304175,-2.81271321891387
-5.6657000683803,-2.816812418743079
-5.666080470106172,-2.8207699195797487
-5.666256913710348,-2.8244903794536347
-5.666125547522173,-2.828320452412305
-5.665459351002365,-2.832139410930098
-5.664556859648241,-2.8356838913781193
-5.664150819824807,-2.8392143461190362
-5.663644373290767,-2.8427053222130585
-5.662991929669791,-2.8460435001522106
-5.662242063444838,-2.849317128169485
-5.660998524551271,-2.8522640807615103
-5.659627758649171,-2.855063262144662
-5.658669574690908,-2.857991410790378
-5.6574243969926545,-2.860712049256908
-5.6565471837495656,-2.8638157752718536
-5.6557030024895,-2.8669871670996985
-5.654879094895517,-2.869999225017042
-5.654322646216544,-2.873291157511738
-5.653915307053737,-2.8764956678847096
-5.653443594578351,-2.879833628523773
-5.652960970299216,-2.883187159086949
-5.653094275990476,-2.8867496916203708
-5.653246246726464,-2.8903336306325134
-5.653454781093551,-2.893839354943563
-5.653775955073159,-2.897446138136995
-5.654007085387777,-2.900948876988324
-5.653516807394417,-2.904836017755445
-5.653326884665001,-2.908299296773204
-5.653529021320231,-2.9121179372360126
-5.654030509842654,-2.9162821160556978
-5.654967849319151,-2.919820642768602
-5.655960286898704,-2.9234090915265347
-5.656829878730268,-2.926855897536079
-5.657736383578073,-2.9302767156479175
-5.658558271507703,-2.9336208649329434
-5.659818492808116,-2.937470259079611
-5.661145093071514,-2.941272669189392
-5.662901730176417,-2.9454649542225106
-5.664721858501975,-2.949730383923834
-5.666411053270842,-2.954087979041837
-5.667891534430325,-2.9582561890579764
-5.66957894998993,-2.962662661095293
-5.6715635507211175,-2.9668596220684407
-5.673926473051586,-2.971428709298914
-5.676458307336251,-2.976144901452465
-5.678996496152429,-2.9808565083707537
-5.681627260984529,-2.9856667483259827
-5.684107298858045,-2.990289763248292
-5.686890197756439,-2.9947000346399415
-5.689783757251915,-2.9992622727445726
-5.6926049591032495,-3.0037509201536885
-5.695056611751961,-3.0088157069614194
-5.697239457826321,-3.013631493278409
-5.699939799591936,-3.0183105468708793
-5.703223693994098,-3.023047824048654
-5.706482878325823,-3.0278452650464303
-5.709730775869128,-3.032680646171392
-5.7128802134817,-3.0373751094530457
-5.715886709485349,-3.0417144795070685
-5.718964554785553,-3.0461159543605776
-5.722308958482638,-3.0506399632250107
-5.72547444647616,-3.055157155041697
-5.728579844715675,-3.0596685795503524
-5.731836889348101,-3.0642100136520147
-5.734999154641349,-3.0681744108586164
-5.7381489725189985,-3.072127628588513
-5.741243806375698,-3.076199246044944
-5.744107415483548,-3.080153749956356
-5.7471846987929425,-3.084302637155202
-5.750326262257717,-3.0883183590180283
-5.753500469010068,-3.0921234239756252
-5.755997820637016,-3.0956300468846405
-5.758279738541604,-3.098889021882334
-5.76069642290977,-3.1020547650083206
-5.762877643116681,-3.1053032469294477
-5.765489170712539,-3.108980011094866
-5.768615484395345,-3.1121013921104095
-5.771317813348283,-3.1155185996703123
-5.773688478648648,-3.1186342991315126
-5.775941585293471,-3.1216148559430135
-5.7779519502149235,-3.1247646526259985
-5.7799010714594505,-3.127858820959512
-5.782161641574168,-3.131311075953981
-5.784173347954722,-3.134936459472107
-5.78609463404374,-3.1384602756161812
-5.788021633725152,-3.1419369185547295
-5.790032855783324,-3.1453552425961258
-5.791970838565297,-3.148751806579064
-5.793693010813446,-3.1519516810914436
-5.795515171419647,-3.1550820989488866
-5.797403212025661,-3.158253293144922
-5.79928191878115,-3.1613652566911368
-5.801208272973819,-3.164444415791342
-5.803164057059169,-3.1675574423303705
-5.8049307715578795,-3.1704984756423955
-5.8068714165468345,-3.173319068882492
-5.80888064506861,-3.176218486400794
-5.810709159853273,-3.1792505580741954
-5.8125245229128835,-3.1822982491559215
-5.814381506453016,-3.185393785228773
-5.816232112230111,-3.188558236509927
-5.818748861540643,-3.1913600744312607
-5.821590267262124,-3.1944745921915874
-5.824165347412233,-3.1976518302050296
-5.826411234211426,-3.2005293255916807
-5.828862175895533,-3.203553826790713
-5.831220168807659,-3.206279059906333
-5.83407332140019,-3.209455127289698
-5.837113585033374,-3.213036778126114
-5.840168825164469,-3.2166292405071273
-5.843060290188427,-3.220072531222103
-5.84611489046102,-3.223504321304042
-5.8490596446745755,-3.226643015886908
-5.852031601507246,-3.229806470931264
-5.8552585705062,-3.233730789970876
-5.858437597703495,-3.237616907954166
-5.861838096638509,-3.24169449943584
-5.865426153058016,-3.245838835896197
-5.868833295346786,-3.2497460594637366
-5.872354535956655,-3.2537685263887757
-5.875971178542863,-3.258148598919406
-5.879888548046119,-3.2626078956549853
-5.884288977006805,-3.26752165608381
-5.888458054028036,-3.2725663290666778
-5.89302955126628,-3.277231785711306
-5.897304277512674,-3.2816224654608654
-5.901674584308601,-3.286080975312251
-5.906444405586103,-3.2902644632883753
-5.9112150552310725,-3.294449064470832
-5.916290647761067,-3.298918825952971
-5.921641906802935,-3.3031992049147334
-5.926775849742193,-3.3072588613157805
-5.931933493374972,-3.311293178314505
-5.937729702406022,-3.314889942220096
-5.943676435385859,-3.318659480348867
-5.949307712240455,-3.3221415947624053
-5.955170086051768,-3.3254657554522074
-5.960718784107752,-3.3284289567624707
-5.966765773228401,-3.331845690394169
-5.972965409898387,-3.3351589693785715
-5.979372826893561,-3.338710807720655
-5.985574250510658,-3.3420748540326835
-5.991812688559886,-3.3454143873305053
-5.997773198032199,-3.348433516469459
-6.003818784714574,-3.3515297445139884
-6.009858740903061,-3.354692099338545
-6.0157908236661655,-3.3576966455822608
-6.02191091849594,-3.3605896935588295
-6.028171027856775,-3.3635908660798437
-6.034441996496493,-3.366129320348003
-6.040636466189081,-3.368492369283742
-6.046466209624404,-3.3705229249739843
-6.0521378833108015,-3.372088591384589
-6.058135045335844,-3.3736280521119113
-6.064305229445274,-3.375138048755061
-6.070028429108874,-3.376202458110079
-6.075618520515803,-3.3773053201141803
-6.080752643649333,-3.378135900259055
-6.085543403903135,-3.3785826384116597
-6.090374780100764,-3.3790812827222667
-6.0951168297917,-3.3795947790395515
-6.09969090035749,-3.3799411469403613
-6.104139289544945,-3.3800763384623234
-6.108596732594543,-3.380248739650669
-6.1120260565994,-3.379947829471688
-6.115540828581226,-3.3795192058752157
-6.118564270590587,-3.3785875365823035
-6.121601775588145,-3.377641142620989
-6.124709964891264,-3.3766470594686573
-6.12769728071087,-3.3755285102092856
-6.130217082079227,-3.37391698463332
-6.1322553701020315,-3.3720013545002474
-6.133936379062809,-3.369649890646478
-6.135511196693066,-3.3672049375703934
-6.136697767826136,-3.364831102114023
-6.1377118070720185,-3.3626077027564847
-6.13836900258176,-3.3600601873494567
-6.138661084704984,-3.3577213409774997
-6.138691687391153,-3.3555571063751657
-6.137998917865539,-3.3527371112699096
-6.136971475606427,-3.3499728712687302
-6.135915576801183,-3.3474022765444045
-6.134619623457167,-3.3446140755330767
-6.132990882036022,-3.3422294417694043
-6.1309748041534045,-3.3399795554049185
-6.128750447645902,-3.3375410011053117
-6.125999163916644,-3.335152056252052
-6.123355060261192,-3.3329263986901143
-6.120424377220303,-3.330441153209463
-6.117709014848401,-3.327539691049916
-6.1149330597197675,-3.324567892680456
-6.112243737865466,-3.321541367680209
-6.109420894512721,-3.3186667666490637
-6.106449753912848,-3.315620046233989
-6.1034551522081815,-3.3124452044186943
-6.100336544764654,-3.308982520632035
-6.097222828929385,-3.3055588224402843
-6.094091315721213,-3.3020339352369468
-6.090897750566633,-3.2984528989867714
-6.087239285778101,-3.2948117791996605
-6.083549956170913,-3.291422597621113
-6.079631599479685,-3.2878260095557574
-6.075382823611902,-3.284129995986902
-6.071114392959934,-3.2802535004266717
-6.0664652584889645,-3.2761554043824574
-6.062088295189049,-3.272303786018338
-6.0576787041810976,-3.2685289273571736
-6.0530160301387825,-3.264293995187052
-6.048338914492338,-3.260045984425591
-6.0438785660021335,-3.255570379169364
-6.039331543317629,-3.250881455138609
-6.034603047648206,-3.2460281795632726
-6.0297985549201405,-3.241527799802365
-6.025327074770059,-3.2361905217649554
-6.021236132046697,-3.230573211563704
-6.017086100111796,-3.2251008852825924
-6.012835376657471,-3.2201155511631696
-6.008512695775856,-3.2150769453220525
-6.0038208207574195,-3.209887514019145
-5.998930460720554,-3.204936611875355
-5.994178084120269,-3.2000952009481547
-5.989570253869259,-3.1954494760796917
-5.984303783522956,-3.191258141854544
-5.979461481393702,-3.1875275695910243
-5.9745425424387335,-3.1837542987020804
-5.969779919388205,-3.1798745880511063
-5.9651881382497605,-3.176147736992145
-5.960461201923453,-3.1723038804348827
-5.955770553470696,-3.1684362365388656
-5.95158307843532,-3.165039317170166
-5.947690372641059,-3.1619330340125176
-5.943898042017833,-3.158758269260941
-5.940181928020152,-3.1556674662168165
-5.936143098972171,-3.152259799373844
-5.9322071108491015,-3.1487819637546943
-5.928631061899721,-3.1456457542676124
-5.9253056482326985,-3.142779307413729
-5.921728533537878,-3.1400877906174194
-5.918500129310498,-3.137492239803336
-5.9149058746971725,-3.135329361711813
-5.911053482353916,-3.1332054799419997
-5.907025480826486,-3.131055238922997
-5.902950484210112,-3.1292032785114405
-5.898963692851683,-3.1274527808795183
-5.895317173923847,-3.1256305702829486
-5.891856487788131,-3.123974137925489
-5.88847796862527,-3.1221768858329124
-5.884905967992633,-3.12023545668189
-5.881535929795348,-3.1180441249631947
-5.878691977339459,-3.1163811730416113
-5.875998271949699,-3.114605699869085
-5.873619025612683,-3.113132529317383
-5.871396459514273,-3.1118521055283592
-5.869039778925545,-3.1106039503490814
-5.866874384037985,-3.1096843182625276
-5.864591692569766,-3.1086582040202275
-5.862319415053408,-3.107529868823178
-5.86008692836734,-3.10726503510466
-5.858098581559491,-3.1069453866234165
-5.855987494739658,-3.106925835587089
-5.854040852503426,-3.1070958917596094
-5.85237491449443,-3.1075406729640096
-5.850540117701737,-3.1076540861595987
-5.848073846800112,-3.108256018834232
-5.846010537483227,-3.109118390513564
-5.844090829056187,-3.110110586787242
-5.842548838340374,-3.1109396956486846
-5.841088090858444,-3.1116257462108488
-5.839752909291239,-3.112425478411007
-5.83838181160421,-3.1127188200706843
-5.8372615227092055,-3.1130266137599483
-5.8360679390610475,-3.1132678510571146
-5.835384995783198,-3.1130179506273468
-5.834370987433948,-3.112436370809302
-5.833539321845926,-3.1120202254386506
-5.832483624463371,-3.1112823350324113
-5.83126572838998,-3.1106697869830247
-5.829797999612274,-3.109830603985142
-5.828414767909076,-3.108680268995287
-5.826936921877148,-3.1074840224186877
-5.8250992075494725,-3.1059612870381206
-5.823085055815857,-3.1041937711115133
-5.82084966955992,-3.1026007354964835
-5.818490682143184,-3.101453194667691
-5.816150669003376,-3.0999373277811126
-5.813306424419965,-3.0979486362129784
-5.810227543111821,-3.09599416663
-5.80734958031441,-3.0937694375772073
-5.803735200812589,-3.091097579978977
-5.799562114206336,-3.088895312972034
-5.795463557365901,-3.086442980683185
-5.791260526110231,-3.0838959770249015
-5.786784266672374,-3.0812119791200097
-5.7826259264282545,-3.0788947178246673
-5.777584005998626,-3.0762611265226676
-5.772462346834933,-3.0736996562060033
-5.76697128876651,-3.0709470825055885
-5.761508574034837,-3.068257350896932
-5.7555658985598015,-3.065902753442858
-5.749261863583083,-3.063209128054796
-5.742652810403886,-3.0602395282117807
-5.735986779369913,-3.0573101889792857
-5.729190922316575,-3.054219956390808
-5.722274520128992,-3.0510281495502722
-5.715144585355455,-3.0479862314266155
-5.708150460403923,-3.045066574774561
-5.7011422772824485,-3.0423060841842817
-5.694507886790192,-3.0391419390288292
-5.687677179868554,-3.036116090156744
-5.680630216481609,-3.0328732560311504
-5.673396962820929,-3.029457035280274
-5.666042720646576,-3.0261266560925644
-5.658898418166637,-3.022970334206109
-5.652186613508516,-3.020249047860083
-5.645557182980454,-3.017470547492564
-5.638750869565254,-3.014527741043318
-5.631885438763214,-3.0115179666186
-5.625048673607447,-3.0084887244517207
-5.61818719652912,-3.0054011499389794
-5.611862663123775,-3.0027373255285705
-5.6055056799445,-3.000308885282316
-5.599614418558349,-2.997846020578265
-5.59384642699437,-2.995466638292589
-5.588212288231991,-2.9933312456643226
-5.582494975801357,-2.991119904905252
-5.577055340124821,-2.9891270029638473
-5.572072409310571,-2.987279207121198
-5.567438281370068,-2.9858771242017292
-5.563071501307114,-2.984780725050122
-5.558624458607307,-2.9837412182200818
-5.554260615639916,-2.982777368843257
-5.5501916950131935,-2.9821504202541895
-5.546237133115311,-2.981316910857313
-5.5426690051052185,-2.9802782320341255
-5.539473939076703,-2.9796655379308112
-5.536641614560103,-2.979503993214576
-5.5341699111026275,-2.979424282052977
-5.5320621584664975,-2.979760019212402
-5.530129137174896,-2.9805937307373296
-5.5286016230173125,-2.9808218670189595
-5.52736763801993,-2.9813849680413242
-5.526356740795854,-2.9821054032948555
-5.5259094219915115,-2.9828900277562105
-5.525721856517688,-2.983971069779753
-5.525795452819075,-2.9856354287817046
-5.52611205983923,-2.9873794346836253
-5.526828198615979,-2.9895793096222865
-5.527854893914936,-2.9917570561413167
-5.529404298607647,-2.994073846081555
-5.531350331950756,-2.996843191463093
-5.533619121590253,-2.999881666727227
-5.5356622374321125,-3.003304762134284
-5.538289828789674,-3.0073020139683124
-5.541121835985071,-3.011497605915016
-5.54428322431645,-3.015460858457576
-5.547639800088766,-3.019603227566629
-5.551308795885443,-3.023926712878345
-5.555046426336837,-3.0280994823770877
-5.559376507632287,-3.0327719438476612
-5.5639586306353195,-3.03773193521084
-5.568782685593955,-3.0427978240569216
-5.573977862199605,-3.047986047933563
-5.579405930243006,-3.05343994930228
-5.584798810654988,-3.0585071276053735
-5.590214858769384,-3.0639528403095113
-5.59601757230752,-3.069754602791646
-5.601897486448605,-3.0755110478915486
-5.607696137917287,-3.0814599167377907
-5.6139417609671955,-3.0878513228967934
-5.620276373926341,-3.093917824424939
-5.626598982878022,-3.099970613362919
-5.632813972578751,-3.1063828679311762
-5.639160515390623,-3.1126688323569387
-5.645168181690282,-3.1184276219965206
-5.651704995752448,-3.1246696978429958
-5.65855926781317,-3.1307605497788806
-5.664796421835479,-3.1370776241061855
-5.671116655030985,-3.143349035566489
-5.677192326630984,-3.1493679005664212
-5.683567164294015,-3.1551791766416346
-5.689906551562148,-3.1609322204436348
-5.6961115944300085,-3.1665414446701927
-5.702241563940762,-3.172204322077239
-5.708394133470143,-3.177902428930105
-5.714376079507305,-3.1834043356703705
-5.720551383060423,-3.188773243978632
-5.726179668442814,-3.193564888020893
-5.731124041880176,-3.197665491089647
-5.73624519580665,-3.2016447733290865
-5.741199307173551,-3.2053871984459907
-5.745736492289257,-3.2087087011468225
-5.750288195882368,-3.2120218015919293
-5.754253386707523,-3.2147302531401687
-5.757069352804608,-3.216302152850079
-5.759688652545697,-3.2180113015856056
-5.761857768587272,-3.2192415320835033
-5.763380166513026,-3.2206826947706904
-5.764134188323999,-3.221728333391012
-5.764642731967596,-3.222566394683217
-5.764625984593334,-3.2232738640300016
-5.764137349314091,-3.224308440035204
-5.763610533173494,-3.2246060935172074
-5.762593586902876,-3.224437957379297
-5.761114473810846,-3.2244962644868953
-5.759381168971427,-3.2244584496983393
-5.757443773933919,-3.2242517936027295
-5.755021570556972,-3.22350542503265
-5.752244186683755,-3.2230050642441617
-5.748453773482559,-3.2215789642041632
-5.744605819213368,-3.219887218307257
-5.740593474518104,-3.2181394963574728
-5.73634254427764,-3.216173791341553
-5.731953414144841,-3.214028512688129
-5.727406389264628,-3.2120945528609655
-5.722633352410258,-3.209902666729156
-5.717557987340523,-3.207315175005073
-5.712372288119258,-3.2047429953641773
-5.707009169075092,-3.201968439944446
-5.701470934176956,-3.1988357448711153
-5.695831805385176,-3.196151787984973
-5.689934884980267,-3.193584432789292
-5.683913673241146,-3.1909154005806784
-5.677805424203717,-3.188306829648023
-5.671861733177331,-3.185901238109547
-5.665359904819569,-3.1829601771312026
-5.658783788186839,-3.1800711577102025
-5.652715337131758,-3.1768530973940816
-5.64679685897965,-3.173805539557887
-5.640989838244237,-3.170870135560591
-5.635216783764963,-3.1682623282542703
-5.629491328579434,-3.165708393371374
-5.624008307170709,-3.1630548778398304
-5.618830632085648,-3.1604771806297625
-5.613857465389555,-3.158131935423434
-5.608871808669706,-3.155787836827636
-5.604221341894952,-3.1539398364168716
-5.6000368833799445,-3.1526214178313707
-5.5964095861113465,-3.1515506961247524
-5.592876502645926,-3.1505096964289705
-5.5899190095084474,-3.150122551735596
-5.587469176538607,-3.1497732926283724
-5.5853044171215736,-3.149752669266917
-5.583622891204735,-3.1502807678501124
-5.58279948307328,-3.151450322361989
-5.582856751644172,-3.151633102112129
-5.583530996528646,-3.1524675940777174
-5.5851329198164805,-3.152652962884877
-5.5875914356858285,-3.1536852284311814
-5.590150163198073,-3.154793453405147
-5.592903589856101,-3.1556242145508016
-5.596145564461988,-3.1561783202949676
-5.600065713914693,-3.157353688782457
-5.604383241751877,-3.1583987115711607
-5.609241586207664,-3.1593082377103188
-5.614317191164397,-3.1603786852009046
-5.619706158717714,-3.161230781353125
-5.625173765845486,-3.1621579520454635
-5.631194113871293,-3.163234246573188
-5.637921053643699,-3.164526488716552
-5.644677558988542,-3.1660502542468536
-5.651614787027412,-3.1677592894315616
-5.658793223840033,-3.1693006250936713
-5.665915442985605,-3.1707982389216975
-5.6728856028394965,-3.172155745847922
-5.679931923493169,-3.1734853112678394
-5.686896227746878,-3.1748561087654164
-5.694119530296035,-3.176462549736128
-5.70161392256118,-3.1780734772219903
-5.7092733602555334,-3.1793407042619792
-5.716656728244233,-3.180345184940203
-5.724170990425176,-3.181134501106854
-5.731492555615896,-3.181734862395549
-5.738659782722696,-3.1823315248635096
-5.745977720947795,-3.1829350060787096
-5.753537748318695,-3.1837839636853063
-5.760920064300946,-3.1849071020226445
-5.768124245423878,-3.18586711176076
-5.775044227664753,-3.186525712146842
-5.781870933505782,-3.18706457758887
-5.788420063036543,-3.187445333338757
-5.794919304701456,-3.187795570757611
-5.801352960649204,-3.1884392241326025
-5.807643012665315,-3.1888935435160257
-5.813678443800262,-3.189052409640392
-5.819712519689592,-3.1891944170475717
-5.825161449922717,-3.189010553758653
-5.830667322656674,-3.188891770262154
-5.83578101106446,-3.188678917518069
-5.841021694922508,-3.1882826005908593
-5.845946138614077,-3.1875222051853394
-5.850767400139034,-3.1870956191671933
-5.855280820195654,-3.1863530124833574
-5.859757932259417,-3.18511004906756
-5.864032573690277,-3.183827916685545
-5.867915988655111,-3.1831977428937446
-5.871392113508398,-3.1821528963724686
-5.8743001048028,-3.181261221118172
-5.8767924555311835,-3.18014375262857
-5.8790186306884555,-3.1787618870003786
-5.8813137534458635,-3.177467874393561
-5.883593369865693,-3.1762844233003262
-5.8852395730342435,-3.174525760175143
-5.886428837090555,-3.172832220309576
-5.887536217555689,-3.1709548358908184
-5.888765289629833,-3.1691877692291706
-5.889813662505748,-3.1677762423270095
-5.890912870404614,-3.1666296165991485
-5.891583263248172,-3.165093983779713
-5.891736866160642,-3.1634597522194383
-5.8919618703492995,-3.16152679655602
-5.891996909250365,-3.1594215446623504
-5.891773008048172,-3.15746574648135
-5.891629432680839,-3.1555162214607053
-5.891644902991453,-3.153710984601542
-5.891370751975282,-3.151686263887775
-5.891566729381306,-3.1490255099051616
-5.8911455123503895,-3.145805330235083
-5.89050496855445,-3.1426396293458567
-5.889612342050848,-3.13988178935158
-5.888858975115218,-3.1372606507553953
-5.888013581631162,-3.134485260357787
-5.887391998399019,-3.131782046025678
-5.886762988507383,-3.1290872591487595
-5.885892655565947,-3.1262636850920225
-5.885108553689116,-3.12316996108818
-5.884167623223728,-3.119894832285452
-5.883099123486341,-3.116504139377279
-5.882158192090586,-3.1131971249358457
-5.881094750885658,-3.109748324921143
-5.880068661897542,-3.106237659601805
-5.879353465464262,-3.102698386211839
-5.87857279033785,-3.099083196965085
-5.877481167669691,-3.0952445615234745
-5.87628986913926,-3.0914575150053185
-5.874918590636279,-3.087461976808888
-5.873819280510691,-3.083505197164634
-5.872750559258787,-3.079194886156479
-5.872007010200318,-3.075202993073342
-5.871505374282972,-3.0706943116747913
-5.870906108773155,-3.066126107879192
-5.87017132319778,-3.0613898625971565
-5.86938839845895,-3.0566393992732523
-5.86843929361722,-3.052160878754425
-5.86759578742977,-3.047788125141072
-5.866740550776599,-3.0435367276144545
-5.866031733640158,-3.0393432468918604
-5.865602375328519,-3.0354022720046876
-5.865343106009224,-3.0314032129941237
-5.865061793051991,-3.027589493169199
-5.864478597757984,-3.0235030549815254
-5.863883469518084,-3.0192731599536144
-5.863767046362631,-3.0151525947152007
-5.863972066050215,-3.0113573366129365
-5.864160485343347,-3.0076325189842144
-5.864131208452264,-3.003821934745324
-5.863807487093345,-2.9997130647994443
-5.863475963922956,-2.995387404699105
-5.863330248838971,-2.991081707758543
-5.863440459992915,-2.9870712587460817
-5.863451545495163,-2.983329449472726
-5.863505973318829,-2.979721631895424
-5.863715056494015,-2.976257498793481
-5.86373488029662,-2.9726603010794204
-5.864148347092188,-2.968309478192745
-5.864875176332841,-2.964164029124789
-5.865044832759336,-2.9605755771096876
-5.865746177758886,-2.957502172207468
-5.866740107032979,-2.9543228377201456
-5.867639030182657,-2.951092258219021
-5.868682948958968,-2.9479922372422025
-5.869697541073539,-2.945133142742078
-5.87072760834626,-2.9424446218067475
-5.871700345417606,-2.9397045870750915
-5.873000768381766,-2.937034402985961
-5.874086670094351,-2.934520614993508
-5.875378019540042,-2.9322121614168775
-5.876741061779111,-2.9300576834299505
-5.878149869114734,-2.927994036437738
-5.879993065097839,-2.9263810028868624
-5.88182068939127,-2.924814769344584
-5.883702617201464,-2.92367442141306
-5.885334519646648,-2.922291160953297
-5.8871187400043326,-2.9212404513714576
-5.889198153574875,-2.9203692324545996
-5.891735553025947,-2.9199611922324102
-5.89399851721669,-2.919517209484894
-5.8963453175945695,-2.9195638891423537
-5.899165498595816,-2.9186419954732767
-5.901589133906461,-2.918391120149253
-5.9043651474908065,-2.9182310730188554
-5.9071343481302065,-2.9181167475176
-5.910141515013416,-2.918223598886404
-5.913450434009403,-2.918581496093485
-5.916903289670271,-2.9190587859035615
-5.920175360931223,-2.919325046640221
-5.923692175001848,-2.919419732204527
-5.9270704333483595,-2.919390437961334
-5.930456238060509,-2.919370560185367
-5.93420049075754,-2.9190997076202914
-5.9385116713748936,-2.91933807969556
-5.942665198155071,-2.919392048799603
-5.947054341170389,-2.919281152944111
-5.951314589307905,-2.919054830186392
-5.9554186093484,-2.918645538052301
-5.960007386931432,-2.9178974747431123
-5.964976855245888,-2.9174907610823744
-5.969989761766314,-2.9171349311679613
-5.975060143137745,-2.916739009477175
-5.979863991815786,-2.916032196816219
-5.984762110318769,-2.915379940216632
-5.990127587594098,-2.9144016446297365
-5.995674646815033,-2.912816153743993
-6.001337919586067,-2.911366924287685
-6.006428583975308,-2.9105036575142518
-6.011501707301551,-2.909652869887204
-6.016429602365989,-2.908603262598507
-6.021273881651205,-2.9074399768495303
-6.02614736015292,-2.9062566384381086
-6.03107363194649,-2.9051345477670725
-6.035385485673056,-2.903462433065864
-6.039776341526014,-2.901735357344135
-6.043930984188135,-2.8997288239411083
-6.048143247811946,-2.897882163299853
-6.052064555565246,-2.8960425386334836
-6.056059334392141,-2.8942889755160914
-6.059994400876401,-2.892370010943479
-6.063727396307122,-2.8901808922629653
-6.067160462237177,-2.887636572205821
-6.070235501604532,-2.885003189739398
-6.072949342608632,-2.881986505128774
-6.075129244742477,-2.878337476717939
-6.0776248929532555,-2.8747580707584803
-6.080061235895962,-2.870929630507838
-6.082036550618268,-2.8665540421654083
-6.08360633866723,-2.862031073523754
-6.085494096271615,-2.857134552981032
-6.086422682622684,-2.8512967929499173
-6.08646546025908,-2.845931043501409
-6.086310456168304,-2.8406510065910395
-6.085606164774494,-2.8351073051886093
-6.084789715105025,-2.829429522714675
-6.083164684494385,-2.823974884950515
-6.080803039670774,-2.8178795291972953
-6.078065954733222,-2.8113792719690265
-6.074966028689843,-2.8053553594949276
-6.07104036550044,-2.7990858041061295
-6.067135397215962,-2.7928381725900575
-6.063009712036208,-2.786668540696767
-6.058671992918795,-2.7807028490443684
-6.0536968612629,-2.774085192446907
-6.048791526091642,-2.767700211286378
-6.043279025455035,-2.7614262971005417
-6.037453952994376,-2.7548745185774886
-6.031737609403799,-2.748481293869823
-6.025249791266857,-2.7419612823154313
-6.018505878613971,-2.73521366326744
-6.0115200481701825,-2.728778645955188
-6.004170417302517,-2.7221957889809216
-5.9968096581931745,-2.715680267125878
-5.989521952883036,-2.7085779723594987
-5.9815505557252955,-2.7019595686738103
-5.973226837698442,-2.695783239434474
-5.964539966635949,-2.689291497578194
-5.955299145449996,-2.6833783656824512
-5.94602350909696,-2.6775515800365945
-5.9368776082184285,-2.6719118071953645
-5.927489327637152,-2.6663660704176597
-5.917965073657782,-2.6611660722656816
-5.908116416116089,-2.655679669500222
-5.898587449595195,-2.6505618685526264
-5.888980986069181,-2.6452192984419307
-5.879603723781126,-2.64012150376784
-5.870121614768925,-2.6351015560424473
-5.860924919623796,-2.6303815908712025
-5.851698619806805,-2.625611641330739
-5.842542615490618,-2.620794972195582
-5.833526229381978,-2.6160668077262432
-5.82474052023544,-2.6116126342016743
-5.815914601662761,-2.607190150512805
-5.807670069669811,-2.603337756415615
-5.800027682839346,-2.600105674257444
-5.792273949282128,-2.5968738273200254
-5.785086983498979,-2.5932379397200096
-5.77805722033533,-2.5898165939568107
-5.771169833910563,-2.5864357532886038
-5.76435623561236,-2.5835639942992707
-5.758286853358517,-2.581277209375817
-5.752680764682001,-2.579496400432242
-5.747316351917666,-2.577513777872513
-5.742601911464228,-2.5761810148210618
-5.737862278549807,-2.5750474125749276
-5.733649445556821,-2.5734260680289163
-5.730250297195451,-2.5723385269036134
-5.727319450642909,-2.571801841688379
-5.724776965697426,-2.570954356979678
-5.722695702823123,-2.5705042281195944
-5.720649606008908,-2.5700053923434534
-5.718994279880461,-2.5695699572781505
-5.717486681746327,-2.569318002957729
-5.716114832305757,-2.569516077166917
-5.714830607917136,-2.569666628875347
-5.713188982593386,-2.5707873963764416
-5.711803186023828,-2.5721373177146556
-5.710328848531279,-2.5735506130088583
-5.709265793222605,-2.575432160146963
-5.708465552597421,-2.5776098499542863
-5.708010540879088,-2.5795399063501767
-5.7079990119426665,-2.581926628777971
-5.708353990998474,-2.5846686566755177
-5.708344832069413,-2.5878777713359926
-5.708396283038451,-2.5907027746298947
-5.708468733495557,-2.5935519735463646
-5.708878159190456,-2.596777065905501
-5.710079228055815,-2.599644459263044
-5.71147428905039,-2.602739603001213
-5.712776561623153,-2.6060837165451516
-5.71423779541289,-2.6092613056776215
-5.715543516051602,-2.6122560758513034
-5.717216136863812,-2.615524725488604
-5.718923121888701,-2.618739166722113
-5.720894983100188,-2.6222645620241574
-5.722699131498083,-2.6257745497593383
-5.724754842665525,-2.6292295382745863
-5.726422040329537,-2.6322282780688235
-5.72798469448048,-2.635230122752386
-5.7288510581311005,-2.63915284507776
-5.729645468366505,-2.6430572974563584
-5.7305571206613894,-2.6468937777580583
-5.731428177929958,-2.650332983150073
-5.732252928587373,-2.6536797104556458
-5.732761328688273,-2.656761693625456
-5.733076436607082,-2.659731299081416
-5.732926058854163,-2.663192767664901
-5.733051662986636,-2.6666273341083184
-5.732862078039271,-2.6695662891940497
-5.732386586990333,-2.6722496710118877
-5.731771269597151,-2.674977594017235
-5.730567656295841,-2.6770536743358453
-5.729151818194973,-2.6790936239348517
-5.727445813970914,-2.6808740057891143
-5.725613021173546,-2.682278226336277
-5.72333415382506,-2.683299606130233
-5.72043481848953,-2.6843759670479295
-5.7168850513835165,-2.6846914708901917
-5.713261201078176,-2.6848373178156977
-5.709334609870062,-2.68528946152042
-5.705328002082243,-2.68573780758464
-5.700696924441406,-2.6856267539871244
-5.695481209758715,-2.6855894577447654
-5.690115216075122,-2.685088787285339
-5.684431177729723,-2.685032236010229
-5.678980922351395,-2.6839382828794536
-5.673098658038119,-2.6831436258688637
-5.667293099522763,-2.6822434861317213
-5.661211896304149,-2.681096203896473
-5.654638714906295,-2.6798862889104025
-5.647903744659474,-2.6785500973791785
-5.640413532625462,-2.6765358402297568
-5.632231549233881,-2.674825317683599
-5.624327149278027,-2.67327268135069
-5.616461739062258,-2.6717549822117768
-5.60816380317025,-2.6705696270542636
-5.600085191623417,-2.669551369529246
-5.591488005319857,-2.6680662432447124
-5.58237705805621,-2.666840798842066
-5.573418890536685,-2.665419578461956
-5.5644866834518645,-2.6646124830029
-5.555647138824558,-2.663911366176917
-5.5468572130173035,-2.663470160781414
-5.538341541055044,-2.663340695296798
-5.528915406767129,-2.6639972308513484
-5.519535203451404,-2.664549282362067
-5.510393486413588,-2.664805520915362
-5.501891975512686,-2.6656974023056086
-5.493635967510864,-2.666760335503456
-5.486029790322296,-2.6669398168103884
-5.478858684731752,-2.66749923860617
-5.4715419156925345,-2.6680887970899145
-5.464810089696799,-2.6686881090654797
-5.458369746413875,-2.6695498924221
-5.452008964420007,-2.670481462416612
-5.446151721014294,-2.6713858736913365
-5.440703101021742,-2.6726590519854176
-5.435138914478289,-2.6741143234873306
-5.429985001956428,-2.6758625459615555
-5.425042446262644,-2.677801139392252
-5.420424617688885,-2.6800068854699517
-5.416470188004715,-2.6825985722352064
-5.413181091928389,-2.6857916564066966
-5.410325453467924,-2.6894040336130316
-5.407821548890647,-2.693227486601432
-5.406074918334919,-2.6977360120619767
-5.4048031805272245,-2.7023079647324817
-5.403067075131845,-2.7086667071284403
-5.401954296541159,-2.714831546887685
-5.401715916700968,-2.72122635330218
-5.401997917616736,-2.7282183953602086
-5.402985798032085,-2.735363103080004
-5.404900172995754,-2.7427029044060625
-5.407167873454232,-2.750448178431847
-5.410165455683434,-2.757440858373757
-5.41365058178087,-2.764876448156432
-5.417851512924748,-2.7723458599037345
-5.422422700062664,-2.779600889622217
-5.427699790047266,-2.787497575579706
-5.433233732814778,-2.795187906040896
-5.439065252219568,-2.8029081567734324
-5.445542202317542,-2.81124415596915
-5.452520182424187,-2.8190855717866654
-5.459595959595962,-2.8265043978799356
-5.466895867241378,-2.8341394432166664
-5.474763046499516,-2.8415734188148813
-5.482434262498972,-2.8488286833239105
-5.490473759066641,-2.856413734189418
-5.498847557633756,-2.8635252792198953
-5.507495031196739,-2.8705342131089333
-5.516204128368196,-2.877027059882865
-5.5245122704294625,-2.883508884515632
-5.532722210551538,-2.889771647428604
-5.540474275201975,-2.8955077052093166
-5.549250637130148,-2.9005217283896534
-5.558281971946838,-2.905431554987889
-5.567111056737624,-2.9106929047547525
-5.575384259678286,-2.91544805054655
-5.583621265689004,-2.919890587592271
-5.591522013578093,-2.924095312924632
-5.599157095619858,-2.9280574459298565
-5.606764468755301,-2.932117268604666
-5.614131194362021,-2.9365621192031304
-5.620997144662809,-2.9405514425042067
-5.627741621649117,-2.944504912895225
-5.634115357295955,-2.948638190235591
-5.639927872101738,-2.952261466449604
-5.645458362651428,-2.9559887449668274
-5.6509894639770195,-2.959895482982553
-5.656533869176813,-2.9638140034718505
-5.661897949463712,-2.967369463500111
-5.667124832470237,-2.971144718425073
-5.671633104847395,-2.974267540141689
-5.675535464675952,-2.977099339723181
-5.679382511969637,-2.9800605231170563
-5.683200571547037,-2.9824394301835886
-5.6868385701234345,-2.984610184300845
-5.69143552985308,-2.9855492564962027
-5.695552498939229,-2.9868260744100943
-5.69905708790533,-2.9875246016534898
-5.701956394922866,-2.9877530580357003
-5.704595130816048,-2.988264944001755
-5.706720851674314,-2.9880741807454134
-5.709108160608827,-2.9881093189906434
-5.711226951103473,-2.9886229753601876
-5.713140263437455,-2.9889566456209606
-5.714677043043538,-2.988877293119489
-5.715731585792302,-2.9888887035160905
-5.716642012338455,-2.9882076149100056
-5.717831647870533,-2.9877827359510856
-5.718868285203586,-2.987496613322581
-5.719827766145381,-2.987041444284186
-5.7208735039511,-2.986664401397396
-5.721623220411237,-2.9864873503626614
-5.722405456708377,-2.9861923718148695
-5.722957297310661,-2.985688535305517
-5.724023658942405,-2.9844380353417694
-5.725157808937188,-2.9832658455288223
-5.726199743706412,-2.9820818992543794
-5.727286734595496,-2.9812919047974487
-5.728405325120573,-2.9805384716845547
-5.7297022279557615,-2.979835289144748
-5.730859792723175,-2.978972523233463
-5.732240197625319,-2.978367280977336
-5.73349855881203,-2.977483544417105
-5.73486582674746,-2.977043638594999
-5.736312164443494,-2.976695271631328
-5.737877300810872,-2.9765056380790105
-5.739276760340799,-2.9764011427663104
-5.740856072036359,-2.9765046739809686
-5.742645320793892,-2.976497354614464
-5.744378369936065,-2.976324636832733
-5.7461301760756935,-2.9761738498100994
-5.747950668521418,-2.9760934047908125
-5.749998940988595,-2.9761277480202155
-5.75198837924709,-2.9760942778513733
-5.754267593428988,-2.976233246385477
-5.75663240180504,-2.976076348757381
-5.759006979431307,-2.975930935605943
-5.761234175285185,-2.9755703063906007
-5.763626509356625,-2.974896661272448
-5.765867181174175,-2.974047850553412
-5.768392219691899,-2.9734565132674997
-5.771135725787708,-2.9727118843796925
-5.773789903796243,-2.971864029861093
-5.776225998628989,-2.971372661685869
-5.778793462586125,-2.9707262686598512
-5.78131588221184,-2.970027723226276
-5.783749008221017,-2.9692381342041667
-5.786207145296965,-2.968574946795164
-5.788608553076464,-2.9676172249176624
-5.7909974599438,-2.966617957668531
-5.793521262261802,-2.965720574423633
-5.795779731297711,-2.964594307274326
-5.797595542315841,-2.963028354878376
-5.799354753214782,-2.9615020829183365
-5.801024018144334,-2.9598492589222256
-5.802943706656042,-2.9584567604716594
-5.804467812801333,-2.957341568323754
-5.805835425228397,-2.956113730712776
-5.807058616889733,-2.9547513321935703
-5.808226634675121,-2.9534276460408315
-5.809295305400986,-2.9519886216561813
-5.810256429275078,-2.9504537682257657
-5.811057744997672,-2.949006517863809
-5.812043889740903,-2.947746899265563
-5.81267144101176,-2.9473292776189726
-5.813405240618785,-2.9467512261610964
-5.814135795064666,-2.946086168363192
-5.814287081953174,-2.94516434561275
-5.8143817660176484,-2.9441767726797545
-5.814807023463617,-2.9429574113869275
-5.815531097062987,-2.9420075862845168
-5.816287219800361,-2.941094996005205
-5.816996191297144,-2.9402154685413633
-5.817291651829688,-2.9389630170562
-5.817302071059068,-2.9373791340371254
-5.817422198927465,-2.9357182797544024
-5.817767461732377,-2.9342930244744165
-5.818253912523659,-2.932911633450529
-5.818642284163971,-2.931728139036916
-5.81919101657538,-2.930636664345597
-5.819743952140495,-2.9295500427546806
-5.82014993836783,-2.928322973364682
-5.820590605779705,-2.926633630400426
-5.821381099912073,-2.924892068550122
-5.821904440114085,-2.9229442709484337
-5.822830460635994,-2.9213593060599217
-5.823650752034602,-2.9196530192324213
-5.824475901045314,-2.9180477379027283
-5.824991866898344,-2.9167582316209466
-5.825740464492398,-2.9152992373741253
-5.826407663559306,-2.913766777639351
-5.827064124650575,-2.91221887606773
-5.827837434047591,-2.9106659890239976
-5.828666927498822,-2.9091635417619384
-5.8293314556922,-2.907778528454828
-5.829961533037411,-2.9063662245494823
-5.8304694318598775,-2.9048438055322876
-5.831010479167186,-2.9032661795464363
-5.831850580708075,-2.9018133753596764
-5.832896934570865,-2.9005461003902018
-5.8339628074878185,-2.899602254777268
-5.834863770482707,-2.898695374680408
-5.835927764429977,-2.897935152713159
-5.836979419912418,-2.8970471542223
-5.838227945221391,-2.896349698764813
-5.839372623685587,-2.8955587589783263
-5.840815870486443,-2.8943578222332986
-5.842196891525981,-2.8930842706297444
-5.843668896485897,-2.8919514598350866
-5.84525874782089,-2.8909054910276426
-5.846767578940347,-2.8897648725070395
-5.848664302639525,-2.8885310035645086
-5.850560168568273,-2.887198729170726
-5.8524250527152955,-2.885830047821147
-5.854166705144418,-2.8843432377977463
-5.855884081609246,-2.883078934919348
-5.857540863883732,-2.8817436384487722
-5.859460439029229,-2.880461908348157
-5.861359840383949,-2.8791563135151033
-5.862906581482952,-2.877805280023274
-5.864226978870208,-2.8763909663499856
-5.865481382319645,-2.8748993418805457
-5.8666293368801865,-2.8734043905991298
-5.8675787414309575,-2.8721922574548278
-5.868619316926072,-2.8710867279351433
-5.869611129236019,-2.8700624431080186
-5.870385267323005,-2.868827870679622
-5.871252469836666,-2.867823372057787
-5.871832444037966,-2.8665761108921046
-5.872070403100928,-2.865569145922063
-5.872448463721883,-2.863991838893774
-5.872878747181924,-2.862434184568921
-5.873273237297155,-2.861336303562648
-5.873272971586529,-2.8605158117848255
-5.8736099476043195,-2.8600902500542897
-5.873635800167582,-2.859385547251714
-5.8735496620202445,-2.8587596090559657
-5.873335108596223,-2.857983343152009
-5.873257434782836,-2.857329955546246
-5.872905778499438,-2.8570365063079066
-5.872740510403739,-2.856967041302734
-5.872594971889977,-2.8570308804218576
-5.872390849486304,-2.8571677894158682
-5.8718852853539065,-2.8574059019527187
-5.8712799244686735,-2.857554095328577
-5.870705217726643,-2.857724983864797
-5.870314619890071,-2.858115889010116
-5.87016238792597,-2.858725247289011
-5.869881391348079,-2.859408245791883
-5.869222581592443,-2.8599771614946845
-5.868289974442609,-2.86025097248121
-5.8674477710576385,-2.860400372736545
-5.866742380109554,-2.8606533458192325
-5.8661347577891325,-2.8610138096977202
-5.865636464215187,-2.8615236560627633
-5.8649732996044985,-2.8621270802687278
-5.864174383885745,-2.863211654602447
-5.863191789363041,-2.8640810178842995
-5.862210312760176,-2.864949572861708
-5.861279516616022,-2.8659059166660352
-5.860458054349809,-2.8670091300162377
-5.859444577271398,-2.868247184883681
-5.858416657956207,-2.8694470180301557
-5.8574865353963474,-2.87072122990041
-5.85637638172939,-2.8721218458736635
-5.855282457807376,-2.8735756161732473
-5.854146178784557,-2.8750201226748233
-5.85312723844613,-2.8763820453129676
-5.8520181377581695,-2.8776380744057497
-5.851125521377339,-2.87908821565796
-5.85009469945796,-2.88063529788486
-5.849251664991856,-2.882401195558558
-5.84842864548529,-2.8841845408892075
-5.847835336684283,-2.8858062763017838
-5.847236779033718,-2.887421421721128
-5.846359298313335,-2.8887853267699044
-5.845346315367896,-2.890099861180826
-5.843670797306929,-2.8919857424134365
-5.84235371357748,-2.894193577178806
-5.841428204125371,-2.8962828843819537
-5.840182811069859,-2.898814565158327
-5.8387203910968,-2.9011772949582735
-5.8369103336110655,-2.90317915188909
-5.835259415285565,-2.9050692129835682
-5.833313346962554,-2.906659715325884
-5.8313512209026745,-2.908216740412404
-5.829317949392768,-2.909823698993254
-5.8271929803833675,-2.9113669767322534
-5.824687215583882,-2.912486195071956
-5.8224305438574735,-2.9134305742872555
-5.819766005650645,-2.913952801989983
-5.816988510129643,-2.914233494352949
-5.8141124540199325,-2.9145516987662434
-5.811466016933876,-2.914706319250393
-5.808690252085651,-2.914684580088876
-5.80590816458409,-2.9146232358358466
-5.802664623982585,-2.914091242754254
-5.799070245153118,-2.913208718867753
-5.795467076836005,-2.912349137309813
-5.791792573791027,-2.911145583043938
-5.787998880750953,-2.909834590955565
-5.783630027876296,-2.9094163772579362
-5.779053733582128,-2.908779540740973
-5.774218634462663,-2.9079095360147957
-5.769358944325053,-2.906830644669482
-5.764580734239626,-2.9055667177184543
-5.759312534415313,-2.903860946440913
-5.754153583484367,-2.902332035657212
-5.748706848234627,-2.90040312233688
-5.743032894160163,-2.8982289310532474
-5.73759527214593,-2.8960010011443167
-5.731903044795894,-2.893632923361951
-5.725861466199528,-2.89097339799211
-5.719575054557377,-2.8882525646521766
-5.713066582142725,-2.8849490889783054
-5.706335118301713,-2.881425718116412
-5.699741761136956,-2.8780247260519087
-5.692975744571943,-2.874744431132413
-5.686197251782665,-2.871474952361046
-5.67916487020623,-2.8679206556028505
-5.672162453788263,-2.864343845487328
-5.6647615549534285,-2.8603635451464218
-5.65733739206435,-2.856349832931527
-5.6499573599924755,-2.8523123376199675
-5.642593840228473,-2.8482846132164803
-5.635618096460092,-2.8446079717879846
-5.628615721654033,-2.8407709998606383
-5.621913930543953,-2.836327677534553
-5.614936018287526,-2.8316348615448543
-5.607808705125308,-2.826769840536093
-5.60081078813424,-2.8218114784681787
-5.594194105129688,-2.8171981673240536
-5.587903728074414,-2.8129622459949664
-5.581427537445813,-2.8088573156829093
-5.57508773237845,-2.8048759984665006
-5.568839574240962,-2.801000928674035
-5.562598988259572,-2.7971194180695167
-5.55643036422746,-2.7933032491841967
-5.550878292522675,-2.790198895482254
-5.545060520477049,-2.78728357725549
-5.539427679348587,-2.7845322045667404
-5.534218462890132,-2.7821911252339855
-5.528831574527922,-2.7799764429297693
-5.523747885129448,-2.778111133336443
-5.5188402393743585,-2.776462637759734
-5.513927713893029,-2.77481765873254
-5.509630622858256,-2.7737605043755016
-5.505707310272108,-2.7730747690149187
-5.50204735816484,-2.772017661810108
-5.49849827656103,-2.771283236180511
-5.4954557797854084,-2.771080169320353
-5.493106514092863,-2.770092485714795
-5.490963813128924,-2.7693286633101994
-5.489250164617354,-2.7690016703125555
-5.487483800349329,-2.768797658704984
-5.485680282077385,-2.768750060888186
-5.484414779399099,-2.769230558479846
-5.48353177334445,-2.770014577333431
-5.48318314989166,-2.7710291455295315
-5.483011519385933,-2.7722302698324217
-5.482674289705529,-2.7735488590345887
-5.482676836346198,-2.7749481663967437
-5.48297618534243,-2.776582044052912
-5.483792860126623,-2.778525101013807
-5.4853499708251245,-2.780905749909279
-5.487095985158446,-2.7834392831044275
-5.489109140511637,-2.7854267209137564
-5.491344114897074,-2.787442910254581
-5.493793996463578,-2.7896829297942114
-5.496584609934655,-2.792092895432669
-5.499324369735234,-2.794720111713217
-5.502527187395647,-2.7977671962643327
-5.505670696585828,-2.8007460592579325
-5.509143743231686,-2.803480954296459
-5.512400160423358,-2.806028155069871
-5.515564386781657,-2.808503470964329
-5.518949602037387,-2.8111462434936025
-5.5226015484365645,-2.813691713664609
-5.526445527618178,-2.816258557319321
-5.530342391446063,-2.818886243708985
-5.534134767478645,-2.8215574023150722
-5.5380395138843035,-2.82403972762779
-5.541879036415207,-2.826446953829485
-5.5458707791455435,-2.828712558525384
-5.550069305345438,-2.8308804062064876
-5.554150012170872,-2.8329124666116448
-5.558416569967534,-2.834831675563865
-5.563195737271801,-2.836532910255188
-5.567697130547543,-2.8379137074381044
-5.5721760139811325,-2.838829638613316
-5.576367017752538,-2.8394131828706946
-5.580508548005972,-2.8395207158719904
-5.584998413919109,-2.8395251273307336
-5.589056596192701,-2.83937636424264
-5.593147575584904,-2.839250395225923
-5.597325158485458,-2.839063589728373
-5.601188341511136,-2.838560624935125
-5.604468761762634,-2.8374438286687935
-5.607703232508538,-2.836546158059259
-5.610904698157949,-2.835448036577028
-5.61359034011968,-2.8337524684950792
-5.616440607265001,-2.8318175799592455
-5.619140561831997,-2.8297570342281166
-5.621302519906104,-2.8270725320701153
-5.623355373797836,-2.8243798086024294
-5.6251396372974,-2.821268859475102
-5.626598388539302,-2.817779190112861
-5.627700799725049,-2.813963129705204
-5.628615011816556,-2.8103097843818565
-5.629331702046108,-2.806425849837386
-5.629825865666929,-2.8026994102712184
-5.62989277249579,-2.7988558481981807
-5.629962129975315,-2.7950136598983475
-5.629633568281442,-2.7907709928738322
-5.62879783306437,-2.786400758543563
-5.627890566955,-2.7819756931229898
-5.626730117090466,-2.7781043915516044
-5.626051756705097,-2.773246119885648
-5.625170010290829,-2.7681729884521955
-5.624060731309785,-2.7630601083560173
-5.623069866177478,-2.7576783756921293
-5.62195659358819,-2.7522165434854466
-5.620582418038999,-2.7465475491646094
-5.618726318848563,-2.741221458358373
-5.616874271931093,-2.7358444241997906
-5.614971056665887,-2.7304084053316466
-5.612817850332577,-2.7251500359958634
-5.610609616505291,-2.7198425902203924
-5.608031380616144,-2.7143554180595064
-5.605571251661633,-2.7088039743879495
-5.6028395184765,-2.7029316930356946
-5.59983504424958,-2.697105850993533
-5.596589192637426,-2.6913000450382234
-5.5932436455520005,-2.6853727451913483
-5.58957396177019,-2.679440221308109
-5.586066503513434,-2.6735745228876007
-5.582506754880057,-2.66765102923307
-5.578197498941297,-2.6617392243728015
-5.573728807207264,-2.6558900223831166
-5.5692785280739265,-2.6502314263757367
-5.565179539687553,-2.6449689432695953
-5.5616918038568866,-2.638617746556542
-5.557969374362959,-2.632291467419315
-5.554383114262333,-2.6257763873298576
-5.550646508327586,-2.6191330366300836
-5.546883824744974,-2.6125098701215026
-5.543206050336386,-2.6059347790278724
-5.539999157364191,-2.599874751360852
-5.536473150226975,-2.5940458188820696
-5.533363337969487,-2.5886647104629037
-5.530715739604225,-2.5837591395339548
-5.5278010331474885,-2.579047520586635
-5.525208230263789,-2.574672697086442
-5.522981368874397,-2.5707191260778197
-5.521044188200274,-2.5674598931025905
-5.5199474000441455,-2.5649559998697895
-5.519325614083638,-2.5629832686804455
-5.518891618446039,-2.5611820546565625
-5.518732080891002,-2.5596353036440562
-5.518844019736206,-2.558405201366598
-5.5198180502627565,-2.5571877787211927
-5.521461789042878,-2.555607174276134
-5.52329053693266,-2.5542433529685966
-5.525772882415245,-2.552987765476773
-5.5285194789763095,-2.5519970845730526
-5.53146506349056,-2.550782044281662
-5.534577485170191,-2.549731390001769
-5.536958160737986,-2.549400152380162
-5.5398085522851845,-2.5488658674609783
-5.543289152194109,-2.548926331621834
-5.547112622269196,-2.549155317358637
-5.550898832314461,-2.5491845298891747
-5.555266971791542,-2.5497359788040037
-5.559778025603108,-2.5501518656785587
-5.564788884248486,-2.5506017631202385
-5.570068947400668,-2.551293312092147
-5.575747340573935,-2.5520695639819775
-5.581453702203468,-2.5528195055223666
-5.587703669786753,-2.5540567365160416
-5.593854641361836,-2.5553804167461216
-5.600356496336014,-2.556998619284677
-5.606864692120851,-2.558622858400154
-5.613570136118516,-2.560176783727197
-5.620602083683013,-2.5617213732229964
-5.628053502277204,-2.563641671535062
-5.635532781515982,-2.5654728599389003
-5.643114939186433,-2.567425087344941
-5.6508252830707235,-2.569807284463824
-5.658516365561703,-2.5719601986257774
-5.66628297688534,-2.574202201305264
-5.673894483311588,-2.576479298088457
-5.680584727759955,-2.579982517800527
-5.687448447398858,-2.583413914986386
-5.693934305501459,-2.587110412727501
-5.700457643345072,-2.590840422209988
-5.706690079327173,-2.5943641672414905
-5.71283250171296,-2.598154984022409
-5.718458185162433,-2.6014842110129166
-5.7242063267802985,-2.604726652301596
-5.729385576442664,-2.6078604369496103
-5.734017929359042,-2.6104183734248028
-5.7384577830761145,-2.6127590811496724
-5.742427587347615,-2.6151053826902246
-5.746309202887039,-2.617353479458387
-5.749420735126787,-2.6183829646392742
-5.751692421377651,-2.6192637001989123
-5.753260350750009,-2.6193389357264545
-5.754223974436018,-2.6188745894849177
-5.754499929176539,-2.618425439137606
-5.754049589805632,-2.6177919932478093
-5.752508816140424,-2.6165858020272084
-5.750512440323866,-2.616011744944074
-5.748068736208914,-2.6149114773200552
-5.744306013171384,-2.613152057819843
-5.740116306074011,-2.6115124586638045
-5.735274271493142,-2.6095667667810685
-5.729936564468294,-2.607178398466996
-5.7243914216337926,-2.605181805373196
-5.718377266749104,-2.6033674070000314
-5.7111892631809145,-2.600503908029268
-5.703334505851571,-2.5977062609885513
-5.695245131877395,-2.594789884449032
-5.686670177388363,-2.59143878985849
-5.677674948161203,-2.5884225184965177
-5.668545211783584,-2.5857987562811577
-5.658938038074699,-2.582746542575764
-5.649025366452895,-2.579546294451069
-5.639012879181973,-2.5762864243525
-5.628621476655008,-2.5726858965233483
-5.617982329438885,-2.5692512313281397
-5.607511070115502,-2.566126387652549
-5.597414905525365,-2.563335440516097
-5.587337279509724,-2.5604622383707567
-5.576592830119649,-2.558620065137493
-5.565644080874647,-2.556592697986017
-5.554647601591895,-2.5552133441566536
-5.5439552134522225,-2.5541250350996365
-5.533623964502929,-2.553088299161801
-5.523492375938769,-2.5523871072917372
-5.513566923109893,-2.5518877042577537
-5.503877379480877,-2.5514584265241584
-5.494126205066349,-2.551158376447144
-5.484443436054467,-2.5509098320862025
-5.4750070422696755,-2.550245194426675
-5.46581044206722,-2.549630150854192
-5.457225147068237,-2.5496211101715422
-5.4490255852677665,-2.5496904759010866
-5.441201709518461,-2.550115970579116
-5.433333109739364,-2.5504993946024737
-5.425604738299499,-2.5504933301918475
-5.418496374128935,-2.550629530401016
-5.412010039319568,-2.5513249075536684
-5.405878566097371,-2.5518825321249903
-5.399394673710898,-2.553190801490674
-5.393565560406195,-2.5550888866770753
-5.387910864194887,-2.556496107978095
-5.382938398550009,-2.558164762896519
-5.378295403078605,-2.560130600124032
-5.37408520816512,-2.5618601031104475
-5.370462426088268,-2.5635457537695467
-5.367537633709736,-2.5658614727182476
-5.364672794099685,-2.568153240521653
-5.362050708535216,-2.571034924776489
-5.359916370501816,-2.5743570589172826
-5.358103814622049,-2.5774430114504976
-5.3567416184620145,-2.580982568293172
-5.355847583837765,-2.5849451930629925
-5.355362046244515,-2.5887581131740127
-5.354737857290346,-2.5928264578824867
-5.354426716468308,-2.597177906119155
-5.3544362582048874,-2.601068901744071
-5.3545246523065035,-2.6051931694006956
-5.354685969935303,-2.6093835715528484
-5.355411858344362,-2.6134136833105313
-5.355963514970459,-2.6172744356997226
-5.356762212432564,-2.621359058485617
-5.3576159057569654,-2.6252994837549126
-5.358046882009283,-2.6300354163393207
-5.358581030599225,-2.6349018768889363
-5.359427526006331,-2.639679101042814
-5.359787624190168,-2.6439606046264132
-5.3598198823100995,-2.648016277629999
-5.359712566659655,-2.6520114102894063
-5.360058568418002,-2.655111641831951
-5.360214835124277,-2.658243057739657
-5.360289606216995,-2.6608259217700154
-5.359721520914769,-2.6627883251889832
-5.359054064789614,-2.664513059525841
-5.35813850139081,-2.6658093519838335
-5.357011071293188,-2.6669138767714413
-5.35557899408535,-2.668000294704422
-5.354159945202446,-2.6688872871894285
-5.352769373080433,-2.669800478355828
-5.351462561005418,-2.670893050899227
-5.350066113877442,-2.672071540263694
-5.348045410758606,-2.672684025832046
-5.345676550855776,-2.6731921970208834
-5.343202850595232,-2.673557734837387
-5.340958089580547,-2.674131374753391
-5.338685456227952,-2.6750136996622236
-5.336257796946968,-2.676288021738814
-5.332833327993837,-2.678052021238122
-5.3291809789430795,-2.67959454267412
-5.325976405796678,-2.680446179881589
-5.322536331697915,-2.681055867634799
-5.319250587618929,-2.681852068839808
-5.315575099346459,-2.682929784949705
-5.312130944340032,-2.684253926787082
-5.308841355389333,-2.6857087657488146
-5.30554638893599,-2.687167482141296
-5.301953095866414,-2.68834569225569
-5.298143246525411,-2.689560141541721
-5.294635317795602,-2.6908121554820803
-5.291345690836333,-2.6921301672813156
-5.288261069958476,-2.693628099619856
-5.28511032487301,-2.6951738150806426
-5.281829700568567,-2.6966068389910887
-5.2785221529216475,-2.697913085748708
-5.275697289636651,-2.6993282994733385
-5.273155561599926,-2.7010688459435963
-5.270950334739515,-2.7031417139213523
-5.268802012186557,-2.7051868846996876
-5.267041892387902,-2.7075813229125503
-5.2651173099262465,-2.709795562235297
-5.263156170374745,-2.7119376250820655
-5.261301255674065,-2.7139418600952316
-5.2598580356149665,-2.7163344852788063
-5.259139131290496,-2.7182685806252955
-5.258315817620411,-2.720278132540344
-5.257400561117827,-2.7221872734629797
-5.256657625620236,-2.7242342967519555
-5.255986041750975,-2.726229829859882
-5.255497275072884,-2.7284119610165867
-5.255302186971286,-2.730925216346465
-5.255037660662008,-2.733488640672731
-5.2550152855732195,-2.7362808731825536
-5.255429161650561,-2.7395062973420234
-5.25572067576934,-2.742820109076382
-5.2562078959941845,-2.7463576690365192
-5.257004170213782,-2.750228497346802
-5.257915507300959,-2.7540161732877784
-5.25915392629065,-2.758125327323513
-5.2605939866214895,-2.7624908590867823
-5.261809589118049,-2.767017844271567
-5.2627873817598445,-2.7718575468303093
-5.2641011901764,-2.7770039991654545
-5.265726248450836,-2.782211858700084
-5.267579267462722,-2.7874730326301007
-5.269524495587221,-2.792818329416065
-5.271967374681061,-2.7983916622871834
-5.274149869846035,-2.803872785930301
-5.277218351179911,-2.80875938784383
-5.280453346449854,-2.813798717965642
-5.283932954929037,-2.8186616859682325
-5.287773748578229,-2.823917148284341
-5.291758524708123,-2.8291343545277314
-5.2957632292227,-2.834171508024127
-5.299979621534391,-2.8393682891699186
-5.304264958116639,-2.844195773168912
-5.3086286399303635,-2.8491563197487384
-5.31312467112357,-2.8542466252624554
-5.318032045332346,-2.859142820658805
-5.322741550150005,-2.8638143789867017
-5.327604425662549,-2.8687587082321526
-5.332339052307921,-2.8734693476267603
-5.337181253626901,-2.878244469603355
-5.34217565748103,-2.883153614490519
-5.347378596079223,-2.8879139945399337
-5.351881354153273,-2.8930448010880117
-5.356494554420874,-2.898224441360111
-5.3608811398127685,-2.903199217075821
-5.365303779703195,-2.908134999733693
-5.369561463652643,-2.9129321216289377
-5.374182204003423,-2.918061495425938
-5.379034058957617,-2.9231243898252566
-5.383925355746847,-2.928498765320532
-5.388356111934607,-2.9334518156619724
-5.39246560016624,-2.9382193897756568
-5.3966801312927695,-2.9428710252463577
-5.400974089603936,-2.9475954133997604
-5.405288832242825,-2.9524614661254294
-5.409733240105456,-2.9575270379227465
-5.414284851486224,-2.9624169221926024
-5.418390272827559,-2.966800101658856
-5.422637352428354,-2.9710835708316448
-5.426332316784051,-2.9748617651646483
-5.429980285796657,-2.9785865526706345
-5.433834371294216,-2.9821657543946554
-5.437694730944302,-2.9857507041146545
-5.441232082488893,-2.9889686984568393
-5.444531237313841,-2.992584519636318
-5.4475560661647116,-2.996027984274873
-5.449909954532286,-2.998783716096565
-5.452720324592562,-3.001217026036298
-5.455748393562062,-3.003308025246613
-5.4588514383426405,-3.005184666363199
-5.461644009688564,-3.0067082643057708
-5.464280001536671,-3.0082695218862394
-5.466708866742375,-3.009527383672247
-5.468828394529091,-3.0104334307885545
-5.47084551556872,-3.0110658576063956
-5.472799872329448,-3.0112676893336547
-5.474467700085804,-3.011143383606151
-5.4760207357829,-3.0113502302970034
-5.477401723483778,-3.011251348322629
-5.4786747626226955,-3.011222835069604
-5.479778562742886,-3.0110588460561494
-5.480346707629141,-3.010057143896102
-5.480644142805218,-3.009241124214169
-5.480789136322659,-3.0083211634880107
-5.480749135636373,-3.0072317394795247
-5.4805712681451935,-3.0061866315725236
-5.480289279713846,-3.005022922566016
-5.479897258349591,-3.0035529591498413
-5.479256226668699,-3.0019784586863727
-5.478468192167009,-3.000236573240174
-5.477563610048929,-2.9982867432748948
-5.476511517204441,-2.9966271458140414
-5.475841391392023,-2.9942604726571456
-5.475064417254032,-2.9918426846719477
-5.474034867744707,-2.9891937120302083
-5.472904246745653,-2.986461252338459
-5.4718536385201935,-2.9836219489086067
-5.470487510525092,-2.980493944816334
-5.469033931093254,-2.9775972669653052
-5.4672909219999335,-2.9745669522196323
-5.465640036450178,-2.971620644800461
-5.4640472220006195,-2.9685597309484693
-5.462547551065935,-2.9654739916507755
-5.46093712988423,-2.962286803351639
-5.459613620136983,-2.959307183508976
-5.458024439577177,-2.9562236996978615
-5.456252867967432,-2.9532339950621767
-5.45465964517178,-2.9504318265164358
-5.453875349376473,-2.9464844436211584
-5.4534629806578225,-2.94292580020124
-5.452935083992527,-2.9392509280457193
-5.452296541152812,-2.9357270301728295
-5.451841216970567,-2.932370365237496
-5.451436718279411,-2.9291588082126734
-5.451416541680683,-2.925599021180599
-5.451619868402192,-2.922164370075533
-5.452379899615423,-2.9189101047617374
-5.452975809534292,-2.9158132847001683
-5.453615172638415,-2.9127634304985834
-5.454129755394428,-2.909802303007861
-5.4546841382522135,-2.9068866138542484
-5.4555499914748795,-2.904254984499781
-5.456697869328754,-2.9014227109459467
-5.457798026220536,-2.8985358177891944
-5.458971929673457,-2.895716001473776
-5.460008780082652,-2.892993625039631
-5.461097087747993,-2.8903299134608087
-5.462506837637643,-2.887468486118006
-5.463897242767961,-2.8847132673009117
-5.465415425123289,-2.8818732715331925
-5.46710277948526,-2.879187137349741
-5.469411365655695,-2.875955336940593
-5.471749846922521,-2.8727078999008806
-5.47399224082122,-2.8693148943485682
-5.476463913788136,-2.8661631756440635
-5.479009615506658,-2.8630109304790627
-5.481896362386047,-2.8602080505919614
-5.484516706060224,-2.857335947828731
-5.487270726859307,-2.854649382013729
-5.489914059224467,-2.851879188940706
-5.492513119732178,-2.8491746535551026
-5.495136138546251,-2.8462665090825605
-5.497909548378439,-2.8435085622365808
-5.500786835465662,-2.840798781182024
-5.503771708563843,-2.8384421584353725
-5.506749337672975,-2.836105205825163
-5.509577156162914,-2.8338749921608626
-5.51247757712728,-2.8317331637902674
-5.515124975564622,-2.82933996703503
-5.5179768676410275,-2.82680113111373
-5.5207051410983174,-2.824117611970685
-5.523573477801015,-2.821571019529894
-5.526303310992947,-2.819123139979351
-5.529192879131056,-2.8168472300370913
-5.532252542291685,-2.8137418268719165
-5.5352976255417286,-2.810449253760143
-5.538393561045601,-2.8070995532337815
-5.541337072691244,-2.803590548955824
-5.543676797520787,-2.801314850820904
-5.545925176389568,-2.799011232958684
-5.548260537430887,-2.796792136815954
-5.550445679404846,-2.7944272821686695
-5.552641708924995,-2.791755796109082
-5.554673910076072,-2.788806809501191
-5.556578050651143,-2.7857212889892056
-5.558309340366563,-2.782475173729586
-5.559705989401792,-2.779224346423276
-5.561204004501754,-2.7760594683891564
-5.562515677621681,-2.7724579052837037
-5.563412932805595,-2.7685626405741592
-5.564155714045968,-2.7644884755056105
-5.564522424219336,-2.7602511115547683
-5.564496750242504,-2.7562306022077427
-5.5645723766327135,-2.7523271651342758
-5.56450750725864,-2.748751967629298
-5.564194182525813,-2.7451038532283367
-5.564058825238471,-2.7416617441934354
-5.563174218657353,-2.738473579678591
-5.562585984330116,-2.7347223882577447
-5.561706551374304,-2.7309103820359617
-5.561090007579366,-2.72738025517252
-5.559566976822212,-2.725221973541785
-5.557985514620652,-2.7230540929044085
-5.556446296968822,-2.720897527931987
-5.55464986188049,-2.7186682758712126
-5.55267288967488,-2.7165659882254096
-5.55025650853097,-2.7144934460136776
-5.54799392388268,-2.712598855840155
-5.545995141414986,-2.7108785701152107
-5.544040039554453,-2.7094214791139843
-5.542242296762813,-2.7081464342104127
-5.54024270628489,-2.7069145062328888
-5.53790758055903,-2.705769767458603
-5.535595829199245,-2.7046517168433057
-5.5334950776667995,-2.7034691576006447
-5.531309989589867,-2.7024882448259713
-5.529294854215269,-2.7016244690385554
-5.527358457840393,-2.7008082935628064
-5.525563004186563,-2.700151760108319
-5.523837320502896,-2.6997597678009293
-5.522319235560139,-2.699419877509199
-5.520432737886124,-2.6989324413270075
-5.518480473114406,-2.698242418885645
-5.51656498545581,-2.697321363197926
-5.514416932095337,-2.697113971332654
-5.512566826549389,-2.6972198849682
-5.510701381118305,-2.697337036357906
-5.508975489107743,-2.697616220431915
-5.506972486868302,-2.6976116457295904
-5.505145952838273,-2.6974808073541
-5.503344738527791,-2.6973527089210547
-5.501721275254591,-2.6974017288754037
-5.50011280889379,-2.697440191425571
-5.498832421161135,-2.6978280258436094
-5.497441056808726,-2.698075655116578
-5.496034744114969,-2.6983341383056
-5.494661884277295,-2.69865535850559
-5.493236500306715,-2.6989463367223405
-5.492159038263293,-2.6994993840489583
-5.491600901866109,-2.700521399050854
-5.49121320518482,-2.7017399192032086
-5.490930363631681,-2.7028830131134676
-5.490551146294246,-2.703938697703074
-5.4900169339665466,-2.704815090327515
-5.489319264420987,-2.706135458301854
-5.489073386670916,-2.7073808041423955
-5.488819506826798,-2.7086116125051376
-5.488800533174992,-2.7096738472616106
-5.488113598388812,-2.710867070425528
-5.487586185685598,-2.712204529129772
-5.486792298453911,-2.713409358498379
-5.486364951693421,-2.714190349204235
-5.485602398102391,-2.714668244630969
-5.484794338849672,-2.715375628819942
-5.483882115368282,-2.715739522305532
-5.483050631419539,-2.7161208253740328
-5.482128059956833,-2.716567428854148
-5.481302154115963,-2.7171256548819005
-5.479848405611163,-2.7171159887459067
-5.478332474261965,-2.717150887106001
-5.476543835237343,-2.7168713688307995
-5.474578967939826,-2.71643247348243
-5.472357666112166,-2.7161774538613948
-5.470193844842234,-2.7159887569501793
-5.467916987598947,-2.7156977994408984
-5.4657056422304535,-2.7153598091611717
-5.463366951101061,-2.7148751053033626
-5.460621257865481,-2.714583831834299
-5.457711133574557,-2.714111266189218
-5.454437907133849,-2.7135853291618264
-5.451160283628924,-2.7132417715447414
-5.448269713692958,-2.713063864357931
-5.44525763355781,-2.713223311667193
-5.442243308886725,-2.713651669355058
-5.438788124597051,-2.7136807093875785
-5.435034692130469,-2.7136075963529507
-5.4313179491522705,-2.7136613466561146
-5.427587756135565,-2.7139669090349874
-5.424150623568883,-2.714569928434099
-5.420481056662156,-2.7151090447158173
-5.416924401687995,-2.7153996000470997
-5.4133551346581426,-2.71566242370876
-5.409622434873369,-2.7162453284673305
-5.405987520009535,-2.716879247223485
-5.402793213072704,-2.7174914029490473
-5.3996672393922625,-2.7181583002292284
-5.396792596363869,-2.7188373265247705
-5.393621661152811,-2.719763640616923
-5.390261205293643,-2.7208387717469837
-5.386954812470385,-2.7219630820858547
-5.3839229375361635,-2.723082863658045
-5.380971066202624,-2.7242872334157364
-5.378741897516622,-2.7256185798386445
-5.376777021629441,-2.7272531343220754
-5.375363881540003,-2.7281662336204215
-5.373747397754916,-2.7293780119992572
-5.3723529233844465,-2.7308489656012505
-5.371247635428978,-2.7321118797308
-5.370865724622408,-2.7341088947835153
-5.370900838044958,-2.736582073888212
-5.370989576518111,-2.7390165037464134
-5.371300468276914,-2.7416731413613165
-5.372101855212172,-2.7448049343231284
-5.373234705276078,-2.7476982693923775
-5.374878635889602,-2.751109176328082
-5.3767351095945735,-2.7547739884760705
-5.378942011013123,-2.7581867435654757
-5.381222620957406,-2.761640110277774
-5.383908173630648,-2.765461964366073
-5.386954153338552,-2.769025175812617
-5.389764777148938,-2.773183987828354
-5.392853136365287,-2.7775954833362793
-5.396655961672617,-2.781903754474666
-5.40040494311384,-2.785978734500334
-5.404442799054006,-2.7903165338856835
-5.408638312937541,-2.7946321521389637
-5.412700077782623,-2.7990444732368056
-5.416915701010424,-2.8030321542956513
-5.4213702132675134,-2.807249917745225
-5.426189160346383,-2.811207721156446
-5.431173554916329,-2.8153000251691354
-5.436099131118721,-2.8193530564210745
-5.4411881622180545,-2.8232902740068595
-5.446128478576716,-2.827043922288576
-5.45146588569732,-2.8309751333354596
-5.457108848831017,-2.835015715037545
-5.462618713179792,-2.838935056486978
-5.468076423064883,-2.8426595407644593
-5.4733556909110925,-2.846217419166074
-5.4790077031805735,-2.8501431944621194
-5.48432262569124,-2.8543105597866867
-5.489794130186352,-2.8586699564678826
-5.495179376940438,-2.8628219093662106
-5.500257585353431,-2.8668798910376063
-5.504972556177109,-2.8712571191529372
-5.509603363969627,-2.8755377696941036
-5.514361727011804,-2.8801506203917366
-5.519235219547097,-2.8845121809926284
-5.524421943312256,-2.8892328002185743
-5.529540622398381,-2.893891552868109
-5.534454687716828,-2.8986957813731915
-5.539431744233078,-2.9035722279199025
-5.543955912913378,-2.908567153784878
-5.54809383427123,-2.9135303075723864
-5.552370048038359,-2.91884986692923
-5.556956658984964,-2.9244516326183665
-5.56113223120577,-2.9300515065703507
-5.565384026029862,-2.936213631445012
-5.569500274232635,-2.942252272714589
-5.572891859652685,-2.948047764489944
-5.576610389298746,-2.954144108309807
-5.580690000550432,-2.960568738579744
-5.584563585115417,-2.966909230233112
-5.588600429682431,-2.9737754947774113
-5.59252219973249,-2.980536649558345
-5.596460847200508,-2.9868124800221483
-5.600414706681184,-2.9931037843643598
-5.604206816555302,-2.999185392264506
-5.608189271698784,-3.005398481259223
-5.612217160180774,-3.011964685059775
-5.616996350254973,-3.018426147416176
-5.621827998712257,-3.0245265814334545
-5.626530184325732,-3.030464654521384
-5.631087601428757,-3.0364088237035873
-5.6356687784739545,-3.0424086487288906
-5.640445775225274,-3.048632651652717
-5.64518830659288,-3.054879865158431
-5.649946110197854,-3.0611407956751897
-5.654986557091091,-3.0677252654353753
-5.659546970669026,-3.074644629053672
-5.663968179014465,-3.0814366535987063
-5.6685419241630095,-3.0884029812903293
-5.673093103967797,-3.095383125661675
-5.677949599124248,-3.1026552380014314
-5.682969668685789,-3.110324044090567
-5.687637254035198,-3.1179050955654493
-5.6922604622962405,-3.1254449558768527
-5.696377867508896,-3.1337957823749285
-5.700498566739635,-3.142149835014395
-5.704420484567367,-3.150238506775065
-5.7087297415991625,-3.158483236469728
-5.713126667806981,-3.166827734182396
-5.7173646790887025,-3.1753501188741007
-5.721612380820474,-3.1837323150999497
-5.726003671320289,-3.1920702464890973
-5.730360355060346,-3.200483114445497
-5.73438237437894,-3.208589435354393
-5.738776692628906,-3.216916499874765
-5.742733439021449,-3.2249667633961105
-5.746724423561249,-3.2330474472847386
-5.7508486468730595,-3.2412198175325737
-5.754757656909152,-3.249288768490721
-5.7584172957186155,-3.2571287946102214
-5.762555186100621,-3.2651059973831007
-5.766337961952564,-3.272884345604018
-5.770024751872016,-3.280573985499705
-5.774172135209287,-3.2883229661263953
-5.777831485554406,-3.2958074368274204
-5.7813899832685625,-3.3031987977571537
-5.785393134326334,-3.3105142021950433
-5.789402806321789,-3.3173059879538846
-5.792054814125683,-3.3249377373309956
-5.795171272775878,-3.3329082686943488
-5.798090963285142,-3.3403901873811903
-5.800690951351099,-3.347546794665724
-5.8033530539301115,-3.3551987654544915
-5.806325095669562,-3.362611416852743
-5.809412450185167,-3.3702233572782294
-5.8122874587002595,-3.3776816850924565
-5.81511781946695,-3.3847955712364834
-5.817363376942228,-3.3913376301331866
-5.819868287017235,-3.398522314298647
-5.822584002452954,-3.4054189475865706
-5.82528964681017,-3.4123042063662985
-5.827819483447535,-3.4189941435315307
-5.830554979106338,-3.4251055800434163
-5.8332139234647,-3.4308208701879903
-5.836006580237871,-3.436659280644125
-5.838738558241999,-3.441935382568119
-5.841680413296805,-3.4468863337246676
-5.844718301338695,-3.451925943545883
-5.847871647023839,-3.4565051885532028
-5.851022076654828,-3.4608717972566354
-5.853700805570613,-3.4648055014295562
-5.855989214278114,-3.4685068007937887
-5.858321406882848,-3.47194499883127
-5.8604851039841135,-3.475847796022696
-5.86333481586564,-3.4789837045365273
-5.8662211801247635,-3.4821197905424603
-5.869134832043988,-3.4853813361256085
-5.87164580628983,-3.488273031184503
-5.874032716301861,-3.490718656693697
-5.876482483398972,-3.4928681292480293
-5.878921594685969,-3.4950077795171364
-5.88132160529515,-3.4970568976598377
-5.883857378575293,-3.4991455024199873
-5.886402874742829,-3.5012429657881494
-5.888810490205552,-3.502962760756799
-5.891122041421479,-3.5043503947108565
-5.89278181497421,-3.505211982666378
-5.894346040151278,-3.5059647134505436
-5.896093181499268,-3.5065936713784622
-5.897653231209008,-3.5069920450275096
-5.8987738308473805,-3.5070893289335925
-5.8996860472381805,-3.506812735012522
-5.900155556205215,-3.506177702552632
-5.900150224811796,-3.5052824726838856
-5.900164025810499,-3.504115776732283
-5.899976752730605,-3.50281479535995
-5.89941004314477,-3.5011371817663064
-5.898490098769689,-3.4995895950836875
-5.898323131838785,-3.496797482922534
-5.897299097279262,-3.4931725646123724
-5.895752977563732,-3.489218701435682
-5.894463441232871,-3.4853520723371183
-5.892800838056697,-3.4811421310698374
-5.890773092214257,-3.477111531202974
-5.88851685730441,-3.472978297561027
-5.885760693236035,-3.468385671552908
-5.882645701222355,-3.4636800992750456
-5.879568491844941,-3.4592411395440816
-5.875927979508324,-3.454284931979381
-5.872019085183227,-3.449569241194973
-5.8679089605381,-3.445100764749843
-5.863567061015013,-3.440419536032
-5.8587041199221215,-3.4359647531162913
-5.854108781634948,-3.4317781479161953
-5.8492182319843895,-3.4273206946729253
-5.844178634489241,-3.4231917165694536
-5.839475422562017,-3.418819209606223
-5.834690111775526,-3.414193530356624
-5.829811794909648,-3.410007287930963
-5.824959663144154,-3.4058507886557803
-5.820341466788404,-3.401808437090302
-5.815750159407149,-3.397604139980736
-5.811112648425029,-3.3933473198357182
-5.806983435834813,-3.388528985112923
-5.802860730273968,-3.383716631022331
-5.7987449327231815,-3.378953829954516
-5.79453348250956,-3.3741122158910133
-5.79046029788586,-3.3693880853867912
-5.78635179035535,-3.364688164936183
-5.78262835633915,-3.3604259624883355
-5.779015839159738,-3.356265529190985
-5.775248944945791,-3.352211529015453
-5.771364585342313,-3.348023998174504
-5.767849778036399,-3.344175432924206
-5.76426694827933,-3.3403737290298396
-5.761122350367083,-3.337070140874891
-5.758471340622721,-3.3341459050606126
-5.755976884726394,-3.331105044415939
-5.7533796252609,-3.32813676535453
-5.751392281213347,-3.325787543562731
-5.750499155609199,-3.3220763302414476
-5.750018969798065,-3.3185981952830477
-5.749779729301213,-3.315317280557341
-5.750013764621413,-3.312249139138696
-5.750671685117802,-3.309151176515385
-5.751478387790583,-3.3061648329478976
-5.752664519544446,-3.3035265638749074
-5.753861236076493,-3.300992310987238
-5.755257320796792,-3.2984966672750557
-5.75749716467179,-3.2967741908680144
-5.760341698575824,-3.295327588594304
-5.763238302199024,-3.294144899949444
-5.766116768138228,-3.292945969023423
-5.769044941662826,-3.2917814148578497
-5.772031824715523,-3.290526181141791
-5.7756968908262065,-3.2898919055516513
-5.779696557774768,-3.2893868287734023
-5.784086808215629,-3.2891031141341056
-5.788664882083729,-3.2890138387760244
-5.793226447332015,-3.2889060689523375
-5.797861220151568,-3.288747602579524
-5.8025453882984275,-3.288634552367523
-5.807541471968658,-3.288878124200735
-5.813106271758313,-3.2882432243645967
-5.819032895166535,-3.2877287469002963
-5.825176516338457,-3.2873846095864736
-5.831150682262034,-3.287472525237977
-5.836971774645111,-3.2876655790659863
-5.84266115246768,-3.2877743380866993
-5.848772103245396,-3.2877639124666276
-5.855002554830596,-3.2879426057645635
-5.861628899305247,-3.2879917013238242
-5.868303824329974,-3.288096948467012
-5.874856885560793,-3.28849672115346
-5.881631433892501,-3.288549503958774
-5.888188094986304,-3.2883526977743442
-5.894799794325975,-3.28817999407641
-5.901484568179631,-3.2874509514958774
-5.908147534204265,-3.2869152995967807
-5.9146002926461065,-3.2861378968946506
-5.921073737033362,-3.2853193538596845
-5.927332087177129,-3.2840977546708707
-5.9333486606851755,-3.282597678325477
-5.9392119452297125,-3.28067671390679
-5.944967732097487,-3.2787436690451006
-5.950548009751431,-3.276506942954504
-5.956110800606578,-3.2742549307350495
-5.961395360830961,-3.2721940320740126
-5.9663686835231085,-3.2698499208218266
-5.970716280838766,-3.2668601016120533
-5.974314156558114,-3.2651383646030783
-5.977432515323337,-3.263126309669827
-5.980291434388133,-3.260813936786526
-5.983061807909289,-3.2582341386606135
-5.985409274261376,-3.2557199792113676
-5.987304920323691,-3.252682908589968
-5.989150873170476,-3.249474149054099
-5.99046718603198,-3.24570383443054
-5.991301911726436,-3.241375683531419
-5.991919268933767,-3.236597795245782
-5.992027659363135,-3.231720346369056
-5.991506075306029,-3.226112814958519
-5.990890365974058,-3.22065175082891
-5.989638345310835,-3.214633265374146
-5.987825951144634,-3.207964797205138
-5.9856935652688765,-3.20125585857726
-5.9824409252843695,-3.1936857523994853
-5.978408171758673,-3.186160972903064
-5.974549090137858,-3.1783850180275715
-5.970125213705497,-3.169953597705053
-5.965551432752851,-3.1610849477583156
-5.960667271669675,-3.152590296495544
-5.955214088686158,-3.143434948802318
-5.948546255545495,-3.1345980206824513
-5.941249867190121,-3.1261925766841427
-5.933033961239191,-3.116808366393923
-5.924497122333959,-3.1071165571116883
-5.915460554540626,-3.097767468298731
-5.905966238829949,-3.0878746416504415
-5.895521952578402,-3.0776503375276585
-5.884175255984861,-3.0677788034623936
-5.872195360524385,-3.05774478746901
-5.859643332178996,-3.047226000488637
-5.84584557457034,-3.037362519449834
-5.831774734900213,-3.027821117960414
-5.817343640260525,-3.0180018080176274
-5.801748391770832,-3.0089360581143225
-5.78641808687196,-3.00083328653475
-5.770021436628249,-2.991763881221816
-5.752225936691969,-2.9836242213916635
-5.734579604369174,-2.9757207664174796
-5.716127908911192,-2.9684513735456983
-5.6984424312048825,-2.9608276577247055
-5.680907552662182,-2.953694591533148
-5.663013900317698,-2.9469128036883023
-5.644727036195823,-2.939859857366309
-5.62648955019481,-2.9328542224238268
-5.60821029352812,-2.9258917117364414
-5.590030783187886,-2.9190131667757506
-5.572368014805799,-2.912718494779658
-5.554616985543769,-2.90650024276066
-5.537390440126157,-2.900751474548529
-5.520195548626761,-2.8950290744369807
-5.502875111164011,-2.889408629934371
-5.485664101983814,-2.8838804950000885
-5.468735798438658,-2.87866559262481
-5.452174455907989,-2.873202068621368
-5.4363762279078385,-2.868374722575446
-5.4211986112150505,-2.8638519386438026
-5.405664713078851,-2.8592001544301904
-5.390474961176298,-2.8548562160088657
-5.376093292396476,-2.8508372948687075
-5.361743145467192,-2.846582912678487
-5.348111523872217,-2.8429791303475267
-5.334550772956137,-2.8408510097408106
-5.3215390059934435,-2.8383362316986944
-5.3092280590268945,-2.836457283778125
-5.297652133625403,-2.8344327014810715
-5.286283408277106,-2.832383066613188
-5.275338065085733,-2.830809240084269
-5.2646496820589475,-2.8294668345631933
-5.254723097660126,-2.8275806417194636
-5.244789215254668,-2.8256826483730726
-5.2357666956068485,-2.8246168350899143
-5.227361539937656,-2.8230203351925103
-5.219619825303475,-2.822157089406942
-5.212390154811617,-2.820889348128659
-5.205801278184802,-2.819355000220097
-5.199711767894584,-2.818383820457808
-5.194293758296098,-2.8179057810008747
-5.189706644954205,-2.817056199098191
-5.185445342330752,-2.816573923560494
-5.181839883702448,-2.816722770655732
-5.179241938359808,-2.816034828283324
-5.176772478858782,-2.815491775236909
-5.174635454054676,-2.815580396236284
-5.173867380622377,-2.8151392955844465
-5.17169797372482,-2.8158325397892576
-5.170629425185928,-2.8175730798374468
-5.170806048091682,-2.8184156476677713
-5.1705929817089915,-2.8188623001477504
-5.171542501079689,-2.819030901779428
-5.171979175617076,-2.8199097200399454
-5.172047253155942,-2.8203828579199706
-5.172654155410319,-2.8207007794171703
-5.173246890748328,-2.821615899355968
-5.17357676051896,-2.8222423620131334
-5.173992698527967,-2.822807208573275
-5.174692452222293,-2.8236471629030073
-5.174791444834999,-2.823896525170587
-5.174534065310077,-2.8244030156388993
-5.173992365133396,-2.824615830720495
-5.173591062835089,-2.824986643032987
-5.172967249815675,-2.825517935668157
-5.172566352882948,-2.8262927518157612
-5.172053705119293,-2.826981430779856
-5.170897195116055,-2.8281344781558357
-5.1695091295668165,-2.829112511332327
-5.167808608439751,-2.8301508817815435
-5.166076816583355,-2.831609157464728
-5.163706045153244,-2.8338447001670524
-5.1611256838349115,-2.836427719008626
-5.1587544390394875,-2.839229644384892
-5.156255703849018,-2.841954775520308
-5.154418593325398,-2.8440208537984133
-5.151910407653384,-2.8464057376066347
-5.149724414372626,-2.849154124520673
-5.147349889104202,-2.8516606940031766
-5.144896192281216,-2.8546944124616433
-5.142791674113243,-2.8581214761080576
-5.14073923115106,-2.8616334455329855
-5.138339237269653,-2.8654166561787253
-5.136296479947812,-2.869601611210927
-5.133997292159453,-2.873476687649863
-5.131756170274389,-2.877719153932654
-5.129746389962061,-2.882235463577463
-5.127346672323378,-2.88747205465172
-5.125121759141001,-2.8928690333629064
-5.122893328469444,-2.898261333285228
-5.120637550523428,-2.9036729616176054
-5.118398419908116,-2.909099242406776
-5.116476798754704,-2.914880315063208
-5.1148187793169075,-2.920471244263439
-5.1136847089310065,-2.92654529248899
-5.112077521127659,-2.932906275979812
-5.110661686488386,-2.9391296323855514
-5.109387020234595,-2.9455274186178984
-5.109517675946582,-2.9501462430497134
-5.1097815178426815,-2.9549132708189103
-5.11065006057477,-2.96009764660535
-5.111816055574769,-2.96540912324375
-5.113214129412275,-2.9709793850762427
-5.115267529603165,-2.9770936599562763
-5.1176777910367495,-2.9830301584115206
-5.12042706334613,-2.989344853625836
-5.123967526377728,-2.995779192062003
-5.128136657099021,-3.002163430644078
-5.132519432078758,-3.0086399669137345
-5.1375213454262845,-3.0156766178362475
-5.14317375403159,-3.0229301313872337
-5.149514453298688,-3.030375341121753
-5.156152026491156,-3.038125434317076
-5.163129187493506,-3.045627564151166
-5.170434946357881,-3.053047454749934
-5.177874709276837,-3.0605568890805346
-5.185486427303896,-3.068253444009004
-5.193635017834228,-3.0761521696885494
-5.201539878529881,-3.084546330316014
-5.209702909644055,-3.0931797898220705
-5.2183140565898185,-3.1014973827497077
-5.2274402311354615,-3.1089040009839146
-5.236335672069138,-3.1160766664727904
-5.24512039365005,-3.123119186047493
-5.25393359148884,-3.1301490101182616
-5.262500633003012,-3.1369035761996122
-5.271468813461409,-3.143541753029481
-5.280038161025971,-3.1498015804777864
-5.28826046399776,-3.1557503273962038
-5.296351140449903,-3.161324208834838
-5.304030719881245,-3.1664787844640805
-5.311394821889653,-3.1712391855701583
-5.31863113529507,-3.1760715274204214
-5.325439617511951,-3.180506655894303
-5.331741726824227,-3.184457557018808
-5.337666439366095,-3.1883560478281163
-5.342803052122731,-3.191477940785005
-5.347502995822319,-3.1949086899141714
-5.351821704938413,-3.1979698058892962
-5.355823863816645,-3.200712539914945
-5.35923426731917,-3.204010287807323
-5.362603568732981,-3.20729230337776
-5.365248325266389,-3.209844616941643
-5.367267528362108,-3.212837234408035
-5.368742452699749,-3.2153102144384627
-5.37038072486423,-3.2171674235322016
-5.371744885534453,-3.219217335797664
-5.372760265321354,-3.2209149559906787
-5.373173479880367,-3.22289630960877
-5.373341508704354,-3.2246034042737883
-5.372867753177764,-3.225906635950073
-5.3721667321602595,-3.22714743628104
-5.371191380797829,-3.2280813972109628
-5.369770327117815,-3.2283107031400697
-5.36816558840293,-3.228879062194085
-5.3661566732184385,-3.2289954870693647
-5.363776443296233,-3.2286837156519024
-5.360877475296462,-3.22856054323681
-5.357806131057211,-3.228244544518735
-5.3542255581398095,-3.227153637402943
-5.350695097932756,-3.2264955599954384
-5.346984894189053,-3.2256364642685433
-5.343459003617082,-3.2241704689680653
-5.339712410664563,-3.222860074299468
-5.336074025109402,-3.221634115938816
-5.3320307446959285,-3.220016277599053
-5.328201562910833,-3.2182483189385773
-5.324161535573939,-3.2162248027454297
-5.320577253033908,-3.213940760841014
-5.317136193561149,-3.2113003658758763
-5.313867044133132,-3.2091476413880704
-5.310626171661428,-3.2070263375270978
-5.307685755528187,-3.204900453395312
-5.304852860740816,-3.2029016039991838
-5.302227588501048,-3.201134915030005
-5.300087480214964,-3.199270870793302
-5.298458868916691,-3.1980925912621037
-5.297460588462285,-3.1970503315177554
-5.296760650759826,-3.196340837844286
-5.296211720911505,-3.1960241065571617
-5.296546711045785,-3.195431497663968
-5.297197252927011,-3.195190863429457
-5.298156071872118,-3.195045243303518
-5.299969205734059,-3.1949912182729467
-5.301975125841282,-3.195152168489534
-5.304414227552801,-3.195417213013356
-5.307596467978476,-3.1957538782127437
-5.311552892577167,-3.195545176724032
-5.315486190507567,-3.1953099972671195
-5.319474662561447,-3.1951253657387477
-5.324340699743521,-3.1941856624619747
-5.328784821863069,-3.1927733219166834
-5.333820365592781,-3.1919072359960996
-5.3391491372208915,-3.1908353605322213
-5.3446220302193,-3.189922710265698
-5.349998705672831,-3.1889194437010593
-5.35559910313458,-3.1877594220278898
-5.361047155264608,-3.1864267285140775
-5.366500723375846,-3.1848106722767957
-5.371581108851137,-3.1833514244903705
-5.376933675027047,-3.1819819590868867
-5.382393889596991,-3.1807102279370376
-5.387679826381716,-3.179572448367254
-5.392870301960645,-3.178653769971231
-5.397593747319654,-3.1773025560809187
-5.401882687789578,-3.1761536480842545
-5.406284309323804,-3.1752250566182765
-5.410688636281673,-3.174298117135992
-5.415160965245304,-3.1736974210389635
-5.4195810473003565,-3.173030312099938
-5.423430189200912,-3.1718361895327423
-5.426939955501794,-3.170524420594967
-5.4300143420594225,-3.1695861439214448
-5.4330289519081,-3.1691918925526
-5.43589481461624,-3.1686438193814332
-5.4389370599438465,-3.1681298533798175
-5.441849337465645,-3.1678310540151893
-5.4444843341704425,-3.1672432000417916
-5.446774885487946,-3.166267330653745
-5.44905181306792,-3.1655625587070095
-5.4510281867999755,-3.164596244634599
-5.4532422690158135,-3.1635284924974787
-5.455272227431653,-3.162574930457204
-5.45711164971139,-3.161424083936598
-5.458981696089883,-3.1598681372338873
-5.460643058711899,-3.158693959559101
-5.461524124578802,-3.1567449790382396
-5.462373291249655,-3.154818349233467
-5.463519866535568,-3.1531669470587875
-5.4646253368529605,-3.150836309438276
-5.4650545763526495,-3.1489824620573073
-5.4657217274880905,-3.147005763315239
-5.466089107252233,-3.144753383167698
-5.4657852423061435,-3.1425363326556286
-5.466142902467276,-3.140347022429439
-5.4665231466340245,-3.138178613061124
-5.466683126978382,-3.1364177467322034
-5.466675059789979,-3.1347750710803224
-5.466835952352584,-3.1333107983962645
-5.466869502890904,-3.1316748962727643
-5.466714871027512,-3.1301713399657203
-5.466805193629786,-3.1289573379538305
-5.466782946328748,-3.1276527433936496
-5.466864361606455,-3.1262753411423647
-5.4667776833728565,-3.12473110058701
-5.466764838264468,-3.1232276114656927
-5.466667008670301,-3.12178397518512
-5.466288010380557,-3.1200991834752174
-5.4662513878243555,-3.118746765247717
-5.4664397286837,-3.1172361504688118
-5.4665190655335385,-3.115593073005533
-5.466613868451409,-3.113961101077549
-5.466702282906892,-3.112333681017695
-5.46727837937306,-3.1097715037386955
-5.467926674854964,-3.10726988068157
-5.4689658649776485,-3.1044932128310925
-5.469846964356855,-3.101537897521669
-5.47075259051928,-3.09860523372019
-5.471438062933718,-3.0955263428926725
-5.47196184155952,-3.0926126955927775
-5.472843204868296,-3.0900272287124193
-5.473909875747901,-3.0873212681176616
-5.47523821172117,-3.0848873364615543
-5.476321276844907,-3.081829844765125
-5.477301140702565,-3.078793750239063
-5.478066455972855,-3.0756796259028447
-5.478880236828428,-3.07259514829101
-5.479802172829675,-3.069745082256443
-5.48092338933528,-3.0671207286800914
-5.48155419394623,-3.0642531214185937
-5.4823209855373936,-3.061151884786558
-5.482646578923539,-3.0579215887504634
-5.48302723498379,-3.0547415758407355
-5.483450405406546,-3.051725423839818
-5.483587712010991,-3.048827086721116
-5.483642937064234,-3.0458535012924695
-5.484201797694367,-3.0425974585471867
-5.484374532587212,-3.039354672737278
-5.483992345129442,-3.0356039203434784
-5.483273372346554,-3.0322959091739845
-5.482450547139707,-3.0288699949079096
-5.48154518067488,-3.0257152876293065
-5.480842798636942,-3.0225902137374736
-5.480338427360414,-3.019690229127785
-5.4792110103416185,-3.016856988820899
-5.477640024494337,-3.013890577074192
-5.47592406572286,-3.0107594972226464
-5.474114452364848,-3.0076138012447062
-5.47212968681815,-3.0044960594129435
-5.470427545290815,-3.00169973937917
-5.468638744038529,-2.999061726295815
-5.466763246709025,-2.9963307205091025
-5.464507465577183,-2.993640897472456
-5.4621532806942446,-2.990870904863019
-5.459937858803918,-2.988352965165746
-5.457963964688082,-2.9858173961373384
-5.456382197445914,-2.98345885347746
-5.454641827588439,-2.9813845647226844
-5.452859942635717,-2.979263090555766
-5.4509744742150446,-2.9772157340523995
-5.449053616723699,-2.975136080845898
-5.447300983861239,-2.9732476845326294
-5.445592372166858,-2.9713287936997785
-5.443495371735659,-2.9704118419535264
-5.441784925996586,-2.9698810968279763
-5.439993427187072,-2.969408119143676
-5.438153915332495,-2.968889886556342
-5.4364175739766205,-2.968470518661447
-5.434914576814124,-2.9678858308935196
-5.433699890723849,-2.967571004835147
-5.432576823512878,-2.9673765482305314
-5.4313501544484,-2.967255767246822
-5.429954431498959,-2.9669471330646338
-5.428673573878064,-2.966728971175288
-5.427559731979385,-2.966392394746951
-5.426742968019408,-2.966355140613732
-5.425967657589367,-2.9663904108098103
-5.425187562307888,-2.966429148824739
-5.424495316855441,-2.966545397963831
-5.423947329678855,-2.9669288235091766
-5.4230951408468995,-2.967353870016706
-5.422509277126718,-2.968031600935706
-5.421867750911564,-2.968658222593698
-5.4214401868836415,-2.9694121346594247
-5.421116891764837,-2.9701759942422763
-5.421051271325188,-2.9711755360662186
-5.42060193676948,-2.97259067020521
-5.420268102801213,-2.974183611820199
-5.420097065167364,-2.9759253464102837
-5.420066635626505,-2.9776984356489207
-5.420255965410212,-2.9795052929672026
-5.42035266987602,-2.981227402309527
-5.420155207178853,-2.9831579689530545
-5.419945861712536,-2.985074727349238
-5.420078532163867,-2.9873044156401476
-5.420570257472106,-2.9892791664165164
-5.42134410145708,-2.9915738093324133
-5.422093418054047,-2.9938457743107265
-5.422794274864006,-2.996151717617136
-5.423419632538465,-2.9983718257500835
-5.424208536500828,-3.0007415646983886
-5.4251923269129545,-3.0032259324963357
-5.42669295856038,-3.005826641743129
-5.4280216425828645,-3.0088909368307397
-5.429219800170568,-3.011710867633499
-5.430392334296886,-3.0146335925056897
-5.431279261403478,-3.0172324270184068
-5.432874388994115,-3.0200526486105677
-5.434359653774489,-3.022874258630055
-5.436208847451085,-3.025747721998992
-5.438057546654933,-3.0286207282865476
-5.4398412456564555,-3.0312590906846295
-5.441828875484463,-3.0338632982997114
-5.443560009755508,-3.036232361912154
-5.44506036851649,-3.0385458213136194
-5.4467266374595695,-3.0409187158191995
-5.4487149928811665,-3.043586941259073
-5.450867137269813,-3.0461008769845312
-5.452924441628975,-3.0485810798433155
-5.45460785007293,-3.050718455696343
-5.456161185393043,-3.0526445892080165
-5.457717113170008,-3.054446867915201
-5.459510770616146,-3.0564671693491716
-5.461569753872202,-3.0584203009562616
-5.463613826020671,-3.0605516792362
-5.465555297486049,-3.062433421247711
-5.467185033112679,-3.063961866306993
-5.4685288722146135,-3.065963707782681
-5.469787258823803,-3.0678634667488893
-5.471126552523183,-3.069722958231335
-5.4726501234841045,-3.07162577187383
-5.47399551151799,-3.0733567168828833
-5.475085556572112,-3.0752846731819927
-5.475823670775781,-3.0768685731338388
-5.476347773103545,-3.078473685137096
-5.476627133315473,-3.079854413747293
-5.476758915461112,-3.0814495087591296
-5.476816773154592,-3.082935585246908
-5.476746359570731,-3.084254624859295
-5.476668141749422,-3.085448904318028
-5.47626035774908,-3.0865307617798527
-5.475477996287033,-3.0871964287063296
-5.474880655360856,-3.08773176540556
-5.474206232365331,-3.0882076289071434
-5.473387215438127,-3.088544190101337
-5.472164552342312,-3.0891650927632424
-5.470715337344577,-3.089681442527058
-5.468863398425238,-3.089828340032677
-5.46710464040107,-3.0897795999816253
-5.465198163241043,-3.0899316906316745
-5.462927199749701,-3.089749310996437
-5.460816325122781,-3.089835405483017
-5.458136526520957,-3.089956701867228
-5.455565956523855,-3.089572671584667
-5.453057697789088,-3.0892375335658797
-5.450391829966632,-3.0890135203031104
-5.447707738666634,-3.088781221988418
-5.445041097429189,-3.0886088307572273
-5.442332529325589,-3.0884661271584672
-5.4395919015719665,-3.088258253827089
-5.43677574260089,-3.087966586336996
-5.434032540128172,-3.0876235082106014
-5.431136104690937,-3.087126949238174
-5.428387937414125,-3.0867818551510844
-5.425844725394638,-3.086292172198156
-5.423351962998805,-3.085828617311138
-5.420561353890894,-3.0850873754645156
-5.417682275714417,-3.0844086071039953
-5.414857666493321,-3.0837953947325487
-5.412131892662475,-3.0833102719560994
-5.409544457153124,-3.0827274762183903
-5.407176328891678,-3.082392162148331
-5.404647506062143,-3.0819090182441293
-5.40195510850206,-3.081541520458584
-5.399069467197097,-3.080955900827912
-5.396409082852893,-3.0807331466759065
-5.394302209196839,-3.0804061547915174
-5.3926125303251,-3.079627257333202
-5.390970301324072,-3.0789158087190955
-5.3895275105185085,-3.078003014936552
-5.387810900266486,-3.0769462820159674
-5.38649674501411,-3.076310201502474
-5.385757274858665,-3.0752677920285967
-5.385402796862463,-3.07460708611783
-5.385243366118687,-3.074003117371939
-5.3852225987899125,-3.0731779257145195
-5.385284538894629,-3.072066090139183
-5.385663884369122,-3.07124615092027
-5.3864714500603235,-3.070547021376011
-5.387392458254014,-3.0700913426163066
-5.388961153215113,-3.0702312965461642
-5.3914061554085935,-3.0703726457891083
-5.393903956017006,-3.070548206802801
-5.396589886415559,-3.0707547857355593
-5.399380906598413,-3.0710643653030707
-5.402643868130059,-3.0710405907264064
-5.405963256204341,-3.0709282173839
-5.4105094116569115,-3.0713356303595454
-5.415130857362174,-3.071827100168416
-5.4201368109934025,-3.07204772482022
-5.425342114423035,-3.0724504872546423
-5.430054536875526,-3.0722947351947583
-5.435345252467153,-3.071731648612213
-5.440707312660723,-3.071232244320766
-5.446209362382819,-3.070889009699847
-5.451865674004929,-3.0704380741345267
-5.457616580498675,-3.0700720379099056
-5.4629759244639535,-3.069260117143861
-5.468151812321335,-3.0685787358062564
-5.472874908482032,-3.0674957319857343
-5.477566198254242,-3.066560595748482
-5.481937782410203,-3.065557273220846
-5.486327480783521,-3.064568940818568
-5.490240667551763,-3.0637840492309683
-5.494034741986924,-3.0630342723401895
-5.497331226062853,-3.0618274329675033
-5.501062146232914,-3.0600291243329902
-5.5045852413482494,-3.0583774652570543
-5.50793519947638,-3.056523588211856
-5.511118844432406,-3.0544791425412807
-5.513805371271209,-3.052785078386515
-5.516203336530937,-3.0507620534124236
-5.5183171118287495,-3.048478145524056
-5.519960438614331,-3.046519477353795
-5.5212267864383335,-3.0442381375116905
-5.522027401706768,-3.0414927689563207
-5.522109711309022,-3.0392535665656344
-5.522049563173037,-3.0368701590956477
-5.522075786894873,-3.0345989496874117
-5.521437306523243,-3.0327964234409586
-5.520701438165846,-3.0309460126568415
-5.519601814200459,-3.0287379838318764
-5.517988424616607,-3.026892576135489
-5.5161703908193305,-3.024818817274557
-5.514435925551874,-3.022849156923309
-5.512241138095368,-3.0212046811791335
-5.510178067855791,-3.0197016677988175
-5.507722334718983,-3.0178008951509
-5.505021251746938,-3.0160738165484537
-5.502459495211568,-3.0136828300262115
-5.499323860318946,-3.0107672194138684
-5.495685042639397,-3.0082780645710328
-5.491854319549866,-3.0058541490572197
-5.48824550503959,-3.003774276406048
-5.4844906802390065,-3.0015443240088486
-5.480319365604165,-2.9996100046455525
-5.476073356426192,-2.9976074814715443
-5.4710929083227,-2.9955456525598794
-5.465984866476844,-2.9935696003230325
-5.4608268650532805,-2.991867897494947
-5.455266218078401,-2.990359951429993
-5.450008768717986,-2.989194840235923
-5.444716577663122,-2.98833330049903
-5.439463693870433,-2.987566685146859
-5.434335200473022,-2.9869393041796797
-5.429105418959592,-2.9863496451794505
-5.4236334747469614,-2.9858778026187807
-5.418365183341313,-2.9856345831352047
-5.413539978220166,-2.985314921652808
-5.408898345114958,-2.9853654323054633
-5.404752155638758,-2.985789918165035
-5.400609277031292,-2.986250426159486
-5.396293901091587,-2.9869592485412526
-5.392139771061267,-2.9877380711128976
-5.388084975616563,-2.9886271312940007
-5.384480806933354,-2.9899275151530333
-5.380344088949183,-2.99191930281611
-5.376653132569912,-2.99420923581191
-5.3732751479959315,-2.9968215698053506
-5.370124616275606,-2.999566654690347
-5.367483579223187,-3.0022961762755336
-5.364837915866388,-3.0053205933850475
-5.362631551590113,-3.008791374402671
-5.360955203724048,-3.0118913160040823
-5.360227595366941,-3.015861205126666
-5.3598611566060566,-3.0202373802439384
-5.359941502696377,-3.0242951455937486
-5.360139067630419,-3.028459406130192
-5.360167195247865,-3.0324312791772825
-5.360959882073063,-3.035859885755327
-5.362344751206527,-3.0398323889582364
-5.363999482669245,-3.044108807544348
-5.366068666211071,-3.0480903653019946
-5.368411724907068,-3.052323420915075
-5.3703992131772855,-3.056155238135133
-5.37268794782945,-3.059773075237345
-5.374109985048023,-3.0645721320523944
-5.375794848651599,-3.069659717167771
-5.37765083449908,-3.0746259589267932
-5.379280919817741,-3.0801096745361587
-5.3810195258949545,-3.0857345551607467
-5.382889102665875,-3.0915070944079375
-5.384715414749068,-3.0969920869872523
-5.386465367162816,-3.1020798666601044
-5.388226321153235,-3.107180067399265
-5.390295811377091,-3.1123151371546594
-5.39230501873804,-3.117618815986678
-5.39432830914383,-3.122938426296495
-5.3966159580856425,-3.128299056004461
-5.398840327347998,-3.1334696427035786
-5.401495321463362,-3.1384950901859687
-5.404079265137459,-3.1434521318249558
-5.406503167905033,-3.1482467690872844
-5.40893222387955,-3.152979638851613
-5.411263051244794,-3.157577406925389
-5.413618463314105,-3.1621941234327626
-5.416242247286129,-3.1667307811554264
-5.4186813110891645,-3.171094284949498
-5.4205298282207774,-3.175982817881403
-5.42249313472721,-3.1804710081055227
-5.424102641948411,-3.184554505247303
-5.425861184202388,-3.1890990923046405
-5.427841002906775,-3.1934411787247177
-5.429895591147773,-3.1972369386590627
-5.432102695561623,-3.2007983342454587
-5.434032174346446,-3.2041038537177817
-5.436094793078915,-3.2073436769771213
-5.437721308240008,-3.2102844000020223
-5.4392413081197475,-3.213127159068882
-5.440568480683981,-3.2158364447925125
-5.441698815878407,-3.2183427836004435
-5.44264726246481,-3.2204095246220312
-5.4432789823891214,-3.2221208408786968
-5.4439011174073455,-3.223839511787473
-5.444106568869173,-3.2251737825512943
-5.444055347113274,-3.226220148117211
-5.443971846502177,-3.2272894215665335
-5.443656409654366,-3.2281169557847393
-5.443586432609717,-3.2288094654067647
-5.443079463802954,-3.2298888976772577
-5.442087546741985,-3.2305235203481324
-5.440892068442783,-3.2310130602867777
-5.439260452699129,-3.231409545456618
-5.4374385349541265,-3.231630792385024
-5.43601576149148,-3.2319946691102
-5.434588147794521,-3.23246420846415
-5.433675714398254,-3.2314147674839075
-5.432690896069395,-3.23025848087954
-5.431336277452607,-3.2289165274476117
-5.429853324793475,-3.2274806292208207
-5.4285429279147746,-3.2259234679187196
-5.427031146254476,-3.2241403626489937
-5.425784379707621,-3.2223053943888
-5.424159972692248,-3.2204151781179378
-5.422671268663954,-3.218542447985778
-5.4208411104325,-3.216354196556616
-5.419008699990054,-3.2139108031821984
-5.417431633727227,-3.2112289318240417
-5.415774432685124,-3.208472779678878
-5.413910052628391,-3.205609871944758
-5.4120354462713625,-3.2025951020746417
-5.40994301089229,-3.1993788579830063
-5.407853989696088,-3.1957238986882475
-5.40602830175703,-3.1919415495348846
-5.404061656254822,-3.188028567399421
-5.401935742285307,-3.183940891557173
-5.399804669098235,-3.1797468781285643
-5.3976642520903555,-3.1755436872598546
-5.39567152043976,-3.170339614508276
-5.393656264838163,-3.16547283608828
-5.391335470101407,-3.160323517879912
-5.389077279164647,-3.1549173481746657
-5.386811775166834,-3.149563531654765
-5.3846830594664725,-3.1443693599700784
-5.382112444540592,-3.1390865437091313
-5.379595224245839,-3.134054898937083
-5.376744057408843,-3.1287170788716505
-5.374032988642672,-3.1232791577056545
-5.371124246397152,-3.117624613479471
-5.368388637159736,-3.1121593225955335
-5.36558102627241,-3.1067435753151535
-5.363120682086785,-3.1016517678206403
-5.360598427711318,-3.096523821559087
-5.358192316636484,-3.091312554841176
-5.3557563260179455,-3.0860794971590098
-5.354009633799313,-3.080006795583805
-5.352061957167772,-3.0739137133688783
-5.3502952223981355,-3.068039816919636
-5.348161444347797,-3.062166556331562
-5.346184406123528,-3.05618829029567
-5.344532886156112,-3.0502497187895052
-5.342865726865583,-3.0442095657697505
-5.341179702138157,-3.0381972496439857
-5.339645393063555,-3.031969920711218
-5.337650953518537,-3.02553218883056
-5.335715640142662,-3.0191366391739773
-5.334207137490269,-3.0129502921909825
-5.332633728067524,-3.00672346278196
-5.331096780663162,-3.000581003431497
-5.329887788062667,-2.9942668838099276
-5.328261777559678,-2.987752731550744
-5.3264662055717205,-2.9810889603160295
-5.324751714843383,-2.974552572288855
-5.323112059276503,-2.9681001519725627
-5.321406106322706,-2.961706882638749
-5.319692925182609,-2.9549480105500043
-5.317852898328479,-2.9481019654449727
-5.315600734467235,-2.9413202959955376
-5.3131807891925025,-2.934558204631282
-5.311696945653303,-2.926794225454647
-5.310141093089242,-2.9190895041146816
-5.308781322671605,-2.9115477739057147
-5.307434639267552,-2.90443270883256
-5.305552745869402,-2.897204780874705
-5.3035693874000005,-2.8898580728980066
-5.301835284165681,-2.882624392651371
-5.299983662218996,-2.8753673854820025
-5.298346425404196,-2.8682499114177116
-5.296606735657815,-2.861016158843568
-5.294801400498994,-2.8536526316469377
-5.293598024871536,-2.8462940741386404
-5.2920392341071025,-2.838531784979565
-5.2901494065511026,-2.8304061188195266
-5.28834310744121,-2.8222723698718015
-5.286260107986161,-2.813823795709758
-5.284094140067154,-2.805161139269196
-5.282133375105299,-2.796654193686575
-5.27971714143296,-2.7884734763209997
-5.276870667549508,-2.7799368327304532
-5.273899733311456,-2.7712637830208897
-5.271187377610839,-2.761863229639742
-5.267988667399044,-2.7520142575819917
-5.26510117980886,-2.742482308495769
-5.2614939992797805,-2.733470885298758
-5.25746997913956,-2.7240730285024584
-5.252949581003778,-2.7157278071213335
-5.248099709618168,-2.7077841964034155
-5.242898602610573,-2.699496877926598
-5.237871768487403,-2.691408470467724
-5.232702657027177,-2.6833395646531475
-5.227462175677622,-2.675463414432689
-5.222320462963531,-2.667700174219699
-5.217125550832962,-2.660368226999253
-5.211584790411846,-2.653076305088508
-5.206300686425306,-2.646077169249043
-5.201100259657597,-2.638830643265411
-5.195888396963517,-2.631757100456436
-5.190949838158439,-2.6249954339969923
-5.186273679460484,-2.618387097584838
-5.18157288144341,-2.6122293024557948
-5.1770328308254845,-2.6062550088910865
-5.172878468230792,-2.6003307515051812
-5.168678403934386,-2.594609495075186
-5.1646206259945755,-2.589050740548436
-5.161125844214516,-2.5826760669574567
-5.158105806130822,-2.5766445461230956
-5.155584649571656,-2.5710356548953817
-5.153359069291729,-2.565446530217539
-5.151237878505258,-2.5597791826268717
-5.148351835963736,-2.555286251280133
-5.145718403325073,-2.5506019332127416
-5.143129948006208,-2.5459692622112997
-5.140701687266369,-2.5415256922043326
-5.138616521567172,-2.5373259438246256
-5.136642771804062,-2.5332536837913158
-5.134836264224069,-2.529482756037976
-5.133340417733583,-2.52559308638446
-5.131925167780609,-2.521860334032615
-5.130914064458316,-2.5185905399635278
-5.13011121688525,-2.5153448372915572
-5.128910096484687,-2.5122657365311825
-5.12839791365953,-2.509883791216503
-5.1284428870351935,-2.507691603975013
-5.128542412187884,-2.505657621469263
-5.129154115622893,-2.504206199346888
-5.1301403490826285,-2.5027516616280834
-5.131068854085454,-2.5012316605176723
-5.13271066786337,-2.4989852921698574
-5.134939047549769,-2.4972722153499713
-5.137178928809479,-2.495738572154954
-5.139379745889686,-2.4950210069119323
-5.142037466295199,-2.4947183120042755
-5.1446742496005315,-2.4941596933739576
-5.147847172989134,-2.4932598198694835
-5.151178210566235,-2.492503327921572
-5.154148470137723,-2.491765302768917
-5.157720933378733,-2.490917040739445
-5.161748027586499,-2.490480891947246
-5.16562228018477,-2.490098051071113
-5.169793337291495,-2.4898855168547898
-5.173660298427617,-2.4893971698773902
-5.177497119135887,-2.4891332036926834
-5.181748521576659,-2.4887675910958555
-5.186346553562484,-2.4887463050683687
-5.191217493413804,-2.48879290983796
-5.196028917284259,-2.489141800783391
-5.200759686400633,-2.4892012913130253
-5.205190053114727,-2.489111521965849
-5.209437089707741,-2.4889097253693095
-5.213693022192046,-2.4882727221055396
-5.218330296973016,-2.488007876182511
-5.222946716588869,-2.488064547187182
-5.227582153167509,-2.487940278093984
-5.232029994976553,-2.487636855173943
-5.235759993415763,-2.4879642544595306
-5.239709243460165,-2.4881316167396714
-5.243658621884162,-2.4883331529236417
-5.247465766818908,-2.4886912209702956
-5.251683221716766,-2.488753701714707
-5.255969699688972,-2.4888782315562747
-5.259820152266301,-2.48898498497095
-5.264020908716657,-2.4888989159160677
-5.267931308437992,-2.4885501024229124
-5.2716884240998905,-2.488103047436073
-5.2759774817269465,-2.487284069321371
-5.280198887716808,-2.4864033594436017
-5.284131915578562,-2.485658503087646
-5.288282208650271,-2.4845408432281797
-5.292407784566837,-2.4834001200383624
-5.2962286620679855,-2.482097914518966
-5.30061063389959,-2.4805119969750553
-5.304816749930871,-2.4782729311106446
-5.309008834508347,-2.4763373288374884
-5.313106595090269,-2.4742916950856317
-5.31750049025183,-2.4720078155548046
-5.321842884782393,-2.469955268565738
-5.326078507008804,-2.46777793571478
-5.3303841285593565,-2.465756338099782
-5.334696660063865,-2.463739533805146
-5.339106638520177,-2.461665869937227
-5.343486961072788,-2.4593408204478187
-5.348024576277628,-2.4571555973312975
-5.352235451126577,-2.4548251551000826
-5.356452980913926,-2.452438308544037
-5.360801051226682,-2.4501882081671176
-5.365446331556979,-2.447721618154298
-5.369951507239826,-2.4450898298364203
-5.374574372589076,-2.4425615593539365
-5.378966353932388,-2.4402019466761713
-5.383347760551813,-2.437827616552966
-5.387985774310347,-2.435681612436899
-5.392556756845017,-2.4333147434208926
-5.397263392595718,-2.4311361912854927
-5.401593555969371,-2.4285825707879414
-5.4052522053503305,-2.4263233270644866
-5.409782021607789,-2.422461847325448
-5.4144440038659845,-2.418974832519261
-5.419414078799571,-2.415586324186401
-5.424345434558046,-2.4124725704541534
-5.429412608198311,-2.4100354613740333
-5.434141254801992,-2.4072945326790935
-5.438485252834571,-2.404527558753806
-5.442895595264163,-2.402070034607894
-5.447663604874748,-2.3999321946423646
-5.452358633743883,-2.398133732026027
-5.456904231322791,-2.397114809272588
-5.461334427113037,-2.395992853739778
-5.465760987427533,-2.394821046906926
-5.469729742305959,-2.3938976816594537
-5.473670183474411,-2.3929492688390916
-5.477621777415512,-2.3923297230036042
-5.481414149116181,-2.39213271187944
-5.485713681338506,-2.392389204669025
-5.490374559850653,-2.3925929152788505
-5.494504211018792,-2.3931795228328694
-5.498382891640277,-2.393542423448321
-5.502303441385425,-2.393949404256663
-5.505858530392311,-2.394563689309615
-5.510335032415217,-2.3939208938938514
-5.515535040876798,-2.3936790794262817
-5.520213638512533,-2.3937755178867155
-5.52491287596736,-2.39412140694278
-5.529284488395248,-2.394135033260668
-5.533735838026915,-2.3940719386295535
-5.538068575435274,-2.394439965852005
-5.542184814752499,-2.3945709489660656
-5.546795666697823,-2.395221538456573
-5.5512466822103335,-2.3963853465548017
-5.5554506750134305,-2.397727154493154
-5.5595004652411495,-2.3989302593080897
-5.563394391354741,-2.400169822797086
-5.567172063080998,-2.401243584540548
-5.571322160505886,-2.4027073447534306
-5.575583295326389,-2.404365893648216
-5.579766517800202,-2.4062181786251453
-5.5837741298974,-2.408018308767149
-5.587792023845607,-2.4098316793430725
-5.591627437529279,-2.411437810898484
-5.595712697186675,-2.4126899086259255
-5.599630837114465,-2.413682825147522
-5.603683333450185,-2.414844868164382
-5.607613020104908,-2.416094280071234
-5.611464381362719,-2.4172014305845417
-5.6156330840105255,-2.4186367988872925
-5.620034355185117,-2.419902202153962
-5.623196258677017,-2.422382096423723
-5.626289933655941,-2.4247818547609525
-5.629125140225876,-2.426992987923678
-5.632251804861421,-2.42918935261789
-5.635191902867147,-2.431166049841962
-5.6379056787341195,-2.4334119759033648
-5.640788312245106,-2.435447433597267
-5.643468634334485,-2.4372445598137253
-5.645859685364689,-2.438917050691244
-5.648545827649819,-2.440490783432298
-5.651099899877729,-2.4419090209391405
-5.653393845598071,-2.44332072212363
-5.655853850007188,-2.4449192390959555
-5.658324534796088,-2.4465306103345363
-5.6607893212240326,-2.4480185307101867
-5.663325558565989,-2.44930258956734
-5.665841132007764,-2.450562582599216
-5.668095618960228,-2.451362631967437
-5.669788115198262,-2.4532005571292705
-5.671521115556943,-2.45501229705751
-5.673226639939281,-2.456774878877172
-5.674961527261546,-2.4585683202127377
-5.6768903671280455,-2.460278784062743
-5.67794184467362,-2.463268506365936
-5.678565667840265,-2.466178416288035
-5.6791895380085045,-2.4691276373721176
-5.67946538643731,-2.47199114448971
-5.680010751192423,-2.4751358541427972
-5.680729014531729,-2.4781558311854734
-5.681325835918757,-2.481057412674442
-5.681968964555691,-2.4840451208670484
-5.682429280520181,-2.4868072181966174
-5.682532534592477,-2.4891481074056094
-5.682970296989591,-2.491391730188172
-5.683564232710755,-2.4937569914738495
-5.684277574175198,-2.496263034987138
-5.684855913701927,-2.498711482024247
-5.685229778044662,-2.501028509338232
-5.685320343086666,-2.5030115724148225
-5.685544427199927,-2.504829560187384
-5.6858044805960315,-2.506798629912159
-5.685989655761816,-2.5086794868818934
-5.6859148839202645,-2.5109191356624296
-5.685797734196622,-2.5131211171014542
-5.685708749118844,-2.5153207744845156
-5.685217027646381,-2.517046184569103
-5.6844256613959665,-2.51820389935483
-5.683088761432949,-2.5194673715973672
-5.681583632637797,-2.5205328718962474
-5.67997396579148,-2.521460044922866
-5.678602723622402,-2.522597305198496
-5.676910323393252,-2.523815400683977
-5.6747852596210455,-2.524606435884783
-5.6723961677829555,-2.525121673029614
-5.669710614111219,-2.5254414086451766
-5.667154004364218,-2.5254280034378205
-5.664633223665436,-2.525476051525968
-5.661974040323786,-2.525371845336335
-5.659391029934272,-2.5252127241635227
-5.656811162912993,-2.525090229927805
-5.654171762848614,-2.524602116929757
-5.6515394539523225,-2.523858508079253
-5.648815199357371,-2.523522764303575
-5.646126849550852,-2.5234460184686136
-5.643276709938587,-2.5233433710132775
-5.640619969161692,-2.523057466324337
-5.638022457612127,-2.5227856775451496
-5.635362321759746,-2.5227084515901486
-5.63296473731112,-2.521806235980257
-5.630832865715044,-2.521204172830368
-5.628834040859527,-2.52075842040217
-5.626851357989958,-2.520248522321429
-5.624779481558264,-2.5199235085963463
-5.622742859680818,-2.5196399655407125
-5.62055850434144,-2.519310274963618
-5.618773693360297,-2.519304289421441
-5.617352077562193,-2.5197245353645457
-5.615606635025591,-2.520173956498975
-5.613641248840368,-2.5208509802589347
-5.611691318308409,-2.521546073743914
-5.609718304686557,-2.5223348671994916
-5.607987862416882,-2.5234032223592404
-5.606724651495295,-2.5250192620834837
-5.605051294515347,-2.5267870475391643
-5.603281672564804,-2.5286869566635426
-5.601624204761834,-2.530664539514392
-5.6001198826706124,-2.5327947583163155
-5.598524187691372,-2.534990752780647
-5.59690689820941,-2.5372058684404792
-5.595552143880834,-2.539716176267243
-5.5939940400360175,-2.5423727978843678
-5.592700439957442,-2.5452742015661407
-5.591699522523449,-2.5479053983767064
-5.590702679421776,-2.5507723504046522
-5.589770879412378,-2.5538270654344877
-5.589013884092846,-2.557202419289833
-5.588877670442635,-2.56117022466754
-5.58931763586905,-2.5650615359453286
-5.589529497258507,-2.5691420750652663
-5.590090798416554,-2.573263354441556
-5.590765506032169,-2.577488323361748
-5.591707273446427,-2.581520616828151
-5.593270678924837,-2.586154689996679
-5.594966443145597,-2.5909456936605157
-5.596704725058785,-2.5957054163114712
-5.598461449297612,-2.600422048259174
-5.600596688749155,-2.6054486422463996
-5.60262801315648,-2.6110229780677026
-5.604714771071367,-2.6165572976642495
-5.60691120043235,-2.6222075806135656
-5.608879621504048,-2.6279045082023518
-5.610795949718514,-2.633887420912584
-5.612532057347483,-2.6391941016758613
-5.614384597776734,-2.6443893806671532
-5.616255159794522,-2.6497131565261065
-5.61826981132416,-2.6555854715637346
-5.620073929708105,-2.6612680958897803
-5.621726548569172,-2.6669094553758588
-5.623374868581115,-2.672451976495034
-5.624340155416844,-2.677767660292952
-5.625391178540869,-2.683182424985344
-5.62634475002145,-2.6886656321380733
-5.627415509999657,-2.6942533042628742
-5.628504143550793,-2.6998609481764397
-5.62943738998185,-2.705578282602615
-5.629838672118614,-2.7108159644412804
-5.6299079566283865,-2.7156663594425003
-5.63013775644165,-2.720401256798755
-5.6304004007299975,-2.7251648523824685
-5.63063077870818,-2.72989009680311
-5.629996658888712,-2.7359369963797042
-5.628840903222507,-2.741902254531699
-5.62731665204981,-2.7474528517259964
-5.626014166990308,-2.7526601201498857
-5.624532510358959,-2.7579302946023048
-5.622891653453898,-2.7630937971937746
-5.621028267313696,-2.768308748959368
-5.619182607486156,-2.7733139732763403
-5.617561737011839,-2.778521417497638
-5.6155698197313635,-2.783583637764774
-5.613944345990564,-2.7885527283780234
-5.611842422135797,-2.7930911190801693
-5.609895374946941,-2.7974087565808494
-5.6079860288476455,-2.8015012709230174
-5.60601129952446,-2.805492219568211
-5.603989077457449,-2.809516870908919
-5.601865341316562,-2.8134240228754765
-5.59953044360535,-2.8171401142669006
-5.597554270431083,-2.8206012015652244
-5.595446355267623,-2.82391012388727
-5.593168423952661,-2.827065244295248
-5.590738802854309,-2.83020330294991
-5.588398228527809,-2.8333810446305443
-5.5852256877226205,-2.837805182756891
-5.582161362440276,-2.8422848649870964
-5.579121388534821,-2.847013468579471
-5.575518907509063,-2.8512330229908343
-5.572081680563257,-2.8549657549099687
-5.5686898388345005,-2.8586663154673873
-5.565154571444443,-2.86219204740238
-5.561823064071386,-2.8659352034847134
-5.5586205830074285,-2.86958683934557
-5.555353754925565,-2.8732004020383553
-5.551771233482945,-2.8764804977576883
-5.548437084961632,-2.8795843294956085
-5.544709301720241,-2.882272528148358
-5.541013660274182,-2.8849953739919405
-5.537342126478231,-2.887701116466463
-5.533763747170025,-2.890504957642168
-5.530348412992604,-2.8930195229295874
-5.526825005588776,-2.8953611780841815
-5.523010471974969,-2.8973605167144414
-5.519021429833022,-2.899205950025049
-5.514836766041867,-2.9010894624925503
-5.510766572860454,-2.902727466385496
-5.50672954539336,-2.904589748179112
-5.502106303765832,-2.9075389920700507
-5.497425693757903,-2.91035727058687
-5.492571454782559,-2.913018938529671
-5.487739131238467,-2.9155624335156265
-5.483866933629154,-2.916742295150229
-5.480061749652429,-2.9175945318689345
-5.476145156795125,-2.9186128908660485
-5.472170343650744,-2.91956539906909
-5.468552800841514,-2.920416910238272
-5.464878787402279,-2.9212181047940335
-5.461501135360255,-2.922052417968149
-5.4580361688473555,-2.9228319287132596
-5.4543425380493895,-2.9236713904116103
-5.450665467818954,-2.924249126432775
-5.44696692266269,-2.9247872384506617
-5.443551143137627,-2.925518301130046
-5.440046432533186,-2.926542971498456
-5.436539591252831,-2.9274223434044733
-5.432844214751235,-2.9280991328380477
-5.429321218314144,-2.9286530617220725
-5.425733691064931,-2.9291409495791725
-5.422242187427043,-2.9297383878920558
-5.418762864186535,-2.930326882597114
-5.41545552219857,-2.9315890772121946
-5.412303334826221,-2.9330139184394723
-5.4092731323457075,-2.934477227689386
-5.405921556140817,-2.9356473612515046
-5.403536568159951,-2.9357011175516114
-5.401249541545181,-2.9355523188605877
-5.399323207150801,-2.9355422065992753
-5.397782371974703,-2.935925501015717
-5.396269712006446,-2.9364627571479036
-5.394653438704796,-2.93705941781728
-5.392924273622045,-2.937537179681877
-5.391265346280499,-2.9377178762658245
-5.389713186166602,-2.9379082719500156
-5.38837419471597,-2.938308742387429
-5.387491417686473,-2.938750262358251
-5.386519182782404,-2.9393668684791905
-5.385825150064675,-2.9400277672343593
-5.38518828521767,-2.940753752837826
-5.384490781464513,-2.941347329384997
-5.384095477858903,-2.9416614604068863
-5.383803651740878,-2.942093131400993
-5.383752576841227,-2.9427890179773657
-5.384263932315286,-2.9435257870521525
-5.384787936157555,-2.944276935050755
-5.385414629537371,-2.9448931893889934
-5.386407078607108,-2.9454143014908842
-5.3873832148604315,-2.945696621971328
-5.388984661402066,-2.944937366654384
-5.390776077792293,-2.9442155725867107
-5.392688304464945,-2.9436091639055513
-5.394638927622733,-2.943164832952655
-5.39664179777,-2.942651208456771
-5.398867547289647,-2.9423522017004604
-5.401122982513568,-2.9418119107496805
-5.403590767769502,-2.9414138709877045
-5.405879607139024,-2.9408329829275606
-5.408316571722204,-2.9403529811785534
-5.410600617033329,-2.9399519261212443
-5.4129682165436455,-2.939626919175077
-5.4153740773629915,-2.9390038297437093
-5.417973324620962,-2.938587273725401
-5.420657596370344,-2.938282480220274
-5.423135525691193,-2.938124612320691
-5.42550081131706,-2.9378354663161534
-5.428334512820081,-2.9372900603510845
-5.431209328508841,-2.9367438954540757
-5.4338442801893825,-2.9360825209819783
-5.436543670629187,-2.9354874247638607
-5.438974393468887,-2.9349079512199716
-5.441443595387368,-2.9345751930440076
-5.443694224966729,-2.9335149920134347
-5.445831031749672,-2.932369330288211
-5.447692502074044,-2.9309468251804707
-5.449555580135445,-2.9296338815572778
-5.451182047514147,-2.9280509989506402
-5.45248580206882,-2.9264504583106326
-5.453348991681227,-2.9247662471855773
-5.4538146034662995,-2.9226285688832983
-5.454236088114631,-2.9203428457215597
-5.45474644455892,-2.9180081156319027
-5.455337602015668,-2.915765284705778
-5.455329477773772,-2.913308588317827
-5.4550474594281075,-2.9109604936447075
-5.454473595518105,-2.9082793247366747
-5.453718575393541,-2.9058606926434014
-5.453239620671847,-2.9029200456694815
-5.452410242354805,-2.9002288260236995
-5.4512597742022555,-2.8972270953700985
-5.450096362486087,-2.8941857621651037
-5.448397645801532,-2.891525676090642
-5.446711089346944,-2.888902668054124
-5.444848887588892,-2.8861410554701714
-5.442605382185433,-2.883761333778828
-5.440253208832256,-2.8812756934722
-5.437847460482573,-2.878720059940865
-5.4348958122855064,-2.8765540149187583
-5.431877784391421,-2.874358561132978
-5.42894379202793,-2.872246299338128
-5.425830018712972,-2.8702630234046826
-5.422798907820361,-2.868349598976086
-5.419675671922248,-2.8663575077715957
-5.416158363783189,-2.8646474631888017
-5.4124269376874725,-2.86273040970975
-5.408787221200192,-2.860886403679807
-5.405203090176999,-2.859003657459957
-5.401695277948895,-2.857209620456794
-5.39813172222815,-2.8553804634224664
-5.394511747136396,-2.85337669058082
-5.391023097307576,-2.851492413674725
-5.3874192826141325,-2.8496739766554064
-5.383706248761832,-2.8478414880052205
-5.379728577734575,-2.8457588854321245
-5.375825046991505,-2.843624335890345
-5.37174306091056,-2.841288695227009
-5.367501683506241,-2.8396572851428314
-5.363101980016098,-2.8383674624904036
-5.358907986807931,-2.837271626055185
-5.354512526992868,-2.8359836778344985
-5.350232458925056,-2.8346138594318164
-5.345680425801876,-2.8329716692729607
-5.341245577067369,-2.8314668734111903
-5.336501591018637,-2.830184533825116
-5.332086108855827,-2.829231335210619
-5.327817676594012,-2.8283037901106147
-5.323710732826508,-2.82748959249713
-5.319817923471541,-2.826884335600723
-5.316013528966227,-2.826041680584929
-5.312424926804772,-2.825443632473086
-5.309012029713425,-2.825020120171317
-5.305691338391265,-2.8248096395237794
-5.3023224473510275,-2.824616659034011
-5.299512797013303,-2.824971533538845
-5.296529764624793,-2.825737232399318
-5.293585147947605,-2.826587423477668
-5.290625535728171,-2.8273153486930127
-5.287134420709279,-2.8283284257228214
-5.284032858350145,-2.8293411473892953
-5.281113753580129,-2.8306163624658423
-5.278451357446442,-2.832182331303233
-5.276052449400707,-2.833678861723112
-5.273842156512551,-2.835202525274425
-5.271401697987296,-2.8364649237042228
-5.269018182866084,-2.837524687224295
-5.266650041272739,-2.8390644687314395
-5.264547959689976,-2.84086765763184
-5.262708157915726,-2.8424682129463017
-5.261078568539823,-2.8442452247306536
-5.2591685409342475,-2.84575882588696
-5.257328756192653,-2.8475123453269697
-5.255700457922374,-2.849483343963239
-5.254043468203454,-2.85143046454457
-5.252688011547429,-2.853122848155495
-5.251743847495894,-2.8550461780278305
-5.25026449570635,-2.857858174982912
-5.248755845140127,-2.8608352080186914
-5.247189016673221,-2.8636954674361634
-5.245389755238012,-2.8662929765527982
-5.244014646367966,-2.8685860706024426
-5.2429216158060505,-2.8711381431755987
-5.242182659238454,-2.873928758023182
-5.241530456477479,-2.8766571920381523
-5.240887154333403,-2.879368838636736
-5.240257206746114,-2.8819265740090545
-5.240017128894517,-2.8845147519740557
-5.239819213713038,-2.887141838881977
-5.240017220593393,-2.889746170599264
-5.240265364353034,-2.892259610551309
-5.240780708347342,-2.895018635373824
-5.241294224281729,-2.897668446498246
-5.242078538768282,-2.900318906389909
-5.242871187741274,-2.9029772415865396
-5.244096016955486,-2.9055104179260036
-5.245393475260918,-2.907901081610408
-5.2469933887946825,-2.9105697865099995
-5.248678191999828,-2.913403285120158
-5.249947652187969,-2.9166776955510674
-5.251366856920007,-2.92002028449789
-5.2527659576192445,-2.923344808601231
-5.2541671866857,-2.926672081900434
-5.255739147773421,-2.9295994906502583
-5.257580521509242,-2.9327105468372805
-5.259428481786781,-2.935829267095018
-5.261738170571784,-2.938329615510703
-5.26425143653894,-2.9410171707181285
-5.266666648643443,-2.943708751383465
-5.269395986609608,-2.94647868466709
-5.2720140262275885,-2.949146356669333
-5.2748485081213925,-2.951949633141945
-5.277590235099593,-2.954572124692744
-5.28023040100521,-2.957071706983152
-5.282828792165549,-2.95960203364562
-5.285621446816744,-2.9623513185720065
-5.288256415511473,-2.9649556775995607
-5.291023554682657,-2.9671049215855794
-5.293444387405951,-2.9688996621006027
-5.295909030966325,-2.9707361821970757
-5.298248059056913,-2.9726630693325906
-5.300736869146356,-2.974706077256848
-5.303009312002905,-2.976239006410581
-5.305054330517648,-2.9773289017801394
-5.307295390435087,-2.9782797835122916
-5.3093353452026575,-2.9790033781304515
-5.310907111480828,-2.979442760006634
-5.3130456339068735,-2.9790471550828155
-5.314860294833124,-2.97828554070379
-5.316662189284438,-2.9775753266352227
-5.31865185934875,-2.977029725026632
-5.320188605570387,-2.976615773097365
-5.321073327570464,-2.975602499987037
-5.321706265065075,-2.9745671654292893
-5.32204221125111,-2.9732600429101814
-5.322351355673324,-2.971928013464203
-5.322601544776961,-2.9707818759040183
-5.322753429924811,-2.969936526511268
-5.322305449678083,-2.9685401708317
-5.32171063389997,-2.966987777844971
-5.320874608123691,-2.9653113103785125
-5.319761974302285,-2.963380745341929
-5.318574498441653,-2.961613979699574
-5.317352574057739,-2.960115188026465
-5.31624587245282,-2.958722171727966
-5.315138870334113,-2.9571451797861537
-5.313800627072348,-2.9555328800992435
-5.312402215960397,-2.9530956287068153
-5.310587099034629,-2.950249932456987
-5.309055041515221,-2.946968382364195
-5.307585548152383,-2.943814443835093
-5.306183386019202,-2.9405089703416887
-5.304691223961015,-2.936779501029753
-5.302811185946766,-2.9332438492856694
-5.300825683362033,-2.9292161892817052
-5.29844119713345,-2.9247375327449863
-5.296317347537504,-2.9200724026682527
-5.294157261862959,-2.915373891357347
-5.2920060243901474,-2.9106852759051445
-5.289783413281508,-2.9060474192604473
-5.287321037110877,-2.901189560456096
-5.284415367588664,-2.8958302259982993
-5.2818003683091606,-2.8902621963936697
-5.279427129213602,-2.8849460827305595
-5.277043301834062,-2.879704347108499
-5.274629741108578,-2.874378244983072
-5.27245459979023,-2.8692703775164468
-5.270739329248385,-2.8634467815650604
-5.269059239711563,-2.857662861197863
-5.26757621740284,-2.8516790389408175
-5.266188755366546,-2.8455919652334445
-5.265018043087205,-2.839750210008366
-5.264227869966789,-2.8340119268897324
-5.26345931485206,-2.828503310271466
-5.262448868472522,-2.8230735404050984
-5.261755428989905,-2.8178293520254365
-5.261203455420909,-2.8127143470217275
-5.260561624436221,-2.8074708877553083
-5.260427399149914,-2.8023208012116303
-5.260598152381448,-2.797449246650983
-5.260793679684699,-2.7926524625935936
-5.261068629883111,-2.7879916624274044
-5.261575423270995,-2.7835424067861005
-5.262202496387797,-2.778964792710509
-5.263247563290635,-2.774575270789797
-5.264549485846023,-2.7704199259338598
-5.266256408769846,-2.7664696949927228
-5.267705682125213,-2.7624709511873013
-5.269688798717683,-2.7589590424931068
-5.271718360620176,-2.755489334138377
-5.273938652044693,-2.752181603761572
-5.277081320985372,-2.747957868395757
-5.280557839477773,-2.7438806063641583
-5.284054641274254,-2.7395418464410195
-5.287427702957424,-2.735085385132353
-5.29108284993006,-2.731048538090105
-5.294913416248021,-2.7270877017283657
-5.2986124737505955,-2.7238158827443892
-5.302659381555583,-2.7208604186900422
-5.306994191111802,-2.717669041458233
-5.311247214957896,-2.7144080439721097
-5.315688035284903,-2.7115325682312386
-5.3202284202657415,-2.7089515743521364
-5.324907401287983,-2.7065285802305152
-5.329797165353028,-2.7046926652007497
-5.3351345311241465,-2.7029519765688135
-5.3402227919267125,-2.701540725701687
-5.345310720303439,-2.7001289862209803
-5.350554609173494,-2.698656088035053
-5.3556046691322905,-2.69710894264411
-5.361106394770624,-2.6959714852875347
-5.367060115741831,-2.6950406597824417
-5.372771030870712,-2.6944546809559737
-5.378181893284591,-2.6935964151370997
-5.383613852153875,-2.6926550980677897
-5.389740009068809,-2.690689964762496
-5.395707941482248,-2.688538823413723
-5.401165969313564,-2.687162087215896
-5.406757288114683,-2.685946890033481
-5.412223088673445,-2.6850254709032924
-5.417803613273067,-2.6842081415334755
-5.42325148286957,-2.6832759386415237
-5.428489816694178,-2.6823847622776706
-5.433417007896919,-2.6812121570501373
-5.438066818642489,-2.680333763765449
-5.44279211779848,-2.679719536891071
-5.447635423770599,-2.6795205556805213
-5.452668294225064,-2.6795407749290425
-5.457037880906913,-2.6800374959305846
-5.461283192526075,-2.6804720537511044
-5.4653359725888775,-2.6809514064488753
-5.469604847332513,-2.681629088543771
-5.4738767210680725,-2.682492834554127
-5.478195318815238,-2.68341391414894
-5.482719803111201,-2.68391994035758
-5.48732624042142,-2.684539315132116
-5.491531818958275,-2.684730970126828
-5.4958081963160685,-2.68475700905923
-5.499916707908573,-2.6846157845363794
-5.504186874093935,-2.6846113650676795
-5.508690224699966,-2.6849333466170013
-5.512267911388269,-2.6864618016221717
-5.515513631062616,-2.687622090434671
-5.51860751554476,-2.6888957089835825
-5.521757545465269,-2.6901665889941677
-5.524689054828574,-2.69124061387785
-5.527717737560375,-2.692553037363765
-5.530587577505946,-2.693621249051397
-5.533621993490799,-2.694838289462453
-5.536409436790918,-2.69617908445871
-5.539291148923811,-2.697408262554183
-5.541943094857611,-2.698430467098221
-5.544453088993195,-2.699433419014361
-5.546981850737067,-2.700250237998463
-5.5495356439599535,-2.7010899444889147
-5.551953087569156,-2.702192406346761
-5.554297889391997,-2.7031981821756936
-5.556704599058509,-2.7042600393469662
-5.558842040971998,-2.705618218622775
-5.561130753843057,-2.7071519761133755
-5.5632419648657985,-2.708373155771811
-5.5654858731370815,-2.7099844190902114
-5.567926054164372,-2.71182344887408
-5.570392641784971,-2.7137817437802414
-5.5731112328261,-2.7160603099818945
-5.575271056040266,-2.7195551517277345
-5.577796489270894,-2.7231154044437695
-5.580477760434837,-2.726815969703965
-5.5835006063604995,-2.73090410581092
-5.586387650424768,-2.7348871769257865
-5.589712202787796,-2.73930079646782
-5.593171771834461,-2.743616776158012
-5.597073474193046,-2.7484451829693923
-5.601183663089357,-2.753461369057911
-5.605702920804805,-2.7581842961296723
-5.610304397652833,-2.763002626693651
-5.615215669208218,-2.7677939752966063
-5.620059007494788,-2.772471774133157
-5.625528029099208,-2.777125345773258
-5.631111970759006,-2.781832354681942
-5.637129060004239,-2.786230373710549
-5.643065133653345,-2.7905398708972995
-5.6489807818604465,-2.7949642545352433
-5.654944767376452,-2.799423286683718
-5.6607622716352495,-2.8042586978718997
-5.6663450296711435,-2.8088373983111286
-5.67243513237098,-2.81387371843954
-5.679119901270403,-2.818601013137757
-5.68581536768667,-2.8233597946882885
-5.692305400173999,-2.82793318972343
-5.69896629715061,-2.831900449814804
-5.705506560398114,-2.835374160342322
-5.712451017177492,-2.8392118771491015
-5.719747041333226,-2.8427978007054198
-5.726991103850769,-2.8463904811003893
-5.734115839721567,-2.8498749325538864
-5.741517052565976,-2.8528627332039918
-5.748651884371037,-2.8556001801875195
-5.755737890207366,-2.857866808788018
-5.762839147757696,-2.860149446425578
-5.770181946161303,-2.8622638883110656
-5.777676978461516,-2.864514041435302
-5.785027592793441,-2.866593936703034
-5.792375202838078,-2.868678362279145
-5.799196422067938,-2.870287512784478
-5.805941531567824,-2.8718060530570106
-5.8126186062685665,-2.8734241042473374
-5.8194853236096575,-2.8748439043757537
-5.826606348762607,-2.8761610346263042
-5.833753556958123,-2.877506511919999
-5.84066455390256,-2.8790200031716164
-5.847168378908184,-2.8801629487452973
-5.8533714632030245,-2.880990871793673
-5.8597517446739635,-2.881912295332217
-5.865598100510551,-2.882352620292257
-5.8713576296704115,-2.882573332158812
-5.876847170517353,-2.8828388255340753
-5.882147993535965,-2.8829335840371426
-5.887069010903684,-2.8826726087911507
-5.892138992373747,-2.8825310949173453
-5.896404732644733,-2.8816284809693364
-5.900764292530272,-2.880660602386629
-5.90458576592514,-2.8790605246966403
-5.908470829043299,-2.877515859970397
-5.912193831372819,-2.876063412715556
-5.915557063441017,-2.874218430159336
-5.918418951643266,-2.8718818180153454
-5.921346210017151,-2.869499258506264
-5.924491669588776,-2.8661931957323006
-5.9272853507775345,-2.8625700863679775
-5.929793021942404,-2.8591650078985427
-5.9321761545692135,-2.855644723466533
-5.934817222500585,-2.852039312024285
-5.937279266915112,-2.8482426388498174
-5.939538913577566,-2.8445873981527603
-5.941564074079581,-2.8407275160315315
-5.943102736933203,-2.8364002417248835
-5.944184842539223,-2.832392688587848
-5.945288415336416,-2.828397588396223
-5.946408443373963,-2.8244200772480648
-5.947055089056585,-2.8207743514910213
-5.947843897531081,-2.8173427098524177
-5.9481211806349705,-2.813384572962349
-5.948185680433498,-2.8095754354393323
-5.948098438801732,-2.80563514956877
-5.947960733166331,-2.8016482724198895
-5.947273621644169,-2.7980472161455077
-5.946831628748883,-2.794732097475451
-5.945994335964886,-2.7914279659586434
-5.945065159552395,-2.7882152461297354
-5.943546012724662,-2.785091454973473
-5.9415917577252655,-2.782021328535252
-5.9406583192714955,-2.777984142755168
-5.939582466277167,-2.7739821593105867
-5.938704511169784,-2.770157283585866
-5.937728644866375,-2.7663851694519948
-5.936874158605794,-2.7625881957250966
-5.935654545890023,-2.7588351421625594
-5.934266074229065,-2.755018272771174
-5.932788624225834,-2.7510967652770533
-5.931369985314275,-2.746998198862388
-5.929889756107208,-2.743116974017015
-5.9283371783530985,-2.739112016551004
-5.92679883747101,-2.7350867323334636
-5.92568714134594,-2.7311172657956835
-5.924511330291673,-2.7271903388950802
-5.923191213751599,-2.7231578720304643
-5.921862822180573,-2.719157619665808
-5.920443100660202,-2.714958250524974
-5.919104298065457,-2.7107966809199935
-5.918034403514057,-2.7068782168635943
-5.916828376175499,-2.703196392775703
-5.915723992761511,-2.6997413879531287
-5.914439587205792,-2.6960949050740113
-5.913899063365006,-2.691425920966016
-5.913399092989956,-2.686910400827081
-5.91305177106861,-2.682574630833084
-5.912773084100425,-2.678478691262177
-5.91218924280751,-2.674943531085392
-5.91189842996772,-2.671669687079732
-5.911470407527178,-2.6682338278950266
-5.910963621191268,-2.664854339826873
-5.91008975029633,-2.6611487841168846
-5.909283466939003,-2.657523800497562
-5.908446914981975,-2.6539210757381024
-5.908061830848112,-2.650720365561117
-5.907722150585459,-2.6475739198874084
-5.907175114064853,-2.644575098829474
-5.906416801254393,-2.641388916856479
-5.905644917971423,-2.6381870931666374
-5.904945453317683,-2.6349346130001905
-5.9042069484290165,-2.6316482915145545
-5.903495365541145,-2.628801534076402
-5.902391988134455,-2.625764450017051
-5.901471165151177,-2.6228900085788163
-5.900351195944076,-2.62016506937818
-5.899320945379354,-2.617346633444168
-5.898061370468955,-2.614324886530108
-5.8971541404919705,-2.6113801357654958
-5.896258598920051,-2.608428028290696
-5.895371100776269,-2.605380235941774
-5.894824655108492,-2.602195742966311
-5.89307494623989,-2.6004920893117807
-5.891454198119747,-2.598941468152938
-5.889307354738106,-2.5969237025032954
-5.886862445451209,-2.595118547448834
-5.884277872739764,-2.593147435361327
-5.881630092049384,-2.5911201400285018
-5.8785294228620755,-2.5894158640639806
-5.875542088801647,-2.5878456660421336
-5.872553408843508,-2.5862740401328175
-5.869671623101232,-2.5844062904236424
-5.8665988280877475,-2.5823965001645703
-5.863253436777817,-2.5801013358024214
-5.859659030613,-2.577984598978164
-5.856231014458313,-2.5760159498669766
-5.852900447771551,-2.5740967119943825
-5.849414716143076,-2.5722889122314214
-5.845831034300624,-2.5704354267242726
-5.841659176834915,-2.567943079002528
-5.837505495468166,-2.565438841860838
-5.832958283132413,-2.563319904478033
-5.828212060353042,-2.560934894179588
-5.823449002554459,-2.558529404057753
-5.817810711917201,-2.5572542785594203
-5.8119694872376275,-2.5556824600706873
-5.805798112211579,-2.553720940041788
-5.799475542447964,-2.5515791141153117
-5.792557157578141,-2.549122367443524
-5.785306869053158,-2.5463185932033223
-5.7778159980775134,-2.543930952019975
-5.769930560035561,-2.5409368501297154
-5.762079994347529,-2.5383027666709013
-5.754139085204974,-2.5355613163072097
-5.745603788631043,-2.532259463823005
-5.7365690214708565,-2.5290091644392687
-5.727317869745374,-2.5255023069503326
-5.717920003165643,-2.5216705403812427
-5.708340097404995,-2.5182416314837877
-5.698581131242854,-2.5146003861300725
-5.688421029606822,-2.510658091841915
-5.678115656422013,-2.5071474888244336
-5.667988728105003,-2.5034429863947287
-5.657454504517685,-2.499445757104268
-5.646443764670052,-2.4957716033850184
-5.634993649660411,-2.492889077164561
-5.623410479920281,-2.4898482946377487
-5.611493342694354,-2.487069451223057
-5.599549737842336,-2.484597497330054
-5.587174215381911,-2.482439659309947
-5.574594964418719,-2.480159458314708
-5.561880903652215,-2.4777359353149517
-5.549366044427147,-2.475171287761095
-5.536621410484683,-2.472372633548704
-5.524520060659803,-2.470190196461839
-5.51268746126367,-2.4678154703418183
-5.500927099781177,-2.465526462266761
-5.489263846186128,-2.463295640530861
-5.478066652044671,-2.460728569594804
-5.4667514590551844,-2.4580309091408554
-5.455570830226164,-2.455465477667743
-5.44460416493655,-2.452970638070898
-5.434203070860508,-2.4509818417584817
-5.423771332284482,-2.4489560760768057
-5.41357262196666,-2.44676181630025
-5.4030976070076235,-2.444318791985292
-5.392534893551095,-2.4417725488563917
-5.382467926742369,-2.438865999211242
-5.371871999043178,-2.43726223524173
-5.3617494763313625,-2.436189029082706
-5.351525942370521,-2.435026830014971
-5.34175340265074,-2.4333064394289985
-5.3320621881941515,-2.431594834964042
-5.322696416450462,-2.4298881795489673
-5.313580122080181,-2.4280782732202146
-5.304679939600648,-2.426463008090824
-5.296071392109636,-2.425263536011759
-5.287408438027959,-2.4240019743153463
-5.279533323464962,-2.4234500719452754
-5.271588142463331,-2.4232888460088184
-5.2642901210388615,-2.4231925572030724
-5.257470135083936,-2.4236178111017703
-5.250809529530707,-2.4239263135181477
-5.244320786361763,-2.424433167097581
-5.238730713025922,-2.425750561687464
-5.233154949273722,-2.427057360229866
-5.228128433045041,-2.4289978371137497
-5.223521797712643,-2.431317231373312
-5.219363374753077,-2.43330783871724
-5.215455087486958,-2.435586866813631
-5.211770102344341,-2.438067685174468
-5.20788073313533,-2.4410728985204715
-5.204091942467123,-2.4441901284618215
-5.20121964630264,-2.4481365886110487
-5.198894508402314,-2.4516820521927345
-5.197256694514048,-2.45433048391732
-5.195591227857086,-2.456992350777105
-5.194456322609407,-2.4595946688156554
-5.193106000863651,-2.461949953907231
-5.192309929218391,-2.4639569041502214
-5.191833566876185,-2.4666912380637767
-5.191481400177052,-2.4695568515970003
-5.191240780403498,-2.472195490449686
-5.1909894715516325,-2.475065078571698
-5.190458390655778,-2.477643563626761
-5.19029873429501,-2.4804362862965714
-5.189802868652828,-2.483498010859006
-5.1895763908940875,-2.486828691926205
-5.189355949274211,-2.4901032676624113
-5.1891765929317195,-2.493401424816664
-5.188894932440125,-2.4966145768769215
-5.188442409984854,-2.4999533119826727
-5.187267948788323,-2.5036601555213536
-5.186212613607919,-2.5075462477470136
-5.184986471487476,-2.511582821371282
-5.18374464080989,-2.5156060108744787
-5.182726767793659,-2.5198766113811297
-5.181475986235816,-2.5244752275701625
-5.180852395167649,-2.5280671595321533
-5.18015182934943,-2.5315884765148566
-5.179696700843299,-2.5350939045273377
-5.179358689365527,-2.538906372671141
-5.179345104415779,-2.5431077188572617
-5.179057600431481,-2.5475090595904706
-5.178727271862077,-2.5518613161263333
-5.178290836928955,-2.5560794696770266
-5.178124436298359,-2.5601003606171813
-5.178195370551972,-2.564349657328943
-5.178141665391012,-2.5685347394728493
-5.17838846586433,-2.5725003502956523
-5.178380174512602,-2.5761670065165263
-5.178387045799059,-2.579846627493067
-5.178407466816615,-2.583516410791882
-5.178485933570816,-2.5872297272373777
-5.178451396903549,-2.590882830434375
-5.178205980516058,-2.5950367581949525
-5.177539277347498,-2.5990089330954556
-5.177001737093367,-2.6030990242447474
-5.176458303237158,-2.6073763367765617
-5.175642136787717,-2.6117300813103617
-5.174838504644568,-2.61609554482942
-5.174823823177508,-2.6199514417250467
-5.174803290217195,-2.6236948466516887
-5.174705811073042,-2.6273680845814043
-5.174773428905038,-2.6313990756359376
-5.174625397825037,-2.6355301970358807
-5.1747599712259635,-2.6399186666118326
-5.1751427561008265,-2.6445659667282118
-5.175476452663665,-2.6494585276028224
-5.176537858155728,-2.6551360639584183
-5.177557016978576,-2.660573726310773
-5.178770893029359,-2.6662434053367696
-5.180494217620772,-2.67239471989029
-5.1824626321087,-2.6783671958358117
-5.184995914513014,-2.6849540830125176
-5.187548037421747,-2.691499812956704
-5.190808813205018,-2.6975308945984815
-5.194054591474682,-2.703582459588926
-5.1970327988869105,-2.7100876874096986
-5.200650263251665,-2.7171909381738044
-5.2044594243977675,-2.724226996945077
-5.208660120029386,-2.731663570972451
-5.213791298664776,-2.73892036115573
-5.219340555894453,-2.7459489987972505
-5.225058921682906,-2.7531696064982896
-5.231413276686281,-2.760971447903072
-5.237808398964961,-2.768743989950125
-5.24436461602773,-2.7766994084169654
-5.251766921756776,-2.785204003502541
-5.259478095934633,-2.793493226805897
-5.267275041842054,-2.802174049658204
-5.275163995960844,-2.8109390572405886
-5.283250282401171,-2.819285508133951
-5.2915316547174704,-2.82770936385192
-5.300395658398387,-2.8366660739572747
-5.309813006787222,-2.845521730907533
-5.319233755626191,-2.8548069121301363
-5.328707826915467,-2.864140913722894
-5.338272623109228,-2.873025750012105
-5.34774726348042,-2.881903405811615
-5.357330775165569,-2.8908806558173845
-5.366881788738831,-2.899890101671056
-5.3767505003129195,-2.9092079786723515
-5.3863913709131985,-2.9186258388688575
-5.3960957008457875,-2.9280615601475586
-5.406506029066775,-2.93669261716001
-5.417078051253152,-2.9452096332799282
-5.42755727023822,-2.953727320124037
-5.438192179693872,-2.962363610186974
-5.449235289776649,-2.9707120535353613
-5.460489555575564,-2.9792721016169015
-5.471651697226019,-2.9874687843145407
-5.482733748827061,-2.9956837791715816
-5.4937519866136455,-3.0036297830533853
-5.504591826307647,-3.0113558880314906
-5.515574061530304,-3.018896995106425
-5.526747875325009,-3.026141812405019
-5.5378680680471675,-3.0332847834234102
-5.549230029507396,-3.0403995336311107
-5.55981985066138,-3.0467191691408915
-5.570389316654147,-3.0527840302617766
-5.580642084095037,-3.0584857983707137
-5.590376926950973,-3.06384610110391
-5.599771857500435,-3.0696384246464783
-5.608944035941251,-3.0751271146956234
-5.6180405992916675,-3.0805922968945487
-5.626572548058009,-3.086457273509433
-5.634738810392189,-3.091953252610131
-5.642939018350553,-3.0967263434849777
-5.650592992448041,-3.100819549877276
-5.657930114660586,-3.104848858103164
-5.664750527669983,-3.108286326141921
-5.6709490770454565,-3.1113522491367314
-5.676665459832886,-3.1145619554968453
-5.68189119122889,-3.1172096316320737
-5.686320352973443,-3.1195864366038015
-5.6900764403898005,-3.121424666593962
-5.693560162690341,-3.122950765228835
-5.695972002835213,-3.12407648535344
-5.6978700804956866,-3.1252345493876823
-5.699571066276532,-3.126166923007243
-5.7005739631195524,-3.1270417599420575
-5.700800918463516,-3.1277777827680437
-5.700956686898589,-3.1284323416955466
-5.700476998561076,-3.128576732892041
-5.699585080841191,-3.128990395863757
-5.698592131437085,-3.1292883890916383
-5.6972564472461,-3.1295200325742885
-5.695364676334283,-3.130139685488107
-5.693453797990731,-3.130718599482442
-5.691414902102014,-3.131157501101351
-5.68955606793642,-3.1317320176507093
-5.6872424277320075,-3.1318256926369625
-5.685032481835927,-3.1317448354389184
-5.68253048644889,-3.1313869475767335
-5.679944541521303,-3.1312317490260284
-5.677289112895903,-3.1311260172276416
-5.674649598624645,-3.1309954493371865
-5.671616531125555,-3.1305077037092546
-5.668375798536878,-3.130165280016661
-5.664998636221763,-3.1296666000487714
-5.661593209641556,-3.129368691185108
-5.658192456581079,-3.1291084223570738
-5.654715665373151,-3.129001703650908
-5.6514002695422825,-3.1290420038696953
-5.648298276445528,-3.129020209663159
-5.644922149937672,-3.1292236500614146
-5.641335818423409,-3.1292345487567426
-5.6376501882176,-3.129177852641849
-5.633889367438979,-3.1289994356993014
-5.630558505629562,-3.128588910175011
-5.62770942801347,-3.1286365869178208
-5.625195925898958,-3.128449806361488
-5.622768021847677,-3.1277231406127948
-5.6200595181968565,-3.1267397211518286
-5.617315755314953,-3.1254068448314576
-5.614230717099635,-3.123313500809609
-5.611302419563081,-3.1213634689043004
-5.6087389988655705,-3.1196324610623107
-5.605783211580838,-3.1176601077469206
-5.602652169252538,-3.1155274638710306
-5.599432078374946,-3.1137498280293086
-5.59601935370934,-3.111529030817804
-5.5922099634085445,-3.1089454077900283
-5.5882105182983075,-3.1072462090754733
-5.584137810071451,-3.1054503076618203
-5.5805748516437985,-3.104094883078485
-5.576618429576871,-3.1030776997792566
-5.572772372709784,-3.1016071359132176
-5.568813586228308,-3.1005192614038606
-5.564774826251425,-3.099348486605801
-5.561173970533798,-3.097808290250949
-5.558045957243944,-3.0967123951481375
-5.554549789491119,-3.095794979728633
-5.550932679484817,-3.0946974572853834
-5.547578008385732,-3.0938953875564956
-5.543618951156517,-3.0932828363446467
-5.53942622562858,-3.092209174169248
-5.535557991762255,-3.091042241508481
-5.531530207275167,-3.090116178206943
-5.527542084744991,-3.089248853493944
-5.5237279852248,-3.088578308096085
-5.519891277547943,-3.088198423273052
-5.515877582176843,-3.087615899427395
-5.511777414336242,-3.086934228023323
-5.507794851487371,-3.085963505042855
-5.504044899915593,-3.0850926552364326
-5.50019062731583,-3.0841027287059233
-5.496591241148509,-3.083157879737645
-5.493092886567035,-3.0822925113878177
-5.489499723540562,-3.0813190798333423
-5.486012867665523,-3.0800865377807165
-5.482649863141466,-3.078938688233958
-5.479216537678758,-3.077710720565951
-5.475849743331025,-3.076062066631114
-5.471741824377888,-3.0753805469752145
-5.468008039506812,-3.075038031933913
-5.464233544165259,-3.0746418025140048
-5.460806188485542,-3.0740009044022263
-5.4574603579535665,-3.0734552416316476
-5.453763612665928,-3.0731934012999975
-5.450132333430509,-3.0722406768058677
-5.446453189087774,-3.0716508209140283
-5.442818839382894,-3.07111163425802
-5.439585385736987,-3.070405238185455
-5.436198076162915,-3.0698280284364916
-5.433081425256701,-3.0695569163626337
-5.430641856616645,-3.068905229603168
-5.427869714014171,-3.0680897553666204
-5.425696455892706,-3.0673704445094363
-5.423510907085661,-3.06656303296027
-5.421662403205193,-3.0656655948319718
-5.420329514837285,-3.0649853140695256
-5.419539040989907,-3.0648095939925795
-5.4189323793240645,-3.0638182583586895
-5.418828381669294,-3.0626198182992557
-5.418642870707591,-3.061329040044901
-5.418847894636498,-3.059707203704106
-5.419304760208588,-3.0582813812457554
-5.41975646208074,-3.0571243413308826
-5.420308697169315,-3.056072368485499
-5.420632936459307,-3.0550030288749146
-5.420989635120822,-3.0538128073311466
-5.4215934163356945,-3.0523077889896637
-5.422005794882704,-3.050626348032563
-5.421949813129426,-3.048811598952573
-5.4222802804189545,-3.0465605166432046
-5.422769341497923,-3.044453993319175
-5.423220930896522,-3.042238324215227
-5.42382757729782,-3.039792952843374
-5.423982257076449,-3.036931614554873
-5.423692050607067,-3.033798607214605
-5.42339401400198,-3.0303014582709618
-5.423174686653859,-3.0268750013757533
-5.423076800615097,-3.0236071546477685
-5.422719378567611,-3.020493939792179
-5.421918310996703,-3.016972747210162
-5.421198871699213,-3.013199100823344
-5.420069343531101,-3.0091733926109505
-5.418698555947558,-3.004706055130935
-5.417339123380094,-3.000250305844573
-5.4160899410991545,-2.9957139953216947
-5.415217316767086,-2.990323078005995
-5.413930354278086,-2.9844604787847486
-5.412375396406768,-2.9787851879691862
-5.410782021567973,-2.9716341383406237
-5.408988327664135,-2.9639825367858514
-5.406737914790934,-2.955839889553238
-5.403973686186048,-2.948059090419637
-5.400642753790634,-2.9396962115592413
-5.3971546701291855,-2.9316086982331067
-5.393122735278034,-2.9237613433948684
-5.388759738691863,-2.9156100867465153
-5.384070785735961,-2.907586899091593
-5.378979603863816,-2.8997343592031077
-5.373830778176744,-2.8918186708799687
-5.368628415134806,-2.884456753640233
-5.362383306240031,-2.877151545848552
-5.356077535146094,-2.869758726188784
-5.349306929090299,-2.862696991933256
-5.342981805385692,-2.8561241872155656
-5.337500163239722,-2.848110098934152
-5.3314773865266005,-2.840726662265006
-5.3250504235441705,-2.8329675022956886
-5.318883370872406,-2.8254331699043616
-5.312222787993346,-2.8182544326848924
-5.3054130526365615,-2.8109842423210565
-5.298857113118442,-2.803994989893052
-5.29179125328483,-2.797374893741628
-5.284996839279034,-2.790242711731558
-5.278180236073845,-2.78308513143139
-5.271294712051302,-2.7762217511048415
-5.264066766216678,-2.7691855128920184
-5.2569715150397585,-2.762299744058007
-5.250085076196235,-2.755846597672895
-5.2435062578783596,-2.749321769134994
-5.2371479080866745,-2.7430472389821037
-5.230741837868122,-2.737100176875231
-5.224228153740774,-2.7311130898890137
-5.217672560301847,-2.725077916224445
-5.211643607360907,-2.7193156034192696
-5.205657276212177,-2.713385825609793
-5.200021765295165,-2.7078543972128197
-5.194463962105243,-2.7024705529547473
-5.18945988447021,-2.6964769297855717
-5.184656969095542,-2.690368931812403
-5.1802361228750025,-2.6846329818910077
-5.175531953197701,-2.6789423328654376
-5.171290524237341,-2.673472705576376
-5.167056276222572,-2.668197622866791
-5.163335630500379,-2.6634231947168883
-5.159608417265927,-2.658655948973486
-5.155424325636885,-2.6546702227161365
-5.151698647061886,-2.6512002961396184
-5.148217546014312,-2.6475542912233774
-5.145201763625213,-2.6443524935388805
-5.1421160704663755,-2.6414011424668704
-5.139704495719837,-2.6389277259219766
-5.1373641723829815,-2.63618650972121
-5.13583924318055,-2.6342528899552016
-5.134878386504783,-2.6319090413445956
-5.133906268972375,-2.6295526954587483
-5.13287967974657,-2.627146993950215
-5.132318402750468,-2.6247214053357815
-5.131605852667109,-2.622108892521928
-5.131195942965013,-2.6197827813511982
-5.131386589246514,-2.617019158506565
-5.132035044780373,-2.614683047404182
-5.132604270877953,-2.6132031361579484
-5.1331381090086925,-2.6116117821961926
-5.133534099259884,-2.6098814811055155
-5.132936903375736,-2.6095263588396493
-5.1325543429336555,-2.6085726317445617
-5.132726513085422,-2.6081663762985263
-5.132939475774118,-2.607838125257863
-5.133486259877307,-2.607256766250219
-5.134315208259449,-2.6069183293230513
-5.134790783451254,-2.606428059311182
-5.135623509417492,-2.6054468522870273
-5.136742575861342,-2.6047794358087546
-5.137819247926549,-2.604069939978242
-5.139309854270091,-2.603382511528825
-5.141159600655676,-2.6030453894007404
-5.1427935310478405,-2.602766154704145
-5.144576210965812,-2.602410228253669
-5.146310653363412,-2.6019433997199464
-5.148041550096445,-2.6014722838387856
-5.150038059272784,-2.6008734469119275
-5.152010104117683,-2.600413346887368
-5.154063968305561,-2.600046133249474
-5.15606815005418,-2.5998408500281505
-5.158115171939985,-2.599772806601887
-5.160061911986054,-2.599505051813903
-5.162181683028142,-2.5993471950167963
-5.163635842536447,-2.599673896164571
-5.1651648746122385,-2.5999461999698696
-5.166516730606026,-2.6000163125246245
-5.168282517229577,-2.6004630898876546
-5.1698744982112785,-2.601036897208471
-5.17176325496921,-2.6019488673901936
-5.173241317329652,-2.602486845156766
-5.174436686862507,-2.6031104669615517
-5.17567269205273,-2.6037638227379234
-5.177058496574899,-2.6045929441340245
-5.177978465427829,-2.605761647617776
-5.179189500604315,-2.607230793562156
-5.1801950783227975,-2.60849345276038
-5.181232273119845,-2.6097332041008077
-5.18231977888393,-2.6110455202574476
-5.183130880878037,-2.612097023477391
-5.183841500614205,-2.6132217497975105
-5.184833851333165,-2.6146236496306274
-5.185974591735478,-2.6161534617641875
-5.187242621403033,-2.617590723876368
-5.188805835058719,-2.619171244354892
-5.190072322083679,-2.620481617686332
-5.190891297623709,-2.621793407112212
-5.1918390976905195,-2.622932725893309
-5.19323618007679,-2.6236183124007693
-5.194849407013454,-2.6243514188474495
-5.196458784142937,-2.6251990167296704
-5.198163351531764,-2.6260457640737878
-5.199853007596951,-2.6268477739022202
-5.2015298847245335,-2.627314816147199
-5.203383242874946,-2.627965013588351
-5.205061685599485,-2.6287519712467495
-5.206831184129487,-2.6296428084168726
-5.208789246480511,-2.6304848778843777
-5.210828494174353,-2.6314987010740887
-5.212936187619127,-2.6325906110563184
-5.2148577051740945,-2.633507507414268
-5.216394664015796,-2.6343791735518733
-5.217994706414106,-2.63532286535122
-5.219905839162351,-2.636282349928285
-5.221569445726304,-2.6373908461311926
-5.223509309540027,-2.638890963041743
-5.225429128022992,-2.640343926714174
-5.227599064960177,-2.6412985480842037
-5.230058048019506,-2.642398903444313
-5.2325400797927255,-2.643526857243557
-5.234857497346092,-2.6446483255838498
-5.2373511495271785,-2.6458630215177843
-5.240349329854048,-2.6473038175887225
-5.243478229380065,-2.648894089336073
-5.246819370068854,-2.6505383893111
-5.249928169208286,-2.652395337997606
-5.253092518647933,-2.654315928044744
-5.25629348843085,-2.655694235307167
-5.259876045370021,-2.6574022750786805
-5.263553325290243,-2.6592187628700654
-5.267538788913162,-2.6608759850278534
-5.271881579192201,-2.6630394324407973
-5.276022913047934,-2.6649895817258424
-5.2803421786735,-2.66649244150824
-5.285128362191334,-2.668104957114491
-5.28993535857366,-2.6697734388561516
-5.295306688356716,-2.67119070748917
-5.301066926778782,-2.6732403821147166
-5.306782933288204,-2.6752235576993417
-5.312754389409167,-2.6769423187908825
-5.318745092681371,-2.678647409507571
-5.324679470505773,-2.680301191269811
-5.330631893202134,-2.6819754608957367
-5.3368226017694775,-2.6834779242807905
-5.343194442989868,-2.6853098580890205
-5.3496385787120175,-2.6871514137386545
-5.356248460126784,-2.6891825819541646
-5.362796787653076,-2.691437553287681
-5.3692385695648746,-2.6936385535367386
-5.375801268736066,-2.695978039864746
-5.382424389597964,-2.698267974035938
-5.388998467859341,-2.7005251724041113
-5.39573952778076,-2.7029739392565553
-5.402548280632056,-2.705764752170665
-5.4090623402184,-2.708460930142915
-5.416015569071202,-2.7113215534058646
-5.42275795072066,-2.7139842477041114
-5.429417275316042,-2.716618514269093
-5.436081026585705,-2.7191452122591775
-5.442504314347521,-2.721381026525118
-5.449017706296437,-2.7238628914682823
-5.455911105339549,-2.7264310886046585
-5.462634563881965,-2.728805043359459
-5.469412170451329,-2.7307493733516592
-5.476451564903543,-2.732506423834792
-5.483279466958711,-2.7340192725792924
-5.490062845606055,-2.735491398044281
-5.496544903388811,-2.7379581902090293
-5.503141298033855,-2.7404814589086772
-5.509844855060832,-2.7431265202043944
-5.516554077715029,-2.7457683638840944
-5.523044144828782,-2.748178517695682
-5.528988225698889,-2.7504050030364646
-5.534723719652356,-2.7523084021631794
-5.5405621687319195,-2.754443815137886
-5.546449183774335,-2.7566417147226145
-5.552353349205102,-2.7588644488542107
-5.557983480369076,-2.761415616116519
-5.56314425709297,-2.7635186408117005
-5.56818245886759,-2.7652494779566035
-5.572975916163164,-2.7671992257374463
-5.5774347645141304,-2.7688629245793415
-5.582063445553974,-2.770643674154613
-5.586353131917887,-2.7726528501596843
-5.59049860451678,-2.774316668496854
-5.594347214283395,-2.776007884340504
-5.59787344793826,-2.7782346883066578
-5.600563953806665,-2.779706756830235
-5.603147046190158,-2.7814592580140984
-5.605383124311202,-2.783367523451399
-5.607461329764647,-2.7855266085237296
-5.609424544873969,-2.7875452100085507
-5.611475562426224,-2.789665475675294
-5.613077140956267,-2.7920232145198987
-5.6143862973846375,-2.794180845837886
-5.615696529402422,-2.7964041658981094
-5.616853474184171,-2.7986179831238207
-5.617877192876377,-2.800705688137606
-5.619067460084253,-2.8026746291596774
-5.620215894582021,-2.8045664976664564
-5.621394499826348,-2.806492228365957
-5.622481258900646,-2.8084829319258264
-5.623338751321133,-2.8102581790024077
-5.62373640599068,-2.811562623187283
-5.624438254941746,-2.8126508190415302
-5.6248945204827745,-2.8134526530250805
-5.625506614834951,-2.8143878790889207
-5.6260023128251415,-2.8154057049731955
-5.626217572611336,-2.816184166046188
-5.626215372478193,-2.8171456618399726
-5.626101017184008,-2.817786751311023
-5.625647267657869,-2.8183140378309344
-5.624987452700703,-2.818655089308163
-5.624197252095408,-2.8193735055262326
-5.623277422929321,-2.8201839640838506
-5.622198613760174,-2.8208254242333655
-5.620915269924835,-2.8212457157572386
-5.619609880601331,-2.8211675808804673
-5.617699696297724,-2.820542785215815
-5.615584589159282,-2.8196810156842784
-5.613788296259727,-2.8185927400787754
-5.612120064655512,-2.8176202519560722
-5.610138326560565,-2.8162853393360354
-5.607947009475009,-2.8150991421152214
-5.604915105078961,-2.813092745751865
-5.601709368067685,-2.8110694366181317
-5.598476416778301,-2.80900924164955
-5.594733462872834,-2.8064879671221683
-5.590685493453415,-2.804359068258996
-5.586431695653274,-2.8022221474304323
-5.581999739929247,-2.7999240831088046
-5.577142158890419,-2.797807980705169
-5.572198775861085,-2.7957862216428615
-5.567386419448677,-2.793953857921654
-5.56203777420484,-2.791850912068695
-5.556761972116554,-2.789590294771541
-5.551196219306118,-2.786994520625336
-5.54594274351418,-2.7846810636508295
-5.540816049195642,-2.782277708924373
-5.535963676503463,-2.7801904712588175
-5.5309153508022195,-2.7779256040553975
-5.525968340758041,-2.7755891360057126
-5.520813544947936,-2.7730127258320776
-5.515721587295217,-2.77049300866701
-5.510621260260661,-2.7679798349822056
-5.505475130847716,-2.765413575275346
-5.50060025229103,-2.762965567056729
-5.496022617134945,-2.76034686998155
-5.491148142825934,-2.7576462039781076
-5.486033138628086,-2.754727597876236
-5.48105173444786,-2.751664223928477
-5.476013896997616,-2.7483517790596736
-5.47144709893928,-2.7454660246099905
-5.467327404576745,-2.7426694222033374
-5.462936072756672,-2.739865792266545
-5.458424723220388,-2.736953426369957
-5.454122185866675,-2.7338138804875785
-5.450035433601413,-2.7302676145644873
-5.446218419309066,-2.726965748578431
-5.4425595154174875,-2.7234260675213773
-5.439113928388541,-2.7201373127301864
-5.4357525700458815,-2.7166839910764975
-5.432409977097314,-2.71283092060896
-5.428613724128605,-2.7085358444329066
-5.424873039704071,-2.7042004248565297
-5.420921702562134,-2.6996082811309634
-5.4172857403803025,-2.6951869273421862
-5.413750886047219,-2.6908032016654375
-5.410075835510572,-2.6866701089389844
-5.406459897115038,-2.682605034499575
-5.402494532112946,-2.6787912224742527
-5.398363713628694,-2.6748275401423527
-5.39451429922748,-2.67118761576372
-5.390824238939006,-2.667432767325731
-5.387645571646449,-2.6642003247583075
-5.384546857386256,-2.660876889931186
-5.381752223230261,-2.6571930777934574
-5.379177534831582,-2.654041693380749
-5.37659748202555,-2.650241288766718
-5.373924816317987,-2.6463343386032037
-5.3714001574000925,-2.6425645784620313
-5.369195908588699,-2.6385019563709013
-5.367002007738247,-2.6343366592806543
-5.364551869431684,-2.6300832719919436
-5.362157786543545,-2.6258805329904837
-5.359496605433275,-2.621241232281392
-5.3570128521975535,-2.6167135431607935
-5.3545918952791425,-2.612242498500331
-5.3522611439494225,-2.607708486287078
-5.3497468149968626,-2.603043546649258
-5.347331838211304,-2.598468244703577
-5.344514671417582,-2.5936595719216746
-5.341706289926042,-2.5890962944448934
-5.338661295981766,-2.584318782343783
-5.335640910243882,-2.5794915941159973
-5.332514991172343,-2.5747599492412134
-5.329438098618874,-2.5700724702771627
-5.325945716610985,-2.565419655393655
-5.322260091366061,-2.5612060954484273
-5.318496703028742,-2.55692218335021
-5.314638451902093,-2.5528278700919564
-5.31102313403504,-2.548790539435154
-5.307011240739053,-2.544594432650923
-5.30277112638434,-2.5405697935167764
-5.298351174302397,-2.5368815142672267
-5.294044295582716,-2.5332958223494058
-5.289413150187612,-2.5298399770793543
-5.284608680769775,-2.5267671495452784
-5.280075021001075,-2.5239901940749796
-5.275332619117535,-2.5210250766801274
-5.270486651704843,-2.518136370037001
-5.265712881179224,-2.5153146428503526
-5.261272278638784,-2.5132126078317474
-5.2572207664216135,-2.5114639665530394
-5.253444684975635,-2.509919140741034
-5.2499128372423,-2.5086616272124083
-5.246330713600691,-2.507314465867375
-5.242652428318746,-2.505856101257549
-5.239720110531229,-2.5046947170449627
-5.236786975020687,-2.503621588276605
-5.2341841893293966,-2.5027112733737953
-5.23187728008559,-2.5020684528099757
-5.229829386584835,-2.5012854956531907
-5.227837328288377,-2.5005573341462597
-5.22576543953585,-2.5002666380801046
-5.223789420186878,-2.500066892132202
-5.221540154771898,-2.50025787033184
-5.21958997995089,-2.5004097854320335
-5.218304018608336,-2.5011629025123105
-5.217383161754414,-2.501983068364744
-5.216570286981686,-2.5029235043407367
-5.215660392773877,-2.503775984144555
-5.214813185508664,-2.504646504597381
-5.214122372725364,-2.5054903551667462
-5.213954714256329,-2.5068079414869366
-5.2142115130995075,-2.508450444400402
-5.2145397993042915,-2.510267010476453
-5.214875824203402,-2.5120904710642566
-5.215246660829829,-2.5137240726693957
-5.215642222179868,-2.5153101119427714
-5.216273478942982,-2.5171776690572605
-5.217465015933148,-2.5193011899878788
-5.218963077925354,-2.5215422133105703
-5.220490115649331,-2.5238602292361865
-5.2215649480494735,-2.5268646190639936
-5.222764618809641,-2.5297962639665377
-5.223925915122838,-2.5324945698760506
-5.225442033887599,-2.535548688280785
-5.227381632043948,-2.538430955575985
-5.22950998183769,-2.541510492546028
-5.2316432245707105,-2.544578937602481
-5.233765677501792,-2.5478573218632787
-5.236029891904149,-2.551032388887614
-5.238220746322875,-2.554133475557192
-5.240705725238149,-2.55703188574185
-5.2433907701445035,-2.5597818189902743
-5.246534409846421,-2.562947551385839
-5.249939996147182,-2.5662178798607105
-5.253178310128606,-2.569222501671833
-5.2565782577002595,-2.5723736764930014
-5.260005662230545,-2.575355825936395
-5.263576960772751,-2.578219550496342
-5.267242091462389,-2.581168294962103
-5.271032933548532,-2.5842747722297177
-5.274549540785974,-2.587179453720578
-5.278271468043648,-2.590270235931945
-5.281706493109453,-2.5932540702914966
-5.285309490691701,-2.596186109484739
-5.288735375943402,-2.5986513377775005
-5.292155900495631,-2.601033731254223
-5.295537191949811,-2.6033708731985064
-5.298828869089771,-2.60549393476495
-5.3021146688064125,-2.607992313155091
-5.305342757151507,-2.610424256521513
-5.308806048449398,-2.6125313681459352
-5.312030450142134,-2.61442183155052
-5.315299820236327,-2.616368312967096
-5.318497871956568,-2.6181888686677843
-5.321617772076798,-2.6199384782688746
-5.324546059161678,-2.6218203905408566
-5.327083805870135,-2.623787961608
-5.329650616464571,-2.625780201432141
-5.332265956018889,-2.627737651054224
-5.33494885679924,-2.629772627013901
-5.337434821917655,-2.631629112240467
-5.339622260248519,-2.6337018490229704
-5.341585776108399,-2.635517271078493
-5.34359727995976,-2.6373761814028125
-5.345422910268845,-2.639529702199857
-5.347442749493458,-2.6419019935171466
-5.349105642651199,-2.6438827977633705
-5.350883071138147,-2.6453566231803656
-5.352338892411874,-2.6467241701656823
-5.3538978969795386,-2.648111932097485
-5.356067661149253,-2.6489588567879054
-5.358064879199025,-2.649911972724916
-5.360135155856138,-2.6511776802674376
-5.362016246445877,-2.6522720090540433
-5.363921149127448,-2.653212778816468
-5.365807970031455,-2.6541026821652696
-5.367573516151742,-2.654882762530924
-5.36908008636436,-2.6557089885623975
-5.370619268772407,-2.6566102689263453
-5.37243090607856,-2.6577584304871404
-5.3742836725606145,-2.6588652566986006
-5.376020043007308,-2.6602177614418956
-5.37735223585312,-2.6612041242870252
-5.378386746632338,-2.662112468367559
-5.3794119205290825,-2.663084158248694
-5.380779421671119,-2.664365972465078
-5.382154355770379,-2.6657907408106505
-5.383561980818552,-2.6675373998714296
-5.384709537756082,-2.6690483775712024
-5.385583546432632,-2.670509810025189
-5.3865406563976705,-2.671953415172438
-5.387171186387004,-2.6734516816302936
-5.387843425856939,-2.675329653488303
-5.388607563352808,-2.677557899191845
-5.389310782728599,-2.6799237869689567
-5.390177866021498,-2.68241693899911
-5.390756354784797,-2.6847936070749614
-5.391401358805575,-2.6874112537851462
-5.3918641491029184,-2.689789506735522
-5.39254495232953,-2.6923555248093876
-5.3931304297451375,-2.6951000181631737
-5.393874430655595,-2.6979878328698335
-5.394615549034179,-2.7008719806656383
-5.395357514141094,-2.7037549225630793
-5.3959792993724705,-2.706528484591616
-5.396595162478126,-2.7092948690345113
-5.3974524456596304,-2.7118869974332505
-5.398583694692966,-2.7147289693861114
-5.399792618203455,-2.7178038477768056
-5.400819982639117,-2.7207975235589057
-5.4017154573022355,-2.7236711960440814
-5.402312984442315,-2.727130592507306
-5.402976122732131,-2.7306650101904952
-5.403510406655636,-2.7340290118807813
-5.404428526300802,-2.7374999700442038
-5.405411604938818,-2.7410452346468515
-5.406206789554142,-2.7449415180910597
-5.406578959424578,-2.749383059032632
-5.407050060491438,-2.7536758677870607
-5.407658569076568,-2.7580405403980293
-5.408185096949414,-2.7623305023353675
-5.4090339537568335,-2.766686991825337
-5.409561820467354,-2.7709116638753035
-5.410194520081613,-2.775231386968413
-5.41072969756534,-2.779619044733381
-5.411229457348964,-2.7840948574315156
-5.411672607100296,-2.7885189208965553
-5.412410778203235,-2.7929391710336215
-5.4128764638551985,-2.7974565332244494
-5.41338941780302,-2.802016561062353
-5.413923968349246,-2.8066889686599286
-5.414187139495028,-2.8113951553542136
-5.414477594476095,-2.816125761405108
-5.415006241408989,-2.8208664015693126
-5.415558773885859,-2.8255333924347394
-5.415237993078666,-2.83078253551776
-5.4151145984858795,-2.8361208153811606
-5.414650317559555,-2.8413609575735363
-5.414212378248135,-2.8466237651722044
-5.413940707568373,-2.851808083153616
-5.41361186007007,-2.8569912373066533
-5.413575179530903,-2.862121699084661
-5.4136130902993225,-2.8670195525568554
-5.413390970105622,-2.871691087003082
-5.4129834442311795,-2.8762793829826534
-5.412598248468814,-2.880907452208404
-5.412273998545077,-2.8854919189595036
-5.411966907425764,-2.8900842994045073
-5.41149263171709,-2.8945976333312244
-5.410824736445561,-2.898917593791932
-5.4101668439430926,-2.9029942463443428
-5.409613270931198,-2.907166037288745
-5.40906745432266,-2.91125095010279
-5.408522288688211,-2.9153816018950924
-5.408063880412028,-2.9195914450741536
-5.407844466605851,-2.923648598575265
-5.407575275811497,-2.927568065853376
-5.406996629449595,-2.9312046360809463
-5.406252618304546,-2.934673029752905
-5.404947497387024,-2.9390124413298606
-5.403766553894313,-2.9434608571637377
-5.403223583625034,-2.9472840743690467
-5.402884599431838,-2.951032290593626
-5.4025916722549745,-2.9548932976517897
-5.401939571938433,-2.958371791611749
-5.400934676984893,-2.9614500206977197
-5.400312758748271,-2.9642562550695737
-5.3997210028397165,-2.967090398971942
-5.399294945119582,-2.9701127828107516
-5.398928803463595,-2.973092794675593
-5.398394005319103,-2.9759185290704115
-5.397489144604719,-2.9783249562820036
-5.39667338356873,-2.9806682941707257
-5.39549686177798,-2.982681329441551
-5.394373382815837,-2.98475474498704
-5.3935797832088594,-2.9865940565799973
-5.393033926765945,-2.9886292128583847
-5.392477082874677,-2.9904663911714957
-5.39220661211771,-2.9922232453531126
-5.391601165728555,-2.993673268310774
-5.391142061920632,-2.994892357031107
-5.390391676247883,-2.996420308145631
-5.389762049572423,-2.998059543106875
-5.389117158346924,-2.9995302905017396
-5.388320104005522,-3.0009290850342203
-5.388205224705229,-3.001564349837814
-5.388178665063784,-3.0021049319294697
-5.388171615870761,-3.0024079308869602
-5.388059017768679,-3.002591547377291
-5.387945417715492,-3.0027354053096875
-5.3880963270472675,-3.0030656119625183
-5.3881481150037365,-3.003283685129863
-5.388247272442374,-3.0035516160772895
-5.388311300310553,-3.0037254006946807
-5.3883526887119615,-3.0038735916469284
-5.38845318474376,-3.0037637598757647
-5.388819926650302,-3.0038099260172277
-5.389199024424282,-3.003869970048121
-5.389690126997649,-3.004049381883304
-5.390263477333221,-3.0043312020259823
-5.390833321758009,-3.0046089449818525
-5.391443913446695,-3.0046925620940605
-5.392076692548954,-3.0048807051015327
-5.3928132574369885,-3.005186159345629
-5.393693654224287,-3.004911085927472
-5.394320863798463,-3.0048156885404036
-5.395376500637306,-3.0051333345569895
-5.396537699281274,-3.0055396811499606
-5.39770457980601,-3.005942313890881
-5.399350580882206,-3.005277837763163
-5.401082105572356,-3.0047097624625834
-5.40268367378038,-3.0040229517123294
-5.404311449974438,-3.0036313683129983
-5.40607530180826,-3.003393572312935
-5.407724786852075,-3.003493457684334
-5.409661115497004,-3.003893305482332
-5.411552121395735,-3.0043255063170466
-5.4137238940492365,-3.005075973256568
-5.415632426599927,-3.0055580049068493
-5.4170480749912056,-3.006389520930079
-5.418616942803379,-3.0073714820857913
-5.420566850722518,-3.008748386161564
-5.422393317833164,-3.0102128851443744
-5.42469186401462,-3.012162042796911
-5.426708621470247,-3.01384154752124
-5.428283114821054,-3.0158342926820625
-5.4296202841390855,-3.0176204565605325
-5.431211173444272,-3.0189569986186116
-5.432851892833582,-3.0203247447918393
-5.434472891593833,-3.021854453987541
-5.435979889296288,-3.0236540600611788
-5.437975242489862,-3.0250211013639245
-5.439823188502316,-3.0263908796372405
-5.44142702462771,-3.027636608318869
-5.442975535459131,-3.0288529129489894
-5.444288420294832,-3.0300746367359594
-5.4453570961269575,-3.031218125280484
-5.446830590699149,-3.032592525929078
-5.448390095473891,-3.0340644827654657
-5.44978167939394,-3.035654747491946
-5.450780816133645,-3.0368852352134925
-5.45158753209147,-3.0378975501840686
-5.45241764073298,-3.0388930636563387
-5.45341427264799,-3.040041180502779
-5.454655444198337,-3.041466536205026
-5.4555596642905115,-3.04312952117772
-5.4561995386302,-3.0445500036575
-5.456523839842528,-3.045612590242892
-5.456822109097762,-3.046693317818077
-5.456867504135424,-3.0475420558919644
-5.457071622057631,-3.0485705369395353
-5.456952765315478,-3.049964883545621
-5.45675360940393,-3.051295609450713
-5.456619774069424,-3.052658179537669
-5.456121931386968,-3.054383739667678
-5.4553416449035845,-3.056308504140565
-5.45422487791445,-3.0579598876746785
-5.453065986152597,-3.0597086905847055
-5.451972243849419,-3.061520649586339
-5.451197810747842,-3.0636249000305282
-5.450209463381559,-3.065765982209888
-5.449302049118867,-3.06799704281372
-5.448210939285577,-3.0700587831446873
-5.446902387998004,-3.071880852060518
-5.4459647978392915,-3.0736835373206177
-5.444904633458727,-3.075360681609841
-5.443697566088488,-3.077141278204098
-5.442230055418766,-3.0786266212440494
-5.44116648632163,-3.0804823899205083
-5.44026434742322,-3.0822240768455638
-5.439533103434388,-3.084158501257353
-5.438511326150645,-3.085825543496398
-5.437577184557168,-3.0874305782065603
-5.436471887743821,-3.0888416973435513
-5.4351989907138165,-3.0910459739686273
-5.434268043117484,-3.0932730536579918
-5.433488842790972,-3.095998163815711
-5.432330719607173,-3.0992201900740484
-5.431022083389211,-3.1022961631816277
-5.429778994060165,-3.1053256964405294
-5.428336952802706,-3.1081504365295998
-5.427058231637656,-3.111161324812135
-5.425577647786347,-3.1143142291001213
-5.424394250108791,-3.117773278577796
-5.423337615412813,-3.121343063248822
-5.422427943827634,-3.1248089566451056
-5.421402966763365,-3.1281741549361244
-5.420225012394289,-3.131560501305498
-5.418955763530892,-3.1350548165972016
-5.418055828514385,-3.13865634745164
-5.417374958811797,-3.1424710320297553
-5.4166670923375575,-3.1465730618905043
-5.415978843188924,-3.1507240566822534
-5.415119462650048,-3.154700515056615
-5.4141411121290615,-3.1585672919424495
-5.413391000704869,-3.1624352843083434
-5.412597647684427,-3.166416311213319
-5.411315534539511,-3.171476299396768
-5.409954696312635,-3.1763812889890652
-5.408834118019522,-3.181507443300151
-5.4077169785294625,-3.1864733664402523
-5.406812682328496,-3.1912098226986205
-5.405763344932626,-3.1958015543092517
-5.40441903002352,-3.2002873315079277
-5.402902938835838,-3.204579768486739
-5.401755039178377,-3.208717894141644
-5.400639321677261,-3.2128029745512734
-5.399665922404215,-3.216903607451194
-5.398433054647368,-3.220752484112843
-5.396932068763593,-3.224521771427742
-5.395510271039014,-3.228103703758596
-5.393828775290168,-3.2316361550157784
-5.392179779287294,-3.2352063905814576
-5.3907201462459495,-3.2386436849484883
-5.389208301944596,-3.242006962320652
-5.387664564003573,-3.2453439996971367
-5.386197245726272,-3.248627394072712
-5.384561774407336,-3.2517511391991074
-5.382727235021574,-3.2547027531436297
-5.3806505746411055,-3.2582775626525113
-5.37864769851929,-3.261879665376954
-5.3770933856253365,-3.2659601510442995
-5.375490370171969,-3.270074896267263
-5.373826932896664,-3.2741211911281627
-5.372682733658554,-3.2777179727381633
-5.371389265046147,-3.2811556817463345
-5.370184837188445,-3.284343027705789
-5.369504301729797,-3.2881098272896447
-5.36888502687279,-3.2918962849723252
-5.368715489125273,-3.296027265536233
-5.368772910830369,-3.3003932503089595
-5.368771382117938,-3.304483734154871
-5.369223006495932,-3.308530481724814
-5.369821578905132,-3.312766206141371
-5.370824120335563,-3.316766089565832
-5.372294533436583,-3.321221809417384
-5.374218821311638,-3.325595129078959
-5.376018132994022,-3.32982959114718
-5.378045815124143,-3.3340889077477853
-5.38043284696096,-3.337730691833989
-5.382642897846744,-3.341175707322667
-5.3852831254798605,-3.344738019493047
-5.387459136585563,-3.348896069305914
-5.390261774643935,-3.35276108167898
-5.392951548452245,-3.356476065360662
-5.39592494217555,-3.3604329990888813
-5.399526063361574,-3.3639545837577196
-5.403737181428773,-3.3665239627052297
-5.408077352419438,-3.3692339538422442
-5.412834925229675,-3.3715131413170845
-5.417221415504194,-3.3735407378747753
-5.421977087379493,-3.3759046674037863
-5.427262479214942,-3.378149065894961
-5.432700775778315,-3.3803757279353897
-5.438348337473251,-3.3828396260209677
-5.444442569417146,-3.384890840809201
-5.450254247070611,-3.3866809225790453
-5.4561485107280685,-3.3885342625772634
-5.462237947803677,-3.390581414841527
-5.468492583545252,-3.3926217372886267
-5.474995967276986,-3.3949046506657266
-5.4817023809197565,-3.3969439978168037
-5.488129324953446,-3.398714098897286
-5.494472224299304,-3.4007259531018033
-5.5005958006533024,-3.402762418200355
-5.506895009549371,-3.404495371072692
-5.513343986558982,-3.4062785945533034
-5.520105185272098,-3.408379685245814
-5.526656050188597,-3.4105120263706885
-5.533450818531509,-3.4116491413351016
-5.54005567364085,-3.412627935450903
-5.546116386140117,-3.413392519454294
-5.552261995914336,-3.414034805530126
-5.558532834889657,-3.4148163813470616
-5.564413671802057,-3.4156483047352264
-5.570207033177723,-3.4164042837637627
-5.575610673308161,-3.417191045226753
-5.580675748659207,-3.41759669373891
-5.585463695545491,-3.4177882172485354
-5.589356453224635,-3.417934274952869
-5.593154212349656,-3.417972629834494
-5.596948119657548,-3.418196372624976
-5.600305235986835,-3.4184469664997863
-5.603755924388164,-3.4188016550367575
-5.606129105985296,-3.41962813660369
-5.608056979600103,-3.4200475894565923
-5.609323428439521,-3.4209235201978943
-5.610627486319459,-3.4218367268371974
-5.61218768877097,-3.422085860437989
-5.613436934778749,-3.4230632688306595
-5.614584232506104,-3.4243250986507
-5.6155538919861785,-3.425422640756437
-5.617121643038257,-3.4260777549651995
-5.618032352555806,-3.4271855684325443
-5.618940950519783,-3.4283164225108846
-5.619516998989003,-3.429147786703308
-5.619711198159454,-3.43024203749152
-5.620137549460477,-3.4315545309008355
-5.620641387185814,-3.4329563218192543
-5.620600907386062,-3.434732713657727
-5.620824407222193,-3.4368081986335435
-5.620526793356858,-3.4383781746460174
-5.619877066283237,-3.4401902395365194
-5.619432645674294,-3.442182070597321
-5.619165832693245,-3.4443660435472765
-5.6183812285213,-3.446905884474247
-5.6179741208492775,-3.449843294196308
-5.617190751155311,-3.4523857340202038
-5.616763900699372,-3.4546819286015458
-5.616324039860646,-3.4569538476431156
-5.615725813582002,-3.4590812768633796
-5.615425509872522,-3.46119364580802
-5.615483122804382,-3.4633572612340244
-5.61546954921912,-3.465381711852437
-5.615834964174806,-3.46714477544135
-5.615781362939167,-3.468955816479879
-5.61605444262366,-3.4703905527568386
-5.616082953400921,-3.4715511273029684
-5.616524767786797,-3.4728541927994416
-5.617177826314237,-3.4743702889067047
-5.617710985405108,-3.475751994429586
-5.618688836268125,-3.4771917704154007
-5.619893140891,-3.4785407803724375
-5.621020811295008,-3.4798039782165837
-5.622228164519554,-3.480705367512504
-5.6234544702354405,-3.481730511678195
-5.624928005982044,-3.4825937375769787
-5.6263012188976695,-3.4833340080766932
-5.627751673270667,-3.484426430186921
-5.629946425462427,-3.4854774962727233
-5.631844657518243,-3.4862473808587127
-5.633587090684048,-3.486942950316916
-5.635603139919665,-3.4874635259534528
-5.637339596702213,-3.4876529934030365
-5.639582014397602,-3.487765940601686
-5.641760158992118,-3.488411576063967
-5.644265570770333,-3.4888031536502755
-5.646826796124951,-3.4891167784356085
-5.648967371673132,-3.489928338989809
-5.650584984927172,-3.4902006203516707
-5.652241732192886,-3.490446199296645
-5.653919857234304,-3.490731649326787
-5.655441180537369,-3.490837935231732
-5.657105711728323,-3.490846082971318
-5.6587622901700225,-3.4908199508329765
-5.659954622984362,-3.4903558869931164
-5.661064719780506,-3.489948298778891
-5.661779400454033,-3.489138672732143
-5.662289751754759,-3.488122090692345
-5.662794854573524,-3.486829029486685
-5.663108546140082,-3.4853585686733277
-5.663328822034905,-3.4835027122372955
-5.663081835240279,-3.481232493675199
-5.662597354742709,-3.4787183342430823
-5.6615970023654425,-3.4756247672086005
-5.6607109946243535,-3.4725328639563227
-5.659506981619418,-3.4691080065133844
-5.658530348605666,-3.4659441781184452
-5.656790966882493,-3.4626349020439786
-5.654598425185112,-3.458825269593321
-5.652569622051755,-3.454872810477851
-5.6500538247055525,-3.4509832338181297
-5.647331483493204,-3.4471632775938894
-5.6445798874728865,-3.443370475189803
-5.641192637815218,-3.4393721750383333
-5.637851153460369,-3.4354041380398845
-5.6341540851182685,-3.43168007634198
-5.63015227756264,-3.4276914444588704
-5.625757398301482,-3.4233140730360856
-5.621488021408774,-3.418849505565629
-5.6172668365925364,-3.4144331112497324
-5.612736083138769,-3.409714001946699
-5.607889554250017,-3.405212178114981
-5.602470781134524,-3.400170919401444
-5.596989064996925,-3.3950211829165675
-5.5917293842761735,-3.389717238780711
-5.58634330668102,-3.384295519392955
-5.580823423799378,-3.378734576753054
-5.575989594672709,-3.3722842604195806
-5.570845913774897,-3.3655727584359822
-5.565800937546922,-3.3589523224628994
-5.560423157852923,-3.3518792490395466
-5.555075346700258,-3.3447707587958395
-5.549424776162556,-3.33738228413784
-5.543944534253542,-3.3298482742643976
-5.538365214628505,-3.321818146715879
-5.5328483227084195,-3.3138453549532563
-5.52701021479713,-3.3056574913610945
-5.521023967071334,-3.297667673696736
-5.515160108553903,-3.2897905696127157
-5.509476000178326,-3.2817872397301824
-5.503702096919777,-3.2736540763951036
-5.497976376267054,-3.265533273414217
-5.4919941918034,-3.2575893213838727
-5.486034566948228,-3.2496705284060234
-5.480381481927805,-3.2420342060548535
-5.474544347632732,-3.234524482784873
-5.468885634922394,-3.2272152008784154
-5.463173931284693,-3.219856716565117
-5.457023532903141,-3.2130907712248904
-5.451090989211681,-3.2065277971646227
-5.446219245916,-3.1992363308624907
-5.441730728293086,-3.1923265899401776
-5.436838949483172,-3.1857003658639225
-5.432625863812885,-3.179837538090701
-5.4278833430240745,-3.1735854046174454
-5.4228692831214635,-3.167885127262858
-5.417969847635792,-3.1623075078086633
-5.413621358992774,-3.1572381288063576
-5.409398215401577,-3.15284085653244
-5.405369124909114,-3.1489891013315745
-5.4016106249533715,-3.145386861347054
-5.397916699210796,-3.1419108256466
-5.394400602456683,-3.1386345391482946
-5.391411404433812,-3.1358440288431013
-5.388352947111694,-3.133444931112186
-5.385642032679206,-3.1315562675595223
-5.383745203227006,-3.130417923716308
-5.3820820292606655,-3.12935212360219
-5.380493016750147,-3.128577960720873
-5.378990714504753,-3.1278834743940322
-5.3777168343315545,-3.1271823607540554
-5.376739174604623,-3.126580508012759
-5.376824951661354,-3.1269591170678925
-5.377460685271955,-3.1274175899512637
-5.377996601374915,-3.1280634283677062
-5.378973482006465,-3.1283482028628575
-5.380250036906341,-3.1289254510861406
-5.381370742106829,-3.1300271642946176
-5.38279440304232,-3.1313311089708913
-5.384810717923332,-3.1327067125540515
-5.387890312808798,-3.1345533816014646
-5.391137007716643,-3.136657104538831
-5.395025079489156,-3.138902747525535
-5.398838633120741,-3.1410650129667914
-5.4032292237373785,-3.142819906099833
-5.408036272529872,-3.144959013430876
-5.413145862435864,-3.1474389779099603
-5.418749061702002,-3.1495706054396218
-5.424502052318089,-3.1518406395776153
-5.430206753597917,-3.154056791804656
-5.436231467041483,-3.1560472632355867
-5.4423240586079675,-3.15813290315205
-5.448659083610917,-3.1601049378458015
-5.455326843484667,-3.1620516970747787
-5.4616907547106734,-3.164905239356462
-5.468220389399637,-3.1677497650695248
-5.474829318392284,-3.170549571064967
-5.481369553902433,-3.1732862387256944
-5.488308619426472,-3.175598916350549
-5.495250156622067,-3.1778910271832053
-5.501426773882452,-3.181494923802139
-5.507779437125137,-3.185285327750078
-5.514295461657553,-3.1889622164754243
-5.52022462146574,-3.1920363829934266
-5.5265239048258525,-3.1954395516816185
-5.533413333769016,-3.198431326559666
-5.539989910245934,-3.2011118702158075
-5.546559004835761,-3.2038120222492372
-5.553285401878641,-3.2064035874093872
-5.5596286595029145,-3.2085645062332455
-5.565669367163528,-3.2104038090645877
-5.571619139280776,-3.2123080410219176
-5.577143358598468,-3.2137833262966113
-5.582592123249947,-3.2152000863914125
-5.588141969773426,-3.216547526269772
-5.593338302849379,-3.217482336271317
-5.59801848893351,-3.217922961006427
-5.602389196930153,-3.218580222644447
-5.606332519166923,-3.2193914675055524
-5.609874294270787,-3.2198325458003683
-5.613347508870121,-3.220322136331522
-5.616596985465637,-3.2205571336193035
-5.619252814697409,-3.2202466227186384
-5.621518754540262,-3.2202079929195273
-5.6235048628460556,-3.219851351858908
-5.625192258020286,-3.2199847113221307
-5.626775039158959,-3.2198306375549253
-5.627864266059702,-3.219763787121565
-5.628403502586951,-3.2191921539254755
-5.628440469883279,-3.2187461700071935
-5.627225199766434,-3.2176193867623097
-5.62574125344158,-3.216201934409376
-5.623904507419605,-3.214771548044193
-5.62176251247401,-3.2129949165505054
-5.618690430416625,-3.2111101786807765
-5.614956847742972,-3.2089327319314376
-5.610720199254495,-3.2061848575733465
-5.60592308702297,-3.2034051719175047
-5.600696442547874,-3.200870035117026
-5.595432771073378,-3.198293296673808
-5.589943788460462,-3.1950336538124784
-5.583999895327974,-3.1918754681686217
-5.577834466029939,-3.1884661877962768
-5.57097474045446,-3.1847767399331026
-5.563889768911775,-3.1807306552381864
-5.556717512059864,-3.176585173397133
-5.549431380771237,-3.1724543702968626
-5.542131440581028,-3.168715357545221
-5.53486323442595,-3.165011662467233
-5.527212199813342,-3.1609766560312034
-5.519084291394521,-3.157157178807563
-5.510830224990812,-3.153193956471643
-5.502419391111319,-3.1491266516674346
-5.494519863529023,-3.1455751104102694
-5.486181898106241,-3.1424306050990634
-5.477445476891742,-3.1391261055547064
-5.468421943788848,-3.13635960493789
-5.45907995118739,-3.1333255061310856
-5.449789171816258,-3.1302586355702933
-5.44066918428494,-3.12734229135995
-5.4319738848938135,-3.1243336622460713
-5.423256813183518,-3.1213437270741977
-5.414957839283411,-3.1187838815040947
-5.406807430003061,-3.115939130265457
-5.399095928985851,-3.113241730781586
-5.391382162292216,-3.1105503614152674
-5.383998689370339,-3.107794022478308
-5.377103394469172,-3.1051531924989675
-5.370381733026979,-3.1020674366372405
-5.364222482095812,-3.099048526423451
-5.358071732945246,-3.096158256711152
-5.351819307437833,-3.0931525641680966
-5.346005189138388,-3.0899045858891805
-5.340817037742927,-3.087082312084584
-5.335913372261388,-3.0845792242533023
-5.331206536835898,-3.0819094629628316
-5.326554214242559,-3.079480132021114
-5.321913566737095,-3.0770633582197715
-5.317884057768872,-3.0746836053069027
-5.314293054853102,-3.0725961370100103
-5.311428170672244,-3.0713239662120744
-5.308689355996643,-3.0700678119327613
-5.3060750785919035,-3.069065899342712
-5.303290230267002,-3.0693404576815646
-5.300936862812328,-3.0700066249712346
-5.29917821472455,-3.0702510436016826
-5.298069677090819,-3.07118423905442
-5.297447479009145,-3.0726116544849313
-5.297456548441174,-3.073591167893231
-5.297962598053365,-3.075046041797417
-5.298307926477155,-3.0773705346046785
-5.299266485750723,-3.0792601978493725
-5.300244322311411,-3.0812059448950264
-5.301786963605386,-3.083692551130375
-5.304038277439944,-3.0856770031071608
-5.306580301047202,-3.0879546897825314
-5.309086055767588,-3.0903242114480234
-5.312006586649758,-3.092706994075306
-5.314877101122892,-3.095053245539529
-5.318224908630451,-3.097659935021598
-5.322213865760704,-3.1002551608768387
-5.326090944290606,-3.102748809294339
-5.3301630061644785,-3.105319962294576
-5.334020815380188,-3.1076504076225686
-5.338466709258584,-3.109726731284736
-5.343153557081031,-3.1120735672901474
-5.348137235505077,-3.1143602445347875
-5.353528814577465,-3.1170145792712542
-5.358832217757509,-3.1194472134605435
-5.363916747608032,-3.1217970501570784
-5.3687069745621585,-3.124383038709406
-5.373751792519537,-3.1269658236019158
-5.378750085093047,-3.1292707328398826
-5.383666994228146,-3.131931390820567
-5.388213280042435,-3.134249765996907
-5.3929707843079635,-3.136335703017098
-5.397266328636492,-3.13833550689983
-5.40128459786221,-3.1400791143640023
-5.405479946752037,-3.141835977138431
-5.40933261637615,-3.1437145796696946
-5.413251926050376,-3.145654125154614
-5.4176729958487115,-3.1475391184958443
-5.421603145006302,-3.1495986012294903
-5.424719644268971,-3.1508984207238218
-5.427579524544705,-3.1519088259098815
-5.430506726593003,-3.1528726284243707
-5.433394979405609,-3.153800114936146
-5.436314235853288,-3.1547619428663953
-5.43906951702176,-3.155839784698333
-5.441471868593571,-3.1564396965441373
-5.443510688165708,-3.156629617250145
-5.445613258827907,-3.156775120060661
-5.447549072826842,-3.1567666277817934
-5.45017419900478,-3.1560602153448745
-5.453106147180982,-3.155192673405894
-5.455643482362577,-3.154594123406796
-5.457987845265735,-3.1537975476141455
-5.460220644141727,-3.152874608080109
-5.462010439599405,-3.151940313729801
-5.463548076366853,-3.1505067030650324
-5.465019234337964,-3.1489977009673984
-5.466333897751656,-3.147831301405334
-5.467679658573285,-3.146926750564129
-5.469015180956757,-3.1460103580514653
-5.470174972967328,-3.145056429434884
-5.471120396752656,-3.143807903667007
-5.472091888134169,-3.1424463352477185
-5.472852804291328,-3.140855835622057
-5.473799556426918,-3.139218009398275
-5.4747572700898415,-3.1377708667920534
-5.476340403105818,-3.1349512849436234
-5.477859745542211,-3.1320727452900265
-5.479517611487229,-3.1290070109191883
-5.481193489845606,-3.1259161059611427
-5.482876410616734,-3.1228312353155507
-5.484728443162826,-3.119869536513799
-5.486676781876167,-3.1166889485345926
-5.488220542506356,-3.1130900042326837
-5.489789914997336,-3.1094817583762047
-5.491519346819428,-3.105760682043485
-5.493312571646687,-3.10211402663372
-5.495146525210506,-3.098536338285473
-5.4967601112367985,-3.0951135571871164
-5.4984898871375485,-3.0917717520865335
-5.500246005650458,-3.0884389464629773
-5.501739391333226,-3.0852908728910493
-5.503328879243371,-3.082279665275571
-5.5050416583283015,-3.0794087840051674
-5.50647675780438,-3.076733359523966
-5.508231475555417,-3.074365140311088
-5.509878612818526,-3.0719072033113672
-5.511133222598582,-3.0697256802309933
-5.512468743385463,-3.06763753810161
-5.514700292245771,-3.06490962028964
-5.517239486275482,-3.062321379882727
-5.519579025174843,-3.0600272463991174
-5.521862622759424,-3.05768244853852
-5.524112673568385,-3.055526005384644
-5.526195836760149,-3.053477087660655
-5.5284231266238555,-3.0517123381875906
-5.530899384359038,-3.0501452635884605
-5.533351168397478,-3.0487824578301965
-5.53562569248452,-3.0472581939236902
-5.537680574583635,-3.0456634219755436
-5.539351263744897,-3.0441438763528184
-5.541238376190326,-3.0428525212978963
-5.543191622310694,-3.0415145733876674
-5.545171602485204,-3.0402077531093967
-5.5472541453969075,-3.038995228883927
-5.5492683419086575,-3.037830801201078
-5.551116327021524,-3.036477522450727
-5.552676880238379,-3.0348622336449074
-5.554450378353063,-3.033097036547923
-5.556131724420809,-3.0312273773899765
-5.558030952170847,-3.0293994848936783
-5.559847473374879,-3.027565965369193
-5.561951877447435,-3.0254412129785635
-5.563915560953269,-3.023486590923109
-5.565613160766564,-3.021508257150487
-5.567178376566524,-3.0194077387233484
-5.568020984387696,-3.018303173106258
-5.569259356939151,-3.0175598334604974
-5.570536196155781,-3.0168606125756687
-5.57170362256085,-3.016238466393266
-5.572593253541417,-3.015363115127961
-5.5732557108699154,-3.0142283718003697
-5.574058425979335,-3.0129948533410134
-5.575011241139294,-3.011898352668905
-5.57616430273097,-3.0110309003310776
-5.577175472193094,-3.0102634395932517
-5.5780885715570045,-3.0094067375564406
-5.578721532031072,-3.008229914706668
-5.579372661118492,-3.007040341673632
-5.579368115238976,-3.005237627329798
-5.579437313954891,-3.00350761719239
-5.579116892835259,-3.001323956239551
-5.578904778798343,-2.9992391226908497
-5.5784044838832525,-2.9971259584722576
-5.577961313396356,-2.994753311862871
-5.57673712956356,-2.991669151699809
-5.575335583015565,-2.9887417218094705
-5.573898209966169,-2.9858398303132745
-5.572281348734341,-2.982731117520863
-5.5697913474450536,-2.980284890038157
-5.56694027213471,-2.978093578600644
-5.563908352870272,-2.975695303072076
-5.560778079039315,-2.973207429651675
-5.557536698350819,-2.970798095735474
-5.554318148806747,-2.9684148612099714
-5.550695057055225,-2.965663071517027
-5.546804739824763,-2.963100467639745
-5.542699540966192,-2.96029195686782
-5.5389193134747785,-2.957779493548587
-5.535051213128474,-2.955329306639752
-5.531461110069352,-2.953196956530993
-5.527523469153982,-2.9507478556193147
-5.523454636869385,-2.9482467919332156
-5.519400546722038,-2.9457259967633997
-5.515587095852073,-2.9434578646130722
-5.511415566250306,-2.9414437669758002
-5.507599704580649,-2.9398157846483124
-5.503821995541627,-2.9381981197916773
-5.4998719325013425,-2.9367030320737273
-5.495857385158901,-2.935316050739323
-5.491621061460986,-2.9338840575111518
-5.487585941843558,-2.93268145080238
-5.48319977048524,-2.9319082645844925
-5.479246314699822,-2.931232135713052
-5.475407212545668,-2.9306453583549006
-5.471525367781875,-2.9301066179134563
-5.4674228582517355,-2.929588089446502
-5.463124431222352,-2.928893242583779
-5.458690568175076,-2.928313591504642
-5.454547457259464,-2.9278729558772265
-5.450276014907575,-2.9277995564704837
-5.446099322624248,-2.927833628111949
-5.441912831449334,-2.9279250521541744
-5.437600132331624,-2.928165317573078
-5.433450723269845,-2.9285908779297887
-5.429160600649253,-2.9288015027842147
-5.424593970869808,-2.9293879145622053
-5.420197370285356,-2.930166789036832
-5.4158778160627135,-2.9308770064847813
-5.411840838587664,-2.9320853371148474
-5.408104158740047,-2.9336457493247874
-5.404503129339133,-2.935417268498381
-5.400682955942758,-2.9373790535520867
-5.396729485551671,-2.9396575248181342
-5.392911189990759,-2.942087817658739
-5.389528426273388,-2.9449557220818265
-5.3863782001914,-2.9477273396710824
-5.38338476915921,-2.9503872678613527
-5.380631073575974,-2.953307799716713
-5.3780383102160565,-2.956352598209723
-5.37579545871165,-2.9591482073139375
-5.373437523538736,-2.9618587255662985
-5.371049581985943,-2.9645293652617384
-5.369201676968049,-2.9668156843168205
-5.367453533214153,-2.9691889698367806
-5.365843850313476,-2.971666628920373
-5.364441267302965,-2.973996813981398
-5.3630571956439415,-2.976368058079333
-5.36123641387273,-2.978285412445371
-5.360037206261421,-2.9797607227209646
-5.35878713220349,-2.981152153415724
-5.357527644274759,-2.9825076358905793
-5.3565280898480525,-2.9838236238394096
-5.355303854348814,-2.9849332854388337
-5.353534601349957,-2.9854266520906454
-5.351248721743062,-2.986868015103407
-5.34920335874253,-2.9879981014079053
-5.347047398358058,-2.989049335444378
-5.344901287209489,-2.989922228023424
-5.343174243649788,-2.990444626708815
-5.341204576470664,-2.9906649928877536
-5.339302555832297,-2.990529826273588
-5.337412674991153,-2.990200215472332
-5.334905098701787,-2.9893034808036973
-5.3327491892827155,-2.9882750839194276
-5.330440728216589,-2.986978949261656
-5.328126392375804,-2.985677604342729
-5.325722222914137,-2.984417511080842
-5.323437946184422,-2.9830262426968486
-5.320785275933198,-2.9812867336973308
-5.318680319306657,-2.9791564235401706
-5.316426842396216,-2.9768585468506616
-5.313862807737562,-2.974275266635484
-5.311454808385338,-2.971579701879552
-5.308560079722674,-2.968334798677934
-5.305736460345247,-2.965155042073655
-5.303284245385851,-2.961708788701738
-5.3007478305855615,-2.9581672622697384
-5.297658036034847,-2.9541169587857787
-5.294694119159592,-2.9499832510197495
-5.291378208092594,-2.9455308837695164
-5.28808292670305,-2.9410465431507262
-5.284871035263334,-2.9362454619709504
-5.28185977525456,-2.9310784461081454
-5.278857882743755,-2.925921352725991
-5.275741405698403,-2.920617597513087
-5.272475323089352,-2.915243976373865
-5.268920514160796,-2.9096703650877136
-5.265119795105264,-2.9038701341898685
-5.261235055400543,-2.89846449085563
-5.257393355238718,-2.8932689136371432
-5.253675067573059,-2.888167038064624
-5.250215560913714,-2.882973885516775
-5.246258785696547,-2.8778279420225634
-5.242179419938345,-2.872568088438264
-5.238320221561413,-2.8673379990190915
-5.234716557272731,-2.8623226716757286
-5.23128712084402,-2.857354579504568
-5.2281389739358906,-2.852685407834438
-5.2247699747780185,-2.8481726820253424
-5.222075884457763,-2.8423957547676646
-5.219626251643822,-2.8368945311518945
-5.2170323600874555,-2.831602570967107
-5.214348280765328,-2.8261934038316534
-5.212341627633589,-2.8214915244363383
-5.21138660297379,-2.8154651962073194
-5.2102365164704185,-2.8098241718540184
-5.20933636816487,-2.8043934252364022
-5.208413461154831,-2.7989364876963574
-5.207277950650605,-2.7936322817359986
-5.206801238625084,-2.7890136917324755
-5.206297187032006,-2.7848003578402696
-5.205952344851032,-2.7806615028816823
-5.20606274206472,-2.7769392986154573
-5.205906506491387,-2.773449192852317
-5.206012717899886,-2.7701532968878846
-5.20637824722081,-2.767094657047627
-5.207030342015147,-2.764216919456369
-5.207807222603841,-2.761295138514669
-5.209045771838754,-2.7587955777391824
-5.210134814745285,-2.7565942593000274
-5.21136013816804,-2.7545764435807008
-5.212843872556911,-2.752794903792506
-5.21521729466355,-2.7497399531971762
-5.218047780132114,-2.7472042986087013
-5.22104369276056,-2.7447478579979343
-5.22443279535554,-2.7426297062700593
-5.228130236027029,-2.7408624084162927
-5.23219253364535,-2.7397512884388684
-5.236234192135265,-2.7385948485463936
-5.2403803521687555,-2.7374779986823192
-5.2447324907463875,-2.7366604685686067
-5.249276768607434,-2.736018929403016
-5.254108471752605,-2.7355254708804226
-5.25891755056164,-2.7350007187388834
-5.264153056937515,-2.7348655517092997
-5.26926217409569,-2.734486225794396
-5.274502738535253,-2.734419801915084
-5.279738074995888,-2.734376156589768
-5.285289803600943,-2.733951340044692
-5.290507442688991,-2.7331804202879337
-5.295903583473876,-2.732593164451398
-5.300839039273877,-2.732337805498853
-5.305932998788349,-2.732220666372155
-5.310740486904252,-2.731844193815502
-5.315305959795071,-2.7316417652969514
-5.3198096271004145,-2.7309491649825137
-5.324208386592343,-2.7302679584218814
-5.328467201858985,-2.7294728402640422
-5.332092187219756,-2.729133884697657
-5.3349215831662775,-2.729936973005764
-5.337638334915674,-2.7306109412005037
-5.3401474446201345,-2.731327319199293
-5.342808171273238,-2.732217452038675
-5.344884321959115,-2.732576216705615
-5.34647810788062,-2.733281840457297
-5.347765208549482,-2.7336368898843757
-5.349082332568939,-2.7340377275492593
-5.350475979254523,-2.7345992170225353
-5.351760407202078,-2.7352928056280725
-5.352418170490725,-2.7354166838821916
-5.352757046063181,-2.735386190569317
-5.352781855540954,-2.7351029598169982
-5.352587374259539,-2.7346204105620293
-5.352309734918715,-2.7341583707736827
-5.352058812599642,-2.7338306911979404
-5.351532633869848,-2.7332527620599443
-5.3509322459101964,-2.732343345052334
-5.350038248364138,-2.731284507830085
-5.348551641555779,-2.729686919011619
-5.3469890388994505,-2.7279559574045527
-5.3452374190969785,-2.7265493952053155
-5.343644235930599,-2.725286840381239
-5.341158256274698,-2.72513370255029
-5.338326327862784,-2.724623356996693
-5.33535222789363,-2.7239827834498858
-5.332186636503955,-2.723249378502575
-5.328677525994586,-2.722122768664675
-5.325727565590003,-2.7207777563305844
-5.322924660294191,-2.719593333073182
-5.320036655951857,-2.718355968459089
-5.317004710460295,-2.7169311595284804
-5.313742268828497,-2.715251266633169
-5.310467286573727,-2.7132265479486968
-5.307301438368619,-2.7113066604554157
-5.304000444609499,-2.7092845284849654
-5.300788061661342,-2.7075323157712474
-5.297439671806519,-2.705514103330935
-5.294082022645864,-2.7034103609766933
-5.290333698795024,-2.701774119669018
-5.286811599269214,-2.700316412456659
-5.283292492487581,-2.6988613921156754
-5.280026521464863,-2.697227502305582
-5.276704906155487,-2.695687821334484
-5.273673075602618,-2.6944119297661313
-5.27071826700262,-2.6929964642344015
-5.267610466817487,-2.6918231963209354
-5.264357384217354,-2.6905234730328593
-5.261188530094756,-2.6892957357901928
-5.2585137499414305,-2.687710307353498
-5.256096527306978,-2.6863599786948846
-5.25378285736225,-2.6851285781226486
-5.251541403434434,-2.683844666031213
-5.249172187934695,-2.682445738385411
-5.247082667719482,-2.68129479161526
-5.245312143105432,-2.679912536629414
-5.243828735848755,-2.6788321433763627
-5.242524403829779,-2.677970665065656
-5.241048467737284,-2.6772333726420143
-5.239683338121875,-2.676590384015008
-5.238809554726294,-2.6764352897459083
-5.237874483595948,-2.676324540762099
-5.237240221285112,-2.6765470473805153
-5.237289010146882,-2.677517653100615
-5.237477926050637,-2.6783311367303675
-5.237334855246249,-2.679230859159739
-5.238063810247358,-2.680981282737929
-5.238612511822625,-2.6828622869340943
-5.239784809318318,-2.6854541096555398
-5.241399165389524,-2.6884486100284155
-5.243188860068365,-2.691315987191902
-5.245344177140378,-2.6940303851291305
-5.247798681857976,-2.6970173693923223
-5.2503047443979085,-2.7001346396027515
-5.253076128157622,-2.703516545266083
-5.256330085710522,-2.707410547264917
-5.259779802429929,-2.710773536496726
-5.263465872937037,-2.714405927071653
-5.267012237617896,-2.7183169026778478
-5.270602851392329,-2.7219804423850458
-5.274320068036294,-2.7257439357008333
-5.278930130017239,-2.730321190579282
-5.284032112825329,-2.734905916272207
-5.289204243884787,-2.7399002117304723
-5.294582623325677,-2.745082489054984
-5.30023051749818,-2.749904579209228
-5.305947002776254,-2.7546363557955194
-5.311979462910549,-2.759438890013062
-5.31872603230525,-2.764941147302771
-5.326105717375149,-2.7698012615279044
-5.333586313608772,-2.7748560684840173
-5.341338721886832,-2.7801584881668524
-5.349456620997466,-2.785195066506376
-5.357464374651984,-2.7899477601850085
-5.365582299355791,-2.7948005409201917
-5.373834258462567,-2.7996416284129793
-5.382111797724074,-2.804570407558968
-5.390851875486121,-2.809920124593553
-5.3998653657518645,-2.815113880213482
-5.408752711367982,-2.8203189305091882
-5.417125928189505,-2.825055494376684
-5.425421622761077,-2.82972374226097
-5.433713456508929,-2.834360291877519
-5.442293812365133,-2.8392949489374697
-5.450571935408773,-2.8445009890752213
-5.458685143975514,-2.8497501285251716
-5.466666313095549,-2.8555078928154396
-5.474165301495943,-2.8607705355364708
-5.481689456371407,-2.8661559240572263
-5.489153409368226,-2.8715055160980256
-5.496219040557626,-2.8768168397724976
-5.503523809871847,-2.8820617888826363
-5.511114686342165,-2.887644647764348
-5.517690898877901,-2.8929440713876886
-5.523864975041192,-2.8980614249408334
-5.530333977704456,-2.9030492221044653
-5.535866575897089,-2.9073984265249537
-5.541383979549277,-2.911654287864654
-5.5466729910114365,-2.9156482747504073
-5.5513674060098515,-2.9198187904569566
-5.555720605080895,-2.924006620065541
-5.559879404112288,-2.9279715568930653
-5.563491854562218,-2.931610582795741
-5.566750064956131,-2.93497990479507
-5.569742924877583,-2.938044956739103
-5.572388919345917,-2.940726942865874
-5.5746383140916524,-2.9436770976933477
-5.576497906651461,-2.946180210663748
-5.5781395076149884,-2.948474668868516
-5.579459810793594,-2.950738370205595
-5.58035082713343,-2.9525097650956122
-5.580741583377856,-2.9534667422401553
-5.580385077681707,-2.955295464199697
-5.579982438949675,-2.9570245419027037
-5.579224627068047,-2.9584226368573425
-5.578067996257441,-2.9601024253626234
-5.576912103736188,-2.961787893069165
-5.575333104156158,-2.963226880382415
-5.5734517325921855,-2.9640631330728704
-5.571143187835978,-2.965121657569481
-5.56875684764271,-2.966090879993862
-5.565915977677854,-2.9667883281108356
-5.562797678460981,-2.967831289197207
-5.559760378198253,-2.968966486605188
-5.556645787712719,-2.9699768144500984
-5.553385453538413,-2.9710286696348684
-5.550165531222954,-2.971948848156629
-5.546679090394103,-2.9726314486837335
-5.543157365789034,-2.9736903931486856
-5.539635629481817,-2.9748292994493473
-5.536561787263117,-2.9764192954001913
-5.5334870143845984,-2.9779806147306234
-5.530495154042586,-2.9795191633975815
-5.527569053571121,-2.9811320015156957
-5.524997955412915,-2.9825289041092615
-5.522310195457888,-2.984085320028828
-5.519828812246956,-2.9847634345673044
-5.517627456333291,-2.9857054568563095
-5.515876951925074,-2.9866138495667127
-5.513856444827146,-2.9875644336448257
-5.512240262002743,-2.988560315442577
-5.510464998159605,-2.9894107128668006
-5.508264968880174,-2.9899548398087865
-5.5065219892091575,-2.9901466890713695
-5.50534676962758,-2.9908570095826437
-5.504020943525236,-2.991594690446283
-5.50307226217178,-2.9924546190794437
-5.50216522406771,-2.9933525638581338
-5.501080743593746,-2.994018488318044
-5.500286009076365,-2.9941989266756206
-5.499606319139346,-2.99448452455584
-5.499012953557459,-2.994778106491136
-5.49865923035438,-2.995150320703128
-5.498749228401751,-2.9959279998482593
-5.499151142494203,-2.996793365439455
-5.499402296953299,-2.9975639103505207
-5.499399234932911,-2.998387233381679
-5.499627268751261,-2.9994738095611724
-5.4997583303026065,-3.0006983436638675
-5.500235276655665,-3.0019357236069797
-5.501348470632352,-3.00382860983708
-5.502254250864734,-3.005894045529578
-5.503620489877792,-3.007290810063067
-5.5047759160741965,-3.0084774786847466
-5.505900280769534,-3.0097472259878386
-5.507201009844319,-3.0111406501634743
-5.508679617045487,-3.0124425549479152
-5.510527033877585,-3.0141301819036594
-5.512139648197275,-3.0159835421046686
-5.5139373489208285,-3.018036654155771
-5.515485888300303,-3.01984767625352
-5.517232381607079,-3.021518850104459
-5.518729921039191,-3.022927244296569
-5.520533062164641,-3.0246403570464357
-5.522364076666062,-3.0265280767980873
-5.524195372701313,-3.028386143401097
-5.525790455911395,-3.030151511010481
-5.52751379888393,-3.031779949608482
-5.528915970322303,-3.033114830094035
-5.5300658093504165,-3.034855928849941
-5.531091829698466,-3.0364560271284993
-5.532032060050552,-3.038075381065642
-5.533030677716906,-3.039757655678705
-5.533802611948834,-3.0411818135469924
-5.534549083506196,-3.042589086136165
-5.53521220723774,-3.0436311812123993
-5.535646831449548,-3.044895880023718
-5.536129703008288,-3.0460573461169815
-5.536458567498775,-3.0470780689563166
-5.537116030899959,-3.0481230559725625
-5.5374305920544336,-3.049079653788861
-5.53769905504684,-3.0499941559201176
-5.537954327655484,-3.0507155599844737
-5.5381694660596255,-3.051494396727322
-5.538067111893575,-3.0519829750773506
-5.5381850356786755,-3.052523422212669
-5.538007196070405,-3.052884549730455
-5.5379157215110135,-3.0533246945984343
-5.537636503080397,-3.053581020238286
-5.5376155817619575,-3.0539351805680304
-5.537345303938851,-3.054061344760978
-5.537065090736352,-3.054266668170058
-5.536655541985372,-3.0543157763123534
-5.535787875655586,-3.0547460376214066
-5.534727223302213,-3.055207189016627
-5.533813789452519,-3.0557655334550193
-5.533154206850803,-3.056269088416441
-5.5323478785596185,-3.056640997824494
-5.531622188023109,-3.0568860292655913
-5.530689414341264,-3.0572410315934615
-5.529379477451439,-3.057251109229377
-5.527994091705019,-3.057288502518919
-5.526499964945347,-3.0572249332375883
-5.525098960044195,-3.0572639091255684
-5.523967386371254,-3.0571130436888962
-5.522730749041731,-3.0568529491918435
-5.5210820837796515,-3.0564703348992572
-5.5193557071658645,-3.0561101825786094
-5.517445546584597,-3.0554805813778008
-5.515567325234473,-3.0548500737473945
-5.513934378494203,-3.0543471334890797
-5.5123158913605605,-3.0540641653004235
-5.510776277833122,-3.053888250568764
-5.509108935994965,-3.053489724854667
-5.507217133610435,-3.052754860339921
-5.505504323965322,-3.0521839384917198
-5.504014324579622,-3.051715393033634
-5.502441523249465,-3.05125042662048
-5.501083127606618,-3.051006084494209
-5.500156660629072,-3.050340564230113
-5.499030282908003,-3.0494479465861426
-5.497890577287298,-3.0485646157309807
-5.496477407876483,-3.0474309284560044
-5.495083677222359,-3.046319345988015
-5.493873441665433,-3.0450782149522175
-5.493080807371186,-3.0442194053684477
-5.492327735615217,-3.043405542163485
-5.4913223215490135,-3.042769629486567
-5.4900513152116455,-3.0418905717811184
-5.488559471841637,-3.040760690965045
-5.48733255052579,-3.039443661450651
-5.486229692153168,-3.038240200039001
-5.48521823964744,-3.037140570704611
-5.484217496334057,-3.0360332212968575
-5.483017761518814,-3.034708711101625
-5.4817928553234845,-3.0331937722873152
-5.480717599978864,-3.0316914755024604
-5.479363415830849,-3.0299337634201113
-5.478428951590933,-3.028197025496837
-5.477409859910869,-3.0256885692136595
-5.476671940669165,-3.023437339598892
-5.475948057546079,-3.0211032948344188
-5.475079928032412,-3.0186142166280243
-5.474101215028992,-3.0152213581067278
-5.4732865673054905,-3.0118184054985537
-5.472078339745219,-3.008038553554952
-5.4706764934145236,-3.004083159321394
-5.469190109803877,-3.0004428692109286
-5.467655688653045,-2.9967297133239383
-5.465985595545673,-2.9928966460074915
-5.464201547976404,-2.9890588518826156
-5.462130227875618,-2.9848586260636143
-5.460098234956299,-2.98070303195385
-5.457812895579048,-2.9765984651740607
-5.455353757440884,-2.9726679032573964
-5.452890898010326,-2.968733084392309
-5.450652715219452,-2.9650522084380984
-5.448126933275988,-2.9610406711166775
-5.445674855872316,-2.957112978529804
-5.443102080201587,-2.952997686736485
-5.440463575423738,-2.9489195095893255
-5.437737221124636,-2.9447413623540553
-5.435228256853263,-2.9403409948458643
-5.432504578402651,-2.9358504414172497
-5.429697403014901,-2.9312649033541995
-5.426976110128471,-2.9264193536425114
-5.42397547567452,-2.9214517142769107
-5.420909102356178,-2.9165948880812462
-5.4176366569789955,-2.9116803259727346
-5.414349616341575,-2.906859226252901
-5.411020994468547,-2.901990813403304
-5.407817386033616,-2.8970335077940637
-5.404562731418269,-2.892023402449871
-5.401429944736226,-2.8869071993112034
-5.397963346168929,-2.8817428207176317
-5.394466401340197,-2.8765507470682503
-5.390984360095528,-2.8713566044971435
-5.387565771320204,-2.865927166479076
-5.38426802402422,-2.860607971377841
-5.381179916531987,-2.8552907376750833
-5.378001971743986,-2.8500580550232657
-5.374647322115519,-2.8446641095218097
-5.371039668655196,-2.839486515129399
-5.367314217277064,-2.834091169144465
-5.364200429303115,-2.828490226428192
-5.3611640455733705,-2.8231025620490615
-5.358012536075236,-2.8176772420702245
-5.355292984343671,-2.812695587186376
-5.3521692267194405,-2.8077468697357455
-5.348800642111037,-2.8038051890420213
-5.345370632161192,-2.7997954883894582
-5.342067940863965,-2.7960213819380875
-5.339062701900169,-2.792586436334111
-5.336561923051161,-2.789514323874957
-5.333937239304398,-2.786517213399651
-5.3315894422205155,-2.783835817692882
-5.329416718778221,-2.781356273970121
-5.327466857302514,-2.7786874583051135
-5.325686147484716,-2.7762115574889354
-5.3240100813293605,-2.7739123195402278
-5.322739192140446,-2.771883745973245
-5.321817118629302,-2.7701736702776607
-5.320776778179722,-2.768656439391565
-5.319716018330965,-2.766838090876449
-5.318603479744234,-2.764967892087189
-5.317594174259909,-2.7629640518908682
-5.316863061887258,-2.761165255863479
-5.316557602382055,-2.759776921267359
-5.316678880448537,-2.758147232530746
-5.316616210986443,-2.756650079196714
-5.316504760167719,-2.7551086133803686
-5.316235397619154,-2.753387114787818
-5.315845577650158,-2.7519402904824912
-5.315534514743847,-2.7505876369106526
-5.315420004493398,-2.7495564667990484
-5.314970457207787,-2.7485288950061477
-5.314837978305296,-2.747790196237342
-5.314677043737316,-2.7470617296839706
-5.314702332267555,-2.746368787051509
-5.31442086157977,-2.7453964822050545
-5.314425700762395,-2.7445503685992683
-5.314223608940626,-2.743563480066885
-5.3143027933497535,-2.7428392229672305
-5.314105990182323,-2.7423138347792597
-5.314060916094312,-2.7419616623658833
-5.313692609909215,-2.741315148053908
-5.3134457377746545,-2.7405812612590297
-5.313136435055523,-2.7397761648850074
-5.312761851909547,-2.7389116792803074
-5.312337599045068,-2.738083119719574
-5.3118303312943915,-2.737159835894619
-5.311300618470632,-2.7367243629086078
-5.311054558087792,-2.736105194486902
-5.311016392284748,-2.735639886035222
-5.310590301987734,-2.735606955147797
-5.30969450766078,-2.7351462848467514
-5.308926907021738,-2.73459328004667
-5.30777292084711,-2.7335991999596922
-5.306847921964563,-2.732813645486091
-5.306278148538893,-2.7318292856815596
-5.305573723807761,-2.730734519816179
-5.304489199192193,-2.729214778540088
-5.303502480623287,-2.727332095228845
-5.302342286528112,-2.7253883888300123
-5.301271768965957,-2.723545009945152
-5.300236695453942,-2.7218273896431646
-5.299389140690903,-2.7202383473386518
-5.2984659901919136,-2.7185588052598018
-5.297516227684257,-2.7166918161442246
-5.296468011236996,-2.7146540456702097
-5.295370429089487,-2.7126110694206913
-5.294128442763108,-2.7106682768616235
-5.2930314008860995,-2.7085594094463836
-5.29215009170174,-2.70661029649016
-5.291035560436576,-2.705049948312878
-5.289804522117047,-2.703608055444872
-5.288198880874339,-2.7018251957089405
-5.286548950591986,-2.699890962905818
-5.284644697217339,-2.698393874988453
-5.282940453491388,-2.696856185224415
-5.281304236336227,-2.695358144144279
-5.279654300430011,-2.6938444720476054
-5.2780275825155885,-2.6923861298354197
-5.276721572761719,-2.6907866832740415
-5.275466877005563,-2.6891486277458454
-5.274165673129238,-2.687537626834481
-5.272527139284052,-2.6855692936142224
-5.271024271337082,-2.683502394483999
-5.2695540365036875,-2.6814439089994724
-5.268338195401119,-2.6796324930260313
-5.266976521855972,-2.677926193899896
-5.265639846414246,-2.676278820039769
-5.264061038372911,-2.674360111877707
-5.2626456593147815,-2.6723226035557337
-5.2611862003775105,-2.6702456545092
-5.259966969690666,-2.668396853150284
-5.258567777344811,-2.6666779651324264
-5.257737300540128,-2.6645703665008975
-5.257132306584113,-2.662667783863424
-5.256386423809527,-2.660748756600603
-5.255539349405648,-2.659037851452167
-5.254765000943646,-2.656884495660434
-5.254045028507015,-2.6547961418272505
-5.253369356910893,-2.652675545979028
-5.253001823675165,-2.6508466583970085
-5.253017979160449,-2.6493848679856082
-5.2527617715152894,-2.648120489930076
-5.252609711736778,-2.6469903166643762
-5.252439827567846,-2.6458564656593455
-5.252119155826541,-2.6447741882524465
-5.251957318332679,-2.643836323426944
-5.252249746124937,-2.6434176476743674
-5.252197205342463,-2.643249215447515
-5.252458598421312,-2.643371511017904
-5.25256460462483,-2.6434545734606085
-5.253022204213177,-2.643853936549568
-5.253285870004114,-2.644076965216168
-5.253632297711812,-2.6444155314017235
-5.254006943752262,-2.6449438183019933
-5.254736695492572,-2.6457949736576296
-5.25578660803344,-2.6457428592808494
-5.257003014952827,-2.6455699278627467
-5.2584598350047065,-2.6456758716467603
-5.259905268381692,-2.645808237005611
-5.261910012454474,-2.645354575295989
-5.263938580852066,-2.644928523680833
-5.266328832414206,-2.6448315017372086
-5.268732949003622,-2.6447242485893865
-5.271248234478077,-2.6447444939193874
-5.273990253307567,-2.6449710312295065
-5.277032607825882,-2.644979678501742
-5.280276139966224,-2.64521889298518
-5.283502270464182,-2.6454425896285287
-5.286732926121272,-2.645662731726471
-5.2900779059705005,-2.6460141720501418
-5.294024900875943,-2.646872826334459
-5.298516233034383,-2.6477420020870754
-5.30310046378881,-2.648929444983506
-5.307710519316539,-2.650140656920241
-5.312647152732245,-2.6509890142771173
-5.317538690719871,-2.651714879228253
-5.3228967248367685,-2.6528642542498626
-5.328744501266494,-2.65406827629748
-5.334731487376492,-2.655468736752801
-5.340801448952689,-2.6568602701558075
-5.347167897294648,-2.658510871099959
-5.354102160457024,-2.6595696742536976
-5.360730622005238,-2.6612912506078454
-5.367468059732299,-2.6628576470323244
-5.374694538974863,-2.664882144750917
-5.382397010350722,-2.6664389276454057
-5.390342507719074,-2.66823821904456
-5.398497092612648,-2.6697634356208413
-5.406546356198626,-2.6713336949274735
-5.414755082641554,-2.672600925173916
-5.422746709605593,-2.6736165909955774
-5.431204403589059,-2.674416721147318
-5.439867702502793,-2.675435511935321
-5.448388521908348,-2.676458762129513
-5.4568405965508715,-2.677389718696646
-5.465276407098245,-2.678292719183362
-5.473545753977696,-2.678848769325928
-5.482100627733031,-2.6795136009161586
-5.490776627959316,-2.679526320804535
-5.4998430211936675,-2.6798481995788612
-5.508330780590154,-2.680021200623914
-5.516698375691051,-2.680084161312227
-5.525151267236663,-2.6802226809717387
-5.533313288392013,-2.680362993753079
-5.541289301203123,-2.6803341712558773
-5.549007108768612,-2.6812748123162127
-5.55646635168017,-2.6824021076585325
-5.563706482093367,-2.6832773158540637
-5.570920139723954,-2.6841230755469683
-5.577767324674829,-2.6852325041849263
-5.584400665837096,-2.6861374341473456
-5.590917164508687,-2.686967754445898
-5.597386802382483,-2.6878324712345427
-5.603817774570764,-2.6886255795297584
-5.610021090324378,-2.6892304324950898
-5.615745889166429,-2.6901780560644775
-5.621183098023413,-2.690848867753937
-5.6265595310624015,-2.6914556363493864
-5.631867814304767,-2.692111581537077
-5.637134203325115,-2.692699583735385
-5.64199647841039,-2.6929317638481303
-5.646381075511888,-2.69350528022236
-5.65107388890154,-2.6930921480466203
-5.655572726094033,-2.692469516940204
-5.65979292506716,-2.6920458078865344
-5.66413560748859,-2.6917824675339554
-5.668114677071458,-2.6912293797851405
-5.671627752296531,-2.6906505151984104
-5.67524085808917,-2.690119348223485
-5.678847305938575,-2.6896197172261553
-5.682235326343956,-2.6889578406417347
-5.685002222824576,-2.6887726107938503
-5.687833302484,-2.6883874358648123
-5.690300892582825,-2.687894869145043
-5.692515026413694,-2.6871751388122562
-5.694379505051047,-2.6868286187596886
-5.696201675314064,-2.6864336331275087
-5.697715832048382,-2.6862102361757234
-5.6993909176705655,-2.6859038473286327
-5.700636480203105,-2.6856584007925703
-5.701896196735007,-2.6854638527601256
-5.702694321172812,-2.685479341207835
-5.703462376553631,-2.6854598631426754
-5.704515652762143,-2.685547964203324
-5.705495397061357,-2.685831818653178
-5.707330848795264,-2.685995177073162
-5.7089765312184095,-2.6861211590325813
-5.71008184134801,-2.686319383588978
-5.711076090762059,-2.6872230717083943
-5.711984357775756,-2.687964896154637
-5.712995841986927,-2.68863279264763
-5.714499746148761,-2.6898344648625927
-5.716098102276291,-2.691101313826446
-5.718068220441323,-2.6921027220796114
-5.720047369734414,-2.6931210017769898
-5.721895925584132,-2.6939613017817696
-5.723999416360361,-2.6946196025695843
-5.726319049562201,-2.6955273571133107
-5.728909535513587,-2.6966826849574166
-5.731752980756812,-2.697638079605239
-5.7346814605573675,-2.6986700015371836
-5.737671928087199,-2.7000358211988678
-5.741339275328885,-2.702029129348747
-5.745041427500991,-2.7040905417295598
-5.749232779460943,-2.706033717603757
-5.753738387705515,-2.7080429540699997
-5.758533023473602,-2.7102018407535673
-5.763534215895128,-2.712555383525178
-5.768319469930874,-2.715017090648553
-5.773347300753422,-2.7171933034783926
-5.778708211259015,-2.7196600981539003
-5.784370000866218,-2.7222072995995523
-5.7897334899247435,-2.7253544618796712
-5.795152764047733,-2.7285877477950713
-5.800302630391324,-2.731734635219993
-5.805763087811058,-2.734567974698735
-5.811721644249447,-2.7378107711288155
-5.81800849165955,-2.74143910926998
-5.824249284788634,-2.7446879291659085
-5.830739481598591,-2.7482061938449904
-5.837027184588441,-2.751486828585255
-5.843581008907915,-2.7547244296188698
-5.850151094122655,-2.7582332195923627
-5.856911632625129,-2.7619659382122475
-5.863588044357048,-2.7654717642472244
-5.87056101966946,-2.769175422845344
-5.8775106041540175,-2.7728516721879264
-5.884510687554738,-2.7765234063923634
-5.891380479722876,-2.7802868142545503
-5.8981109393435,-2.7839274019593665
-5.904902132341087,-2.7876041903942834
-5.911956609621526,-2.791095397287922
-5.919145607066417,-2.7946771598726654
-5.926270301250436,-2.798238207422647
-5.933369583848392,-2.80181707424948
-5.939608668333228,-2.8055181546150907
-5.9460319957767,-2.8094054519046767
-5.95275501259807,-2.8130829035293003
-5.959024300424213,-2.8162970854917138
-5.9653736086697515,-2.819669778997435
-5.971628099340922,-2.8231094130681735
-5.97760961167113,-2.8262013532337202
-5.983428197392847,-2.829141228786184
-5.9892635503199925,-2.8324597683963306
-5.994955698323567,-2.835641502347843
-6.000389229721786,-2.8388552771127276
-6.005812517273721,-2.8420925325935387
-6.011163959092895,-2.8452083263519414
-6.016066538651666,-2.848229292359606
-6.020895489758802,-2.8515509234058234
-6.025412385981497,-2.855146581377479
-6.029765550112055,-2.858265199061816
-6.033388839125496,-2.8607353108399027
-6.036859530929993,-2.8630313516022303
-6.039594092369344,-2.865492220486466
-6.042133033000117,-2.8677218688133155
-6.044806526042508,-2.8701812920549905
-6.0472978209738475,-2.872488432005548
-6.049830869799509,-2.8748448861892157
-6.051904249709274,-2.877294208626839
-6.0535558340889795,-2.8794544851809234
-6.054902054165229,-2.8812538434695187
-6.056260308663145,-2.8833970142333336
-6.057668091858447,-2.885478704867928
-6.059241989748667,-2.887756730487748
-6.060467943627374,-2.8902869275931637
-6.06117043433348,-2.8924189132944753
-6.061593313728534,-2.8942204416527355
-6.061775712733333,-2.896145832884113
-6.061561660236359,-2.8979007564199715
-6.061492120870892,-2.899826279700336
-6.061443081958488,-2.9020513164958492
-6.0613495583907895,-2.9040242592615573
-6.061059362187085,-2.905764788314812
-6.060377951064494,-2.9080195901379584
-6.059033819881911,-2.9101288230237947
-6.057740801547276,-2.91229812797794
-6.056313803332176,-2.9145775342343825
-6.055001874737888,-2.916980269791163
-6.053697534695108,-2.9196096275154186
-6.052312350195446,-2.9221980756924686
-6.050637575364668,-2.9249879974020767
-6.048787179164554,-2.927659703503086
-6.046621057882553,-2.930277807894997
-6.044747852875741,-2.9328562588299505
-6.043027794794232,-2.935596263609054
-6.0411108460383245,-2.93833103571666
-6.03892513142704,-2.9407476024833192
-6.036773244573855,-2.9431319090855026
-6.034351389308335,-2.9451353448403306
-6.032234059604254,-2.9469752587807188
-6.0300926741694,-2.948811576488044
-6.0279095273973144,-2.950676934394573
-6.025270504910063,-2.9520757562406943
-6.022527058162046,-2.9539043837024175
-6.019625703462784,-2.9552384066476614
-6.016870803398773,-2.9564544597092075
-6.013783259909513,-2.9573724295609383
-6.010767084038119,-2.9580152175265266
-6.007479908256674,-2.9586177730694114
-6.004472702787442,-2.958916836926104
-6.0012094103994,-2.9589358570446547
-5.997960191081269,-2.9590013806869035
-5.994342597342857,-2.958736558008922
-5.990732639487613,-2.9581472368205284
-5.987215430566931,-2.9575755900023672
-5.983263186644093,-2.956613679242213
-5.979176157613653,-2.955481668259308
-5.974956304425161,-2.954407248586658
-5.970410194289504,-2.953040043370464
-5.965610425158931,-2.951273212663949
-5.96117375460754,-2.9495365184052638
-5.956341716036469,-2.947444928684881
-5.951332832333656,-2.9452699589864584
-5.946396035553944,-2.9430046331896538
-5.941252640485879,-2.9405538279939853
-5.935910262246303,-2.937789237649446
-5.930968166986731,-2.9350099270529086
-5.925586034864678,-2.9329576844852863
-5.919971012872336,-2.9305297233483847
-5.914086576499469,-2.9281641620237937
-5.907862104476125,-2.925454420879305
-5.90152239661235,-2.9228534219258866
-5.895346792079438,-2.920385131081077
-5.889395310001657,-2.9173822345269596
-5.88373372325808,-2.9141935375040706
-5.878123151336965,-2.910816768168787
-5.872365695747472,-2.907057926033032
-5.866334235225116,-2.90305503500798
-5.860401559465659,-2.8989821696864406
-5.85440834752962,-2.8947876866945674
-5.848464482900907,-2.8902944414006257
-5.842653680521449,-2.8855623387472504
-5.836952836178651,-2.880642556425415
-5.83088981938036,-2.8753971336615156
-5.82452932880084,-2.8701916950793116
-5.818044000643503,-2.864615466248569
-5.812005679116137,-2.8594412666740463
-5.806202615519688,-2.85451600823008
-5.80041340102339,-2.849669437213339
-5.794483293747009,-2.8446962290629814
-5.7886153249328745,-2.8394296848851757
-5.782668102959519,-2.834000419717942
-5.776984016067326,-2.8288077787216452
-5.771469714360617,-2.823321589910228
-5.766406959647061,-2.8183621597629833
-5.761174268711703,-2.813475834783987
-5.755966312479381,-2.8085638796685997
-5.750848114478144,-2.8038170442338104
-5.745769956287721,-2.798869054663795
-5.740895542034853,-2.7941267697100476
-5.736489262872501,-2.7895193249871464
-5.732404316583092,-2.7851752833957675
-5.728649278079687,-2.781112548330442
-5.725091624509312,-2.7772345069001627
-5.721357779995285,-2.773275974180285
-5.717838141313064,-2.769505699766301
-5.714621079051758,-2.7657893349079625
-5.711547480965814,-2.7620049438190684
-5.708947997244093,-2.758633081530887
-5.706477370164682,-2.755411382532669
-5.703741547465311,-2.7522896141059445
-5.701913170940821,-2.748240765859476
-5.7001229285340465,-2.7443755399604015
-5.698126094323982,-2.7404439094642075
-5.696094969429608,-2.736481306551238
-5.694383686910065,-2.7327531948531005
-5.691980091036137,-2.728700654507608
-5.689950727620883,-2.7238583559232366
-5.688186839403675,-2.7193643637133356
-5.686339283917786,-2.7143952114480823
-5.683994975918705,-2.7090187771783723
-5.681163407347683,-2.7029528099419666
-5.678034274019406,-2.6966703306645794
-5.674705142976496,-2.6901541624819525
-5.671075962671904,-2.6840336927600505
-5.666834274166557,-2.6775760289931743
-5.662603615254222,-2.671131187680754
-5.658080622166144,-2.665127580712936
-5.653035578670863,-2.658594152572524
-5.648268484600343,-2.652385331797779
-5.643043607603337,-2.6467683153234347
-5.637448187419619,-2.641140840877097
-5.632070544179923,-2.635767565508801
-5.626329251132253,-2.631071128258599
-5.620359843817467,-2.625837778082255
-5.614670933887289,-2.6208479428290135
-5.608954368596965,-2.6158611980693367
-5.602875175180118,-2.6111367706662536
-5.596655993889821,-2.606273385699158
-5.5907247374584825,-2.6017160162088735
-5.5842504906772366,-2.5977258675589363
-5.577833811356785,-2.593818520702676
-5.571376238045052,-2.5898668653768597
-5.56485202774598,-2.5859655024150316
-5.558029577124882,-2.581762250186228
-5.551488534517764,-2.577903388524943
-5.544844815049402,-2.5744631903527493
-5.538195520519799,-2.5709243164707813
-5.53163820200515,-2.5674934967871037
-5.525088691894267,-2.564070468286842
-5.518208004361729,-2.560701363767576
-5.5110338217537285,-2.5570557911268943
-5.503726794050147,-2.5532539295099315
-5.496657005370494,-2.5497031871054037
-5.489777626211271,-2.546221742202777
-5.4828041709810105,-2.542629470909968
-5.475701111106981,-2.539175618968325
-5.4687483429750685,-2.5355830853563934
-5.461414047782074,-2.532539362715292
-5.454115532874058,-2.5295357603747397
-5.44676815502248,-2.5264872640281477
-5.438688400768172,-2.52450337284505
-5.430599559796829,-2.522369346781429
-5.422881746395436,-2.520598145460273
-5.415563039247154,-2.51891306966008
-5.408148560406862,-2.517253027171264
-5.40105826790428,-2.5159981805551284
-5.393991843022391,-2.5148883032583407
-5.38682249058187,-2.5135116492162854
-5.380186994217722,-2.512486116938484
-5.3742153141988265,-2.5120654370197233
-5.36876308802788,-2.5122909611930155
-5.363677637909289,-2.512845946972661
-5.358737857577051,-2.513568248275499
-5.354230199482475,-2.513976842845155
-5.350201540191914,-2.51481658892308
-5.34657412594946,-2.516119375835681
-5.343412762457141,-2.517083366674257
-5.340978298672857,-2.5187025485832844
-5.338429264331666,-2.520188934734953
-5.3362824728799705,-2.5213827185285558
-5.334148934728356,-2.522588274665394
-5.331640655158917,-2.524469371647696
-5.329835164270157,-2.5258391777380647
-5.328541364135697,-2.527671052715646
-5.327345516261669,-2.5296993775644534
-5.325853157902947,-2.53174690413862
-5.3248242257935035,-2.533687160605266
-5.323775793548596,-2.5357906469705687
-5.3228554079615025,-2.538041989956616
-5.322383046186533,-2.5399858204743824
-5.321714797113283,-2.542171274336588
-5.321163909553328,-2.5444921977621346
-5.321120373878294,-2.5470815690044195
-5.321042326951202,-2.5499776078793555
-5.321008113582465,-2.552924398092033
-5.321204290955623,-2.555618381877536
-5.321563885232962,-2.558301424769722
-5.321969288285347,-2.561007274279877
-5.3225097712088925,-2.5638126851951983
-5.323186925919995,-2.566706253379273
-5.3240972404344475,-2.569882238143438
-5.3252383013547755,-2.5733151993550862
-5.326252513231833,-2.5764218670670727
-5.32653635290986,-2.580479995295116
-5.327077815385466,-2.5847995455718635
-5.327655332295295,-2.589157328976418
-5.328298097549462,-2.593861696011868
-5.329215981728164,-2.5979058975851346
-5.33043594786809,-2.6020195764839853
-5.3316131967326985,-2.6060948218403133
-5.332628226559226,-2.609998344413052
-5.333880471288837,-2.613888490724373
-5.334988292444841,-2.6176480893784078
-5.335959311197679,-2.6215634225986544
-5.33705926996737,-2.625431116631169
-5.338138380656788,-2.629280139479642
-5.339112209037483,-2.632865262877316
-5.340301161558961,-2.6366367104234065
-5.341273052878304,-2.6404147712981483
-5.3422701465309235,-2.644221957979671
-5.343154815940629,-2.648110712134208
-5.344019081836665,-2.6519811416337817
-5.344854581434712,-2.6558187028469282
-5.345877643520601,-2.659521013509895
-5.346814753378815,-2.663190897150984
-5.347314195095716,-2.667114083556408
-5.347668512317953,-2.6711423959433254
-5.347827683113035,-2.6749892685272854
-5.348204237512106,-2.679043693169198
-5.3486894607617135,-2.6830199940260857
-5.349421672849178,-2.6872425105892117
-5.350344513149964,-2.6905834558566237
-5.351158734298467,-2.6940029197417563
-5.351905111308185,-2.6973646849187123
-5.352581186717484,-2.700631686360142
-5.353289948070071,-2.7038753182418938
-5.353971969424478,-2.707081837048157
-5.354933799567135,-2.710361668519585
-5.355523457791952,-2.7133362764526203
-5.35622641149894,-2.7164435718355078
-5.35693333196604,-2.7191958077819547
-5.357416562418334,-2.7216920411761714
-5.357623392144382,-2.7237491420664295
-5.358114031404481,-2.7257260444506852
-5.3584085337845995,-2.727478536047938
-5.3586455302581,-2.729358476773641
-5.358716244747042,-2.731285290653316
-5.35860759783138,-2.733007017605358
-5.358225754810926,-2.734587539122725
-5.357871665289729,-2.7361482682987845
-5.357310731958615,-2.737464638474911
-5.356828630835028,-2.7388800261606163
-5.356247901420983,-2.7403665300192563
-5.3563962156220715,-2.7409933390967494
-5.356287338072824,-2.7413599412455594
-5.356035632127194,-2.7417241145022593
-5.355345234266898,-2.7416893774393016
-5.354833694654885,-2.741859290276551
-5.354083538257382,-2.7422008600739054
-5.35367199879609,-2.7428504179268636
-5.353391789253479,-2.7436502309729462
-5.352717325783917,-2.7447336631731005
-5.351853559205642,-2.7456448790071946
-5.350936715212285,-2.7464953610424696
-5.349897431005571,-2.7474339149987124
-5.34923859688645,-2.7487647896300804
-5.348567644218023,-2.7504433341269525
-5.347936183291251,-2.7522277162389175
-5.347335011579452,-2.754039484436081
-5.346599805869901,-2.755844103342651
-5.346117866999512,-2.757805347198375
-5.34544626918686,-2.7595937211699413
-5.344848092670759,-2.76169770909921
-5.343955969355563,-2.7640128320246564
-5.3430965829837636,-2.766302780966485
-5.342834139585927,-2.7684473444845112
-5.3424547252687695,-2.770675786796618
-5.342343254128173,-2.7732098045953646
-5.342048044288311,-2.775576079355744
-5.341868871523856,-2.7778586676251664
-5.3416228370932854,-2.7800646164497453
-5.341545441073289,-2.7824239203988808
-5.34125657942787,-2.7849348319674405
-5.341177279286066,-2.787684391228977
-5.341138915354604,-2.790470821439809
-5.34128470098073,-2.7931246125858675
-5.341418811558496,-2.7957647386166187
-5.341338097507818,-2.7982086281282115
-5.3410752423464025,-2.8007828688418703
-5.340834201982054,-2.8033814891064925
-5.3412793282181825,-2.806545180844541
-5.341918807557974,-2.8098160744900085
-5.342531389654033,-2.8132702311831808
-5.3431234295144785,-2.8167052072553878
-5.343686986210185,-2.819833523537473
-5.344211569434397,-2.823098511243567
-5.344998999203533,-2.826603121252867
-5.346058137429341,-2.8304168806078804
-5.347128907360146,-2.8341885076773115
-5.34850966060938,-2.8383237163696666
-5.349845356924429,-2.842414956433252
-5.3511658828845325,-2.846303662938281
-5.352551055627117,-2.8503027487521724
-5.3540124896247985,-2.8548024510874304
-5.356092632837436,-2.859910482408228
-5.35832003376357,-2.86491240335188
-5.36091444022948,-2.870287570160735
-5.363524688443325,-2.8756599101600475
-5.3662412977600304,-2.8809555263629427
-5.3687808386320075,-2.886092167008554
-5.371602387109191,-2.8914914527843765
-5.374723154818994,-2.8966765237866867
-5.378074659715245,-2.9021060820991273
-5.381790218129269,-2.907668905814583
-5.3856816094794615,-2.913399046195545
-5.389343066904595,-2.9188560032520847
-5.393179204058079,-2.924157157483062
-5.396403711530151,-2.930164472080053
-5.399618996992798,-2.936174079317208
-5.403135999984352,-2.9419691534223418
-5.40666667116356,-2.9477368292624933
-5.410502869670989,-2.953828277490478
-5.414245457584802,-2.9599196178962126
-5.418011549884178,-2.965900170898404
-5.421819208123536,-2.9719279690940503
-5.425464997694289,-2.977575412579501
-5.429470399020276,-2.9831843025494913
-5.433439991791405,-2.9887525770340972
-5.437425849865426,-2.9943231386400937
-5.44137184705157,-2.9998810623419865
-5.445139245962471,-3.0052362939656727
-5.44883606526602,-3.010436630045748
-5.45246422555334,-3.015201587618125
-5.455834768840453,-3.019674178623528
-5.459337956258654,-3.023889398768704
-5.462830697921009,-3.0281347811167163
-5.466017072179747,-3.0320324708280864
-5.469391508471179,-3.0358733793632218
-5.472748305532253,-3.0392961745761657
-5.475798369285828,-3.042370773834126
-5.478677779818365,-3.0448615969504593
-5.480743963379385,-3.0485043092384263
-5.482668926451828,-3.0519988245336243
-5.484370085159713,-3.055251867973768
-5.4859497786758755,-3.0587041818045897
-5.487380821548369,-3.0616274238424777
-5.488649178648238,-3.064310682115533
-5.489808615840631,-3.0668706403839514
-5.49083023049611,-3.0692498575502705
-5.491544999573038,-3.0712592420663096
-5.492072201182645,-3.0730561039090656
-5.492507914324935,-3.074932194187342
-5.49298438537812,-3.0766227898836833
-5.493428980466034,-3.077877505037579
-5.49309593516443,-3.0784017689090653
-5.492769187122746,-3.0789216616747885
-5.492088300124015,-3.0790401593849808
-5.491340567219275,-3.0790975677773753
-5.490520575010607,-3.0792057544690272
-5.4897756127380175,-3.0793992747551275
-5.488615153557406,-3.079212046435451
-5.487633427673718,-3.078898688135481
-5.486475936156212,-3.078386249721308
-5.4848056460691765,-3.0776089166542318
-5.482932556204799,-3.0767172607748914
-5.4810168451741585,-3.075855122877614
-5.479147577373397,-3.0750417883932633
-5.477937446511426,-3.073543156863996
-5.4766877204325715,-3.071983391514923
-5.475373904873207,-3.070764035364519
-5.473551653102318,-3.069078435187799
-5.47143731789721,-3.067231413069585
-5.4695799438869415,-3.065337432501838
-5.468051491975785,-3.063745047954498
-5.466640455559741,-3.0620800650745426
-5.465293155603096,-3.0607516584846626
-5.463903973733673,-3.059384834536836
-5.46261324358661,-3.0575593391074567
-5.4610995916703295,-3.05549556952752
-5.459582695078446,-3.0534286906444104
-5.458457059930864,-3.0514892630445987
-5.457516223954334,-3.0498099017830826
-5.457105820338179,-3.047861254615347
-5.456660056551146,-3.04589064069786
-5.456252958635008,-3.0438921142952915
-5.4565809549357045,-3.040778800606367
-5.457033838008394,-3.0378064914117946
-5.45813304926824,-3.0349747459223617
-5.459505190586776,-3.0323934493336986
-5.461402784091785,-3.029740728956917
-5.463172584477314,-3.027399686516783
-5.465684467598613,-3.0239282137893206
-5.468537324619878,-3.020303157945885
-5.471711549381623,-3.01700862744845
-5.474819027115036,-3.01357277334119
-5.478674955952843,-3.0101323099124264
-5.482831700598292,-3.00705736708827
-5.486993916359778,-3.003986988722004
-5.491577341445856,-3.0008988249277624
-5.496004820614236,-2.9977557731242843
-5.500443406915131,-2.994623487382483
-5.505274131238066,-2.99119956591093
-5.510187397670604,-2.9880733263669543
-5.5151205885012,-2.9849675260442416
-5.520422877990459,-2.982038454515711
-5.525596472144174,-2.9791095582221
-5.530816693174643,-2.976231473767642
-5.5361617131648835,-2.9732230452562978
-5.541483545611331,-2.97010179052448
-5.5477582296375605,-2.9653430179996825
-5.554283579084455,-2.960832700024854
-5.560573362052741,-2.9564889265024963
-5.566987875706671,-2.952262840744766
-5.573564968848009,-2.948181017423188
-5.58009193775017,-2.944100747487449
-5.58648390872425,-2.9398465793553217
-5.592964884896377,-2.935692857739919
-5.5993522347374185,-2.931409487401597
-5.605841467895625,-2.927231645188577
-5.612264978162406,-2.9229765344006626
-5.618860390778321,-2.91910938920441
-5.6254221797105455,-2.9150597914033125
-5.6319877541631955,-2.911012699812398
-5.638191860729509,-2.9067796142860596
-5.644382272485672,-2.9027657556789808
-5.650096772672643,-2.898703819792961
-5.655713691240984,-2.89455139480417
-5.661082948047368,-2.8906795931009803
-5.6665210647898165,-2.88715662753642
-5.6721718369425895,-2.883871880890983
-5.677337046044641,-2.8804117481594465
-5.682128209059185,-2.876823114265295
-5.687254452170282,-2.8723681682129554
-5.692540114523784,-2.868054455596032
-5.69768150148759,-2.8638427854251116
-5.702031039925704,-2.8606722894849512
-5.706358771581705,-2.857508890785549
-5.709963441175313,-2.8542566789244157
-5.713286514320524,-2.850678410558611
-5.7161534253777,-2.847278747268933
-5.718716742628259,-2.843871550940229
-5.72110457410054,-2.8402613021190146
-5.723059098058739,-2.8367273790335954
-5.7248801002596785,-2.8330419378783835
-5.726578077000298,-2.8292143157356437
-5.727482902625219,-2.8254037152406823
-5.727892968737273,-2.821364274086076
-5.7280206844061246,-2.816997269373937
-5.727777643078057,-2.8126993383508063
-5.727648941897902,-2.8084868585011074
-5.7274655851433804,-2.804211606586025
-5.726516737047059,-2.7998970630872635
-5.72531284514398,-2.795408263420606
-5.723513018527536,-2.7902260539662893
-5.721424112552613,-2.7849426865744684
-5.719116777560857,-2.7799068039285464
-5.7173667202878296,-2.7740408342846545
-5.715257475220727,-2.7680950978942915
-5.712720520634521,-2.761930955888925
-5.707963097897815,-2.7571269182364904
-5.703196665161893,-2.752312179726413
-5.697984139686398,-2.7477074357699918
-5.6923338507601775,-2.7435101646984092
-5.686349325143746,-2.739014355209089
-5.680515181939512,-2.7345135368340565
-5.674717859007747,-2.7302583906688445
-5.668765244237723,-2.7258327072514685
-5.662788685143609,-2.7214283524655807
-5.656700122023544,-2.716930105098376
-5.65059919679303,-2.7123956493896455
-5.644708193183217,-2.70783391200948
-5.638852342859697,-2.703455624445751
-5.632776110871286,-2.698858873429302
-5.6266743771550045,-2.6940656949053046
-5.620583749094206,-2.6890549204010052
-5.614847589485324,-2.6837301893896646
-5.609332292298169,-2.678605413672904
-5.603867671592779,-2.673556456370629
-5.598381975768624,-2.6685251768698777
-5.5925880077932435,-2.6631682416345557
-5.586868174600218,-2.657832289839537
-5.581423289971908,-2.65230152315532
-5.575482764042443,-2.6482419027911663
-5.569627226489728,-2.644304044655084
-5.563630179450532,-2.6404692142824424
-5.557872259747938,-2.6368622822182672
-5.552103148791073,-2.6332094603775893
-5.546414032745929,-2.6295003975660824
-5.540903237788604,-2.626024209236783
-5.535499776270225,-2.622649007191307
-5.530477671310247,-2.6190008593624237
-5.525918027772152,-2.6158186911209014
-5.52144175406438,-2.6126960192361333
-5.517047550175241,-2.6095151934746097
-5.512862740575367,-2.606581558854466
-5.50891548537546,-2.6038361765303506
-5.5054368381512155,-2.600753894749983
-5.502405715427788,-2.5981442236976706
-5.499552414228483,-2.59570982194957
-5.496253199751597,-2.5939142690863846
-5.493317726900584,-2.592315948541719
-5.4905770862276775,-2.590850469395399
-5.488003078904299,-2.5894809222190434
-5.486128031186219,-2.588513455435382
-5.4845563665768235,-2.587848914632153
-5.483180655488501,-2.586920048946916
-5.481361317042938,-2.5869887527842357
-5.479716625279466,-2.587206328340478
-5.478666041374935,-2.5877937060272034
-5.478799133476275,-2.5885296762347587
-5.479088410417645,-2.5894469126933615
-5.479547793276928,-2.589914913484255
-5.480336922754336,-2.5898883724313886
-5.481410620117562,-2.590103274726918
-5.482307591756974,-2.590145194716049
-5.483188031479553,-2.5901991338278125
-5.484338747364429,-2.590555662104691
-5.485517393048953,-2.590937097444937
-5.486859310626716,-2.591200899897977
-5.4881728090573585,-2.591451866380142
-5.48926621176476,-2.591487956270136
-5.49031366901124,-2.5915572729931236
-5.491557821293293,-2.5918167105586916
-5.492762535493763,-2.5924378423850443
-5.493931113620414,-2.593199627192293
-5.495096759524084,-2.594025559788224
-5.496038317652333,-2.5946469360297946
-5.496582293746842,-2.594880507188522
-5.497341107088797,-2.594959262867509
-5.498016893778499,-2.5949085616543734
-5.49889213488836,-2.595082692761518
-5.499764061764096,-2.5952593227444463
-5.50048791133032,-2.595283751038758
-5.501000833983209,-2.595033214604759
-5.5011893688359645,-2.5943854515997913
-5.501062419277131,-2.5936604375270376
-5.5008128560464895,-2.5928604865883744
-5.500404051309458,-2.5921637364753547
-5.500264631944808,-2.591433306995938
-5.499698258607908,-2.590199756762044
-5.4988529642136665,-2.589167005736075
-5.497067280838387,-2.5872006788056923
-5.495394599489361,-2.585263040028885
-5.493207858729637,-2.5829554639919445
-5.491269576691497,-2.5803250791953865
-5.489162695894883,-2.5779989589493124
-5.486554550409514,-2.575723909638296
-5.4834954599923345,-2.5730432073204126
-5.480011300984567,-2.5704097439329283
-5.476486313674691,-2.566715561209259
-5.472607068804252,-2.5628355243129075
-5.468731824227697,-2.5592596844342523
-5.464513184750966,-2.5553749395640657
-5.460097343825507,-2.5516715837519715
-5.455313434867104,-2.5480177027953594
-5.450159090980681,-2.544030542839946
-5.444764341994133,-2.539723499185636
-5.439439663063016,-2.535426572150919
-5.433951066109507,-2.5309821525080403
-5.428470529816424,-2.5265617644739407
-5.422598058551965,-2.5219718245942095
-5.416821298593913,-2.5174679722938613
-5.410811078534047,-2.5126867214559607
-5.404932464636903,-2.5079168746868685
-5.399053893343476,-2.503147062485996
-5.393259467577634,-2.4981969865054237
-5.387255319148218,-2.4929658493702274
-5.381703043153358,-2.4870198770007717
-5.376131310636195,-2.481314269988968
-5.370285550026303,-2.475290862573905
-5.364594177599946,-2.4694087373389193
-5.358749729004779,-2.4631620570145665
-5.352701482093887,-2.4566790610387272
-5.346722805823516,-2.4500345834808095
-5.340697187458052,-2.4433478674278857
-5.334610905603565,-2.4367449281178155
-5.328242810971414,-2.430368914470798
-5.322031039584771,-2.4241335215936513
-5.3156224405253605,-2.4177621918030163
-5.309358618961194,-2.411685104820953
-5.302840481157376,-2.405397950475468
-5.295854647931073,-2.3994541457118674
-5.288784653261208,-2.393412604400352
-5.281995424796457,-2.3876633562278613
-5.275482013585604,-2.382355289436023
-5.2692684254296225,-2.37715468917635
-5.263175805820559,-2.3720628543427837
-5.256904056217292,-2.3671153565264547
-5.250428977276671,-2.3622518073341006
-5.244513125893961,-2.3580055152352357
-5.238519473902374,-2.353817904441262
-5.233025232221424,-2.3505661042344124
-5.227681698896311,-2.3475904327948847
-5.222766945505038,-2.3450713697120547
-5.217517190573859,-2.3429601296898896
-5.212718964289136,-2.340872921250688
-5.208179538639426,-2.3390611106448738
-5.203638146117909,-2.3376897766824194
-5.199763460184511,-2.336550982423896
-5.196567469614737,-2.336022688104269
-5.193571432169994,-2.3357975533689754
-5.191100543160165,-2.335881215711451
-5.188746139434072,-2.3360692243265757
-5.1860011638581005,-2.3365064808684837
-5.183746855314616,-2.3370362449777375
-5.181849802644544,-2.338180182260616
-5.180628179384479,-2.3401034772332365
-5.179189444216607,-2.342186623850387
-5.1779720209040825,-2.344468104196435
-5.1768558382012495,-2.3468653059886084
-5.175847005030082,-2.3491828180028698
-5.175173917264845,-2.3518019951416456
-5.175045037374547,-2.3550481308592985
-5.174683372336153,-2.358787940465751
-5.174904303073717,-2.363052065286245
-5.175115905929561,-2.3673044606037563
-5.175547058535678,-2.371394023585881
-5.175770288728631,-2.376415334518492
-5.176008799634237,-2.3814878552361334
-5.176869701301939,-2.386527772566355
-5.178527417194792,-2.392295891960676
-5.180711080927313,-2.3981500505920152
-5.183045875287641,-2.404177955531349
-5.185834074869937,-2.4104723301398696
-5.18902690506069,-2.4164306515944776
-5.192129445226819,-2.422284908219327
-5.195693880206926,-2.4280809546198276
-5.199664731337358,-2.4337822600008074
-5.203507335658483,-2.439335966281333
-5.207670493770189,-2.445070886057893
-5.212043311314607,-2.451006188065327
-5.216701064985996,-2.4566556389023937
-5.221234789649437,-2.4622321163524004
-5.225271565307717,-2.4673071875691184
-5.229269922096055,-2.472243021432202
-5.232637971183379,-2.4776329792495524
-5.235779053305394,-2.483386362375579
-5.238614200141651,-2.4885606411900065
-5.241330788630449,-2.4935987418632672
-5.243600165942367,-2.498731393141906
-5.24562098650952,-2.503411936111366
-5.2478815394366665,-2.5079259329616272
-5.249451357777623,-2.5125630418294795
-5.250696734840949,-2.5169066965552624
-5.251883510705497,-2.520995244370824
-5.2525385473556225,-2.5251207781796055
-5.252688112174675,-2.5287888708606077
-5.253046626241093,-2.5321895348828756
-5.252761013548555,-2.535496214735948
-5.252130945178911,-2.538491092339454
-5.251417260203937,-2.54131804308915
-5.249955281311302,-2.544004353940779
-5.248067327981581,-2.5463049072603416
-5.2463802164803255,-2.5481405998313282
-5.244172446370968,-2.549907819980377
-5.241794285317192,-2.551228186512718
-5.239092422346426,-2.5521774450809493
-5.236083815153527,-2.5533502068212885
-5.232488172033139,-2.5550274209273702
-5.228395059227883,-2.556171698271929
-5.224090968245816,-2.5574695498394497
-5.219691265422508,-2.558697888084388
-5.214797537806478,-2.5594061448417924
-5.209683705274535,-2.559941538583398
-5.203847329849451,-2.5597591464734286
-5.198327949979632,-2.559881907795498
-5.192581247842379,-2.5601704677757424
-5.1866114450153145,-2.560268975113114
-5.180499607403721,-2.560202530757455
-5.173964193741311,-2.560445398054428
-5.166581141590784,-2.559894303970861
-5.159219398036873,-2.5597509208900027
-5.151766006585548,-2.5596789485893687
-5.144102526207298,-2.5594513554953013
-5.136211811620126,-2.559718223948929
-5.128265491602229,-2.5601564533883643
-5.120500616285858,-2.5608391977041856
-5.112108710818607,-2.562075366819425
-5.104294851431667,-2.5639667866082227
-5.096198792107389,-2.56564975648273
-5.088545076027838,-2.567704581402252
-5.080590470960766,-2.5711817172719087
-5.072847991306358,-2.5749661159076234
-5.065530734792649,-2.5791825402628183
-5.058465729353087,-2.5836592465067345
-5.051964901338314,-2.5874075439586064
-5.046068264426773,-2.5911369303511083
-5.041110588798243,-2.5958204355752335
-5.036331501243026,-2.6006627832827824
-5.032289167983092,-2.6056784734006553
-5.028884847487192,-2.611330376858351
-5.025394690257619,-2.616916846988336
-5.022607052298694,-2.622348423695065
-5.020723604354809,-2.628733672680713
-5.019223115507271,-2.635135651989877
-5.018750257435821,-2.6419152544932016
-5.019076092076317,-2.6495079910605437
-5.019579913795711,-2.6570842533275467
-5.020816685894047,-2.664853380671587
-5.022581612745974,-2.6731058282904083
-5.0248619365516625,-2.681209109849706
-5.027823302736321,-2.6893759557535404
-5.03182481381711,-2.6984970378012023
-5.0362030854126605,-2.7076600423950605
-5.041091879779605,-2.716880290570068
-5.045280084934136,-2.727685726004955
-5.0499657757597625,-2.7389311061871973
-5.055468517974577,-2.749583915181364
-5.061737023673758,-2.7599591800641265
-5.068613480770365,-2.7709406816525894
-5.075997558002451,-2.781555018868119
-5.083390978948492,-2.792180071042461
-5.0913267891447,-2.803304449487019
-5.099703989298541,-2.8141117215229525
-5.108633473534229,-2.8255400576435985
-5.117359618663862,-2.836781574412849
-5.126208875046814,-2.8479357456023946
-5.1350660594084,-2.859098939014878
-5.1440629162771785,-2.8703909941312378
-5.153073708442305,-2.881674823185641
-5.162336707162982,-2.893242185216209
-5.17145704445058,-2.9046783921864328
-5.180878803742433,-2.915797217577725
-5.190036756048136,-2.92664188101774
-5.19916711858604,-2.937495993843985
-5.208493913411275,-2.9482107464824705
-5.217740792880335,-2.958781458212436
-5.227414680086616,-2.9690991705018703
-5.236854662244382,-2.9790445753757773
-5.245607866694762,-2.990014435351602
-5.253917353365939,-3.000576152354827
-5.262685788335862,-3.009887932097064
-5.271511201562203,-3.019162189592003
-5.2804188803456995,-3.0285125027324464
-5.289472320895325,-3.0380264639224954
-5.298372149591509,-3.047652531801994
-5.307263367194184,-3.0572709144459207
-5.315717503517181,-3.0663980845433123
-5.324337806965854,-3.0754109239129863
-5.332792604061178,-3.084325987390647
-5.3409929585915314,-3.0929564769039097
-5.349246558536564,-3.1015522610816206
-5.357136590007946,-3.109783979232664
-5.364803182398726,-3.1176918432476715
-5.372559251760379,-3.1255405293368614
-5.379692842828272,-3.1328298162665456
-5.386509596765127,-3.139750094418162
-5.393506848004999,-3.1465466722859534
-5.39988352291072,-3.1526452977619144
-5.406129832778381,-3.1586237760680094
-5.412315442961717,-3.164648746110372
-5.418131896856721,-3.170258331167701
-5.423764492688558,-3.174854819489171
-5.429752841503615,-3.179548093395449
-5.4353754140974475,-3.1838292835542954
-5.442158620719848,-3.1865721589264986
-5.448280764899564,-3.188704504204442
-5.453944471693541,-3.1909421295110425
-5.459658786577077,-3.192574572479188
-5.465583059875701,-3.1943993931714005
-5.471280974135274,-3.196444949030583
-5.476950704906597,-3.1983705653047636
-5.482250486772581,-3.199954335407076
-5.487336134269479,-3.2014183318420892
-5.492287126883718,-3.202458488990183
-5.497277112499057,-3.20353335641723
-5.502261739715567,-3.2048518814710434
-5.50718872981275,-3.2061031268227964
-5.511922251517151,-3.2071752027032403
-5.516625016520195,-3.2081860857827795
-5.521099260566354,-3.2089979025756743
-5.525361068160578,-3.2096131134242714
-5.529622071344885,-3.2107143956907405
-5.533955114674758,-3.2119473000519307
-5.538249354622816,-3.2131083277559993
-5.542544343562479,-3.214398691977783
-5.547061937789817,-3.2147018721766143
-5.551377401075657,-3.2150061516655817
-5.555393709475245,-3.2151326078495854
-5.560310623549413,-3.214409468127966
-5.565249232813659,-3.2137073340534505
-5.570187130829009,-3.2130037516272982
-5.575243416065808,-3.2123820876364824
-5.579960351635288,-3.2115916518368954
-5.584467065649237,-3.2105626042385462
-5.588989578353661,-3.2094573817495164
-5.593396097302841,-3.2080489103421583
-5.597891773767615,-3.2067408405036364
-5.602120214518585,-3.205492491089326
-5.606014171859335,-3.2039864268311615
-5.609813920471394,-3.2023712688112553
-5.613757882816467,-3.2009420387319265
-5.617945302181693,-3.19960462897046
-5.62192448954139,-3.1981099912764273
-5.625405634190677,-3.1966706459486005
-5.628897011508533,-3.1950940757891995
-5.63223439176308,-3.193356257235047
-5.635465625930065,-3.1920060017060066
-5.638933479097131,-3.190921829310271
-5.642225965703542,-3.18969770009588
-5.6452318079263915,-3.18863004152099
-5.6483880584002915,-3.1877165294559484
-5.651424274062687,-3.1871652582683025
-5.653679409202452,-3.18642645274152
-5.656080198733536,-3.185851917526422
-5.658301289637973,-3.1854025623696725
-5.660541624355358,-3.1849593705350325
-5.663059696058364,-3.1847968619518654
-5.665526235910419,-3.184670218364923
-5.667417882235245,-3.183988339639361
-5.6690297225499995,-3.1830432507203223
-5.67063695667486,-3.1819557880426244
-5.6723416699665155,-3.1809575747349146
-5.67429987880105,-3.1800383676459365
-5.675887629606376,-3.1790214063582973
-5.6773182792149255,-3.1777810961798845
-5.678384198454532,-3.1761781954858366
-5.679396706865587,-3.174801996495
-5.680318561280758,-3.1733128246933835
-5.681408820731637,-3.1717727363294954
-5.682938222081238,-3.169601858817399
-5.68468329528815,-3.1676550943215527
-5.685757144975736,-3.1653198509357354
-5.6866900413895065,-3.1627485323049656
-5.687655037901593,-3.1600816644773766
-5.688615114027998,-3.1574095128169124
-5.689114844420581,-3.1554509620700895
-5.689718541966763,-3.1533833168935015
-5.690457137265013,-3.1514146272599977
-5.690994591538934,-3.149244320807141
-5.69139191731329,-3.1469444416265673
-5.691642428417435,-3.1444767089560304
-5.691949897744807,-3.141804934785032
-5.692360882546984,-3.1390839986086876
-5.6927250588112495,-3.136309400448936
-5.693074889252601,-3.133610076856434
-5.693004238544959,-3.1307231982663515
-5.692677392755375,-3.1275431711910384
-5.69258431064576,-3.124326616048951
-5.692582855712381,-3.121085766095624
-5.692648478043836,-3.1179214703607223
-5.69250259263431,-3.1146183783810915
-5.692821182641774,-3.1105409874462966
-5.692733714204,-3.1060571605985228
-5.692558927567573,-3.101430943359448
-5.692458933489365,-3.096752361727775
-5.692213696102882,-3.0919625323439797
-5.691766544262093,-3.086987107076761
-5.6913164270950185,-3.0820138332652975
-5.690740253076584,-3.076903792483718
-5.689809605881211,-3.0715299454016263
-5.688943314891284,-3.065986433642622
-5.687546059411647,-3.0603288254477765
-5.686332883377764,-3.05488248398415
-5.685256410180271,-3.049329309505405
-5.684114086826825,-3.0437880628951097
-5.682838155443248,-3.03809343731218
-5.681401300290351,-3.032254887423329
-5.679520951298787,-3.026488656389183
-5.677611859893615,-3.0207277424447225
-5.676181051209975,-3.0150292533091183
-5.674570635134759,-3.00935168381278
-5.672809271498145,-3.003537030880548
-5.670999692766829,-2.997771558460799
-5.669204566227309,-2.991969410081678
-5.667531294135915,-2.986359585466099
-5.666393957518388,-2.980751510931747
-5.665948667089586,-2.973965624621794
-5.665580241813496,-2.967268321989092
-5.664814973575846,-2.9604264257454287
-5.663790294193402,-2.954084105851509
-5.662319817379495,-2.9472281041639445
-5.661299022581332,-2.940507585790312
-5.660520734949607,-2.933953992635326
-5.659584224903891,-2.9273827012271214
-5.6583371492622545,-2.920513568459036
-5.657211234444645,-2.9135585092763963
-5.655891804053591,-2.906374138313655
-5.654693600647949,-2.8993254229047185
-5.653438905691147,-2.892316067743785
-5.652287877315155,-2.885390824899382
-5.651161091437868,-2.878495607643912
-5.650126246919274,-2.871534727573495
-5.6488375880313,-2.864283564706386
-5.647204403118665,-2.856712704502382
-5.645647758942438,-2.849086810686585
-5.644199551908138,-2.841510287695835
-5.642929516597263,-2.834135502501994
-5.641709302604951,-2.8267243688360058
-5.640360175670352,-2.819169512956864
-5.639442466573687,-2.810277570928641
-5.638616271683416,-2.8013203700614415
-5.636880032528327,-2.792800457948009
-5.635170774421633,-2.7843039512513243
-5.633466193414973,-2.7758851308834074
-5.631426899684674,-2.76741508863544
-5.629169317395965,-2.7585384003086553
-5.626698777966965,-2.749413336651773
-5.623248493728477,-2.739876851270265
-5.619422980863072,-2.729895218695634
-5.615299698959243,-2.720173599835421
-5.610935072273947,-2.7104364169760427
-5.6062237086696065,-2.7014319834621072
-5.60106775550891,-2.692033847402337
-5.595610509597195,-2.682554545194214
-5.589802897678396,-2.6733596144133345
-5.583996552055194,-2.6642147530725393
-5.578107601712835,-2.6549710180975126
-5.57194055884335,-2.646171253674402
-5.565754927242073,-2.637354869466112
-5.559966609631612,-2.6277901453991106
-5.554290884187439,-2.6183567637978538
-5.548183516249557,-2.6093401711620756
-5.541598993928418,-2.599988744217394
-5.535169855797486,-2.590818491904794
-5.528318008649133,-2.581887871772893
-5.521124244563073,-2.573136063548908
-5.513407309678498,-2.5654618990179063
-5.505218452718045,-2.5582394836280686
-5.496913458991456,-2.5509126975004746
-5.4884017443930695,-2.543620504468134
-5.479996828417327,-2.536880638624972
-5.4715133941568155,-2.5300699747506417
-5.463156001344775,-2.523518079884045
-5.454464741768951,-2.5172054846798795
-5.445938649783129,-2.511040767562782
-5.437222932656565,-2.5049387429646184
-5.428573124078788,-2.4992063669149793
-5.419782083606707,-2.4933462502776655
-5.411230253965307,-2.4876280881816277
-5.402631047423718,-2.4820205659342784
-5.394261644016956,-2.4766187393446986
-5.385568151061153,-2.471307455937844
-5.377069879191965,-2.4663168200434815
-5.36875539199953,-2.461433026587341
-5.36041999670208,-2.4565634911293195
-5.352523185755706,-2.4517420507098513
-5.344644917721905,-2.4469438636248406
-5.336712631344296,-2.44242518212299
-5.32886350128366,-2.4380495949846726
-5.320501028283884,-2.434904768449758
-5.312206754439717,-2.431912747898608
-5.304560829582856,-2.4291062445623144
-5.297115138734142,-2.4264729908832283
-5.289962713665001,-2.4240984799079497
-5.282998163041709,-2.421875797928807
-5.276375166398394,-2.4201370462224108
-5.270243429016683,-2.4188961253261883
-5.265232596939956,-2.4179365857931243
-5.260732348882938,-2.417565638415041
-5.256656542775367,-2.417128436264267
-5.252808040586855,-2.4167159364573747
-5.249425547956297,-2.415641236749323
-5.246649729375541,-2.415112875002713
-5.244110235537279,-2.4147130374904906
-5.242077093605173,-2.4142098212248357
-5.240332349316864,-2.413966304296465
-5.238907528370162,-2.4136488911650957
-5.237837970300613,-2.4129856332701465
-5.236301371941496,-2.41339016611844
-5.234115428608112,-2.414680181375152
-5.231825330288582,-2.416094898994691
-5.230037539257993,-2.417168351608131
-5.228859036665775,-2.4187914367571235
-5.227849810767299,-2.420393233139743
-5.2271906290576515,-2.4216905344810176
-5.226465548790911,-2.4229284655590386
-5.225678614357107,-2.423982749683695
-5.225423577527636,-2.42466542489061
-5.22563348973519,-2.42576782162449
-5.22592791320588,-2.4269275743534116
-5.226634773086364,-2.4281407756918814
-5.227363520062396,-2.4294752594692177
-5.227887731326588,-2.430573955450281
-5.228490033588597,-2.431615597845107
-5.229359134534295,-2.432970143495171
-5.230254082141787,-2.4343856147233307
-5.231500419121099,-2.435875163454529
-5.2330458449562,-2.437687599468955
-5.23396624315596,-2.439597415198943
-5.235026278035894,-2.4411489945904994
-5.236067120554984,-2.4426833624492983
-5.237164877285369,-2.444283412560412
-5.238347240686582,-2.4458219260707956
-5.239667693871308,-2.447542508566045
-5.240863883005572,-2.449119868424481
-5.241946291999181,-2.450781094558947
-5.242951592512191,-2.4523655233251422
-5.243639534456024,-2.4536200886596986
-5.244569888014532,-2.454697560870973
-5.245744306514763,-2.4560218190561445
-5.2468226990933395,-2.457265826936848
-5.24767159149863,-2.458678269756358
-5.248386802216892,-2.4599755239889296
-5.248935724797633,-2.461087005404003
-5.249622269661478,-2.462098096973266
-5.250667781279262,-2.4634639392700306
-5.25159419323123,-2.4647588999271752
-5.252416756584728,-2.4661302013530597
-5.253161201574628,-2.4674070455871546
-5.253924240950825,-2.468664156000627
-5.254811727920505,-2.4698233895894384
-5.255882698265439,-2.4711909887921735
-5.256910462158562,-2.4725449733000215
-5.257807557715836,-2.4739948898750863
-5.258777418197328,-2.475475244806162
-5.259603085667664,-2.47681617476494
-5.260267837479424,-2.478275122801542
-5.260811147757219,-2.4796358459960057
-5.262129299051115,-2.4802320299862703
-5.263512804747093,-2.480806055008697
-5.2653127102566595,-2.4815429265817763
-5.267159753608417,-2.4823339663730732
-5.268736745343091,-2.48299954118373
-5.2701926097625265,-2.4837427417497917
-5.2716729428226445,-2.4845143065156146
-5.27338382317859,-2.4852966937263
-5.2750926663838,-2.486189457695924
-5.276621759297105,-2.486917364620103
-5.277882985824223,-2.4877089112831414
-5.278977540216192,-2.4883485933572214
-5.279813675292813,-2.488707652001647
-5.280657691218744,-2.48907458383409
-5.28158046712183,-2.4895322856095716
-5.282401935784798,-2.4894869499972994
-5.283220458372775,-2.488940574199808
-5.283885005180256,-2.4885066019847395
-5.284173126762707,-2.4876790040082173
-5.2843037973053955,-2.4866561260306748
-5.284694595210898,-2.4854901345555733
-5.285103455309153,-2.484700352424913
-5.285139283178477,-2.483573783160247
-5.28503196688064,-2.4825953040227025
-5.284714002427746,-2.4814380617163865
-5.284191704455801,-2.4800963658901813
-5.283550908198414,-2.4790819290814485
-5.282709224840761,-2.4780764116187766
-5.2818758445279475,-2.4770783921499127
-5.281229715667146,-2.476271646193189
-5.280188688786252,-2.475418982640292
-5.278729403941257,-2.4741888185438126
-5.276936018908416,-2.4731546273051994
-5.274936413844496,-2.472010098983618
-5.272814616102609,-2.471055358872774
-5.270812775684216,-2.4702388925010497
-5.268335082878232,-2.469770485938329
-5.265256553004464,-2.468759439081391
-5.261843130895092,-2.467361771964858
-5.25844784357462,-2.465903025367112
-5.254848542861461,-2.4645646238700625
-5.251172942866764,-2.4631937587288966
-5.247276512792038,-2.462046071570204
-5.243280162267786,-2.460951648542934
-5.239164972780219,-2.4597240427236287
-5.2348924076274725,-2.4582118109439333
-5.230163099916751,-2.456684183393245
-5.225177588035013,-2.454944131701932
-5.220131063113758,-2.4532500665953223
-5.215142866688065,-2.451580940733381
-5.210146825816922,-2.4498715497999903
-5.204816784614598,-2.44840815154696
-5.199282867294363,-2.446779367516714
-5.1935984781788225,-2.4449985471022733
-5.187964468853824,-2.4431822095144113
-5.1822863061144115,-2.4413139835841413
-5.1766560194301485,-2.439488289360995
-5.1707393965130795,-2.4378317417200477
-5.164893704116869,-2.4362243119810256
-5.159186457611718,-2.434733527795586
-5.15358695907239,-2.433164771274087
-5.147928990134683,-2.431577804305532
-5.142153359583656,-2.43031969513032
-5.136318864666779,-2.4288753885118424
-5.130336180570703,-2.4274303016535557
-5.124780988722731,-2.426371618093807
-5.1191479084645595,-2.425693311166475
-5.113514765714718,-2.4250158246624847
-5.107850942303126,-2.424352843061255
-5.101947381133246,-2.423417320497804
-5.096263954610768,-2.4223204452695124
-5.090509780008975,-2.4211418366061315
-5.085107461955116,-2.4203235367974227
-5.079670291980834,-2.4195316871157333
-5.074473524333869,-2.4189994034024354
-5.069393059765233,-2.4185533701393673
-5.064598160598503,-2.4178972051487526
-5.05976053601826,-2.417219173751824
-5.05500387513382,-2.416623678034185
-5.050099599733901,-2.416137801617866
-5.045466058409365,-2.415939078024363
-5.041050893607797,-2.415924325682029
-5.036824527541555,-2.4157705582764404
-5.032506161307143,-2.415565377083327
-5.0284170603795175,-2.4152583606858755
-5.024323349674217,-2.414999732358528
-5.019811257215531,-2.4155435467320645
-5.01577282436746,-2.4165441613743637
-5.0119162909765915,-2.4177540412132217
-5.007755933220346,-2.41923532362774
-5.003687867382088,-2.4204755962729636
-4.99981884268993,-2.421896730943726
-4.9959111163211,-2.423292609275384
-4.992183681499846,-2.4247303823612256
-4.98820998001174,-2.425943926940102
-4.984194295279603,-2.427591835504554
-4.980236972436511,-2.4288549717395314
-4.9766533411230345,-2.4304486045362355
-4.973087507612314,-2.4320290802638405
-4.969797187029949,-2.4339227163144117
-4.966133721885648,-2.435476185861268
-4.962743932991193,-2.436827204285983
-4.959080879991528,-2.4378675563262986
-4.955442349169568,-2.4389301860008206
-4.951800518507155,-2.4399952836632814
-4.94822784413963,-2.441138801046134
-4.944558896674955,-2.4421944122776913
-4.94114775785269,-2.4431020102991363
-4.937387891082469,-2.4436419410926886
-4.933310928024691,-2.4439535395107095
-4.928454152728103,-2.445406308467201
-4.923718611617952,-2.4469520696325753
-4.919397386589141,-2.448066083884227
-4.915325486274197,-2.4494353853646307
-4.911261022347226,-2.450645843406834
-4.90702616167822,-2.451857989623576
-4.902465838938094,-2.452750016794683
-4.897865425915763,-2.453281622191469
-4.893603404978339,-2.453908351673293
-4.889433103602165,-2.4546693205371235
-4.885236293701995,-2.455438531694393
-4.881113222181518,-2.456153613603111
-4.876819595747172,-2.4566749225475726
-4.8725285861729155,-2.45682827572204
-4.8681177273458,-2.4569685608869993
-4.863580146581863,-2.4570104821429517
-4.8590335204437265,-2.457119853163185
-4.854675259112429,-2.4572816886855136
-4.8500369779464325,-2.4571282910773
-4.845597822251106,-2.4569350979123263
-4.840955071796202,-2.456742532894536
-4.836286017106613,-2.4565211697527123
-4.831469357982235,-2.4559733184003334
-4.826664108377176,-2.455941022509541
-4.822022159916646,-2.4558739066279265
-4.81724928724151,-2.4556067537600015
-4.813160445344417,-2.4542325856279144
-4.808841922151467,-2.452812025826767
-4.804475185356489,-2.451335882148613
-4.800307083769467,-2.449656510627995
-4.796250597807042,-2.4480675267229057
-4.792064103498277,-2.4463281196188036
-4.7875466988952,-2.444268907393823
-4.782917350681768,-2.442115471738221
-4.778291295968873,-2.439911681291161
-4.7738835673404525,-2.4374837316506732
-4.769598056112183,-2.4353652872969977
-4.764858886492611,-2.432830962492787
-4.759845380653213,-2.4300181147540396
-4.754532785366342,-2.4268965945758847
-4.749487932039963,-2.424024846220706
-4.744242893091046,-2.421301096913657
-4.738900811976407,-2.4185289795952047
-4.733373885039448,-2.4155364370826646
-4.727924214640744,-2.4124848533756698
-4.722074664645133,-2.4090629546649294
-4.716420075005927,-2.4054875685521737
-4.710634058108602,-2.401935538718764
-4.704952342480846,-2.3987277823718447
-4.699631548775263,-2.395797636473648
-4.694982230118219,-2.3914405326542214
-4.690562838343207,-2.3870666744919804
-4.685677682750117,-2.3826380318608247
-4.680456454318641,-2.377857830659415
-4.675318539657259,-2.373170300215884
-4.6702342418180764,-2.368374549216084
-4.665267087701116,-2.363665891800026
-4.660405441136374,-2.35927381867772
-4.655199844321103,-2.3547376979829413
-4.649964395865183,-2.3501741793534587
-4.644839484129909,-2.3455384362221405
-4.639679838371731,-2.341001218229875
-4.634346588631628,-2.3363045877317306
-4.629061795252582,-2.331943426887875
-4.623664895392504,-2.327348587503585
-4.618554292272728,-2.323016684647411
-4.613420633335472,-2.3186393746419
-4.608381586195358,-2.3145038427113924
-4.603360434377664,-2.3104338961433712
-4.598108661439844,-2.3064289618510596
-4.5930445770906525,-2.302236307355957
-4.58799468690223,-2.298059533239532
-4.583455856766801,-2.2943521515065237
-4.5790631719839805,-2.2903992272927325
-4.574719265221755,-2.286720299899485
-4.5707058017637845,-2.2833106633358815
-4.566816211957832,-2.2800262654508274
-4.562911611362757,-2.276753518008878
-4.5590775514493425,-2.2735570818357247
-4.555455020499225,-2.270591008499546
-4.551963281217083,-2.2675263419820344
-4.548950940798957,-2.2649330481115237
-4.546477410687167,-2.2628752188034307
-4.54390768299387,-2.260890446734323
-4.541662644799689,-2.2592568601601855
-4.5395985169817905,-2.257818610896934
-4.537718186131168,-2.25618354723113
-4.5365665251066885,-2.255217854209387
-4.535953916810425,-2.254881877819312
-4.535335193990306,-2.254768449434252
-4.5349187524406265,-2.2548371272373897
-4.534838224375113,-2.25489466022074
-4.535116199770539,-2.2551662596415336
-4.535899979311924,-2.2559531502583092
-4.537184663393817,-2.257398238735951
-4.5388343113951475,-2.2592099911797767
-4.54035183689229,-2.261209490476972
-4.542540718988884,-2.2638337626951373
-4.545349453320195,-2.2669262288823306
-4.548091592816517,-2.2700456988998643
-4.5518092122506335,-2.274257896997011
-4.555899981862591,-2.2790575827351707
-4.560482587654831,-2.2838871001796375
-4.56581564243194,-2.2895573197444787
-4.572096728022353,-2.2960993528233824
-4.578615289239958,-2.302528223763363
-4.585798762461292,-2.309702115518824
-4.593854589978257,-2.3175012344160013
-4.602727587088452,-2.3250858033098014
-4.6121798483463285,-2.333286308414295
-4.622189746911638,-2.3421740292976683
-4.632527804032557,-2.350740755373146
-4.643330581772882,-2.3597951868442
-4.655001188210038,-2.3693969104105834
-4.66714803341762,-2.3789574327648815
-4.679633391331839,-2.3889144439701946
-4.692436629795109,-2.399181044655435
-4.705601295582765,-2.408866016002909
-4.718938363552606,-2.418698620748943
-4.732202177925993,-2.428738892302695
-4.745854355121778,-2.439308511290856
-4.759862702872389,-2.449747714136768
-4.7736113544739975,-2.459946085656705
-4.787566138818083,-2.47020634060549
-4.801586483287604,-2.480115428421678
-4.8152661934388465,-2.4897425007810483
-4.828868336359711,-2.4992863386865305
-4.842768181127006,-2.5089531583331888
-4.856739729576708,-2.5186852849109926
-4.87047822403368,-2.5281540842706827
-4.884317693415527,-2.5375519834834583
-4.897620967002007,-2.5464574409979384
-4.910749301565282,-2.5551648412836556
-4.92404052770953,-2.5637554819756545
-4.937430450731536,-2.5724359405750947
-4.950602649809219,-2.580869618902651
-4.963769039975834,-2.5893114976612295
-4.976378312725477,-2.5972420199028576
-4.988559990002424,-2.6046887644637557
-5.0009856006351345,-2.61196039662214
-5.013157206687957,-2.6189914148650177
-5.024955066653521,-2.625652143225095
-5.036701853927504,-2.632322642488714
-5.047919383968132,-2.638449176407347
-5.058566474693304,-2.643936614070877
-5.069299173841929,-2.649356037518693
-5.080089354974507,-2.6548656359168743
-5.089717505796522,-2.6593107876748574
-5.098566139647815,-2.6634220970933717
-5.107153589343818,-2.6671361001898064
-5.114727892843356,-2.6698552423629276
-5.121525516173547,-2.6718086555084906
-5.127876315075634,-2.67408930941853
-5.133167133923219,-2.675284686954614
-5.136964511001475,-2.6749987738038903
-5.140196559736463,-2.6751246524719243
-5.142356329339474,-2.6741485258364994
-5.143532292368211,-2.672228893335416
-5.14374423630206,-2.671010009179156
-5.1431270672890435,-2.668943955147866
-5.141650187548158,-2.6660521526128225
-5.139521715218351,-2.6636337545757574
-5.136520810518151,-2.6603533965267987
-5.132484674838391,-2.656060769368515
-5.128534338033624,-2.6514268272324517
-5.124257406767967,-2.646261088971859
-5.1195394987491785,-2.640692470427973
-5.114134607925302,-2.6353474348961137
-5.108669878425596,-2.6301418463674437
-5.103079927812696,-2.62427098641621
-5.096702431869841,-2.6176106141227424
-5.090178125504403,-2.611057924945482
-5.083448228780345,-2.6043197191479326
-5.076565629031396,-2.5974369741445056
-5.069445911617581,-2.590728604440449
-5.062427859432692,-2.5841508861221976
-5.055185646464519,-2.5773133834836743
-5.047655963521342,-2.570349638282985
-5.039780036085165,-2.5630697020866475
-5.031947778043979,-2.555839135760635
-5.0239618967751385,-2.548722682656144
-5.015956385553156,-2.5415372169632815
-5.008173020549703,-2.534550254353208
-5.000292853267298,-2.527635161937116
-4.992332572389673,-2.52066439022038
-4.984326104722655,-2.513668774065426
-4.97631942390748,-2.506674528093437
-4.968465796521173,-2.499811045920626
-4.960810507548079,-2.4931606863247815
-4.953609586659902,-2.485807119578711
-4.946510052922402,-2.478441860627615
-4.939504691552782,-2.471128285013326
-4.932692699847675,-2.464049112266237
-4.926383705166614,-2.4571126514171575
-4.920081126385826,-2.4501758080875318
-4.913428012975412,-2.443032989234854
-4.90660159389075,-2.4358896750897503
-4.900190829813855,-2.4291035759237385
-4.894141133491806,-2.422161156667661
-4.88820524655555,-2.4157366932835407
-4.882763342113644,-2.4097172420567614
-4.87736248876091,-2.4037905196051064
-4.872062492130656,-2.397790326282225
-4.86724951150152,-2.3922248219849114
-4.862861900288714,-2.3871644804607297
-4.858629284236563,-2.381990134393774
-4.8551379473720555,-2.3775417692853655
-4.85195709829679,-2.373421207085459
-4.8491412736582005,-2.3690296043692984
-4.8466807357687065,-2.364948139709711
-4.844298895092875,-2.3609791841435297
-4.842146821293228,-2.3568395437194347
-4.8406757091156845,-2.353345441346569
-4.839683524086325,-2.3499557021925224
-4.838358939343059,-2.3471945491823187
-4.836950627070084,-2.34432686171848
-4.835498272162295,-2.341419124066049
-4.8342612421803315,-2.338686119545722
-4.833181688114216,-2.335914612436116
-4.832655960250423,-2.33353041461809
-4.8324156819888975,-2.331470020191229
-4.8324363775234245,-2.3294814044319265
-4.83289081089925,-2.3279373632841343
-4.833454932729036,-2.326483559465998
-4.83386820626102,-2.3248452580201078
-4.834708835257911,-2.323002211083353
-4.836172693114414,-2.3217833720956302
-4.837943160506445,-2.3206832454842696
-4.840022498584739,-2.3197842845689394
-4.842230796644701,-2.319006617807036
-4.8442485117716325,-2.3181941830972135
-4.846598077574099,-2.317572516442513
-4.848994119046442,-2.3169932586024
-4.851472683048986,-2.3163317928311975
-4.854066063831953,-2.3158008679918045
-4.856888291761261,-2.3153057615528314
-4.859814139555052,-2.3150959766210963
-4.862888835526703,-2.315055444907162
-4.86601576608587,-2.31488991462673
-4.868625093207803,-2.3155340436856555
-4.871288676039517,-2.3163664402725397
-4.87425482900931,-2.3172687674507246
-4.877315155930192,-2.318256757816719
-4.880378384656651,-2.319676053601694
-4.883385975973562,-2.321191386365268
-4.8866855904791775,-2.322972408883664
-4.89017920889488,-2.3247777808958765
-4.893958078316703,-2.326561982207386
-4.897804190259233,-2.3284073631150437
-4.902175072981674,-2.3304598296941093
-4.9062302445016766,-2.3323105361444747
-4.910529655249778,-2.334383350913974
-4.914977065291999,-2.3364561836461073
-4.919624205493728,-2.3384656383494953
-4.92437677506504,-2.340570906311023
-4.929596602747441,-2.342820536937612
-4.934700360159515,-2.3447375382596376
-4.939918725757015,-2.3462438167709347
-4.9454621297448575,-2.3480812270229476
-4.951008844995393,-2.3499222741455332
-4.956772971060939,-2.3517761600455036
-4.962692724706038,-2.3537274943904167
-4.9684832661332505,-2.3555361573957345
-4.974446892317944,-2.3573294681986385
-4.980240886947037,-2.3589458058204626
-4.986325873477316,-2.3609988533152704
-4.992657978217575,-2.363114327847875
-4.998804865565112,-2.365087621066982
-5.004963656186535,-2.367071245998735
-5.011174136960558,-2.3688103636841316
-5.017318276270885,-2.3704728118990945
-5.022900590173213,-2.37202304861237
-5.028276141400519,-2.373316182311468
-5.033365587768735,-2.3743170650412964
-5.03873262283194,-2.375606197813268
-5.0437198907496406,-2.377177172766113
-5.048394511221069,-2.3784790368117785
-5.052684012363472,-2.3793879452907727
-5.056865550718338,-2.3803771059079315
-5.060747686514856,-2.3810500867657525
-5.064837081481434,-2.3819328561105606
-5.068688688593014,-2.3829917895682584
-5.072546832938612,-2.3833752691890764
-5.076487848192615,-2.383934843071937
-5.0800900681831225,-2.3841411467492923
-5.083602793461613,-2.384413663517365
-5.086743333628857,-2.384312573569475
-5.089565019019655,-2.3838969345508243
-5.0919651785229,-2.383792652027405
-5.094440977845254,-2.383785011990372
-5.096787925507698,-2.3836316902781496
-5.098904625787111,-2.383648365065306
-5.1005942905480115,-2.38324910355947
-5.101706794239269,-2.3822723293504464
-5.102551689390323,-2.3814931468056453
-5.10326959076682,-2.380570853984671
-5.103747863206727,-2.379410192861477
-5.1038433366233615,-2.378449300983826
-5.103364433276757,-2.3771257358802873
-5.10232818776787,-2.375162286194747
-5.101159312069729,-2.3731563068939354
-5.099605698374049,-2.370802329406841
-5.098416971582223,-2.367787562644263
-5.096719263896316,-2.364430759179779
-5.095018761834155,-2.3610715491033503
-5.092978460803439,-2.3573221324202733
-5.090673266406521,-2.3537687911573495
-5.0878061063254725,-2.3502199998258444
-5.08426659852825,-2.3459841416901424
-5.080839874070896,-2.341779981853305
-5.077255468318015,-2.3376180172014145
-5.073559187641246,-2.3333275427561
-5.069702377248918,-2.3291913277401743
-5.065321249284111,-2.325151948220432
-5.060854300953942,-2.3210139103457474
-5.056053971156557,-2.3166397567181884
-5.050973184492727,-2.312173641712728
-5.045909885740089,-2.3077274446564786
-5.0406838476806595,-2.3033060148654023
-5.035188410473449,-2.2990484475850153
-5.029739782522003,-2.2948443075764215
-5.024222473416988,-2.290955119341669
-5.018289910093339,-2.2867077769095623
-5.012327502768488,-2.2824256930217666
-5.006172264683356,-2.2780907321309027
-4.999946886410654,-2.2736602763439886
-4.993574046177834,-2.2692811865661104
-4.987446668919858,-2.2651340980934007
-4.981083808330721,-2.2611641918145065
-4.974729623597153,-2.257247080254906
-4.968075356359501,-2.2530125164019044
-4.961578983490765,-2.24866206458263
-4.95460070832579,-2.2445541434407086
-4.947555356621676,-2.2403686259098707
-4.940500218868455,-2.2364321298721728
-4.933337721164795,-2.2324234551085604
-4.926083951088124,-2.2283094574086855
-4.918941008340871,-2.2244621781062364
-4.91178536434384,-2.2200842060684063
-4.9046410114262144,-2.2157185002251687
-4.897582360537022,-2.211304530515014
-4.8905089815173515,-2.206716791874071
-4.883691236398304,-2.2023895214347124
-4.877119064523861,-2.198451908719433
-4.8707966504441575,-2.1941383313339027
-4.864503664718618,-2.18987918947615
-4.858563066028902,-2.185603202642095
-4.8527424193434445,-2.1811763787942504
-4.847226785312691,-2.1768693672061716
-4.841876567999823,-2.172903763807645
-4.8366836347900914,-2.1688509793287394
-4.831442340635921,-2.1656546575135254
-4.825826557128578,-2.1630942577360934
-4.820508291576005,-2.161039815525998
-4.815354405283349,-2.159172267130936
-4.810180599310706,-2.157305839776246
-4.805086878939189,-2.155379301508926
-4.800238263211231,-2.153653525743593
-4.79586430194373,-2.1524350095121405
-4.791528714856298,-2.151187691327018
-4.7874195671431075,-2.150188093026527
-4.78322098196471,-2.1491071824524814
-4.779175918888964,-2.147910585722157
-4.775169349499397,-2.146716850325429
-4.771292005970474,-2.1456834206180635
-4.767383313418661,-2.144673832796458
-4.76372163093388,-2.1439037006199295
-4.760198859044129,-2.143283994982451
-4.75689667952943,-2.1424977073797624
-4.753546749313496,-2.1416517305266165
-4.750087240241519,-2.140719518440279
-4.746730882897076,-2.139709439804104
-4.74385849919469,-2.1391578854236664
-4.7413782070396016,-2.138955129963262
-4.738986132036458,-2.138714509668305
-4.7364236415233165,-2.138910677569965
-4.733787601482879,-2.1391087670745192
-4.730939444221164,-2.139103335271397
-4.72848596234891,-2.138799276155361
-4.72629088496769,-2.138732939780229
-4.724548857690132,-2.138684635432652
-4.722741853179387,-2.138549945113793
-4.7211577458244625,-2.1385551586128817
-4.719596581613635,-2.1385966535164527
-4.718239896961557,-2.1381053365352374
-4.717201380368025,-2.137903195352151
-4.716584384357148,-2.138124606839862
-4.715962557248905,-2.1381750013309757
-4.715554335970645,-2.1383941039657293
-4.715114295110721,-2.1383938342286566
-4.714661313305325,-2.138507327798108
-4.714384732513135,-2.13882150805465
-4.713974152261829,-2.1390187631237243
-4.713657128532507,-2.139149414490148
-4.713606938544109,-2.139545657120071
-4.7137392491924395,-2.1401293345989396
-4.713689420339295,-2.1408509942250133
-4.7135945064443385,-2.141549444776309
-4.713661370386502,-2.1424025433233265
-4.713968139287355,-2.1430741445305594
-4.7146389648275555,-2.144090294421498
-4.715870413653483,-2.1447489803422646
-4.717021343575904,-2.145380534822839
-4.718246792977491,-2.1459788615388784
-4.719338340190029,-2.1464248743316126
-4.720643300118078,-2.1468788136584998
-4.7221937147999595,-2.1474293594503417
-4.724129816229349,-2.1484183417306153
-4.725794954239154,-2.1493684846111627
-4.727643055366086,-2.1506334911743634
-4.729247490573354,-2.151621300753126
-4.730954290283148,-2.152680609783139
-4.732577715877588,-2.1536203762168653
-4.734571145158987,-2.1549809077213036
-4.736556120242904,-2.156441061568302
-4.738735670891773,-2.1579603070324618
-4.740815118360723,-2.159365592186639
-4.742942423428827,-2.160633467703259
-4.7450437394045535,-2.162094242974342
-4.7471018884963305,-2.163531916361695
-4.7494732313255374,-2.165011553149097
-4.752094351689385,-2.1665418388506215
-4.754763236198001,-2.1680963073537294
-4.757271684147584,-2.169569379617913
-4.759831702020107,-2.1711010395422714
-4.762825395086823,-2.172433384311986
-4.766177084096692,-2.1734958253499674
-4.769900016413838,-2.174942587961355
-4.773514582583288,-2.1764610387659555
-4.777030232559676,-2.1779167859314903
-4.780341900740221,-2.179639307701526
-4.784080896525722,-2.1818085729870114
-4.787831452895147,-2.18396921890811
-4.79185540723675,-2.186431104262012
-4.795920437363154,-2.1893924512909178
-4.799737204189266,-2.1921634385038438
-4.803451921254997,-2.1948744220062726
-4.807622576615786,-2.1979993425184543
-4.812207519275328,-2.2010225602835405
-4.816967725407999,-2.2044296248084
-4.821738601065862,-2.207678176776435
-4.826690346998224,-2.2110731074654697
-4.831986715543463,-2.21420893377908
-4.837134620003994,-2.2171579610785863
-4.842345912044207,-2.219891647856753
-4.847493213520668,-2.2225522808379106
-4.852992869872749,-2.224948682087355
-4.8589257518869875,-2.227737984579415
-4.864724421598679,-2.2303737822534284
-4.87032530295119,-2.2331585068554194
-4.875442934797055,-2.23550475616288
-4.88034584221625,-2.23760564129657
-4.8852687935457,-2.239691916577256
-4.8901940177779855,-2.2417800835244464
-4.895149831521088,-2.243902946720526
-4.899845373675347,-2.2462209879882273
-4.904356478986458,-2.2483717420513294
-4.908594526502085,-2.250210283478839
-4.912872784215837,-2.2520190855711504
-4.917091033816473,-2.2538240792247493
-4.921167823355611,-2.2555153072568217
-4.925231641154411,-2.2572162566239475
-4.92918356574013,-2.258762888343565
-4.93311252628503,-2.260233876340218
-4.937371467098914,-2.2612891101299124
-4.941282412569035,-2.2623982795290467
-4.9453694214405814,-2.2637088656810618
-4.949150601853879,-2.264922915180145
-4.952960821459912,-2.265944231699045
-4.956738214219842,-2.2669004202395913
-4.960375995209765,-2.2679728611531544
-4.963810386226052,-2.2689608430921733
-4.967157388338222,-2.2698803396605074
-4.970526176382969,-2.2708163166112016
-4.973783899258659,-2.271730748673282
-4.976817939341602,-2.2724426795229906
-4.97955374947327,-2.2731858969431205
-4.982187713446016,-2.2736289463182304
-4.984934190609999,-2.2741737247035188
-4.98760224699492,-2.274593782959953
-4.9902631550554135,-2.2749078118288635
-4.9922312131248185,-2.2745949308834597
-4.993915759013797,-2.274050865825171
-4.9953161080563975,-2.2730756678238957
-4.996590581672763,-2.271986443400266
-4.997919928742126,-2.270919794743986
-4.998936993719711,-2.2699505363600885
-4.999843592409188,-2.268323333496811
-5.000347041572873,-2.26683563290833
-5.000417055930728,-2.264850438742225
-5.000364316163169,-2.263003937162548
-4.999862054491704,-2.2607510544635954
-4.999094214913892,-2.25884506552582
-4.998369083603947,-2.2571993205418512
-4.997479372052688,-2.2556779771931916
-4.996353695060288,-2.253885728134743
-4.994847704903517,-2.252377170570927
-4.992781963763938,-2.250362747669514
-4.990788859725893,-2.2484316860535745
-4.988842784832396,-2.2464659280585892
-4.986978065888994,-2.2445500388446127
-4.9853242435607354,-2.2428377125781593
-4.983593380978164,-2.2411831275544216
-4.981824490028287,-2.2394887428622097
-4.979872666018783,-2.237614947680102
-4.978014078265298,-2.235671829552912
-4.976238938557294,-2.233821081561557
-4.974209711148962,-2.231736218223421
-4.97201005842591,-2.229779044450552
-4.969495710484398,-2.2274605432127466
-4.9671998660365695,-2.2253395037495896
-4.964900318316805,-2.2232214855760395
-4.9628757945393485,-2.2212854754425804
-4.960786470937425,-2.219325630100762
-4.958142743632922,-2.2174700588497998
-4.955629835127173,-2.2155170877511274
-4.952819333208822,-2.2132224647964116
-4.950250735128637,-2.2111464371706626
-4.94760093344899,-2.2091314217663807
-4.945114887524128,-2.207304257815464
-4.942436539764724,-2.2052475942462415
-4.939623966035105,-2.202888079013274
-4.936761690962899,-2.200481514261595
-4.933707649936972,-2.197901623272946
-4.930694559794516,-2.1952628185487764
-4.92783798818233,-2.192588151917159
-4.925215975856726,-2.190150115745561
-4.922354487475153,-2.18762065407439
-4.919199893820302,-2.1851363596633577
-4.91587301436943,-2.18251995549303
-4.912464559757,-2.179907427812825
-4.909381760015633,-2.1775581891591305
-4.906604910915466,-2.175542463972377
-4.903859587147883,-2.173667604581543
-4.901022841440808,-2.1719158964718863
-4.897942025225572,-2.170416643478629
-4.895058837920362,-2.1686993478036283
-4.891812156500834,-2.16718110959611
-4.888719695099475,-2.1657076695197532
-4.885773069115279,-2.1644057376425483
-4.8830866031136235,-2.1633080609276805
-4.880745806875368,-2.162263004360507
-4.878229433061905,-2.161016678349591
-4.875897827805645,-2.159753848845468
-4.873557616323457,-2.158387075809436
-4.871620569872007,-2.157482191658305
-4.869585310235633,-2.156478109678729
-4.867998102764973,-2.155546265449968
-4.866406220151184,-2.1546090377611913
-4.86502489538185,-2.153877323480783
-4.863677171071991,-2.153305126117473
-4.862306293656148,-2.152744150911579
-4.861079319840358,-2.1521726702131767
-4.860064134964439,-2.1514842933420018
-4.859148100103294,-2.1508794440584835
-4.858407532080652,-2.150341936489475
-4.857631843355956,-2.1496986925369046
-4.857216290250121,-2.1494114645367115
-4.857411900530784,-2.1492543740749976
-4.8577357800743295,-2.149178228189304
-4.8584006859671325,-2.1492679455489565
-4.859103472771116,-2.149385561604204
-4.860015087783661,-2.149591904460444
-4.861198704226538,-2.150009827863867
-4.8631194128711375,-2.150993887230062
-4.865365364536122,-2.15211868060995
-4.867711669288937,-2.1533583319723206
-4.87046921580428,-2.1542617550804772
-4.873617074319997,-2.155580727374813
-4.877009383264343,-2.1571795656360524
-4.880699584685336,-2.158916441905298
-4.8850928293608815,-2.161340420233125
-4.8894503836888035,-2.1637131136663994
-4.894190819222643,-2.1660834945860437
-4.899057010087196,-2.16856829809065
-4.904093717396374,-2.171451510504132
-4.908973933856958,-2.1742328307465235
-4.914373282788632,-2.177517930785817
-4.920045146566444,-2.1807594612868426
-4.926164169488679,-2.1841128802955865
-4.932638350568417,-2.1870541071325587
-4.939384609219124,-2.1903017385305033
-4.946150510114794,-2.1934179928667388
-4.953009896800168,-2.1966410228647333
-4.960154333634955,-2.199915049401549
-4.967428040331449,-2.202959299636083
-4.9746932297881505,-2.205982703701793
-4.982305856051065,-2.2093488112337334
-4.98996041889439,-2.2126846966445233
-4.9977683663549755,-2.2161917920291523
-5.005360922944953,-2.2194521134904512
-5.012538290970719,-2.2230234646834868
-5.019748338894892,-2.2266319399689998
-5.0269963239848146,-2.2303770202764954
-5.034489642732714,-2.2345150780008964
-5.0416389842499445,-2.2385417829333782
-5.048683954409174,-2.2424741863070996
-5.055473961813452,-2.246496868647709
-5.062187986152645,-2.250640022107097
-5.0685742506065425,-2.254487603287584
-5.07518518095668,-2.258472022627677
-5.081485275436882,-2.262436716824889
-5.087811143941031,-2.266424611923341
-5.093978232481276,-2.2705920317214723
-5.100361639607022,-2.2745209438087057
-5.106352896597416,-2.278540754139366
-5.1120239966772605,-2.2823294577000164
-5.117616543047921,-2.286027703521915
-5.122867446152652,-2.2893871647827133
-5.128186615934473,-2.2928677752393987
-5.133152857420314,-2.296171798635366
-5.137945171284276,-2.2995476439584834
-5.142260254891171,-2.3027138771170335
-5.146025453959185,-2.3053518268224056
-5.149436003348206,-2.3076198987224252
-5.152599380052844,-2.3096653759821026
-5.155795104992526,-2.3117483511497787
-5.158439350391485,-2.314238620299248
-5.160500044540543,-2.3162032367888665
-5.161979288003497,-2.317496280607437
-5.163267697877446,-2.318930097646176
-5.163996699147437,-2.3198434833669435
-5.164354675354879,-2.3204330359495655
-5.164406981760446,-2.321248282242347
-5.1640645008222705,-2.3216383368459024
-5.163447118267386,-2.321711240590832
-5.162594630864764,-2.321957913564753
-5.161434949775275,-2.321945778192433
-5.159834969234348,-2.322340828452415
-5.157740800563991,-2.3225820656867158
-5.155280441040301,-2.323307843846639
-5.1524321457273725,-2.3236279776349735
-5.1493846453473875,-2.323916774187732
-5.145989728990567,-2.32412782572392
-5.142388765050416,-2.324140972073841
-5.1389166624103995,-2.3241347311745444
-5.135670078034212,-2.3240590411169113
-5.132042896751567,-2.32360127338173
-5.127987955061158,-2.3229193419177308
-5.123697711206023,-2.322160567267946
-5.119204929671964,-2.3211660632626137
-5.114987430145885,-2.319994602297116
-5.110636385914525,-2.3190430453899307
-5.106231782009508,-2.3179546125973274
-5.101291284078307,-2.316307102375006
-5.096494462101824,-2.3145538699667583
-5.091747577440902,-2.3128054997093885
-5.086991889119261,-2.3110619738644975
-5.082193721006795,-2.3093504864737673
-5.0775784994690545,-2.3078227872296573
-5.072796382134495,-2.3061046362558244
-5.068003089953603,-2.304021841207589
-5.062880713335915,-2.302204559442037
-5.057535122815492,-2.300177545600711
-5.052062030577961,-2.2984904047042938
-5.046606466300416,-2.2967904250936435
-5.04154102844918,-2.2954429389157123
-5.036286010891874,-2.2938777022983774
-5.031168233001798,-2.2922103556554445
-5.02570583785647,-2.290231519829677
-5.020222302416876,-2.288211120211309
-5.014800144554868,-2.2859997359477062
-5.009565162374157,-2.2840878880945406
-5.0044218240257,-2.282281328697157
-4.999146927922878,-2.28050349806591
-4.9938411293424565,-2.2787676259184413
-4.988731282974591,-2.2772564821915378
-4.983453555215316,-2.275649767028511
-4.978264645653945,-2.2741088374240355
-4.973520389866803,-2.27285545017933
-4.969077263396053,-2.271749157806688
-4.964863004977242,-2.270904978148216
-4.9609642062522505,-2.270499554288028
-4.956788935327761,-2.270218975749935
-4.952837274419891,-2.2701944130195986
-4.949010101652253,-2.270080156982964
-4.9455898659738065,-2.269909862806593
-4.9422529133191455,-2.2698349468918666
-4.939322679691969,-2.2692245550078853
-4.93686174493697,-2.2690393987786734
-4.934415686207215,-2.268783236676475
-4.932087073290447,-2.2686278379369025
-4.929949068934782,-2.2686452300167597
-4.928097519030225,-2.2686697948669767
-4.926441034718232,-2.2686369810225417
-4.925031290307961,-2.268827895645902
-4.92347327408065,-2.269175182143667
-4.9220334311140315,-2.2697265373534377
-4.920830730244601,-2.270492946964015
-4.919783292466487,-2.2712436016779085
-4.919070905141107,-2.272144891498611
-4.918578856460511,-2.2732460381585007
-4.918464892506818,-2.274408178666347
-4.918105141177349,-2.275644213391674
-4.918092481120635,-2.277195117140629
-4.91811150806583,-2.27876867789076
-4.918066179856945,-2.280842113692629
-4.918100069497519,-2.2829581478299295
-4.918232389530153,-2.2849126767978354
-4.918606460980821,-2.287143306933885
-4.918973343646734,-2.2893921007874605
-4.919459076470109,-2.291791122146133
-4.920451526560245,-2.294084290011071
-4.921507860506788,-2.296644319512902
-4.922657127372558,-2.299310430184877
-4.924105134764466,-2.301833190179855
-4.925428784766395,-2.304273273924293
-4.926931033768419,-2.306917170034153
-4.9284750762546805,-2.3098563210889025
-4.930098389662454,-2.313149382493485
-4.931962963638847,-2.3167349139533338
-4.933890744575825,-2.320395766082469
-4.935826161166499,-2.323963439352671
-4.93798106868347,-2.3277814326141595
-4.940158933326631,-2.331620184310133
-4.942133904366246,-2.33560964923707
-4.94406235402912,-2.339545954200824
-4.946630352022596,-2.34381224999794
-4.949177097038788,-2.3482082098932575
-4.952027641561692,-2.353171388727653
-4.954517789895602,-2.3579865315541357
-4.956695667767744,-2.362725187936534
-4.959072627778161,-2.3675159253959053
-4.96216284391668,-2.372425108396707
-4.965144203160372,-2.37751228790394
-4.968405483751549,-2.3831489349197166
-4.971754754187573,-2.388865195465508
-4.974995994905834,-2.39436859021344
-4.97831657261951,-2.400048035863714
-4.981747298196528,-2.405827300664353
-4.985135086835419,-2.411696603413827
-4.9888896170526165,-2.4180167379293587
-4.993218705722974,-2.424859113221661
-4.997691406440092,-2.431375126463851
-5.002128296358814,-2.438129313994209
-5.006543908288951,-2.444863774426195
-5.011326213870804,-2.451733731802091
-5.01672713807551,-2.4591061770748035
-5.022524459418021,-2.4666510090077853
-5.028424641672186,-2.4743128241414483
-5.034682808003894,-2.482197242111551
-5.040500111623776,-2.490151530285001
-5.046299163597915,-2.4980849305756103
-5.0524527282904526,-2.505955647716839
-5.058572798746285,-2.5138140178435817
-5.0646180278214326,-2.521680985382293
-5.071290149769579,-2.5295973971551837
-5.078311545109543,-2.537944602081266
-5.085238115968006,-2.546447757057423
-5.091889230082968,-2.554628234692022
-5.09855969967487,-2.5628027244623994
-5.105276183896492,-2.571076414295043
-5.112068758064744,-2.5794192575917756
-5.119219504094393,-2.587932395369796
-5.126005414776457,-2.596421732583454
-5.132899257072433,-2.6050092369596065
-5.139832464845848,-2.6136071967765155
-5.146733212726733,-2.6221645580068924
-5.153539611439167,-2.6306356691146555
-5.160851372827834,-2.639361607347934
-5.167803791444189,-2.647939195228584
-5.174971506632968,-2.6567129287203266
-5.182422442334229,-2.6657744967599935
-5.1893789709417355,-2.674861989563208
-5.196326414747043,-2.6839408528974635
-5.2029951956031555,-2.6935906030213523
-5.2098276184753285,-2.703426316243408
-5.216109377604268,-2.713075923645456
-5.222771845459523,-2.7229380568646553
-5.229425161557299,-2.7327896049987754
-5.235878116869958,-2.7428242131932055
-5.242466942980504,-2.7527378005057033
-5.249152291723512,-2.762760824697945
-5.255468278841355,-2.7724807973634142
-5.262071211586922,-2.7821980196345293
-5.268581883735273,-2.7918101964109794
-5.2747366290325095,-2.801284280063771
-5.281263830551941,-2.811176728074779
-5.287667065555035,-2.8209281661585193
-5.293966448801676,-2.830314388666565
-5.300624939724894,-2.839969692492921
-5.3070706150176,-2.8493467181697065
-5.31299914661128,-2.8580106280083584
-5.318680595983192,-2.866880684694256
-5.32490783704971,-2.8762253092863324
-5.330911865724141,-2.885280744427816
-5.336657216610828,-2.894322599448358
-5.3422588668630135,-2.9032325993836925
-5.347964573938861,-2.9117605578120527
-5.352736729232105,-2.921250423193487
-5.357102548461714,-2.9306911491060803
-5.362049196642112,-2.9401906899367525
-5.366967276200992,-2.9494166802214634
-5.371811667415201,-2.958670922215582
-5.376946095727521,-2.9681739879211286
-5.382492153928531,-2.9773852222258363
-5.387788781767279,-2.9864018952236013
-5.392774548863375,-2.99505595498191
-5.397933914159976,-3.0035878142382946
-5.403090638199086,-3.0121257033092452
-5.408590475352684,-3.0209776299190434
-5.414151271318116,-3.0297877464484086
-5.419610901132698,-3.0385567217397003
-5.4248387769232975,-3.0470645478048923
-5.430378446038677,-3.055353066884
-5.435721971813342,-3.0634536857316683
-5.44120706826792,-3.071680064858954
-5.446726917202747,-3.079883295454814
-5.4523112149625765,-3.0881821497216073
-5.4577798362865035,-3.096305179936675
-5.463753801992336,-3.1040740344303765
-5.469394440040072,-3.1115094388900637
-5.474577095482075,-3.118469110905515
-5.47960877770526,-3.126008323322788
-5.4846264621558944,-3.133526458246883
-5.490590727964673,-3.1401918144483645
-5.496084253524737,-3.1463249714978603
-5.501865175434744,-3.1522597032371102
-5.507034957371702,-3.1576142574416406
-5.511813874984028,-3.162514195050087
-5.516691438130884,-3.166950523585501
-5.5213132985234346,-3.171368068110019
-5.525500252290315,-3.1753438454607577
-5.529846291510089,-3.1794597449226893
-5.53380614164615,-3.1836421793947154
-5.537079910734038,-3.187130711401876
-5.540318487953832,-3.1903665988454315
-5.543029328143692,-3.193283501424429
-5.545711940937303,-3.196174668080119
-5.5483736762768725,-3.1993484801715417
-5.550544899477981,-3.202350357821663
-5.552248279830714,-3.2049225204293204
-5.55313999982483,-3.2085865468535504
-5.553827484517191,-3.2120206358911085
-5.553995288538855,-3.214741838998906
-5.554086965377541,-3.2174789981076373
-5.553891116859487,-3.2198921306263855
-5.5532413724243375,-3.221894320263089
-5.5520421352264595,-3.224062562773567
-5.551268522804898,-3.224680619784695
-5.550602786388719,-3.2250784634737224
-5.5490780474674635,-3.2246863181206886
-5.546920552945347,-3.2238216289861534
-5.54492973313834,-3.22266823077393
-5.5422786165371125,-3.2209075123068662
-5.538466721281804,-3.2185035021295194
-5.534616231641325,-3.215838908431744
-5.529858224844193,-3.2123395422384515
-5.524057615545635,-3.2077087012263683
-5.5182405824405665,-3.203016889656113
-5.511063544279458,-3.197073809016344
-5.50336186575791,-3.1906040704833014
-5.494661244211186,-3.1843905117794007
-5.484985689973996,-3.1772802236310844
-5.474748455879706,-3.1697217777239057
-5.463866979636807,-3.162681813270229
-5.451898419482067,-3.1546417664928628
-5.440096775099042,-3.146121078982819
-5.42723895434931,-3.13802799546845
-5.413910069034609,-3.129448967093036
-5.399725524223919,-3.1206765550276416
-5.384880672632001,-3.112610597343277
-5.370163613639855,-3.1046479646284233
-5.355165290048727,-3.0951776319338116
-5.339724661942651,-3.0861023222303685
-5.323582303583235,-3.07681185421439
-5.307347430472713,-3.067473463295595
-5.290582784102828,-3.0585152793529744
-5.273919649556863,-3.0496245350234226
-5.256934527891209,-3.0404464673209377
-5.240083285451121,-3.0315784039927323
-5.223339732041177,-3.0225563863869795
-5.206376214775376,-3.0133298735889853
-5.188953422127889,-3.0041811753701246
-5.171679645801264,-2.994723450670851
-5.15478918246329,-2.985618721329594
-5.1378795669844255,-2.976818576178774
-5.12118877435795,-2.9680748506076746
-5.104181518384371,-2.9590370009818607
-5.086754733677819,-2.9500308327283458
-5.069484822149813,-2.94081881279163
-5.053088885291036,-2.9310611292111552
-5.037345467684432,-2.920294970844926
-5.021653475667296,-2.9098552703621525
-5.0060943674169005,-2.89982430808079
-4.990522213976524,-2.8897795037031724
-4.975064403827562,-2.8799617484912665
-4.959636287412139,-2.8701677070027993
-4.944327345937184,-2.860542619625412
-4.929608397254606,-2.851570453099633
-4.9152982083158125,-2.842310580191619
-4.902022026704677,-2.8340076127356135
-4.889206716343047,-2.8262141546159794
-4.876643385045815,-2.8182443951172087
-4.864745619215227,-2.810890492626124
-4.853551482698466,-2.8043154132587738
-4.843014225171085,-2.79726701291843
-4.833899098565596,-2.791507352755545
-4.8264693742241045,-2.786454990383955
-4.81935770516563,-2.781701701709475
-4.813684624215691,-2.777521437816595
-4.8087029488279,-2.774057558762959
-4.804305340549274,-2.7702690204308116
-4.8014945033839265,-2.7668942391372475
-4.798770519276777,-2.7636157678992292
-4.797062867089295,-2.7601834893105153
-4.796280311989317,-2.757571058267928
-4.795049251495457,-2.7552361694687515
-4.794516249011059,-2.7520923434863196
-4.794346515234577,-2.749166170667277
-4.794723739790773,-2.746746898381341
-4.796189305370558,-2.74411333112263
-4.797356537423104,-2.741832175971016
-4.799163493539321,-2.740143544427581
-4.801873104288983,-2.7385783025881705
-4.804475354490118,-2.7376114302026084
-4.807280340759155,-2.7368318898765787
-4.811012936012939,-2.7362819958636235
-4.814488896780049,-2.736324245115998
-4.818407849984286,-2.7367765880692536
-4.822869658254489,-2.737631434569899
-4.827044004857013,-2.7390140456652117
-4.831565671199296,-2.7407182274700634
-4.836709408499118,-2.7425256690893915
-4.841713420426594,-2.7446475226843523
-4.846496957879382,-2.74708883254509
-4.851652130197923,-2.749581784546837
-4.857140164882522,-2.752444911633038
-4.862530656756894,-2.755951678697243
-4.8682579711943985,-2.759321317499731
-4.874238778876506,-2.762972993604077
-4.879573798397327,-2.7674897751677925
-4.8849313881448975,-2.772027407619006
-4.890817021410975,-2.776882175512189
-4.896081805273344,-2.7816896196174135
-4.901612967580372,-2.786743602332583
-4.90722296203636,-2.7917826222613162
-4.912659926281521,-2.796912054454222
-4.918331771341747,-2.8022390229432763
-4.923609644470249,-2.8071595810961427
-4.92818940878483,-2.8125887743979088
-4.932052042496809,-2.8173258864839625
-4.936179104968238,-2.822319346990222
-4.939872894766518,-2.8276277857872016
-4.9430365973565396,-2.8324177666039203
-4.9464408361729015,-2.8374535378150796
-4.949329753817549,-2.8428631741476784
-4.951494769070328,-2.8476078668491653
-4.953021666593637,-2.8528092080385736
-4.953852164503183,-2.858228598963074
-4.954225132926834,-2.8639786174514033
-4.954114471420138,-2.8692410232085033
-4.954282322713281,-2.874407752716772
-4.9540482250020705,-2.879864529547795
-4.95404665934598,-2.8855782737298474
-4.953319394145272,-2.8906172853769028
-4.952543827514221,-2.8956782533831693
-4.951629730476778,-2.900539829910773
-4.950709412514542,-2.905423108149584
-4.949751924142097,-2.910331972008192
-4.94856508570628,-2.914997422775539
-4.94665769194677,-2.919013693954242
-4.944676390516572,-2.922262870199094
-4.942671057680852,-2.925698712843981
-4.939990028948741,-2.9284298139830773
-4.937601520334936,-2.9307679747616158
-4.93529828032014,-2.9331719943316106
-4.93241514555722,-2.934949181571367
-4.929737851157524,-2.936080426811396
-4.926758640866912,-2.9372144993440354
-4.923000213334865,-2.9375474585746684
-4.919561354844462,-2.937391806087364
-4.91617916587382,-2.937402456204273
-4.912642133840637,-2.9369744168995093
-4.909381354602378,-2.936381908744282
-4.906242624668642,-2.9353602072831886
-4.902971942679619,-2.934111184112554
-4.899131654678565,-2.9322540864772733
-4.895614643311782,-2.9299446892070793
-4.892269570832635,-2.9274014009801035
-4.888698538094427,-2.9246084823220415
-4.885143158968504,-2.9217176174050805
-4.881797398626018,-2.9186951874812506
-4.8778516744734315,-2.915009685552319
-4.874386263469069,-2.911193727912344
-4.870849438513329,-2.907058019164151
-4.867442158880635,-2.9030654486860783
-4.864034910264677,-2.898818713191168
-4.86060556314995,-2.894191149721484
-4.857305234566485,-2.889675882210852
-4.854271608547461,-2.8852209326628264
-4.851147388947277,-2.8811062359023203
-4.848151313852487,-2.87716843971709
-4.845032289464392,-2.8732303364253777
-4.84209632381588,-2.8694286369373123
-4.839264531555672,-2.8657624981862617
-4.836403884354487,-2.8624928404728087
-4.833259209440018,-2.8599605172327043
-4.830338052408106,-2.857841933937463
-4.828151178450934,-2.8555731661862067
-4.826336705497445,-2.853724076434486
-4.824825294977422,-2.8521977782572474
-4.823431572711407,-2.8507809580349344
-4.822147744669806,-2.8499242885104215
-4.821166092763846,-2.849126600382289
-4.821239870912465,-2.8493108627980606
-4.82175185350254,-2.849946196372051
-4.822865746536569,-2.8508408218492174
-4.824654013005827,-2.852362853484726
-4.826734368022046,-2.854323840971896
-4.829441328342466,-2.85612113872091
-4.833217727507505,-2.8588345490926876
-4.8380152264717085,-2.862676900955774
-4.843115661556864,-2.8662991172111143
-4.849019663928299,-2.8706687380741465
-4.8551841774177324,-2.8753262464306673
-4.861738678701621,-2.8797011738022773
-4.868634530917572,-2.8843933486273827
-4.876231418148844,-2.889860869854629
-4.884197014903742,-2.895061625142775
-4.892508382316424,-2.900595495660368
-4.901110577113237,-2.906450898263288
-4.91005941568327,-2.9125144123082696
-4.919107956178146,-2.9185071870710866
-4.92839196516028,-2.9247641991917326
-4.9377631487762805,-2.9311200954568757
-4.947236765760393,-2.937403036453322
-4.956958384304627,-2.9439382266442267
-4.966929989573477,-2.950726853675635
-4.976758669305004,-2.957619726354134
-4.98666362997907,-2.964596924270565
-4.996882504981003,-2.971865588256009
-5.0072621007060105,-2.9790198074078367
-5.017889743703771,-2.986448915458031
-5.028303538425983,-2.9936792560200725
-5.038724190649677,-3.0009054788876317
-5.048782481882914,-3.0077290160968744
-5.059853087494139,-3.0146679185000225
-5.070746450736454,-3.0217682905451175
-5.082036550062868,-3.0286626150011493
-5.093290286523464,-3.0355225837793887
-5.104536740745089,-3.0419287550208423
-5.115777713208127,-3.0477434206198994
-5.127300320922396,-3.053818077197738
-5.139420004098428,-3.0590089440466515
-5.1513646581394825,-3.064003056225348
-5.163258675714434,-3.068658623682511
-5.17580601849693,-3.0729407096451222
-5.188001700126756,-3.07665963262462
-5.1997574475087625,-3.0800640308444223
-5.210938305485462,-3.0828638475505565
-5.2222082637083505,-3.0857731670048714
-5.233139124666863,-3.0885168236414224
-5.243799266016101,-3.090942372642441
-5.254377266405094,-3.0935528714491043
-5.2638228657231005,-3.0958216002153396
-5.272466410531665,-3.097267645035649
-5.280958462404175,-3.098955428537154
-5.288867633276066,-3.1002106061654846
-5.296332940929547,-3.100986626556945
-5.303385312635369,-3.102170199892276
-5.3096114764583495,-3.1028353378778397
-5.315108404488182,-3.102682170556857
-5.320367159387564,-3.102600668444625
-5.324929224044103,-3.1020983828681485
-5.329365355026068,-3.1014543265296
-5.332999968859368,-3.1007307668660444
-5.336346623306756,-3.099796560560564
-5.339971901921479,-3.097373963149438
-5.343206860071818,-3.0948789680902804
-5.346591762768381,-3.092510504904781
-5.349729962207757,-3.0900505160536507
-5.352634000245143,-3.087388709882785
-5.355132572889247,-3.0847606814658532
-5.357472301835142,-3.0817852436807733
-5.359617017540713,-3.078587265139443
-5.3616734906586245,-3.075581868342003
-5.363470241513746,-3.0725393431138293
-5.365160478711377,-3.069404096773842
-5.366693288542172,-3.066282898067311
-5.368371725964369,-3.062970469852608
-5.36960558956372,-3.059211865766796
-5.370162652587665,-3.0554239499352773
-5.370918914786952,-3.0514430819473013
-5.3714290960871285,-3.047167624472682
-5.371645505628572,-3.0428870934343206
-5.371734663538306,-3.038508920612837
-5.37039374533685,-3.0336427446599123
-5.3686910933402165,-3.028368465573235
-5.3664340020208385,-3.0234878438486095
-5.363690329916804,-3.018160447364924
-5.361548614820785,-3.0126009151926523
-5.358656986770699,-3.007294748709416
-5.355239329666167,-3.001506042429766
-5.35091057191033,-2.996303420297964
-5.346286193294126,-2.9912373828479577
-5.341055063261779,-2.985904670573516
-5.335704173050826,-2.9804874352277944
-5.3300388221075945,-2.9755517955606576
-5.324382922457308,-2.970529863663289
-5.318714966396836,-2.9654500633926735
-5.312967594456757,-2.960258637625981
-5.3072878271841235,-2.954974008717264
-5.301275262409628,-2.949383773930565
-5.295046216223426,-2.943825961997867
-5.28901871207315,-2.93769817256649
-5.283329586092721,-2.931881234930014
-5.277531785733513,-2.926009858924002
-5.271636558266301,-2.919907845659037
-5.265648583902294,-2.913720769647722
-5.259771140735345,-2.907340943592374
-5.254007289987489,-2.9008132599950907
-5.24816059843437,-2.894246187324848
-5.242365473668002,-2.8877409799874263
-5.236545859574233,-2.8809572864873325
-5.230864407196613,-2.8738980158372223
-5.225827102692115,-2.867022589558002
-5.220995608109539,-2.8602813351008183
-5.2155298523769975,-2.8546202168568895
-5.21033023546913,-2.849121144331343
-5.20481420735961,-2.843331711612389
-5.19919479519768,-2.8372394545864092
-5.193787292353144,-2.83086687327532
-5.18874570267147,-2.824830045656006
-5.18376712291754,-2.8190333625817097
-5.1789923952987795,-2.8134812343522473
-5.17409436301404,-2.807815994773713
-5.169159859562752,-2.80185426591405
-5.164182246208457,-2.795875322558049
-5.159154595358673,-2.789850469206311
-5.154049563635142,-2.78409335554366
-5.149200788647892,-2.7784862563916035
-5.144858764103988,-2.7733439969503544
-5.140317451073451,-2.7683938439441276
-5.136019722608535,-2.763881451598
-5.131632544207532,-2.7592870566843763
-5.127611143727628,-2.7550598080283457
-5.124222330753115,-2.75128540007455
-5.121234381764339,-2.7479525159773197
-5.118429544797531,-2.744465989920441
-5.116132664809427,-2.7411059460601486
-5.11341028578191,-2.738304625639521
-5.111024321171063,-2.735398008177226
-5.108882929942804,-2.73270463991061
-5.107149359055804,-2.73025609979766
-5.105765262169949,-2.727733081355533
-5.10463743659375,-2.7254450565976325
-5.103231033456372,-2.723134543359262
-5.102208537030611,-2.7204225776998876
-5.101308545681621,-2.7178228573877656
-5.10049468656036,-2.7155757092015866
-5.099882636565127,-2.7135781169586526
-5.099226724344867,-2.7115458692343233
-5.098897712144542,-2.709707403617289
-5.09864681283666,-2.7076802323374127
-5.098950651078836,-2.7062115039012338
-5.099248196450937,-2.7048364777496055
-5.099806890686905,-2.7036882287055004
-5.100642580636945,-2.702829137538041
-5.101763513582161,-2.70207381543432
-5.102749920676929,-2.701484023000693
-5.103846998474324,-2.701003588378264
-5.105147005696521,-2.700795003585458
-5.106548229172732,-2.700684681202934
-5.108358017402728,-2.7004069309314436
-5.110258104859405,-2.7006069798569032
-5.1119934370072375,-2.700926762062016
-5.113671321165281,-2.7012184701925315
-5.115257061570238,-2.7014119830473193
-5.1168795417935895,-2.7015787241795275
-5.118631933828591,-2.701855399711282
-5.120842257525654,-2.7025956638710236
-5.122720567290111,-2.70357707223687
-5.124514716372903,-2.7045089921121357
-5.126196940502435,-2.7053050081318286
-5.128099542324255,-2.705940813012444
-5.130048008587643,-2.7066190635419005
-5.132289360089268,-2.707603315286445
-5.134761541014757,-2.708818362510601
-5.137645994109756,-2.710410826838804
-5.140719837238153,-2.711677396801599
-5.143734462257986,-2.7130131099043724
-5.146834078134001,-2.714160120747748
-5.14983139163372,-2.71519135248809
-5.153621008603871,-2.7162085790643133
-5.157931703185782,-2.7169950972361185
-5.162200533346496,-2.717734137352417
-5.166598960832511,-2.71830529594741
-5.170949728612944,-2.7188338167451436
-5.175305738737935,-2.7193799327499066
-5.179478795903152,-2.7200969154986123
-5.183595706272572,-2.7206201278154913
-5.1878346930406956,-2.721202260683104
-5.1922184326962215,-2.721927938129222
-5.196561437824215,-2.7228238814432753
-5.200705109106192,-2.7236857467098865
-5.204766356010316,-2.7244721818537285
-5.2087869158194415,-2.724918565997744
-5.2131208104666475,-2.725260527125586
-5.21736365270866,-2.7255190445861803
-5.221680234604585,-2.725604182817798
-5.225828065942706,-2.725417431362985
-5.229843090429421,-2.725108985533806
-5.233503080121358,-2.7245166030010357
-5.237382025366059,-2.7238974004471133
-5.240872100492734,-2.722922822620232
-5.244326021471955,-2.7217932941037013
-5.247585537570638,-2.720390147771369
-5.250771688746198,-2.7188286768997
-5.253687944076991,-2.717178142192253
-5.2562744617027715,-2.7151513385470856
-5.258533462634344,-2.7132401991956665
-5.260360031896235,-2.710848419663387
-5.2620647233750955,-2.708317228780376
-5.263410628386405,-2.706219815348792
-5.264455459457769,-2.7038476748928777
-5.265409142644589,-2.7015274280456216
-5.266070225573586,-2.699208334200541
-5.266495391503158,-2.696674075313273
-5.266699658887155,-2.6940965520112394
-5.267046124022934,-2.691493731153508
-5.266974699186567,-2.6885101826250932
-5.266940304272578,-2.6854713741062013
-5.266810692749954,-2.6822653971955046
-5.266430543788369,-2.678783107144512
-5.265859649141248,-2.6754767308630925
-5.265332202619458,-2.6721350628390432
-5.264702386270542,-2.668703853164875
-5.263618179548638,-2.6648085583742778
-5.262267058552118,-2.660607236585545
-5.260447174414173,-2.656416532702225
-5.258636411824863,-2.6522339210373813
-5.2568484688094355,-2.64762051280416
-5.255052681836786,-2.6431547549742556
-5.252687223010957,-2.6387998270755637
-5.249839118159929,-2.6347105402264948
-5.24705209227046,-2.6306036059730906
-5.243931851557432,-2.626578987862032
-5.240773367927359,-2.6225185348399607
-5.237539382443133,-2.618513026538254
-5.234417547638772,-2.6146266141073875
-5.231408239393333,-2.6108720784967323
-5.228488203383774,-2.60705284715228
-5.225524492749605,-2.6032055347152125
-5.222230059574791,-2.5990399941203757
-5.218975736629851,-2.5948456077037805
-5.215964820569318,-2.5908703268734063
-5.213488055086006,-2.5874271792875843
-5.21098215496598,-2.5840054170262694
-5.208535775371412,-2.5806473937793846
-5.206149932618795,-2.5773596571346364
-5.2038809987978265,-2.5739869076336865
-5.201665089428174,-2.5706269383539864
-5.199954001637928,-2.5677941999132647
-5.1980935696438255,-2.565070494090723
-5.196463441939597,-2.5625943130244457
-5.19541776338984,-2.5595372993365957
-5.194479218790039,-2.5566232170627314
-5.193666873840266,-2.5536442642690163
-5.193000309961198,-2.550791257110905
-5.192621620946796,-2.548269579404612
-5.192713676581972,-2.54588845423192
-5.193653383183305,-2.5442770010302103
-5.194859216316794,-2.5425864300696266
-5.19632446617237,-2.5409787105530395
-5.197835836295382,-2.5393620294031836
-5.199481417804632,-2.5378992618207947
-5.201826819394413,-2.536508408096798
-5.204506967695856,-2.5354383555570714
-5.207345834603012,-2.5344571395268254
-5.210420138878652,-2.5338535563127635
-5.213761885561068,-2.533517513953273
-5.217093500591555,-2.5332173597949854
-5.220465008158291,-2.533004359758645
-5.224052070755947,-2.5330386651591166
-5.2277665886897955,-2.532941645867571
-5.231873482468895,-2.5332742819762646
-5.236398869286027,-2.532967447684295
-5.241485729825478,-2.533247089494987
-5.2463643153729755,-2.533678421084756
-5.251474213909884,-2.5343591432304744
-5.256558975543128,-2.5350175812168456
-5.261351336436605,-2.5361022980620462
-5.266532398692963,-2.537402032802821
-5.2718690009061895,-2.5388807313755453
-5.2773043682323175,-2.540584304825051
-5.282931693271147,-2.542538107690851
-5.288736321590717,-2.5446960156775336
-5.2946729289139265,-2.5468125820154603
-5.300681575600684,-2.5488606291846034
-5.3067668227400695,-2.5509969981436154
-5.312826000118823,-2.5531743992498748
-5.319017762974408,-2.5556700446555753
-5.325298657306943,-2.558268509033219
-5.331602286245222,-2.5612674154017316
-5.337897398808433,-2.5641544156447065
-5.344276873284368,-2.567138831250447
-5.350462543280325,-2.5697157688464576
-5.3566718122936,-2.5726716563223944
-5.363067213030759,-2.575842511976238
-5.369289522693114,-2.579145375449904
-5.375397537464794,-2.5824970041630513
-5.381653736223707,-2.586020066051357
-5.3876746710864625,-2.58932582154784
-5.39371144007677,-2.5926191004746184
-5.3997731569875125,-2.59594167686382
-5.405071304389992,-2.599701719050678
-5.4100683903513085,-2.603458189315262
-5.414716451319998,-2.607123301557772
-5.419522733282641,-2.610938283169224
-5.424165950051981,-2.614882161529943
-5.428707820249883,-2.618631886243385
-5.432576389576476,-2.621773756360684
-5.436040171920707,-2.625149394208387
-5.4392567268964935,-2.6282394314774127
-5.442402303813765,-2.6313162576502402
-5.445153111078108,-2.6344424132530277
-5.44746559560426,-2.6374632368478683
-5.449593470903766,-2.640299359356664
-5.4515803787995685,-2.643236175221782
-5.453228378836424,-2.6458665543328035
-5.454595904807588,-2.6482174201766493
-5.455685504098963,-2.650767635190141
-5.456723488268261,-2.6532759186424926
-5.457837963023618,-2.655850889163399
-5.458841537105287,-2.6585048297458056
-5.4589688632963576,-2.661392860305656
-5.458725133358732,-2.6649683997281652
-5.457977725943695,-2.668008766576944
-5.4573263447631755,-2.670979619983825
-5.456526230113324,-2.6737954361393457
-5.455825425434532,-2.6767002916475233
-5.455198097658966,-2.6795519318214516
-5.454379627940296,-2.682258858301796
-5.45331583910403,-2.684670941660195
-5.452390581600921,-2.686983188117754
-5.451118619590988,-2.688954704885951
-5.449907157585515,-2.69096756303791
-5.448610322080939,-2.693041631015035
-5.447425543909302,-2.6952419219489547
-5.446283704975047,-2.69713459408812
-5.445303638313841,-2.699076100829349
-5.4440153567138765,-2.700825633698831
-5.442562965084014,-2.702406152900284
-5.441522032229941,-2.7036909574338006
-5.440852045215027,-2.7053116280231624
-5.4398224023402095,-2.7072275323429054
-5.438791707511976,-2.709390229014862
-5.437670713666012,-2.7115349987540247
-5.436372851395421,-2.713464176054943
-5.435319191594956,-2.715343821583965
-5.434257311529894,-2.7172633013492287
-5.433499664097614,-2.7194584042099152
-5.433025278734926,-2.7219792623268853
-5.4324049197479845,-2.724604862484782
-5.431619707801782,-2.72703579590008
-5.431091826841598,-2.729694034282872
-5.430816847786188,-2.7321707257184644
-5.430998969403924,-2.7351060185484313
-5.43130241954476,-2.738212448180702
-5.431750870234888,-2.7412147663929614
-5.432098828247054,-2.744098780320179
-5.432696213977143,-2.747195380957233
-5.433523111620454,-2.7501274876504
-5.434536904669705,-2.753254186298453
-5.435680136473517,-2.7565140689374896
-5.437055389105386,-2.7596078011622613
-5.438563073207891,-2.7628011326428967
-5.440235104838131,-2.7661560077935627
-5.4417894591268885,-2.7697492682652296
-5.4434002898491,-2.7733037326212013
-5.444927256587076,-2.776782298656903
-5.446781876881957,-2.78007339226878
-5.448799898184683,-2.7832106464138184
-5.450975116604485,-2.7864908123183714
-5.45312483113822,-2.7898183337692206
-5.455643132471522,-2.792559659824962
-5.458106038279617,-2.795236931909709
-5.460628134363827,-2.797937125425893
-5.46343183486771,-2.8004366329420742
-5.466221323639714,-2.802942353042942
-5.468922010086532,-2.8053699871509084
-5.471626943532813,-2.807795122849943
-5.473914078316626,-2.809740627518579
-5.47623636136736,-2.8117180261310115
-5.478632983757202,-2.8136429825295832
-5.480921321229832,-2.8154434896941787
-5.482647274722888,-2.8167332902640108
-5.484493020768332,-2.817937990979367
-5.485549789954844,-2.8182367498861867
-5.486089337231187,-2.8183756139803027
-5.4864310976048944,-2.818488439367926
-5.4864966613609045,-2.818183740427287
-5.486261859259078,-2.818370223638712
-5.4851019181945,-2.8180069497727045
-5.483162151391998,-2.8177138466243177
-5.481244214418096,-2.8167353218862017
-5.478322357889089,-2.814829480166899
-5.474344472534572,-2.813366155057067
-5.470137916742444,-2.8116522011275227
-5.465252595328045,-2.8093057461955513
-5.459846814236327,-2.807330993824226
-5.453974706830168,-2.804894155872111
-5.4470976714498685,-2.801481498586456
-5.439870801545023,-2.798319340809433
-5.432272593417815,-2.7947362332926793
-5.424362342083224,-2.790875228370832
-5.416230850135258,-2.7871731071534454
-5.407549230971014,-2.7829057728688924
-5.398093245721773,-2.777874502562178
-5.388359753072933,-2.7730429891061403
-5.378149376313945,-2.7676681760317154
-5.367707722863778,-2.7625660195076254
-5.356708256501083,-2.757057831719345
-5.34553822806992,-2.7513735062242475
-5.334132554857934,-2.7457380972944194
-5.3225924022442666,-2.739920225587269
-5.310532352732691,-2.733558404908739
-5.298318156451353,-2.7272878901867066
-5.286037156475844,-2.720915577015688
-5.273369243448557,-2.714280842610542
-5.260897907429871,-2.7078097709626827
-5.248511963805089,-2.701231451647954
-5.235997524231407,-2.6948334846316166
-5.22299277430427,-2.68793080173609
-5.209819488745123,-2.6811230866734093
-5.196493321129197,-2.6740464853991677
-5.18316412250433,-2.66697058295816
-5.169991461199581,-2.6600718425345486
-5.156587408508487,-2.6532972957188354
-5.14330711518105,-2.6465881341568083
-5.130016995937542,-2.639866769125094
-5.1169867137903715,-2.6335297260209116
-5.104403160886581,-2.6274454930172113
-5.0919741887750245,-2.621552892838577
-5.079420241881374,-2.6157548133078063
-5.06741302459221,-2.6099298402537885
-5.056188160969481,-2.6048192025084447
-5.045105381352679,-2.6001122343781304
-5.0348263635946555,-2.596130702000915
-5.024754328429943,-2.5926073551801423
-5.014932573526512,-2.589190536371203
-5.005450294941605,-2.5861563146621833
-4.996530502035198,-2.582483989581343
-4.988648433129182,-2.579760634310702
-4.9816004032499785,-2.57710125495455
-4.974880159411345,-2.574704676786449
-4.969340532423354,-2.573388668865002
-4.964848226585049,-2.5716052209318323
-4.960839937569664,-2.5698102166753323
-4.957488276050409,-2.5686166174831886
-4.954805940400427,-2.567297635167429
-4.952445360820569,-2.566050002682981
-4.951180347397615,-2.5658060804124854
-4.95067173431846,-2.5655359975991074
-4.950560216327754,-2.565644266158901
-4.950860652491094,-2.5661299676950486
-4.951402533129368,-2.5666446727388923
-4.952488226672881,-2.5672834170333374
-4.954375992167675,-2.5686569651078
-4.956824205983303,-2.57010874082222
-4.959847813486306,-2.572024503568465
-4.963449602691586,-2.5740009803173667
-4.967580995726429,-2.576471175118569
-4.972146870522682,-2.578790165537905
-4.976486847097961,-2.5815421387968933
-4.981167886445925,-2.5846426286617543
-4.986233152125426,-2.5881606538649637
-4.99161824177967,-2.5913739706226395
-4.997092811729639,-2.5941757525519593
-5.003258973620236,-2.5976102977353186
-5.009752420035711,-2.6009292028849496
-5.016167920476914,-2.6043609217548207
-5.022501196729243,-2.607716751468292
-5.0292004295303,-2.6112806633364842
-5.0357977333721236,-2.614442586005914
-5.042630594748715,-2.617837910414369
-5.049446961760508,-2.621247568415387
-5.055903987044995,-2.624249349717281
-5.062182331656612,-2.6270867876235466
-5.068518592415562,-2.6298841133161215
-5.0744468287065585,-2.6322180193098146
-5.07923579339062,-2.6335090857543486
-5.083607118553362,-2.6351062792085997
-5.087375840016903,-2.6360198517183826
-5.090681070712864,-2.6365089566884614
-5.09331900737791,-2.6375269373496972
-5.0955025442682915,-2.63810368773504
-5.097511407147008,-2.638236108558653
-5.098112337089131,-2.638197244952412
-5.098513584130481,-2.6376358033690224
-5.098320573349078,-2.637218878950529
-5.097688839986346,-2.6364011021838425
-5.096847239503603,-2.635765967795734
-5.095359945809862,-2.635098764173681
-5.093154834103185,-2.6336961327357438
-5.090706184755625,-2.632124858070826
-5.087628882393941,-2.6304574646389094
-5.083909699894839,-2.628167908681563
-5.079929857907181,-2.626144975930661
-5.075768193002242,-2.6241595465520233
-5.071310253240751,-2.6218602181960615
-5.066515556196748,-2.61947327523784
-5.060992998284007,-2.617007361339418
-5.054909360450088,-2.613966268534203
-5.048782816779605,-2.610946615869133
-5.0426518846724315,-2.607795414855124
-5.0363225486203484,-2.604419401141018
-5.029780970133586,-2.6012844306388487
-5.022930239583215,-2.597896645238983
-5.015652275521446,-2.59402527071625
-5.0082930389918285,-2.590244131432345
-5.000968952561935,-2.5857273496725
-4.993791273134597,-2.5810275818941153
-4.986300885058826,-2.57661797443916
-4.97923271721264,-2.571673953517196
-4.972288710569255,-2.5663214392100526
-4.965039761657542,-2.560640234588905
-4.957934082840183,-2.5554433115329975
-4.951311780493478,-2.550240454812356
-4.944404055026828,-2.5447922176574216
-4.9372719343111235,-2.5395678993709954
-4.930502990166393,-2.534023215357704
-4.92364453633197,-2.528370493261587
-4.9170218146624505,-2.5231149057184434
-4.91066708063027,-2.5181454797247365
-4.904594330270133,-2.513496735286525
-4.898747703633287,-2.509020776045405
-4.893448129835278,-2.504925004661231
-4.888364486256375,-2.5010268891400846
-4.883308050840205,-2.4973161622109075
-4.87870891681731,-2.494042979732867
-4.87515240336451,-2.4917246560584303
-4.871823755109854,-2.489138728450576
-4.869081542641667,-2.4868206076222243
-4.866794273566402,-2.4849315814311046
-4.864664032199291,-2.482622967599797
-4.86261147429171,-2.480401959210644
-4.860631935243991,-2.4781906887836502
-4.859941278793052,-2.4762080952382868
-4.859654939501766,-2.4746815187447098
-4.859677374961786,-2.4729260338241166
-4.860086262784901,-2.471524445535038
-4.860374149843887,-2.4699862802346093
-4.861047578562544,-2.4681621479213125
-4.862033724726542,-2.4666241463241736
-4.863332890148475,-2.4654391900237833
-4.864729019811316,-2.464182309875096
-4.866439756787551,-2.4631787373616567
-4.868286926801702,-2.462290892494686
-4.8704179222464825,-2.461192634653375
-4.872734916762512,-2.460282609602406
-4.875070391046484,-2.459427878760155
-4.877697058454451,-2.4583573393088844
-4.880474641091854,-2.4573973848601116
-4.883395246292774,-2.456568835138779
-4.8862918927377645,-2.455758293510464
-4.889420864068248,-2.455209718524265
-4.892508043736889,-2.454622403042458
-4.895736035914768,-2.4539309845383768
-4.899081053425109,-2.4534961637662827
-4.902577048633207,-2.453235545178281
-4.905722497911515,-2.453420400291361
-4.908488027599684,-2.4538871344727458
-4.9113483641734845,-2.4544608328707573
-4.914274023914408,-2.454945116925085
-4.917141851873214,-2.4558617682731736
-4.920445197768587,-2.4572713718582606
-4.923266511522836,-2.4584491464774803
-4.925668193237784,-2.4597323345591398
-4.92803878637726,-2.4609802753086476
-4.930458064357374,-2.4621349523687224
-4.932868740136685,-2.4639288666801056
-4.935794462440458,-2.4663063164521732
-4.938262578643645,-2.46845136572776
-4.94094534778301,-2.4708067579844246
-4.94354409269284,-2.4730669712345428
-4.945862877499446,-2.4751949063208096
-4.948248013407559,-2.477576047512881
-4.951222738006735,-2.480627015643388
-4.954199192423337,-2.4834698590826436
-4.957705877216806,-2.4868661157349954
-4.961328154184993,-2.4904497149752216
-4.965080670125412,-2.4940357866682072
-4.968798469385034,-2.4975289104225724
-4.973418508468719,-2.501945879768264
-4.9786499362514,-2.506214724561151
-4.9846791672227315,-2.5112209998374326
-4.990816196697755,-2.516669753078166
-4.997185442500454,-2.5219591230505447
-5.003734337906755,-2.5274523883974047
-5.0109646223104995,-2.5333929226480896
-5.018591054734567,-2.5391218045963644
-5.026510983251439,-2.5451837340648775
-5.034737858531445,-2.55160789843396
-5.043302830370794,-2.557850121411924
-5.051803549493879,-2.564019534368129
-5.060981084403253,-2.570489490455301
-5.0706916917298,-2.5768675524422253
-5.08048361279843,-2.58337769242483
-5.090228043529567,-2.5901109226814913
-5.1001314328168545,-2.596568552396571
-5.110146487702587,-2.6031162481989405
-5.1206548608455105,-2.610009724352697
-5.131251961409448,-2.6170697421950324
-5.14188449724481,-2.6242008898453144
-5.152638963845887,-2.631529874282241
-5.163493467355869,-2.6385237107104795
-5.1744985216485,-2.645164087226741
-5.185461831276532,-2.6519682840957817
-5.196448975071547,-2.658721600834312
-5.207422566395085,-2.6654592833380093
-5.218642486845997,-2.6724213377991575
-5.230265131872014,-2.679092338167533
-5.241861215944092,-2.6857325254740956
-5.253216392521563,-2.6923016971860565
-5.264419803246109,-2.698615025208164
-5.2756372709025126,-2.704894885939633
-5.287096280874372,-2.7112119193977446
-5.298648439919255,-2.7176682929068843
-5.310111262559112,-2.724032967391467
-5.321509230163717,-2.730480182785783
-5.332591374735104,-2.7365234849731053
-5.343247970278062,-2.742089641917497
-5.35430036155774,-2.7478956825660994
-5.364849730381864,-2.7536951126281326
-5.37527165226708,-2.7593303706950922
-5.38572165019857,-2.764992738403672
-5.396175776184605,-2.770427149071952
-5.405499560022803,-2.7750543944789774
-5.414605568771808,-2.7796443191289097
-5.4232765891290144,-2.7838387574465533
-5.43171828475359,-2.7875229035918236
-5.440152939856211,-2.7913455042935893
-5.4483903370392905,-2.7953972474146336
-5.4557949523859035,-2.79847964512462
-5.462615914531983,-2.801702969310877
-5.468652361748029,-2.8042351523454867
-5.474497665740934,-2.8065282820804587
-5.480014930733938,-2.8088713590962464
-5.485458540756037,-2.8107866423695986
-5.49045727055391,-2.8122978043430753
-5.4951964688103985,-2.8141700815459045
-5.499641687282185,-2.815907522516959
-5.503616384737248,-2.8172178866212887
-5.507291905886026,-2.818749047146617
-5.510972336887508,-2.8201677422245055
-5.51438883466119,-2.821346969672863
-5.517707596294787,-2.8231207199735175
-5.520527745905914,-2.8247763177882548
-5.523188445034045,-2.8262873245896567
-5.525634460182811,-2.8280139764139958
-5.528219112784175,-2.8296716551352037
-5.530268476769198,-2.83100391265565
-5.532560994506562,-2.832498664057137
-5.535003260370114,-2.834165807896746
-5.537148168219355,-2.835757555372622
-5.53932815773167,-2.837775959875733
-5.541554348474903,-2.8403744602956693
-5.543479722181229,-2.8430533657679624
-5.545538024414698,-2.8458113023034866
-5.547958250717396,-2.848985510946203
-5.550016552025182,-2.8520452156945444
-5.552481515358282,-2.8558100456483726
-5.555297343524113,-2.859978251680275
-5.557951704893345,-2.864506167945982
-5.56083005278808,-2.8693539898105436
-5.563903812885866,-2.8744783809379393
-5.567046078776639,-2.879345597582022
-5.570557686318046,-2.884574083804212
-5.574499859999539,-2.890192757612726
-5.578570250029381,-2.895684465714189
-5.582665615601636,-2.901338032021374
-5.5872632722078635,-2.907447069655704
-5.591989781446447,-2.912948854281365
-5.5971466976625015,-2.918427695892453
-5.602636899142816,-2.923618421477295
-5.608569197012094,-2.928449374933597
-5.61411580165082,-2.9331341411548575
-5.620655954731823,-2.938363676250348
-5.62767284759664,-2.9434466869870684
-5.63468440194456,-2.948559390889786
-5.641678217969388,-2.9538712497190476
-5.64903555290603,-2.9587958233785985
-5.656304406612087,-2.9636125807986535
-5.6638322352084245,-2.9687581041753495
-5.671806313777738,-2.9738616528962662
-5.679944216336492,-2.979129168075419
-5.688305838617616,-2.984599713049408
-5.697156310663589,-2.989908111078357
-5.705745558726669,-2.995258503096833
-5.71423965773095,-3.000522556680945
-5.722807858185812,-3.0055626407016685
-5.73147150544448,-3.0105094041353166
-5.740519280796631,-3.015804397210002
-5.749751991350647,-3.020963404127526
-5.759004655847143,-3.0262632367296316
-5.767918175144746,-3.031255444996014
-5.776778632948065,-3.035771743194076
-5.7858357905637625,-3.0400588782322857
-5.794741026028855,-3.0446792937232807
-5.803715269088813,-3.049353486823347
-5.812785331484103,-3.054031368988112
-5.822030010580763,-3.0587255714461814
-5.831125482362405,-3.0632840443895626
-5.840043288052724,-3.067031160149025
-5.848848548050196,-3.070481485529785
-5.857441778936634,-3.0735582078913266
-5.865431804508237,-3.075934811140318
-5.87383151187432,-3.0779024586833947
-5.881926809648136,-3.0795425325573422
-5.889005652970503,-3.080245642510715
-5.895842451739778,-3.080417190586332
-5.902024080784084,-3.080050512141551
-5.907382296689695,-3.0788249838679547
-5.9128385460397155,-3.07712176475691
-5.917743093767045,-3.0752993984441765
-5.921748386549785,-3.0725578664893183
-5.9254892458656485,-3.0698456897492954
-5.92845552092381,-3.0670579789096535
-5.930082396944834,-3.0635775394492692
-5.931328156300421,-3.0599298812099063
-5.932228639031252,-3.0563422206940056
-5.932331821055134,-3.0520336728857878
-5.931897642906033,-3.0478656592060323
-5.9310375370821955,-3.043713058708762
-5.929108184970362,-3.039184153880411
-5.9263507594089795,-3.03443421574854
-5.923751951547385,-3.0297700963644716
-5.92026805734218,-3.0243073598955226
-5.916278940841152,-3.0189630069655706
-5.9118502745063815,-3.0136613530227767
-5.906857526336067,-3.007850956775936
-5.90107762552581,-3.0019435309486644
-5.895345712027469,-2.9962101888564243
-5.888797398495829,-2.9897408900256446
-5.881788852129173,-2.9833008818907008
-5.87471873080422,-2.976623906565019
-5.867280628614297,-2.969615221183283
-5.859093388435339,-2.9624715420840166
-5.85095495121868,-2.9554341943075118
-5.842353141896313,-2.9479792125307784
-5.83321257627001,-2.940211476953787
-5.824935583015205,-2.931446021031677
-5.816145603171764,-2.9222181371618436
-5.806672148788714,-2.912548977622577
-5.797382510509515,-2.90259394888086
-5.787566852458961,-2.891998010833137
-5.777120135153847,-2.8811941130714853
-5.766895420181771,-2.8703253192623435
-5.756486541498646,-2.8587192535022625
-5.745436282086614,-2.8465350251820247
-5.733868974647088,-2.834713962922246
-5.7218254027205555,-2.8223390939055597
-5.709603444228158,-2.8098033418188297
-5.696728838362435,-2.7980920153155266
-5.68403723844143,-2.7865318764763174
-5.670687474891658,-2.7745610069121525
-5.6573232065413865,-2.763374684128467
-5.643545860283329,-2.7521841917231877
-5.629688476046091,-2.7409742226519254
-5.615990237739199,-2.7303716472568333
-5.602723846391894,-2.720270038848817
-5.5892465937888,-2.709921488983183
-5.576068734796125,-2.6999838287541893
-5.562943710863496,-2.6901068043764145
-5.549711792180308,-2.6797498643145192
-5.53800343387697,-2.66833839573473
-5.526042086753568,-2.6572728581691933
-5.514488269405546,-2.645851624779828
-5.5038917786513535,-2.6347746369682454
-5.493323792902539,-2.6241283703461877
-5.482959953784986,-2.6132558055778436
-5.472602215018901,-2.6023890575793223
-5.462099296614277,-2.5918717203201385
-5.451732637006932,-2.581001482403899
-5.442056348561228,-2.570753443177116
-5.432626386993009,-2.5611577364178397
-5.423165821359346,-2.551624240202978
-5.4139482982097835,-2.5423098791912264
-5.4047200001262246,-2.5332479146570352
-5.395651377781874,-2.523819080639367
-5.386717845888088,-2.5145121574384177
-5.377850377051703,-2.5059344747691754
-5.368860865998293,-2.4974494877684794
-5.360240157029976,-2.489259856077104
-5.351387548855974,-2.4816678241307244
-5.342200503456287,-2.473916325687509
-5.333418216903358,-2.465725726219758
-5.324849506084699,-2.4577817380827764
-5.316442505139818,-2.4498839172648457
-5.308336913739633,-2.4422297498230665
-5.3005330585924115,-2.435076332574498
-5.291749331383588,-2.428813697723943
-5.283100632473289,-2.422647308985675
-5.27495038843489,-2.417076654184941
-5.2663472767596815,-2.411525439139681
-5.258263595600458,-2.4065731712311056
-5.2506620932836805,-2.4019183101627317
-5.242913448138788,-2.397406642936332
-5.2355847052934745,-2.393378369724076
-5.228791698086909,-2.3898213700387014
-5.222037991432001,-2.3857632217403983
-5.215521677633482,-2.381977674335409
-5.209390526258698,-2.3781016021050254
-5.203865647424683,-2.3739408458785833
-5.198455998871212,-2.369912288148144
-5.193663832909462,-2.366376544588669
-5.189351916825303,-2.3625886242219507
-5.185067949262988,-2.3588325904925638
-5.181370635119984,-2.355099234612352
-5.178033472298444,-2.351117935909978
-5.17412782057765,-2.3478248579733454
-5.170527454682863,-2.3448226453036156
-5.16713330308512,-2.341669249170704
-5.164065570823286,-2.338855054433093
-5.161196683385914,-2.3361847115450183
-5.157439208085724,-2.334870454894241
-5.153911383058007,-2.3332153360113117
-5.150441427307721,-2.3316269885265744
-5.147001921966877,-2.3300042498937548
-5.143928696931086,-2.3283708462735055
-5.140828753812012,-2.326706679858485
-5.138068370571335,-2.3253083167307884
-5.135421373625098,-2.3235682091495464
-5.132825346910235,-2.321886952487737
-5.130403561903693,-2.3200115704773427
-5.128237549675711,-2.3180681547560105
-5.125981805545555,-2.3160389115967828
-5.123898334597816,-2.3141816866288485
-5.12183080713221,-2.3120804585388
-5.119919344389138,-2.310154211446134
-5.118488762944703,-2.3083633595044204
-5.117500016161016,-2.306435277930916
-5.1164415748273715,-2.3041419448357585
-5.115428759003894,-2.302047231371697
-5.11430235575728,-2.30024455838929
-5.11338750847876,-2.2986236473027346
-5.11235033103926,-2.2976936971476545
-5.11138316797294,-2.2970019765424534
-5.110459186319081,-2.296450355058066
-5.109595049455778,-2.2959802420135422
-5.109011539629131,-2.295301893178193
-5.108495254481894,-2.2946698277884092
-5.107959924326319,-2.2940450794212337
-5.107436557862123,-2.2934112273307954
-5.10714219795042,-2.292993037913706
-5.107081773330933,-2.2928201240554973
-5.1071253173978945,-2.2925700840907153
-5.106993887654896,-2.2921229634851223
-5.106629455494476,-2.2914588032009013
-5.10636024481339,-2.2907238159493453
-5.106218395640969,-2.290062674833859
-5.106337461004804,-2.2896810728302914
-5.106402833533592,-2.289339201425429
-5.106382163586958,-2.288922238018722
-5.106280278062506,-2.2884167532413993
-5.106160933792772,-2.2879240581782927
-5.105771146347143,-2.287134623763149
-5.105816649587463,-2.2864139249016575
-5.105752319848973,-2.285714372800287
-5.105664890335779,-2.284990468306623
-5.106414142456037,-2.283297262172282
-5.107035968108152,-2.2814288826266376
-5.107539689275833,-2.27964777121938
-5.1078979851101325,-2.2777658254957824
-5.108581732963475,-2.275909755421968
-5.1092540859915205,-2.2742904615753368
-5.109982336736841,-2.272801523697958
-5.110641238672,-2.271269441371189
-5.111383684033983,-2.2696751719860586
-5.111978396814256,-2.26795026774102
-5.1127165416194025,-2.2663724286970153
-5.1134757581987635,-2.26458655091361
-5.11450103441192,-2.2630397306496417
-5.115568624962236,-2.26154120195675
-5.116501021676408,-2.260142867627404
-5.11703993439681,-2.2583734166422214
-5.117936863115293,-2.2553081409040607
-5.118881032866219,-2.2522074068705358
-5.1197499336850525,-2.249069902521691
-5.120372315744007,-2.245651871214966
-5.120685904354399,-2.2424627192066264
-5.120164431619654,-2.23848179107054
-5.119342641080754,-2.234087305306971
-5.1185469285149505,-2.229672506675707
-5.117787993071831,-2.2241311471614265
-5.116984357685287,-2.2185375722464844
-5.1155952714243,-2.213006251762508
-5.1140083916319465,-2.2071597197049146
-5.111995949626857,-2.2008200486170404
-5.1097331615509605,-2.1947474402845097
-5.106676084407478,-2.1882932148395327
-5.1036520422756055,-2.181877202137496
-5.100498773617993,-2.175749677423822
-5.097135236057604,-2.1694357680174283
-5.093613583150023,-2.1629385768247857
-5.089800152722001,-2.156498691934162
-5.085477640085702,-2.149910042248081
-5.08112185157167,-2.1432828761052916
-5.07700541415908,-2.1368162817355185
-5.072733356360949,-2.130377717717651
-5.069219269668106,-2.123161877921024
-5.065599879138078,-2.1158871808277677
-5.061575312743815,-2.108549107519844
-5.0575336152256885,-2.101193386254289
-5.053728393874932,-2.093695887415579
-5.050068498152528,-2.086408099031885
-5.046500450474124,-2.079258966798975
-5.042752283315927,-2.0722465309249634
-5.038744762105009,-2.0653722483002324
-5.0351632693004875,-2.058883595309737
-5.031472301569568,-2.052478271688285
-5.028089176873514,-2.046459822626494
-5.024946628641856,-2.0406604876998093
-5.022050974325379,-2.0346379497319544
-5.01899128839795,-2.028777078776597
-5.016055464875905,-2.0230352633977176
-5.013342446195544,-2.0171266044842837
-5.010866065170227,-2.011453978722345
-5.008572689849426,-2.006144712746153
-5.006464977285264,-2.000674486749817
-5.004405565017752,-1.995279733600645
-5.00243427346361,-1.9902329653669277
-5.000366091105682,-1.985082404108059
-4.9985923494150875,-1.9802746518031622
-4.997259657067413,-1.9748115357956517
-4.996717862287517,-1.9700562336210685
-4.996011618931308,-1.9665604827026177
-4.995728471026431,-1.9636279265111942
-4.995841791764348,-1.9607219557875046
-4.996412368512489,-1.9582866475547016
-4.997375156728965,-1.9560674268607057
-4.999439523694331,-1.9541279617374099
-5.002616739308554,-1.953334269340151
-5.006087309414642,-1.9527910555344679
-5.010469124882394,-1.952324680013546
-5.015460115718414,-1.9524242666148635
-5.020690318615302,-1.9521180012358277
-5.02645824874814,-1.951866446944187
-5.03271098751077,-1.9521159686826013
-5.039455660747448,-1.95236622475231
-5.0470679381975065,-1.9529321803766755
-5.055078300296236,-1.953859158447378
-5.063340118556064,-1.9546073817232927
-5.071717637607919,-1.9556115857290972
-5.080372724595439,-1.956939313610439
-5.089226768734636,-1.958125051710525
-5.098671545262182,-1.959394730865376
-5.108359922200682,-1.960948215028138
-5.118184341794603,-1.96267602035477
-5.128353828618411,-1.9640501651741917
-5.13792385833504,-1.9663916986388674
-5.147538664080965,-1.968743121020575
-5.157431181319525,-1.9713948951662847
-5.167361194891001,-1.9740320260822255
-5.177161387685269,-1.9769308587002064
-5.186704119805735,-1.979552932119107
-5.196309543908061,-1.9823262670100383
-5.205868822957138,-1.9851368656245443
-5.215656253003491,-1.9881662594680942
-5.225132156498258,-1.9913221246802955
-5.234309533977645,-1.9945395665490446
-5.243221106371289,-1.9974435302946918
-5.251875921761905,-2.0001416774141076
-5.260277137073495,-2.0030267965857007
-5.268915340576618,-2.006190975965367
-5.276975774253207,-2.0093475582786398
-5.284795351654,-2.012576944378485
-5.292499772748194,-2.015670655233406
-5.299801010558877,-2.0185642513898343
-5.306774032537181,-2.0214916957534603
-5.313844018908937,-2.0245340268600254
-5.320580550245453,-2.027605694718875
-5.3275330484555345,-2.0303655202918005
-5.334504645000264,-2.0330707074598777
-5.341030687644389,-2.036571135672971
-5.347101560158366,-2.0396455551944843
-5.352950874874039,-2.042729607138337
-5.358420732631818,-2.0453652302325622
-5.363680893567081,-2.0481564137788895
-5.368906978299685,-2.0509175450151003
-5.373991078467062,-2.0535108868852254
-5.378653400009087,-2.05641713442095
-5.382934426158915,-2.0589860570072953
-5.386929464484874,-2.0612167315076544
-5.390677396901063,-2.063630399134845
-5.393912766167272,-2.065597965039085
-5.3972007717917645,-2.0676465432643667
-5.4002816116452665,-2.0698481010221124
-5.402871702762958,-2.0715399094068765
-5.405469506301374,-2.0731817942496513
-5.408095924058493,-2.0748020780726364
-5.410396606506483,-2.0761500673725695
-5.412551168831205,-2.0773673269964408
-5.414813176593313,-2.0785045653438354
-5.416707877057286,-2.0792069241587634
-5.418647943229349,-2.079949509870019
-5.420412443282195,-2.0808219101046106
-5.422330764394831,-2.08134252921549
-5.424060364487838,-2.081690682046915
-5.425358772070002,-2.0823130299393373
-5.42668250220199,-2.082916446208097
-5.427686588859668,-2.08314117415484
-5.428282554465822,-2.0830050283438974
-5.428662445855468,-2.083028817827963
-5.428773657206232,-2.082734230745743
-5.428824616116836,-2.082637845771825
-5.428763417696054,-2.0823460132656773
-5.428491749904918,-2.0818047570323515
-5.427822474532364,-2.0812842642156295
-5.426523750879103,-2.079801808166343
-5.424993392738819,-2.0780147687817427
-5.42335896512132,-2.0763580078751285
-5.421509264671575,-2.074488627662526
-5.41962495411536,-2.072577614706858
-5.417030610549574,-2.070705556532348
-5.414343018444526,-2.068247524568163
-5.411495933058235,-2.0655807188997817
-5.408298171298947,-2.0630374081763305
-5.404913304021284,-2.060171947213405
-5.401723358064105,-2.0574985350101107
-5.398482830286842,-2.0543436299250475
-5.395406816268996,-2.051067029221396
-5.392000293714975,-2.0480171363060786
-5.388166431652259,-2.044539943750499
-5.384069556070373,-2.0411326191657473
-5.3796699798015855,-2.037480672289406
-5.375412714890366,-2.033968720114051
-5.3711933996611805,-2.030290683575706
-5.3669833669347184,-2.0266084995265703
-5.362809215234624,-2.022958042219699
-5.358445321205488,-2.0192184003532962
-5.354175807274185,-2.0156130273335164
-5.349739170863792,-2.011859857701019
-5.345462996509615,-2.0080735098764353
-5.341018425780195,-2.004484825360485
-5.33669304132955,-2.000994155212615
-5.332491823239925,-1.9975115252574775
-5.328198475393358,-1.9940251188796905
-5.32439507228217,-1.9910477145705772
-5.320501796667596,-1.9878167486814056
-5.316517909363436,-1.9850746258561958
-5.312465074134266,-1.9822556270640912
-5.308725912943279,-1.9794310776594453
-5.304925378453398,-1.9765591452239353
-5.301661913196841,-1.974226442667566
-5.29810511312774,-1.9721915053271057
-5.2944590173262025,-1.9702236834189364
-5.2906888658542535,-1.9686420594743592
-5.286966274373711,-1.967108073786954
-5.283676435376595,-1.9654873445601877
-5.280231470778326,-1.9637141558185278
-5.277132786405153,-1.9623364567820487
-5.274482963103583,-1.9614389945569028
-5.272256329833669,-1.9606125044621197
-5.27024109648208,-1.9600357665340002
-5.268513779298837,-1.9592435360353215
-5.266923115274276,-1.9585722265177712
-5.265615062178557,-1.9582347730161649
-5.264487900536409,-1.9577619041937446
-5.26417305368315,-1.9580079660698497
-5.264337432145924,-1.9588201365121658
-5.264582500635892,-1.9595718566142337
-5.265013745817594,-1.9604883538933011
-5.265592900879873,-1.9615795583178786
-5.266668870361182,-1.9622987582451772
-5.26819407172074,-1.963415581774157
-5.270107527194277,-1.964991022641479
-5.272170256521604,-1.9664547396252148
-5.274285270434087,-1.968489202159889
-5.276201739575211,-1.9702890777860225
-5.278054348200866,-1.9724050944846578
-5.280145995113799,-1.9743426770012305
-5.2824775005198745,-1.976532729594563
-5.284807711390182,-1.9787706531850517
-5.2871692528270176,-1.980985472460073
-5.289678249760497,-1.9832892109567906
-5.292185404278757,-1.9855772744694007
-5.2946534368403295,-1.987895086966271
-5.297107921103779,-1.9901968164700325
-5.298999738639653,-1.992000506487131
-5.3008206089804695,-1.9938574476544717
-5.3023520360287115,-1.9953723226404803
-5.303692187161409,-1.9970072377199815
-5.304787417621748,-1.9986137847446366
-5.305783955091322,-2.0001037328888067
-5.306604198683128,-2.0014917296553922
-5.307313894890443,-2.002883674949258
-5.307948248004261,-2.0041866346487622
-5.308304382910674,-2.005311711664649
-5.308280896404288,-2.006274855050234
-5.307898873971634,-2.0068144385160744
-5.30763135404018,-2.0072956481978834
-5.307259024949731,-2.007967195683549
-5.306913139836407,-2.008727319664386
-5.306257552414319,-2.0092168154704173
-5.305722258705043,-2.0094564186534836
-5.304976898244156,-2.009519540261235
-5.303999711074395,-2.009308857835419
-5.3031219205154585,-2.0089778649358374
-5.301936101637561,-2.0088440772079252
-5.3010477352131895,-2.0090615600443402
-5.3001087104111155,-2.0092413070798387
-5.299059615075796,-2.0092406657547888
-5.297598124255993,-2.0088232256513545
-5.296113948157494,-2.0083752421286913
-5.294353047821866,-2.007901600599983
-5.292706200696351,-2.0075526576014227
-5.291215231909259,-2.00695026388373
-5.290001919855483,-2.0065175176788035
-5.288410326882358,-2.0057218879106764
-5.286614644888456,-2.0047989614955375
-5.284869094965125,-2.00383855597005
-5.282984222329077,-2.002754718228105
-5.281130062724824,-2.001434061236921
-5.279139262229844,-2.000034780349865
-5.277073878233072,-1.998569428154522
-5.274877984384215,-1.9968900737483994
-5.272895196996988,-1.9949964118000911
-5.270981398057427,-1.9925908388795703
-5.269165910299139,-1.99031140794018
-5.267405863993543,-1.9878281486155676
-5.26544160783349,-1.9854980853798356
-5.26316774049035,-1.9828537957335743
-5.261169799569399,-1.9802757718674175
-5.259138627729201,-1.9773384886797225
-5.257403841751761,-1.9747050783734181
-5.255574024913661,-1.9720685505242692
-5.2538177919963225,-1.9696530550358764
-5.251834222559755,-1.9670398835302578
-5.250204868897614,-1.9646998541585998
-5.24850461932046,-1.9620038846745873
-5.247016605281796,-1.9595500065696343
-5.245542118379434,-1.9570857557309123
-5.244383325555434,-1.9549558990742848
-5.243347594408342,-1.9529531723797156
-5.242341004291239,-1.9509284507142393
-5.2413105063311205,-1.9488612591143872
-5.240262813927913,-1.946812323979204
-5.239163983765146,-1.9448016172142208
-5.238433132365694,-1.94314484764412
-5.23787097969786,-1.9416789992518737
-5.237382136392166,-1.9399329582751983
-5.236616915579569,-1.9379422437140377
-5.235785518613447,-1.9358161025108958
-5.235039364292564,-1.933602679195187
-5.234442079388782,-1.9313188586869856
-5.234002567324627,-1.9292183188878214
-5.233714330919422,-1.9272960912998987
-5.2331044057245135,-1.9253482523870078
-5.232674332753277,-1.9236069067150379
-5.231806974804428,-1.9216320713932733
-5.230805402327619,-1.9194902297598881
-5.230172572018377,-1.9173809140025695
-5.22984136148121,-1.9156278696505251
-5.229454199910569,-1.9139168390196772
-5.229079683629356,-1.9122169816424808
-5.22849631509437,-1.9102703308389226
-5.227778658259783,-1.9084245323688007
-5.226959798480563,-1.906489200586746
-5.226205292353017,-1.9046299041702628
-5.225740191371119,-1.9024058549081686
-5.225370924690224,-1.9001097744100655
-5.22519818077586,-1.8979874641177108
-5.224799085246504,-1.8958713555584505
-5.224443967875344,-1.8939041464571187
-5.22397551695177,-1.891836761028272
-5.223397330341365,-1.889699873725586
-5.22292677952288,-1.8875358041001722
-5.222763708460745,-1.885691734035631
-5.2226608603859,-1.8839085525681176
-5.222215103254769,-1.8823834462223554
-5.221592490110546,-1.8807019819551296
-5.22104014020499,-1.8790517061616623
-5.220474661885529,-1.8774113256039453
-5.220129272316331,-1.8760251876830631
-5.21968553510239,-1.874569335422224
-5.219148447927076,-1.8731838585235525
-5.218389465662647,-1.871559358301083
-5.217640542582423,-1.8698749460402095
-5.216788533528612,-1.8682681824684657
-5.215990398380582,-1.8667726879624023
-5.215215178470412,-1.8653127849932825
-5.214399642830073,-1.8638833564335995
-5.213441207421157,-1.862271739211593
-5.212266422571425,-1.860422508846611
-5.211171406225668,-1.8584651845236033
-5.209914276401106,-1.8567699030864102
-5.208455014197417,-1.8548961282663707
-5.207114678599789,-1.8529832540567892
-5.205553343598941,-1.851051797079269
-5.2039393095636415,-1.8490662983747148
-5.202177364990855,-1.847454340759163
-5.200224072196039,-1.8463265922084053
-5.198376213640139,-1.8453235319139965
-5.196289008629478,-1.844268153033231
-5.194000906065492,-1.843323247546423
-5.1918610108421195,-1.842496094691043
-5.189507705776922,-1.8414803239464788
-5.186973293917181,-1.840870060117231
-5.184220167884504,-1.8400007699183556
-5.181785768612071,-1.8392124498460138
-5.179287682694319,-1.8387416030113737
-5.17662466195857,-1.838483992940793
-5.173579084949455,-1.8378501914349425
-5.1704298448760095,-1.8372952919588255
-5.167432535959519,-1.8368808675440444
-5.1646010256165695,-1.8366507545508541
-5.161528757195746,-1.8366031093567274
-5.1585568382288125,-1.836711462491755
-5.155419473879501,-1.8371272228434643
-5.152058117551895,-1.8378675144717804
-5.148615657702172,-1.8386695168737115
-5.145185280307566,-1.8394894225254446
-5.141784046665587,-1.8403593264376399
-5.138343948715298,-1.8412590286612487
-5.135244679267456,-1.842518759927454
-5.132470675081323,-1.844088544031802
-5.12975585554223,-1.8456136926032862
-5.126860365473649,-1.8469672859236135
-5.123987201239245,-1.8483321456176431
-5.121451037262423,-1.8494422776975563
-5.119105068224384,-1.8507243230099795
-5.117207141487264,-1.852432831277581
-5.115411004422062,-1.8540642885949583
-5.113689559768364,-1.8557888773008218
-5.1121442526129295,-1.8576522353586362
-5.11098122422153,-1.8591435444164797
-5.110039443689379,-1.8608306180227825
-5.109498962826027,-1.8629894816856467
-5.1089906689433215,-1.865035568423449
-5.109280174371218,-1.867425549046685
-5.109125733132081,-1.8702968579140413
-5.109459201954382,-1.8733511352184926
-5.109926317190513,-1.876472227123523
-5.110759396369701,-1.8800234167654468
-5.111543913821616,-1.883658348148663
-5.11308692910122,-1.887583949409968
-5.115359498745097,-1.8922717344283133
-5.117448079659662,-1.8970477691314163
-5.120046180840948,-1.9020713501631876
-5.122917532666279,-1.907415930233242
-5.125873664151595,-1.9126580696365454
-5.12958418693431,-1.9179191595266385
-5.133607502988242,-1.9235477095247862
-5.137939723527524,-1.9291754711239324
-5.143010842187077,-1.9351724574847753
-5.148332498797775,-1.9414637635688707
-5.1537566361404785,-1.948025215078409
-5.159671395986541,-1.9544090046603777
-5.16572218345102,-1.9609525707557993
-5.171851514111524,-1.9673709629936553
-5.17864030073966,-1.974043847146952
-5.185499174055441,-1.9807989688417862
-5.192478603696807,-1.9878839834886153
-5.199397909555578,-1.9951558269685135
-5.206428521583028,-2.002520320577522
-5.21342727368223,-2.0098578087586785
-5.220532569915011,-2.0171172498315335
-5.227448961688709,-2.0241438151303988
-5.234883955815273,-2.0312769701125744
-5.242027316248754,-2.0386189608729426
-5.249361480792853,-2.046152791633073
-5.256727796105229,-2.0537243068114717
-5.264052121071345,-2.0614212090832154
-5.271399968990438,-2.0689923855103904
-5.278807270528393,-2.0766333599431785
-5.285838218596878,-2.08415253705339
-5.292898294686293,-2.0921070292077233
-5.300168659482376,-2.1003087595039527
-5.3071140406959385,-2.1086746594725327
-5.314145338495385,-2.1174298140821093
-5.32124073607961,-2.1262378787870597
-5.3279740528152795,-2.134749334839914
-5.334675548454684,-2.1436029471459124
-5.34137805102483,-2.1524305142517193
-5.347699490996816,-2.1611561503864807
-5.3538481056558,-2.1702249063048615
-5.360138272310292,-2.1794192275409516
-5.365889270735302,-2.188992762258443
-5.371955528448643,-2.1989366705502875
-5.377374316391166,-2.2086671261547126
-5.383161511563638,-2.217860496783544
-5.388629150473112,-2.226678169025146
-5.394327237476254,-2.235752195876779
-5.399833532192141,-2.2445700411087324
-5.40547555440633,-2.2536001529324605
-5.410764458214281,-2.262315233251776
-5.4158762348350225,-2.270409800155953
-5.42106703307899,-2.2782927011933576
-5.426086865144869,-2.286023070917532
-5.430808159504149,-2.2935062496126886
-5.435506536581042,-2.3011708677798226
-5.440088048426079,-2.308731113321831
-5.444432205203663,-2.3158472137961463
-5.44855148449084,-2.3230221765893804
-5.4519577787119795,-2.329560993442785
-5.454794847501241,-2.3358559582137692
-5.457810631457107,-2.342150302876125
-5.460773541319051,-2.3483973051980556
-5.463631272515903,-2.354576626773272
-5.466447490582547,-2.360935731663567
-5.468189823115076,-2.3677603545212857
-5.469355389952179,-2.373990466753881
-5.470505801981815,-2.3802315656161226
-5.471889988158458,-2.3861852632883958
-5.472895001285849,-2.392197796103217
-5.474060010683273,-2.398408548761506
-5.475218567704983,-2.404623385869345
-5.476413849612537,-2.410853004967796
-5.477124913495639,-2.416831925417907
-5.47817368256354,-2.422708076673316
-5.478949493153958,-2.4283924249390973
-5.479789168930945,-2.4341177016396514
-5.48087383507206,-2.4399391665178407
-5.481788895099875,-2.445992679862055
-5.4822637935344725,-2.4515819326566355
-5.482779385837063,-2.456970385522833
-5.483073163459303,-2.462064030720964
-5.483256109281455,-2.4670113911846236
-5.4837219308087395,-2.471760766740705
-5.483862882171599,-2.476303794655562
-5.484145990229995,-2.480974224192876
-5.483843797151383,-2.4865001269028384
-5.483495726274296,-2.491972956199576
-5.4831124527521276,-2.497317206805622
-5.48274673903675,-2.5024407422128667
-5.482244315116751,-2.5074054158044423
-5.481521980335581,-2.5120630652378124
-5.481351684299066,-2.5163009969555015
-5.4809441266352525,-2.5202628312145863
-5.480437846465841,-2.5242971311813283
-5.480006296626688,-2.528369467898962
-5.479533399706327,-2.5323939612536766
-5.478875285578029,-2.535886200030672
-5.478389133690998,-2.539559317756166
-5.477920881427259,-2.54325351169603
-5.477203886183335,-2.546836905066133
-5.476465360728727,-2.550752225547683
-5.475767837801333,-2.554715389942868
-5.474905135952844,-2.5584429849357315
-5.47400576679031,-2.562049733528405
-5.4731869375264095,-2.5657501172368056
-5.4719484075646445,-2.56935507567079
-5.470926324610036,-2.5732958404445077
-5.469973869755326,-2.577317402581738
-5.469074182659504,-2.5815322690217206
-5.4679624172590255,-2.5862153585078103
-5.466786066779561,-2.590822905231776
-5.46565446437894,-2.5954995004332
-5.464483725031902,-2.600204530190584
-5.463374074474854,-2.604980619224153
-5.463022331166581,-2.6090016915365575
-5.462688178698528,-2.6134840353898476
-5.462569403135983,-2.6179293296838897
-5.462533672306661,-2.6224447284906915
-5.462785160066347,-2.626753117383962
-5.462975286831224,-2.6309802481960842
-5.463138552366791,-2.6351016173834063
-5.463100941443157,-2.6392633536063563
-5.462808261087996,-2.642817583567769
-5.462578113823993,-2.646370458161108
-5.462599377600926,-2.649799209618017
-5.462215696173694,-2.652791100361159
-5.461287607475236,-2.6552551602621812
-5.460490835409568,-2.657624949025616
-5.459419010537473,-2.6596309370765345
-5.458184256089685,-2.661513086624957
-5.456375566073624,-2.663808399204382
-5.454467778324385,-2.6660052220220107
-5.4521487058399085,-2.6678298572642456
-5.449227861402948,-2.670087504027951
-5.44572576585859,-2.672667803910221
-5.442733609505229,-2.67426672777462
-5.439098651103366,-2.6752546912722086
-5.434629907826747,-2.676842677611228
-5.430189447391924,-2.6784311770441844
-5.425504900809696,-2.679815111186607
-5.420351508052784,-2.6815366538401255
-5.414764958614818,-2.682804480983132
-5.408451138267412,-2.6845373459007216
-5.401397185095874,-2.685437751160163
-5.3939355928894335,-2.6858817974809623
-5.385863207991032,-2.686914014198766
-5.3770035971124726,-2.687597079674678
-5.3679482669561205,-2.688097966844828
-5.3581156669674295,-2.6888202114640545
-5.347893682587405,-2.689073740544659
-5.337389541455957,-2.689046439006664
-5.326369470713357,-2.6894671573307094
-5.31497198097323,-2.689658858053016
-5.303300931399719,-2.6901987301968613
-5.291300685837034,-2.690358716066814
-5.279211487151403,-2.6905862921061847
-5.2659847517768,-2.6919368680552145
-5.25248198597473,-2.6930283986523325
-5.239163750925282,-2.693989253109674
-5.226210960066437,-2.694229587956582
-5.213403011188205,-2.694597685181929
-5.200486970467723,-2.6948403184441667
-5.187630271874703,-2.695019512757719
-5.174763418397063,-2.695153990146244
-5.161989119923744,-2.6950161111499624
-5.149588758297553,-2.6947723886651778
-5.137083193266122,-2.694405591066152
-5.1247162241649455,-2.693776237548455
-5.112775256970108,-2.693602041354094
-5.100840127790811,-2.693431382532092
-5.089289739569675,-2.6931075608984294
-5.077931885092651,-2.6927535443246478
-5.066829254423563,-2.6926852531448713
-5.056231385299419,-2.692069307740687
-5.045754385937795,-2.6918595030860097
-5.0355946694258,-2.6920052339874685
-5.026071949209511,-2.6923328278073893
-5.01680368440082,-2.6927221400343866
-5.007721255584296,-2.6933189681233416
-4.997539084880445,-2.6960537218737963
-4.98829614979582,-2.6981026665466135
-4.979024236590691,-2.700133452982378
-4.970157000437047,-2.702538642915042
-4.962167759890627,-2.7043019982406067
-4.954683281589486,-2.705672043374722
-4.947077333285219,-2.706907058513207
-4.940096362784882,-2.7085303312730717
-4.9335451395269905,-2.7093001873199443
-4.927051589472235,-2.710136227801831
-4.920835720737052,-2.711271552745192
-4.914970035593757,-2.7120820202620317
-4.90929702116409,-2.713109679918966
-4.904170974044971,-2.713736385976375
-4.899777090096052,-2.7150230406036813
-4.895551518132969,-2.71653676031335
-4.892101759940417,-2.7174821684371318
-4.889231306224056,-2.7189693248305358
-4.886187527468498,-2.7202999341092586
-4.883638983279069,-2.7212676852599054
-4.881468701438878,-2.7225720588453357
-4.87949986375165,-2.7240818894249306
-4.878262320105634,-2.725056388669492
-4.8773740855791905,-2.726335518073966
-4.876043077467047,-2.728483651686342
-4.874515037474733,-2.730482292536696
-4.873235332156808,-2.7322996814418863
-4.8725671394063435,-2.7324402583115703
-4.872064664980537,-2.732734466054055
-4.871510210694784,-2.7330666807236588
-4.871116439389671,-2.733578535041456
-4.870281330382682,-2.7336827530543646
-4.8694812560253835,-2.7337610732370754
-4.868570005671669,-2.733715964546824
-4.8672825359106895,-2.7333233471838496
-4.865679724973573,-2.7331330336214092
-4.864047016648196,-2.7329288642750265
-4.862614142562368,-2.73266210525004
-4.861020423013509,-2.732635715397341
-4.858923377224114,-2.7321368828351655
-4.856633658059871,-2.731575651441185
-4.853900602149198,-2.731111544966901
-4.851069801032427,-2.730551988131405
-4.8485850114102504,-2.730069560431724
-4.845680774179536,-2.7302158664369935
-4.842521512519533,-2.73013570710617
-4.83943097998892,-2.7299542124376157
-4.836016842407954,-2.729878518032882
-4.832295311053279,-2.729489970709031
-4.829046813469414,-2.729164576543379
-4.827384044187997,-2.7267533460525697
-4.825336548961691,-2.724710598870674
-4.823501934512965,-2.7228921604349314
-4.821848806333994,-2.7209273870502457
-4.820367326419867,-2.719456052762177
-4.818623917253681,-2.7177191582151368
-4.8172765596808595,-2.7160958318301005
-4.815843770080516,-2.714589292239402
-4.814717558763481,-2.713366558622595
-4.8139063002308005,-2.711994224364709
-4.812938174567644,-2.7104003152201543
-4.812177771329361,-2.708998580715144
-4.811491045865276,-2.707654772858131
-4.810910589373618,-2.706181647859145
-4.810261108250728,-2.7046612944815887
-4.8099476843724,-2.7032126486850103
-4.809445823470197,-2.7017404362124857
-4.808863285268546,-2.700188073258135
-4.808472297212695,-2.6988000283922555
-4.808085579512437,-2.6972496525285843
-4.807892964587451,-2.6958926180743465
-4.807591711841495,-2.694433196509595
-4.807118402246613,-2.6931221670172327
-4.807516146907489,-2.6905080936564754
-4.808479759989722,-2.6865230506571223
-4.809703156826201,-2.6828797195556047
-4.811117409849939,-2.67939039073912
-4.812943223624475,-2.676359461047609
-4.814654143729515,-2.6735742280031465
-4.816291013809502,-2.6707844316327143
-4.817776250289914,-2.6678256184207894
-4.819552852180825,-2.6651495624814383
-4.821247270850323,-2.662454146601233
-4.8232772025024815,-2.660133027089536
-4.825402793021539,-2.6581564688109602
-4.827704378264996,-2.656203621989601
-4.8298354307953,-2.654060369913525
-4.8318544452347085,-2.6519995506986267
-4.833591587551907,-2.6496785458230905
-4.835472893402241,-2.6475186456217856
-4.837209343781624,-2.6454653701400694
-4.83917907218316,-2.6436274291265676
-4.841251712855079,-2.6419046074156953
-4.842989880575173,-2.6404279534670336
-4.844378624556334,-2.638629232799967
-4.845678279062464,-2.6367311353383753
-4.846882571625383,-2.634903294951715
-4.848747251695279,-2.632333506433284
-4.8508737616616076,-2.630057343115063
-4.852732676771033,-2.627963785359458
-4.854275680081739,-2.626102902153264
-4.855610016063946,-2.6240193850632147
-4.856910907698515,-2.6218765999773046
-4.858112998702515,-2.619806718518504
-4.858928296939871,-2.617378600508682
-4.859779222873132,-2.6150084224351846
-4.8602769208187615,-2.6128987133609214
-4.860603183626107,-2.6105974301544213
-4.861177069901244,-2.608524596113108
-4.861490203755984,-2.6066441376117617
-4.86214044900263,-2.605142039340853
-4.862608317482035,-2.6034725674145043
-4.862978959993871,-2.60187505001387
-4.863220008801589,-2.6001326983508664
-4.863488398994349,-2.5986341963075335
-4.863556796448103,-2.597191000060353
-4.863748315364223,-2.5958862798762534
-4.863977743046804,-2.5946407025363922
-4.864165795615485,-2.5933701713231403
-4.864394828213201,-2.59214599907942
-4.8643409030761875,-2.5909325186515324
-4.864148705718162,-2.5894700788014693
-4.864018398458216,-2.588077463293705
-4.863003206139489,-2.5879328935314545
-4.862408722217244,-2.58817513148545
-4.862059256389621,-2.5885698506718775
-4.861510694343819,-2.588817871673832
-4.860690387495933,-2.588783525395268
-4.860008356147563,-2.588510740353115
-4.859399846461919,-2.588242715014508
-4.858863360748441,-2.5880550285486947
-4.858488988625243,-2.5880339661363574
-4.858065292594331,-2.5881288195394125
-4.857375937322508,-2.587936880271705
-4.856757396549759,-2.5875381188097895
-4.855967799674098,-2.5871130779548532
-4.85512917655651,-2.586663031938274
-4.85441305153995,-2.586430490817852
-4.853870565022828,-2.586412424215246
-4.85306945682492,-2.5861041749194924
-4.852695880425724,-2.5858143074972406
-4.851971657500008,-2.5856243392965927
-4.8512447213035665,-2.5854312227942122
-4.850499227467523,-2.5849462014970834
-4.849599453927979,-2.5850336983634605
-4.848783186941372,-2.5851399099063905
-4.847883505893552,-2.5851560182229147
-4.846377362600626,-2.5859559846062785
-4.844647642979497,-2.586725877440864
-4.842939542794841,-2.587503343297419
-4.8413689034827785,-2.5882381490886472
-4.839948431960389,-2.589150935246031
-4.838432425767043,-2.589978927231245
-4.8366714818219405,-2.5907304891676555
-4.835048343212065,-2.5914032493164085
-4.833363928306774,-2.591989853164392
-4.832051832239268,-2.5926295400680273
-4.830839699812894,-2.5934584506994685
-4.829529819455364,-2.594222672291892
-4.828113837852292,-2.5949064782886913
-4.826650933201201,-2.5953367902244526
-4.82511512037199,-2.595682347369874
-4.823870145128866,-2.596156914019729
-4.822650422432638,-2.596903942530153
-4.821750056168972,-2.597764926548778
-4.821012795716178,-2.598776117353258
-4.820254083287857,-2.59966022807992
-4.819153667101964,-2.6010312319791256
-4.818024083039956,-2.6023753577964954
-4.8170702289652345,-2.6041361333402095
-4.8165461878402684,-2.6060232806330914
-4.816255155784996,-2.6082678255768266
-4.8160217765228746,-2.61033285745447
-4.8156162915050045,-2.612261434330588
-4.815165998918916,-2.614173494951536
-4.8145300549900325,-2.615966696888216
-4.8140088417502955,-2.617829208570407
-4.813731067821236,-2.6199658784403126
-4.8135898984857395,-2.622255149734944
-4.8135610629342755,-2.6247106972812992
-4.8136483821640015,-2.627077402428945
-4.8139211942927895,-2.62965126573286
-4.814461681040195,-2.6323110394881213
-4.815015547535078,-2.6350537617708083
-4.815846353619549,-2.638105686047424
-4.817275151850413,-2.6415786561398145
-4.819104108534674,-2.645003721820538
-4.8212992358929485,-2.6488375921707434
-4.823862056824315,-2.6527403928852187
-4.826347060695195,-2.657142732454112
-4.82891054526296,-2.66167139176587
-4.832105354350217,-2.6657356992263757
-4.835865905285549,-2.670309323924746
-4.840144303661375,-2.675425459192829
-4.845140662182875,-2.679808679852418
-4.850577205297902,-2.6846651040838645
-4.856197431121761,-2.689726452505281
-4.86239273659803,-2.6944125757311475
-4.869059628470999,-2.6993372704169993
-4.875933154291738,-2.7044923406409622
-4.883327131967817,-2.709208630882057
-4.891248801576669,-2.7144030962061345
-4.8993092973874015,-2.7197519574330467
-4.907758996521654,-2.7250754364951875
-4.91630644020322,-2.7306966998357676
-4.92497935017688,-2.736457385441491
-4.933906242743628,-2.7417069902712967
-4.943267715853366,-2.7472878713932882
-4.952548398837466,-2.752777181862456
-4.962151429245464,-2.7581936128888476
-4.9717898524938775,-2.763821344725103
-4.9813576821959735,-2.769368611016887
-4.9909716264745345,-2.774541711003655
-5.000847293798955,-2.7795172306416664
-5.010667031093806,-2.7844283108455232
-5.020579940175109,-2.7890963784831735
-5.0307479870296214,-2.7940985977617796
-5.041177000480572,-2.7984933032162775
-5.05173225849527,-2.8029041538098176
-5.062217018972467,-2.8070121964640853
-5.072203918458086,-2.810659982029646
-5.08223041683326,-2.814105975201646
-5.092037026330812,-2.8175484808221296
-5.1021466280302255,-2.821268085504053
-5.111953481352983,-2.82497876216399
-5.121937931779943,-2.8287971713533895
-5.131801840324655,-2.8325029920136715
-5.141370432386082,-2.8361619810709287
-5.151122515166449,-2.840025309418106
-5.160532916117488,-2.8435730560829966
-5.169415415013608,-2.8475039193250793
-5.178134691855685,-2.8512493879274343
-5.186840623580846,-2.8549815065601085
-5.1954859659377854,-2.8587597512008758
-5.204182831890893,-2.8625946198104377
-5.212129502457124,-2.8657395840342277
-5.219888094186513,-2.869021357715047
-5.227751970867181,-2.870691536530101
-5.235447424800476,-2.8724232116879302
-5.243190135114617,-2.873955599473848
-5.250818823648527,-2.8753582706251692
-5.258015931255709,-2.876993138636243
-5.264677535545455,-2.877954499664851
-5.270916787673551,-2.8784376600450563
-5.276735048239833,-2.879217451446642
-5.282050884333853,-2.8795571398772
-5.287460665558926,-2.8800029331295867
-5.292468757190537,-2.880991922725114
-5.297328723721782,-2.881500422175295
-5.301977008761803,-2.8817691027643813
-5.30595722720997,-2.8823500196153113
-5.309447782299407,-2.8825560031529345
-5.313108492377034,-2.882885097812799
-5.316738652955042,-2.8834095059864873
-5.3202917953035875,-2.8838635577741876
-5.324107462753265,-2.8840417747568803
-5.327544761959253,-2.8846399846254176
-5.331377258703529,-2.884148392250916
-5.33495667606169,-2.8833702490137254
-5.338634567847172,-2.882521501595484
-5.342439839681455,-2.8817897166154647
-5.3465352865631095,-2.881388005545642
-5.350556268001655,-2.881039185621497
-5.35443615974896,-2.8807799488229047
-5.358044031175202,-2.8802121376074155
-5.361769084777052,-2.879560407521866
-5.365428662282771,-2.878849207132273
-5.3692872313547895,-2.878364798215219
-5.373143881012942,-2.877881495375188
-5.376964345217924,-2.877353735652666
-5.380913581477954,-2.8769205209716207
-5.384852694520254,-2.8764943386376185
-5.388858887890706,-2.8761497051392664
-5.392719141295575,-2.875671109836652
-5.396876985487896,-2.8749798758664054
-5.4009472361480935,-2.8741809205778535
-5.405124456459255,-2.8734974577596764
-5.409314120621454,-2.872804949273017
-5.413016132875571,-2.8716133301231825
-5.416857333836018,-2.870536505872231
-5.421450150596312,-2.868671676465196
-5.425944180425595,-2.866567969708777
-5.430372834275627,-2.864404862913621
-5.435016130732057,-2.862288721578332
-5.439183053261694,-2.860072914584699
-5.443530957088667,-2.8580220903006954
-5.447724919897064,-2.855920190426936
-5.451303274787442,-2.8548365156610647
-5.454569563980027,-2.853468556653331
-5.458148312454765,-2.8521159536505944
-5.461361904072767,-2.8507310876413023
-5.464580530522393,-2.849350637039396
-5.467476576453314,-2.847808676254943
-5.470238005496975,-2.8465377374759955
-5.472649177374783,-2.8449482025977924
-5.4751452759309505,-2.843432227847375
-5.4773890961881095,-2.8417403864826762
-5.479327454357611,-2.8397356428194924
-5.481047131919187,-2.8378764339318656
-5.482681906252244,-2.836205055021598
-5.484502308418873,-2.834722271097163
-5.4862131862098575,-2.8330652804707825
-5.487662517061082,-2.831071111546835
-5.488941925662635,-2.829092422678111
-5.490013341930849,-2.826924941006265
-5.4909794685680895,-2.8248621738664235
-5.491752437856084,-2.8227883692914006
-5.491635416384593,-2.8213224826482577
-5.491813417583036,-2.82017427139547
-5.491802156026625,-2.819161121244527
-5.491560528935756,-2.817949130421889
-5.491064081360306,-2.816474379528693
-5.490492478666932,-2.815053404217978
-5.489609776100852,-2.813271496760527
-5.488992920444597,-2.8117657389660997
-5.488228190016454,-2.810365637091973
-5.487115584327417,-2.808615842109637
-5.485554581496012,-2.8064338142472423
-5.483973560603085,-2.804266341821258
-5.481934495690743,-2.8015768629366966
-5.479636363217269,-2.798677367484507
-5.476876751777919,-2.796107913417895
-5.473976931219795,-2.793372245936358
-5.470850015415271,-2.7904316819526054
-5.467392072045643,-2.7877283198879907
-5.463594265906847,-2.7846433326138107
-5.459159416518072,-2.780961624873686
-5.454466575417236,-2.7774653865361287
-5.449912159363732,-2.7740681047811173
-5.445572641787624,-2.7705001511162863
-5.44065637254325,-2.767204977876733
-5.4354514822605235,-2.764117401463848
-5.430021597160062,-2.7607937910311597
-5.423917855126634,-2.7568324247144003
-5.417647484185453,-2.7527223342364087
-5.411135143863661,-2.7488579296642017
-5.404058297838398,-2.7444815259413757
-5.396567769486378,-2.7398736443638487
-5.388916642811085,-2.735119542284306
-5.381100062267707,-2.7301750478391518
-5.37315867402831,-2.72532208425979
-5.364855680893844,-2.720140240509109
-5.356413397368988,-2.714797971111795
-5.348228928023642,-2.709271976045101
-5.340373236930523,-2.7040443916052457
-5.332285663281473,-2.6985507761555247
-5.324083940197187,-2.6931408727071156
-5.315628800033996,-2.687535582299905
-5.3068518235901845,-2.6815598382904224
-5.2981110732488075,-2.6755595192760167
-5.289047798418317,-2.669246025903522
-5.279997026809958,-2.6630758716495153
-5.270750313291632,-2.656794754416934
-5.261328680934462,-2.650573943300365
-5.2518775554520305,-2.6443260309495575
-5.242103135702708,-2.638061792604239
-5.2323353973473035,-2.6317938661075493
-5.222361634114695,-2.6253620260827835
-5.212153772397252,-2.6186824674288123
-5.201917913104112,-2.612024824884767
-5.191942820561092,-2.6055941929436597
-5.182168785585942,-2.599364315765621
-5.172048100071517,-2.593388344540601
-5.162270506147698,-2.5878005683628422
-5.152297516336951,-2.5820167017429294
-5.1422010944136,-2.576324899155677
-5.132510391544375,-2.5710348060150676
-5.123295827552101,-2.5662089968525073
-5.113944311588029,-2.5614850496618455
-5.105284092098358,-2.557492370414369
-5.0968972679215465,-2.5537287107111495
-5.088712098844176,-2.5498187582048657
-5.080556002477117,-2.545972059691212
-5.072801266275071,-2.542529394724359
-5.065019836914754,-2.539107830077031
-5.0572876696456435,-2.5364071987448114
-5.050086600579482,-2.5341901124038895
-5.043204028594997,-2.5315686889466895
-5.036177391465597,-2.529264387981096
-5.0290637170148855,-2.5272762929404413
-5.021921029560472,-2.5252611942918746
-5.0147291416563355,-2.5232831609210504
-5.007757872289258,-2.5215546449306716
-5.0013210730882856,-2.520313392145844
-4.994822237171769,-2.5193941296124676
-4.988756425175322,-2.5184388818789656
-4.98335430236487,-2.518107854555818
-4.978247572297309,-2.5181018614576547
-4.9736623475153925,-2.5186210685461754
-4.969092828271281,-2.519162499782371
-4.964710764332027,-2.5195661759349886
-4.9608026583998655,-2.5204187641701643
-4.957650528768548,-2.5220400206847318
-4.954397525550466,-2.523735726878994
-4.951450938972031,-2.5257721396484314
-4.948557305545964,-2.527891449161533
-4.945657491962846,-2.5300153172150717
-4.943129007233353,-2.5324725158249217
-4.94105780714121,-2.535419363706496
-4.938316585676239,-2.5393208280983535
-4.936007705038686,-2.5436593741771607
-4.933776000858179,-2.5479350934245306
-4.93175860375322,-2.5523105937129924
-4.929879915577158,-2.556585301495676
-4.9280177332729185,-2.5608744498420535
-4.926137064042548,-2.5655303647503063
-4.924597411542158,-2.570374972982377
-4.923656177445366,-2.575767522018226
-4.923032426654277,-2.581205566969172
-4.922392593076792,-2.5868225954488597
-4.921623102228669,-2.5920401943564464
-4.920687257912153,-2.597087806294381
-4.919978049420084,-2.601945976968649
-4.919477148215794,-2.6066330026769524
-4.919269749260591,-2.6116102225645386
-4.919218394888111,-2.6164722035686467
-4.919083961110167,-2.621252047684095
-4.918991326541103,-2.625744905334071
-4.919112835560936,-2.630288661248488
-4.91798717779278,-2.63603078216097
-4.917132900774232,-2.64173292358682
-4.916267312214414,-2.6471560852407663
-4.915504065615109,-2.6526982385197213
-4.914365115011247,-2.6578602687484434
-4.91325997378693,-2.662618780869091
-4.91253363711939,-2.666922822365408
-4.91185652105576,-2.671272668256118
-4.911303326050216,-2.6757618341634233
-4.9108539309161365,-2.680175276115831
-4.910239700985615,-2.684422226291573
-4.9098667311031825,-2.68888750453406
-4.909726324805963,-2.6931829348667033
-4.909445992662756,-2.69733301721813
-4.9091447448798835,-2.7014557924002647
-4.909241740713115,-2.7052876199175646
-4.909437825131094,-2.709181870171617
-4.909679028214334,-2.7131310641673556
-4.909932729185978,-2.7170719236935894
-4.90973879289805,-2.7205563503486174
-4.90947975308455,-2.72396412283946
-4.909453458803291,-2.727202411136076
-4.909430635282247,-2.7304301968011475
-4.908668083651284,-2.73377868139476
-4.908002946449363,-2.737102456839146
-4.906919738508092,-2.7402092574994934
-4.905952692129129,-2.74342452436646
-4.905035043236452,-2.746365096584142
-4.904247020288088,-2.749260363218823
-4.903204152487798,-2.751921242514762
-4.903173612649613,-2.75378486616048
-4.902847405997556,-2.7555014243175746
-4.9026333538829725,-2.7573221155009477
-4.902236994863445,-2.759079827908403
-4.90195520911645,-2.7607524872625158
-4.901746968607438,-2.762513300323023
-4.901854880656163,-2.7640436663204264
-4.901806642762628,-2.7654003037739434
-4.901655682207544,-2.7666623203344196
-4.901337159173831,-2.7680469555005205
-4.901036475277518,-2.7694519130348154
-4.900592162556391,-2.771004903864658
-4.900258180330304,-2.772623083988779
-4.900098038138155,-2.7744354648483873
-4.899697246777107,-2.7763888675155726
-4.898922506461202,-2.778252714569878
-4.897963353625715,-2.780239753700641
-4.896970806340375,-2.782228003070486
-4.896015105012324,-2.7845489213660994
-4.895050198304978,-2.786668352564043
-4.8954172459448895,-2.7877082419844728
-4.895475888076047,-2.788771133314747
-4.895720741459756,-2.78998388974631
-4.8959846014189345,-2.79118678899728
-4.8967422818741335,-2.7928468849778203
-4.897853899139381,-2.7946274685089447
-4.8991665693127535,-2.7968468632603316
-4.900705923747514,-2.7992761114057307
-4.9023759966486375,-2.8015508512084946
-4.904222870584624,-2.803741858427014
-4.9063301448158185,-2.8061740048072594
-4.908690559643635,-2.8084640456003216
-4.911291071783198,-2.8109602511104304
-4.914713964988918,-2.813613799491451
-4.918182298611613,-2.816317868997488
-4.921839270669595,-2.8188849183077513
-4.925332478280148,-2.8213002761114403
-4.9288695253913755,-2.8237643719206047
-4.932772309458122,-2.825962751527399
-4.937373004011575,-2.8288071953893534
-4.942290758201017,-2.831991759971653
-4.947288348807698,-2.83511889722471
-4.952451528888473,-2.8383991860512396
-4.95798862858902,-2.8412233193290453
-4.963805710678511,-2.843799087706604
-4.9699427318056015,-2.846447181828645
-4.976233892717946,-2.8492677598458416
-4.982961663187864,-2.852010658436649
-4.989506661090016,-2.854740894795113
-4.996588213182884,-2.8579670897530463
-5.003626038351984,-2.860813585414368
-5.01089912058343,-2.8637388351538453
-5.018036275357879,-2.866537783035615
-5.025647206432172,-2.869190444534486
-5.033012888343376,-2.871782425102075
-5.0405858832448285,-2.87454536721552
-5.0480129784555485,-2.87741542565439
-5.055477480601704,-2.880326222871621
-5.062635199830833,-2.8829528723051507
-5.069858053495321,-2.8855338741267786
-5.076945775737477,-2.8879627109325283
-5.084013550074058,-2.890372338278449
-5.091113856364423,-2.8929189784830855
-5.098512028320494,-2.894630383702731
-5.106087770194264,-2.8965048980768273
-5.1138842667728674,-2.8983329124029837
-5.121594850093846,-2.9002360291151152
-5.128923678358614,-2.901758239351141
-5.13597971284603,-2.9030172264337955
-5.142904688833627,-2.904371391321428
-5.1495827214607,-2.9054342633254717
-5.156452273476307,-2.906686166376936
-5.163179155913848,-2.9080416753633944
-5.1698141819446795,-2.9093145787609993
-5.17590840427904,-2.91003836109753
-5.181914111706723,-2.910826535250983
-5.187407908312601,-2.911078748018104
-5.192586843120088,-2.9110286600668442
-5.197285033412733,-2.911324100086632
-5.2018977816245435,-2.91153540439363
-5.20611851572512,-2.9113404728321175
-5.209959293394139,-2.9114184306317497
-5.213360406349854,-2.9110494740281476
-5.216139425905811,-2.910746547184581
-5.218637049472883,-2.9106431661757415
-5.221008037048473,-2.9106071657670283
-5.223720375737103,-2.9098682125433433
-5.226077779727395,-2.909186939349652
-5.228239073462517,-2.9087657236874516
-5.22971170904888,-2.9077116130814002
-5.230953865547762,-2.90642149908969
-5.232084122846065,-2.9053282613526044
-5.232888542036233,-2.9039357801380317
-5.233457296769957,-2.9026591487614355
-5.233708220257958,-2.9015927422611774
-5.233810406321907,-2.900389859201655
-5.23395794809142,-2.8988641947977665
-5.2339386005382025,-2.8977224973752107
-5.233794390146532,-2.8964826785539013
-5.233132608758633,-2.8949493729261015
-5.232222771314869,-2.8934709179575857
-5.231490288771127,-2.89212761392714
-5.230886071995582,-2.890699819524453
-5.230138051896504,-2.889792268619729
-5.229586754772792,-2.8890924677930254
-5.228836896859479,-2.8881928016901255
-5.228107774461093,-2.8872437500480896
-5.227319311558364,-2.8861244518548874
-5.226741315999504,-2.885198555589631
-5.226312213928217,-2.884559279238592
-5.226086919398965,-2.883699304126819
-5.226065075738044,-2.8826856155148506
-5.226173524532183,-2.881720503409872
-5.225764197494025,-2.8813382914209154
-5.225164743129551,-2.880837978974829
-5.224418789136203,-2.880190513861163
-5.223784640818525,-2.879538976077367
-5.22362326498197,-2.8789452735947787
-5.223827255446428,-2.878698540785402
-5.224153421930045,-2.878545739928919
-5.224407099548184,-2.8783367761702157
-5.224556317942525,-2.8780179795266796
-5.224827441000587,-2.8776528097141854
-5.225488874765797,-2.8771824286596552
-5.2264810937782755,-2.8770678042800424
-5.227629776407622,-2.8772421264122907
-5.229160815749453,-2.877467060975131
-5.230902916884124,-2.87788670857362
-5.233082291904059,-2.8779923241792917
-5.235490988770632,-2.8783440305251182
-5.238084480132522,-2.878911627927274
-5.241136561663265,-2.879149892198201
-5.244338442137012,-2.8795078247875576
-5.24772000646251,-2.8799978235033743
-5.25136071958208,-2.8803167213331475
-5.255109089742651,-2.88058181658392
-5.258584972038096,-2.8816407694491817
-5.262275933830722,-2.882492338665092
-5.266260660004876,-2.883014387945014
-5.270341761275672,-2.8836009461506564
-5.274598456127369,-2.884338691943099
-5.278928529824042,-2.8849080660207345
-5.283370358813898,-2.8855864433296112
-5.288323174897652,-2.8863956021674193
-5.293472420903443,-2.8870824606306584
-5.298551424197311,-2.8876970290055635
-5.303323687788152,-2.8883607954358417
-5.30792806964696,-2.8888823313746865
-5.312670677024154,-2.8895155596713464
-5.317640008210198,-2.8901743397456117
-5.322645677471468,-2.8910429431089204
-5.327114856019147,-2.8914197298137245
-5.331254545558909,-2.891651408906742
-5.33513498886457,-2.891654198099992
-5.338987298418112,-2.8916306178959914
-5.3430244963107185,-2.891835999306146
-5.346844090293966,-2.8922319925331017
-5.350960296506377,-2.892155863382843
-5.354990849182702,-2.8920010453430764
-5.358669256920838,-2.8914457917658565
-5.362203537449726,-2.8911225777509273
-5.365385720872169,-2.8908177543029234
-5.368497551352074,-2.8904735233033136
-5.371555363186809,-2.890285705716986
-5.3748883877302545,-2.8902926389624963
-5.378223784020179,-2.890282433867037
-5.381548579225669,-2.8902044701048073
-5.384552063470516,-2.8902270766195355
-5.387108813140913,-2.89005879698119
-5.389639915583394,-2.889861166741443
-5.392245102271593,-2.889720707928357
-5.394753967979283,-2.8897111946949927
-5.39724793504108,-2.8896845633445425
-5.399443232555753,-2.8898495217992823
-5.401555326222177,-2.889936052057126
-5.403552759997794,-2.8898919272060035
-5.4052293464069185,-2.889855947886466
-5.406536527779878,-2.889840320614475
-5.4075267566501175,-2.889690540889106
-5.408477380117186,-2.8894669134984303
-5.409613756257872,-2.8891650426295348
-5.410862689588729,-2.888464350033982
-5.412248021113459,-2.887919156976423
-5.413242692160073,-2.887102760796405
-5.414023757958048,-2.8860435810021743
-5.414564092866122,-2.884904487161703
-5.415150153354746,-2.8834471817465093
-5.415904271307628,-2.8821433127923393
-5.416334455086721,-2.881138612875606
-5.416909414966852,-2.880234619803578
-5.417425035789234,-2.8792766101088296
-5.417701868405952,-2.878299811449995
-5.417782850457741,-2.877403113602217
-5.41742776018887,-2.876108753561033
-5.416982988723273,-2.8750591507605163
-5.416567754062414,-2.8740505808776584
-5.416483705649243,-2.8733441631958567
-5.416437144311493,-2.8726315444995896
-5.416278838552377,-2.872120260547863
-5.415821824292511,-2.8713366060568486
-5.415371191476354,-2.870389582519864
-5.415355913479843,-2.86950141621933
-5.41563785189473,-2.8689313547908735
-5.416060820971127,-2.8684560364272547
-5.416313363066023,-2.8680386862765754
-5.4163417760346295,-2.8674436995008215
-5.416610527814006,-2.866682068879172
-5.416422239933602,-2.8663107929894074
-5.416181591641685,-2.8659625925081538
-5.4161135308982065,-2.8658546286774698
-5.415970600403229,-2.86580011011952
-5.415941691244329,-2.8658428136509797
-5.415926781143182,-2.86587232097911
-5.415825262303909,-2.865963629698111
-5.415618768090955,-2.865990197125054
-5.41528423767079,-2.865919410844332
-5.415062274779914,-2.8657683418825806
-5.414810112253618,-2.8655440222408406
-5.4147599944255465,-2.8652868728175296
-5.414563946392955,-2.8650011251742327
-5.4143707841836965,-2.864734142867495
-5.414293061883572,-2.8643538123436016
-5.414449900137448,-2.8637930703499688
-5.4145407068014775,-2.863154013722011
-5.41449067058177,-2.8623889818552977
-5.4144006460586445,-2.8614659004574228
-5.414260115564512,-2.8604541466041113
-5.414454540385735,-2.859402826400187
-5.41468107655581,-2.8588086376469604
-5.415052837906448,-2.8579049223776942
-5.415217164952637,-2.8570465954044315
-5.4147138989506844,-2.8565889773873563
-5.414395602269574,-2.8559033739131547
-5.413914892469867,-2.854935280124469
-5.413734892158149,-2.854241239897765
-5.413677677670432,-2.853710914947417
-5.413397065487452,-2.8532957944217108
-5.4129129898157275,-2.8526952169373816
-5.412631814423965,-2.851881560168221
-5.412120686908384,-2.8508697965826704
-5.4113253571474,-2.849598964495158
-5.4105973709351245,-2.848527530581052
-5.410134920043214,-2.847432505678222
-5.40971714864143,-2.84635848221802
-5.409337494259774,-2.845076437634
-5.408627144738433,-2.843486579678979
-5.407768806016008,-2.8418459619339465
-5.40689143337653,-2.840182446821003
-5.406265423817746,-2.83833913352359
-5.405942823320181,-2.836488108412053
-5.405623567534574,-2.834640795119349
-5.405152646574519,-2.8327800772435223
-5.404805628338329,-2.8310820720138015
-5.404153670936946,-2.82908187368534
-5.403632300377591,-2.8269882013072163
-5.4031311238889,-2.8248395887950415
-5.403104426830295,-2.8226823510001924
-5.4032780448931295,-2.820753867205479
-5.4035818015672135,-2.818732180694318
-5.403787223630243,-2.8165694194844564
-5.403853762079678,-2.814163108349364
-5.40433724453821,-2.811512770964995
-5.404999407201245,-2.8090246453437335
-5.405902390911714,-2.806431040408092
-5.407000498232479,-2.803445576297029
-5.408419476972407,-2.800751256043427
-5.409471699836277,-2.7979013709981895
-5.411066046356263,-2.7948873853062794
-5.412747487065103,-2.7919514846466753
-5.414500758639572,-2.7889579858321407
-5.416635302947765,-2.785559687413672
-5.419169944168907,-2.7825234048709473
-5.4220319870231535,-2.7788328704347514
-5.424941316631291,-2.7751948234948838
-5.428194192185638,-2.7715373399956493
-5.431347854771064,-2.7678868390459246
-5.434587204059153,-2.764332799500935
-5.43793878329413,-2.760497923519341
-5.4418288621110245,-2.756767173394299
-5.445445401188273,-2.7532293751836114
-5.4492204451355475,-2.7496811938863273
-5.453261259234012,-2.7463722016048537
-5.4569715728320345,-2.7431250341039304
-5.4609858080182585,-2.740061319936898
-5.464899724959006,-2.736905105415686
-5.468885215736249,-2.733805615139019
-5.472824167440744,-2.7307840545989643
-5.476773887119738,-2.727740102083382
-5.480445491722194,-2.7248954685360043
-5.484429149997966,-2.7224091228064555
-5.488250577295604,-2.7197748670292867
-5.492120486458285,-2.7170469196466702
-5.495747755468625,-2.714063260605209
-5.499533029580243,-2.711242593656448
-5.502919314068425,-2.7087079291582103
-5.507611796298442,-2.705067004523842
-5.512194530840861,-2.7012310116958327
-5.516523759071142,-2.697168597763572
-5.52058845960038,-2.6932957626123186
-5.524367129385442,-2.6894044022519856
-5.527927855280032,-2.685321380560188
-5.531132055394136,-2.68161614758461
-5.534067054485637,-2.6775985314810735
-5.5370990436404615,-2.6736677990715396
-5.53993085702183,-2.6698804966948875
-5.542744562731874,-2.6660716611248105
-5.544611346289386,-2.6618521010040057
-5.545949874857582,-2.6578355355843004
-5.546952225789272,-2.6535928875282924
-5.547958540859097,-2.649353739987856
-5.54881770155035,-2.6455655354247827
-5.549190172502653,-2.6419473010294983
-5.548900378852718,-2.6377333535997396
-5.5482501746623525,-2.6337109826467744
-5.54699455071543,-2.629612071003849
-5.545322376034565,-2.6251387927248953
-5.543268454204974,-2.6213616173583754
-5.540811574575086,-2.6179148604065334
-5.53797879266588,-2.6141303347734723
-5.534849872029995,-2.6105661005632714
-5.531431227694679,-2.606557913927049
-5.527237246107698,-2.601852833252616
-5.522076663540676,-2.598261262338045
-5.516995095878287,-2.594760718770469
-5.511636099891297,-2.591340579193544
-5.506056153741861,-2.5880249134263638
-5.500011351065393,-2.5848018752978046
-5.493686364214897,-2.581694466399481
-5.486630649873897,-2.5782497599778376
-5.479437506118784,-2.574643165646645
-5.472067010696103,-2.571168822618317
-5.464642637573647,-2.5676444673465215
-5.457417519277339,-2.5643488424549026
-5.449819464786734,-2.561327278471232
-5.441970121949505,-2.5580774279230805
-5.433893887320797,-2.5545613006471406
-5.425994222373298,-2.5509222152935354
-5.418169677618054,-2.547380982781329
-5.4104049938860665,-2.5438352477169976
-5.4021530938682,-2.540712112611874
-5.393949541557336,-2.5376305122172047
-5.385381319462465,-2.53414774790662
-5.377174058977592,-2.5306717965109056
-5.368743991335373,-2.5269932824276347
-5.360445957513635,-2.5229744422253724
-5.351259507608469,-2.5202916982400345
-5.342079225778959,-2.517621228402596
-5.332963952944345,-2.514958052505705
-5.324048695616702,-2.512151718661475
-5.315039836559995,-2.5093016770174206
-5.30620128031934,-2.506586509057533
-5.297681955613713,-2.5036410219306355
-5.289206953742017,-2.500748005608066
-5.280860695024193,-2.49797599629981
-5.272522797511502,-2.495200061275309
-5.263950318153907,-2.4922180107437453
-5.2557114535068346,-2.4895050980782254
-5.2480920918907215,-2.4863412864190915
-5.240710503691949,-2.4834537450163823
-5.233438173541133,-2.4806756005105846
-5.226550943039932,-2.4776173162246007
-5.219854380741359,-2.4747546080480696
-5.213367826214031,-2.4720474559220493
-5.206443716341031,-2.470181629859375
-5.199962444967315,-2.4685094502092557
-5.193820725004143,-2.4671935431725798
-5.188342883509306,-2.465391289599663
-5.1827938597469325,-2.4635071727289883
-5.177660155563783,-2.4619989912798395
-5.172900956599676,-2.460215942716619
-5.168106660672947,-2.459347415034046
-5.16373833126789,-2.4588648009281906
-5.159889066287465,-2.4580008290088644
-5.156005369502804,-2.457097740710752
-5.152340557269487,-2.456393232221223
-5.148933306692769,-2.455621926534425
-5.146196386487872,-2.4550035084860373
-5.1436401601422075,-2.454560723201555
-5.1416216325340605,-2.4539792802878186
-5.139895352214909,-2.4537331880214204
-5.138366362220272,-2.4535392618714456
-5.136958836678335,-2.4533129140355965
-5.135403248837823,-2.45291714070107
-5.134560010426761,-2.4527000985253986
-5.134282425015184,-2.4525342436901583
-5.134311341228235,-2.4527196881252675
-5.134235866717622,-2.4529848603032223
-5.134199530803959,-2.4532855920888195
-5.134395340961559,-2.4533813494734042
-5.134822250358261,-2.452753163623875
-5.135865433605975,-2.4526832534725957
-5.1373748203139975,-2.4529489484485736
-5.138842869458147,-2.4535709895671016
-5.140733707966681,-2.4545760067690323
-5.143043817522793,-2.4555250940499644
-5.145192037573872,-2.456435663945576
-5.14738343977123,-2.457385086118855
-5.149776873741252,-2.4585602835124187
-5.1522497558285,-2.4598453357325987
-5.15525669411467,-2.4616140158015583
-5.15856785601297,-2.4632917486414287
-5.161775806574051,-2.4648906144983944
-5.165001175623821,-2.4664977238539048
-5.168206162594729,-2.4680913801244433
-5.171679879187435,-2.4694890531971287
-5.175670722767304,-2.4713752561235798
-5.1797932738874195,-2.473404441426763
-5.183799003401902,-2.47564584050584
-5.188257688142029,-2.4772809180039475
-5.192621201175171,-2.479262761732025
-5.196774755146549,-2.481151189094648
-5.200802668144303,-2.482917422088282
-5.204963601109977,-2.4848477603358723
-5.210040489788484,-2.4858390596633506
-5.215255687371398,-2.4873053341566926
-5.2202254200579326,-2.4888413157956912
-5.224986335320849,-2.4903035541786815
-5.229783202085435,-2.491806832941563
-5.234408552379064,-2.493106979252336
-5.239126204125395,-2.4946234306415547
-5.243979029009141,-2.496295145506573
-5.24860022896387,-2.4980702342817334
-5.2530627596312165,-2.49990882344389
-5.257560631424981,-2.501788016384555
-5.26184366617358,-2.5035844278644577
-5.265956121547908,-2.505224232823497
-5.270076268007819,-2.506872918147312
-5.273988195429788,-2.508454463414609
-5.277977075532018,-2.5104137971489453
-5.281946438653873,-2.512350693108884
-5.285751861619359,-2.5142087412883165
-5.28955669860194,-2.516005990968814
-5.293321089170066,-2.517777739600185
-5.296648391256367,-2.5191534924553545
-5.299752445235628,-2.520691557141761
-5.303046680031496,-2.5223691293952593
-5.3064787857764815,-2.524194640881301
-5.309707124393007,-2.526084570150712
-5.312805349524906,-2.5282694377792336
-5.315947308087865,-2.5305048766475093
-5.318884913948432,-2.532347227548045
-5.321760180399209,-2.534306885640556
-5.324603698025332,-2.5362300913384614
-5.327173515093242,-2.5379101358503697
-5.329567776950172,-2.5398670890459027
-5.332149561376063,-2.5418440199749086
-5.334825777742863,-2.5439333212340935
-5.337369318403525,-2.545907610154366
-5.339872092719153,-2.547745054832702
-5.342047043317949,-2.549272919649589
-5.344204579512058,-2.5511685390230956
-5.346463832185554,-2.5531439865817904
-5.348778226594287,-2.555191423074437
-5.35106747063639,-2.5572046769932757
-5.3534359224541666,-2.5591598568158593
-5.355537772492694,-2.5608882177188286
-5.357681734944951,-2.562672627609941
-5.359650043360051,-2.5642932622927797
-5.361004323435659,-2.5666666373486278
-5.362535012919501,-2.568784806471162
-5.364461439015225,-2.571260336581802
-5.3663565693354816,-2.573819892925147
-5.368617236898127,-2.5767893138977414
-5.370483642493593,-2.579402468876606
-5.371672494530956,-2.5819370508144686
-5.373324038181178,-2.58461199440492
-5.37529993374844,-2.5875797839028176
-5.377145458629246,-2.5906683956909986
-5.379461285425567,-2.5943544420844824
-5.381624334577011,-2.597902103811452
-5.3835146541374135,-2.601152327473018
-5.38572713459307,-2.6044139362616177
-5.38813686763853,-2.6078535713761934
-5.390636457205019,-2.611141196708775
-5.393534320032538,-2.6147599347498174
-5.397019300470163,-2.6182335340639518
-5.400816527089191,-2.6219595379956955
-5.404859907533728,-2.625830381129822
-5.408575589613774,-2.62954849279059
-5.412507427203275,-2.633177793263407
-5.416728401405686,-2.6370611006231917
-5.421345444752826,-2.6407204974792284
-5.426580960460812,-2.6449389345267345
-5.431982853590992,-2.6493494417326464
-5.43765073097855,-2.653567868282028
-5.443312816585585,-2.657791939855689
-5.449280808040763,-2.661547520561069
-5.455980250311021,-2.6657531825133445
-5.463211432185813,-2.6693766360645994
-5.470461616925154,-2.6730217583807825
-5.478203995798733,-2.677319269955615
-5.4863646257360585,-2.6812450596913644
-5.494445351826615,-2.685077814912422
-5.502631950297771,-2.6890017540761737
-5.5112072534924375,-2.69219654050595
-5.5201771605741525,-2.6959166668341843
-5.529135463196143,-2.6996220586780124
-5.5385037408843365,-2.7032462703305837
-5.5480528015484,-2.707110329943433
-5.557849442114564,-2.71075674404789
-5.567306084031414,-2.71406394024911
-5.577169704131194,-2.717082350430656
-5.587178221481685,-2.7202147143049817
-5.597248457610537,-2.723410527174368
-5.607382294069718,-2.726563594814243
-5.617765521196846,-2.7299046845381136
-5.6282634372814435,-2.733376656299138
-5.638814864741623,-2.736979531486118
-5.6494440463027775,-2.7403558197057305
-5.660057074178257,-2.743710890361174
-5.670410841550002,-2.7468564551688224
-5.680963321180785,-2.7500749953406656
-5.691339245196134,-2.7530854248357794
-5.701872409262174,-2.7563754708972095
-5.712757459569234,-2.7593695477446682
-5.723370230602469,-2.7620428631459744
-5.733868887438099,-2.7644981767806245
-5.744592150924079,-2.766917115461643
-5.755060673447322,-2.7690348051752265
-5.765443987647829,-2.7711815095829677
-5.775977692309793,-2.77344529198348
-5.786293581311284,-2.775450277153763
-5.796482618132813,-2.7772786656935655
-5.807123575285199,-2.7783348529737113
-5.817370034687998,-2.7789898867611487
-5.826990444400857,-2.7800898887385923
-5.836115832290887,-2.7807283525078077
-5.845262951721392,-2.781337270315145
-5.854368597398225,-2.781930647702875
-5.863211848267858,-2.7825647551272517
-5.871792760439194,-2.782894364071495
-5.879751920704778,-2.783664174446174
-5.887184007369424,-2.7839658620624057
-5.894470270663592,-2.7840910395682967
-5.901239701471739,-2.784581510638457
-5.907722534224159,-2.7848120900063904
-5.913914093186976,-2.785497721797544
-5.919550789990169,-2.7855981505599874
-5.9246068709294715,-2.7862736964921173
-5.929541115572099,-2.786863911904934
-5.933622889835905,-2.787042382475574
-5.937038203787116,-2.787323971183424
-5.9405198404659805,-2.787648568289801
-5.9439509509885395,-2.787841803055987
-5.946901441446547,-2.7887409785981965
-5.948811008264163,-2.7891558257385705
-5.95071404470807,-2.7893348662174766
-5.952244901217959,-2.789609223116871
-5.9532252081459305,-2.789901664829416
-5.9537300537106095,-2.7902208427454127
-5.954566739397401,-2.7909317463776695
-5.954728536501393,-2.792116835051847
-5.954672259484906,-2.7931069775466293
-5.954522180023233,-2.7939861213261636
-5.953897719996108,-2.7951985230580205
-5.952781633159001,-2.7959714522985046
-5.951557545486657,-2.7966162574692413
-5.950380319401866,-2.79722819052148
-5.949393285056305,-2.7980094266498914
-5.948217244179911,-2.7985671371760645
-5.946926697456336,-2.7992054212196416
-5.945349979434816,-2.7995875773398446
-5.943469306882085,-2.7996106435697135
-5.94171341609871,-2.7995463399848557
-5.939940602680914,-2.799458693105441
-5.938039117261129,-2.7995117264247327
-5.935981053556201,-2.799512839276639
-5.93380489029674,-2.799407920206864
-5.931177792775437,-2.7991883783552804
-5.9287653022938915,-2.7990933507562263
-5.926102008286392,-2.7990459989842025
-5.923257830766566,-2.798862677040194
-5.920396110954211,-2.7986923776888206
-5.916882070294494,-2.7993074445927664
-5.913449369458472,-2.799948966376619
-5.910075594328935,-2.80054937542284
-5.9069025335418965,-2.8013850186503797
-5.903285452480957,-2.8018226617853297
-5.899835887384129,-2.8021429031544756
-5.896180215715235,-2.802219760266602
-5.892521361240666,-2.802293042015004
-5.889095891277341,-2.802202502895314
-5.88567528160582,-2.8021168817400115
-5.882393466525464,-2.8021549035947277
-5.879398296580048,-2.8018727448835015
-5.876332105208982,-2.8015174628084996
-5.873148145769192,-2.8010665660773753
-5.869939924387913,-2.800633241027408
-5.866761486773092,-2.800201689543919
-5.8639272768813315,-2.800116932026066
-5.861317279724695,-2.7998744367073334
-5.858688901246727,-2.799669036671675
-5.856012325524543,-2.7994404046967265
-5.853282729063498,-2.7992495850421824
-5.85027851823169,-2.7993656182406785
-5.847877074822709,-2.799579170333392
-5.84573892525426,-2.8003280643645185
-5.843556572338905,-2.8012739847597765
-5.841889395300211,-2.802174852646555
-5.840554038163185,-2.803385991395419
-5.839284548063015,-2.8041532000306595
-5.838285125921824,-2.8047783191148756
-5.837459081528591,-2.8056029123571977
-5.836910960155597,-2.8063411438525128
-5.836846609256493,-2.807070831044037
-5.837410764583271,-2.8077642527819857
-5.837929909164394,-2.808404944060907
-5.83853277926257,-2.809110405578087
-5.839420495975393,-2.809487275692687
-5.840305281154237,-2.809860673772121
-5.841625587916294,-2.8104166620233784
-5.843393423138546,-2.810901673984805
-5.845139403440147,-2.811360889898397
-5.8469966074527955,-2.8119776364250217
-5.849425230515716,-2.812276661522751
-5.852003857265175,-2.8124607748233768
-5.854830916026093,-2.8125053578628396
-5.8578051807275475,-2.8124195076148713
-5.860775645139183,-2.8119142291077694
-5.864458229473766,-2.811156146142014
-5.868255927217274,-2.8102275676947213
-5.872545078545671,-2.809390942197358
-5.876810645370244,-2.808562028461039
-5.880843310798518,-2.8074579023659596
-5.885117739565913,-2.8061761194965658
-5.889582463645975,-2.804826885121812
-5.893852466468939,-2.803246474524631
-5.898640819518755,-2.8017119507444677
-5.903392785089993,-2.800242754213508
-5.908018614356356,-2.7986223047300247
-5.912671754874846,-2.7970254800179175
-5.916970182003542,-2.795273132647068
-5.92131435527071,-2.7935719996879036
-5.9253441971325245,-2.7918529636804883
-5.929364330392614,-2.790408069613878
-5.933479259718367,-2.7890616348783284
-5.937187835550275,-2.787932717018051
-5.940686039687891,-2.786622471528707
-5.944200876177814,-2.785363975398938
-5.948075344692672,-2.783194366394719
-5.951849401863349,-2.78109553449746
-5.955824697082017,-2.7791749059857365
-5.959943817945421,-2.777422496187768
-5.963618108075157,-2.775983245928286
-5.967521275782349,-2.7742096512936874
-5.971033591741788,-2.7725907032132944
-5.974507150089308,-2.770925102321375
-5.97793769537675,-2.769006749647439
-5.981028540944181,-2.7670075445452236
-5.984076355620061,-2.764956727711897
-5.987080009118312,-2.763312671630235
-5.9898978355345145,-2.7617506922140547
-5.992797089088744,-2.760284644438354
-5.995371207030273,-2.7588821498373766
-5.9977100715317375,-2.757309686216563
-5.9996039187070656,-2.7559244956975903
-6.001758915374788,-2.754771139855311
-6.003531363102032,-2.753762338035135
-6.004995198850101,-2.75308386251788
-6.006613466754745,-2.7525697593650356
-6.0080228262273385,-2.751710309583716
-6.00899279607827,-2.7508928077540866
-6.010351290650948,-2.7499069576657016
-6.011502303861846,-2.7487367705019468
-6.012115796622424,-2.7479445908095763
-6.012514654587505,-2.7468979143379277
-6.012953954825493,-2.7462717744777265
-6.0133165983602535,-2.745796861285627
-6.0136833619329675,-2.745326922074899
-6.0130536571204205,-2.744824159935703
-6.011931282479291,-2.7438728905758545
-6.010663864285652,-2.7431410454632252
-6.009164375276003,-2.7421318969145774
-6.007701977715275,-2.7416728248871096
-6.005710362307531,-2.741136737620706
-6.003328070912741,-2.7401491057983263
-6.0006808022943625,-2.739448183363972
-5.9974188351180295,-2.738616957071169
-5.994174041844285,-2.737812692083919
-5.99044485946837,-2.7378201909780526
-5.986500429033693,-2.73763355082452
-5.982729232823684,-2.7375755572923026
-5.9779651662462605,-2.738094828251195
-5.972729664782111,-2.738010115395347
-5.966198990467387,-2.738691537377521
-5.959586777206501,-2.73935404112081
-5.953579887483145,-2.7400281541790834
-5.947296524204194,-2.7404528255605696
-5.939863944505717,-2.7414387879346833
-5.932231595681592,-2.7435135744955748
-5.9243154839388446,-2.745179306900189
-5.915667640052584,-2.7473857855481585
-5.907062689801807,-2.7496350515177195
-5.89800834751433,-2.7518117390254
-5.889126759123183,-2.7541555774779423
-5.880446466156354,-2.7563599047950538
-5.871646541869495,-2.7583637032619115
-5.8631729598229905,-2.760694282328628
-5.854759478688053,-2.7629846269631155
-5.846240543607239,-2.765173492201266
-5.83727394404752,-2.7668942857984584
-5.828669512061995,-2.768361850216972
-5.820179176500214,-2.769859551622142
-5.811746332076677,-2.7713904481532
-5.8034085887620925,-2.7728563513097684
-5.795241424194822,-2.7744889849647763
-5.786589268666696,-2.7756190915335837
-5.778212824430923,-2.776556537456476
-5.768579190200863,-2.7792030550516222
-5.758865651669555,-2.781773981134426
-5.749022463432505,-2.784373283644469
-5.739295808924588,-2.787157983346304
-5.729581205453705,-2.7905099585791926
-5.719772088080463,-2.793731951634212
-5.709867249462837,-2.7970229057493428
-5.700200483311826,-2.8005825790203587
-5.690286535678952,-2.803901566755689
-5.680481304641272,-2.8071447124368114
-5.671235247003458,-2.8109455566837185
-5.662159885999426,-2.814906645179652
-5.6535715366661705,-2.8193167137588415
-5.645083229608677,-2.823812623359137
-5.636736504631547,-2.8284671532846692
-5.628861129879177,-2.8327877372449985
-5.621435472086427,-2.8375391799731338
-5.614171350929968,-2.8428350423454116
-5.607132869116944,-2.847807472484515
-5.600604313613359,-2.8532376159048747
-5.593838443548439,-2.8587587312466716
-5.588075403520882,-2.86409850689924
-5.582297123717194,-2.8694211323266834
-5.5748339920022065,-2.8772688787415612
-5.568176156362411,-2.88435573311568
-5.562241728743256,-2.8920299684718573
-5.557162699629838,-2.8990977616813414
-5.552185900181702,-2.906202559828245
-5.546593673598998,-2.9126927839750376
-5.541316021115551,-2.9197281206091064
-5.536932311852566,-2.9259416695867517
-5.531931014782023,-2.931524878460116
-5.5269989544943146,-2.9376651909462135
-5.522729381121768,-2.9432055732423796
-5.518140678339635,-2.9483977870355784
-5.514236300201203,-2.953495199268009
-5.509981980401579,-2.9581958985015846
-5.505313641574509,-2.9623341520806923
-5.500190423699359,-2.966503790179824
-5.494583020081407,-2.970124151371607
-5.488736836848273,-2.973396854013616
-5.4826810905454,-2.976987279297719
-5.476722446921721,-2.980691423702902
-5.4699629597004265,-2.983990421710367
-5.462542952464666,-2.987196590109314
-5.454918820346884,-2.990172971684091
-5.445291789154936,-2.9947677122609786
-5.4352849651821735,-2.9994713409376175
-5.425512607384311,-3.0044456248336964
-5.41562342507354,-3.00927158094911
-5.406733930051644,-3.0118503516882256
-5.397541823264872,-3.0141533251517125
-5.388350354587833,-3.0165464938487805
-5.378962728986875,-3.0186641286099603
-5.369556985719671,-3.0204012075537783
-5.360210310727449,-3.022207085121352
-5.3509770450971565,-3.0235318770650337
-5.341658086344988,-3.0247648914521603
-5.332628408422888,-3.0258914083276833
-5.323519949431617,-3.027160605828496
-5.3138013199597225,-3.0278128219425984
-5.304499875209128,-3.0280926123686718
-5.29536631832939,-3.028510914067515
-5.285907214090313,-3.0285997000589204
-5.276909601828728,-3.0285503867335763
-5.267541258094329,-3.0284958913588804
-5.257124611545939,-3.029527305406399
-5.246515716306576,-3.029994307175441
-5.23648159629578,-3.0302136891677067
-5.2263083113317075,-3.030308508367496
-5.216227776877543,-3.030152009812822
-5.206104290690743,-3.029487080924162
-5.196006381961228,-3.0288499966943903
-5.187213294164978,-3.0251946659624123
-5.178752174068075,-3.021490291473692
-5.170088595715259,-3.0176002567492235
-5.161538637200518,-3.013257526023122
-5.1528925929336005,-3.0088441919175493
-5.144463266007935,-3.0046329094612
-5.136029753335422,-3.0001288128019787
-5.127484966038395,-2.995891544873859
-5.118799647780573,-2.991525817504385
-5.110369069357512,-2.9868931845768976
-5.101815846259619,-2.9824774646746754
-5.093259360815241,-2.9780602584957285
-5.084769876965947,-2.9733667317549717
-5.0761533147094555,-2.969112807247924
-5.0676548283840095,-2.964969840948962
-5.059298911392765,-2.9604895706403522
-5.051163320699506,-2.9564808444771136
-5.043084695319352,-2.9525263848136074
-5.0356107270252926,-2.948005142813378
-5.027930307273899,-2.9438647375829974
-5.02062116724816,-2.940057279637695
-5.013492467319513,-2.936115946532248
-5.006777269848233,-2.9326361879812186
-5.001700626639361,-2.927306429679932
-4.996839978353545,-2.921818535500752
-4.99176174001939,-2.9160886278651694
-4.986825437412118,-2.9104900255640427
-4.982081556155434,-2.9053791002184264
-4.977604862627625,-2.9005062322059114
-4.9728689608883405,-2.8953120696524937
-4.968476310419582,-2.89029402608576
-4.9636291531823105,-2.885180787901612
-4.958834610533016,-2.880134797394501
-4.953891797021639,-2.8755976181572844
-4.948934055680439,-2.871044049493657
-4.943853157572199,-2.86676536085146
-4.9388010905949455,-2.862375560025578
-4.934022600142912,-2.8582901855907106
-4.928649950803812,-2.854410829042101
-4.9230204486825935,-2.850455393334283
-4.917558934870879,-2.8466869550019775
-4.912360148152678,-2.842298061987341
-4.90756811939027,-2.838286304079557
-4.903756572212062,-2.8329434126555895
-4.900463095992483,-2.8281763655068235
-4.8966698550831955,-2.8237524125626607
-4.892965286084582,-2.8192218058820107
-4.88927193875955,-2.814703726123877
-4.885488078002821,-2.810520454586281
-4.88192955986488,-2.806498309594229
-4.879030609098613,-2.803209267225133
-4.876015766747487,-2.800193121153367
-4.873321959303914,-2.797092815986936
-4.8707641423585875,-2.794143679401383
-4.868164979932095,-2.791125260858861
-4.8657369536892245,-2.788691331796054
-4.863798924444331,-2.786641109887128
-4.862052759677642,-2.7844154503279164
-4.860692615937632,-2.7827568510137723
-4.859506453091902,-2.78129165742758
-4.858959365752953,-2.7794986861068884
-4.858595292256192,-2.777898286037117
-4.858380059818753,-2.7764175785993532
-4.858523674307496,-2.7747490127183454
-4.859304281943633,-2.773714794597073
-4.860093322772969,-2.7729089269464455
-4.860973914618337,-2.7719868566800328
-4.862171931908584,-2.7713709081226576
-4.863133542425274,-2.7710468563150394
-4.864674066088301,-2.7707117940481236
-4.86682523792417,-2.7710277652861453
-4.868941496137434,-2.77136894713236
-4.8708506156298785,-2.7714893844743735
-4.873167326803498,-2.7720060865255083
-4.875778548211795,-2.772307354436401
-4.87890465200397,-2.773125733195691
-4.882330714365698,-2.774278799160377
-4.885877283096911,-2.7753433316211567
-4.889845446223335,-2.7768080415610847
-4.894094733096893,-2.778531776460579
-4.898435346904469,-2.78018839333218
-4.903150432370114,-2.782235196764123
-4.908076709712229,-2.784508855014783
-4.913106976873827,-2.7867288166587287
-4.918490817156822,-2.7888497579374896
-4.92410821530938,-2.791187017707545
-4.929706347598484,-2.7936564431951503
-4.935484811385203,-2.7960153475693454
-4.941534983697728,-2.7986257451041845
-4.947713141794157,-2.8011992189480823
-4.95426844455158,-2.803483475147969
-4.960557100872004,-2.806967742155847
-4.96677020350203,-2.8104142566319616
-4.972988249782167,-2.8138573447540245
-4.9793079779057745,-2.817370214447161
-4.98556119467482,-2.8208061077612405
-4.992007517839801,-2.8241023480921235
-4.998769305049914,-2.827730636393885
-5.005600906027028,-2.8310417250908264
-5.012158552739577,-2.8340996246472017
-5.018878969282561,-2.8372795467895857
-5.025738221407898,-2.840173094592747
-5.032400003694449,-2.843271099365864
-5.038872963579667,-2.8462078788183387
-5.045444048893703,-2.8491745343068122
-5.05191644908687,-2.8516048930545868
-5.058091186192045,-2.853860240278906
-5.0643861831196455,-2.8559943756539665
-5.070631129200194,-2.8580672132537357
-5.076776443277348,-2.8600278321964114
-5.082404681967349,-2.8621119212457438
-5.087956970043367,-2.8640282925470135
-5.093413580978422,-2.865883132904363
-5.098599942069395,-2.867488308375676
-5.103372166737937,-2.868963080668274
-5.108275954754673,-2.87036437948311
-5.113312778671727,-2.871887800629875
-5.118195632390265,-2.8734083328463593
-5.12316884662195,-2.875150211693046
-5.127712255002155,-2.876495668980009
-5.131696967297079,-2.877534271316958
-5.135773240849765,-2.878373930047196
-5.139977781279016,-2.879331250106614
-5.144041598068976,-2.880209440510511
-5.147975416995238,-2.8813801843667743
-5.151468551947684,-2.8821447725476794
-5.154765835574777,-2.8825000109294603
-5.157834382383582,-2.8827497925130134
-5.160431327137584,-2.8825650097529714
-5.1628879244741945,-2.882495167098236
-5.165333329649661,-2.8827939913714244
-5.167957101174403,-2.882491374790734
-5.170658442891652,-2.881832272002862
-5.1734617942190715,-2.881162826145816
-5.176035991135715,-2.880658294841327
-5.1780570011684075,-2.8796461229251604
-5.1802794325206865,-2.87837170155756
-5.182485071896137,-2.8773450380651533
-5.184638868961465,-2.8761285895981965
-5.186697668677392,-2.874805645403246
-5.188391826999542,-2.873744884430986
-5.189791231000715,-2.872430633479544
-5.191008926579602,-2.8708504888975455
-5.192384336222684,-2.8695617772338697
-5.1937153703142425,-2.868270539876904
-5.1951134407918005,-2.86707722857114
-5.196023453331403,-2.865943138806949
-5.196619765801712,-2.8644773336980878
-5.197205375804694,-2.8630192184626053
-5.19816213079095,-2.8619529567629804
-5.199093179758441,-2.860194734926367
-5.199953081384722,-2.8588247861871023
-5.200740898415566,-2.857446577336821
-5.201684357316182,-2.8562115046150627
-5.202546075990894,-2.8549527425191
-5.203608002036031,-2.8537150929650563
-5.204650367478413,-2.8524596854643076
-5.205682403385168,-2.851448593789118
-5.20678393108043,-2.8503875390027416
-5.208041045471535,-2.8494637060469383
-5.209405568040196,-2.848646193340474
-5.210679484086682,-2.8478938442312494
-5.212004819219279,-2.847203848107884
-5.213614324869793,-2.8467868405233974
-5.215489907636261,-2.846178399740676
-5.217627743470742,-2.8458083148360935
-5.219875942242405,-2.845584855698029
-5.222222797447264,-2.845290358340139
-5.224359797310693,-2.8447706785246627
-5.2266963149708525,-2.8444382469563223
-5.22947965189272,-2.8437845081097115
-5.23254640606371,-2.843406066099023
-5.235674574540596,-2.8431135603763975
-5.2388947242117725,-2.8427549029844656
-5.242330778856578,-2.8418091303468374
-5.246203697907905,-2.8412347703535255
-5.250262790527079,-2.8405266702921486
-5.254674780997937,-2.840218000353508
-5.2592733871619055,-2.840080278896284
-5.264102080420458,-2.839777312905625
-5.268711532456871,-2.8392257631622653
-5.273297630378467,-2.8394137933582333
-5.277602301258889,-2.8398042229787213
-5.281946588705428,-2.8402824449867383
-5.286226663328585,-2.840769466894365
-5.290772571505044,-2.841396055015031
-5.295087007126508,-2.842252363784674
-5.299230319837143,-2.842970106322668
-5.303174491634939,-2.8438306967172706
-5.307215980302581,-2.8448009299299075
-5.311331145204846,-2.845879200291043
-5.315640203623149,-2.846703445610804
-5.320060950365302,-2.8477160256763234
-5.324103086493647,-2.848382511463069
-5.327774738071281,-2.848974779961096
-5.331377246182859,-2.849465890127583
-5.335392196580536,-2.850333921408874
-5.339906605164084,-2.8507404746016065
-5.344337311418065,-2.851466874786297
-5.348504243285366,-2.8519525179786624
-5.352369051273713,-2.852860907351471
-5.355952032314502,-2.853448759865497
-5.359469913269023,-2.854083137228107
-5.363019518435361,-2.8547465322958683
-5.3667337697559105,-2.8555974327094864
-5.370416089091591,-2.856471041245319
-5.374155515908795,-2.8573968734412807
-5.377666344246495,-2.858062436928151
-5.381177142600155,-2.858727994730814
-5.384088826215329,-2.858846838127089
-5.386964761930827,-2.858925104308321
-5.3900177699215295,-2.8588767589105393
-5.3931416614010415,-2.858893175566311
-5.3959985905312,-2.8586053158479046
-5.398805575865721,-2.858353130661824
-5.401161876518297,-2.8576650518281626
-5.40348544952522,-2.8566090188144346
-5.4058246556274,-2.855581647328445
-5.408260401435955,-2.854642229649775
-5.410858353775261,-2.8534163915212885
-5.413223122501226,-2.8523570800189346
-5.415254803916502,-2.8509664935243144
-5.417172042845318,-2.84944005062697
-5.419053032693215,-2.8479394934161952
-5.420718670820513,-2.847024341957564
-5.421806816415953,-2.8456140002181396
-5.422802299698551,-2.844269857909859
-5.4233738452917635,-2.842441355268836
-5.424035569643976,-2.8406949673098274
-5.424652255051637,-2.8392111207490056
-5.425183954958457,-2.837655692204931
-5.42530863804276,-2.8357049271344588
-5.42555436896642,-2.8336677413741715
-5.425664425934177,-2.8314817549552034
-5.4258786659722364,-2.829409578078358
-5.4260061561716215,-2.8273994433431806
-5.426114355142391,-2.825363866874518
-5.426186178056949,-2.82328305866436
-5.4264432482061284,-2.8210698565682466
-5.426471031969029,-2.8186403694206255
-5.426404720290161,-2.816126463644289
-5.426097301426286,-2.8137850398929594
-5.425848906982049,-2.8114748604888975
-5.425928856124029,-2.8089962435795215
-5.426224350074028,-2.8064153356308283
-5.426607529708739,-2.8039221324894004
-5.426686387604571,-2.801152311338677
-5.42625496868444,-2.7988275968057037
-5.425768213029742,-2.7962826297066563
-5.425457853832027,-2.793897970174428
-5.425289812756962,-2.7916370750938966
-5.425006105915826,-2.7896459439583214
-5.424821872982183,-2.7875748374035347
-5.424660003916074,-2.7855119209078634
-5.4244756075942275,-2.783241561499958
-5.424212300585413,-2.7810565845333985
-5.423708889288023,-2.7789321333009824
-5.423160772553524,-2.7767564496918875
-5.422822862438775,-2.774690521997459
-5.42304697163989,-2.7728970275107274
-5.423329892256571,-2.7711708770683066
-5.423298227225028,-2.7693723315037166
-5.423332225138159,-2.767443074202873
-5.42340328159685,-2.765556278772304
-5.423506682029568,-2.763754557122936
-5.423865332568423,-2.762080771723964
-5.424433323242951,-2.759971591848146
-5.424951684139305,-2.7578055579199363
-5.425574901347786,-2.755734782166655
-5.426234420305926,-2.7537713115583697
-5.42683949106832,-2.751821175248195
-5.427363962269357,-2.7498268391454865
-5.4277678619788565,-2.7478823965296377
-5.428138189891663,-2.745923234708755
-5.428582503591806,-2.744006049400727
-5.429390971214086,-2.742273476967212
-5.430212374147602,-2.7409252711785532
-5.43133596407375,-2.7397687647788533
-5.432277184507644,-2.7384469339824995
-5.433028618670154,-2.7367442175649117
-5.434143268889175,-2.734959196019877
-5.43552768214086,-2.7334445681641912
-5.43701471981068,-2.732198014121743
-5.438690987550181,-2.730859445326896
-5.4403239390886915,-2.7294618353227786
-5.441949128249555,-2.7280103578094437
-5.4435297316688995,-2.726566985782724
-5.445018192828637,-2.7250527938155455
-5.446647263344846,-2.723836027710809
-5.448756432381403,-2.7225939794473843
-5.451150605733866,-2.721608836829316
-5.453565115681401,-2.7206708403168873
-5.4561315901510365,-2.719146452126643
-5.4584881069955475,-2.7179177472515486
-5.460729967661015,-2.71657838146084
-5.463011708447036,-2.7152978253103064
-5.465464697474084,-2.714008243691222
-5.468214549297514,-2.7130177967919646
-5.470935939693053,-2.712047774647397
-5.47352160728916,-2.710931356598432
-5.476180777012849,-2.7098512909371464
-5.479265237066747,-2.708466124448561
-5.482331790560645,-2.7070586255881097
-5.485402377309599,-2.705667245957577
-5.4885880844107735,-2.704193328827856
-5.491552185169799,-2.7024344008813626
-5.4949126563795305,-2.7007543798741733
-5.498551127775599,-2.6992190156708866
-5.502135166127477,-2.697660608549295
-5.505461956334285,-2.6961075717765897
-5.508909457528956,-2.6943583255531394
-5.512369885484595,-2.6925767295440863
-5.515806677973705,-2.690963565277116
-5.519358600422944,-2.6895908048567976
-5.522934821118988,-2.6882626578124116
-5.526712132741405,-2.686582540186341
-5.530108856755246,-2.6854688464434697
-5.533601401508324,-2.6843391557630385
-5.536881053802534,-2.6829998202512404
-5.539799075303316,-2.6816878975545055
-5.542550108974913,-2.6803991779642984
-5.545437300822377,-2.679232902332646
-5.5481940030621955,-2.6777299796432965
-5.551099346783504,-2.676159422011807
-5.553408736227597,-2.6740514616391025
-5.555244584190254,-2.6715628174220565
-5.556799942158673,-2.6688812880728783
-5.5580439472682714,-2.6660543916052255
-5.559194373624787,-2.6631176775712033
-5.560122404639644,-2.6606261173401258
-5.560263054582138,-2.6578378394520166
-5.560026132792307,-2.6546537651049262
-5.559175719114061,-2.651567550295213
-5.557585699714836,-2.6480796854163655
-5.5561194191825605,-2.6447456305218413
-5.553947891147031,-2.6419775921090616
-5.5515797439547026,-2.6389655358744446
-5.549028494586613,-2.636319857077414
-5.546619140026429,-2.632912599839922
-5.544127562317957,-2.6299454474610395
-5.540867016006021,-2.6262866212959004
-5.537250753907785,-2.62282296747438
-5.5332953568240315,-2.6197651520184597
-5.529340255415246,-2.616686783654966
-5.525219127578158,-2.613870101420205
-5.521083019874593,-2.611035599353393
-5.516967449443892,-2.60838349873167
-5.512722794659523,-2.6055016682869274
-5.5083824508405215,-2.6026137215492353
-5.504098051421908,-2.5998007026097603
-5.499740425955907,-2.596726461428045
-5.49506402404968,-2.5936745315648317
-5.490737276796203,-2.590416117474775
-5.48671583247223,-2.587432334632795
-5.482459133435534,-2.5845752214700393
-5.478476376410954,-2.5819386579149173
-5.474270319303404,-2.579100894158845
-5.46974816180809,-2.5760721737940067
-5.465395158369861,-2.572723175266283
-5.461418974495991,-2.5697132634536266
-5.457317572145636,-2.5668937491593597
-5.453502170309274,-2.5641097839671962
-5.44982230047405,-2.5610778728851487
-5.446324397032462,-2.5581166733947938
-5.442475843800109,-2.5547485376820327
-5.438505272212127,-2.55167208753263
-5.434640380245732,-2.5486907209433487
-5.430730852672418,-2.545783746303273
-5.4271400214987,-2.5427732309875624
-5.423969792761366,-2.5401413599285596
-5.420955719777196,-2.537473869547953
-5.418032336332195,-2.5348474831079466
-5.41528712109129,-2.53244117663623
-5.4125342023232506,-2.5302645365243186
-5.410345280326491,-2.5283516358414455
-5.408766856575458,-2.5270881963219036
-5.407400012272475,-2.525937309304695
-5.406044562621231,-2.5251455338932227
-5.405020767329709,-2.524727619051418
-5.404236062471988,-2.5241363593868837
-5.404377751179719,-2.5244823256766566
-5.404807614552431,-2.5251432116682113
-5.40550661100095,-2.5256086631227808
-5.406936569859553,-2.5267736618670424
-5.408449763383453,-2.527971588200859
-5.410703375284686,-2.528625056024897
-5.41305081145744,-2.5295958680073727
-5.415975766106386,-2.530622995436349
-5.418317800405304,-2.5319562742023
-5.420472565830442,-2.5330429186569337
-5.423044845165115,-2.534490537382619
-5.426059676429782,-2.5358145719665686
-5.428950048499512,-2.5372935419901186
-5.432008641034816,-2.5389641122433977
-5.435364249205765,-2.5404920168644307
-5.438758225250804,-2.541934297383687
-5.441980831731594,-2.543208879641579
-5.445267776954216,-2.5446484900746027
-5.448443862299071,-2.5462451355878613
-5.4516936635773146,-2.547916868581177
-5.455066048164177,-2.5498934791559713
-5.458609431380054,-2.5519559381051664
-5.461859380054375,-2.554288376061348
-5.464753918578057,-2.556301069661503
-5.467620055635107,-2.558378582871764
-5.470400946488559,-2.560453986035821
-5.473441482419977,-2.5627629472914775
-5.476701349815581,-2.5654807801847013
-5.4794663946102435,-2.568715939055384
-5.482021205217793,-2.571761968247542
-5.484339902413883,-2.574533746271859
-5.486587459844897,-2.5774391233279728
-5.488642932272378,-2.5805412106959147
-5.490663926862944,-2.5836357108385988
-5.492846737284924,-2.58710177649538
-5.494977970930316,-2.5907796014921236
-5.496888955994116,-2.594116938203609
-5.498693952956205,-2.597376241155495
-5.499985563410068,-2.6010052633710683
-5.500892725413675,-2.604260395622798
-5.501842273648066,-2.607668624004592
-5.50283151855291,-2.611169719962854
-5.5037838906354155,-2.6146373310073767
-5.50444414061665,-2.618092908605735
-5.505029254611591,-2.6217439228706456
-5.50518640973389,-2.6253370721071287
-5.505118099033984,-2.6286902611061955
-5.5052682750524236,-2.631892049374844
-5.505035257275386,-2.634940434888974
-5.505007083883227,-2.6379578360540097
-5.504412279120193,-2.6407634968827733
-5.50387819328083,-2.6436584091182653
-5.503186391944101,-2.6466665450467177
-5.502033400783422,-2.649217724111982
-5.500613753444851,-2.651522919438231
-5.498959896866573,-2.6540037155853655
-5.497390457099649,-2.6563458995574054
-5.495826353359967,-2.658693817103874
-5.494010269922779,-2.661592552321843
-5.491906565410539,-2.66425654913161
-5.489858507418012,-2.666984178364571
-5.487414847850283,-2.6697991126005958
-5.485048930900507,-2.6724254979520135
-5.482801420501745,-2.6751878164754084
-5.480424220125266,-2.67797091640661
-5.478077802299228,-2.68089270582202
-5.475687125909039,-2.683762297579247
-5.473193747878244,-2.6864945065476658
-5.47063682616328,-2.6889224902019158
-5.468112048661702,-2.6913864980029314
-5.465496905945959,-2.693522857602329
-5.463045952467577,-2.695903489531511
-5.4605525871710325,-2.6982341877049403
-5.458134414081656,-2.700670869776662
-5.455051608867788,-2.7041108863697723
-5.451941395563105,-2.707533780923681
-5.448572427639716,-2.7107214671197326
-5.445392904311964,-2.7136273410001355
-5.442762126048113,-2.7165488983381816
-5.440035596291829,-2.7194495461713006
-5.4375307862219575,-2.7226043920081007
-5.4353497171661695,-2.7261198956029618
-5.433382045331247,-2.7294241061797493
-5.431578439685776,-2.732916176012468
-5.429972041849214,-2.73642874066963
-5.428464805332126,-2.7396956060872495
-5.426939527730241,-2.743052990020954
-5.42591014828396,-2.746838365062969
-5.425391067230509,-2.7502574195093765
-5.425163728398053,-2.754011134957981
-5.425048967759082,-2.757758254970009
-5.425284019989383,-2.761133385983081
-5.425583996767545,-2.7645616693251993
-5.426180224889833,-2.7679778257906897
-5.426965054171857,-2.7711180974717573
-5.428056189448358,-2.7742346855191187
-5.429382246779563,-2.777564705557122
-5.430199986458479,-2.7816255332943314
-5.4315885826503,-2.7852780669549575
-5.432881957245079,-2.788838753463329
-5.434313608960758,-2.7921216831455915
-5.435785127413774,-2.795125505376994
-5.437566703257383,-2.7978984306090373
-5.439902643957843,-2.8011753569842046
-5.442547269449187,-2.804270483568447
-5.4454259900121675,-2.8072180197726952
-5.448347343197292,-2.810204379191864
-5.451394389150534,-2.8126252856110177
-5.4548023525972855,-2.8145682592572476
-5.4586193239188985,-2.816882544900411
-5.462631717247468,-2.8190619399525825
-5.466941131125617,-2.82107081891098
-5.471414081447899,-2.823227540287636
-5.475666731792001,-2.824546061424573
-5.47989990716685,-2.825706772064892
-5.48418914024441,-2.826818978017665
-5.488868380305299,-2.8279160668336765
-5.493641682076194,-2.8288593976906182
-5.49876185633859,-2.830146886479929
-5.503554802140184,-2.8312375258291724
-5.508131510721408,-2.8323597887455985
-5.512566594658546,-2.833221698077781
-5.5169700561093835,-2.834056461080469
-5.521404465172239,-2.8348800661318956
-5.526423530682955,-2.8347493672301796
-5.53151620629333,-2.83468370753728
-5.53669595345007,-2.8347159945511446
-5.541493000321605,-2.835021957974003
-5.545696596864529,-2.834749110253741
-5.54995081213216,-2.834455868920755
-5.554190877647289,-2.8341033576579027
-5.558115744577018,-2.8334637967759466
-5.5619955491974125,-2.8332387475500016
-5.565420021666158,-2.8328668566372253
-5.568572965536584,-2.832247998210897
-5.571395149870576,-2.8316352811428303
-5.574430670548803,-2.831110371220293
-5.577130668311195,-2.8302807841353297
-5.5797035083560065,-2.829775294753337
-5.582057439406949,-2.8290800105561953
-5.584398081636155,-2.8283720646806354
-5.586865120308218,-2.827160210961295
-5.58923615431187,-2.82583700071181
-5.591542370054593,-2.8243581416836716
-5.593596134262182,-2.8230826497571164
-5.595595761322466,-2.8217441890261576
-5.597479596199376,-2.820242356950052
-5.600204990504369,-2.818304384914942
-5.602437553496232,-2.816594779964471
-5.6046183715976285,-2.814966165649942
-5.606886759649126,-2.813416512120052
-5.6090242593958735,-2.812045500629577
-5.611222856763408,-2.810640712630402
-5.613314816466384,-2.8091393924299863
-5.615281028006097,-2.808037025731894
-5.617059296671947,-2.8070495167453346
-5.618844791173713,-2.806066630025368
-5.620311943321635,-2.8053099752332677
-5.622083425953702,-2.8049056759163906
-5.623729239931831,-2.804387997959074
-5.62510898854489,-2.804059336612364
-5.626422485152732,-2.803654131608899
-5.627959807066779,-2.8034511777011897
-5.629319014217975,-2.8038660443927474
-5.631049198625869,-2.804683085841598
-5.633274384226297,-2.804502989547718
-5.635060514881618,-2.8043210505077676
-5.636734424275411,-2.804308609198461
-5.63826916411392,-2.8041354073616374
-5.640367402067871,-2.804353266227953
-5.642318856539047,-2.8047995404896047
-5.644368068265819,-2.8055109822031716
-5.646513131204907,-2.806309213670429
-5.648701263005096,-2.8070672675892947
-5.651039194747164,-2.807747285339803
-5.653291122572259,-2.8083500163624446
-5.655340196880052,-2.808939634409188
-5.657640298062512,-2.809449537919067
-5.660480834772276,-2.8104474071381467
-5.6633643644492695,-2.8113995293995524
-5.6663583528896275,-2.8125217807371747
-5.669164508568613,-2.8134749019460243
-5.67162084057565,-2.814295054170521
-5.674298522807888,-2.814991049511608
-5.677403038331293,-2.8160723408471764
-5.680570954631052,-2.817336602426764
-5.683876723331126,-2.8189192448678346
-5.6871146204528,-2.820440969679107
-5.6901560069756165,-2.8218689288201415
-5.69315854533907,-2.823188472952486
-5.696019641732763,-2.8244338179778476
-5.69822062535868,-2.8263720436961743
-5.700625551556542,-2.8288150286000224
-5.703049776337237,-2.8312435562905165
-5.705603944000077,-2.833772003654773
-5.70799853532045,-2.8363192439850278
-5.7103404042683845,-2.838926449246835
-5.71248814343606,-2.8411041343732126
-5.714863084916617,-2.8435034316614316
-5.7172634815360865,-2.8457911590848664
-5.71960904463601,-2.84802941634118
-5.721970482045784,-2.8502701725924933
-5.724299363342617,-2.852577484602464
-5.726571946044632,-2.8546830655796853
-5.72856252339847,-2.8564917279300857
-5.730635630518925,-2.8580642462086985
-5.73282897929487,-2.8595510487393647
-5.735209145300299,-2.8613151707839863
-5.737468008575904,-2.862938517896758
-5.739660360388072,-2.8645884912041515
-5.7414423799560135,-2.866902385800049
-5.743074019393792,-2.8690921626918655
-5.744265786365329,-2.8708501112401907
-5.745682148068829,-2.8724493526908033
-5.746863130657104,-2.873768704169734
-5.747473525316288,-2.8761245113114025
-5.748182212193617,-2.8786396033946984
-5.748829651151157,-2.881109777618392
-5.74931581180155,-2.8833926331340747
-5.749631559383765,-2.885317802302769
-5.750012020211384,-2.886959255359262
-5.750237806718481,-2.8884211079546898
-5.7504058012487205,-2.889843555410716
-5.750465612075883,-2.8912462143078663
-5.750284405441386,-2.8923690707262675
-5.750201995503954,-2.8935438218898817
-5.749816740818494,-2.8942548371159833
-5.7492653790463395,-2.894773067722884
-5.7485549137829635,-2.8949635905818707
-5.747839481800953,-2.895232224848848
-5.746909915437052,-2.8952523692015077
-5.745957073331972,-2.895505613384446
-5.7449523026682545,-2.895477841585935
-5.743769903361092,-2.8952440089227602
-5.742144515572915,-2.895058316702612
-5.740714623748736,-2.8947347569705113
-5.738914179895978,-2.8940183016050343
-5.7370616703256445,-2.893315297219844
-5.735071971259788,-2.8923197210601144
-5.733244463956615,-2.8914892067389992
-5.731635550279682,-2.8904869589885105
-5.730200531727806,-2.8896560524874784
-5.7283881230170435,-2.888195527952957
-5.7264864980631796,-2.8867974886710708
-5.724313334849024,-2.885138979731307
-5.722401199125339,-2.883540581216023
-5.720550129503892,-2.881876079857794
-5.718562401189027,-2.8803444333953636
-5.7163450412144545,-2.8786055090001583
-5.714368632959037,-2.8767885014459322
-5.712316048013043,-2.874883252037898
-5.710093098003465,-2.8728241757600435
-5.707893407413724,-2.870703658276513
-5.705614781103164,-2.8686668721052677
-5.703608019215472,-2.8668755460526882
-5.701873440474182,-2.865068855410111
-5.700019773584335,-2.8633519156624483
-5.6981427601174435,-2.861060882343637
-5.696056217409714,-2.8585644383980027
-5.693993594042683,-2.8560505184315996
-5.692287902654768,-2.852674224598263
-5.690974904273158,-2.84965221151216
-5.689850303434043,-2.846749741356617
-5.688673715507834,-2.8439759789070482
-5.687488601566187,-2.841194340657188
-5.686223171139401,-2.83833508993339
-5.684865223538235,-2.835286201852293
-5.683549107401423,-2.8322955139989006
-5.682459900373274,-2.829553978667897
-5.681403796308879,-2.827088031024809
-5.680654528312092,-2.8246432094162066
-5.679942536901386,-2.822225888945509
-5.679097388549529,-2.8196390730520275
-5.678224443800751,-2.8171678731834455
-5.6774564517533035,-2.8148714932525003
-5.676688394542486,-2.8125749184759914
-5.676469221763048,-2.810751983799502
-5.676319990066231,-2.809093233929212
-5.675979850325964,-2.80746205193753
-5.676000975147977,-2.8051870012828735
-5.67623855320465,-2.8029125410030025
-5.676639201330667,-2.8005313287333076
-5.677203052147403,-2.798297053978697
-5.677918540947096,-2.796256314534557
-5.678677259053478,-2.793767791762017
-5.679388535077186,-2.7914578280284457
-5.680340203991954,-2.789366495582407
-5.681141554403723,-2.787079076994237
-5.682002126582435,-2.784860398873534
-5.682989353249645,-2.7824059748927388
-5.683925169315987,-2.780222207283332
-5.684908728429031,-2.7780938652611704
-5.686141657645941,-2.7762600565686744
-5.687262330730727,-2.7743099263888493
-5.688410521175906,-2.772391698526376
-5.689539452609315,-2.7702417160850197
-5.690618936512822,-2.768119637946704
-5.6916715834082225,-2.7659662154927647
-5.692761381103347,-2.763893126574582
-5.693650280007758,-2.7619483612860756
-5.694372873472435,-2.759809819349557
-5.695380099326286,-2.757643493273686
-5.696539382266875,-2.7552165694076645
-5.6971878003230225,-2.7523260922804247
-5.697307017145436,-2.7488600710283024
-5.697372775001214,-2.7454319400801093
-5.697191164903338,-2.7417804921051334
-5.69622532777234,-2.7378280506221544
-5.695346026088112,-2.734049486883118
-5.693799803924708,-2.729623579932764
-5.691795987756544,-2.7246636765901333
-5.6896266099605715,-2.719501299812376
-5.686610579373572,-2.713663474850797
-5.682997038267926,-2.707128240941518
-5.678848608464297,-2.7009469729381084
-5.6732346141196945,-2.693269506879412
-5.667267570640367,-2.686100128009136
-5.661142819903851,-2.6787224751671515
-5.653820981164006,-2.6702701370510247
-5.645456596842124,-2.6622608826681597
-5.636509382930481,-2.6538699749057044
-5.626775001579,-2.6447725015008134
-5.616611271014359,-2.636250800001452
-5.606404647494096,-2.6275140362144764
-5.5954513784028075,-2.618084471227763
-5.58394209629857,-2.609056999894979
-5.572492816279143,-2.5996724453511755
-5.5607941225863735,-2.5899126480173855
-5.548711164936563,-2.5797919955779554
-5.535839461928704,-2.5705442199467763
-5.522750522367227,-2.561293675117062
-5.509424840654863,-2.551828727574326
-5.496138370837607,-2.5423952754231265
-5.482810631940519,-2.5328949146083084
-5.4692657925980175,-2.5232380476873106
-5.45551342413773,-2.513591528849221
-5.441478702813219,-2.5036381985308576
-5.427716638215584,-2.4939292559006665
-5.414256191350915,-2.484293903657873
-5.400492923279519,-2.474711215736855
-5.386562592558276,-2.4650206949681084
-5.372420375549801,-2.4551114580416065
-5.358130699704119,-2.444948337620162
-5.344094875012434,-2.4347997630783063
-5.330462080812431,-2.4250394172415572
-5.3168956472070255,-2.4156029544189432
-5.303651238063268,-2.4059419180763633
-5.290939426766308,-2.3967646285596373
-5.278140586695685,-2.387431293522785
-5.265562484742346,-2.37795283048258
-5.2537427895074655,-2.368807154940827
-5.242002849528703,-2.3600807510201687
-5.230420911685726,-2.3513799526049017
-5.219942905760775,-2.3436722842610953
-5.20985028588027,-2.3364102595316365
-5.199763600295129,-2.3291454341797815
-5.1903770566875975,-2.32256648631147
-5.1817752027717505,-2.316482005885623
-5.173404849574869,-2.3105534886779995
-5.1661763633067945,-2.305652640011715
-5.159506790959738,-2.3014755748648046
-5.153083882615727,-2.2976445453684464
-5.147801694882372,-2.2948402844185902
-5.143185030614377,-2.292610045472043
-5.139519345678177,-2.2905174031023936
-5.137516166667414,-2.290083299645033
-5.136043519605773,-2.2892565460653342
-5.1349836719001285,-2.288906453129939
-5.135586412646006,-2.290053632229498
-5.136828590456382,-2.2907271359533943
-5.139092684010964,-2.2925809929406538
-5.142217587186178,-2.295210118693931
-5.145808626005245,-2.297556418509493
-5.149818629014582,-2.30048489001862
-5.155098734754455,-2.3045571640596774
-5.161433034853444,-2.3088532176712833
-5.1674192552765925,-2.313531836749597
-5.174074407864988,-2.3188898413940424
-5.1812990495112325,-2.3247900265596897
-5.189073813471052,-2.3302845031871042
-5.197135567312537,-2.3360597469578437
-5.205612054524814,-2.342255142464729
-5.214091466915691,-2.3484491169658517
-5.222934483305824,-2.354984177934191
-5.2322699108416995,-2.361995427937169
-5.241628962188513,-2.368990502203392
-5.251072273121706,-2.376111546510667
-5.260571584264455,-2.3833184971454426
-5.269868560125322,-2.3906744390515544
-5.279390410649932,-2.3982563297485635
-5.289045507929285,-2.405942815124682
-5.29872846251355,-2.4137877607015334
-5.308627402401151,-2.421877245768129
-5.318256955134194,-2.4299011877117187
-5.327635197936451,-2.4376211929402163
-5.336295806180448,-2.4458625135755634
-5.344526216604135,-2.454228663744905
-5.352342040930724,-2.4620653476493937
-5.3599445806066,-2.4696547579751518
-5.367482463183105,-2.477529073875174
-5.374628836343431,-2.485273573120617
-5.381536923419184,-2.4927417786935786
-5.3877434477177175,-2.500167114496341
-5.3931581202661185,-2.507160048541441
-5.398407980491802,-2.5139618730412523
-5.403620076791653,-2.5209369049361166
-5.408306645216487,-2.5274909920477584
-5.412805512647053,-2.5342407697030924
-5.417112917096954,-2.5407742376116573
-5.420939865857748,-2.5469034966356303
-5.4246847312038105,-2.552859303827595
-5.427890180463468,-2.5582584250993934
-5.430603341307654,-2.5634172205076196
-5.433092136161797,-2.568510942256911
-5.435139503446498,-2.5731023547601573
-5.437018680638262,-2.577542151230114
-5.438817429156789,-2.5819871220281887
-5.440037979300662,-2.5864097080953377
-5.440385883735098,-2.5900455064896297
-5.440825993559182,-2.5933631737653733
-5.440343039796938,-2.5965116985755565
-5.439506145542007,-2.5996714450978295
-5.438691772918754,-2.602634609202957
-5.437739314746485,-2.605339788933429
-5.436141622673655,-2.6078257364905726
-5.433815687326315,-2.609522033295577
-5.431430653742489,-2.6108454034021924
-5.428563125776698,-2.611915304398782
-5.425348352792529,-2.612643122827612
-5.421974638823282,-2.6135195077424247
-5.41841035203146,-2.61420797546144
-5.4146148832617635,-2.6146421355040865
-5.410575368016358,-2.6148028656226976
-5.4059076749368575,-2.614911556067777
-5.400676968931654,-2.614479592518853
-5.395530087693766,-2.613960132489972
-5.390355913568275,-2.61364305303002
-5.384879649036681,-2.6130107734143486
-5.379285807585055,-2.6124635332548523
-5.373545195507018,-2.611780259231541
-5.36756378968508,-2.6108528049115556
-5.361743846649542,-2.6098085541713103
-5.355903819982673,-2.6087465757867747
-5.34988107731382,-2.6083063400554614
-5.343729599339735,-2.6078274712888088
-5.3380521721902765,-2.6066323858626697
-5.332388070830347,-2.6054250498724434
-5.326761176399961,-2.60440767376709
-5.321594500165109,-2.6036773025156643
-5.316326827067268,-2.602865972335615
-5.310776819425401,-2.6019890794446088
-5.305418789432505,-2.6009537845240573
-5.3001770539816535,-2.599969546890803
-5.295268615296195,-2.5990070732970114
-5.290577445617526,-2.5981946386262558
-5.28589044347084,-2.597408441666146
-5.281324655953834,-2.5966240666024
-5.276919940108537,-2.5956628442608136
-5.272495593975297,-2.594673804035158
-5.268155818396203,-2.593732874247334
-5.263900153725686,-2.5929638976509066
-5.260101747071476,-2.5926559445316624
-5.256663276408236,-2.592471321073516
-5.253617232584526,-2.592328008266182
-5.250496416122076,-2.5921088991710395
-5.247409423398495,-2.5919344063472973
-5.244304234452031,-2.5918262969271364
-5.241267304381754,-2.5918604522343256
-5.238831131213536,-2.5924401391962317
-5.236700758309274,-2.593370141728127
-5.234923204803679,-2.5937983926743504
-5.233381974040893,-2.5941110543354684
-5.231998961782897,-2.594588431837512
-5.230612946609781,-2.59480171582955
-5.229600995953264,-2.594992042274912
-5.229225982834988,-2.5958627989716865
-5.229041216803495,-2.597013920890582
-5.229647304964049,-2.598744073592356
-5.230634849688917,-2.6005762844538163
-5.231935350106966,-2.6027665319612314
-5.233334891874754,-2.6050626622332222
-5.2349480461277444,-2.607285349679819
-5.236766122969435,-2.6097424529375153
-5.239439654382377,-2.6124615636788167
-5.243072899683594,-2.615191971442444
-5.246836826102803,-2.6180716693625126
-5.250982115784726,-2.621070651897044
-5.255781619815744,-2.623872434543029
-5.260672297402239,-2.6264507724918933
-5.266086473321321,-2.6286302959514085
-5.271847294026307,-2.6311239801551025
-5.277368608897756,-2.633490624334816
-5.283171912525856,-2.635651190368894
-5.2896054840585816,-2.6376267484165794
-5.296090651267702,-2.6396406294371237
-5.302524135892143,-2.6416939194641205
-5.308966579381153,-2.643778880731942
-5.31518874246147,-2.6456416465300747
-5.321417977112486,-2.6475010411538715
-5.327921795119657,-2.6495978241613964
-5.334803142634822,-2.652086203652344
-5.341313897796373,-2.6548445946990396
-5.347964529731023,-2.657782869094299
-5.354488901517057,-2.6606142709032596
-5.361007368807673,-2.6634515858404826
-5.367476429697587,-2.666220800243698
-5.374173292613183,-2.6692641574127025
-5.380573002480766,-2.6725233579245686
-5.387163082223604,-2.6759647038975793
-5.393795711476098,-2.6794707021831385
-5.400441679304589,-2.682968459912616
-5.406702180653543,-2.6860695317078394
-5.412986364575328,-2.689255321016907
-5.419346085134353,-2.6920365713726286
-5.425861253250123,-2.694837260465227
-5.4325267721939,-2.697759497393279
-5.4393188205691185,-2.7007388297629142
-5.446098947977428,-2.7035285836014884
-5.452776712251599,-2.706269106044734
-5.459276815889638,-2.7088204019250277
-5.466084957653477,-2.711733032391758
-5.473056674869401,-2.714793660153949
-5.479757733979696,-2.717883923059502
-5.4864332620854785,-2.7212084768508933
-5.49325223252309,-2.7246628091300567
-5.499644756232233,-2.7276241141178477
-5.506281383329802,-2.7308035137783873
-5.512219485148061,-2.7333067311628985
-5.518163537311561,-2.7358057438445007
-5.523713268258367,-2.7378492894974777
-5.5295088902034575,-2.7401149438734294
-5.535259128016671,-2.7424134865141405
-5.541138248265955,-2.7448606926025483
-5.546470481243006,-2.746813575500344
-5.551577176986129,-2.7489276363065405
-5.556351925866622,-2.7506578526138847
-5.561259797774036,-2.751791196797222
-5.565718148933405,-2.753245356701921
-5.570265695517283,-2.7548028700422917
-5.5744562951613,-2.7569170725788825
-5.5788832720833685,-2.7585165094651924
-5.58329667157583,-2.7601003982561236
-5.587228073083095,-2.761711378585172
-5.5910097309803755,-2.7629283739425152
-5.594756143721839,-2.764104836135858
-5.598737518726753,-2.765326263030919
-5.602920875595662,-2.766560458350725
-5.607141303765988,-2.767837809187193
-5.611042231548668,-2.769046876088485
-5.614597981658806,-2.7697039721390087
-5.617812144432692,-2.7700001128764926
-5.62133248887539,-2.7702488055111893
-5.624907409819278,-2.7705469022999325
-5.628494323517772,-2.7705727242411853
-5.631905580242402,-2.770543353185374
-5.635118640713062,-2.7705855558308334
-5.638311481831026,-2.7699268069355085
-5.64151091968019,-2.76907911739733
-5.644922040540579,-2.768049711323705
-5.648314268960778,-2.7669985661435623
-5.651530523670199,-2.765716556477032
-5.654854851454265,-2.7645093013115294
-5.65810226337608,-2.762875883663078
-5.6610907631058565,-2.7618218018999214
-5.663879803812854,-2.760676289563841
-5.6667169717807955,-2.759158922667123
-5.669624977182063,-2.7576846029482565
-5.672723719686645,-2.755895165661313
-5.675602045296723,-2.753927723125355
-5.678194909414214,-2.7516892895676954
-5.680297548214872,-2.748879376380963
-5.682402525626738,-2.7457456875925637
-5.6847300226352715,-2.7425148077304153
-5.686929290569231,-2.7391333702848835
-5.688839449326368,-2.735474262545053
-5.6904940250184985,-2.731585302290828
-5.691679525179674,-2.727148227879278
-5.6929870942332705,-2.7226466158582765
-5.694557028956338,-2.717753786739529
-5.6963075577264,-2.7130706319939715
-5.6976541332013975,-2.708098073047195
-5.698909227798985,-2.7032372084512892
-5.699857306448897,-2.6980167846398917
-5.700855581248043,-2.6927582898040967
-5.701263288629854,-2.6874685204145523
-5.701911185302116,-2.682459003230807
-5.7023152802248935,-2.6777288552658343
-5.702774447818932,-2.673122396296664
-5.703069032105474,-2.6683226031824807
-5.7032025384977185,-2.6633817195019844
-5.7025571883368995,-2.6584717694944975
-5.701903320935718,-2.6535514799712785
-5.7016440511385245,-2.648665753508668
-5.700842800247801,-2.6435024822925945
-5.700110712899378,-2.6384123158931088
-5.698921805869118,-2.6328229074826135
-5.697434734216475,-2.627136104603433
-5.696198015191858,-2.621364273117188
-5.694924050271929,-2.6154970144654355
-5.693197496629895,-2.6094685886930082
-5.691683002956797,-2.6035063945311525
-5.6908302151270584,-2.5963006318844832
-5.6896286365184885,-2.5886763966769295
-5.688362212266056,-2.5812712404427023
-5.687446630347397,-2.5737931036474557
-5.686444545078508,-2.565918034404007
-5.684752810001172,-2.558033051597073
-5.683387352391657,-2.5500989559728975
-5.681071764747265,-2.5415231092454817
-5.678289637498716,-2.5325046207229147
-5.675538296160555,-2.52381927951152
-5.672590437057484,-2.514901709729471
-5.668885826041079,-2.50559910928315
-5.664860411765798,-2.496390878948546
-5.6606225363315055,-2.4869318810394
-5.6554892959432586,-2.477090690874907
-5.649654845438545,-2.467514673776421
-5.643850590567164,-2.4579741635633208
-5.637893104142693,-2.4482299597557056
-5.631741365011851,-2.439101477502506
-5.625883805198814,-2.430319766580859
-5.61932587323122,-2.421240752769247
-5.612269068548649,-2.412462678146646
-5.605231931752316,-2.4037078426140575
-5.598076901795672,-2.394865160134827
-5.591589538676141,-2.3855161531568356
-5.585559487437125,-2.376706691709233
-5.579312462104411,-2.3678783546278197
-5.572496899759359,-2.3594083858671686
-5.565376548253803,-2.3506346176667785
-5.558324908609779,-2.341869455033144
-5.551426293281772,-2.332893513247558
-5.54477636581345,-2.324210993191038
-5.538034422914606,-2.3154814903405803
-5.531376569956121,-2.3067702420140606
-5.525003121577908,-2.2978071503178557
-5.518645718994476,-2.28907260045109
-5.512170074983242,-2.280228105983914
-5.505896317531602,-2.2715447415766836
-5.499752426296147,-2.26297319397971
-5.493915288069809,-2.2546694554781124
-5.488353323673801,-2.24651452276593
-5.482614928878962,-2.23852160773984
-5.477775106363529,-2.230186023778439
-5.47283318516628,-2.2217379779129964
-5.468449077573102,-2.213511125316629
-5.464523903066151,-2.205692469886647
-5.4603865337688555,-2.19800421024372
-5.4564088549340175,-2.190629364484417
-5.45285782246274,-2.183633825093381
-5.4490509045902495,-2.1764815523996424
-5.444567499935889,-2.170381662957362
-5.440712070438988,-2.164952146894335
-5.436976699159557,-2.1596593538315356
-5.433127913850793,-2.1544511215460815
-5.429470753247253,-2.149485285997412
-5.426013009069877,-2.1446291553077357
-5.422540880163202,-2.1397843474506706
-5.419494602616821,-2.1354927415115896
-5.416920282551713,-2.1316488044563595
-5.41459632664393,-2.1276207168572387
-5.412621392134154,-2.1239870397769187
-5.411092105495302,-2.1207120740216365
-5.409787386481459,-2.1172715167599447
-5.408546622222869,-2.1139886995275337
-5.407891465782041,-2.111212151512921
-5.407910860883587,-2.10793678259899
-5.40798600038727,-2.1047307369773565
-5.408531651385207,-2.1012796580783073
-5.409335377018112,-2.097637784082799
-5.409637373274546,-2.0934893746682004
-5.410444808771885,-2.0897687339591995
-5.411697995049673,-2.0856973894141726
-5.412623114409172,-2.0813344834667804
-5.4136383456394785,-2.0770792633463793
-5.413903082942737,-2.073148947923188
-5.413791447382367,-2.068827145908955
-5.413789542210778,-2.0646026852069617
-5.414039054107771,-2.0606436514101447
-5.4139799051333695,-2.0564114010770194
-5.413646336460327,-2.052325676274957
-5.413102411203033,-2.048393499232809
-5.4124214453398265,-2.0443312080387748
-5.4115988790817635,-2.0404902751385126
-5.411085922782961,-2.0370167114278503
-5.410068874151761,-2.0335950283926136
-5.409006831746376,-2.029968935824283
-5.407783006267542,-2.0261509991330033
-5.406434844914813,-2.022288741594741
-5.40495601074442,-2.018319261000566
-5.403327051604506,-2.0141717059455546
-5.401524445734839,-2.0102083061234204
-5.3998232901615415,-2.00633457604886
-5.397947251607181,-2.002935410531972
-5.395986189746838,-1.9994352324001412
-5.393595721264103,-1.9959263535053404
-5.391112710265086,-1.9920531151345435
-5.388452321971282,-1.9879691913545496
-5.385971971614724,-1.983938943519517
-5.383844379234397,-1.979718911100663
-5.3818563384003175,-1.9756645607545924
-5.379706719298487,-1.9716770424461183
-5.377411696776175,-1.967403529841436
-5.374794439388037,-1.9627470828049833
-5.3721623448446225,-1.9581355502302724
-5.369580835080255,-1.95356753725875
-5.367345498840561,-1.9491836652209293
-5.364745697198517,-1.9447459629285546
-5.362339428027764,-1.9404380840942295
-5.359529357637746,-1.9357431401115563
-5.35679685880316,-1.9309897462904502
-5.353798488055565,-1.9259297757240172
-5.351492294688554,-1.920220440776802
-5.348934107691131,-1.9147561166007392
-5.346408193507514,-1.9093202229375423
-5.343921051966516,-1.9039304449484475
-5.341110784998296,-1.8987827008609153
-5.338185722964801,-1.8935339415744383
-5.334947949912323,-1.888658033517211
-5.331792272173949,-1.883720567591781
-5.329161968272379,-1.8792764780998539
-5.326656151005172,-1.875004184484092
-5.323988141529148,-1.870874462391204
-5.321426150027495,-1.866838057470695
-5.318752739326683,-1.862635867128657
-5.316482687561049,-1.8587809771968289
-5.314449538543654,-1.8551345731777715
-5.312538331968989,-1.8516323638907446
-5.3101780498709665,-1.8482641414733592
-5.3080394996344165,-1.8450910260242996
-5.305965404824385,-1.8415053120878948
-5.303891972889184,-1.8379848435600954
-5.301763322855455,-1.8344157620074837
-5.299927516749994,-1.830839626122572
-5.297746083051825,-1.8273034549069107
-5.296349495959285,-1.8231242111876256
-5.294858756461718,-1.8190271829975617
-5.293466516701931,-1.8150475642216044
-5.292107530546736,-1.8111801636486924
-5.2904631520505285,-1.8070540624472402
-5.289058079288434,-1.8032132199678772
-5.287596814438334,-1.7993626449890603
-5.286179128720304,-1.7955506534957792
-5.284363688670633,-1.7919292535758096
-5.282694486529769,-1.7885592024744668
-5.281104528789269,-1.7852590562392445
-5.279218248840757,-1.7819428305250453
-5.2776026774795,-1.778798545887165
-5.275822437472414,-1.7755099939086498
-5.273638013092029,-1.7725274377609088
-5.271291953783171,-1.7693522699050779
-5.2689925985737815,-1.7662183210589193
-5.266603541859107,-1.7631530174255132
-5.264544652517912,-1.7604813648954254
-5.262236438291027,-1.7577023444550943
-5.2597181575584395,-1.7550892407802605
-5.256965151913556,-1.7524237967252168
-5.254602972107065,-1.7501785702652033
-5.25217369095703,-1.7480120848336156
-5.249990877290342,-1.746156539404428
-5.247828090584941,-1.7446260229798505
-5.245835028600827,-1.7433182529575681
-5.243196719487368,-1.742856735557673
-5.2407865929785205,-1.742103963691113
-5.238715653677201,-1.7416488043981013
-5.236505780271385,-1.7413088672301797
-5.234618117306291,-1.740975620986535
-5.232933841593393,-1.740820767341621
-5.231315592409766,-1.7406817563044479
-5.22989715609434,-1.7405041637571008
-5.228213954430501,-1.7400937482543597
-5.226196015111837,-1.7396701839933533
-5.224442894251375,-1.739226857368567
-5.223212185860379,-1.7392423502438228
-5.222187072735489,-1.739353034300198
-5.2213103267173295,-1.739772400231432
-5.220120460376028,-1.7402695231509944
-5.218817893877377,-1.7406320642916395
-5.217936452155262,-1.7406756585530103
-5.217353808265087,-1.740981726019416
-5.217095930635274,-1.7416741280427672
-5.2166038230677,-1.742710380788543
-5.216251378000835,-1.7439040588222419
-5.21590350936718,-1.7450673886125159
-5.215633307124656,-1.745873736269954
-5.214703769496748,-1.7475454247678144
-5.213715165959782,-1.7491650515096158
-5.213030247986975,-1.7511457049279215
-5.212433076152509,-1.7530597723960666
-5.2123607926089335,-1.7554105119964976
-5.211963345449834,-1.7578705003489161
-5.211754577472994,-1.760286009674387
-5.211311848709272,-1.762495569338913
-5.210981796977092,-1.7647295831615855
-5.210674334918608,-1.7669139784764805
-5.2106497508316405,-1.7693472239767376
-5.210569860062811,-1.7720622757771254
-5.210474363642401,-1.7749083794045408
-5.210548073926262,-1.7779031657207383
-5.210679412046559,-1.7808541867087835
-5.211204691040695,-1.7842728194173432
-5.2116335497245965,-1.787606249491046
-5.212060267360543,-1.7909744899416007
-5.2126224334226405,-1.79442852349764
-5.212830240891163,-1.7987343186688598
-5.213466516714427,-1.8031355809360532
-5.213961157872747,-1.807873699211835
-5.214115354471691,-1.8123114966634102
-5.214270773350722,-1.8166402673611177
-5.214452328010535,-1.8209489836358015
-5.214578597248273,-1.8251558861094819
-5.214938326447649,-1.829628437745259
-5.215204587025668,-1.8341712156875507
-5.215605225938262,-1.8388418710373433
-5.215800230334364,-1.8432976289271095
-5.216137562016281,-1.8476457940204714
-5.216207211689231,-1.851718815701701
-5.216259329756461,-1.855794348152847
-5.21610666669364,-1.8600239624288513
-5.216115184523745,-1.8643783366637212
-5.21623683598641,-1.868827172798811
-5.216478050529208,-1.8731857849132576
-5.216504808838508,-1.87732711067362
-5.216176325348141,-1.8811396080522775
-5.21577573459793,-1.8850062201250357
-5.2151381227948646,-1.8885988128479538
-5.214797825077948,-1.8921132106206648
-5.214247073900419,-1.8957692137190845
-5.2130388947729145,-1.9002880641053117
-5.211617021753592,-1.9045743840996905
-5.209891237099007,-1.9088248508233918
-5.2085908821747156,-1.9128915682005248
-5.207138099269534,-1.9167884606463608
-5.205275013996947,-1.9208067922300065
-5.203432976247429,-1.9248496891299232
-5.201734700771122,-1.9289016718262573
-5.20012790988154,-1.9329703728001533
-5.198462551896126,-1.9369699101412148
-5.196611010805987,-1.9408652744105486
-5.194404964775722,-1.9446635047088303
-5.192383395916459,-1.948187950639317
-5.190419626300174,-1.9517487570959184
-5.1884162767736095,-1.9554564481105488
-5.186541793001857,-1.9594235640257134
-5.184720828940025,-1.963442650375763
-5.182677631891588,-1.967363873603548
-5.180850896395033,-1.9711955565168116
-5.178903408507079,-1.9749020034457865
-5.1767168620109505,-1.978592103763523
-5.174598826327616,-1.9822858920005653
-5.172466109207013,-1.98582406321742
-5.169664390811349,-1.9904808343911684
-5.16690031658916,-1.995156991618826
-5.163792260975234,-1.9996921266513275
-5.1611509772301165,-2.0034680021734603
-5.158230757422258,-2.0069166995094534
-5.15567172858863,-2.010094506976289
-5.153443383234978,-2.0135668123714585
-5.151452713458961,-2.01731758831685
-5.149448997066035,-2.021078160270779
-5.147343904140238,-2.0247484370683377
-5.144942841809686,-2.0280724770402587
-5.142672497207751,-2.031298586379675
-5.14022446634043,-2.034366488117368
-5.1380078049917755,-2.037704987864548
-5.1358968107941605,-2.040964307152092
-5.134172758713071,-2.0445688677299017
-5.1322307454667895,-2.0479190735343957
-5.130255807063529,-2.0512940602207093
-5.128052904150136,-2.054492982402596
-5.125908118561657,-2.057682226931131
-5.1238288632827,-2.060799293052227
-5.122087672595047,-2.0642184667442103
-5.120137410723671,-2.0678892272851597
-5.1174726677346705,-2.0725511691840746
-5.1149184094730105,-2.0773369408064406
-5.112285776117224,-2.0820427812052977
-5.109773920366001,-2.0866585049101074
-5.108026663923719,-2.090677946473443
-5.1063533071303695,-2.094803532975217
-5.104818810188139,-2.0988252482370897
-5.103202416874632,-2.1027518050727276
-5.101898902081761,-2.106958614230609
-5.100691756334336,-2.111093506544954
-5.099873846543505,-2.1156810607571708
-5.098791721366497,-2.120031980950543
-5.0976093265462845,-2.1244578241149323
-5.096180299194512,-2.128597184944155
-5.0951359408070065,-2.1330814382478165
-5.09431749308377,-2.1377563852785517
-5.093619601717299,-2.142558128686424
-5.092729621215246,-2.147165546886925
-5.092055576417045,-2.1516118121584102
-5.091203794683894,-2.1558500320132845
-5.090360027092913,-2.160107416353462
-5.0894222225984,-2.164435151649811
-5.088667929826221,-2.1689179152330134
-5.087534508005045,-2.1740654594850883
-5.0864468413366,-2.1789996611026528
-5.085237592163758,-2.1838179239343147
-5.083933636285399,-2.1886606184302795
-5.083330619429093,-2.1924900825000466
-5.082970246285732,-2.196526898912172
-5.082788095814192,-2.2005793524964816
-5.082553871744086,-2.204750054099018
-5.08254323602717,-2.2091382284485723
-5.082400742317058,-2.2135675370279757
-5.08197476360573,-2.2178402656243787
-5.081687768316429,-2.222250154894763
-5.0812894005055025,-2.2267430403182873
-5.080900872167904,-2.2312516607398543
-5.080806732055736,-2.236050362221788
-5.080666790995254,-2.2408832037048123
-5.081009998133578,-2.246254577392953
-5.081191877426918,-2.2514496907956025
-5.080931195678477,-2.256973653261329
-5.080617228682536,-2.262498242929119
-5.080884813380038,-2.2685862851264624
-5.081086340533038,-2.2747229220224736
-5.081414631790228,-2.282197097203882
-5.082028730119726,-2.2899952193367854
-5.0823483535924625,-2.298034274959375
-5.082865214176812,-2.306353373509181
-5.083691421687133,-2.3149713966309946
-5.085550492179509,-2.3229600831999124
-5.087344980502912,-2.3308249189390593
-5.089633037437191,-2.339134501460736
-5.092282704839674,-2.3477074824611894
-5.094624010621903,-2.356160762500008
-5.097086783199991,-2.364722677474837
-5.099614393493705,-2.373306147386607
-5.102229810527772,-2.3816766626469317
-5.105015867378803,-2.3902006195328185
-5.108222188605811,-2.3988316706124775
-5.111098564811717,-2.407221471942849
-5.114341300808759,-2.4159422592281854
-5.117746110527343,-2.4247330178940643
-5.12123279670466,-2.433618835893533
-5.124743603936846,-2.4425257539511875
-5.128648764563599,-2.4517324179963107
-5.132469416206268,-2.460916948578868
-5.136811957767988,-2.4705937971940726
-5.14125738156264,-2.480585251014246
-5.144900072369485,-2.491691531928509
-5.1483884878532535,-2.5028261700396492
-5.152364664338647,-2.5141489811065787
-5.156644241354749,-2.5258705123806005
-5.161553959151545,-2.536829223162807
-5.167444045408086,-2.5488027344183184
-5.173627491023762,-2.56071118845279
-5.179956778440765,-2.5727855412216947
-5.186651386546791,-2.585100924084104
-5.193569569625416,-2.596783796388774
-5.2005829809794974,-2.6085749354769154
-5.208015149226807,-2.6205819367258543
-5.215497774995801,-2.6322872539858633
-5.223073136890314,-2.6440980870811632
-5.230995144027463,-2.656125949029242
-5.238812668204543,-2.6676272708207036
-5.246993966935333,-2.6792530726027235
-5.2552596294829765,-2.6909494077183247
-5.263590201528995,-2.702276245190906
-5.271985245886008,-2.713521486446661
-5.280406513990555,-2.7246983345324463
-5.289160260882866,-2.73570086012096
-5.298577240397637,-2.74682692773293
-5.3068471793264615,-2.759114935362934
-5.314725458620337,-2.7710466921115113
-5.323312375631644,-2.782471707775659
-5.331809894883406,-2.792578924939368
-5.340249971789464,-2.8026342433768647
-5.349133566661995,-2.812374794244276
-5.357751753401987,-2.821812747900901
-5.366692437843522,-2.831100648706105
-5.375729684591324,-2.8397379669746496
-5.384699465100343,-2.848345611745647
-5.3932913713336355,-2.8566087075809086
-5.401930488246004,-2.8643510001967707
-5.411066306077222,-2.872341227110524
-5.420222517917516,-2.880355272064367
-5.429561815095891,-2.888175943480474
-5.438768004980967,-2.896147489804017
-5.447698805729922,-2.9038758180898747
-5.456529680990662,-2.911276595123855
-5.465588106188385,-2.9187641181485975
-5.474646562648168,-2.9265244300608604
-5.4839923007237985,-2.9345587006522935
-5.49327616172363,-2.942642654189971
-5.50203622056595,-2.950874019883663
-5.51073388766434,-2.959033430333068
-5.519427770615726,-2.9671339133396897
-5.527440151610547,-2.9749995717531097
-5.535517966758077,-2.9829394957784396
-5.544769862280105,-2.990089427989213
-5.554062798013857,-2.997214447204707
-5.563609955822057,-3.0047072355805393
-5.572684588016,-3.0117474752563442
-5.581940498267929,-3.019360978169843
-5.590378128983925,-3.026008596042557
-5.598967125146248,-3.033126242580451
-5.607857894543863,-3.0405883671715737
-5.616523783831573,-3.0476982639405286
-5.625141890049722,-3.055604001071891
-5.6339844916250215,-3.0637662020927534
-5.642688335944294,-3.0715021367015263
-5.651282861949566,-3.079487456173507
-5.6599445729902245,-3.087549415979092
-5.668944409609896,-3.094903321943517
-5.678193878281787,-3.102862492904491
-5.687402005729875,-3.110773926222437
-5.696989727880167,-3.1178478052499594
-5.706931861920898,-3.1246758186155943
-5.717026820329612,-3.1316470789642645
-5.72643504865419,-3.1379336521563888
-5.7367250026100844,-3.143607978383638
-5.747027914043623,-3.1492189100155756
-5.758066740889062,-3.1531859440284125
-5.7702429734635166,-3.15631025022093
-5.782220312383852,-3.1599655853094664
-5.793632039775219,-3.1629689593041803
-5.805793843353263,-3.165013141014665
-5.817801359247263,-3.1671320975412414
-5.829341200451939,-3.168709058661572
-5.8414818770155845,-3.169263910781219
-5.853564043079542,-3.1704329159013884
-5.8652110954560746,-3.1710949272749183
-5.877329619620492,-3.171306455390652
-5.888724444956128,-3.1713172404425576
-5.90031097342571,-3.1705978719712236
-5.911640565333088,-3.169574417945673
-5.92274985504409,-3.1686996353028944
-5.9341978636244335,-3.16754409654145
-5.945293545109257,-3.1659726630964027
-5.956167388396446,-3.1643813840029296
-5.967719403522969,-3.161395451624635
-5.979638340359291,-3.157617093061146
-5.9909978750384205,-3.1532403151031607
-6.001965748008705,-3.148392797289283
-6.013573786177251,-3.142890775012443
-6.024364565271922,-3.136426345101142
-6.035083125650114,-3.129886681632969
-6.046266818977785,-3.1230267613851854
-6.057061598630805,-3.115699372862766
-6.066969308382434,-3.1075618309906448
-6.077071430652852,-3.0992893640125563
-6.086204114437093,-3.0898675923947416
-6.095067010937029,-3.0800914481160913
-6.103441160182983,-3.069959993802104
-6.111611299968756,-3.0597543401895013
-6.119182159547964,-3.048997774959174
-6.1261145364619844,-3.0377205567554837
-6.132823294496714,-3.02633952193555
-6.138515466352189,-3.014035096691028
-6.143103239303346,-3.0017647646184344
-6.147703831108931,-2.989855114235503
-6.151995395543308,-2.977658381097531
-6.155658442021624,-2.965653182700868
-6.158743725132411,-2.9541719915910423
-6.162979989928898,-2.9397300895663787
-6.166702937465078,-2.924776769203169
-6.1695940743812585,-2.9107984547653687
-6.171844825120265,-2.8972560020187363
-6.173891836461722,-2.883526735647872
-6.175938432353973,-2.8704574813616457
-6.176658534259768,-2.8581269601938453
-6.17661593347396,-2.8454427508068787
-6.176485169058503,-2.8327169278295705
-6.174864719265477,-2.8210272706595645
-6.172777446599872,-2.808856381928828
-6.171284631238752,-2.7975160578154274
-6.168841016088948,-2.7870236106264015
-6.1659339880043875,-2.7768921682481778
-6.163004910887148,-2.7668453487533986
-6.158893477101915,-2.757279157431756
-6.154055747871278,-2.7476477107523984
-6.149560662671316,-2.7384710417997766
-6.144487499995285,-2.729660640714276
-6.139564201851267,-2.721445201189848
-6.133841020732676,-2.7134313844580773
-6.130255459354924,-2.7028468896857847
-6.126381530781131,-2.6919199436353978
-6.122080656872415,-2.6813020337921905
-6.117600675832223,-2.6706320988820447
-6.112976396001894,-2.6597579326415386
-6.107779531102939,-2.649955385968654
-6.101943153635404,-2.6404324982434155
-6.096153701227049,-2.6309675223048665
-6.090757791713658,-2.6219796722811672
-6.084600330511126,-2.612925102036134
-6.07853866564072,-2.6039865701128053
-6.072804693385659,-2.595019638259545
-6.066875310549666,-2.586222892879183
-6.06109035055385,-2.577600567484666
-6.055788111805648,-2.5694281135371027
-6.050350904691778,-2.5613183816603606
-6.045058027061179,-2.5533829199966123
-6.040224111430255,-2.545501377018607
-6.03541400082517,-2.537444755075378
-6.030691496214994,-2.5294947985837273
-6.026301196342328,-2.521696201925151
-6.022142203101895,-2.5138961076491757
-6.017887729346932,-2.505983117239007
-6.014223378762168,-2.498503845440538
-6.011970164460969,-2.4894878252632426
-6.009107869956861,-2.4798752947002565
-6.0064676850967365,-2.470469015248595
-6.004568979694597,-2.460540785807186
-6.002527481480978,-2.4504391605162925
-5.998753324207138,-2.442845199363497
-5.995267060138823,-2.435485377896541
-5.991982050477643,-2.4277576362843907
-5.988849191432687,-2.4199281910574633
-5.985863180043378,-2.4122552824870693
-5.982963100843702,-2.4040718872335485
-5.980270767802039,-2.395921105928595
-5.977843658134595,-2.3876360702447403
-5.975749240829306,-2.379669448611434
-5.974205381772664,-2.371310417617351
-5.9729479078983605,-2.363298060534167
-5.971461483160901,-2.3549502636194717
-5.9700640586752165,-2.3463540018973257
-5.968988032754034,-2.337228301551632
-5.968370002833884,-2.328505463334883
-5.968126308984673,-2.319868564089871
-5.968270744465243,-2.311014035591803
-5.968388206885787,-2.302137073662801
-5.968899568048405,-2.293021359879158
-5.96957860347887,-2.2838492169393927
-5.970180355048573,-2.2745084876914183
-5.968707488489376,-2.2677891471248444
-5.967720958236549,-2.2612877704490644
-5.966617346848454,-2.254529894577616
-5.965953353358171,-2.2481551694316457
-5.9658496539302215,-2.24187640786471
-5.965192453090325,-2.235397524259445
-5.964259972375039,-2.2286770099895152
-5.963502690102219,-2.222092600478244
-5.9625777423062525,-2.2151509050270706
-5.962102608577219,-2.208600404633456
-5.962204018851646,-2.202238603145816
-5.961947911233809,-2.195827313843585
-5.961485398240392,-2.189234616786237
-5.96089230963839,-2.1818598712126653
-5.960251572672718,-2.1740413726943646
-5.959285576156303,-2.1658164545564556
-5.958158275465,-2.156634490778044
-5.957541907965214,-2.1465388996808423
-5.9566252424957655,-2.1361497510037846
-5.954920356191709,-2.125081903098745
-5.952787136397519,-2.113664670751002
-5.950302687558215,-2.1023430953504008
-5.947549226000975,-2.090867378260632
-5.9447468119869855,-2.079438303532038
-5.940540250604946,-2.069536370741003
-5.93616413197769,-2.059485694432292
-5.9316840150341195,-2.0493069488622417
-5.9264487165208575,-2.0396756798348665
-5.920691627572847,-2.029623614381955
-5.914831043265476,-2.0192729749784726
-5.908842716955749,-2.009137584781593
-5.902577125169487,-1.9987610158203308
-5.895981666330533,-1.98827194979306
-5.889140379419164,-1.97780338442632
-5.881801618199744,-1.9669030100234364
-5.874112785615898,-1.9557601252708758
-5.866624742703573,-1.9447774791106067
-5.858913719625372,-1.933601170509996
-5.850923434392668,-1.922605060263378
-5.842827434236302,-1.911548984022985
-5.834627989514752,-1.9004029983422202
-5.82703675998511,-1.8875467452853432
-5.81967667373573,-1.874830571001889
-5.812164344134765,-1.8619829166208843
-5.804527926207125,-1.8493571616253581
-5.7968738833126485,-1.8366836624905003
-5.789516663646536,-1.8242671970811106
-5.781393477707187,-1.8116410891528074
-5.773676149695404,-1.798655876626017
-5.765933587279269,-1.7857598044441505
-5.758060526018871,-1.772638462323715
-5.750149352568075,-1.7595458848817236
-5.742350992120361,-1.746615506974029
-5.734139292790312,-1.7331581787676904
-5.725418226544403,-1.720080321476323
-5.7163050629507275,-1.706658413349467
-5.707439160159479,-1.6936714104156185
-5.698283659608473,-1.6804059129045148
-5.68915546402528,-1.6672552808202143
-5.679515333560007,-1.654378716967742
-5.669298001080905,-1.641310815048861
-5.659052396951821,-1.6282776046312177
-5.6489059361829,-1.6154788378410387
-5.638524150572083,-1.603020338857104
-5.628974918430803,-1.5899126243570276
-5.619385290346725,-1.5769017477732474
-5.6100073275426885,-1.565356512703322
-5.599203783394224,-1.5540258740881543
-5.58857633722629,-1.54288550774854
-5.578376409044003,-1.5327315054974229
-5.568329314995696,-1.5227642630948823
-5.557777096304234,-1.511958774102812
-5.5468462617514644,-1.502247292522033
-5.535793242328348,-1.4923849676111767
-5.524875551559382,-1.4815129878374957
-5.5132038804706,-1.4721393583196565
-5.501873001929256,-1.46318130515155
-5.4905739733879795,-1.4534332537576564
-5.478849717830785,-1.4449658407105148
-5.467564689882388,-1.4370334297963612
-5.455828363965449,-1.4284081519843197
-5.443462116903513,-1.4209393970670894
-5.431668408016448,-1.4141664197335773
-5.41996055697673,-1.4072035068563966
-5.408311963124452,-1.4012446711472615
-5.397251106488818,-1.39599864912451
-5.385454073754295,-1.390877290055656
-5.373918672290012,-1.3860065510350372
-5.362349904383839,-1.3812277795999044
-5.350739887016971,-1.3764900783527063
-5.339421030147948,-1.371999818338227
-5.327466480461036,-1.3695273796817504
-5.315567319349603,-1.3670194352731566
-5.3039383723801095,-1.3647388963251401
-5.29225035140691,-1.3623767468521708
-5.280863720675354,-1.3603864155971197
-5.269598446258027,-1.3580990896730385
-5.259425287575317,-1.356907832702108
-5.2491729220908,-1.3557829801503813
-5.239534724857545,-1.3552834131053417
-5.230543711502899,-1.3554497875785547
-5.222071666900348,-1.35563582228875
-5.2142033604316635,-1.3563397753929998
-5.2072675565724245,-1.3581664737601054
-5.200758991680209,-1.3596660054374856
-5.195583535997361,-1.362431510177274
-5.191083012224687,-1.3657427188799764
-5.187128816608679,-1.3691383673815747
-5.181610176217017,-1.3751433782435465
-5.1771284447281145,-1.3813363260991094
-5.17337064206818,-1.3883981036244577
-5.17035698467523,-1.3951872195461537
-5.168547384695694,-1.4028714801322548
-5.167771150872543,-1.4117974691533322
-5.1665675206915145,-1.4215089123465539
-5.166685662180857,-1.4323662535830302
-5.1674732066757985,-1.4435964932900074
-5.169708896534464,-1.4550690941004643
-5.1733193770128,-1.4677358898991044
-5.177774310867431,-1.4806825317060968
-5.182990925991341,-1.4934279309513467
-5.189960884511535,-1.5076998446391028
-5.197851620666619,-1.521393242057644
-5.20656574509248,-1.5346897229884597
-5.21633050718022,-1.548902617751738
-5.227705962421045,-1.5625020700783636
-5.239208019326797,-1.5755115414042657
-5.251888810493354,-1.5895501242953072
-5.265677539089427,-1.6029626886605952
-5.2793688494977165,-1.6159873111674685
-5.2938444121982275,-1.6296967635627406
-5.309587778647885,-1.6429050807311911
-5.324925281907812,-1.6556865657342055
-5.339397023820042,-1.6698684772656058
-5.3546604273894385,-1.6838610028853733
-5.369627863447774,-1.6974904288788282
-5.384814431291312,-1.7114157923359132
-5.400056859290822,-1.7254054388319127
-5.41518708542143,-1.7391768234391367
-5.430214179692614,-1.7530420512355835
-5.445553784346558,-1.7672846176491404
-5.460437587817625,-1.7810748072994467
-5.474787668833012,-1.7952798628554252
-5.4889886936991035,-1.8093782469581017
-5.503325500141228,-1.8235984855379177
-5.5171344732467675,-1.83764561232496
-5.530987764033764,-1.8522230166244804
-5.543846042610089,-1.8659184336878234
-5.556218035965695,-1.8799862518668158
-5.568341083136677,-1.893753756368318
-5.580154491151986,-1.9072521557047186
-5.5908978933469475,-1.9211529999152095
-5.601356717204018,-1.9348909605147473
-5.611374530745783,-1.948099594505997
-5.620920004099915,-1.9616652882909553
-5.629817375557563,-1.974661799456206
-5.638055353005444,-1.9872189512638467
-5.6455478201550315,-2.0001169789377404
-5.6548482611681345,-2.0105881297701145
-5.663825028087364,-2.02068577254565
-5.672411300620368,-2.030313075403113
-5.6803255836199895,-2.0404368156481296
-5.686917558680497,-2.049403348105653
-5.692648206211033,-2.057332720043833
-5.698209658473437,-2.065387524909165
-5.702970448570086,-2.0727414826905375
-5.707119664076002,-2.0793592289146616
-5.710645150258913,-2.0864352122656937
-5.712940203332158,-2.0924334975909034
-5.714369941995044,-2.0973904167918347
-5.715248600784897,-2.1027513886325653
-5.714815036953188,-2.106962353928162
-5.714217039542975,-2.110975317353715
-5.712964265164368,-2.1154674650112857
-5.711015313200492,-2.119242210347828
-5.708704856929344,-2.1226871648326444
-5.706007165725604,-2.1264148582838374
-5.702354104285659,-2.129303683198117
-5.698319741944617,-2.13246225478977
-5.694367136706239,-2.1355609786030443
-5.690007951524915,-2.1382192369581277
-5.685435671980233,-2.1406172379171005
-5.680857640748719,-2.143019482799124
-5.6769953712231445,-2.143793203999921
-5.672694698656638,-2.1441176657444077
-5.668519187149151,-2.144328570161395
-5.664552051248508,-2.1438347943515614
-5.660031582020645,-2.142814952609819
-5.655336455845482,-2.141347857209867
-5.650557033318603,-2.1394858567263646
-5.644850766032921,-2.136969102289922
-5.63838244781433,-2.1337821327085367
-5.63195703754066,-2.12982312639834
-5.625088736339776,-2.126064202427332
-5.617359873689513,-2.121548203102042
-5.609803706602547,-2.1167896905652466
-5.6011998234439995,-2.1122579686559853
-5.592068810984631,-2.107262307766616
-5.582834033901245,-2.1016332609910773
-5.5733158275312205,-2.0961638632435826
-5.563440867719564,-2.0911769510601186
-5.553203940210438,-2.0852082936169642
-5.542493526432681,-2.0786750479946914
-5.5314823691289945,-2.0723704293115155
-5.520329199425571,-2.065531849016
-5.50877520669622,-2.05821595180826
-5.497222418854168,-2.050805294012533
-5.4853335954414835,-2.042581547777913
-5.473122021196746,-2.0339738092245723
-5.460540195528976,-2.025258426549953
-5.447603122175766,-2.016229875426109
-5.434462581769561,-2.006763844541298
-5.421308732312276,-1.9975993208381297
-5.408144019428654,-1.98842240976012
-5.39437146277924,-1.9790196171751675
-5.380335642722763,-1.9695619711993408
-5.366413557099208,-1.9602395867428006
-5.352075225708269,-1.9507995758733347
-5.337641601932591,-1.941519386037889
-5.323404713918698,-1.9324724347344457
-5.30920258874975,-1.9235044655917921
-5.2953934658526824,-1.914675815606967
-5.281807571194706,-1.9061116253726937
-5.2680972573076765,-1.8975470976290516
-5.2546194985366474,-1.889227815787641
-5.240952009033997,-1.8812089188315115
-5.227130958997472,-1.873007751277567
-5.21389444256882,-1.865322760735207
-5.201163364662207,-1.8570775863459106
-5.188361376474214,-1.8491711124480092
-5.176111468566568,-1.841831505070796
-5.164200488750929,-1.834215306371216
-5.1522159690557,-1.8264378563674737
-5.140906209030493,-1.8188965505025565
-5.129787601707072,-1.811510938459772
-5.118825200855764,-1.8040068626518206
-5.108528347730891,-1.7971786799098475
-5.098519799133007,-1.7905661436778633
-5.088749649724534,-1.7846660737062208
-5.0791342140036555,-1.7789028124432762
-5.0699785902417025,-1.7732339484702069
-5.061983612441415,-1.7683980317621448
-5.05448475744809,-1.7641175777869222
-5.04729292593615,-1.7594801556399147
-5.040707061042573,-1.7555586189968861
-5.03396618810446,-1.751518210410489
-5.027660715047718,-1.7465330443983846
-5.022056787432516,-1.7423738845410288
-5.017465195305235,-1.737795417149984
-5.013015322122809,-1.7329250448481124
-5.008992062672146,-1.727651715823105
-5.005550361579068,-1.7231821734812025
-5.002330954726647,-1.7189748981300805
-4.999379295588955,-1.7145015615710584
-4.996386799856896,-1.7106970406320843
-4.994083279230185,-1.707703814426594
-4.991618212197639,-1.7043513940613844
-4.989586801447692,-1.7019446430842375
-4.9879579901462,-1.700011996860918
-4.986536844502215,-1.6981350313380474
-4.985033255757011,-1.6968959207089032
-4.9840242193689,-1.6962391907118808
-4.983103866913984,-1.695347650172167
-4.982284720383358,-1.694844901418111
-4.981945945112068,-1.6947875315140173
-4.981655840698705,-1.694595920639338
-4.981109041624923,-1.6947189283393655
-4.980884572213464,-1.6951453841885518
-4.980944808246868,-1.6955796255294144
-4.980959355621735,-1.6964748217013554
-4.981138498000358,-1.6975821961835798
-4.98103729860316,-1.6986488936793636
-4.980401722659004,-1.6999858629338684
-4.979843252597382,-1.701396620743928
-4.979541507049706,-1.7030955582096217
-4.979220073537226,-1.7046617219386124
-4.97935082643389,-1.706759713534339
-4.9790583832469695,-1.708482747991986
-4.97855378788304,-1.710424922453936
-4.977988696894982,-1.7122697170356898
-4.977303815781124,-1.7140556469460337
-4.976121121943432,-1.7162220832541146
-4.975325287711015,-1.7187631000230763
-4.974000931482965,-1.7212381831801942
-4.972978329697031,-1.7235694680805849
-4.97162523794607,-1.7260863916404192
-4.969925011140099,-1.7283005303535806
-4.968512541175061,-1.7305539841630648
-4.967481557989777,-1.7329310095616155
-4.966556191334169,-1.7353956876684418
-4.965863988322305,-1.7379980542681925
-4.96501593465623,-1.740654682737197
-4.9641492687113855,-1.7433169330697444
-4.963321876072194,-1.746071461908351
-4.961894932817331,-1.7501546496244675
-4.960727000970188,-1.754466255312046
-4.959726782186171,-1.759260215139172
-4.958868735670041,-1.763979509642522
-4.9576616027222995,-1.769813653521174
-4.956627341714216,-1.7756970310888238
-4.955751070976237,-1.7817641394685808
-4.95505523947214,-1.7877019868741315
-4.9542559947655835,-1.7937208755112954
-4.953413166603874,-1.7996874142676786
-4.953339233297222,-1.805634311108607
-4.953039035373571,-1.8112435872002461
-4.95334306572638,-1.817477385685291
-4.95378794475007,-1.8235556259152244
-4.95421684718011,-1.8296145947954006
-4.954466018003288,-1.8355960296823215
-4.955222092668233,-1.841320689369723
-4.956170757798705,-1.847269822088508
-4.957192631411801,-1.853328751289278
-4.958604420275943,-1.859506727553655
-4.960297650675533,-1.8660127920720637
-4.961722385983571,-1.8728186108218636
-4.963701799626939,-1.879596950187951
-4.966123132927654,-1.8868902627418438
-4.967644774379091,-1.895107187950957
-4.9694773259188,-1.9030877224071467
-4.97176311528498,-1.9114107354890584
-4.974809664448953,-1.9205782745438214
-4.978407434952874,-1.9292265830805626
-4.982394961373703,-1.9382176185011124
-4.9863683707690045,-1.9472715364794932
-4.991054290319016,-1.955786333775616
-4.996055765831559,-1.9645038451210053
-5.001472276275425,-1.9736863430793814
-5.007290815317927,-1.9825100951453416
-5.013612514709218,-1.99178403510844
-5.019675243213174,-2.0007569531750744
-5.026302375329219,-2.009306843059096
-5.032936599087797,-2.0178635998968013
-5.039799735790034,-2.0266868016495674
-5.046821307440883,-2.0353933332283414
-5.053802251906096,-2.0440418584609543
-5.061336184523416,-2.053180102925199
-5.068861823854312,-2.0623281344646878
-5.0762154909556525,-2.0713439272040612
-5.083783859393433,-2.0805569615901316
-5.09151585665673,-2.0896508276652894
-5.099273229592822,-2.098763766814352
-5.106499738638444,-2.108415395354767
-5.114049266913855,-2.1183167607374154
-5.122287129877162,-2.1268063870468064
-5.130567027518743,-2.1353563970461766
-5.139197638732312,-2.1439757312842307
-5.148045462467711,-2.152402803027121
-5.156812334842404,-2.1608119965148846
-5.165422591760642,-2.1691841778997003
-5.173916765485751,-2.177214202169459
-5.182431405230049,-2.185269127373896
-5.191342430401379,-2.1935045822706933
-5.200320398993682,-2.20183582496439
-5.209190408569544,-2.2101341354896773
-5.217923670335489,-2.2183719670587094
-5.226283243261577,-2.2263000308577627
-5.234858847000828,-2.234145081555264
-5.243351102221627,-2.241885100941822
-5.251590102926491,-2.249816034344175
-5.260139795139188,-2.258129817163375
-5.268243704816891,-2.265945005479361
-5.276310617080998,-2.273790736063809
-5.284280210343756,-2.2815916270462266
-5.29174498093216,-2.288847255202937
-5.29948816374865,-2.2963500753837063
-5.306801605361839,-2.3039037117001007
-5.313787379224333,-2.3110301069805126
-5.321621382569906,-2.3172236171704954
-5.3293602256453205,-2.3234104414914003
-5.336507580233462,-2.329027428755651
-5.343251310700526,-2.334121403519835
-5.3500071755464145,-2.339423654833732
-5.356231569995347,-2.3442184862538613
-5.362557975302044,-2.3486065250446924
-5.368575632990567,-2.3534965098570884
-5.374025034611781,-2.357833766688892
-5.378993343928916,-2.3616095596233007
-5.38425053020539,-2.365755292507361
-5.389042165769655,-2.3695206106010147
-5.394084891869006,-2.373284336571318
-5.398623444096855,-2.3772831961275145
-5.402730997823369,-2.38085601052151
-5.407014699625448,-2.3840445114774496
-5.411127418949179,-2.3877956168886505
-5.415338392432712,-2.3916612613794026
-5.419153680528294,-2.394870146519338
-5.422982077770116,-2.3983279546122933
-5.426640352615311,-2.401587065975371
-5.430064830009763,-2.4046933493434115
-5.433291657695583,-2.4080055861344567
-5.436454817885735,-2.411243452723671
-5.440014637951085,-2.413877581249168
-5.4434128071404855,-2.4163669419390974
-5.446865369751975,-2.418888162812415
-5.450090977809053,-2.4214176665015676
-5.4528997634997545,-2.423573950045353
-5.455270669653158,-2.4256670392439417
-5.457606092976818,-2.4274052987691177
-5.460067692885363,-2.4292565165388535
-5.4623482962348415,-2.43110460803072
-5.464459430580371,-2.433030950734924
-5.466136823988746,-2.434568948835223
-5.467504793040654,-2.435726892415588
-5.46843451275602,-2.4367589138397587
-5.469090891716437,-2.437546210436674
-5.469839713322182,-2.4383149808034004
-5.4710357887134755,-2.4384053185102035
-5.4716712704605746,-2.4388577832366787
-5.472563447759832,-2.439037604177644
-5.47298952214077,-2.4386728935045934
-5.472847153244912,-2.4388488111006006
-5.473086624568138,-2.4393433693461444
-5.472781867955988,-2.439308231689352
-5.472218951610949,-2.439722734009355
-5.471845618343432,-2.4398014811283555
-5.471506086342781,-2.4394741922410326
-5.470452539001169,-2.439391336396872
-5.4694622720855115,-2.4393580761917066
-5.468279802748218,-2.439152601715363
-5.4668708007055535,-2.4389910285437186
-5.4652915837321565,-2.4386833524990537
-5.46348222098329,-2.4382055674862655
-5.461678443959221,-2.4379421839292785
-5.4592822093350195,-2.437513250873895
-5.456912456653067,-2.4370687303399876
-5.454349467517125,-2.4367253339945334
-5.45197782761904,-2.4366048172675567
-5.448615014193253,-2.436163039351496
-5.444895779401791,-2.435726720858673
-5.440896390803681,-2.435256656203314
-5.437026269892781,-2.434901660985745
-5.43316075993079,-2.4349246825946484
-5.428714938754173,-2.4353709433251995
-5.424199379455613,-2.4357699272965223
-5.41956609513058,-2.436057464621794
-5.414616136358211,-2.4365767052129805
-5.409439588708411,-2.436872210941416
-5.404347086389938,-2.437266170093882
-5.3991783220451675,-2.43771692117907
-5.394145161031226,-2.438332999750695
-5.389586922005985,-2.439394483921205
-5.38528303264397,-2.4402713703990875
-5.380917756403,-2.4411113820732586
-5.37657643541397,-2.441961219786292
-5.372255702214825,-2.442796887983617
-5.368366313256099,-2.444075446149086
-5.365116781403484,-2.4459802143900493
-5.361886955885801,-2.4484449513982374
-5.358934895397265,-2.451157222732896
-5.356196059607024,-2.4543055575131176
-5.353971442106825,-2.4577745574158945
-5.351992915447509,-2.4616422091357837
-5.349647416602544,-2.466861879801074
-5.347595665908997,-2.4720379530355627
-5.346424555391059,-2.477902114489463
-5.345548546693697,-2.484105379725014
-5.344120641738945,-2.4910326339400934
-5.3432855459267685,-2.4976330599765135
-5.3425517148949435,-2.5043349967337365
-5.342083819481736,-2.510994682309305
-5.342587147382148,-2.517486097269994
-5.343170397717681,-2.5240685139413066
-5.3440999651467935,-2.5310237277359935
-5.345730467914454,-2.5379344180030556
-5.3474116973569785,-2.5449028561807583
-5.3493488336781665,-2.551930736592998
-5.352128505013736,-2.5588414325578914
-5.354958884320715,-2.5658102956738453
-5.35824904487052,-2.572832940577246
-5.362220906955134,-2.5802658276760435
-5.36637536037517,-2.587909234535336
-5.370805414948137,-2.5954759839444064
-5.375460691046535,-2.603069229948744
-5.380291157755911,-2.6108644373315775
-5.385505242545468,-2.6181086192577325
-5.39119983724709,-2.6255581262509486
-5.396036421510817,-2.634114034365171
-5.401203721822472,-2.642981344720995
-5.406748589940759,-2.651578196102748
-5.412519960375053,-2.660411615402912
-5.4180167783827535,-2.6689402838833427
-5.4240298432831935,-2.676995560265836
-5.430363923606009,-2.6849045765015958
-5.436624624841323,-2.692729202419203
-5.443253564475716,-2.700458139522474
-5.450221408979457,-2.7082799255611723
-5.457074851270403,-2.715969872391271
-5.4640775688433365,-2.723573817833108
-5.4710092122196095,-2.730930955994159
-5.477957477561284,-2.7383070569615886
-5.484516699133509,-2.7453264498224166
-5.490831106847869,-2.7524431448280184
-5.49723785247773,-2.759625354529376
-5.50348362164803,-2.7668284889173265
-5.509914861498903,-2.774012587057376
-5.5160546459164825,-2.780880120621012
-5.522011737372399,-2.7871705207139783
-5.5278032451513415,-2.793042631287348
-5.53322593775621,-2.798580862990812
-5.538515875003195,-2.8037695363383235
-5.542711228787066,-2.809610702558613
-5.546757213932279,-2.8151260157501645
-5.551582581765326,-2.819732680181177
-5.556406802895614,-2.8241749399839167
-5.560895350952943,-2.82845875875633
-5.564862860120766,-2.8321923986240285
-5.568766491288788,-2.835973791750146
-5.57264426794137,-2.8397414748410426
-5.576576921790275,-2.8435470970528023
-5.580084929408335,-2.8476566529151772
-5.583556930349832,-2.851807455340803
-5.586574268561011,-2.8554501833737045
-5.589484844413156,-2.8591704620354137
-5.592100634586818,-2.8626225985895366
-5.594534661407632,-2.8658661232910854
-5.596502411642347,-2.8694417658190283
-5.598436427975137,-2.873054783106107
-5.6002578145330615,-2.876515591443042
-5.6017906326090685,-2.8801820465516856
-5.602836573726605,-2.8834264422608595
-5.603556037471463,-2.8863249892151877
-5.604046608342324,-2.8893863014470162
-5.604503852117862,-2.8924386206733588
-5.605328078823604,-2.895834040012351
-5.605817001139091,-2.899468200116268
-5.605887359342906,-2.902705070565808
-5.606953482500687,-2.904695771861473
-5.607766740330102,-2.906395481002299
-5.6086820939452595,-2.908023181552821
-5.6095680032975626,-2.909617533104728
-5.610828236329612,-2.9113734660835995
-5.611477271214784,-2.913107993594846
-5.611980166343521,-2.9146466272196405
-5.612089151438866,-2.9158031133493107
-5.611561408732106,-2.9167244108949713
-5.611081426667232,-2.9172768623759993
-5.6107523150283125,-2.918011427846644
-5.610177816367094,-2.918720273848019
-5.6098493299610395,-2.9195585802253237
-5.609070699610471,-2.91994374862633
-5.607869454942644,-2.919848474184436
-5.606828738868267,-2.919720053511951
-5.6053932493103,-2.919233440601564
-5.60416696854305,-2.9175319397075627
-5.6027782650529465,-2.915835070151524
-5.601145190522193,-2.9139163303569102
-5.598861240221919,-2.911725474932728
-5.596464468044468,-2.9095918684150024
-5.593397015513225,-2.9068495199949242
-5.589912210949804,-2.903633720131788
-5.586738415063553,-2.899635501799219
-5.5830394502796805,-2.8951718732223766
-5.579058933956625,-2.8904080053584718
-5.574272881347484,-2.8862151851617375
-5.568359543976067,-2.880956563721405
-5.5624002880465815,-2.8755951183713018
-5.55603838110959,-2.870520013149306
-5.5489202113349725,-2.8647489748809596
-5.541613026502014,-2.858785029611811
-5.533852479523967,-2.853144802428628
-5.525257005926841,-2.8466740077481325
-5.516226526416848,-2.8396874150666838
-5.507125114733015,-2.83275260574138
-5.497224709139169,-2.825093622156937
-5.487116041651041,-2.817194228636506
-5.477046492587343,-2.8092688686346214
-5.4662671045179305,-2.80063244805853
-5.4549783584399645,-2.7912706738700384
-5.443482694860171,-2.7820585243303624
-5.431717320534997,-2.7725365680218808
-5.419421268201506,-2.762532605632456
-5.406945379020009,-2.7526597469559984
-5.394219225892368,-2.7424994383631693
-5.380877936198,-2.731780287212432
-5.36697913863821,-2.721464509829268
-5.353004710178075,-2.7110611148327366
-5.338736689849335,-2.7006269562222545
-5.324718628229503,-2.6904068265164907
-5.310412259575202,-2.680335419282568
-5.29588802053021,-2.6700719641599457
-5.28124014716278,-2.659903033273415
-5.266590029867641,-2.649747700633741
-5.252355964621043,-2.6400325942898486
-5.238729853014974,-2.6303518214436448
-5.225461523625334,-2.6210785660830265
-5.211994518208912,-2.6120356952359454
-5.198824714786492,-2.6028370629969584
-5.185483791057789,-2.5934416604527906
-5.172346097307545,-2.584324291935077
-5.159868194177598,-2.575157447092531
-5.1478744750689955,-2.5665420464946544
-5.1357104525014226,-2.5580946988295947
-5.124090442728402,-2.5501418662507325
-5.112801711945436,-2.5430060787609685
-5.1014467578305025,-2.5356048856504536
-5.0904515789373725,-2.5285308914932587
-5.07993703303775,-2.5218626931055703
-5.069550335759158,-2.515154932701514
-5.060418037133306,-2.5091325939832134
-5.051672255824335,-2.503549997730185
-5.043224688660279,-2.497748920911293
-5.035267393090972,-2.492394316214482
-5.027526863329926,-2.487286198545707
-5.020321498195417,-2.4817841971009655
-5.014110438796623,-2.4771880270858624
-5.008406044676812,-2.473168135692821
-5.003042066248279,-2.4688970230583163
-4.998385173156112,-2.465263740634002
-4.993542399466696,-2.4619365558464708
-4.98957643107707,-2.458349451563405
-4.986012575707523,-2.4553296576671526
-4.982928360992579,-2.4528551395313145
-4.98016355833673,-2.4503198480336366
-4.978170104460816,-2.448527189674363
-4.976217981688649,-2.4471128733010374
-4.974774864103692,-2.4456849103199043
-4.973462513335768,-2.444376088962155
-4.972647075228218,-2.443665881859804
-4.972047779144774,-2.4427011536489673
-4.9716425189332165,-2.441957797680191
-4.971696832986482,-2.4419462134000716
-4.971871959230954,-2.4417086206616445
-4.972007010231318,-2.4414254356784393
-4.972353394031687,-2.441460302685654
-4.972728703102565,-2.4409739743215844
-4.973096852453892,-2.4404793972607113
-4.973531971580366,-2.440106131439369
-4.973798616772744,-2.4396412831491356
-4.9740320823969535,-2.439138627482066
-4.974294951552888,-2.438859805632458
-4.974164866154212,-2.4382491966066224
-4.974064537015244,-2.4376723749853992
-4.973605386413713,-2.4368465664611545
-4.9728085883839785,-2.436230719177969
-4.971947509468821,-2.435541802955492
-4.97090000745813,-2.434909660635822
-4.969227439218482,-2.4349823110192337
-4.96760195611865,-2.4351628057932455
-4.965230080147612,-2.4345526566471127
-4.962699206837688,-2.434060083991882
-4.9596503282995625,-2.4330835507550055
-4.956520814578709,-2.4318675279864133
-4.953062500648131,-2.430371756581614
-4.9490959998040385,-2.4291323548258754
-4.945008521490414,-2.42775541511624
-4.9408350573932065,-2.4263731605528838
-4.93624567372205,-2.424735653185419
-4.931574311087628,-2.423004850055555
-4.926263261067507,-2.421324971567131
-4.920968787929773,-2.419663450671784
-4.915764740638076,-2.4178948925062533
-4.91051988963071,-2.416270835325355
-4.905155454443347,-2.414510735241282
-4.899837120151986,-2.412517430123892
-4.89448371339487,-2.410444191084739
-4.888798785979639,-2.4079948877444046
-4.882984103454332,-2.405083706738577
-4.876911521170831,-2.4023620598258497
-4.870900130313416,-2.399193641376324
-4.864599188406245,-2.395701155419694
-4.858265918798775,-2.3923066040150687
-4.851935151974562,-2.3889148975757895
-4.845037436173884,-2.38500545369197
-4.837866042010512,-2.3812891709059603
-4.830611410497001,-2.3771485209671295
-4.8231780673033,-2.37280208926878
-4.815949114856071,-2.3687901839126675
-4.80882082193504,-2.365019755729212
-4.801648727668392,-2.361220318489491
-4.794471021809572,-2.357431595157084
-4.787273065085929,-2.3532679227790063
-4.77993394384943,-2.3490054561530984
-4.772820509023179,-2.344997963171546
-4.765815190223392,-2.3409096952938726
-4.759141012520897,-2.3371241657381194
-4.7525494635005865,-2.333431980032487
-4.74587478980102,-2.329802050197343
-4.7389957888416525,-2.3259852513601382
-4.732105786382986,-2.322155978977048
-4.7254034069505035,-2.3181860292575114
-4.719196227268435,-2.3146690826117124
-4.713298825312944,-2.311501637683808
-4.707522809778512,-2.308196543188154
-4.701712007344511,-2.3049573457997807
-4.696043477892614,-2.301866883184122
-4.69044851058735,-2.29860405111125
-4.685306357238365,-2.294769881129634
-4.680465438776103,-2.291211381118311
-4.6762871023553,-2.2883995013362974
-4.672093851175084,-2.285599315712535
-4.668249952926465,-2.2830954762530893
-4.664840027743196,-2.2810186329087387
-4.661663455949677,-2.278766078905288
-4.658736192200168,-2.2767791688648944
-4.65609444175499,-2.2751160221442706
-4.653849244447448,-2.2731541022953903
-4.651939252931991,-2.2714985712828195
-4.650414289246004,-2.2702070656869378
-4.649047272874299,-2.2687963999867735
-4.647934834006565,-2.2676724577626626
-4.646976547560633,-2.2666896322425867
-4.646325594954131,-2.265474931444137
-4.645918747809123,-2.2645351540754133
-4.645772614267577,-2.263834024649094
-4.6455332280666735,-2.263203240002646
-4.645530003097739,-2.262838455478935
-4.646317507267417,-2.2631974534588695
-4.647287281141422,-2.263460916245209
-4.648798248750014,-2.264203295464232
-4.650562426395132,-2.2651774117377217
-4.652558158170071,-2.266050529044133
-4.654687502430178,-2.266883466280063
-4.657777066317682,-2.2685951148163754
-4.661542454732873,-2.2705237271895036
-4.665557996285829,-2.272756482752769
-4.66986284707278,-2.27525388315228
-4.674416402993931,-2.277864851440346
-4.679029950341338,-2.2801114244515737
-4.684114809502045,-2.2827889678671647
-4.689536552783226,-2.285828127456888
-4.695195716314801,-2.28906845324698
-4.701448634291182,-2.29282147289884
-4.707623134054264,-2.2964856291473223
-4.7138432637751295,-2.3001165342069845
-4.719956302881901,-2.3036492552410315
-4.726365439475812,-2.3075158189544465
-4.732661947374547,-2.3114676802249874
-4.739583875078068,-2.315991140521644
-4.746723064793708,-2.320759556559544
-4.753589533407781,-2.3257333910826543
-4.760389804614441,-2.3305201323268827
-4.767322719189133,-2.3354565395140097
-4.774179151087847,-2.3404937831224895
-4.7810206918300775,-2.3455427930118273
-4.788073586478995,-2.350842436499965
-4.795239477410789,-2.3562587412581473
-4.802109557764372,-2.361896251435039
-4.809051329201716,-2.3676286252401963
-4.816135250972002,-2.3734554240324366
-4.822952372099365,-2.3794814487904707
-4.8303072674976315,-2.3861156424848238
-4.837402838636052,-2.3925128903344546
-4.843998155087975,-2.399281732729623
-4.850671030932072,-2.4061383738204034
-4.857642049819862,-2.413267372149517
-4.864192532103683,-2.420707756315167
-4.871310728227684,-2.4287902869277658
-4.878227451977504,-2.4367122396561225
-4.8853561987136995,-2.444971997597083
-4.892197402328053,-2.4530134561549053
-4.899285925690599,-2.46128062885994
-4.9066836640142455,-2.470272287309737
-4.914079913655802,-2.478984420051325
-4.9220057827028745,-2.4881803634388313
-4.929903792384032,-2.4974545263705332
-4.9379870186058445,-2.506938101163855
-4.94583066364557,-2.5158336114269817
-4.954045258305915,-2.524911861174734
-4.962209573186096,-2.5340644082974033
-4.970737206626602,-2.5426715821624906
-4.979812774471456,-2.551763513603567
-4.988975979672503,-2.5611460100336183
-4.998044321616438,-2.569758094106817
-5.00705854009861,-2.5782386485455144
-5.016057942394381,-2.5866801688850805
-5.025387364007724,-2.594369548821479
-5.034967658682328,-2.6022545132921984
-5.04436018706051,-2.610360044539505
-5.05384382046412,-2.6177711687570517
-5.063392169501823,-2.6251719701138367
-5.072589425588658,-2.6322416423551926
-5.0819463827634195,-2.638578694526966
-5.091224912149418,-2.6448266526180464
-5.100435947809885,-2.651141335820154
-5.11020610719563,-2.657178075771227
-5.119483641487932,-2.662655839790281
-5.129274241556465,-2.66821547413559
-5.138719325494605,-2.6735460303785956
-5.147766312138139,-2.6791061335684008
-5.1570287644906925,-2.684524954384073
-5.166000067155083,-2.689803357791196
-5.17480380954235,-2.6948093218494935
-5.18349194871436,-2.6996822790582726
-5.1921153374151405,-2.7043721780867997
-5.200296576717892,-2.708901538443537
-5.208495004792399,-2.713460672061323
-5.216866926167666,-2.7178197908184343
-5.225046086924033,-2.7220749807822093
-5.2329912398236775,-2.726132279051547
-5.240776416519101,-2.7299616931353348
-5.248086102737741,-2.7333584133951745
-5.255338762354112,-2.7366971177299937
-5.2629366107339175,-2.7398908498235244
-5.270169974186074,-2.7428880681481154
-5.277311506532061,-2.745845468855563
-5.284205953839876,-2.7484699327190136
-5.290565602382734,-2.750450995874248
-5.296733601842776,-2.7522188749534076
-5.302528230773607,-2.7535857335786362
-5.308390471530031,-2.75529399258799
-5.313780395891204,-2.7565707438465847
-5.318898480783598,-2.756948178736617
-5.3238032757452745,-2.757380576744824
-5.327717441636084,-2.756909488927428
-5.331796064527433,-2.7563923620310464
-5.335441105192581,-2.7555719266814336
-5.338954485703574,-2.7550004588852683
-5.342109400476924,-2.7540905204628805
-5.345102095631322,-2.7527992707691142
-5.347429507255762,-2.7517826231568785
-5.349156410325882,-2.750227039484348
-5.350822402401828,-2.7483641968621475
-5.352009910567477,-2.746738705348046
-5.353028204770414,-2.7449588521308455
-5.354340066238281,-2.7430152799062415
-5.354809617764058,-2.7413194150086424
-5.355067169393771,-2.7394304618332117
-5.355757962632383,-2.737146892420407
-5.3560054643819885,-2.735250339537727
-5.355861096084092,-2.7329972600291375
-5.356284787378188,-2.7309174301179535
-5.355995520037041,-2.72903243567409
-5.35654039695268,-2.7273236022096596
-5.35713541773142,-2.725674383495949
-5.357760037740528,-2.7236289438089036
-5.358846224127346,-2.7217803645609253
-5.3595398936050564,-2.719575223321484
-5.360095247360782,-2.717111178686513
-5.361285103977228,-2.713998409347684
-5.3626176205280025,-2.7110136776503557
-5.364116157659643,-2.7081616036942067
-5.365829869998098,-2.7051544948379687
-5.367676317769354,-2.7022963259440265
-5.369379200454016,-2.699238934817089
-5.371450347226587,-2.6959160760696004
-5.373182885521153,-2.6922696848581644
-5.374759044436898,-2.6884318608387177
-5.376593793929573,-2.684407369985447
-5.378228169816184,-2.680182747290815
-5.3797929625874765,-2.675825641749106
-5.381343288982189,-2.6714784507489675
-5.382450709992894,-2.666734562011155
-5.383079348906126,-2.6614545682132213
-5.383813601353995,-2.656097555671361
-5.383986071832384,-2.6501822087975544
-5.384355409621046,-2.6444145485793458
-5.384257494864459,-2.6389832201621464
-5.383758076343965,-2.633202150379771
-5.383265442420009,-2.627399515723022
-5.383727651176138,-2.6198237310674397
-5.383845224900913,-2.6126403564856746
-5.383337333214069,-2.6054241408594447
-5.383060852078627,-2.5984551513523884
-5.38278239702454,-2.5919882968781485
-5.382308043740337,-2.585295081556423
-5.381822370004688,-2.5784218905218554
-5.381158431323119,-2.571523251338135
-5.3806133724476295,-2.56476169507936
-5.379588100723067,-2.557737654328387
-5.378758730201908,-2.5507760783967037
-5.377796557355064,-2.543660862369555
-5.376840250884213,-2.5367585347237918
-5.375874465378034,-2.5299708277197133
-5.374737538131005,-2.5230265792644144
-5.373307534591863,-2.516255328957925
-5.372286839481412,-2.5095491315072556
-5.37105894669946,-2.502655412655117
-5.369265684733492,-2.4960318700968007
-5.367538931150029,-2.489291304020017
-5.365686565339871,-2.4824051975896286
-5.36382840189219,-2.475931191361344
-5.3622809698746785,-2.4695536700418943
-5.360120124608997,-2.463261419288891
-5.358632342967094,-2.455850685074345
-5.356610099828609,-2.449165032382767
-5.354627355399811,-2.4424516447248723
-5.352732042672574,-2.435810793415914
-5.3512593122792405,-2.429600789977075
-5.349466189963841,-2.423625767608644
-5.347776117844801,-2.4178103144272844
-5.346403135671468,-2.412300556118874
-5.345084783489243,-2.406752005546451
-5.343816650260382,-2.401266003896643
-5.343019159774154,-2.3962794360452673
-5.342132200622766,-2.391359464944369
-5.341779775178337,-2.3869896117535117
-5.342098464095228,-2.383277176119757
-5.342661436028595,-2.3795221256265395
-5.343482798606194,-2.3759997457934623
-5.344978228899822,-2.3728337332286937
-5.346879167336943,-2.369911925495648
-5.349458570991243,-2.3673391002497226
-5.352401251618524,-2.365190195485223
-5.355843224645251,-2.3629020199503152
-5.360240797681445,-2.360093440812575
-5.364788549910111,-2.3574615105716656
-5.370094811423184,-2.35455926259267
-5.375680507932581,-2.3518599232871793
-5.3817319442605696,-2.3490260029349503
-5.387087163799986,-2.347795862473578
-5.392890093726813,-2.346267187520829
-5.399053121328723,-2.345121567811178
-5.40476874044012,-2.343529459797042
-5.410561972659022,-2.341439065208312
-5.41640169097464,-2.3395465573341485
-5.4223337913242124,-2.3377358144225395
-5.4283935398659455,-2.335914811418303
-5.43407088966474,-2.3342408372077625
-5.439888759097315,-2.3326916150186907
-5.445483242369014,-2.331013265515393
-5.451016141937636,-2.3295657125788645
-5.456139282200421,-2.3277520257639033
-5.461437702185461,-2.3260161840011175
-5.46657346869526,-2.324415714296043
-5.471651484475563,-2.3227634465061056
-5.476528587377057,-2.32128902429667
-5.481000584427943,-2.3201183061382404
-5.485965683268206,-2.318443228809483
-5.490441549396225,-2.3165002078525414
-5.495021296318153,-2.314679920198054
-5.499213382999856,-2.3127359766153384
-5.503244086343358,-2.3108763193778468
-5.507331398276785,-2.3090841204606725
-5.5103960891435975,-2.3085498557467354
-5.513226763667458,-2.3078076418661992
-5.515625252361425,-2.3069727249469136
-5.5180513484177185,-2.3061659135806516
-5.52004600554056,-2.3049756845596465
-5.5218559368617885,-2.303662972346415
-5.52329959266016,-2.302141475048198
-5.524519140545651,-2.300420970829415
-5.5249128459836685,-2.298328431965864
-5.525143604602952,-2.296235646472453
-5.524848978453745,-2.293576608464059
-5.523929687069902,-2.2905124265797063
-5.522662712187386,-2.2872074275413334
-5.520433409880574,-2.2829036883759524
-5.517535989249439,-2.2785844335960497
-5.514094554799348,-2.274449137204688
-5.510072619620274,-2.2700633222088737
-5.50523699197946,-2.2649547751324643
-5.500253054868195,-2.2598214112530037
-5.494889935814073,-2.255066976655017
-5.488926518688218,-2.2503111773183995
-5.481875862979381,-2.245953888562054
-5.474021292251201,-2.242128419044703
-5.46577605212839,-2.2381523200077664
-5.457498866336183,-2.234198559747939
-5.448437202250179,-2.230823844191948
-5.439184648463104,-2.227297984469819
-5.42935460065131,-2.223252594398593
-5.4191982849592515,-2.2194516155446253
-5.4092055453903205,-2.2157593017658246
-5.399311984400433,-2.212219701234906
-5.388969778456483,-2.2090151699470035
-5.378843191402599,-2.206053395267956
-5.368379359604305,-2.202776203335448
-5.357766775332515,-2.1996140236490302
-5.347360711920654,-2.1966236471073324
-5.336976634694842,-2.1936934086497617
-5.326204575427218,-2.1910551840260566
-5.3158937027278235,-2.1888754095002025
-5.305544902113755,-2.186627834188712
-5.295148793557037,-2.1844202575667997
-5.284751944760922,-2.182184072715365
-5.2740246239591695,-2.1803797685717967
-5.263505516664133,-2.178098032563548
-5.252272318348897,-2.176622357112543
-5.241397041640155,-2.1754555041123114
-5.230679312385098,-2.174432034024336
-5.2200303878625265,-2.1731914193402777
-5.209280758572874,-2.1720273218120885
-5.198300958102608,-2.170590809548348
-5.18770343708452,-2.1690246680787713
-5.177494480173045,-2.1678037082528325
-5.167549561753964,-2.1668867882080542
-5.158094954457238,-2.1661126630354275
-5.149027099746391,-2.1657327677487053
-5.140094292818092,-2.165515000373211
-5.131340743686673,-2.165267916191199
-5.12260129388929,-2.165038753758023
-5.1145022801534505,-2.165322047524074
-5.106942399590986,-2.1659250113851414
-5.100084559065741,-2.1673389119683275
-5.093598327607649,-2.1693316514586813
-5.087261131843086,-2.1713130536230194
-5.0803612948107775,-2.175359869991805
-5.073795918118933,-2.1797326217782387
-5.067787619331106,-2.183689856234229
-5.062176184614308,-2.1880513053430715
-5.057465944840723,-2.193331205939743
-5.05276712965923,-2.198645217647449
-5.048896011949492,-2.2040078095104465
-5.045490440339723,-2.2099054522035138
-5.0425867636122454,-2.21623088437619
-5.04063767321197,-2.2221705410836035
-5.0390299466679815,-2.22850226553766
-5.037888355658091,-2.23482584553154
-5.037770547584274,-2.2413819271389133
-5.037930525746206,-2.2482571858904516
-5.038795856357319,-2.2555172605098432
-5.040465731978346,-2.2629104790492693
-5.042414519893821,-2.2706244316916577
-5.044821900147057,-2.278217234070911
-5.048242114592236,-2.2858717294902826
-5.051839732370324,-2.2937303797725095
-5.055806724584342,-2.301797488616075
-5.060644485516068,-2.3098996385522126
-5.065573272581312,-2.318106709372174
-5.07086254014701,-2.326269859948879
-5.075497629249825,-2.3357120514383993
-5.080180313014759,-2.3451542651898785
-5.085196968257206,-2.3549970732294203
-5.090490938414866,-2.3646389571481907
-5.095946231219527,-2.3744671612986927
-5.102267576288386,-2.3843383781356566
-5.108782306288627,-2.3943977562165095
-5.115849006445394,-2.4045117898297317
-5.123079620660493,-2.4147819053494635
-5.130259098425298,-2.4248796195249773
-5.137676770647408,-2.435287460463955
-5.145384828843624,-2.445790139623537
-5.153148203872973,-2.456438433119661
-5.1609599985403225,-2.4671581980401998
-5.168723373856557,-2.477835139944743
-5.176435364918452,-2.4884709071026534
-5.1838019978652286,-2.4991264298695173
-5.190945546383966,-2.509535768951929
-5.1981349230083564,-2.5199156342749185
-5.20522126721911,-2.5301928939253613
-5.212513487765884,-2.5406510249438483
-5.219940837238308,-2.5510150167540875
-5.226967661121997,-2.5610257453898533
-5.233525504521846,-2.5705282633413296
-5.240372517101227,-2.5798243658425695
-5.246617853820202,-2.5898447004428857
-5.2538152960155085,-2.598228668632466
-5.26099027090206,-2.6065667477358745
-5.2679726348848,-2.6150483760577723
-5.274843644172512,-2.6234510208780883
-5.281262814443944,-2.6313424606549907
-5.287595872327168,-2.6392998377529318
-5.29335003121064,-2.646691672304968
-5.2984758082121495,-2.653431229925775
-5.303322005577597,-2.660376041156835
-5.308093135544035,-2.6672829454382354
-5.312802786552725,-2.6739397351307264
-5.317222839716308,-2.6807569475852486
-5.320818010170052,-2.6871707013168944
-5.32380436583529,-2.692932807315677
-5.326752966464031,-2.6987240550273373
-5.329217812375657,-2.7040404715181543
-5.33174060375783,-2.7090275373204586
-5.3334261235043705,-2.7136940514053243
-5.334548440085663,-2.718035502372912
-5.334873695497752,-2.721551978532157
-5.334652707957597,-2.724938092552015
-5.33401332663894,-2.727944693919142
-5.333466861332594,-2.7310585241256073
-5.332181953531513,-2.7347048915030254
-5.331690206616578,-2.7362729103643963
-5.330915126291946,-2.737571380563174
-5.329488547846588,-2.7386051265543006
-5.3279760584711156,-2.7396538367655414
-5.326589826515603,-2.740846927529239
-5.32428640571799,-2.741802174368199
-5.321919167186174,-2.7426873276986217
-5.319383776143309,-2.743380414462809
-5.316557411180225,-2.74406049463364
-5.3134372453279015,-2.744600871199933
-5.310265539556156,-2.7450822476610024
-5.306913205400152,-2.745423561229485
-5.303724733578237,-2.7458424623957596
-5.300431436754512,-2.7461416550395437
-5.29697898434925,-2.7464117395265486
-5.2934249035201715,-2.746573939711213
-5.289601836308473,-2.746429382342598
-5.285859630202126,-2.746257752094578
-5.282168612188011,-2.746049273011645
-5.2786350405498546,-2.7459939808964933
-5.2749263255960095,-2.745792236701042
-5.270982266363723,-2.745760367619354
-5.267052059072348,-2.745732377243701
-5.263046830871734,-2.745591598302845
-5.258958508141181,-2.7455108347144472
-5.255357902041354,-2.7445948711025547
-5.251909407111367,-2.7438516535581474
-5.248331973176853,-2.7430628004103887
-5.245081995649227,-2.7425074631871986
-5.241524867191982,-2.741602643232384
-5.237981050407343,-2.740731303377665
-5.234524510941447,-2.7399400270591965
-5.2311337027482985,-2.739246880314283
-5.228034069101379,-2.7388067565504857
-5.225214668433804,-2.7381883848958113
-5.222447844670067,-2.7375899709233025
-5.219373317948263,-2.7370313559746884
-5.216445104050463,-2.7366387652667536
-5.21375923973485,-2.7361219177073375
-5.211300318401454,-2.7358910323258763
-5.208884742275803,-2.735924762199915
-5.206265889786022,-2.736363998337751
-5.203282433213399,-2.736816081305175
-5.200489355971111,-2.738059200598605
-5.197803753323486,-2.7392222498296173
-5.195704626322494,-2.7409358410742803
-5.194049378524652,-2.7428550253063007
-5.192650392540771,-2.745064519042155
-5.190946040306183,-2.7469608379999806
-5.189616080991901,-2.748586229392085
-5.188642197466836,-2.7505286711196795
-5.18790889065717,-2.7527020085003575
-5.187452764676039,-2.7546746970910836
-5.187323043181786,-2.7570106306470836
-5.186976428961696,-2.7591045760947894
-5.186994070532301,-2.7609349717033353
-5.187081183810206,-2.762828535796364
-5.187011720093637,-2.7646944239257474
-5.187268898788319,-2.7666452083411004
-5.187993371804131,-2.768608782119818
-5.188884800799083,-2.770700419538622
-5.189721984372988,-2.772702780831484
-5.190511691140986,-2.7745442219840615
-5.191267620821086,-2.776348561628115
-5.192060561971185,-2.7780636726431105
-5.192572384439899,-2.780441963963707
-5.193428365971813,-2.7828084608569115
-5.194403216031189,-2.7853849372428696
-5.195250453532572,-2.7879849884778034
-5.195887488348085,-2.790549661807458
-5.196421927334377,-2.793007719454059
-5.196770322043968,-2.7952904106153276
-5.19699034520335,-2.797581752485654
-5.197396600166489,-2.8000981687132622
-5.197814976186435,-2.8026058983177795
-5.198129368682406,-2.8049839490947237
-5.198528393732989,-2.8074306107394937
-5.1988983662595265,-2.809898369231264
-5.199117621681608,-2.8122570348556133
-5.199384373291565,-2.8147055157520375
-5.199722839427233,-2.817102270238683
-5.19981719706489,-2.8192231375051406
-5.200173242187009,-2.821584034702468
-5.200434274383586,-2.8241855546471446
-5.2006736083578575,-2.82676443750418
-5.2006958456159875,-2.8291358594667395
-5.200829546819199,-2.831427018156761
-5.200606359292113,-2.8339278297152513
-5.200365713576297,-2.8364127546489324
-5.2002500036053005,-2.8389689742432194
-5.199900014799866,-2.8413997090418506
-5.19982031171975,-2.8435191592687903
-5.200082279419232,-2.8459920337472253
-5.200320018206275,-2.8484823951651506
-5.200328460356269,-2.8507527858232966
-5.200307492035743,-2.8530222908378713
-5.200158085173139,-2.8553841527462382
-5.199884710183045,-2.8575780826372434
-5.199975609240821,-2.8601506265746703
-5.199894934310511,-2.86284654979998
-5.199838701756686,-2.86557284096541
-5.199654158943211,-2.8681939709066984
-5.1994502368406925,-2.870828944455005
-5.1989555008765675,-2.8731346303037517
-5.198746509326275,-2.8757584934626155
-5.1983533733821945,-2.878514598870164
-5.1982023326602835,-2.8814933757921684
-5.19798012360426,-2.884242903023463
-5.19770550938839,-2.8867108273343733
-5.197091193710064,-2.8892815123101725
-5.196311557790303,-2.8917241165967242
-5.195661748710623,-2.8942010860297462
-5.194714311917909,-2.897055272395105
-5.193725854745024,-2.899862138798198
-5.193082142762588,-2.9029930971571654
-5.192766618776444,-2.905604716277441
-5.192324198755509,-2.908472469641977
-5.191862430512468,-2.911322198444152
-5.1913249203367595,-2.914294423589976
-5.190945179261154,-2.917267109879723
-5.190718039013771,-2.920380059879872
-5.190495395146442,-2.9237974275320657
-5.190258290890069,-2.9270564502229908
-5.1902553928201804,-2.9305194484256694
-5.1904089169859295,-2.9338701253157162
-5.190761150169397,-2.9374438235279743
-5.190813605376224,-2.940741037298017
-5.190930943052362,-2.943991473254476
-5.190747920399326,-2.9469044801369626
-5.190879157737524,-2.950107048470684
-5.191043317571417,-2.9532859465473758
-5.1915278876486335,-2.9568242858113223
-5.191567458658384,-2.9602233042307717
-5.1915856996207035,-2.963267143386024
-5.191144592996409,-2.966995468696707
-5.19045998683916,-2.970840010332655
-5.189944665615529,-2.974869734125203
-5.189517336371237,-2.9786620301692928
-5.189185888269947,-2.9825424796806783
-5.188642833425119,-2.986185540779854
-5.18795653802925,-2.9899308324117517
-5.186963923753735,-2.9933929457011033
-5.185713096576559,-2.9965655887628007
-5.184662681924374,-2.9995948693312067
-5.1837947405238465,-3.002792573978367
-5.182806931608299,-3.0058560361883693
-5.181653179568123,-3.0090380106499417
-5.18002193787954,-3.0117784692519316
-5.178122531622849,-3.014218805469298
-5.176400716989886,-3.0165322522897395
-5.174537699861403,-3.018715030343194
-5.172619712002603,-3.020836251871794
-5.170507843514367,-3.023095927129174
-5.168264365359823,-3.0252097270500786
-5.165793574476894,-3.0270619052297008
-5.163382719221769,-3.0288712785138054
-5.16086272548932,-3.030604653456779
-5.158236440932187,-3.0322689457053684
-5.154905152702831,-3.03486497254996
-5.151699514692322,-3.0375123727120066
-5.1481793506128986,-3.039809167309882
-5.144714116767367,-3.04225619920988
-5.141272665296581,-3.0445206080230602
-5.137941760192032,-3.0469082019848948
-5.134048175634805,-3.048774072556426
-5.130261000121175,-3.05056397894311
-5.12629793130664,-3.052157921567191
-5.12226637439536,-3.0536882385425006
-5.118266761707907,-3.0551957634829203
-5.114212956783966,-3.056642917589578
-5.110216147238932,-3.0581429101739985
-5.106487158383881,-3.0594515460478795
-5.10281243699213,-3.0608205244663558
-5.098574781309144,-3.061666680187939
-5.094128906471763,-3.0625727835555243
-5.0897265146003745,-3.0635121682353414
-5.0855435831925515,-3.064663856392718
-5.0813810014585385,-3.0658010413692196
-5.07731086371232,-3.067053769773409
-5.073005921005698,-3.068071749589809
-5.068758031400674,-3.069049024484264
-5.063706937593884,-3.070790984091068
-5.0589624297401965,-3.072547401804921
-5.054511285677173,-3.0746291329472126
-5.050529479017744,-3.0760332510360793
-5.046971899111634,-3.0774993206176053
-5.04309738616898,-3.078614790891054
-5.039600556377251,-3.079459945432281
-5.03578965300589,-3.080012852570724
-5.032175112722696,-3.080783115477031
-5.0287250364902905,-3.0814356138959376
-5.02562029416288,-3.082410081883064
-5.02236604751036,-3.083219645074688
-5.01936844478724,-3.0838453602103058
-5.016429985502954,-3.084536544965844
-5.01332861798164,-3.0850754091293613
-5.010689258627001,-3.0852833184963386
-5.0084146904225815,-3.085835683812352
-5.0063081533959,-3.0865551718680524
-5.004304264302893,-3.087201041426804
-5.002557032646914,-3.0881042773613907
-5.000880268838419,-3.0890725580550495
-4.99952411436879,-3.089811196304533
-4.998444444358167,-3.090855214357995
-4.997359807947726,-3.091894893510571
-4.996308212227975,-3.0929109489788527
-4.994842154794386,-3.0941860910404766
-4.9936487674207175,-3.095718465676246
-4.9936261760907055,-3.096570861322627
-4.993741342536323,-3.09764705306122
-4.993976205814926,-3.099001504907657
-4.994109542993725,-3.1002613322522596
-4.994450523371369,-3.1013834850463544
-4.994745611981106,-3.102421025458569
-4.995456712946268,-3.1038470765479427
-4.996380843055844,-3.105585944127446
-4.997502788249938,-3.1073416110882515
-4.998619119135183,-3.1090921401403246
-4.999680353674555,-3.110635824590507
-5.000877022372181,-3.112068804798896
-5.001868660454422,-3.1133103960518183
-5.002736487866879,-3.1146073292437286
-5.003934320926481,-3.1157373242817097
-5.0056577159820685,-3.1173580685332842
-5.007201760286744,-3.118890581038698
-5.008731198124954,-3.120299782804955
-5.010084200762548,-3.121536228383616
-5.011203696790109,-3.122537165698843
-5.012495184282367,-3.123536480317256
-5.014177661105654,-3.1242048056982608
-5.015712440292107,-3.1249634324059605
-5.017724485047543,-3.124907259261526
-5.019702525400147,-3.1248190865544543
-5.021370886876383,-3.124389150865436
-5.023008620809454,-3.123981218573007
-5.02470774439272,-3.12366495133305
-5.026459506423766,-3.1234229385050303
-5.027929403670531,-3.12338235931454
-5.029563284440908,-3.1234875632577577
-5.031440518618434,-3.123807570666264
-5.033092381398508,-3.1242887406881983
-5.034815281265364,-3.12486073157677
-5.036559680458719,-3.12549025763708
-5.038018090501413,-3.1263240674107204
-5.039323062977448,-3.126988514209664
-5.040884761086009,-3.127892448042743
-5.042019268693199,-3.129101424823544
-5.043183209379227,-3.1303428831716995
-5.044100167131062,-3.1313539153860632
-5.044919491570635,-3.1324346515230572
-5.045525358375283,-3.1332798146526897
-5.045680169467055,-3.1337041448379326
-5.045439509026474,-3.134410626685604
-5.045181037538289,-3.1345036171738303
-5.044719527346827,-3.1344071513022653
-5.044210173394081,-3.1343448342226545
-5.043901813908978,-3.133786337520437
-5.043028820972059,-3.1326987751377287
-5.041462843117907,-3.13152015083284
-5.0395119981119745,-3.1299167697028483
-5.037434272418472,-3.128062080019169
-5.035187602670425,-3.126465744137593
-5.032716003319165,-3.124658440851554
-5.029994892006353,-3.1226099519967065
-5.0270331757555935,-3.1204625745067727
-5.023593523160601,-3.117825627361601
-5.020077400376879,-3.1153059849474323
-5.016334487000745,-3.112837853445852
-5.012836501091739,-3.110621172713204
-5.0089361511180295,-3.108220960554519
-5.005219167226128,-3.1057563331745173
-5.001311886325032,-3.10311707012725
-4.997121540687196,-3.1006186613143947
-4.992585889464911,-3.0977706584893343
-4.988050023523161,-3.0955535942821153
-4.983170772422675,-3.0930786413246496
-4.978248660355615,-3.0905634611629744
-4.973763950241176,-3.0881393251553733
-4.969100368231352,-3.085696472751734
-4.963880487248757,-3.083581628600962
-4.958499718273631,-3.0813048705072377
-4.953371549189517,-3.0788474001737147
-4.94824233094978,-3.0763887705362145
-4.943347553413384,-3.0741879510823997
-4.938318178625308,-3.0720843997671397
-4.932888947777859,-3.069572854118386
-4.927375715159445,-3.0669525385815852
-4.921933529990794,-3.0642816454715667
-4.916680807458332,-3.0617946228999453
-4.911193730252725,-3.0591012059187763
-4.906060537737139,-3.056153739114668
-4.900674170155781,-3.0529455083142087
-4.8953789570924,-3.0498048377747122
-4.890282106734466,-3.0465215243539254
-4.885184428432072,-3.0432531216347485
-4.880142064530023,-3.0400612591982235
-4.875104825615957,-3.0370601508873722
-4.870040180654512,-3.033982652133426
-4.865259832274558,-3.0311710547560304
-4.86073594160143,-3.0284248094687016
-4.856129165578341,-3.0259408192202675
-4.851852118488049,-3.0237652616644093
-4.847956418543822,-3.0215305171607456
-4.844010992716876,-3.0196802745556344
-4.840432329063022,-3.018173266487324
-4.837095622681105,-3.0166834837422627
-4.833777234524535,-3.0153289908153105
-4.831099393615636,-3.0145740460380472
-4.828524182417755,-3.0137331614586604
-4.82637745107941,-3.0129642280527684
-4.824495787193783,-3.0124435128031335
-4.822972379418712,-3.0118766771831456
-4.821703051158487,-3.011486593075867
-4.820617050445794,-3.0112977227705358
-4.819869467921148,-3.011300189119338
-4.819344457769551,-3.0115079336762567
-4.819015866030443,-3.0119312133576135
-4.81891950927964,-3.012308910247164
-4.818925157120854,-3.0124339996852436
-4.819201280104398,-3.0128557359129595
-4.8197011453741645,-3.013722290280109
-4.820563521808303,-3.0145642948914757
-4.821495272776684,-3.0154195830672457
-4.822737141662119,-3.0166149556095405
-4.824288141091593,-3.0174940930023175
-4.8262322636740596,-3.0185985258103325
-4.82836604853892,-3.01988338266215
-4.830366667395913,-3.0213982218582425
-4.832361434197178,-3.023066254072298
-4.834652831520979,-3.024881786952116
-4.8374654242920245,-3.0272114239736454
-4.840304986097847,-3.0295217584042295
-4.843243688411433,-3.031938198969396
-4.846112457508854,-3.0342714739572503
-4.849013510148971,-3.0365816631967424
-4.852141696837182,-3.0391096288245336
-4.855704065467007,-3.0420733351862
-4.859112587348821,-3.0451483414461866
-4.862696751908235,-3.0484397496060898
-4.866223847613799,-3.0516651205649636
-4.869593512922074,-3.0550040288010303
-4.873150985461878,-3.0585316040595
-4.8768674922760225,-3.062225338419653
-4.880362559049249,-3.0660784745078615
-4.884256709964052,-3.0703539251363403
-4.888153198319559,-3.074241412898646
-4.892543474666719,-3.077938917591935
-4.896978170694705,-3.0816040624529872
-4.901293524399656,-3.0851623559762418
-4.905455693755456,-3.0885550686621253
-4.909981047102656,-3.0920715489387067
-4.914735887124235,-3.095802876189315
-4.919408311459025,-3.0993652168897556
-4.9240386634105855,-3.1030350937023643
-4.928241215392159,-3.1063920872311312
-4.932455060859866,-3.109761581337752
-4.936583423755426,-3.1131878761984693
-4.940517132474085,-3.1164158740927084
-4.9444899979102575,-3.1196267166662044
-4.948470245648119,-3.1232078220710493
-4.952456697224478,-3.126805507526635
-4.956173322322675,-3.130224750219979
-4.959689440887689,-3.133517564136958
-4.963082362656678,-3.1366750925535465
-4.966321464860831,-3.139505861043807
-4.969779830785539,-3.142545016740413
-4.97271474590716,-3.145755455403716
-4.975683853287174,-3.1490155278197
-4.978418827020601,-3.1524427268649786
-4.981014536475926,-3.1557382224621815
-4.983130846838954,-3.1585668067115766
-4.985179660198917,-3.1615544292609523
-4.987063168722177,-3.164515218719879
-4.989011042892342,-3.167546656343564
-4.9907747845966455,-3.1704859061085306
-4.992590896136823,-3.1736616078378117
-4.9944087515278754,-3.176839138027572
-4.996088698773014,-3.1799811962312177
-4.997745382937689,-3.1829559483370646
-4.999475104131044,-3.1860107986644124
-5.000983544389122,-3.1886295108683242
-5.002584797380287,-3.191505799167036
-5.004248093694691,-3.1944500879053166
-5.0057522340600045,-3.1974413574564586
-5.007346761544632,-3.2002931188014543
-5.008864867963129,-3.2030608712191584
-5.010227694978767,-3.205521817277461
-5.011896748692751,-3.208043951140723
-5.013375743081116,-3.210357423860324
-5.014727445153058,-3.2127262735964486
-5.01585893754526,-3.2154724426177
-5.016967746190646,-3.2181846121762754
-5.017854006293817,-3.2206608834806323
-5.018940196725955,-3.2229949506267648
-5.0198777749326196,-3.225165969324325
-5.020511744648966,-3.2274178416541606
-5.0208561378109255,-3.2295150804526425
-5.021058065943097,-3.2315832106905384
-5.0214158491806415,-3.2337927025487065
-5.021671965809228,-3.2360998790553412
-5.021851887587415,-3.2382451650847757
-5.021718114029303,-3.2400964034588053
-5.021667825205252,-3.2419007610672654
-5.021485477932185,-3.243560371270138
-5.021685258737905,-3.2454910068839555
-5.021708670612076,-3.2473372192904177
-5.021840096587869,-3.249036955707943
-5.0221673785603596,-3.250936135206772
-5.022650841630891,-3.252724595363442
-5.022811751918074,-3.2541956886890566
-5.0226971151403115,-3.255398022944475
-5.0226186223505564,-3.2565747800396183
-5.022472763401868,-3.257652106212248
-5.0225246840666635,-3.2589421263019407
-5.022405453207239,-3.260398238113246
-5.02215652554181,-3.261581060506091
-5.022246151769933,-3.26238879780741
-5.021991472185805,-3.2628565417228788
-5.021714605320446,-3.2633400387068483
-5.021380511808474,-3.2637403391561723
-5.021219148989762,-3.2643202495415835
-5.020856236992333,-3.2650431818356997
-5.020703210960296,-3.2659822474762708
-5.020414205955125,-3.2667607080195
-5.020265496429774,-3.267439678722484
-5.0198238774770925,-3.26782402450285
-5.019170623171368,-3.2680067171461467
-5.01836157568776,-3.2682999153486
-5.0178548164079855,-3.268906699334178
-5.017378455714623,-3.269467112907
-5.016773189235683,-3.2701370284642866
-5.015808165685419,-3.270737902436497
-5.014712631938331,-3.271217891885101
-5.0138626191641045,-3.2718648153029517
-5.01312735955048,-3.2726194877647297
-5.0123286298493035,-3.2735789325212408
-5.011468906036838,-3.274648179800093
-5.010396081519437,-3.2756850004505695
-5.009422699566693,-3.2768305585462287
-5.008472959805696,-3.27795933678684
-5.007753816888704,-3.2785850133027554
-5.006953928317365,-3.2791310068019075
-5.006450137628343,-3.279774749218895
-5.006194598035388,-3.280661970205926
-5.006003797360684,-3.2816199072877796
-5.00594891663584,-3.282729320928583
-5.005973076341296,-3.283796136568064
-5.006067896823098,-3.284940144700631
-5.006224398192426,-3.285734443450742
-5.0066734158222745,-3.2866105020699945
-5.00722746472265,-3.2876013489520592
-5.008021492799317,-3.2886269961007546
-5.008849240890979,-3.289882162885821
-5.009701042744101,-3.29116361291456
-5.010755251964694,-3.2920449331691044
-5.011893802208241,-3.2929061951816667
-5.013132044880051,-3.2938764208937745
-5.014581883617028,-3.2945369922521817
-5.016151278396555,-3.29562215015078
-5.0176881988109345,-3.2969951759473144
-5.019489852203788,-3.298625397462583
-5.021566384987383,-3.3000610119153264
-5.023860337342643,-3.3017363481775366
-5.026177010288933,-3.303440509950022
-5.028844805922112,-3.3048513571788765
-5.031638081444543,-3.30653183678036
-5.034629376166136,-3.3084288008571634
-5.037977739153227,-3.310462556730675
-5.041541926867475,-3.312624327336663
-5.0451921079730235,-3.3148800631797664
-5.0491677886398785,-3.3168049682629035
-5.05324946293125,-3.318638580173036
-5.057273119629985,-3.3204085178774934
-5.061521679559074,-3.3218959492433027
-5.065459392963349,-3.323208141443552
-5.069759090265127,-3.324879601956997
-5.074644056710621,-3.3264547837975726
-5.079836134588604,-3.3279817611278517
-5.084882718384666,-3.329341806316798
-5.090223348857255,-3.33031482257486
-5.095323739759499,-3.331023566744212
-5.100835729246981,-3.331848685058973
-5.106585113682952,-3.33246290972142
-5.112524646515619,-3.3323685697185303
-5.11826546205664,-3.3320653842606376
-5.124185650751138,-3.331671241395776
-5.13043550492899,-3.330979823853602
-5.136683160530394,-3.330108494859815
-5.142666937677638,-3.3289508326345034
-5.148710622751216,-3.3277520818042348
-5.154828814871982,-3.326620753804358
-5.1611556796896,-3.3256861971894764
-5.167403280579206,-3.324808751045839
-5.173514572803892,-3.3238208277655494
-5.179304124922981,-3.322494101675652
-5.184968261330471,-3.3212565800508154
-5.190587265194155,-3.3199680976347676
-5.196303287909187,-3.318768247932886
-5.20157126991029,-3.3178844568803205
-5.206865746873105,-3.3170577097977443
-5.21192080749301,-3.315972634486788
-5.216725846201126,-3.3150640651781362
-5.221342254262514,-3.313971928776613
-5.22597197950148,-3.3129018422505228
-5.230014444833264,-3.312245006874552
-5.23428168175009,-3.311839601763992
-5.238460221156668,-3.3113915833523597
-5.243206516083483,-3.3101881891951717
-5.247665379579835,-3.3087204652379154
-5.252019761438929,-3.3072295107679803
-5.256388979232246,-3.305779785587503
-5.260417233940766,-3.3045695367670476
-5.264658354371837,-3.303570171483835
-5.268642465125288,-3.30266379940418
-5.272177493590695,-3.3018040277126914
-5.27549783395463,-3.3007347683445136
-5.278599248050471,-3.2994303916214336
-5.281739263410172,-3.2980989114523918
-5.284601995004681,-3.2964906894780484
-5.287847455538926,-3.2952568714353756
-5.2907824024036945,-3.2945318472930043
-5.293638927121371,-3.293734021978445
-5.296278178919586,-3.292695231151483
-5.298822914263685,-3.2917227370166433
-5.301812258812015,-3.2912031856627975
-5.304688647399366,-3.2906013980016846
-5.307537898579904,-3.2896117946507255
-5.310250231957966,-3.2884787620537956
-5.3128283102006755,-3.287205301997275
-5.315060482816385,-3.286174410065819
-5.317485933423187,-3.285365553714636
-5.3197968219732115,-3.2844756144073117
-5.321797906435371,-3.283802800056152
-5.323669465801955,-3.2837575690087593
-5.325714596124432,-3.283905872626071
-5.327649164563585,-3.284015678191872
-5.32908721730996,-3.284264341956359
-5.330612415527522,-3.2846103415348926
-5.332174833856146,-3.284992822200059
-5.333914332784687,-3.285498656015266
-5.335874839475009,-3.2862508272681104
-5.3374484726928975,-3.2869746828439554
-5.338733627163675,-3.287504123830535
-5.339907832751614,-3.2879103897964472
-5.341222417856648,-3.288397089720818
-5.342721808728641,-3.2888231222463196
-5.344565240410232,-3.2896325210524653
-5.346162253031265,-3.2904609726208327
-5.348270213252526,-3.2914370328263556
-5.350100569056212,-3.2923440211030996
-5.351985578148135,-3.2932876759874805
-5.354293596462124,-3.29445817417937
-5.356583197676062,-3.2956181856159796
-5.35885349797636,-3.2968775085471753
-5.361425886055784,-3.2980636140776465
-5.364074774975351,-3.2992756273655406
-5.366732717596262,-3.3004804810148713
-5.36875519314921,-3.3029181629538384
-5.370744085157365,-3.3053199337189922
-5.373102141499843,-3.3074626947194075
-5.375557497352771,-3.3096872177934884
-5.378089068816602,-3.311833120972629
-5.380328752689045,-3.3138466874687045
-5.382926881547535,-3.315881725975401
-5.386032623479156,-3.3184053989234177
-5.389389313264813,-3.3207530116801247
-5.39288022494608,-3.3232425850844454
-5.396416498760131,-3.3260356946666385
-5.40036668969549,-3.3287264678719213
-5.403995144641068,-3.331111198972561
-5.40790786021485,-3.333601735561866
-5.412437083352152,-3.335805464112951
-5.417173749529454,-3.338240670951962
-5.421532297460456,-3.3410717182046286
-5.425756592038116,-3.343778277359356
-5.430359429838877,-3.345996052192199
-5.434357262437414,-3.348610055618249
-5.4388573649919705,-3.350946076457234
-5.443597592291701,-3.3535212967020054
-5.448244863769483,-3.3561688872016546
-5.453352820612998,-3.358554431370867
-5.458554552966951,-3.3610014468217724
-5.463576920153494,-3.3631422179666695
-5.468660364404543,-3.3649460237655133
-5.473585749772571,-3.366594435813005
-5.478505173065079,-3.3681645262073046
-5.483845864581261,-3.36965109016942
-5.489337760424183,-3.371269538666112
-5.494752727357763,-3.372799190133248
-5.500143959556447,-3.3740993776509827
-5.505227441235301,-3.375071403254342
-5.510430647106928,-3.3758070980667725
-5.5160844390629915,-3.3766266709443395
-5.521843695994176,-3.3775625975634838
-5.527561426278854,-3.378508881243789
-5.533271000615632,-3.379393045894685
-5.5385897223278775,-3.3798377739062153
-5.544049881971907,-3.3801644232660264
-5.5494592661039555,-3.3798120632994855
-5.554932445088452,-3.3793147399400927
-5.560497688448502,-3.37893485530898
-5.565532677316407,-3.3780067837837
-5.570802093071889,-3.377001588226113
-5.575949937885742,-3.375726340453033
-5.581009270151655,-3.374352184951246
-5.585579242655337,-3.3727907514732274
-5.5902767636086015,-3.3713312190992983
-5.594387675035165,-3.3692812972155024
-5.598233578379857,-3.366794303142389
-5.6016715796851235,-3.364155116027123
-5.604594256636747,-3.360933952949529
-5.6075629647803265,-3.35770521380317
-5.610510553280502,-3.3543024032907147
-5.612774560708301,-3.3501270324099153
-5.61485074802737,-3.345500347830469
-5.616131253308237,-3.340557952279085
-5.616887668008435,-3.335022150582377
-5.617209087579321,-3.32944770302454
-5.616950755057446,-3.323845497658243
-5.616626979219785,-3.3181674644606023
-5.615464662096252,-3.3124725866899745
-5.614273000853456,-3.3063880805262977
-5.612472326269123,-3.2997302509920874
-5.610623236807611,-3.2925756794353616
-5.608352031382284,-3.285560687664202
-5.605282019686068,-3.2786323941387177
-5.602512686392778,-3.272043523706605
-5.598660273353593,-3.2662070580019833
-5.594467390092047,-3.260057417653238
-5.590188060750289,-3.253810073450165
-5.5851024722180025,-3.248124162623467
-5.579305570260618,-3.2417841768763047
-5.5739345287369995,-3.2359255713630244
-5.567976673674149,-3.2304776562083104
-5.562074189864711,-3.2250676099862
-5.5561995730872775,-3.2196928881668825
-5.549905848828957,-3.2146126064561242
-5.54347678225648,-3.2094191324579326
-5.536871023605016,-3.2040796752997514
-5.530096332813591,-3.198860968005417
-5.523363152125176,-3.19366965015412
-5.516776910400429,-3.188631154767899
-5.509947554372514,-3.183765500704983
-5.502969776865455,-3.17873144744917
-5.496198189800157,-3.1738866999297892
-5.489709351037632,-3.168846088220989
-5.483966432753916,-3.1629411428401863
-5.478260636012126,-3.157075143148732
-5.472336085082123,-3.1516361412760245
-5.466529221674146,-3.1461171938077888
-5.460439660442066,-3.1402789012862615
-5.45495819837204,-3.1350000435965493
-5.449719943107952,-3.1295519252562833
-5.44462874365131,-3.1242696742180565
-5.439680418450203,-3.118862310955661
-5.43451633814516,-3.1129101324181354
-5.42944232328249,-3.1067025590217052
-5.42486276448217,-3.1009498939898443
-5.420555005713573,-3.095639832784286
-5.416396327652717,-3.0906598613819836
-5.412689153130287,-3.0861698243370825
-5.408717907599792,-3.0814357429863515
-5.404776549933801,-3.0768694900930837
-5.401140203723349,-3.0726970041008848
-5.39731997521536,-3.068627141282378
-5.3940058235011135,-3.065064093928401
-5.391165712734826,-3.062015029909919
-5.388405947028439,-3.058645906442843
-5.386140765922335,-3.0551775041347664
-5.383672290750924,-3.0520495273324926
-5.381460183986373,-3.0484027467708934
-5.3786758512382855,-3.0454363776597426
-5.376307560849025,-3.0430658016674563
-5.373990233465825,-3.040787754596164
-5.3720192840444945,-3.0383059586117267
-5.36996889719182,-3.0363456904407222
-5.367763433768527,-3.0342103427043887
-5.366012706290481,-3.0314975340578254
-5.364184420504273,-3.0291408144150833
-5.362551877185688,-3.027005067605626
-5.360978621620764,-3.0243176255906166
-5.359671273216939,-3.0222175689701567
-5.358013350996451,-3.019721805745653
-5.356629027436477,-3.0169253988186084
-5.354809403565481,-3.0145527828159127
-5.353187396528969,-3.0123992941184223
-5.351143645796484,-3.0096555065443615
-5.3485313656728435,-3.0072154877008463
-5.346214201282581,-3.005055030028801
-5.343510801717897,-3.0024712957408295
-5.340218510812828,-3.0003995539667536
-5.33707466350291,-2.998507414057085
-5.3336438016203225,-2.9962884873690725
-5.329968280025653,-2.9945314835937236
-5.325904106972999,-2.992741993129809
-5.321522062522582,-2.99116518249799
-5.3161673156813,-2.990255194595261
-5.310734214151558,-2.9893703751731024
-5.305451333748314,-2.988622760320892
-5.300253457522246,-2.987848960625237
-5.295293475491852,-2.9873314522128793
-5.289845399178697,-2.9863367723240453
-5.2841909870645,-2.985490325312342
-5.278920003287302,-2.9850061983197054
-5.273591027654239,-2.9847370400791946
-5.268792185580491,-2.9847950152726117
-5.2639043781135095,-2.985084860275476
-5.258726159887935,-2.985074987207633
-5.253857444839802,-2.984858369390542
-5.249226823847559,-2.984667979770674
-5.2445544330547955,-2.9844482555577625
-5.240310671063099,-2.9843577172884714
-5.236529639810229,-2.9845530371864006
-5.232750666210801,-2.984702465881695
-5.2292939676433825,-2.9846511433951988
-5.225286967987348,-2.985416801013987
-5.221127164328785,-2.9860302361200035
-5.217118277498095,-2.986811224500122
-5.213005261313466,-2.9878382542483517
-5.208990769338184,-2.988411689861163
-5.20538797107685,-2.989364810943245
-5.20207447568934,-2.9902245204213393
-5.198833331880185,-2.990927191634294
-5.195780922820332,-2.99180410283845
-5.192909654594349,-2.992510175237012
-5.190383071759349,-2.992939241251557
-5.187818763600824,-2.993352180277083
-5.185371923553679,-2.9939355482445325
-5.183097331069298,-2.9942353398796566
-5.180796557507606,-2.9943463068882137
-5.178883063663667,-2.994815265412404
-5.177377210428715,-2.9953583023383827
-5.175954413495525,-2.9961418039266907
-5.174427966335813,-2.99682971184881
-5.173355388180797,-2.9971216056953844
-5.1720231883111145,-2.9972696245215493
-5.171308622232728,-2.99798864416534
-5.171344381046275,-2.9986129928941367
-5.171217989403454,-2.9992796699119415
-5.171400331355181,-3.0002318439735873
-5.172142376953137,-3.000838808472467
-5.172697717396586,-3.0012368894688524
-5.173487554835012,-3.001998500611623
-5.174341895993652,-3.0021381923628185
-5.175567864722845,-3.002330196441431
-5.1767576100073915,-3.002563104101883
-5.178448126709401,-3.00325859561377
-5.180178535395922,-3.0038846659206566
-5.181696158554969,-3.004353546223088
-5.1827916114837365,-3.0047009763096195
-5.1837752490966,-3.0049330986699316
-5.1851927800319055,-3.0050984080819347
-5.186432177201505,-3.005442925562874
-5.187246637839534,-3.0053760208125673
-5.188000077385078,-3.0052290395348424
-5.188570280812866,-3.0051510473608554
-5.1888238849726696,-3.004738545300987
-5.189483779399433,-3.0043151984390737
-5.189726711472586,-3.0039767106773994
-5.189707070076054,-3.003395531472123
-5.189813640192191,-3.002631434527507
-5.189404157214298,-3.0016402778877858
-5.188668247068729,-3.000347441214322
-5.188323870720262,-2.9992042365331057
-5.187535303257053,-2.998478992966403
-5.1872510523747515,-2.9968310873658917
-5.1867800977906215,-2.995021176329711
-5.186612684673384,-2.9929844519260764
-5.186008362692345,-2.9906952706274508
-5.185651338215627,-2.9886754215071387
-5.185264136050131,-2.9863384779434403
-5.184584289803722,-2.9840925802188014
-5.183837667350434,-2.981796172772349
-5.183321763709428,-2.979296127528064
-5.1823507574019585,-2.97666150934643
-5.181200516812984,-2.9738644901851368
-5.1801147501955,-2.971238232894436
-5.178977629751442,-2.9684846024064844
-5.177791150137725,-2.9657025405101853
-5.176416902825049,-2.9630544501838343
-5.174906017159455,-2.9602684740714875
-5.1729107348027865,-2.9569956497720242
-5.170784459378835,-2.953816097386685
-5.168803444775726,-2.9507657378740952
-5.1668054383113375,-2.9477073111385486
-5.164797948231321,-2.944655124145379
-5.162716530055296,-2.9415352064512144
-5.160125803359234,-2.9378971902982673
-5.15753210519237,-2.9338545032433534
-5.155492354468402,-2.929288060689459
-5.15322148859728,-2.9243302411591285
-5.150974989607202,-2.919399519225957
-5.148667538451438,-2.914511980097579
-5.146575627018524,-2.9098229037387213
-5.144027605092289,-2.9045788872420895
-5.141139046288728,-2.898947176198117
-5.137930591613785,-2.8933424820351243
-5.134646400683128,-2.887652579978626
-5.131215131993338,-2.882027825889717
-5.128059132824324,-2.876663909484234
-5.124717132403299,-2.8711406647609543
-5.121039697950583,-2.865858541338944
-5.1172696211630475,-2.860478691163765
-5.113622581558537,-2.8551061939567512
-5.109825433799307,-2.8495767049370073
-5.106281434447133,-2.843926007529976
-5.10309591629353,-2.8386488893888817
-5.099737766430744,-2.8336463624143478
-5.097122258076064,-2.827880019340942
-5.094687852234488,-2.822218250643023
-5.0919259035114335,-2.8165454303881643
-5.089364979781949,-2.8110986053510953
-5.087007496224238,-2.805421973607606
-5.0848529039280725,-2.800190618554273
-5.082939366454895,-2.7948761852567405
-5.0811738546257725,-2.7895947375656904
-5.079692663469559,-2.784574994806142
-5.077771923428875,-2.779632456931191
-5.076264710669279,-2.7749641249958223
-5.074712029285151,-2.770254231860945
-5.073134178786046,-2.7658419896445956
-5.071609098939466,-2.7615118459026338
-5.070368727277555,-2.7574436925937467
-5.0688612219699865,-2.7535445136592442
-5.067564064231542,-2.74996046069671
-5.066410036481516,-2.746508248068885
-5.0654768958084535,-2.7431793578584966
-5.064776545820317,-2.739848121673623
-5.06459900699272,-2.7369974745649825
-5.064655402601121,-2.7342256583969076
-5.064671092132094,-2.731593267604678
-5.064994838399138,-2.7292440760542824
-5.065625207711895,-2.7268500432040716
-5.066839023542675,-2.7236866912654367
-5.068084607017234,-2.7205922367786135
-5.069647698921014,-2.71764323182427
-5.07157074865896,-2.715100865112147
-5.073340420299346,-2.713107621601437
-5.075653834524417,-2.711905678889036
-5.077866402976997,-2.7116398677157174
-5.080152150772512,-2.711822268058789
-5.0830449729678895,-2.7126903261425035
-5.086362702455378,-2.7137016712273296
-5.08967726840209,-2.7147280834835286
-5.093475342074411,-2.7163441961117365
-5.098138672271942,-2.7187540989447183
-5.102927970482202,-2.7209671553062815
-5.108280200268423,-2.723816769550846
-5.11410327545026,-2.726858220842153
-5.120145703331246,-2.7296701152521337
-5.126740834877754,-2.733054909194123
-5.133869426991418,-2.736874222947925
-5.141009290021344,-2.7407960963886437
-5.148435756977277,-2.7451735979679817
-5.156611150721238,-2.7502684129889365
-5.16496669269598,-2.755230592853297
-5.173365574756656,-2.760273458943737
-5.181920884052842,-2.764880769727638
-5.190258597394412,-2.770747230871784
-5.198800374461945,-2.776464619724371
-5.20758014263925,-2.7824193010876397
-5.217056388883375,-2.789039052722132
-5.226727865698227,-2.795516707872563
-5.236130641447903,-2.8017688303420933
-5.2456937405992985,-2.8081459441505023
-5.255561669878716,-2.8143025109521527
-5.265344114104931,-2.820372090372191
-5.275611129013002,-2.826913472261305
-5.285862911733346,-2.833464928357084
-5.296339847673654,-2.840270413658836
-5.306923763807607,-2.8471412910918947
-5.317735060971951,-2.8538485095491697
-5.328337096090601,-2.8603539561815676
-5.338920994932333,-2.866845951932835
-5.349778680188084,-2.8736475343990917
-5.360928655310992,-2.8807165256970553
-5.37210565373655,-2.8876242011108912
-5.3832952714962525,-2.8948129376754284
-5.393895815913171,-2.9015652725433023
-5.404122810199715,-2.9085196747580535
-5.414493455245691,-2.915451700346285
-5.42485609770809,-2.9223471993266146
-5.435179118016781,-2.9291855628363814
-5.445041624957234,-2.936921822797215
-5.4549285895134325,-2.9446407170929105
-5.4646374427799955,-2.9521969478180976
-5.474131792618315,-2.9595087896357746
-5.48381479416574,-2.96668716506196
-5.492974394973559,-2.9732952464974103
-5.501741078073122,-2.9795330059799254
-5.510779716838945,-2.9855790182632655
-5.519355516370074,-2.9910574188525105
-5.527838110735264,-2.9964925094442743
-5.5361503559429135,-3.002049077406485
-5.544089735397772,-3.0072201271620123
-5.55141391150985,-3.011800578805689
-5.558744605324583,-3.01637726608481
-5.56553602544057,-3.020356538609543
-5.572055809109054,-3.0240954201845027
-5.578235141140579,-3.028074874988479
-5.58399221884686,-3.0315999629295
-5.589092534033205,-3.034491585754896
-5.594303490828662,-3.0373059712398875
-5.598673820102727,-3.0405611024880255
-5.60223444732016,-3.0430775946596524
-5.605452057115693,-3.0459458609351864
-5.608368296440995,-3.0486885221864846
-5.611245285630488,-3.0519551029082783
-5.613716559251236,-3.0548527734289896
-5.6157335662707695,-3.058069955554774
-5.617557668678508,-3.0610914038392307
-5.618799067997423,-3.0635809228161226
-5.619703101445803,-3.0663073623785957
-5.620633670778907,-3.069037174173374
-5.621366912326401,-3.0716028335037073
-5.62169225114016,-3.074454665625055
-5.622147969545138,-3.077434716094146
-5.622080764510763,-3.0799003537710594
-5.6221106127719676,-3.082297926209508
-5.622010714471441,-3.0845473325456556
-5.62154575994736,-3.0864634911479403
-5.6208315401709,-3.0885543456784097
-5.619951590292914,-3.0904559384849857
-5.61937016330725,-3.092630121162546
-5.618606397075985,-3.0944356566262896
-5.617676284734172,-3.0961067864799547
-5.616403120875521,-3.0976174443865845
-5.615154664267224,-3.0987764350527254
-5.613942216725445,-3.0998291923448287
-5.613037420464333,-3.1005899358463185
-5.6120740428784925,-3.101312055604875
-5.6111777511852905,-3.102144297080379
-5.610312459991238,-3.1030049215251707
-5.609539275528547,-3.10364333265863
-5.608755565544497,-3.104270736198974
-5.607800905109678,-3.10474196617783
-5.6065727725507895,-3.105149028667759
-5.605687869752773,-3.1055122837996936
-5.605108769995594,-3.106155151137981
-5.6046518068407325,-3.1068049700010465
-5.604366042974447,-3.107718845510939
-5.603697560753045,-3.108282876721415
-5.602637554786168,-3.1087823889527644
-5.601891399588984,-3.1093033118912987
-5.601532343142261,-3.1101782282324497
-5.601183845555105,-3.1112781818726476
-5.6011276709237094,-3.112711147934639
-5.601285253926979,-3.1143396042222418
-5.601432855712508,-3.115913229596731
-5.601667826688519,-3.117439624632578
-5.602209821271785,-3.1188052170761993
-5.602930298018689,-3.1203673279009845
-5.6035158054577945,-3.122023938829935
-5.604873337254927,-3.123156405823841
-5.607014944072841,-3.124562251309875
-5.608927252218087,-3.1257070172791352
-5.611171583768403,-3.126619372870356
-5.613073713201443,-3.127209503375788
-5.615387152667833,-3.1275034637300663
-5.617805093575747,-3.1275042211327237
-5.620418494326685,-3.127105208933872
-5.6229993372580145,-3.1266765616998486
-5.6254224521328124,-3.1262871785468738
-5.627949400978365,-3.1256359564390714
-5.6302565887554135,-3.124767971048988
-5.632443212002154,-3.123716693569998
-5.6347524815542975,-3.122434069012166
-5.637346771388777,-3.1214481168543418
-5.639707326503534,-3.120540023924157
-5.642035935222168,-3.1194996186112283
-5.644215315316187,-3.1183224626040835
-5.646428809768115,-3.1171193416195466
-5.648628694282751,-3.1159001745682064
-5.6507646837286645,-3.1142942008011163
-5.652896511392307,-3.1127572103607197
-5.655069738657255,-3.111266995519363
-5.657362303416126,-3.1099609007373004
-5.659262467415749,-3.1086356568971536
-5.661100890299633,-3.1072394129703906
-5.662988968192526,-3.105696921284956
-5.664566393683293,-3.1038459345051734
-5.666040014127012,-3.101875818766534
-5.667445094054865,-3.0998141171127283
-5.668638722971177,-3.0978468133182218
-5.669691928128333,-3.095718475702655
-5.670816467298574,-3.093730500395534
-5.671699797062855,-3.091304752938357
-5.6723471589609495,-3.0886084758200134
-5.672928818597488,-3.085652660376322
-5.673330982700673,-3.082649200767371
-5.6734765455004785,-3.0793513994069825
-5.673884847020092,-3.076207160699517
-5.674276391177924,-3.0727114903350476
-5.674248324680499,-3.0687342412832916
-5.674235099747301,-3.0644061096376753
-5.674640310475043,-3.0595454223184753
-5.674414831182441,-3.0540208456608475
-5.673974449969695,-3.0484319946369705
-5.673275757478612,-3.042589666781722
-5.672577270433175,-3.0367445891924922
-5.6717058287905155,-3.0311639516464473
-5.670826972343882,-3.0255809180247875
-5.669659663856558,-3.019615606029679
-5.6681033469046245,-3.013482025519699
-5.665750473601482,-3.007020184268425
-5.66358754394061,-3.0007708315722934
-5.661366729890401,-2.9945606499828825
-5.659356321200201,-2.9885657289310323
-5.656753103014258,-2.9827054961701154
-5.654644055529409,-2.9767199013233334
-5.652314542295361,-2.9710864629240885
-5.649948626898409,-2.965419604710962
-5.647741158073558,-2.9597123751651377
-5.6452044659975815,-2.954037706099822
-5.642898798428323,-2.9485723542292055
-5.640960726413899,-2.9431178799361106
-5.6387100058870185,-2.9376994571697126
-5.636092058514019,-2.931947503352843
-5.6335394634991705,-2.926235601771995
-5.6317996868721005,-2.9192809399160633
-5.630082535304737,-2.9122894808855153
-5.628494800209264,-2.9054217012159818
-5.627298444082042,-2.8987000396896936
-5.625841260458044,-2.8920570359971753
-5.6240642363537825,-2.8851241838211306
-5.622473952201818,-2.8778390720143037
-5.620493592013675,-2.870016144741969
-5.618817017141968,-2.8619268265635798
-5.61709953186063,-2.8537896513990773
-5.615564529267383,-2.8455220307840707
-5.614268447577665,-2.837469727362242
-5.6124794366850566,-2.8288469001047156
-5.610678203666964,-2.820230873111164
-5.608267185574838,-2.811062335532729
-5.605784894609787,-2.801810415354196
-5.60346360888298,-2.7924422240671167
-5.6008157465407304,-2.7826911486918893
-5.598095709768554,-2.7732328803337203
-5.594210461443051,-2.762837042445606
-5.590263716466239,-2.752656549873492
-5.587237278269518,-2.740677538890041
-5.583476716590321,-2.728121597623837
-5.57985520975404,-2.7158301853567557
-5.576277896636159,-2.7035899769065095
-5.572239980302702,-2.69129948235036
-5.567597764716678,-2.6794306280210076
-5.562834511153837,-2.6674747187147076
-5.557777565329546,-2.6550234551752494
-5.552990271829589,-2.6428230770369603
-5.548137687205809,-2.6305638975956613
-5.543194454609885,-2.6182197392620696
-5.538251650580271,-2.6058313398172412
-5.533340880048142,-2.5934715993138227
-5.528341216562843,-2.5807243019501325
-5.523765438375626,-2.5680557336581575
-5.518871389269277,-2.5551009882647024
-5.513724565971017,-2.542146973376758
-5.508455099905057,-2.529162640296922
-5.503228919463512,-2.5162168957040274
-5.497354699024212,-2.5032521547299407
-5.49167850300196,-2.490393178512882
-5.485810263273755,-2.47736190727697
-5.479815238073743,-2.4644085506348525
-5.474962974866137,-2.45009230989063
-5.470098494218762,-2.43565918752927
-5.465282924074447,-2.4216293992870517
-5.460595938639497,-2.407750975713976
-5.455971172540921,-2.3942229893150158
-5.4512790400809985,-2.3806664007355494
-5.445639694391966,-2.368279436897143
-5.440348376619123,-2.356088543810096
-5.434958378235062,-2.3438098815530046
-5.42952444475209,-2.3317901087816852
-5.424145989592334,-2.3198404823073684
-5.419104288017855,-2.3081422971212926
-5.414038156043817,-2.296462520344072
-5.409504241085071,-2.2854070640690938
-5.40475491909942,-2.274701375442196
-5.400191725547102,-2.264379675394673
-5.395207385680834,-2.2541356928776253
-5.3905829211321805,-2.244213267163484
-5.386554701079277,-2.2348431546414673
-5.382604164203163,-2.2255763460227374
-5.379312249198337,-2.2168971130459894
-5.376391317200823,-2.2083765556330524
-5.373218507890238,-2.1997776767675203
-5.371850598917044,-2.19034520267521
-5.370771065225245,-2.1808457069158003
-5.370710352774243,-2.172382347771323
-5.370791782383441,-2.1637688855315065
-5.370037676376606,-2.1570198045733218
-5.370192905520231,-2.1506978652470377
-5.37044700595323,-2.144329242212675
-5.370725920928301,-2.138055529935168
-5.371134262873683,-2.132065906419207
-5.37162964210742,-2.1258511124012385
-5.372724202341707,-2.1201685583621566
-5.37425455216015,-2.1148912076042286
-5.3758538034300445,-2.1097588578308697
-5.377007149982536,-2.1046292200635324
-5.378210510304267,-2.099559453143617
-5.379154812187769,-2.094682244500679
-5.38031618769136,-2.089998223941261
-5.381913566787377,-2.0858303308361554
-5.383228741097637,-2.0818722445872875
-5.384876049259505,-2.07820929772704
-5.386539972830106,-2.0745670005015966
-5.388120258033248,-2.070987177587837
-5.389582109414919,-2.0673034622749302
-5.391509765686402,-2.0641721874742904
-5.393664607349389,-2.0606763096486533
-5.396163399546442,-2.05735063886519
-5.398833103009618,-2.0541797394681582
-5.400411641246259,-2.0524049053571742
-5.401958122649699,-2.0506539383824784
-5.403050729511951,-2.048506801017976
-5.404312735072101,-2.04618032408013
-5.405728025491972,-2.043689402852842
-5.40722349963761,-2.041269818424039
-5.408756491707591,-2.038963315203916
-5.4100494350272905,-2.036586181543327
-5.4113039890893635,-2.0341755974922107
-5.412628216766144,-2.0314851640671567
-5.413923490032342,-2.0287560793551287
-5.415051296032898,-2.0259335117434594
-5.41608388053482,-2.0231819567000584
-5.416760579422304,-2.0200082714390213
-5.417798301735386,-2.017153579343966
-5.4190701363055656,-2.0141251326915017
-5.420212616811306,-2.0109432646903818
-5.420744530126331,-2.0072231346316074
-5.420889544383773,-2.0027877694855687
-5.42090561176627,-1.9983202233976072
-5.420781065364222,-1.9937288093298737
-5.420073429532358,-1.9893882331994934
-5.419230607522761,-1.9849713580194546
-5.417108733308846,-1.9818765057074883
-5.414599286274081,-1.978927342027634
-5.411667086842844,-1.9755737996680158
-5.408734582032799,-1.9722198938710025
-5.4052404340760445,-1.9692102977910526
-5.401322938010131,-1.9662082346705263
-5.397302066562577,-1.9630830714591532
-5.393160052122039,-1.9604131851635769
-5.3885994598917515,-1.957206403474282
-5.384122447731119,-1.9540988173352885
-5.379256581092505,-1.951050421424
-5.374028047768626,-1.9477745584439194
-5.368705153619214,-1.944386055604976
-5.363463180883014,-1.9413575641347336
-5.357938859199841,-1.938089202954008
-5.352470483954412,-1.9344329297887026
-5.3468465473247955,-1.9310713920307394
-5.340625724473613,-1.9271221863340697
-5.334048560525443,-1.9234408789677937
-5.327589825112672,-1.9195115399600855
-5.320860057237194,-1.9152596864976281
-5.314199621830207,-1.9108372766630928
-5.307700091562812,-1.9066973083003533
-5.301044154549089,-1.9023712112810307
-5.293807500093049,-1.8982024950683987
-5.286382721053245,-1.8941760701016215
-5.278546442673573,-1.8897105422132667
-5.270894836228909,-1.8854246165802764
-5.2631253502275905,-1.8812283763799995
-5.255453284412094,-1.8770865149772178
-5.247659882656772,-1.8731576615314522
-5.239822853592296,-1.8693140675964868
-5.231866600090239,-1.8653380676169895
-5.223752312498957,-1.8611650063841194
-5.215630703553392,-1.8572507717997628
-5.2074213737159125,-1.853230214973441
-5.199010733322485,-1.8494263628778145
-5.190735897385226,-1.8457822769057073
-5.182163180494509,-1.842540208566022
-5.173150445905534,-1.8392040507076042
-5.164371961178047,-1.8361431679364
-5.155146624835824,-1.8330395819659835
-5.145577594020497,-1.8305446805009222
-5.1365456196245765,-1.828681536058387
-5.12745243830865,-1.827416614399182
-5.118668688203745,-1.8269180131815328
-5.110015471511495,-1.8264490107821376
-5.101093719848582,-1.8263805665714286
-5.092603067541851,-1.8261627689231668
-5.084776403181264,-1.8266443537748944
-5.076936265281771,-1.8275016156664026
-5.069687997617256,-1.8283949618156137
-5.063071632093198,-1.829901709626706
-5.05630299211138,-1.831574094642353
-5.050035239485298,-1.8328527129093577
-5.0441494954408865,-1.834523224604782
-5.038585892144824,-1.836127022078579
-5.0335566357280666,-1.8376475349704913
-5.029099062645926,-1.839579558525162
-5.024762947867227,-1.8416518095379726
-5.020642407550234,-1.8435140545996973
-5.016964851956486,-1.8455364917261485
-5.013456973262794,-1.8477559640020025
-5.010381071052739,-1.8496768007052276
-5.006750058496698,-1.8530544197118335
-5.003419866496155,-1.8565543257248533
-5.000280893042628,-1.8597743558755584
-4.997828003819728,-1.8636055567423975
-4.995781964866392,-1.867127736547098
-4.993845653654448,-1.8711749098040016
-4.9922192507632355,-1.8755967016384492
-4.990839432004539,-1.8799504606045783
-4.989614659380885,-1.8843212978661799
-4.98873053002234,-1.8889811182315208
-4.988099049013525,-1.8939156611647072
-4.987923101303317,-1.8991803761639252
-4.988314495305882,-1.9050198923344959
-4.988924892050382,-1.910485036799596
-4.989784480810203,-1.9160791287735621
-4.991031823067982,-1.9220431395440751
-4.992393164847457,-1.9278002556714946
-4.994187390848522,-1.9339271104363398
-4.9966405454911955,-1.9406662616314763
-4.999881230535753,-1.9476102695671527
-5.003489494947762,-1.9546570528395484
-5.007366437682447,-1.9620167063572018
-5.011574084664267,-1.9690628887877608
-5.015194590161633,-1.977801010105851
-5.01949271970518,-1.9865572656387653
-5.0244348946315185,-1.9952556727221185
-5.029741136393219,-2.0042903394099123
-5.035328237834977,-2.0132428540121463
-5.041615224143892,-2.021323633177652
-5.048074816849484,-2.0294836374432306
-5.055210935468787,-2.0376724716825305
-5.062613333181593,-2.0456853143529723
-5.070439715727402,-2.0540602973469007
-5.078962071981366,-2.0619176816429436
-5.087682509847761,-2.070003047648793
-5.0960976672167515,-2.077710150943036
-5.104820734873181,-2.0851922182048344
-5.113133793419831,-2.092275066974111
-5.121687271356119,-2.0995206045377324
-5.130587404438948,-2.1065133362039443
-5.139539388578818,-2.1135623611999597
-5.148405055466979,-2.1204816118598573
-5.1571712357963735,-2.1274818961638253
-5.165631791625902,-2.13417347624323
-5.174141111219386,-2.1407812690877
-5.182712862125885,-2.1473363601934845
-5.191055525500699,-2.1536148799047727
-5.199523812605246,-2.159806572704242
-5.207810463832409,-2.1657877503887195
-5.215972783998588,-2.171626747305169
-5.224674937747922,-2.1765036773809925
-5.232891649889597,-2.1811417608347403
-5.240967533126382,-2.18561339280147
-5.248431098741675,-2.1900623073505097
-5.25588539766138,-2.1944909443984817
-5.263184545176589,-2.1987367005610996
-5.270063393359368,-2.2033746668378984
-5.27642638878946,-2.207840105287601
-5.2826869612701755,-2.2121848485826106
-5.2881183521198345,-2.216495368241185
-5.293316237509029,-2.2205469834852742
-5.298374327848492,-2.224434633547004
-5.302626167457212,-2.2283959204512955
-5.306397196333425,-2.232501206645042
-5.310017009795993,-2.2364296647520305
-5.312788342569035,-2.2404885225858657
-5.314947138946028,-2.2443110790622267
-5.316912624607656,-2.2479078512203574
-5.318111859429433,-2.2511237503137207
-5.31922161673085,-2.253680060857032
-5.3201529387496365,-2.2560926430288593
-5.320577131821996,-2.258551363583432
-5.320476461799769,-2.2610626820187836
-5.320829968504524,-2.2617348786118963
-5.320960637033088,-2.2621466993764905
-5.320727858436744,-2.2628724646593708
-5.320218181894599,-2.2632613372466235
-5.319554252755787,-2.263469845727958
-5.3185300631938714,-2.264181191732358
-5.317268789409121,-2.2643179429820752
-5.315746861010278,-2.2641499606728956
-5.313894286085734,-2.2641032924806392
-5.311593169737938,-2.263553166030077
-5.308665522670748,-2.2628593060639104
-5.3058183207852725,-2.2621859272677387
-5.303024301078106,-2.2613377468357245
-5.300235964523785,-2.2606889320275663
-5.297540122819659,-2.2601549748660044
-5.294726892895994,-2.2589984919282267
-5.291588440026725,-2.2577739505872882
-5.288516693649153,-2.2565983687103355
-5.285310147366614,-2.2553551485753287
-5.281816440288939,-2.2546061225824743
-5.278671280093233,-2.254199874817864
-5.275618741436013,-2.2537798431518583
-5.2724049146894725,-2.2532952330535228
-5.269271801276358,-2.2529530556865414
-5.265838714239697,-2.2528330140757404
-5.2624435709762425,-2.2527529889606486
-5.2593223541658345,-2.2529473771346273
-5.25653828859358,-2.2528931582362497
-5.254173877570022,-2.253227624260994
-5.251798049103917,-2.2536086310819132
-5.249613944285755,-2.253606425908601
-5.247355456377518,-2.25353720003304
-5.244881546315221,-2.2534256257566274
-5.242801477227951,-2.25289942530357
-5.24099235295194,-2.252275537891848
-5.23892892253578,-2.25144092240928
-5.237134223536022,-2.250407919847973
-5.235423482545351,-2.2494017387039373
-5.233121250501447,-2.2486353585795027
-5.231316820445551,-2.247527246666861
-5.229283810246448,-2.2463937139122656
-5.227080133638383,-2.2450616506936134
-5.225233558411167,-2.2434653087469663
-5.223623701335075,-2.24208111531497
-5.221816769446615,-2.2404677266370316
-5.219994182546803,-2.2388657162326178
-5.217517630701827,-2.2377592840703113
-5.215037719747455,-2.236649138851687
-5.212588586490807,-2.2355158776958803
-5.209972482669109,-2.2342347991467344
-5.2072949462080205,-2.2328612356849242
-5.204568976420011,-2.2314278615739194
-5.201693300944398,-2.2298603967747797
-5.1989488967628485,-2.228549096932747
-5.196042143840769,-2.2275274755185692
-5.192743889340621,-2.226154911707456
-5.189125280684647,-2.224830139077341
-5.185485966618475,-2.223490596854285
-5.182037093122832,-2.222321883667397
-5.178650799465866,-2.221339431214311
-5.175441611110779,-2.220928905561309
-5.172045371277292,-2.2202226823225164
-5.168612359385442,-2.2197050639115568
-5.164960318757454,-2.218933160269207
-5.16160957354634,-2.217982002554179
-5.157956970249891,-2.2172763758956817
-5.154532251795045,-2.2168351453227055
-5.151310985932702,-2.2160728389913786
-5.148513903135352,-2.2156380559083915
-5.145749635780376,-2.2146535407032246
-5.142902524194009,-2.2133515968917217
-5.139808488230611,-2.212145753907979
-5.136769395885181,-2.2110036035754006
-5.134260285141623,-2.209762943366683
-5.131936492609144,-2.2086202867853246
-5.129642605084834,-2.2074073923196664
-5.127103424705085,-2.2059524735404827
-5.12477943708385,-2.2047138788763854
-5.122623980829423,-2.20325450945113
-5.120861078352458,-2.2021917025274322
-5.119227023691996,-2.201273261839494
-5.11772784316323,-2.200407647414157
-5.116209205099589,-2.19931146928529
-5.1151249056074235,-2.1986053884124623
-5.1142588413828785,-2.1980991361203843
-5.113669459567722,-2.1978527737303706
-5.1134532520244065,-2.197730312621402
-5.113348110527998,-2.1977550696389363
-5.11369639373276,-2.197251184763588
-5.1140114186337575,-2.1967087283356954
-5.114739276117409,-2.1963573144070048
-5.1155421427214,-2.196254862085666
-5.11679496593829,-2.1963246434309163
-5.1182913103677965,-2.1966130500069814
-5.119817366693239,-2.1969385856162273
-5.1216525594507445,-2.1972417952716468
-5.123519797142843,-2.1975737090876595
-5.125107086321675,-2.1980105000587
-5.127164106773398,-2.198418481371445
-5.129824681069213,-2.199368176115454
-5.132521381388068,-2.20042965788087
-5.135417057193103,-2.2017254343251715
-5.13833372136085,-2.203039978609506
-5.140823028690981,-2.2043171232767564
-5.143702042614569,-2.2055684011824535
-5.146941854453292,-2.207143370553265
-5.150148122670348,-2.208933914582922
-5.153716151075742,-2.211134886744532
-5.1573586438518015,-2.2129652155024693
-5.160932387020727,-2.2147015721743006
-5.164724395488128,-2.216181526979509
-5.168600239677095,-2.2179074513138763
-5.172582264992193,-2.219728653499285
-5.177009084546795,-2.221949124825586
-5.18186332712849,-2.2245058499763495
-5.186885965923037,-2.2272617061073485
-5.19218204892877,-2.2299092971526746
-5.197162513672307,-2.2327760156210905
-5.202075342384515,-2.235049333395847
-5.20758773172739,-2.23789455968617
-5.213125277103621,-2.2410519587318762
-5.2190328374089585,-2.244022660213154
-5.225410334899844,-2.2474304464254073
-5.231515227137089,-2.251189853115151
-5.237720239334323,-2.2546385168981438
-5.244135170276649,-2.258365998832729
-5.250671363426184,-2.262234644780564
-5.2574725457181675,-2.2655305038571663
-5.26455544862801,-2.2694381774285843
-5.271503672891257,-2.27310467568781
-5.2785841327996375,-2.2769245467649415
-5.285760631248657,-2.280673745396173
-5.293198899265406,-2.28469187241148
-5.300117144008169,-2.2882014912808852
-5.307273377349078,-2.291634552829797
-5.314763936138208,-2.295347672084816
-5.3221089424955235,-2.2988906632828603
-5.329735604323307,-2.302344272459232
-5.337384569058098,-2.305925642577408
-5.344873993530447,-2.309320206847783
-5.352306755401489,-2.312666040989759
-5.3598068726182495,-2.3159317056991213
-5.36712072466466,-2.318979086709028
-5.374285608652787,-2.3220367352389713
-5.381578126950872,-2.3252056587203325
-5.388574893503597,-2.3280280615920104
-5.395499531804628,-2.3310853955809336
-5.402275129132035,-2.33363807224783
-5.408748832622328,-2.3358366891983713
-5.41479823719019,-2.337961130537905
-5.420656144783105,-2.3398534146435424
-5.426157056747191,-2.3413269971911954
-5.431369856801006,-2.343177170294004
-5.4370347391230105,-2.3445526373578587
-5.441804393558012,-2.3450125771083896
-5.445898488774038,-2.3457797772370057
-5.4501894196004494,-2.3465194778629987
-5.453634395715765,-2.346405361130562
-5.456033024138177,-2.3471875566148874
-5.458337664730895,-2.347874594162949
-5.4602095753426045,-2.3482987432608837
-5.461100693898254,-2.3491355935765923
-5.46202652746971,-2.350071144048024
-5.462033358759217,-2.3502127129417762
-5.460652017910556,-2.3507129045412047
-5.4590779014583255,-2.3509868575431274
-5.456978823975075,-2.351128933912629
-5.454412697943582,-2.351626873352571
-5.4515969105994415,-2.3524569113832947
-5.4480283329831325,-2.352613990771746
-5.4441514599685465,-2.3526700066394333
-5.43971241238972,-2.352674428184674
-5.434543264575423,-2.3520255925649907
-5.429109456873056,-2.351423140333051
-5.423241400213745,-2.350790426803145
-5.417131249595942,-2.3499399691824383
-5.410678818091527,-2.3494829048863197
-5.403692473064706,-2.349417918890372
-5.395977145325478,-2.3486368013202146
-5.3880758484490725,-2.3477627836385118
-5.379739971184143,-2.346963471765561
-5.371128519525974,-2.346102169871371
-5.362596465045329,-2.3453097611743408
-5.354137298844792,-2.3447661908842807
-5.345315111709283,-2.3445232055122758
-5.336127728979814,-2.343950097708413
-5.326696707752564,-2.3434397765434682
-5.316867075168789,-2.3428578159653717
-5.306808234968964,-2.3423893109789757
-5.297064897740976,-2.3422829362681283
-5.287405096211224,-2.3421183831738586
-5.277865032693784,-2.342034728225533
-5.268242235011326,-2.341870767335642
-5.258929234133596,-2.341896839260952
-5.249658986314735,-2.341691377271533
-5.2408991333664465,-2.3420054424958243
-5.231522019289768,-2.3433217961454673
-5.222560761056355,-2.3452024600854515
-5.213625978171491,-2.3471390749062477
-5.204934054604464,-2.349172690124631
-5.1964251241724755,-2.351367629525737
-5.188242149333565,-2.353934829963406
-5.180485493174979,-2.356189057267691
-5.172671496292322,-2.358872347858353
-5.16593450908623,-2.362674776963386
-5.159799659214147,-2.3660335926433635
-5.153440270369365,-2.369171650406592
-5.1476484686268105,-2.3728391591489286
-5.142802159779713,-2.375809536196284
-5.138286728193711,-2.3790871922052617
-5.134286285711525,-2.3828691168864786
-5.13115998286379,-2.386006243726481
-5.127776129179683,-2.3888497984764063
-5.124784744446487,-2.392002324457989
-5.122870228069594,-2.3943607516229704
-5.1210861108195855,-2.3968406506465305
-5.119565348696706,-2.399579366992833
-5.11869360722522,-2.4018396697634996
-5.117917100823578,-2.4041671457914817
-5.116396739604548,-2.408175032606107
-5.114868539541914,-2.411921205284462
-5.113711525652214,-2.4158585570431734
-5.112792184735695,-2.4200123948029235
-5.112070287044521,-2.4240455736222457
-5.111784027909976,-2.42810856243713
-5.111697661356941,-2.4323538590178746
-5.111845419281377,-2.4360769073103543
-5.112237579793963,-2.439621021798998
-5.112793834405795,-2.443369517396111
-5.113405810391953,-2.4471459234746455
-5.114523300234744,-2.4505515618874214
-5.115893423151901,-2.454243482294215
-5.117163096917803,-2.4576690682218882
-5.118401571534881,-2.4608962179378455
-5.119754609912241,-2.464223851691798
-5.121466671701205,-2.4673642224094534
-5.123611769759573,-2.4706566966349186
-5.125928167151637,-2.4741512832750305
-5.1285007274822885,-2.4773743788663465
-5.130900788129858,-2.4804001682240937
-5.133458185508389,-2.483695919731949
-5.136061613152471,-2.4868252551901846
-5.138516238808779,-2.4901746278495507
-5.140968984098515,-2.4935205424650504
-5.143192780357594,-2.496925737725585
-5.145065584344962,-2.5000572598003292
-5.147829988918311,-2.502137703209725
-5.15069121860968,-2.504114931481614
-5.1536833723433055,-2.506184631316381
-5.156859997721709,-2.508294222949288
-5.160401661266609,-2.510734914793106
-5.163923839316631,-2.512886435524259
-5.167632550737823,-2.5153227694866525
-5.171190534672358,-2.517622073532053
-5.17445846494374,-2.5195324231080547
-5.1777221168537775,-2.5215274331739104
-5.181503900224725,-2.5239922861088746
-5.185609926512218,-2.526072932366178
-5.189625315155836,-2.528237377424215
-5.193733917041895,-2.5300205063004926
-5.197529223925966,-2.5314436447520245
-5.201549579594832,-2.532704042027752
-5.2058846681223825,-2.5342488970126547
-5.210465767994933,-2.5360742502842175
-5.214961650677167,-2.5379639185108736
-5.219621887579636,-2.5400017284751857
-5.2246960214134415,-2.54059141533604
-5.229670719790056,-2.5412552202437078
-5.2344630534522,-2.5417523626733223
-5.240331216280019,-2.540862830684552
-5.246674634196789,-2.539894892639303
-5.2528461441026435,-2.53893216914906
-5.259018275870212,-2.538091890828977
-5.265230366057972,-2.5372954947567163
-5.271019324868396,-2.5365284402740698
-5.276597656781481,-2.5355463406169405
-5.282297739612536,-2.5347027967340203
-5.2878391737281145,-2.534058409407269
-5.293240394446056,-2.5336252502401333
-5.298927129716872,-2.5335198121570497
-5.304410779233862,-2.5335635812457222
-5.309628530741599,-2.533597214164343
-5.315013138364514,-2.534026690044885
-5.3203458627664215,-2.5344383581241456
-5.3254820479841065,-2.5348771879328154
-5.330442718165436,-2.535674459440377
-5.335431611570701,-2.5365041477146852
-5.340983179436521,-2.5364558311323515
-5.34632772079567,-2.536404506186788
-5.351670929840767,-2.536352117411177
-5.356823648144971,-2.536051629189323
-5.3619504274921574,-2.5359587726019046
-5.367331298705736,-2.535747748728946
-5.3725049600098,-2.5352812428505875
-5.377772731506116,-2.5349000691388444
-5.382924534673196,-2.534317874493529
-5.3882764465164,-2.5334368019696525
-5.393423648228058,-2.5323715214223674
-5.398514752216714,-2.5312721349865113
-5.403453787441137,-2.5298379098601007
-5.408331398868838,-2.528348495246851
-5.412934664161908,-2.5268121317874037
-5.417488530312714,-2.524893840614704
-5.421927124331946,-2.522871728963088
-5.426184404716382,-2.5206964963004417
-5.430637113609156,-2.5182997178658475
-5.4349485859142765,-2.5157756648452163
-5.438838621499369,-2.5135300694781977
-5.442774450942647,-2.511235651075181
-5.446258517984031,-2.5089560028009705
-5.450270786540653,-2.5063030435846385
-5.45428483892183,-2.50364877919264
-5.45812671472212,-2.5008749867645452
-5.461873191581207,-2.4980007956155994
-5.4652757946745005,-2.4953759820136985
-5.4683110790566625,-2.4923997061749574
-5.47104895884969,-2.4909494589791463
-5.473625958563517,-2.48961585175688
-5.476423040808784,-2.488537063927101
-5.479006430673461,-2.4872519392386443
-5.481139710341453,-2.48629313314843
-5.483320230557732,-2.4854272321967352
-5.485545673570448,-2.4844784300353124
-5.487709575592512,-2.4834787837303702
-5.490267232718308,-2.4828923976944424
-5.492758130991051,-2.482269726786867
-5.495192761653069,-2.4816033093113314
-5.497647325107473,-2.480974574852837
-5.500157059962299,-2.4800570302475644
-5.502398017294973,-2.4789853090392886
-5.504673555360527,-2.477954640299969
-5.5073411645123125,-2.476826164490697
-5.50980596803261,-2.475461178468937
-5.512789864643881,-2.4737467488182
-5.5159480606693325,-2.4718054941254346
-5.518846743405542,-2.469632476622708
-5.521228928708495,-2.4668558765056443
-5.5233749969916595,-2.464763249656881
-5.52564662138262,-2.462782726571504
-5.5278909650609735,-2.4607699917981782
-5.530329321389372,-2.458616611236575
-5.532515404029637,-2.456237359652573
-5.534257597512987,-2.453337808747283
-5.5361579852702,-2.450323398979421
-5.537853804788689,-2.447125635530667
-5.539545234055402,-2.443922182830146
-5.541249151034427,-2.4407094669031153
-5.543068483157262,-2.4375993236273246
-5.544437096568188,-2.4339597854753237
-5.545715299271818,-2.4303853963851236
-5.546298662998877,-2.426152815300086
-5.547128280878052,-2.4219868786164067
-5.547655341808515,-2.4177935905876553
-5.5483105874390946,-2.4137140481208355
-5.549025077009569,-2.409875800758711
-5.5495199989237305,-2.406232500972485
-5.549605899355411,-2.40222409697456
-5.549985387986084,-2.3978293206495134
-5.550263357775671,-2.3935081521060466
-5.550695571804089,-2.389399716039404
-5.55059995052584,-2.3857006277245976
-5.550104105941026,-2.382292387032499
-5.54942827021397,-2.3786723714799662
-5.548902253891901,-2.3751857566391816
-5.548221464814844,-2.371811611190726
-5.547825766210314,-2.368772999339923
-5.54690866046328,-2.3652701338905393
-5.5460788262639475,-2.361703970633797
-5.5450242225017625,-2.3578732567955045
-5.544079523643986,-2.354140435580661
-5.543208913704222,-2.350637659944309
-5.542219268456626,-2.3470278110231444
-5.541059012899617,-2.343208129933361
-5.5399337559484865,-2.339363027004358
-5.538529963465746,-2.3352063883552368
-5.537212205606696,-2.331136040497995
-5.535859959047075,-2.327090813757439
-5.534511259295417,-2.3230280949640933
-5.533278113545558,-2.3190570564397843
-5.5321867830795,-2.314982382618382
-5.53159902311192,-2.3100916429760145
-5.530629572218251,-2.3050570445221923
-5.5295479710600155,-2.2998903014333805
-5.528203908809311,-2.295160861106737
-5.526932215243351,-2.2906734776629794
-5.525694140431194,-2.286191507275881
-5.524756503084113,-2.2819548745894567
-5.523502726442831,-2.277911055910264
-5.522060555776356,-2.273653897122698
-5.5208188396121685,-2.2693801333136774
-5.519284718972477,-2.2652479962778753
-5.517774746531483,-2.2613183482876087
-5.516493924519599,-2.2576594076680165
-5.515217584408321,-2.254274847684704
-5.514400531498961,-2.2508427284000043
-5.513710420275664,-2.2475606231192446
-5.512591635514607,-2.2443765890927954
-5.511522615412883,-2.241078960003258
-5.510571439107989,-2.2379207119760314
-5.509605067083043,-2.234739559700474
-5.50933048011286,-2.231793617218219
-5.508807151659473,-2.228777072526105
-5.508124531174135,-2.2256577724914504
-5.507516739360757,-2.222467085654286
-5.507414529390869,-2.218616951767272
-5.507085911437835,-2.21449935728783
-5.506459710154701,-2.21058775510564
-5.505508282748419,-2.207022482656599
-5.504517565349654,-2.2034863176633026
-5.503297042437539,-2.19971927617171
-5.502217008668166,-2.1960738788557856
-5.50097327889912,-2.192548978607378
-5.49939467967159,-2.1887425102185216
-5.4976786836699505,-2.18480683160607
-5.496053310260101,-2.1808050397352736
-5.494261404170564,-2.1765956534949975
-5.493046361797871,-2.1729717947781215
-5.491660379979289,-2.169474035700022
-5.4901610452123615,-2.165879952133331
-5.488585140744385,-2.1621809123480067
-5.4869401454535,-2.158246310914788
-5.485382199202061,-2.1543888936714324
-5.48418494776995,-2.1509590063583475
-5.482871881694734,-2.1476148306934837
-5.4817102188366755,-2.1444048377567873
-5.480442085539005,-2.141068803880368
-5.479202530583565,-2.1377120267197887
-5.4781403699808715,-2.133931117542884
-5.476958398774569,-2.1300560375900486
-5.475858080265329,-2.1263885678969574
-5.47441680883438,-2.1233424268600705
-5.473271197037035,-2.1205326978951513
-5.472179299159725,-2.117766891724881
-5.471011509894366,-2.115075454847483
-5.469633723256217,-2.1121984302434926
-5.468574280182256,-2.109247650445489
-5.467429866901509,-2.106305718787714
-5.466437130194328,-2.1034979543838124
-5.465528958965685,-2.100931354838803
-5.464448241700524,-2.098414220059663
-5.463656312172155,-2.096141481811921
-5.463028263841014,-2.093747740942172
-5.462539240644141,-2.091519058250963
-5.461720119660257,-2.088998802018787
-5.460653362731187,-2.0866618618282535
-5.4593545007768896,-2.08404948315024
-5.45828571761466,-2.0816404435303397
-5.457141953801243,-2.0792870120590816
-5.456374078827721,-2.0773799107470485
-5.455473401113797,-2.0753556215412283
-5.454404832601596,-2.073395635366327
-5.4536510576211485,-2.0714580310616904
-5.452831483362178,-2.069354710968408
-5.4517507214028305,-2.067158489791689
-5.449998664305236,-2.0657404754890507
-5.448421202455778,-2.0645297453773144
-5.4473373058021455,-2.0632862594001615
-5.446068701560653,-2.062267457649134
-5.444697234014507,-2.0609602235337836
-5.443033345611807,-2.0593947583895162
-5.440814288000486,-2.057972017656719
-5.438789352381082,-2.0562903115409426
-5.43717064062908,-2.054974223317038
-5.435168079234742,-2.053992839116105
-5.432817996186615,-2.0525835770686127
-5.430353371386827,-2.0510489361851176
-5.427106988803496,-2.049612432589999
-5.423818820092581,-2.047879615898242
-5.4207586025111665,-2.0463789390207188
-5.417199516157858,-2.045490072727409
-5.413540071917345,-2.044303224184178
-5.409520235701649,-2.0434289487642565
-5.405338864195333,-2.0423711992908546
-5.401400151940837,-2.041424310385267
-5.396940615144409,-2.0400166889682314
-5.391983205672009,-2.03912033105432
-5.3868193168779035,-2.0379451378440625
-5.381319864705992,-2.0370521293035946
-5.375804904131823,-2.0364274731526733
-5.370075910430146,-2.0355482427185785
-5.363453694575372,-2.0347447487696173
-5.356436272357282,-2.033541242603452
-5.34927133163657,-2.032449019979982
-5.341874972249688,-2.0311478285892033
-5.334482089191361,-2.0298404348491306
-5.326808196492955,-2.028744084520085
-5.3191189081942865,-2.027640872124443
-5.311325992837324,-2.026450487956523
-5.303344236893772,-2.0254029389132153
-5.295236145050196,-2.0242535526801055
-5.286914689186786,-2.022918810450962
-5.278520787814999,-2.021640700530494
-5.270369695863506,-2.0205706503555807
-5.2625626135045875,-2.019857187160545
-5.254475393865947,-2.0193551840323627
-5.2465540924822305,-2.0190738350853614
-5.23774064430137,-2.019824349468811
-5.228860994568068,-2.0205355260955917
-5.220036418810662,-2.0212037665222975
-5.211544010036249,-2.0221647163351215
-5.203160018712794,-2.0234803553691303
-5.194676927850346,-2.02487159480419
-5.1866863057382275,-2.026799486166469
-5.178770655255998,-2.0287625615046343
-5.171279875910638,-2.0304086855817687
-5.163853755326723,-2.032119555663617
-5.156482949242594,-2.0338933750786774
-5.149542469982023,-2.035345841896574
-5.143041346083932,-2.037241199852419
-5.136880172434888,-2.039414419607334
-5.131354249195445,-2.041401924601436
-5.12588313985487,-2.0434477794067996
-5.120587199290081,-2.0453188743431703
-5.115813325848565,-2.047025409213493
-5.111532634430349,-2.0491713210172158
-5.107197267603417,-2.0515124853684297
-5.103426364348667,-2.0535088013791634
-5.099859872019271,-2.055687114516023
-5.096207529374409,-2.05773248601747
-5.092159584576917,-2.061021336879083
-5.088196257440578,-2.06441409118083
-5.084589967780589,-2.067539160815166
-5.081010071155367,-2.0706867496250494
-5.077440429781969,-2.0738030569561654
-5.07418913162672,-2.0773733182757796
-5.071746284196573,-2.080808872674589
-5.06943795024644,-2.0844262554746753
-5.0672774241048195,-2.088069047714384
-5.065248374014189,-2.091538254556384
-5.063511019165659,-2.0952898044396036
-5.062342999714744,-2.099201950152779
-5.061647384978753,-2.103663190289133
-5.06129778673878,-2.1082098408968606
-5.061332726665675,-2.1128322732471347
-5.061457994002232,-2.117560240627188
-5.061674157690192,-2.1222889998913312
-5.061900936896847,-2.127085019752147
-5.062182703638359,-2.1319455316324207
-5.0630113778894,-2.1368687203174486
-5.064172621716028,-2.1418205945943383
-5.0653583448484385,-2.146801633624919
-5.066424994457657,-2.1516386161410144
-5.0673003302525075,-2.1561993011727094
-5.067642625854745,-2.1613614938329353
-5.068481334616217,-2.1665614709994108
-5.069731433433581,-2.1721326847904674
-5.072049260588555,-2.176816449987015
-5.07452626969388,-2.181423549112305
-5.077247356020257,-2.186404127025394
-5.079907746423449,-2.1911404289831076
-5.082203095777985,-2.1954547721690147
-5.085267820621554,-2.19997467518953
-5.08834380124844,-2.2045418838968387
-5.091709835172772,-2.209089037323167
-5.095094078487636,-2.2139328429405905
-5.098405201663695,-2.2186997656248693
-5.1020231683689845,-2.223131120840062
-5.105751763897036,-2.227993885769031
-5.10920146564813,-2.2325977072168484
-5.112957630738027,-2.237136769695726
-5.116774786974652,-2.241852446024309
-5.120537830322903,-2.246491362457415
-5.124234646000595,-2.2510958166795847
-5.127828932440018,-2.255553344941253
-5.131266580675959,-2.2598703023431375
-5.134778335809057,-2.264014088930013
-5.138232755108206,-2.2681246658746193
-5.1418528127420995,-2.272384589010676
-5.145576202184489,-2.27679617272867
-5.150212626721759,-2.2795580864460625
-5.154798538066129,-2.2822742944771472
-5.15927817701093,-2.284820229422199
-5.163885213763491,-2.287228906595817
-5.168396232382463,-2.289550847811364
-5.173098876847543,-2.291898006817776
-5.177565748697252,-2.2939532694260327
-5.1821088438401075,-2.296076642466975
-5.186510438442857,-2.298160685844349
-5.190946104062326,-2.3002954437163092
-5.194907834064727,-2.3020036195032625
-5.199118789453734,-2.303775991345995
-5.202936267541383,-2.3054209813051023
-5.206569364690267,-2.306899851702374
-5.209989094211773,-2.3084453787452506
-5.213040971891037,-2.3101433164001413
-5.2158774694000405,-2.3116474793400297
-5.21886551590221,-2.3132605877791685
-5.221900117276051,-2.3146129775110706
-5.224604805413875,-2.3157355384935023
-5.227102918312665,-2.3169239898872864
-5.229328170134532,-2.318230621129494
-5.231440866284214,-2.319369056060677
-5.233343093503083,-2.3204241479293883
