x,y
-4.830577617506206,0.12032356555393821
-4.8234975448730575,0.12335688813103327
-4.816494167970235,0.1262925013994204
-4.809383677510625,0.12834714295916913
-4.8027307533815495,0.13040968743400316
-4.7964425926416805,0.1320099450463698
-4.790997494488314,0.13461009422932804
-4.785615375513858,0.13715800506687656
-4.780286014050061,0.1398921101633509
-4.775340879110454,0.14279426880809123
-4.7711246821039675,0.14509407059440863
-4.766821395426879,0.14730153176842353
-4.762960989505153,0.1493575664950793
-4.759338906145738,0.15121648581058308
-4.7558184525620755,0.153264203434819
-4.752718198174207,0.15526255746750015
-4.750227059953902,0.1566362090361561
-4.748011884811397,0.1577450725175714
-4.74636206037256,0.15873339193257918
-4.745094904994748,0.15940029631899386
-4.74397643631916,0.1602809090929879
-4.7430364014541615,0.16104110277118472
-4.742275463609156,0.16157908413188354
-4.74170576488797,0.16198880940148414
-4.741811774031414,0.1620643218029727
-4.7424152213039585,0.1616702895841698
-4.742988023908845,0.16123602274773532
-4.7438932630941535,0.16082042868451701
-4.744734373357427,0.16020296907571063
-4.74590622028202,0.15939485737764136
-4.747800991362609,0.15958025097579717
-4.750036664553872,0.15954937711422384
-4.7526794685353,0.1590053862066694
-4.755589438777315,0.15829907214913078
-4.758556830134747,0.1572863657148281
-4.761820586544067,0.15590012488030822
-4.765480765511408,0.15446777641540246
-4.769238189639235,0.15264930976476102
-4.7734974447203,0.15024078109220582
-4.777727521143406,0.14766289732571658
-4.78165420708415,0.14496773314083958
-4.786303428683158,0.14150163939570598
-4.791479635486918,0.13766703755220136
-4.796706535444057,0.1334134618554379
-4.802679639829523,0.1282041005597349
-4.808936665877995,0.12254877154940282
-4.815119372244912,0.11692777248701614
-4.821922596084419,0.11052456729253583
-4.829449120534461,0.10337526096696827
-4.836994835950361,0.0960303732872927
-4.8452695009629245,0.08773494810345897
-4.854528399248976,0.0789755779588041
-4.86434936315084,0.06998338726026347
-4.875108958291813,0.06118985916005958
-4.885628466729444,0.05214882897985131
-4.896305886851623,0.04343677470487406
-4.907313280868407,0.03423138621262294
-4.918321312995209,0.02501537382910126
-4.929728164168459,0.01599032800690285
-4.940732226410886,0.006778292248173984
-4.951368472253965,-0.002152936246818973
-4.962385220366797,-0.010747525940826804
-4.973286467869033,-0.01957121586440637
-4.984023832238032,-0.028234092145530243
-4.9951304633845055,-0.03687481570635363
-5.006096501569327,-0.0456983230615609
-5.016366663510009,-0.05378809905619535
-5.02676866000603,-0.06127945912201025
-5.036785791337917,-0.06872378386813374
-5.046308338171164,-0.07575967606814102
-5.056185026715542,-0.08259100523647345
-5.065488143622053,-0.0887286544728667
-5.074992709644559,-0.09503264292164043
-5.085010934669297,-0.100633745009425
-5.095067337854749,-0.1061238255796701
-5.104443818135157,-0.1109132050632859
-5.113645412684353,-0.11555510885648643
-5.123229010676125,-0.11995061786153256
-5.132425323652504,-0.12356670695164945
-5.141557469841821,-0.12703146823633146
-5.151039830557437,-0.13028861663879668
-5.160226804503604,-0.13325035685302838
-5.169608916302371,-0.13557395171704317
-5.178800490719161,-0.1377388712875671
-5.187741038885542,-0.13924964612551988
-5.196551137514819,-0.1403699462351924
-5.204857486832523,-0.14107304625758904
-5.212940705005933,-0.1412203406539968
-5.220745613926531,-0.1407741270135888
-5.2282443514838794,-0.14007294081042695
-5.235802478592157,-0.13893530852716116
-5.24277097781593,-0.13746425119446204
-5.248433821566543,-0.13491628122026314
-5.254032910885931,-0.13192185891724162
-5.258630472299811,-0.1281542152760225
-5.262306717097321,-0.1236260939487695
-5.266159144769078,-0.119259099984669
-5.268903137851889,-0.1145299190801873
-5.270368983132157,-0.10874874549108172
-5.2727006607990115,-0.10188513971206381
-5.274192174862775,-0.09393978443218426
-5.274345007305241,-0.08580331545956985
-5.2734289037979885,-0.07699661129145301
-5.272252567914135,-0.06807706212402083
-5.270588913811331,-0.05913117207611286
-5.268461463079689,-0.05022378604471452
-5.2658152290887354,-0.04086874382587836
-5.262761516598005,-0.03179626925089706
-5.258777755209995,-0.022514479188401392
-5.25507382797353,-0.013550651812701363
-5.2510503143441865,-0.0047380968514008515
-5.246705457325004,0.0036517180001526257
-5.242019139588709,0.01232079249598336
-5.237044868034404,0.020634061071102393
-5.231959799279558,0.028588812993336894
-5.226471555447523,0.03687272196196202
-5.221271382672105,0.044639134787201516
-5.215800843037633,0.05197185163708603
-5.210287436730981,0.05925774148345449
-5.2047679029161875,0.06634117823634984
-5.198933614632539,0.07316268678080752
-5.193806393219571,0.07914462986321122
-5.1885655914002715,0.08537825170748088
-5.183231947270868,0.09178769585134315
-5.17779479998989,0.09788436377707148
-5.172515139043433,0.10370446102538296
-5.167653309976657,0.10958636661664817
-5.162134662515638,0.11520958246774195
-5.157557707388756,0.11981587511039643
-5.153008730061602,0.12469255278494899
-5.148243647322964,0.129208022854396
-5.143933318246545,0.1332302380790666
-5.139534194195687,0.1371756361355338
-5.134908000944543,0.14139431089517668
-5.131024794094484,0.14481157852211823
-5.1273371217967485,0.1483872143625558
-5.123914816164361,0.15175184690572197
-5.121203214015601,0.1543689059681632
-5.118804330051914,0.1572422512053622
-5.116418292465454,0.16020302501983963
-5.11419627680489,0.16294117917591452
-5.112360187395779,0.16628430153277238
-5.111573773400681,0.1687707914598422
-5.111107737121331,0.1714983609988805
-5.110778044478197,0.17451443645958106
-5.111510924685184,0.17839521235764524
-5.111980010899069,0.18255908927845785
-5.112887633507346,0.18736644159872762
-5.1138566642188055,0.19230536144927732
-5.114219285271155,0.19641751906037508
-5.114569793760139,0.20054526873006373
-5.114858570237216,0.20504678683427463
-5.115280291951572,0.20959762789349737
-5.115477884870373,0.21455341923365576
-5.115862324784831,0.2198698189117014
-5.1164287463043845,0.22500246736782822
-5.116580262062781,0.2304512219194951
-5.116816351811708,0.23659801796221921
-5.117626237336069,0.24226007465800486
-5.117773991942378,0.2485532154497832
-5.11794538155374,0.2553794254537747
-5.117976971110873,0.26225375152779884
-5.117801505582477,0.26929771584921086
-5.117662569521957,0.27702237271422003
-5.118064528679248,0.28575767307170535
-5.118573207992682,0.2939953189743635
-5.118397285771515,0.3029029080277537
-5.117730575350917,0.31244773754225147
-5.117044365828175,0.3216258995482507
-5.115936512495107,0.3313535629953054
-5.114667407232201,0.3412919247207714
-5.112930718464037,0.3510886203423818
-5.110159041053416,0.3615648849074219
-5.106463305827056,0.3718089011444597
-5.102578319304427,0.38204398584100424
-5.0980860771048055,0.3927711828363882
-5.09319265170674,0.40349735579532336
-5.0881134132340575,0.41378043128724123
-5.081940911045902,0.4249469012272238
-5.075233401550033,0.4364276100108814
-5.068277042691599,0.44788308220418543
-5.060358890701469,0.4601148626668045
-5.051905793612915,0.4723320610242888
-5.043567608514447,0.4842436674135447
-5.034642736772847,0.49662812113826776
-5.025036481615761,0.5092598684400571
-5.015255987956499,0.5217178165029721
-5.004928307034138,0.5347128339221587
-4.993878266332101,0.5478749629123655
-4.983160758568539,0.5608641735474795
-4.9721339007331125,0.5742675524599984
-4.9607295205758275,0.5873822204893527
-4.949015804444806,0.6006273734178543
-4.936883812642455,0.6137555112550538
-4.924696505861628,0.6269275067358997
-4.91200700431319,0.638874086640625
-4.899244739550826,0.6509735690838269
-4.886346771015987,0.6630022586470595
-4.8737712742458905,0.6744614303648658
-4.860766926245882,0.6860752153757919
-4.847971177965149,0.6974838170894198
-4.835462695391593,0.7087075973966803
-4.823278402034006,0.719511978447286
-4.810918277656971,0.7303405821634754
-4.798563764426673,0.7409564044033838
-4.7860081178697005,0.7518814716093305
-4.773953848920193,0.762403138735358
-4.761921478400897,0.7722897509995081
-4.75002301622157,0.782029464518674
-4.738418371101706,0.7915328535451496
-4.727041570578773,0.8006965912985902
-4.7156209762024,0.8100527169550693
-4.704965397723098,0.8194101559326795
-4.694283965838672,0.8286354348436067
-4.68277240262483,0.8369053077254033
-4.671562262774991,0.8453200912260401
-4.661139696271385,0.8531016617757211
-4.651003925366643,0.8602658178562261
-4.641126518082005,0.8675930127426122
-4.63149515226492,0.8747224620741304
-4.6217215342685485,0.8813708859823598
-4.612220417641423,0.8883405024174408
-4.603642288964303,0.894567851989106
-4.595272289848634,0.9000665411557406
-4.586837587178634,0.9058137888530872
-4.578880165962705,0.9107106005620041
-4.571311231588084,0.9151073166892272
-4.563527251923887,0.9197284200075113
-4.5563907692052386,0.9238384010336232
-4.5497293278273645,0.9273263696014268
-4.543358944526866,0.930784664812632
-4.537453306257875,0.9333882980197443
-4.531722535014543,0.9357511535736076
-4.525732786670506,0.9377814538169088
-4.519971269712047,0.9396418690370195
-4.514501941629969,0.940908417899532
-4.5094655516299404,0.9421332874742219
-4.5048619467881705,0.9428021595737613
-4.500368891324965,0.9428026712118207
-4.495984658360623,0.9425179059793207
-4.49203328547231,0.9416775938441401
-4.4881346952040575,0.9405565347522381
-4.484585486319075,0.9392719694794294
-4.481713780424499,0.9371179990246875
-4.478994301749962,0.9348262528830361
-4.476836281343421,0.9319856033903061
-4.475252542125288,0.9284087625052521
-4.47379951619013,0.9246106185209674
-4.472995411119607,0.9204063551501636
-4.47277950510397,0.9154484713504789
-4.472576040000792,0.9107177333130044
-4.473191465829517,0.9053931760780266
-4.474436277219829,0.8992624702992318
-4.4757957884296635,0.8929342738986465
-4.477947443258618,0.8861258916287739
-4.48079840812763,0.8784220501254056
-4.4837754896451205,0.870901882847347
-4.486043924570094,0.8624523033972348
-4.4891264085447355,0.85340185144055
-4.493217848609044,0.8431402018749604
-4.497402613394204,0.8329618749822066
-4.502834516417639,0.8217229348537879
-4.508512235516846,0.8094070991318286
-4.514719995200977,0.7969880562737878
-4.521665913524723,0.7842212312288477
-4.529042488950653,0.7709035095567613
-4.536581529426609,0.7578022606456266
-4.544254510324183,0.7447739399966548
-4.552385250842352,0.7313867173239686
-4.56083563649252,0.7177892864115062
-4.569676001671932,0.704349381043466
-4.578376836138418,0.6910035958322922
-4.587175691083822,0.6777466147170272
-4.596169244120266,0.6646951363341298
-4.604992847980721,0.651781629715432
-4.6139371798288265,0.6389852259184989
-4.622508745663845,0.626665199478156
-4.631489923861938,0.6144840621571099
-4.640578996210626,0.6023518359250135
-4.6495796720095335,0.5903451451004469
-4.658134515508833,0.5787607646363443
-4.666115080891342,0.5663708513253601
-4.674132749431251,0.5539518698113298
-4.682344359169325,0.5421038211771552
-4.690622730516013,0.5301877614974697
-4.699196871039323,0.5185202314904054
-4.707527148141632,0.5070482713769165
-4.715545471201576,0.49593577407778755
-4.72395855372255,0.48515516706271483
-4.731770600666268,0.4750371845252835
-4.739463177242245,0.4650566054747007
-4.747430977541022,0.45530515972870306
-4.755007890742787,0.44592338185990654
-4.76243785012896,0.436808974046397
-4.770224889621896,0.4279919201628124
-4.777209271499388,0.4199122035621398
-4.783719108956063,0.412391087460407
-4.790339860187303,0.4049591402407109
-4.796365018105734,0.39801796853523036
-4.802225308069074,0.39136056510003236
-4.8079943009150234,0.3846219182470898
-4.812919982662466,0.3785965617440745
-4.817111515482959,0.37339025235361334
-4.821367851215989,0.36823734404091285
-4.824607640822067,0.3632783257830144
-4.827309644496533,0.3588472807220644
-4.830036385149134,0.35405155171785846
-4.83367392064375,0.35040681344273494
-4.836353125252573,0.34756724440183057
-4.838222383408133,0.34542303276458697
-4.83991410243368,0.34330083083145474
-4.840319521328672,0.342289312475404
-4.840197821506005,0.34199368667367197
-4.840111990411744,0.3413415976362595
-4.839642819032537,0.3409032212168241
-4.838473368108918,0.3408860635734836
-4.8368993768935065,0.34084973097441074
-4.835301130111997,0.3408439948702611
-4.833167701924691,0.341204284241737
-4.831023687750905,0.3415235042591594
-4.828900553119065,0.34181569344673013
-4.826809741667446,0.34183132941236954
-4.824535814846213,0.3418269648445182
-4.822262185354545,0.3418218145840794
-4.820210667213503,0.34140957506453007
-4.818023133566495,0.3413590039525002
-4.816481720293977,0.34174203833996336
-4.815136208155316,0.34193095125159295
-4.813487504235521,0.3418646584842415
-4.811946610400102,0.3417189780798923
-4.810965423151738,0.34100618086095896
-4.8105580725760975,0.34111833029815325
-4.810031385468977,0.3413257900611474
-4.809724803904878,0.34125251022224823
-4.809497964873785,0.3413098378222604
-4.809157864600729,0.3411370949976324
-4.809086474059854,0.3406216577706323
-4.8089582262627495,0.33991754784377837
-4.8087386422018135,0.33893230584758294
-4.808904032090478,0.33745624614372727
-4.809173780495687,0.33601338685983556
-4.809267814925299,0.3344978895641769
-4.80973404894654,0.3325080239532076
-4.810233264296235,0.3308341429571035
-4.81074681850655,0.32857339046833917
-4.811388182898842,0.3261500206495038
-4.812364300580713,0.32383577990346835
-4.813475713217044,0.321268456544976
-4.814811092366678,0.31851294230887583
-4.8162463279290355,0.3161050114070455
-4.8176323876799945,0.3136564298133241
-4.819408585230269,0.31071070468659134
-4.82210725842416,0.30706865026076935
-4.8247919458660595,0.30341392677664064
-4.8284080138629415,0.2993508732883007
-4.832964196523578,0.2946425147744747
-4.8375596402608245,0.29035091137390956
-4.84286447080254,0.285284622237341
-4.849137728976625,0.27940320685285347
-4.855625769015097,0.2740755923048983
-4.862677601344185,0.26807595903645987
-4.871078609600836,0.2609121665947647
-4.879947184345629,0.254141325258253
-4.889045342345351,0.2469706557937141
-4.89853841519396,0.23957466736349906
-4.90873948306169,0.23277135907486066
-4.919162948604257,0.2257725932189265
-4.93020390770613,0.21826644984654026
-4.941631927329914,0.21108259288913972
-4.953244093849286,0.2036547497637659
-4.965188504928592,0.1960022724136539
-4.977775079591345,0.1888827522167471
-4.9902488478033264,0.1819459118682302
-5.002799652891178,0.17496037737266
-5.015869148788208,0.16840271898664863
-5.029425789144218,0.1618560993743367
-5.042407124859243,0.1547928982802531
-5.056084467939211,0.14790591032112
-5.069763968871832,0.14147538821108693
-5.083526746894209,0.13531849049536793
-5.096954050904652,0.12954704589371135
-5.1105342359411186,0.12419428642075246
-5.124619184693941,0.11905560568159645
-5.138699407594877,0.11396262388427769
-5.152506402508009,0.10897533963258886
-5.16642322031367,0.10420547469297828
-5.179606890734325,0.10030979122071104
-5.193010681180818,0.0965873600772137
-5.205890902782756,0.09335122330578123
-5.219024640125737,0.09033578265503311
-5.23172683369863,0.08773207369723386
-5.244366718277723,0.08518361642180136
-5.256811940049732,0.08300599294503404
-5.268885948983131,0.0808725731379962
-5.2800205519453085,0.07950832468336892
-5.291825033992551,0.07888014029941373
-5.302943130172928,0.07865037819022593
-5.313650056202163,0.07884134366715317
-5.323752974293665,0.07931248747820449
-5.33299367467939,0.0800571996201519
-5.341858428720532,0.08129570637185533
-5.350244232465268,0.08283347952400279
-5.356970603388227,0.08572190746984967
-5.363496601449336,0.08890681781349363
-5.369019134570415,0.09255947505780464
-5.372844669924701,0.0975912946251585
-5.376299496742112,0.102596680634517
-5.378596380724062,0.10800193748964226
-5.37889557257692,0.11502751589252894
-5.378890891362634,0.12194676011515042
-5.377998980947433,0.1290999367476065
-5.37538822447151,0.13764533081415112
-5.372237932520353,0.14583110181962763
-5.368189892948537,0.15424913059345002
-5.36299460247199,0.16359530346647527
-5.356971283713173,0.17296567601104956
-5.350687467419465,0.18218338344025067
-5.343328209361079,0.19227021483569315
-5.335517106367469,0.20219908419850127
-5.328107682345177,0.21316048368015578
-5.320003285908772,0.2242716688164316
-5.3112757486985425,0.23506975212316272
-5.3023993594494385,0.2460621930969791
-5.293360193327332,0.2570919508614048
-5.283448579522288,0.2681934421884338
-5.273239705239055,0.2791799693842219
-5.262901255454788,0.289875443412398
-5.251487883495614,0.3008722567463468
-5.2400944685479995,0.31174433904523347
-5.228174761978602,0.322173715821579
-5.216286815069868,0.33261653781987505
-5.2041893608034036,0.34315780922873
-5.191475049003545,0.35317861589942745
-5.17858779724273,0.3633914290381204
-5.1656307725924755,0.37358091880835315
-5.152002117438685,0.3832013083926179
-5.138737036093015,0.3924327664326849
-5.125344798790767,0.4016534837682738
-5.112123409280746,0.4102810248329031
-5.098740367114249,0.4185776707492026
-5.085393529971825,0.4266646364587413
-5.071828610428311,0.4343680759048664
-5.058080009934724,0.4422044823050818
-5.044795487075087,0.45017139713304444
-5.032088574490839,0.4576736615992777
-5.0184324576768375,0.4641019568252874
-5.005358236533593,0.469782527473743
-4.992321369320521,0.475436003662962
-4.979241059578543,0.4806080049068878
-4.966682645199433,0.4854001901071449
-4.9538737848049,0.48947207100158274
-4.9414018305889496,0.49344285881781513
-4.9295335343585585,0.4965333436582772
-4.917852831375732,0.4993695159568748
-4.9064812560021345,0.5026451920889543
-4.895533507330696,0.504961195363945
-4.884458809981068,0.5073205831336225
-4.8739962817971945,0.5099892081814927
-4.864348998227288,0.5117078865237689
-4.854807442074898,0.513312160219545
-4.845697233817238,0.5152709774431767
-4.83681175614809,0.516664652541043
-4.827791254964054,0.5181525621564093
-4.819109071562797,0.5201267080109699
-4.810884315309104,0.5216460105576427
-4.803003344995523,0.5227293068583395
-4.795416602459957,0.5239185960118179
-4.787578366810181,0.5239098585236129
-4.779664561848141,0.5236153872179204
-4.770957366286667,0.522805534273236
-4.762589682500977,0.5221282391033142
-4.754216841345908,0.5212438932635002
-4.746178767085652,0.5199345244704036
-4.737926627002898,0.518894375339735
-4.730069729847323,0.5174024636973977
-4.722152952884753,0.5159911239528843
-4.714601637038947,0.5146333359779084
-4.707288866420491,0.5128240902095373
-4.700212937564992,0.5108060530726065
-4.693290888390586,0.5091832425838927
-4.686585521138756,0.5075723352272117
-4.680057791021887,0.5058963290983322
-4.673766462046491,0.5044152549365233
-4.667454003998014,0.5026870087594105
-4.661389133455839,0.5007508290563966
-4.655797717961054,0.499225751062182
-4.6501464054786465,0.4976599365678268
-4.644409258090041,0.4961658018224687
-4.638860695986493,0.49493424797562285
-4.633163937869355,0.4937624539040342
-4.626104140699876,0.49025304992750735
-4.619406305301921,0.48700253834772245
-4.612847050877629,0.4835760110950124
-4.605936062619349,0.4797438167533082
-4.598675339626391,0.47619805038118285
-4.591644490395263,0.4730557752014047
-4.584610036736153,0.4701499257807725
-4.577728677847073,0.4671181121141724
-4.5713204852912295,0.46440466891572857
-4.564781511194989,0.4614096208090431
-4.558817884946968,0.4586744860858512
-4.552436744806238,0.4564662255773593
-4.546381823205701,0.45453705175217185
-4.540186370922713,0.4527222399723956
-4.534165715819756,0.4506851857175622
-4.528443786503072,0.44890380461256085
-4.523025500836498,0.446871600982617
-4.517320916172677,0.4451989409037056
-4.5119543769549315,0.44381590708671553
-4.506606972771147,0.44239284484223973
-4.500950048995424,0.4412244321700647
-4.495611468962652,0.4403290039020921
-4.490285912078179,0.43949206149416425
-4.4850826900237575,0.4385106896658374
-4.479950833786538,0.4375912397075216
-4.473429324219342,0.43499411520027376
-4.466750943465165,0.43258991771966326
-4.460806161938674,0.4310025031805395
-4.4551417212829065,0.4296562722491297
-4.449689799299596,0.4280400097799406
-4.444086585584987,0.4265465659947144
-4.438528567905831,0.4250929265951484
-4.432903184206344,0.4237209760936451
-4.427612601190668,0.4220702958745614
-4.422595586209364,0.4206550346260949
-4.417870822348878,0.4188704604733015
-4.412952469507765,0.41742320377872955
-4.408040759982051,0.4161124941922334
-4.403151081531683,0.41490744483489056
-4.398684565093272,0.4133503128543418
-4.39429770732681,0.411410264703758
-4.390114510404799,0.4092830490145314
-4.386100312011067,0.4070139448799605
-4.382139738527343,0.4049477623911178
-4.378146268038182,0.4028902073337648
-4.374186027114495,0.40080309275059833
-4.370669671234819,0.3982762402084175
-4.366886874128556,0.3951247487721
-4.363431620025462,0.3921503504950173
-4.360294498679369,0.38901299018146507
-4.359013311846016,0.3878060255532884
-4.357732730995301,0.3866496967350198
-4.356486992957178,0.38546260850583747
-4.355621986546381,0.3839317463487254
-4.355299209534017,0.3822706413029331
-4.355657845479246,0.38000188648574684
-4.3562735287619345,0.3771819053612663
-4.357068722362143,0.3744207897615234
-4.358601378839625,0.37106405682135235
-4.360846030038336,0.36726197087387324
-4.363434237574891,0.3636606466096152
-4.36699047666629,0.3588520757475499
-4.371393056593883,0.35318422055598214
-4.376382414576309,0.34771072109997847
-4.381468830722484,0.34211640860243897
-4.387523855838571,0.3358322987313977
-4.394112328905733,0.3300724525409155
-4.400967349696091,0.3239810963483006
-4.407823075805499,0.3176090655361531
-4.415141863074583,0.31173899773417085
-4.422504551741975,0.3059437763405841
-4.429965841891275,0.2999135802137809
-4.437950813121338,0.29411053429406236
-4.446096531656487,0.28848398388490165
-4.454181095264008,0.2828902947284948
-4.463556078146151,0.27909265592234556
-4.473315254568448,0.27543267307784436
-4.482879538021794,0.272003268104207
-4.4921509178892975,0.26864320816780896
-4.5015048980410075,0.2654079801539074
-4.510906793663327,0.26213999601681637
-4.520435784228483,0.25890358378998507
-4.530330185321983,0.25579666547933677
-4.540114989778859,0.2528011754155859
-4.54955809557852,0.2497570769748743
-4.559092530650317,0.2469472130161426
-4.569054757243094,0.2436037490999683
-4.579411358962087,0.2398143448258706
-4.589902823951133,0.23580529280396287
-4.600247378634223,0.23186770951400423
-4.61063185180375,0.2284090540505104
-4.621304412094992,0.22465693980666157
-4.632134122557248,0.22063468143124695
-4.643182233128721,0.21663749020406445
-4.655146799754157,0.2137618207248423
-4.6675118001128375,0.21055649075493088
-4.679599389932229,0.20770347334507414
-4.692444932528356,0.2056475971429462
-4.705103334443925,0.20327282431498606
-4.717840432827507,0.20107127364083668
-4.730423421827628,0.19906717000371388
-4.743325432142672,0.19674963644534385
-4.756400728876797,0.19462860582068045
-4.769202077545495,0.19285780916521583
-4.7818157237182835,0.190921525347985
-4.794080280453978,0.18967878757372708
-4.805879507436881,0.18902926915607407
-4.817547743458356,0.18828025365324635
-4.828526245314379,0.18827489099611946
-4.8388579804989655,0.18909390778772525
-4.849125792883676,0.1898500788661214
-4.858623385375852,0.19158935171440708
-4.867249227691767,0.19419257502420365
-4.875220685130436,0.1966488198996976
-4.88283099705708,0.19956833860527937
-4.889778947866451,0.20346037622753654
-4.896149433301864,0.20685343056041636
-4.903761167537094,0.21197668023287256
-4.9111995150701855,0.2172456729097366
-4.918177343002715,0.2221301636146193
-4.925031068119394,0.22699696085069254
-4.931392906632305,0.23240468791380683
-4.937522698469099,0.23747244667554002
-4.943310572888887,0.2425087872803072
-4.9491088308018325,0.24753234155429682
-4.954971942786947,0.25242148628696653
-4.960345570493791,0.25721525839159526
-4.965713412351574,0.26201656139442925
-4.971233290705992,0.26662143106522235
-4.976252878174897,0.27145304073014
-4.981299717319488,0.27624950219374994
-4.986420610862392,0.2811810156080718
-4.991095110578697,0.286007091128474
-4.995747936263969,0.290860564415519
-5.00043458713526,0.29549682391846327
-5.0043648846514985,0.3004923092876712
-5.007828178778344,0.3059023518407368
-5.010985965486978,0.31169781312944567
-5.013733328526994,0.31782636600525777
-5.016330319176422,0.32414777773531894
-5.018649667856409,0.3302368463686415
-5.021917742075902,0.3381845099115501
-5.024542372274795,0.3469090039717094
-5.0272864840278535,0.35573202768739515
-5.029137842917277,0.36345905070093604
-5.030250339785886,0.3717840472926917
-5.031650376255919,0.3803094392954408
-5.032321735252337,0.3890318391848445
-5.0329136245647375,0.39781742055812574
-5.033401869640203,0.4068437416087404
-5.033772639676145,0.41602113720334777
-5.0335050685204905,0.42571381300697103
-5.033424142568404,0.43556164206652415
-5.0328268325199135,0.44607779419778676
-5.032149263651398,0.4566580253292017
-5.031466552856558,0.46723305185970015
-5.030561310971221,0.4780962083962281
-5.029792609670845,0.48884867203287613
-5.029235046962087,0.4997782274111153
-5.028405976051334,0.5110603946098261
-5.027196757166948,0.5222768393266755
-5.026232394876208,0.5335661660486042
-5.024834507685277,0.545232171279564
-5.023860147074379,0.5565576026972214
-5.023320215983436,0.5678607611824086
-5.023414505747604,0.580695314430428
-5.023236834731904,0.5937472651819777
-5.021985300293452,0.6053785093159968
-5.020442164074654,0.6173909126668666
-5.018777552607121,0.6293935614214748
-5.017403154406634,0.6410057283811544
-5.016294854431556,0.6522711999347451
-5.014939084816681,0.6635418650523314
-5.013439426326274,0.6747872317527289
-5.01156313458902,0.686318548032182
-5.009717886660917,0.6973880056421697
-5.007856108277118,0.7084707292595777
-5.005865614606834,0.7191228109622662
-5.004065763101207,0.7296197046246813
-5.001764840456246,0.7398190960717554
-4.999448786113433,0.7500377511440326
-4.996698888503571,0.7601623344610285
-4.994306218571001,0.76990083841019
-4.992950500697484,0.7807450989492484
-4.991190050372266,0.7916864546987267
-4.990149089794431,0.801960581002813
-4.988958430907741,0.8119430213502016
-4.987577215841262,0.82204367710249
-4.986502504965884,0.8318474473643555
-4.985342319072935,0.8415068389092575
-4.984318118678938,0.851092151130106
-4.98226422344834,0.8587984821090443
-4.9804261319150696,0.8660518869107643
-4.978188670828408,0.8731879563234839
-4.975828594152338,0.8804845083624324
-4.973904324708409,0.8876529473060134
-4.971924856017818,0.8944214849842069
-4.9704127135993295,0.9005739025355911
-4.96895359641165,0.906798065539094
-4.967354642282366,0.9127445772809482
-4.965655016005566,0.9188228384519508
-4.964463085815438,0.9248638450997848
-4.962877886345348,0.9305722075435179
-4.96171735696169,0.9357200373670727
-4.960997947907017,0.9411178244571327
-4.9601931798494645,0.9461879519905607
-4.959399617722138,0.9512423700435239
-4.958577323213661,0.9565170210806966
-4.957584272611483,0.9616433795488745
-4.956867291913789,0.9663244486485368
-4.956112290777432,0.9711333098655893
-4.95531713840247,0.9759060466790562
-4.95503745741122,0.9800865666411381
-4.954377663403825,0.9846728895606911
-4.953390119626838,0.988975529997073
-4.951357667992631,0.9916756382420134
-4.949401606826253,0.9944126561264918
-4.947343262807888,0.9970606687181035
-4.945611051361162,0.9992780698800061
-4.943867557356352,1.0015041821013433
-4.94215824630867,1.0037588028341655
-4.940309928729868,1.0061969682453886
-4.938716900940993,1.0084330010500495
-4.937453496040281,1.0105987025111143
-4.936697917842737,1.0123083056285809
-4.9356942489691455,1.0147354272453706
-4.934864948219995,1.0169740736790474
-4.934181467831911,1.0196209189666727
-4.933368036773366,1.0224478502892593
-4.933172161768984,1.025038636293368
-4.9331615444427825,1.0273845127831334
-4.933746511514085,1.0300674515104586
-4.933867116284085,1.03322040219692
-4.932893574351367,1.0350925679012932
-4.932363693891506,1.0370626119634712
-4.931496728675747,1.039393090025729
-4.930542199362094,1.0416481191798919
-4.929850798705209,1.0436462654188488
-4.929014402968772,1.045810707061194
-4.928208390021675,1.0480015223285308
-4.927333572812352,1.0502233203850264
-4.925874249508628,1.0530359748504587
-4.9242828914507975,1.055734724664885
-4.922812681467418,1.0583458430662072
-4.921497024953876,1.0607646305208887
-4.919774680978736,1.0628320250725602
-4.917873578238731,1.0650231106312498
-4.915594288425282,1.0675591788369099
-4.913029230602102,1.0698479992357772
-4.91025183402455,1.0723674929858773
-4.90749750654786,1.0747357918667484
-4.904346877408794,1.0767607817770601
-4.901324651988966,1.0786183174474204
-4.898232778537813,1.0805007730476677
-4.8945228076745835,1.082229210633532
-4.890518978087005,1.083906469384061
-4.8862749912247985,1.0851269824839902
-4.882063201983692,1.086056166955424
-4.877580518661174,1.0870316593374418
-4.873310277637458,1.087870843510874
-4.8693124463638915,1.0883515080171697
-4.8648024059434976,1.088685590941159
-4.860019349546228,1.08929256152782
-4.855324321841184,1.0895342832551742
-4.8507076211192315,1.0898410853669587
-4.846132888386787,1.0901744338767003
-4.841767146017111,1.0902838002425468
-4.83741339643715,1.0901846365037156
-4.833064909833134,1.0900802497161708
-4.8287111842177906,1.0898598302913471
-4.824446200600675,1.0896721753010554
-4.820320796555553,1.0893024514233571
-4.816202219549341,1.0891452823098993
-4.8124400086324375,1.088653041985609
-4.8087540114877765,1.0880620500677953
-4.805352456271486,1.0872807735333665
-4.801593813522852,1.0860606178668641
-4.798140444415039,1.0845242230442786
-4.794636309438697,1.0830474329841222
-4.791591069151605,1.0819690179263715
-4.788660016042054,1.08089707805542
-4.7855709957840995,1.0793209651294127
-4.782838672367551,1.077610617338096
-4.780600653608343,1.0757145702251751
-4.7784177615547865,1.0737465135451172
-4.776453936945447,1.0717051967395177
-4.774987353603291,1.069780711981271
-4.773611413043255,1.067737415771186
-4.772288846362247,1.0656619039092428
-4.77137480348655,1.0634041139827708
-4.770412845909954,1.0612091728403499
-4.769635877296005,1.058612238422107
-4.769124558509867,1.0561897658343153
-4.7687662144397995,1.0535666679180582
-4.768295666302419,1.050883084554475
-4.7682984797890295,1.0482760027808753
-4.768445690741563,1.04547959654548
-4.768554422333563,1.0421702178435146
-4.768993964416333,1.0388949721839615
-4.76969847158545,1.0353478310568045
-4.770602851994693,1.0316001373409496
-4.7712192864061995,1.0274488112374445
-4.772062506804539,1.023000189743735
-4.772998551936768,1.0184774718816048
-4.773878789593852,1.0135248856882864
-4.775070558165783,1.008522133707808
-4.77715255140658,1.0032868146670055
-4.778924154756012,0.9980659641201742
-4.78135373969703,0.991983965831648
-4.78382510706421,0.9858378317044747
-4.786146782679551,0.9797442445902573
-4.789103034459995,0.9733288229081496
-4.79258917216336,0.9664368552406921
-4.795900859427065,0.9593937763766254
-4.799672221530672,0.9517491195694217
-4.803985755226763,0.9436156861823781
-4.808302490645803,0.935485152278326
-4.812829728413152,0.9270126956041634
-4.817574781193549,0.9183835334089894
-4.822262512771568,0.9097054238980379
-4.827174001363293,0.9007217764139905
-4.832497159447617,0.8913923724865053
-4.837790789004349,0.8820381949611842
-4.8427909829519615,0.8728704795165323
-4.846792688536919,0.8629394627974644
-4.8506312450511615,0.8529605272331126
-4.854827691201435,0.8434895688178328
-4.859050535590349,0.8339976825584022
-4.8632474781246975,0.8244078903144753
-4.867351102371486,0.8145205013976252
-4.871194821054922,0.8048398660728971
-4.874864121405021,0.7953871082679755
-4.878378217914766,0.7858022628985789
-4.881707021570387,0.7763150689458433
-4.885172990237184,0.7669088167232861
-4.8888084833393926,0.7573249714331471
-4.892193268438516,0.7478430169239987
-4.8955685378029665,0.7383799280328354
-4.8990054840359925,0.7289703945550209
-4.90245645752562,0.7195198826177681
-4.90593557267704,0.7096608980573286
-4.909625277749162,0.699888765900227
-4.9126684350654495,0.6893936403221161
-4.915700817541516,0.6789127723961443
-4.918802510140648,0.6684913114620812
-4.921750816236717,0.6581933654703472
-4.924616174311584,0.6480035192173661
-4.927663650011105,0.6379687185894841
-4.930820177897558,0.6279032776296988
-4.934106560757328,0.6175965265476719
-4.93729214936405,0.6072047423082447
-4.940729413381502,0.5975443045012735
-4.94390414833028,0.5882251962712628
-4.94706605864957,0.5788414288957999
-4.950726208398961,0.5695758053951169
-4.954540621093377,0.5601102284837942
-4.957897277812573,0.5508138845368169
-4.961561482134638,0.5415688985208001
-4.964764952407324,0.5329216057457905
-4.967861063863127,0.5243533632948694
-4.971164725684168,0.5157270934121443
-4.974514195336075,0.5070415070686795
-4.977347001535794,0.49862313320411233
-4.980952542641303,0.4900598349514515
-4.984299575373299,0.48183135092594964
-4.987239620632322,0.4739747964407373
-4.989682437647273,0.46551000463209236
-4.992041032717348,0.4572771080502759
-4.9944303643988865,0.44888153219551885
-4.997130430113584,0.4407464140046556
-5.000105534839699,0.432508040014041
-5.002823261041039,0.42441838078524813
-5.005537527471415,0.41632475599793733
-5.008414512131287,0.4081439625876724
-5.012068136981149,0.40102521357892434
-5.01628295104627,0.39428375643640867
-5.0205156995191125,0.3875190055215261
-5.024634215826006,0.38084656006578393
-5.029003779338873,0.37438343557920456
-5.033033382097711,0.3683596306387493
-5.037222158000569,0.3622079516584076
-5.041678701279621,0.356174343996675
-5.046165918075908,0.3502415318689098
-5.050328751485451,0.34461995178748406
-5.0544144730475695,0.33893258300062884
-5.058024888021949,0.3336921525337774
-5.06175529969996,0.32845352310823683
-5.0653287324136285,0.32344173554679423
-5.068945911783077,0.3182278358794416
-5.072105667552341,0.31341358830612775
-5.075290765296355,0.30903596778672215
-5.078041209090574,0.3042281866978288
-5.081223045055627,0.30041266986639126
-5.084225782525098,0.296802477653254
-5.087206014478271,0.29317255428202615
-5.09019215089213,0.28951135956662305
-5.093161680088992,0.2859077392888618
-5.096362276370965,0.282495268576535
-5.099225127759555,0.27941087545368803
-5.101601478836989,0.2768533130405196
-5.1040407851604135,0.2743471896448213
-5.106682855946389,0.2716789315620828
-5.109473900808489,0.2691228096232724
-5.112364265673877,0.2665363921672973
-5.11509496218165,0.26412127975245464
-5.1174647668796585,0.2621528070541378
-5.1198982853038615,0.26036192556377724
-5.122113190635451,0.2585987073706972
-5.124349094529543,0.25684822969743654
-5.126803322203095,0.25482578196756145
-5.129133384220902,0.25293352383169376
-5.131180037194516,0.2514181844810829
-5.133208215868116,0.2501220098457417
-5.134587286077707,0.24908621138117967
-5.135709535616459,0.24822648615948756
-5.136762072257798,0.2473024049276491
-5.138264419268407,0.24695606618291976
-5.139451228813358,0.2468948954957773
-5.140370711235108,0.24718657181069525
-5.140811302232508,0.2470810840098327
-5.140901284132115,0.247175271239064
-5.140575785997305,0.24766517595208565
-5.140106412486872,0.24803586679107717
-5.139422689788751,0.2485593213277726
-5.138659953694687,0.24912930320625698
-5.137321336348511,0.24922178277389953
-5.1360301615448885,0.24925286148665912
-5.13462483955688,0.24937660186835128
-5.132968067161794,0.24919293285316094
-5.131342619370812,0.24886836010675756
-5.129368223887847,0.2488989472580068
-5.127198295787502,0.248767240174264
-5.125151238010253,0.2485185599035928
-5.123312666653713,0.24806781309822268
-5.121420479954266,0.24757251772150576
-5.119580917955685,0.2469183642637365
-5.11740284099329,0.24667336499519948
-5.115452741590909,0.2466161183344366
-5.113415087979675,0.24668360696692557
-5.111402211052789,0.24677580593245932
-5.1093799693367625,0.24686018376772745
-5.107836565078393,0.24734151223705864
-5.106168205000633,0.24798426292435824
-5.104738654731776,0.24873543833468453
-5.1031730780579325,0.24966992165313512
-5.101532459330366,0.2507013220660072
-5.099930026879819,0.2518881384779768
-5.098225494588823,0.2530210216143772
-5.09650769796125,0.2541710656811594
-5.094920335555167,0.2550797088856538
-5.093075114515649,0.25630396084187573
-5.091287846836671,0.25745347291137816
-5.089215528953649,0.2585578023717923
-5.0869264359087945,0.2598635767947924
-5.0847048527369925,0.26102847868735746
-5.082474530223726,0.26211701165661766
-5.080297147135146,0.26313740789106177
-5.078103983226014,0.26432073852295845
-5.075957108260571,0.26567760826075487
-5.073810736315306,0.2670339606479125
-5.071539951213023,0.26870669956642573
-5.069210226337643,0.2703647550020854
-5.066943564233048,0.27194165342237453
-5.064916362268298,0.2735905960325961
-5.063154548357462,0.2754862269937988
-5.0615593627727895,0.2772643874185151
-5.05990936638521,0.2791195337491247
-5.058584466827432,0.28111764516950055
-5.057107285988338,0.28330539489485007
-5.056108723203797,0.2855916867277888
-5.055044346415781,0.28819906269791484
-5.054370359977235,0.2904426674486524
-5.0538996938424585,0.2925944511171744
-5.053499773894934,0.2948992710072763
-5.053184247029768,0.29715019668937603
-5.0533965212544985,0.2995829844553515
-5.053768390508245,0.30181005002267686
-5.054569534132098,0.30432938569500456
-5.056068496207874,0.30648007323709364
-5.057876809799742,0.3083316562715198
-5.060086317592584,0.3101999699997841
-5.06260114086742,0.3117815377829392
-5.064901914151695,0.3135989288040322
-5.067392071810577,0.3158291189287685
-5.070417217639221,0.31850534129940883
-5.074184612620005,0.3205804675513619
-5.0782195007239155,0.32231142101994414
-5.082519466299023,0.3242642501527127
-5.087103340098837,0.3259882319370127
-5.091491970677336,0.32796692095526064
-5.096124850905858,0.3301486808360361
-5.100725189474141,0.33235856670464564
-5.105521438807093,0.3343170171565623
-5.110434968466182,0.33637261947539043
-5.11568422074345,0.33815818724345204
-5.1206739574896964,0.34028300646289217
-5.125600713326602,0.34235468991385437
-5.1305888620871425,0.34435871249244887
-5.135417520873764,0.3464319431847866
-5.140345841401572,0.34858759097128195
-5.145424006859593,0.35071010866961516
-5.15037827033744,0.35296062219373703
-5.155274652252697,0.35516230875232824
-5.160275415067889,0.35731255249608507
-5.165004602447645,0.35972999028835423
-5.1698253959296885,0.3622231351639638
-5.174582262849652,0.36480269139363225
-5.179153311531311,0.3675344866295204
-5.184428625849414,0.37121024458516844
-5.189507370340425,0.3751784090111481
-5.19459911302285,0.37894351727379444
-5.199527907794469,0.38290529537730855
-5.204413137730841,0.3867273499349031
-5.209082902532506,0.3907948411676463
-5.212986977883059,0.39514362666663794
-5.216343352027894,0.4000309362199671
-5.2194903260482794,0.40508888778569546
-5.22214103419253,0.409751235503377
-5.224406655017664,0.41465516785086437
-5.226236237904716,0.4200382115552334
-5.227827620224763,0.4252236954277903
-5.228743315280192,0.43100219419647634
-5.229525390151513,0.436875388876602
-5.229821231678667,0.44234416830256557
-5.229831954341608,0.4480268673943539
-5.229224751355937,0.4539682961028674
-5.228308512541374,0.460071665507258
-5.226376146329681,0.4663454931867969
-5.223750635447398,0.47319937924593236
-5.220881319296152,0.4800659351495236
-5.218240325320625,0.48732755455716753
-5.215129546543905,0.49496516059199
-5.21203241485486,0.5025844762767759
-5.208365126340458,0.5096177828177773
-5.2037763574232985,0.5165214117139111
-5.198609440492885,0.5238983782651292
-5.193250895397857,0.5310838325107563
-5.187512463877397,0.5376709338550189
-5.181287016479313,0.5446472890295838
-5.175147642094916,0.5510683611024787
-5.168663384617951,0.5573348776479191
-5.162116560956826,0.563651073311562
-5.155568934330124,0.5697306805472514
-5.148766572892177,0.5754964895366828
-5.141570999867326,0.581576806411357
-5.134507125837486,0.5871560268605944
-5.127270074775359,0.5928582757177933
-5.120096081097221,0.5985310356205921
-5.113266296147339,0.6040168181029801
-5.106422677214162,0.6094886902705976
-5.0996020845896615,0.6149098156333423
-5.092548096329299,0.6206756967033785
-5.085651233099371,0.6265692157232392
-5.079154669446111,0.6327421245475147
-5.072754075444173,0.6388820929658544
-5.066434845274286,0.645085863303516
-5.060283595989211,0.6511177498681731
-5.054236430587404,0.6571637591735485
-5.047237434415672,0.6620728923982864
-5.04011225537193,0.6670576447679419
-5.033023649184004,0.6719958764757046
-5.026139661046413,0.6767729489656825
-5.019584444023937,0.6814395833992059
-5.013163692455054,0.6859313847890511
-5.007234049751171,0.6899229181318746
-5.001678773833071,0.6935776601861035
-4.996375050620457,0.6970477133635178
-4.991211413794202,0.7006175375201674
-4.986715304487214,0.7036533229245562
-4.982643113361653,0.7061355651375776
-4.9785059586061875,0.7085610403863869
-4.975194253658848,0.7103261139484812
-4.971951455801733,0.7120016703214633
-4.968873593748845,0.7138165629656211
-4.966143022245248,0.715353611187445
-4.9639941400771255,0.7161310797201084
-4.962015725021652,0.7170749636526169
-4.96049227350082,0.7173953524257145
-4.959198184372998,0.717416500660653
-4.958393345521384,0.7172785823752925
-4.956812647852084,0.7162968369693826
-4.955815272591926,0.7146221165185265
-4.954945830347765,0.7127873402192172
-4.954225145250631,0.7110793741231005
-4.954068598396233,0.7088301740977284
-4.954172858841786,0.706361620750467
-4.954219650452245,0.7038446500603454
-4.954444807812646,0.701095378681414
-4.954996342835267,0.698085099092035
-4.955690200138123,0.695196469129237
-4.956631920829223,0.6919848153870437
-4.957653760780814,0.6887094294624239
-4.958644588814169,0.6854084919098723
-4.95969604866413,0.6820288664401744
-4.96142092429038,0.6781097741422295
-4.963219291135842,0.6742539351464704
-4.9654146722758385,0.6698805995179501
-4.967612897529872,0.6655054865924556
-4.969801829935148,0.6611236897354404
-4.971926852306751,0.6568255138486755
-4.974647110168699,0.6519931892569155
-4.976927910821384,0.6458339781221231
-4.9791879491114965,0.6396579546664616
-4.981366398999681,0.6327909314113175
-4.9839587161072245,0.625548639502868
-4.986506108578645,0.6184595187682714
-4.989152315834804,0.6112913515588818
-4.992110789523505,0.6037167321163881
-4.9951231523081345,0.5961886384277564
-4.998759645977976,0.5881592338726142
-5.002431736755908,0.580083644737194
-5.0061821173416385,0.5720747385653573
-5.009768815015652,0.5641977410964641
-5.013512826193252,0.5561162176723469
-5.017114512908686,0.5479155075867053
-5.021055158613152,0.5394423679236349
-5.0249652221571335,0.530377193206082
-5.029120522084098,0.5211807836176329
-5.033230915562871,0.5120212583684086
-5.036990171548656,0.502927348467955
-5.041310377234379,0.49351106724868393
-5.045303153936412,0.48435964872671566
-5.048750906511163,0.47495494895607415
-5.0514354616055375,0.46451818307155285
-5.054280461360518,0.453855858874526
-5.056815281419711,0.44329772973100634
-5.059730413417869,0.4320994425301283
-5.062330993919282,0.42063905470961177
-5.064588462087244,0.409544887138014
-5.0666698786385425,0.3985099233560029
-5.06877903271016,0.38750012911566334
-5.070575533239833,0.3769605697049425
-5.0727857232996465,0.3658798764107164
-5.0748613764592285,0.3546887128828482
-5.076821601296666,0.34367787762861357
-5.078748318819878,0.3325958033142552
-5.0806527335052065,0.32149726711739834
-5.082226619110249,0.3108153464917683
-5.083978282265276,0.2998327089448622
-5.085684264140849,0.2888143439640775
-5.087556052454664,0.27774995215483544
-5.089615078773287,0.2664057262800815
-5.091651761133775,0.25504526169070124
-5.093640043102722,0.2437755461240618
-5.095426646951857,0.23255996935383513
-5.0973783703520805,0.2214841566058698
-5.0996229864112,0.21029834560626495
-5.100603118471697,0.19772714807211003
-5.101943648186382,0.1845982703786158
-5.103213946940997,0.171276815333089
-5.104597759319825,0.15786377387568096
-5.107042143642895,0.14498271484294076
-5.109609964498845,0.13220648297256293
-5.112676713141813,0.1191416400488321
-5.1158509532065235,0.10578680094382789
-5.119302661432245,0.09247862029516488
-5.123477712929274,0.07858034466993306
-5.12749287717869,0.06488816734732768
-5.131929079780918,0.05154406277816305
-5.135890168609437,0.03857217009740745
-5.140192962613396,0.025308700682231018
-5.144808380141933,0.012303419927944186
-5.149012022228284,-0.00020613412489554276
-5.153289637878229,-0.012707714265788173
-5.157853702171489,-0.024974520878744987
-5.161955458102054,-0.03678120368195265
-5.165918565380968,-0.04788437378936575
-5.16999312839624,-0.058568713464738485
-5.173717719221852,-0.0688541455568723
-5.1774422054171945,-0.07883996717122115
-5.180865756258325,-0.08830235380053797
-5.183430634063602,-0.09902738214532915
-5.186270560262739,-0.10916181006567993
-5.189973114802854,-0.11799444774775036
-5.1934731247162835,-0.12658691552511298
-5.19685809276365,-0.13473376632707515
-5.199435670348636,-0.14202018822018833
-5.202508081248103,-0.14890628433957598
-5.205503426300067,-0.1556208058493381
-5.208221025636572,-0.16203043024755898
-5.21122039384123,-0.16821386524597365
-5.2140965427640396,-0.17430048998712708
-5.216139799563158,-0.1795107806083506
-5.218614370474719,-0.18437331144703764
-5.220698191896354,-0.18876592591452268
-5.222070643896705,-0.19248065701268424
-5.223678874439022,-0.19600602745110687
-5.225149123061237,-0.1993446486592124
-5.225853341572935,-0.20190545915788038
-5.226754675267407,-0.20430780277530933
-5.226908695325157,-0.20591536318397174
-5.226141441624281,-0.206642670132919
-5.225267133863664,-0.20689925996535263
-5.223946600806987,-0.20678805389240412
-5.2216576016807235,-0.20640058041028275
-5.218711987207454,-0.20561703388725183
-5.214796056186291,-0.2040940802534971
-5.211819672021306,-0.20078964731274052
-5.207935872120069,-0.19673818797536038
-5.203837950254106,-0.19213201714233036
-5.199204640050262,-0.187038575249256
-5.193924286963852,-0.18126723635941047
-5.188408399787978,-0.175504394358487
-5.182038646441023,-0.16919172306489885
-5.174690271559239,-0.16187514111011775
-5.166642609774569,-0.1544073523214296
-5.157799857817599,-0.14606818074941358
-5.1487583329109405,-0.13758262146614164
-5.139193840751464,-0.12918571696815043
-5.129420604160005,-0.12087299185641855
-5.118792707850189,-0.11185505075980691
-5.107358622555059,-0.10263975349096453
-5.096291310452246,-0.09384124395855416
-5.084721250870183,-0.08462801095661826
-5.07288038712889,-0.07523802275932043
-5.061332693436926,-0.06592226761081647
-5.049899864577664,-0.05684613496875767
-5.037848233038525,-0.04770245568703906
-5.02577183292517,-0.03852831150147435
-5.013785092672203,-0.029580869794843565
-5.001151845165642,-0.020210062014392436
-4.989323684704787,-0.009448734337727497
-4.977668624829424,0.0010790458301892394
-4.965964101118561,0.011647656285681174
-4.954204584233056,0.022303642088887552
-4.942385811181381,0.03272132072022636
-4.930579677740683,0.0431285716230572
-4.918521223731594,0.053811467767416216
-4.90679669597759,0.06425266972452348
-4.895175541485729,0.07460859470244177
-4.883513617849349,0.0849798050377806
-4.871825785771611,0.09534648700697762
-4.8604584692517445,0.10544878498791904
-4.848665204631372,0.11580873875143836
-4.837311932967096,0.12582424842251663
-4.826288916206945,0.13556737157156978
-4.815357301533247,0.1452965749936282
-4.804683138483004,0.154887060130369
-4.794196904519872,0.16443188580071133
-4.783890117132356,0.17368003540401136
-4.774726023112062,0.18332441859018078
-4.766121705382381,0.1923638503112763
-4.757901867550265,0.2009229067471555
-4.750010485131196,0.20921114159273124
-4.742976792590293,0.21758341677976475
-4.736387458083073,0.22564014355579756
-4.730408687919604,0.23325354744249016
-4.724477096596005,0.24043306630374983
-4.719157877645619,0.2472406697911944
-4.71440088915,0.25342709300166344
-4.709581010256534,0.25955980610360724
-4.70528579348908,0.26517045928217675
-4.701131417572037,0.27062615954800495
-4.696742706236334,0.275883533212246
-4.693062763667422,0.2804788534667842
-4.6900446355614465,0.28437375834835404
-4.686737893084082,0.2880244770296988
-4.683951443113149,0.2911197780031019
-4.681360327757617,0.2939820782762144
-4.6788568642637856,0.296917669441665
-4.676979971830346,0.2992931953275817
-4.675833499227801,0.3008831543169409
-4.674392025796199,0.30222354894579173
-4.6736478062748334,0.3028023641962741
-4.673315464288317,0.3034069481776858
-4.673014919736184,0.3037386794044506
-4.672703302912894,0.3040609376924389
-4.672819745326472,0.30399315205454425
-4.673211535345244,0.30357660337120673
-4.673466440969407,0.30304456583747774
-4.674562727576975,0.30170028374270247
-4.676076391863574,0.2999480938912451
-4.677553110323464,0.2981653365775361
-4.67919678047367,0.2962328011818244
-4.680932014907188,0.29419672951487136
-4.6828070854703086,0.2920053244015645
-4.685076698228514,0.2895525459827628
-4.68788934312322,0.28652200240701853
-4.690638382723577,0.2833645959166234
-4.693495291223572,0.28011854629357086
-4.696589011221995,0.2765729749872286
-4.699633786281303,0.2729876039993234
-4.702839143842012,0.26927022055261585
-4.706325142826311,0.26519788002956424
-4.70965124087763,0.26099267318347247
-4.713421903886256,0.2564216088007785
-4.716612157909042,0.25124323306278284
-4.72000360472549,0.24562421085029276
-4.7234001438747635,0.23948857347341831
-4.726528798392694,0.23357460773955133
-4.729089763817801,0.22654429207533636
-4.731762350502969,0.21960974626535928
-4.734753003781106,0.21246036015017122
-4.738298820969498,0.20463470738465192
-4.741488784334106,0.1965128073227745
-4.745266388763829,0.18785684012420564
-4.749364459603675,0.17871027710477203
-4.753625909306585,0.16970423108385896
-4.758438906840955,0.16029489780813672
-4.763822292220294,0.15007774478337993
-4.769213716512057,0.13987195486062093
-4.775457467388696,0.12905131572705597
-4.782361021054719,0.11737600279864542
-4.789652087057478,0.10602924527610867
-4.797511689909885,0.09428985285070204
-4.805294232331521,0.08251388941361319
-4.813607084600678,0.07118390023913021
-4.822262583919773,0.059694453582798505
-4.830940730520958,0.04816283013635741
-4.839882330793886,0.03685266505675887
-4.8479390278627035,0.02467950506664397
-4.855690715727657,0.012759141764971001
-4.86357509251712,0.0012386708587143384
-4.871225428926659,-0.009601153149328622
-4.878414693257609,-0.020509648974960926
-4.885494910879105,-0.031346421360803664
-4.8926107182327385,-0.04215433542285402
-4.899450192523397,-0.05262481264365349
-4.906295666285485,-0.06309362484069903
-4.913433083443489,-0.07345289463054629
-4.9201392330416,-0.08333990501122755
-4.92657622286675,-0.09299850817813819
-4.9328299796040005,-0.10233603813131287
-4.939048261425427,-0.11163261276765775
-4.94533336205075,-0.12082946152275183
-4.951536277511771,-0.1296345910435677
-4.957587954887485,-0.13837777326814255
-4.963679499088627,-0.14655093889732126
-4.969486753041726,-0.154339798640958
-4.975147463816502,-0.16200739686846063
-4.98074045424666,-0.169295561739925
-4.986139748596591,-0.17620186141650745
-4.991511298331563,-0.18308564980203343
-4.996618660513424,-0.1904560349419279
-5.001683281755179,-0.19765046081686782
-5.006144175753949,-0.204343795399897
-5.011046798191047,-0.21043373425205197
-5.015443175301557,-0.2158859620899791
-5.020015814523558,-0.2210817484760203
-5.024545696311671,-0.2263125759898197
-5.028880579153156,-0.2312976265166768
-5.032751424462484,-0.23594105572127946
-5.036082400061812,-0.2403194486199567
-5.038714211785145,-0.24381712670936043
-5.041261001206636,-0.2468151192677742
-5.043109701195089,-0.24959472774134794
-5.044548807862554,-0.25185848635817165
-5.045856958735882,-0.253992723506134
-5.046446097427908,-0.25559844633216067
-5.046178925712599,-0.2561257854223406
-5.045296305982505,-0.2564186194155367
-5.043417139392286,-0.25591332668220673
-5.040788109430996,-0.2545546344877366
-5.0379401255340355,-0.25308848523903643
-5.034311020680629,-0.25102646083528946
-5.030397469265839,-0.24871494947878517
-5.025621213762924,-0.246265321114534
-5.020176163400056,-0.2433125810980442
-5.014429330204081,-0.24003862961867814
-5.00845449893168,-0.23694947254571697
-5.0031075261676206,-0.23266958332849513
-4.997660964565704,-0.22851144463412343
-4.992146202433504,-0.22435518244541347
-4.98619708147396,-0.22003901055238942
-4.980561797022263,-0.2158751171878167
-4.975056882097589,-0.21180170149003166
-4.969685249192367,-0.2077647608451744
-4.964497419321138,-0.2039667898607645
-4.9591644964752595,-0.20005498531612032
-4.953633443186706,-0.1958943679625782
-4.948421414563573,-0.19174643255961013
-4.943281944717921,-0.18766435971089956
-4.938483955615371,-0.1840114759321663
-4.933774615853783,-0.18029933261527306
-4.929060264452717,-0.17673936375527904
-4.92470591286499,-0.17295830971373397
-4.920410241223281,-0.16920270204223342
-4.915904270814312,-0.1656194581915529
-4.91167307802545,-0.16237710725242327
-4.907539394065146,-0.15923938304018362
-4.903440792475311,-0.1560728295650646
-4.8998427100688255,-0.15343438800275047
-4.896201900594335,-0.15076164963823172
-4.893026939405706,-0.14746635495060326
-4.889887220402335,-0.14424444479864176
-4.886991331780645,-0.14118956059561644
-4.884434441733313,-0.13785598160700166
-4.882353600736358,-0.13501348663408508
-4.8804286129306345,-0.13233719563591012
-4.878551370649002,-0.1296217811538591
-4.876862734948612,-0.12707757060435848
-4.875401993170605,-0.12463465549798677
-4.874264963923126,-0.12192496204784505
-4.873293356713944,-0.11946492300588528
-4.872686111506583,-0.11727644136046357
-4.8721807765288965,-0.11476022834697697
-4.871893451265335,-0.1123815792103859
-4.871921918443135,-0.10997994169157918
-4.872335084308147,-0.10710911834889443
-4.873060248533494,-0.10462988829621511
-4.874444306712179,-0.10237660455688044
-4.875839307072547,-0.09996163271190613
-4.877357365922912,-0.09761038395657647
-4.8792368994205235,-0.09558853843820944
-4.881072288106575,-0.09359164639917844
-4.883162487070622,-0.09180662087890529
-4.885982141406852,-0.09066909874540754
-4.8889780033527055,-0.08938641656133806
-4.8923239303558095,-0.08848550834621252
-4.895834962857076,-0.08765934229420123
-4.899519799472413,-0.0870052348211473
-4.903317505554334,-0.08624879989795871
-4.9074944546630315,-0.08580672587065159
-4.912109692080454,-0.08552357873542196
-4.916746848703779,-0.08540480175118705
-4.920955942015233,-0.08493028351481761
-4.924973364003871,-0.08446652566632244
-4.928944062896137,-0.08392474580244266
-4.93317393398329,-0.08359752842613133
-4.937466297060894,-0.08350191638207076
-4.941754165311298,-0.08371979874477581
-4.945778771466956,-0.08389507277180767
-4.949918620799937,-0.08363507808664891
-4.953851052648034,-0.08328124408451364
-4.957560802719603,-0.08296200405713239
-4.960881771660344,-0.08287918880471198
-4.964405588504848,-0.083052390052097
-4.967834236884366,-0.08330398708818874
-4.9713850627175304,-0.0836567089785706
-4.9748911177141135,-0.08395267937546147
-4.978085479505569,-0.08450507153437946
-4.980859065272603,-0.08470897786865979
-4.9836875936256755,-0.08498238831003695
-4.9862910633568704,-0.08544075194255212
-4.98904874729499,-0.08601830234363068
-4.991737433601684,-0.0868302063869667
-4.994061517338867,-0.08771041697276612
-4.9960561085338036,-0.08831792481097314
-4.997961554081897,-0.0888196213714028
-4.99993188521285,-0.08941431901767259
-5.001655843319665,-0.08980516788259574
-5.003629303665378,-0.09042563285517174
-5.005272568829813,-0.09107459448252035
-5.0070789882824345,-0.091834871810895
-5.008776698315313,-0.09268422331083122
-5.010918928727244,-0.09355255516555902
-5.0125406159247925,-0.09399026391351337
-5.013922085225076,-0.0944251965026025
-5.015063142916068,-0.09537721230759667
-5.0159409932574075,-0.09638926856032837
-5.01656404674665,-0.0971904443715603
-5.0170506612376675,-0.09799535388630543
-5.017502499728698,-0.09866404573875157
-5.017606154292315,-0.09904456495436303
-5.017867935486148,-0.09947821505349282
-5.018021927402938,-0.09958032397149537
-5.018053307635816,-0.09958097147354572
-5.017975502396487,-0.09974424592442585
-5.017787629819219,-0.09978380034013094
-5.017353262465508,-0.09961933733786646
-5.016937923627968,-0.09951808798396984
-5.016572108167768,-0.09933056138805864
-5.016234519998656,-0.09916637539031094
-5.015807484895924,-0.09928263061841734
-5.015251586109853,-0.09932376101662152
-5.0148698898523705,-0.09950897272745009
-5.014509709935477,-0.09946772881743046
-5.01428676878904,-0.09939288534364793
-5.014122977712619,-0.09907467019906169
-5.014148734482725,-0.09879195942173577
-5.0141455972778814,-0.09847271864533329
-5.0143483730680485,-0.09811750963997291
-5.014514962110796,-0.09819856520277682
-5.015044102053145,-0.09824535588402325
-5.015929989231871,-0.09846688615207154
-5.01700807996993,-0.09884752348975537
-5.017984125560624,-0.09900606765537093
-5.019019465993018,-0.09933469907364191
-5.0204280538131965,-0.09997222770525115
-5.021835610512017,-0.10058894122891222
-5.023790438051851,-0.10161885813178219
-5.026330475144679,-0.10313303978607377
-5.029070217717172,-0.10436285772249984
-5.0321251949328625,-0.1059088420107655
-5.035818779966124,-0.10799174565526168
-5.039849728626218,-0.10979810279812853
-5.044285247201138,-0.11211710647762806
-5.049712515376916,-0.11525649040039865
-5.055477592246589,-0.11811955984756821
-5.061476490802683,-0.12127882256228882
-5.0676661305024755,-0.12438420281611606
-5.074375188258221,-0.12798703525430216
-5.081352395244817,-0.1316120191422454
-5.088313661268022,-0.13526840884919558
-5.096377146469529,-0.13916337917811003
-5.104311533688396,-0.14343631430056006
-5.1126513013901675,-0.14770381131627155
-5.121322338091579,-0.15233471168663504
-5.129796629495068,-0.15675908628829943
-5.1385519811561196,-0.16066083932830597
-5.147789641809795,-0.16496027340205974
-5.157099394535266,-0.1693495018810385
-5.166587450636958,-0.173596604335039
-5.1763758496498165,-0.17809076780470764
-5.185791585415322,-0.18210821483956635
-5.19510119460462,-0.18621563997127538
-5.204086107913629,-0.1900539636158979
-5.212969414324314,-0.19376057421258291
-5.221904149385086,-0.19742876500348913
-5.230927781712225,-0.20116915635206403
-5.2397107802522385,-0.20460013406664598
-5.248331379804384,-0.20816626307946773
-5.2560619341301615,-0.2109261088827462
-5.263990496420281,-0.21317961358097207
-5.271942093587478,-0.21541683781755233
-5.279776526200009,-0.21746470169931129
-5.287186038134373,-0.21920602523209243
-5.294317918830368,-0.2212135690041866
-5.300917958396379,-0.2229139990222818
-5.306878580667302,-0.22408680226767838
-5.312518119826113,-0.22527600884854518
-5.317978185826342,-0.22627381286932807
-5.322455630042165,-0.22647530867029805
-5.326467038314094,-0.22705371729028573
-5.329880892901742,-0.2268661100393507
-5.332601380768529,-0.22610731820262905
-5.33483238561871,-0.225743843938709
-5.336876821434775,-0.22514089273901958
-5.337471966427498,-0.2233453411655698
-5.3378237977484515,-0.22174613698381193
-5.337467521703475,-0.21923922320339664
-5.335928280749877,-0.2157591605899996
-5.3336609437356115,-0.2128670242612998
-5.330980517268394,-0.20944535525699373
-5.326807145478633,-0.2047959882540716
-5.321847405386483,-0.20013239659837628
-5.3165824331879135,-0.19511471141943004
-5.309545752354958,-0.1886402739152156
-5.302069883795998,-0.18231054774792424
-5.293972592943588,-0.17585801646924465
-5.285331992677719,-0.1691698539864768
-5.2758900648350515,-0.16171433735916524
-5.266047541155666,-0.15458707693282284
-5.255413101335047,-0.1467623446199867
-5.24346602352028,-0.13825044846938683
-5.2311580379916265,-0.12962980008008435
-5.21844265191404,-0.12101467805493779
-5.205270746485851,-0.11193445620736293
-5.191975791838819,-0.10316581045262739
-5.178255365881208,-0.09442829703660928
-5.163942085694344,-0.08504169068863167
-5.149549937145927,-0.07568859773211058
-5.134459650562846,-0.06606776842381239
-5.118954348774206,-0.056540079029912205
-5.103418640038677,-0.04696929805695444
-5.087776942431483,-0.03728514327688742
-5.072202582539819,-0.027887942070831583
-5.05661233312126,-0.018466109474361697
-5.040597063627334,-0.008760034330929175
-5.024439313199125,0.0007634661152723704
-5.008580631870114,0.010123585089682434
-4.992538126197777,0.019916079065407603
-4.976973276880707,0.02924527568375259
-4.961025139946581,0.03811697265143943
-4.944934526419268,0.047219376822
-4.928761667668837,0.056300302559324694
-4.913084149357377,0.06492671341480571
-4.897289558264971,0.07411590937970305
-4.881336432199195,0.08299111545281776
-4.865600899087561,0.09182198599475777
-4.850173159528768,0.10090095899257646
-4.834854518327682,0.1098186087069387
-4.820176436425661,0.1182682142303861
-4.805580797335503,0.1267803766112233
-4.791057818695005,0.1350648606861149
-4.776803323522367,0.14327923978394544
-4.762961088847175,0.15183296640507596
-4.74918788306749,0.1602931585314776
-4.736245366728066,0.16810397348031114
-4.723435289096126,0.17602236395410373
-4.710774867129828,0.18368376129983835
-4.698568719160043,0.19110010099796443
-4.686667269940171,0.19877017419735804
-4.674843716940566,0.2061720354427343
-4.663431888650486,0.21323376194820606
-4.652572438233526,0.22019026296167327
-4.641674551773593,0.22711846498468036
-4.6315258688663485,0.23342725780475226
-4.621325187517392,0.2398018072660172
-4.611280692487029,0.24630751762420058
-4.6012886254417324,0.25276992921814595
-4.591540086116567,0.25892656685823634
-4.581957762696396,0.26522296879241364
-4.572835764308971,0.2711862510430436
-4.563726123832916,0.27652207214761026
-4.554681539987013,0.28212252378788183
-4.545596330022761,0.2877566543710779
-4.536487354110446,0.2929474802921134
-4.527600943186495,0.29831920522948374
-4.518664987670412,0.3037320541059968
-4.509906110758786,0.3085304250950546
-4.501123252833819,0.3134936327224317
-4.492890811275519,0.31794925178574923
-4.484712166596621,0.32244977987962287
-4.4769434489338495,0.32643729539209754
-4.469069845736638,0.33051198307077134
-4.460137306661063,0.3332463100296244
-4.451210549150821,0.3357855217597532
-4.44250473311971,0.33820903092765886
-4.433997550511734,0.3407678209408828
-4.42523376040522,0.3430772127435502
-4.4168701552834415,0.3448861287427561
-4.408637645095303,0.34658624430050317
-4.4005288069615105,0.3483922243346409
-4.392472947653163,0.350131855545095
-4.384789997539628,0.3515618142424573
-4.376977482302897,0.3528812924908699
-4.369649649711287,0.35359609733269737
-4.363151001440906,0.3539084848327662
-4.356992218793581,0.35386030650579625
-4.3508387856837505,0.3535972673154721
-4.344883725911932,0.3531693302555688
-4.339295856348524,0.3524288778194725
-4.334410056106148,0.3513424571277302
-4.330104268161733,0.34966269429588104
-4.326193205047368,0.34758176006550756
-4.3225705855295,0.3453015812153083
-4.319199011022086,0.3427172568486815
-4.316070218932026,0.34016222570852667
-4.3118818758633966,0.3362946217468606
-4.308152139986786,0.3320440089590295
-4.305108058376089,0.3269695403496735
-4.302764675534719,0.3215055205032998
-4.300607440863058,0.31622506455437693
-4.299151372602912,0.31020450295679663
-4.2977304653957615,0.3038962898899137
-4.29649626315368,0.2974685493912091
-4.295748379413223,0.2906340986798158
-4.295139185444935,0.2835821301524376
-4.295047675008401,0.2762126675993143
-4.295439457373969,0.26833934274895466
-4.295982672569614,0.2602778427925101
-4.296550540503947,0.25223660380246493
-4.297573171325774,0.24376898751460452
-4.299159748647465,0.2352062956317382
-4.300899323257699,0.22656145050205154
-4.30319876293302,0.21744709393899642
-4.306091633152093,0.20806526265701994
-4.308802184016324,0.19853395577748506
-4.311906081415436,0.18867223200351935
-4.314520260804624,0.17814583901524927
-4.317485130489414,0.16718522296103225
-4.32037249570753,0.15627967682000055
-4.323955866118905,0.14513307459469754
-4.328050465299776,0.13335480071587355
-4.332178620493005,0.12121540055108107
-4.337967511833246,0.11016841262166903
-4.344431420855886,0.09847479311358721
-4.351135362798954,0.08664975225654531
-4.358854957557493,0.0739706092530515
-4.367842864111278,0.06008357013622389
-4.376688160169523,0.046303821792590634
-4.387288918959298,0.031046809174204416
-4.398902422762824,0.014473494508044542
-4.410686197398994,-0.002209748522138049
-4.423945639114257,-0.020135891712985833
-4.438562209020819,-0.0394050494851352
-4.4532352422139825,-0.058300436521149336
-4.469077421655094,-0.07818153391420932
-4.4856681388168305,-0.09904654343689488
-4.502265140043308,-0.11969244361476859
-4.520433274772635,-0.1419796021045082
-4.538536953964327,-0.16399379955042317
-4.5557718820027855,-0.1859083027192818
-4.574087822230346,-0.20888721263490698
-4.592386717800371,-0.2318812268085187
-4.610782732120314,-0.25509792219167216
-4.629391207129863,-0.27840604016299814
-4.647953909945154,-0.301752754094949
-4.667989577395177,-0.3240768964936673
-4.6879022444757075,-0.34629624679815874
-4.707694242765497,-0.3678709572538498
-4.726944274745589,-0.3889431837728038
-4.746527724458609,-0.4104945216768481
-4.766164103045338,-0.4312386984706865
-4.785784495040545,-0.4517198561588364
-4.805320457119851,-0.4720795373514112
-4.8248356382016455,-0.491749266665371
-4.843898981145006,-0.5108175331206286
-4.862771403341473,-0.5295883812413738
-4.881859590578007,-0.5479061227656881
-4.900514579478395,-0.5656890686000827
-4.919147062605754,-0.5833684307471453
-4.9380300219505955,-0.6004427211281631
-4.956143037686971,-0.6165657407178027
-4.973879463168945,-0.6324569850554363
-4.991478421833356,-0.6479170843798173
-5.008326900530529,-0.6625345463637905
-5.025190485496403,-0.6768615570015136
-5.042081391059308,-0.6909160463561589
-5.059334804381549,-0.7037579316199458
-5.07585731443799,-0.7158823804190624
-5.092539332089443,-0.7278866081045677
-5.108446686203452,-0.7391273553194183
-5.123512526048419,-0.7494352165825112
-5.1388114821545114,-0.7595650123131565
-5.1534406136659,-0.7690448230753223
-5.167204906542562,-0.7775707842285756
-5.180490033614563,-0.7857430158088333
-5.19200057626684,-0.7928425760180562
-5.202313519748219,-0.7984543959860142
-5.212274250132062,-0.8039679614220936
-5.220732507262715,-0.8082986558542979
-5.227844149050549,-0.8116581419658738
-5.2343353986044905,-0.8145730863367542
-5.239308620168939,-0.816239983173302
-5.243035821112751,-0.8165523387106605
-5.2467771975259,-0.8164425111316025
-5.249205164973355,-0.8153082172558059
-5.2508002712510295,-0.8133095508265415
-5.252113332680584,-0.811256947913724
-5.251579265156734,-0.8072738376369384
-5.250819167185066,-0.8034684364096967
-5.2501345748577934,-0.7990895569317221
-5.247872652473375,-0.7930305775384491
-5.2458102900618755,-0.7868127600766865
-5.2433234991563875,-0.7800943777754415
-5.240104999460638,-0.7726457426449299
-5.236903400330915,-0.7651817944744338
-5.233011844176833,-0.7570030013292623
-5.228472152003894,-0.7480924571649139
-5.223836630130093,-0.7392548050972882
-5.219009489276308,-0.7302474124765418
-5.213327506678766,-0.7203611115156385
-5.207267732244253,-0.7107713095517365
-5.2007050096020695,-0.7007687495725509
-5.193415864993941,-0.6898794454897363
-5.185974448033213,-0.6791072542480966
-5.178486333853757,-0.6684834770473754
-5.170425268333046,-0.6572113727235555
-5.162481747391823,-0.6456096206097993
-5.154926264474752,-0.6342825107781797
-5.1470444035256016,-0.622680166353273
-5.138044322499908,-0.6107088032889358
-5.129519766980167,-0.5993891534967535
-5.120657628198721,-0.5877852467833021
-5.111358089768701,-0.5760306307747493
-5.102546312278455,-0.5646132501112172
-5.0931073150548825,-0.5525031088119572
-5.083259132349433,-0.5407213448113362
-5.073369415321981,-0.5288877963689188
-5.063284135225774,-0.5168898440572698
-5.052995494386236,-0.5050561231017713
-5.042770292370936,-0.4933014412188741
-5.032178703426694,-0.48123895018727025
-5.021266831728806,-0.4694365157750758
-5.010333384331912,-0.45760702782979146
-4.999245719874066,-0.4456482002112801
-4.9884076567143385,-0.4342485433843621
-4.978256934723086,-0.42298576044695113
-4.967590469860861,-0.4113512197735156
-4.95701533367332,-0.40002873660448
-4.946008386487161,-0.3881680902891729
-4.935880434314109,-0.3753417847685076
-4.926040806916001,-0.3627581078747124
-4.915863284649302,-0.35025569119782773
-4.905852484782791,-0.33776588945988273
-4.8951623247615315,-0.3254960947112694
-4.8841788217625375,-0.3130065869245406
-4.873150851269961,-0.3002897686973885
-4.862117537408649,-0.2875687005116497
-4.8511470913503025,-0.2750908991675867
-4.840281077013407,-0.26262530797827527
-4.829754199505483,-0.25044433327387705
-4.819692997351575,-0.23837422147716716
-4.809306843188059,-0.22636064659291022
-4.799017152111776,-0.214428170071027
-4.788975288003307,-0.2028833053117737
-4.778920142161844,-0.19159478177252018
-4.769814053504634,-0.18110163187628542
-4.761484505879557,-0.17094058244162175
-4.753170530398508,-0.16113933321434537
-4.7455516179631685,-0.1519204477236201
-4.738786609980876,-0.14320916696349784
-4.732902169343161,-0.13499219589123682
-4.728166390489749,-0.12799208230583983
-4.7243294698571185,-0.12160320597430396
-4.720464865720374,-0.11523896322822252
-4.7188797499121,-0.11103744771369337
-4.718921379760037,-0.10862795445025569
-4.719684530376046,-0.10778184211035595
-4.721082977293673,-0.10793563852834633
-4.723416217675028,-0.10797533190353328
-4.727947821803501,-0.11011172763847608
-4.73332611050921,-0.11324485373780968
-4.73969496925925,-0.11665263582291337
-4.747536232504425,-0.12139408780094631
-4.75580460204478,-0.1268528026656796
-4.765253558199903,-0.1328398553616457
-4.77581785195224,-0.1393851707829303
-4.787153208100668,-0.1468930880666901
-4.799448877154623,-0.1547266784463928
-4.812336478390723,-0.16296774257685834
-4.825648856379029,-0.17173962819941466
-4.839830184004715,-0.180865707355786
-4.8542970045216105,-0.18974531967096808
-4.869060528749733,-0.19899589242935067
-4.884556277534006,-0.20840559948224693
-4.900554305337568,-0.21724770901616117
-4.916788236506463,-0.226295181495767
-4.933795069675559,-0.23603275984651492
-4.951343256204189,-0.24532915620767812
-4.9689758316089545,-0.2547800254873653
-4.985797005846164,-0.2645633987551919
-5.003489774125541,-0.27410357881610303
-5.021546480130376,-0.28354372299972047
-5.03938827559009,-0.29271055929113116
-5.058099689584374,-0.30190015164115064
-5.077012944229894,-0.31113895840278777
-5.095594129048881,-0.3199546453055565
-5.11496830102098,-0.32842363895804966
-5.134392748448738,-0.33679874007267024
-5.1535260948480195,-0.344799503330395
-5.172933556061224,-0.35238365102071567
-5.192239608820589,-0.36025613041345583
-5.21118758185034,-0.3676678618558462
-5.230376202625788,-0.37485410452600054
-5.248904293969818,-0.38128677208289385
-5.267661148617895,-0.3873095875711443
-5.2856593125844595,-0.3926247343501215
-5.30323864012418,-0.3980980181956515
-5.320762923931371,-0.4032646061285446
-5.338514680298024,-0.40699669245690884
-5.355658174501522,-0.4105162218016874
-5.371688282876218,-0.41344922182158095
-5.387273861687143,-0.4154872071287565
-5.402606840900106,-0.4177051040969761
-5.417435105672623,-0.41988395789404265
-5.43044402123248,-0.4203431697894806
-5.442139668460525,-0.41935864093579794
-5.452614784769124,-0.4173600036735884
-5.462346101755191,-0.41448097209501017
-5.471612546592672,-0.41215314436066336
-5.478952964420373,-0.40823138924646235
-5.485440901340282,-0.40334469677349705
-5.491272303812683,-0.39832562115472364
-5.495596594745924,-0.39206023555807806
-5.49926875960975,-0.3852736053232679
-5.502447054617606,-0.3786622527012208
-5.504309476551514,-0.37096440941550235
-5.5055655841059075,-0.3628781263071665
-5.506279322848991,-0.3547101053502453
-5.505830105787466,-0.34558313597538853
-5.504720080055028,-0.3365534772064246
-5.50338535142719,-0.3277159170917908
-5.5029177428188705,-0.3169396331533602
-5.502420538778568,-0.30612489814738886
-5.500653163992923,-0.295365528951931
-5.498600186173679,-0.2851145327048449
-5.496102461720208,-0.27486032610662164
-5.49334659101313,-0.26434543057187615
-5.490350960164638,-0.25404408848692855
-5.487340622159088,-0.24395281911613947
-5.484255006209184,-0.2338534446634823
-5.480381303062782,-0.22438823418598675
-5.476074526813881,-0.21456457981496949
-5.471814631590973,-0.2050128934845943
-5.466774032134911,-0.19542696311661414
-5.461229051836423,-0.18604338374568385
-5.456185028843411,-0.1773078791897644
-5.450106874818057,-0.16873934417439154
-5.443819571140009,-0.16018222870204524
-5.437790169914051,-0.1519565981977826
-5.432093427741822,-0.14310332797049222
-5.426440216946446,-0.13436455756675325
-5.420999356892134,-0.12643659006796254
-5.415263950433756,-0.11869275309011322
-5.410294397608771,-0.11174900368199492
-5.404896538247754,-0.10515889210000175
-5.399706346640069,-0.09881810759377793
-5.394741500441402,-0.09271309725341702
-5.389603342176683,-0.08675547926001312
-5.383920051901849,-0.08194698900919604
-5.3784398674975025,-0.0773994979650255
-5.373139056408565,-0.07297055280581015
-5.367780937454873,-0.06874709459539972
-5.362317723039198,-0.0643861887612107
-5.357288742731834,-0.06012535910658828
-5.352652940228263,-0.05612514099247898
-5.34803881702838,-0.052151846838084305
-5.34335587334126,-0.04825499566382061
-5.338611331214736,-0.04424669093181786
-5.333403300162345,-0.03963866134608869
-5.328655754984421,-0.03515817778594592
-5.323722434092389,-0.030423354676717827
-5.319010063043633,-0.025973015252683418
-5.314504544994243,-0.021750646985294254
-5.309984654416922,-0.01726926605752655
-5.3051223875987485,-0.01236457962430021
-5.300608233027121,-0.007815596973638126
-5.295736533340265,-0.002671344674492228
-5.290965577908944,0.0023434005296523544
-5.286601974606902,0.006715317073775988
-5.2821717887920565,0.011986720048554696
-5.277364467344503,0.01696150717430377
-5.27158001061849,0.02018055376855699
-5.26513644905019,0.02395247379777843
-5.259454764467933,0.027394821343760534
-5.253652884076574,0.030992992417583583
-5.247651466919335,0.03511168275860018
-5.241473830912413,0.038838688359120896
-5.2352609803379035,0.04261202847132991
-5.228880143816009,0.04674195882809625
-5.222629593350233,0.050331446619306705
-5.216681118996946,0.05391655414641963
-5.210489708066674,0.05769538609807244
-5.203960807168367,0.061194802329542525
-5.197720295241085,0.06438444269813967
-5.1916977232554515,0.0680035035067404
-5.185274777231881,0.07137600104299476
-5.178558176012228,0.07352181971546869
-5.172252381193539,0.07543599346000364
-5.1655606617604874,0.0776662231168613
-5.157881836431757,0.07875089367853978
-5.149998678570333,0.0800997872858968
-5.142184441263506,0.081803079148978
-5.13412597644028,0.0832430495768724
-5.126129178324903,0.08460545013602376
-5.118274095552162,0.08603233986135599
-5.110280813990258,0.08761993242089282
-5.102044179566236,0.08922968016065647
-5.093704891408404,0.09103135699702736
-5.0852145932021395,0.09293579231306857
-5.07682307711689,0.09500336700248482
-5.068757820186683,0.09677680866142811
-5.060689373130622,0.09851300366295664
-5.052772973478383,0.10000887350727215
-5.044872106860829,0.10124050610026333
-5.036701599330782,0.10265956207401974
-5.028766447839942,0.10400603487024233
-5.021345779822019,0.10506324670955665
-5.01423098417878,0.10577708851316694
-5.007683569776006,0.10615038462859513
-5.001507577459611,0.10599114994195136
-4.9947306985304065,0.10455631001252952
-4.988231761665166,0.10314362107498644
-4.982036106375506,0.10141978479673953
-4.976260527937614,0.09935155422863341
-4.97116195012781,0.09690737980617498
-4.966154449679146,0.09443841397378426
-4.962395460144205,0.09094342495858011
-4.958736638965919,0.08721664926076181
-4.955678190874159,0.08311894337180385
-4.953610033700916,0.078096931665001
-4.952144723124151,0.07357460473690139
-4.950977407643805,0.06867376722320528
-4.95118630892469,0.06263954206043115
-4.951839707990098,0.05697306507434369
-4.952877591972064,0.05081800794856075
-4.954984783100389,0.04378130855111711
-4.957881385175725,0.03705883951524617
-4.961034964044527,0.03011186465965202
-4.964531583283764,0.02286216886909533
-4.968480696945204,0.01598456502532689
-4.9728206347450365,0.00883696266467707
-4.977663135172116,0.001294095950375534
-4.983211667263776,-0.005669749192478409
-4.988519275681375,-0.01309368298358188
-4.994016436239235,-0.02067519813172981
-4.999701960146505,-0.02774472048602476
-5.006303339160744,-0.03374803198838573
-5.012909660425559,-0.039683614805539946
-5.020025272546996,-0.04609561441482289
-5.027409881991063,-0.05229146711159661
-5.034868658345253,-0.05856808386515227
-5.042419873148312,-0.06488006532898016
-5.050323380959149,-0.07090848406791553
-5.057845563802904,-0.0765719491817027
-5.065552025862595,-0.08251381579190994
-5.073145207082074,-0.08876495479292171
-5.081070453924962,-0.09506256047022604
-5.089210941477235,-0.10155660426861764
-5.0971795774621285,-0.10809844487220097
-5.105095049744869,-0.11494245036069704
-5.112558378803389,-0.12159712449215655
-5.120138203791202,-0.1283989430900458
-5.127854235052449,-0.13527631142883864
-5.135144970701102,-0.14222850718274352
-5.1425116703249145,-0.14927659442915592
-5.1497911161608485,-0.15643072042359452
-5.156154836887746,-0.16384663630049562
-5.162338371057309,-0.17098784951122548
-5.168476593134619,-0.17845390164445113
-5.173961188430092,-0.1853984382752703
-5.18019991067769,-0.19132703275734828
-5.18625523049776,-0.19739892732731354
-5.192151020167294,-0.2032205495043879
-5.197944483106132,-0.20870557644925317
-5.20370445372625,-0.21461640366805754
-5.209160381660839,-0.22025508225421084
-5.213858200526003,-0.22532710564445815
-5.218575705973323,-0.23031870613691385
-5.222874899479792,-0.23479315088684902
-5.226840307428707,-0.23905827933189033
-5.230632875310938,-0.24346395377023458
-5.2341834970006085,-0.24758526737768857
-5.236817322140364,-0.25088287816205307
-5.239160177352624,-0.2544161264395045
-5.241128326096894,-0.2575015708662372
-5.242391346814399,-0.25998716644466835
-5.243386299466959,-0.26235722033205877
-5.244322572400928,-0.26467880616231615
-5.24509649732337,-0.26679379898258293
-5.245489667127806,-0.2692861296786827
-5.245366255516592,-0.2713490355165248
-5.245067125909107,-0.2732868490376335
-5.244326747531488,-0.27523649447484055
-5.243971758516268,-0.2767268011112675
-5.24361394372059,-0.27821469530240245
-5.243389355718769,-0.27987195546867966
-5.242965002723439,-0.28169050029075504
-5.24225570778918,-0.2832731117846332
-5.241180525083176,-0.28439028186970094
-5.240129535422047,-0.2854878977734742
-5.238892237972523,-0.2864230795415189
-5.237830501972353,-0.28740713582473093
-5.236515902760916,-0.28821033453239625
-5.235532595216254,-0.2892877108044539
-5.234320587011595,-0.29008032556923186
-5.233438214745936,-0.29083548638448614
-5.232170705109578,-0.2912717452675929
-5.230860634806649,-0.2916548730076265
-5.229636717899262,-0.29187901515201986
-5.2284614247368895,-0.2920243975930684
-5.2272364044488295,-0.2922099152326937
-5.225946630005564,-0.2923132720192014
-5.224426891241162,-0.2922262102907718
-5.223727570689712,-0.291199788206621
-5.22295714220806,-0.2899218708739294
-5.222163268300675,-0.28862253266145627
-5.221767371561407,-0.2866309937625908
-5.221301020408164,-0.28469650906478833
-5.220721815272182,-0.28261875140105025
-5.220499700570193,-0.28083672941532223
-5.220422308324962,-0.27893772304154235
-5.220354247726403,-0.27705057824537255
-5.220127754323029,-0.27503228833814736
-5.219751271642156,-0.27282049650558343
-5.2193983005157865,-0.27054387644569616
-5.219249782238968,-0.26841277525687723
-5.219210034511942,-0.2661935425392569
-5.219151459820356,-0.26397247168420823
-5.218846683366994,-0.2614229143320379
-5.218555848843905,-0.2585523478745953
-5.218121179236346,-0.2556731970976468
-5.2177602235643885,-0.2528639813702463
-5.21749773253125,-0.25028310928143893
-5.217287257066405,-0.247664517196106
-5.216905302046371,-0.24479853467964743
-5.216613127740429,-0.24193909685380782
-5.216361262613195,-0.2389284941186044
-5.215679281195826,-0.23556213965221828
-5.215112054289566,-0.23234168107558603
-5.214592602987987,-0.22901364852041292
-5.213988689152422,-0.22557975471682087
-5.213556034466069,-0.222368589149061
-5.213413544389413,-0.2195267254822758
-5.213004678862193,-0.21660577209728618
-5.212451517021036,-0.21374921893602886
-5.2120363809310515,-0.21106848149280139
-5.211540362737903,-0.208338078727137
-5.210866021491931,-0.20594531395650295
-5.210541874193716,-0.2039986885224267
-5.210228636041056,-0.20211465371697718
-5.209978739861075,-0.2004477067303409
-5.209920544507073,-0.19919968930041976
-5.209562741034023,-0.1982716296663173
-5.209258561228303,-0.1974370016141756
-5.208816385671982,-0.19671459908139213
-5.208457882863443,-0.19601187692286962
-5.208573606986903,-0.19582685860106647
-5.208548458474703,-0.19575621206772692
-5.208460985368743,-0.19565345292712674
-5.208129468477595,-0.19559830009589058
-5.2079835676360355,-0.19544151753396008
-5.207718981882451,-0.195096075113035
-5.207594274059885,-0.19486611032259651
-5.207093955628609,-0.19559603877401488
-5.20663527056156,-0.1962921244179855
-5.206293091588684,-0.19708626259096906
-5.2059790847421255,-0.19787950731532528
-5.205680697916566,-0.1986600091011363
-5.205430302082835,-0.19946976589150994
-5.205025653816301,-0.20018467181803073
-5.204710759365114,-0.20082667436384855
-5.2047428291224005,-0.20175249379355498
-5.204904186956553,-0.2028191911445
-5.205114893979635,-0.20416121329428932
-5.20534964581744,-0.20552293996723012
-5.205738675585126,-0.20708096218723057
-5.206248468436077,-0.20854072794796488
-5.207408053623243,-0.21053703946254948
-5.209146959641618,-0.21327085699420895
-5.210841234047492,-0.21604022704165582
-5.213300558631891,-0.21949403966987288
-5.21587381808201,-0.22281160477878215
-5.21835572960651,-0.226271116453852
-5.221096515944924,-0.23006142520758957
-5.2243618861993,-0.23439045514184395
-5.227877015027714,-0.2385163442514948
-5.231050151099418,-0.24282701482334787
-5.234978927127806,-0.24776205017768999
-5.239065236677129,-0.25258009063258646
-5.243389117787426,-0.2575069093196679
-5.247890951500487,-0.2626189574004473
-5.252707772786757,-0.2674762744816202
-5.257246425865307,-0.27197941099671685
-5.262124520708827,-0.2767631742829604
-5.267127181492282,-0.2814468440111196
-5.272028902958534,-0.2860018628422198
-5.276985826531763,-0.2906025541870987
-5.282264752825668,-0.29494428059404576
-5.28738944746866,-0.2990893010540862
-5.292220389274562,-0.30299146086490764
-5.297167271174037,-0.306800972515156
-5.301831986336126,-0.31025066821131925
-5.307062724536424,-0.31368534592939284
-5.312173507388309,-0.31699217431261956
-5.317345702424558,-0.320083135303658
-5.321944063732779,-0.32269955660299793
-5.326426318050767,-0.3247477130348923
-5.331040696458276,-0.3266906609570902
-5.3356227639648015,-0.3285441469914614
-5.33998355747027,-0.3299652603034528
-5.344372197663507,-0.33145178961304134
-5.34846398031646,-0.332722105234547
-5.352376268770365,-0.3337725561918069
-5.356158703160855,-0.3345479698664541
-5.359506813565087,-0.33515914708449585
-5.362747640474472,-0.33568355109342457
-5.366064391412766,-0.3362579726926933
-5.36954031726149,-0.33690936517268877
-5.372968637209213,-0.3369819390211845
-5.3761178261207565,-0.33676901320554425
-5.379247657144169,-0.3365720633712299
-5.38186920973425,-0.33588546909257566
-5.384635227150515,-0.3349674141415305
-5.387265732266752,-0.33398697914809317
-5.389560860404862,-0.33272919638495124
-5.391985120858517,-0.3311593706097691
-5.394226555645718,-0.3297304055267761
-5.395763421236197,-0.3276742819798771
-5.397108571394488,-0.3251003929475281
-5.3981768548845075,-0.3224910966393915
-5.3983320825094845,-0.31897496432852673
-5.398760745771068,-0.3152387990514834
-5.399354387961737,-0.311338941894124
-5.399628864362737,-0.3070291858524948
-5.399697082753348,-0.3024097685098993
-5.399181082078551,-0.2978034572584324
-5.398397523151933,-0.29285340834423956
-5.397349287483226,-0.2872923481865147
-5.39612545433439,-0.2818362635614955
-5.394604831751883,-0.275998782736911
-5.393092941731043,-0.2699961476381573
-5.391010614181148,-0.2639591034273833
-5.388614731884641,-0.25751908535313406
-5.386264588475012,-0.2507791221904538
-5.3833919599267155,-0.24362879754462546
-5.380167411406939,-0.23602603487866722
-5.376947413615236,-0.2284430161456474
-5.373407823558777,-0.22063827765039953
-5.369462531256342,-0.21231180728082547
-5.365645952027379,-0.2042900626909784
-5.3610815263098575,-0.1956857110653333
-5.356947416585102,-0.1860160400463373
-5.352776477463652,-0.17624380021869523
-5.348324735000882,-0.16622009143223818
-5.343756960841277,-0.15604665712112117
-5.339374842630956,-0.14634446109775565
-5.334492753857849,-0.13657714166105483
-5.329398259500123,-0.12651411151610364
-5.324318236855822,-0.11672988503040276
-5.319219427868026,-0.10695641344643356
-5.3140515495657406,-0.09709962069984668
-5.309021477260803,-0.08728839622058576
-5.304012798223707,-0.07756838344778301
-5.298868637927375,-0.06795652540173677
-5.2941557024327,-0.058751113048937334
-5.28910596246564,-0.04926712868464838
-5.283955157886804,-0.03986377403934808
-5.278618147829632,-0.030279339540962347
-5.273239507349761,-0.021206991998648703
-5.267816555228314,-0.012533003389282309
-5.26249162274201,-0.004243529304061091
-5.257192079425872,0.003952081775345415
-5.251708528706028,0.012039210945263897
-5.246313780228869,0.020011906575353372
-5.2419575879965,0.029116555212346126
-5.2373961679130385,0.03801432219169665
-5.23281722054381,0.046890735146023065
-5.228401682747919,0.05555609375192841
-5.224133045420753,0.06388796575306624
-5.220204427420489,0.07223935003869458
-5.216591453229067,0.08018327082465632
-5.212566646951251,0.08779422976707174
-5.208575765588569,0.09547229499773578
-5.204630628851111,0.1030909007178056
-5.20094085368598,0.1103616040174416
-5.197598733640522,0.11746093979299312
-5.194733066192148,0.12394500189350798
-5.191722919470251,0.1301531170972418
-5.188875429679835,0.13645856938334483
-5.1861757735515965,0.14257267565578505
-5.183608348664563,0.14840680460450567
-5.181393295641427,0.15403796674383613
-5.18001767860501,0.15858459884442194
-5.178888127370937,0.1625933728437163
-5.178453620723897,0.16622421304801477
-5.178736340344513,0.16909991675309644
-5.179399726991113,0.1715030967630383
-5.180951547651054,0.17442983886527927
-5.184140887885103,0.17620110047874415
-5.1876455185518795,0.17782144162478003
-5.1923636463068945,0.1788299056387828
-5.196511680101751,0.17895898320861206
-5.200885175132414,0.17927467280226003
-5.205902579197195,0.17906660307471498
-5.210844293209384,0.1789557684598604
-5.21626929354546,0.1792439205341718
-5.222241722826181,0.17908721874143443
-5.228294636711714,0.1788259043568242
-5.234582680734565,0.17875861033893523
-5.2410311468245645,0.17858902868045629
-5.247119131668081,0.17892418215533165
-5.253501926219955,0.17920078939087133
-5.259994887265542,0.17938820688413395
-5.2664038755811715,0.17985906108263056
-5.272573243963426,0.1803779645384762
-5.278721164863325,0.18091458600301794
-5.284536723136548,0.18204905878320962
-5.290704357502054,0.1835279031643426
-5.296619226376956,0.18521173804190622
-5.302749719036992,0.18714990930395473
-5.308438816853738,0.18919210175599238
-5.31391588693114,0.19140624658588104
-5.319206778830521,0.19378774094987522
-5.324084280599697,0.1958407356297837
-5.3274231074151785,0.19718283308548057
-5.330838028771711,0.1984149150478475
-5.333964563006674,0.19940982877587804
-5.336904616931831,0.20058601369906173
-5.339683325241662,0.2018354169953921
-5.341896941320963,0.2026203876582713
-5.343593273065831,0.2038689090132476
-5.345440268774233,0.2049227449082471
-5.346994575355631,0.2057360759384928
-5.348356008163384,0.2066976969960251
-5.349669717921319,0.2075515110006228
-5.350478469944955,0.20799040446408118
-5.3510885159482084,0.2086090910201685
-5.351368806775318,0.2091117557289275
-5.351802172940421,0.20911363311906106
-5.3520566646915055,0.20925623764214882
-5.351976606750695,0.20946559569840992
-5.351652669406205,0.2094744688004909
-5.351034877264984,0.2098673497816621
-5.350108296069357,0.21050952925015518
-5.34895295354628,0.21108357772925154
-5.347565094512446,0.21178143384638073
-5.345770186469804,0.21299272766423294
-5.343522948902824,0.21355930202389786
-5.3400165145033345,0.2147894005693685
-5.3366039266215655,0.2160398876650053
-5.332853589862253,0.2174427029163827
-5.329322370196301,0.21856024394176174
-5.325760204319411,0.21926231747368682
-5.322104513385094,0.22046502901643608
-5.3185762526281275,0.22150235729237636
-5.314884899267838,0.22220027951481758
-5.3110945564915015,0.2231643281822741
-5.307255002627524,0.224193655708241
-5.303701146362247,0.22481029580957318
-5.300619818540742,0.22549692946665434
-5.297833921901901,0.22579921178226736
-5.294919984296222,0.22595670993052666
-5.292185680897213,0.2262183101179615
-5.289489165370834,0.2264314967677439
-5.286664674054231,0.2264240126997035
-5.284434786906273,0.22593624824303785
-5.282790320758406,0.22506074402878387
-5.2809424683403625,0.22365268206909303
-5.279464594332351,0.22194584845189222
-5.278328965546989,0.22044418674010627
-5.277327704286804,0.21923722058352077
-5.276658786151716,0.2177615652095753
-5.276368103330502,0.21574464078001354
-5.276871831370793,0.21383998775574303
-5.278041830636624,0.21136371690493397
-5.279018832208603,0.20893774805048265
-5.280447846332166,0.20652080401077086
-5.282049326873775,0.20423104981253262
-5.283697282244322,0.20196031363231778
-5.285687807964539,0.20005226226642472
-5.288176251165975,0.1978638878264033
-5.2903976176908305,0.19596360909158048
-5.292797723432693,0.19432505841157252
-5.295361273411148,0.1924839972702091
-5.29738739216285,0.19122201947983838
-5.300037612427007,0.19056026647261448
-5.302556155184266,0.19014842790259331
-5.305462807348844,0.19005530058938555
-5.30808493059241,0.19033794205714072
-5.310734714216357,0.19067683645601669
-5.313360207200919,0.19103987659047936
-5.315815850834055,0.19185311026380442
-5.317774369096389,0.19331515659792345
-5.319735855780858,0.1950137844461541
-5.321734443026528,0.1967491261273042
-5.323443919012608,0.19886275470797765
-5.325220372187356,0.2009644201491698
-5.326549646456104,0.2032036415244323
-5.32761674743639,0.20578611474396286
-5.328468772029168,0.2086572645376573
-5.328892490571624,0.2116209990750797
-5.329118267604685,0.2148441170734195
-5.329087265088943,0.21824628288219922
-5.328662616624076,0.22154233249367447
-5.328145354182409,0.22496005258442603
-5.327440341977128,0.2284287556193547
-5.326034541496573,0.23227804334803875
-5.3246856325316685,0.2360534844907486
-5.322905111145276,0.2401228226398287
-5.320821672712093,0.24393218069071754
-5.318425776253158,0.24795345697707022
-5.31583944552179,0.2522117380360098
-5.312811454756324,0.2561068409331857
-5.309238267175988,0.2603776508782707
-5.305716756562562,0.2652349109089924
-5.301854590638654,0.27020973379404806
-5.2972502467339675,0.2755210066455653
-5.292186933471558,0.28063932958131416
-5.286788016850678,0.28614690909666657
-5.280667466522272,0.2917350719713463
-5.274489901337497,0.29709027682680816
-5.268330496753866,0.3024260077558024
-5.261232210865678,0.3086824572672695
-5.253644576255444,0.3150770107882618
-5.245724001767415,0.32190651769051615
-5.237680100572969,0.3289903385194256
-5.229311054260458,0.33617092028120676
-5.220817116855456,0.34322277083938857
-5.211744928455178,0.350740824290093
-5.202715137765738,0.35821025762649605
-5.193334301230997,0.3659774503789629
-5.1837126323636635,0.37393878837053457
-5.174114793832665,0.38180108249545375
-5.164618087790295,0.38976962069691523
-5.155145180333911,0.3978291890926071
-5.14537360683385,0.4057319487704817
-5.136019567929463,0.4134906145707289
-5.126255005417744,0.421455692071721
-5.1161906303951765,0.4296624699431417
-5.106317723998734,0.43768506184630074
-5.096312061553727,0.4461407868878289
-5.086720076910436,0.4542629835715528
-5.077681539049091,0.4619151984497763
-5.068401297159319,0.46957219147004403
-5.059000649697849,0.477326231673632
-5.049784284109196,0.4848824209698875
-5.040401323246999,0.49260238356977415
-5.031531295442582,0.49997305338261866
-5.023185327053789,0.5066631210915857
-5.0147836480915045,0.5133045023114219
-5.006951708274186,0.5194866131276406
-4.999169822685569,0.5256040939033764
-4.991378388359425,0.5317122717816816
-4.984113371239155,0.5372617632640923
-4.977370033298239,0.542845255918595
-4.970958999685469,0.5487075522657288
-4.965631283062504,0.5536927325839786
-4.960414663880544,0.5584776861123227
-4.955643016423864,0.5628845854880763
-4.950942319939587,0.567360822796044
-4.946798536840954,0.5713050361693813
-4.943146354659279,0.5747697347572803
-4.939944572604524,0.5779922122746108
-4.937914291630551,0.5802704542214621
-4.936632098113536,0.581578231589696
-4.935223275074771,0.5827785561930722
-4.9347118060888135,0.5832295580374677
-4.934879486073544,0.5835846887381881
-4.935264342087674,0.5836059116596118
-4.936667218523419,0.5828066834517345
-4.938570323968241,0.5816633056436123
-4.940460791918233,0.5805302626940427
-4.943324100307916,0.5786132319463493
-4.946295840479151,0.5767681973455944
-4.949646062597493,0.5746617724087875
-4.953426389924131,0.5722087800373273
-4.957500487105975,0.5700545142590128
-4.96188241721479,0.5675007467202431
-4.966583711395921,0.5645350823181994
-4.971365253449851,0.5615001567265806
-4.976374586851818,0.5581695140367218
-4.98160090367854,0.5544282993570396
-4.9867411796796866,0.5508089833262393
-4.992033196578196,0.5468472611303213
-4.997219442004149,0.5423168380160427
-5.0025920772419346,0.5376362677949624
-5.0077728268967725,0.5328071843998684
-5.0129887548318885,0.5274530825261341
-5.018181285483034,0.5221179242947264
-5.023462482741647,0.5166030985148932
-5.0288720922788785,0.5106489527417926
-5.034324147922243,0.5046608123733869
-5.039812702953379,0.4983759372822482
-5.045190207468643,0.4917902913105323
-5.050809481057511,0.4850017693152847
-5.056299678023616,0.4781067729445192
-5.062103779134131,0.4708036325620878
-5.067596341404993,0.4636881495825801
-5.072679035551849,0.45661052379772704
-5.077085171718983,0.448916103760419
-5.081412669173445,0.4412857749310735
-5.085775208393821,0.43352693190364555
-5.090359014685212,0.42554108847876077
-5.094423095956966,0.41810894196725557
-5.09802459117856,0.4101757010387116
-5.101267938535562,0.40213070074094404
-5.104090311109407,0.3944303928042338
-5.106704517281522,0.38655827577205343
-5.109054609286086,0.3789020273528703
-5.111366583207936,0.3712038657702647
-5.11334598841944,0.3635870216564081
-5.115025991137246,0.35620190838756766
-5.116475681786618,0.3493500208593024
-5.117170518455807,0.34270844016629437
-5.117459568790749,0.33659459601962266
-5.118121280044267,0.3305458056858628
-5.118344916358006,0.32469176219047147
-5.11847897033491,0.3189550864657892
-5.118247895751704,0.31298062411133076
-5.117583025175664,0.3072732074417981
-5.11642132669235,0.30190583552687555
-5.115522607411277,0.2963316109659973
-5.114686415655982,0.29054667068525086
-5.113141281359161,0.28389119086677017
-5.111368694448617,0.27704798031858746
-5.109519229460255,0.2702693128153939
-5.107489790568489,0.2633991560941497
-5.105182252256447,0.25677811999081235
-5.103044788884184,0.25017465412751144
-5.101057161828543,0.2433402176294304
-5.0992702617543655,0.23656377293550743
-5.097943051527243,0.2296498843433888
-5.096760281834534,0.22260759700793173
-5.0952845082534655,0.2157611756149427
-5.094388020885758,0.20886471514157967
-5.093575458991988,0.20217049231858103
-5.092938040455485,0.19525220520866599
-5.093094647597688,0.18805483963550068
-5.093551099418661,0.18059319155210618
-5.094228815881847,0.17284780539121916
-5.0955477597171654,0.1647885646122536
-5.096855342043636,0.15687846837274974
-5.098466496269005,0.14857887975580616
-5.100900275781591,0.13994889709527375
-5.103504146577979,0.13166111268635344
-5.106619206791622,0.12294615395435275
-5.108797352327338,0.11347842150377181
-5.112008266172846,0.10316614812135286
-5.115646742241978,0.09320542857415666
-5.120477932359146,0.08317753897078468
-5.1256479776998205,0.07287248565646837
-5.131284234626259,0.06277209580520565
-5.137487816028784,0.052296409705305115
-5.14415819131854,0.04128025995189938
-5.15111252602575,0.03049630607331266
-5.158403251821955,0.01939631755120011
-5.165727923494935,0.008213372910337276
-5.1734795241667815,-0.002620921507423046
-5.181176974845405,-0.013343794897107828
-5.1890650008829855,-0.024314572197876062
-5.197222884111959,-0.03506644374808879
-5.205458783606898,-0.04587173318374785
-5.2136425091463865,-0.056578930270868244
-5.222347352704686,-0.06686352458656572
-5.230800794184276,-0.07688249574919112
-5.239056258954367,-0.08671694316613027
-5.247682221989019,-0.09625280344354853
-5.256322768542437,-0.10570080425849887
-5.265187726601509,-0.11468159227843353
-5.274288076454471,-0.12310755633085214
-5.283016865886128,-0.13209249567016065
-5.291428431028632,-0.14081770498207843
-5.299235648124833,-0.1487667463994608
-5.308257052555155,-0.1553987742783158
-5.31719979439067,-0.1616547943947654
-5.326439216862455,-0.16745170925359987
-5.335247070911855,-0.17269153106262072
-5.344192983607632,-0.17795650033637916
-5.353601591337041,-0.18272921287924118
-5.362477695892202,-0.18681335208061892
-5.370803127708252,-0.19068832800729074
-5.379183706848601,-0.19400302782995027
-5.386914076969198,-0.19647681201365927
-5.394521773316127,-0.1987044942456118
-5.402177439161313,-0.20038004318190106
-5.409217576341604,-0.2016056588236035
-5.415490664257954,-0.20212093164154316
-5.4213116446195455,-0.20206043219993985
-5.426617307077819,-0.2013035145367299
-5.4310838334057765,-0.1996976064545843
-5.4349399678786705,-0.1977327061916046
-5.438468002331483,-0.19552053495834432
-5.441739790462485,-0.19247198498250498
-5.443775802194446,-0.18854186488280783
-5.445305154777431,-0.18456909721952058
-5.445836234598653,-0.18056170312606928
-5.446260264321946,-0.17484809171768728
-5.445570300543284,-0.16814152882376546
-5.4443047241169475,-0.16189556630843793
-5.44200530489847,-0.15455045892571886
-5.439108242472706,-0.14670279059198732
-5.43522321767915,-0.13947080707858564
-5.4297332901620585,-0.13092633622231598
-5.4237962101207495,-0.12180316881778072
-5.417383274615095,-0.11306041946815609
-5.4101306823319835,-0.10363113276364716
-5.402890211621175,-0.09421751222860854
-5.395156183207608,-0.08520038656721317
-5.386938409055566,-0.07578793743400394
-5.378467453428072,-0.06604827793901893
-5.369492323869766,-0.05671493243265322
-5.359935045920547,-0.0469063056170763
-5.350659357798573,-0.03746198717985302
-5.3410043976632355,-0.028324969327508494
-5.331309939698313,-0.019112521681577958
-5.322423257139713,-0.008981493517592545
-5.313113777245783,0.0008043156255176281
-5.30360960983773,0.010730697496952175
-5.293950889984733,0.020701836050262365
-5.283969838617422,0.030407464146577155
-5.2742905020456625,0.041076220869808416
-5.264577097438422,0.05177228259336713
-5.255072063781225,0.06204592824999793
-5.244838292048984,0.07216070932830795
-5.234878723644744,0.08193368882251664
-5.224596672269745,0.09143742048192997
-5.2147016525494205,0.10044262564162987
-5.204581436333464,0.10963104425017955
-5.194054722612946,0.11847917325383243
-5.183740289227643,0.1270551442191012
-5.17408876037082,0.1350908869378267
-5.164115568138424,0.1428560300990063
-5.154896760686317,0.1496504525850644
-5.145835695405728,0.1563166420229549
-5.136604487085235,0.16283624107166467
-5.127725133045169,0.1689048901058491
-5.119879079020273,0.17413192887321766
-5.111970524292327,0.17881031026119593
-5.105045266695827,0.18334232370907885
-5.098926007737593,0.18721793377443924
-5.092959241375695,0.19108575588097892
-5.087433066378983,0.19478723708640008
-5.081799383211755,0.19816890916827107
-5.077117708585174,0.20074491422377025
-5.07256049606636,0.20295936014575747
-5.0691590290988975,0.20520417650342923
-5.0670457172723,0.20619432252485778
-5.064936800273995,0.20682937042581465
-5.063586495389321,0.20745184935109331
-5.063225986428116,0.20703478825223637
-5.0627298150077715,0.2064525634255986
-5.063400665754734,0.20581174989609757
-5.065307327997816,0.20396396655634985
-5.067214291819478,0.20188806480127447
-5.069936983866279,0.19975553531989013
-5.073402279208442,0.19729776300862356
-5.0767544140756105,0.19498505003972408
-5.080485248655798,0.19284070000876088
-5.084710825446977,0.19047806633831865
-5.088736959882082,0.18837152531942658
-5.093271710744852,0.1864909889561167
-5.098379131705958,0.18431245829386372
-5.103412454652717,0.1824552331084418
-5.1084734261354745,0.18076889817901962
-5.113315320276765,0.17921801721361638
-5.117264318763144,0.1765925526016556
-5.121045699750583,0.1744932720292621
-5.1245460886042675,0.17250436740898806
-5.128288402429294,0.17035591988990467
-5.131833846732822,0.1680444333237899
-5.135352868841055,0.16564829994598176
-5.138853047172029,0.16332127121883994
-5.142232837881737,0.16089468519333877
-5.145513221229906,0.158449885138641
-5.148640389467364,0.1561719551740226
-5.151702048741035,0.1538400750291208
-5.154857264418119,0.15137948707839868
-5.158001333906506,0.14900289412800358
-5.160890170188111,0.14641580997458858
-5.163469724822153,0.14403128443887356
-5.1656685901862565,0.14201801787241045
-5.167823491526554,0.1399688001387058
-5.16973066449347,0.13817349171602689
-5.171586451816739,0.13647323558581956
-5.17308894620951,0.13448197360668343
-5.174170580719665,0.13166109206196866
-5.17434145752526,0.12958258578441856
-5.174125475165913,0.12837224808722925
-5.1732229904314675,0.12640052118878223
-5.171598259075941,0.12501762379688997
-5.16994110651998,0.12367669392955792
-5.16792910364375,0.12204337027899383
-5.165685678991449,0.12059903358164165
-5.162945094680999,0.11979547414516645
-5.159986740420751,0.11881239747674122
-5.156172604544072,0.11848343959392094
-5.151923390010161,0.1187062694743136
-5.147757209329997,0.11917219135120437
-5.143188317552721,0.11996700339592452
-5.137924042471873,0.1212250929225544
-5.132873226318648,0.12254826404397773
-5.127119662573198,0.12444538788727345
-5.120925481951922,0.12686779733181758
-5.114853939262087,0.12935990012178217
-5.1083602624520195,0.13218956589588088
-5.1015769744064325,0.13477930076831424
-5.094734826380107,0.13744520941892713
-5.088037310609245,0.13999319422097223
-5.080584694870935,0.1416404411050521
-5.073487526219944,0.14283177432449962
-5.066167175447733,0.1442058507727779
-5.058808002472457,0.14554723426641256
-5.051268374840765,0.14689458328385183
-5.043921366387638,0.14805222214636685
-5.036781250929582,0.14875397081495598
-5.029821260413474,0.14949992440436688
-5.022997877849937,0.14998864759884595
-5.0163851286393175,0.15038937892698379
-5.00962632857686,0.15097748628272967
-5.002774843902267,0.1518198922353838
-4.99601165633242,0.15232424538798028
-4.989501166209012,0.15250614698150974
-4.983186969451672,0.15284288779271776
-4.9769745685121825,0.1530878467881892
-4.970725638186957,0.15332212822944058
-4.9643640268777816,0.153267753100678
-4.958332891860673,0.15294265665421103
-4.9524736419437385,0.15239878833592604
-4.9466488654368765,0.15188327521963885
-4.940777457268578,0.15045719780782815
-4.9351006291278265,0.14858809913392235
-4.929896221500403,0.1461954164619012
-4.924569442902672,0.14347502462412784
-4.919497671900977,0.14043067470529605
-4.91492300765374,0.13731420803931169
-4.911324268289883,0.13432762975862916
-4.908053507924597,0.13062441029261498
-4.905279781560204,0.126290657153308
-4.902674173608976,0.12209709012380304
-4.900932124439577,0.11719361026789006
-4.899609179151318,0.11175887313830109
-4.898303656739551,0.10633927884662073
-4.897392987075282,0.1005953073773949
-4.89690405877065,0.0943172910816636
-4.896578536828444,0.08817600099235352
-4.897156935521319,0.08133239188154273
-4.898361854058145,0.07370404967028946
-4.899578749777229,0.06591116732499176
-4.901662256615148,0.057404054573800496
-4.903981479344281,0.04758950874046613
-4.906088832180312,0.037711410571882195
-4.909054555904822,0.02712482585704299
-4.912693429580528,0.01572772195093581
-4.916519026126215,0.004517696530109958
-4.921570902232849,-0.007705922335528402
-4.927352369702518,-0.020603733929781546
-4.933421589511694,-0.0333444127847834
-4.940227448237798,-0.046694662983685326
-4.948052751304341,-0.05970393024993721
-4.956106138317893,-0.07231062438198287
-4.965237270523035,-0.08580995266135237
-4.974763700873507,-0.09993988660995633
-4.984455937123845,-0.11412555392504002
-4.994613907654206,-0.12869714836189872
-5.005119868420427,-0.1433465963943355
-5.015727757251386,-0.15780884589878322
-5.026769612015954,-0.17263120176892763
-5.03812534002882,-0.18778382544578057
-5.0497008562349155,-0.20322563275649547
-5.061630185674371,-0.2189132206864535
-5.073562082997564,-0.23459920363814957
-5.085491496367333,-0.2502820623910032
-5.096277819264982,-0.2668433302476251
-5.107276984013389,-0.28355596389843885
-5.118395766682732,-0.3003653172961014
-5.12943205006436,-0.3167963943671841
-5.139884428323881,-0.3331857521092758
-5.150273709561905,-0.34949569695891836
-5.160505464474387,-0.3655179174761519
-5.171045398804364,-0.38106934498720724
-5.1815747536907235,-0.39641403125263247
-5.19118096655162,-0.4108651484795052
-5.2007561314076165,-0.42534118680855865
-5.210084676760397,-0.43950626999610715
-5.219115629912622,-0.45336785536171326
-5.227566768186123,-0.4668159294023206
-5.236320654592857,-0.48013338552239854
-5.244581505084972,-0.49297204283699086
-5.252766735692736,-0.5058716883123825
-5.260429385111839,-0.5183043219880451
-5.267595098256049,-0.5301356990145705
-5.274657398300368,-0.5420503176317782
-5.281592212109273,-0.553911975012426
-5.2881334925443415,-0.5653337670765051
-5.294909387363768,-0.57656916238514
-5.300942411209375,-0.5871334538006375
-5.305424195052679,-0.5981800595447538
-5.30981519532692,-0.6090333953899444
-5.313186077552867,-0.6192859068498289
-5.316640741900357,-0.628210212749149
-5.320385741336432,-0.6371155686873217
-5.32344379603671,-0.6452743414396911
-5.3257793958238855,-0.6525251713822813
-5.327840311513854,-0.6598809267823029
-5.328677658743471,-0.6661852968808345
-5.329166919052845,-0.6719480937186431
-5.329402685283337,-0.6777860331035642
-5.328752289057537,-0.6824800101503247
-5.32768233342396,-0.6866477423736638
-5.326272394100424,-0.6908367745392322
-5.323510276045297,-0.6937401240748867
-5.320548277130184,-0.6958808603061958
-5.317585846859876,-0.6981436928224828
-5.313837841933599,-0.6996689339644109
-5.310107480102328,-0.7008286454046918
-5.305608675960149,-0.7024308519744858
-5.30051285504758,-0.7033928292981909
-5.295285084893054,-0.703889726291785
-5.290004602356889,-0.7043341934638625
-5.284441242334073,-0.7045356551758818
-5.278963134347344,-0.7046686949003843
-5.273115193632558,-0.7044370299018504
-5.268149832119473,-0.7029910144708944
-5.263179374626361,-0.7015481211628893
-5.257916982463871,-0.699863210139
-5.252726275013596,-0.6982040750782202
-5.247840118468715,-0.6963023848922804
-5.242818150082342,-0.694307804685967
-5.23794029094007,-0.6923899908574624
-5.233063337030194,-0.6904702920267253
-5.227721308374414,-0.6881384656364474
-5.222722845966055,-0.6860516898684105
-5.217990348121994,-0.6837522606980746
-5.2131621710963305,-0.6814164213179907
-5.208369544423941,-0.6791113831234166
-5.203595219264899,-0.6767904634606527
-5.198208225026461,-0.6738928124017269
-5.192918660420807,-0.6709817354844922
-5.187883543491756,-0.6678158741974212
-5.182906367730999,-0.6647509755588183
-5.177587923900294,-0.6613988277432757
-5.172561953416008,-0.6578945316743727
-5.167292951700842,-0.6543221464666054
-5.161998638434641,-0.6507286414716743
-5.156381996799087,-0.6469086673388256
-5.150953563796739,-0.6431813665727754
-5.146067387531502,-0.6378732130119688
-5.141504999283991,-0.632574750453014
-5.136917525091573,-0.6269300024687445
-5.132063413590214,-0.6210128051826005
-5.12710625208265,-0.6149651761054494
-5.121984848157829,-0.6089279163960716
-5.116631425143234,-0.6027290257094221
-5.11166364713822,-0.5963346726547795
-5.10640914193424,-0.5896303873541567
-5.100783494861498,-0.5826131881083116
-5.0953633840482375,-0.5755579307470953
-5.08960019847778,-0.5685141166794189
-5.083927527765393,-0.5615682351515301
-5.078805355378457,-0.5544280843389376
-5.073844384380513,-0.5474885999564244
-5.068368635796519,-0.5405259004671915
-5.062937850981237,-0.5333433669098675
-5.058013624819889,-0.5261483488058396
-5.052509127288546,-0.5186181888745206
-5.047745370329478,-0.5108689927397334
-5.043675191910102,-0.5032667021891533
-5.039231477159756,-0.4954998371661893
-5.0346188677750074,-0.48759051641258966
-5.03051111526556,-0.47953389224129067
-5.026123149113335,-0.47097598580816535
-5.021877413000267,-0.46253678344267646
-5.0181705915044965,-0.4541854186323756
-5.014452083958797,-0.4458265983401756
-5.011085100087292,-0.4377620514824347
-5.008156834843676,-0.4295198173626529
-5.0049322486788395,-0.4209755589878815
-5.001672126271898,-0.41240013714376533
-4.998707881298006,-0.4038136098418701
-4.995852863486057,-0.3950718636197833
-4.993961513890095,-0.38653458109845534
-4.991993821401303,-0.37790000594660766
-4.990220203762113,-0.3691046020280829
-4.988257826870268,-0.3600644630905362
-4.987204532696455,-0.3498459425076154
-4.986413002371047,-0.33941174613171105
-4.985955389680757,-0.32921497040826436
-4.985720757788836,-0.31885298182107935
-4.985285082357726,-0.30852730240308995
-4.9849045248565504,-0.2982392035867463
-4.984948508728187,-0.2882580750367739
-4.984653417724863,-0.2779730880287563
-4.984254696033264,-0.26731771961032746
-4.984109253244722,-0.2567080492787655
-4.984327332816037,-0.24649830330411512
-4.98452935579603,-0.23640903016624137
-4.985069473551276,-0.22669283669842488
-4.985235953176894,-0.21692596338025846
-4.985378896176339,-0.2071257531944179
-4.985779870573263,-0.19735515967013584
-4.9861003380450155,-0.1875572223687571
-4.986477351789065,-0.17782655312468804
-4.987078672132628,-0.16843023356655928
-4.987311582695006,-0.1592473323971084
-4.98774062092944,-0.15030827718099302
-4.988170754389026,-0.14156551653138857
-4.988167014400584,-0.13279778911351536
-4.989827327805905,-0.12254649951732759
-4.9914989017247935,-0.11232371543433257
-4.992544714436127,-0.10261360791238601
-4.993861745919977,-0.0932193407235086
-4.995555194029014,-0.08418435828457035
-4.996854437618512,-0.07552761604264382
-4.9976599232897,-0.06698171711115133
-4.998925652335811,-0.05901859448199117
-5.000045328822176,-0.050975423686018206
-5.0008837729756745,-0.04327922291123488
-5.002137189140535,-0.03610977288180567
-5.003407982305648,-0.029299836732747022
-5.004302943368682,-0.022806960241131644
-5.005535392859459,-0.01674346713061966
-5.006729852958223,-0.010863183066683891
-5.007490334052928,-0.005096680687949344
-5.008375417545205,0.0005102414077475958
-5.009006137921076,0.005996838680459766
-5.009346742101956,0.011179669597472587
-5.009869967337621,0.015959661109740043
-5.010653482499808,0.02050653590846049
-5.011044819246439,0.025069881897932994
-5.011484756982836,0.029606677270492904
-5.0123041476127135,0.03518273572873069
-5.013148299538666,0.04072455317631958
-5.013825500876245,0.04612261999845496
-5.01474639548478,0.05098357403592283
-5.014709015775158,0.05474568916580153
-5.014511268608255,0.058427671266345654
-5.014404764885828,0.061933909557451365
-5.014230651994355,0.06507530516732234
-5.01395666525761,0.06829759921424707
-5.01345741395222,0.07141964303026292
-5.012818462273051,0.07466236232727248
-5.012517083275441,0.07762669606103206
-5.0122731268533665,0.0801801176126399
-5.011956663134994,0.0826191530574347
-5.011419049914666,0.08523889719390086
-5.010563250881456,0.08770641434229227
-5.0096417419595545,0.0904095728485026
-5.008981731473299,0.09289720283797687
-5.008287791152782,0.09492679018960334
-5.007683475596338,0.09661100748506093
-5.0070926096268105,0.09828362051219455
-5.006267895592938,0.09975583903446283
-5.005574531459992,0.10125301131738862
-5.004581822314072,0.10247032853326862
-5.003751117598928,0.10378445672958718
-5.003290974283404,0.10487745980226339
-5.002996279478525,0.10573135401022275
-5.001531824125893,0.10462572215689109
-5.00005541903705,0.10353642256964989
-4.998139179689547,0.10208280488287998
-4.996031001278437,0.10078799023759594
-4.993961734868905,0.09944517894093187
-4.991892852432231,0.09810253279596393
-4.990331568612447,0.09629325412977731
-4.988325185278282,0.09425312856298836
-4.986303711191905,0.09224507175046884
-4.983801466180076,0.08995329199052789
-4.981154713326741,0.0877825733377166
-4.978521363862231,0.08562294524236862
-4.975835154202722,0.08353129901608168
-4.973232009455054,0.08136510710381381
-4.970414644332775,0.07902150393659889
-4.967907380053948,0.0763521271966177
-4.965046246959831,0.07402853627129058
-4.961579895048063,0.07085361281152568
-4.95786775245162,0.06769424849034598
-4.954331594934288,0.06452423516005736
-4.950913893381821,0.06120677850169584
-4.94733394183776,0.057417784504708656
-4.943611943886573,0.053720205315538457
-4.938919771118609,0.04890498328535952
-4.934232079289995,0.04375465575385666
-4.9294990140509025,0.038644946800018745
-4.924986890035005,0.03356248462208329
-4.920201562422599,0.028157500301955952
-4.915667344245246,0.02254860635917956
-4.9111252112511785,0.01702487451919311
-4.906364070210656,0.011144198391748029
-4.9016043032596865,0.005266177641148401
-4.896981562250965,-0.0004016455076649659
-4.8922042910442585,-0.0064319616509272955
-4.88749297348371,-0.012512916994299343
-4.883026459871674,-0.018568442836672715
-4.878223397882718,-0.024848705617240015
-4.873350921973987,-0.031067172586527046
-4.868658291783753,-0.03696262605054024
-4.863947242121168,-0.04316073703012255
-4.859040418381663,-0.04919207814153684
-4.853103242764825,-0.057185987284832915
-4.846640632817767,-0.06519987116933754
-4.840223768187439,-0.0732480735109681
-4.833943938070567,-0.08097874960711479
-4.827463191192754,-0.08879307632689457
-4.821207990657733,-0.09631052943072156
-4.8147148040236125,-0.10407623714888667
-4.807975372298884,-0.11152982460043338
-4.801458565382475,-0.1190643012155589
-4.794561053852174,-0.12653723427667787
-4.787757934493929,-0.13412422469124877
-4.781423132425326,-0.1412549610992773
-4.775124717133312,-0.14857284975056784
-4.768696641524679,-0.15572594325486402
-4.762638828072781,-0.16274300617642212
-4.756175506636891,-0.169505721351383
-4.750203906996248,-0.1761037753628056
-4.744457790312989,-0.1828691808173204
-4.739176772819945,-0.18925037272503598
-4.73394720877687,-0.1956366469947779
-4.728859310426227,-0.20182234567207544
-4.723778296381667,-0.2081058476342968
-4.718511885249114,-0.21418337148390623
-4.711870530545408,-0.22214475881779827
-4.70522365119723,-0.23003846951837545
-4.698896936142501,-0.2380598227028703
-4.693431265502217,-0.24512424587123285
-4.688025834055697,-0.2520901027987661
-4.682544188914264,-0.25896350907362753
-4.676730499523162,-0.26542805746671594
-4.671277095995536,-0.27159571665369214
-4.6660033993985905,-0.27791653273276157
-4.660799257635218,-0.2843249484621039
-4.655729803622276,-0.2906226341648821
-4.650781683629741,-0.2970244691477225
-4.645647395525292,-0.3031992324610216
-4.640803602877892,-0.30913494358712484
-4.6355894542927265,-0.3147591665691617
-4.630549838057456,-0.3205998581804933
-4.62586270912417,-0.32615038295667625
-4.621697728712446,-0.3321451124516203
-4.61753092450426,-0.3381400030232511
-4.613496711381041,-0.3440262374166772
-4.609347366726618,-0.34981688705778813
-4.605109539443404,-0.3555015188242124
-4.6011138554993884,-0.3609872628775539
-4.597595555019082,-0.3669417930655101
-4.592796208906895,-0.3747238084635705
-4.587956484012637,-0.3825405319176663
-4.583345258761483,-0.39058634606455067
-4.5802643253747775,-0.3966610086255604
-4.577356437983407,-0.40259425876108257
-4.574688695516445,-0.40882450582514895
-4.5720259869537365,-0.4150976974436538
-4.569459915194989,-0.4212923942922687
-4.567070377709327,-0.42762704064732754
-4.565139971823669,-0.43415563622285264
-4.56302449693588,-0.44083206908471434
-4.561120075346237,-0.44782575306170597
-4.559391440282859,-0.4547116748721888
-4.557406346474288,-0.46154500452480235
-4.555526532052946,-0.4684936891577299
-4.553960676398758,-0.4755528283608371
-4.552398900271952,-0.4831471762687632
-4.5508473386323365,-0.49075222641859945
-4.549575680756323,-0.4985366490292208
-4.548145316667495,-0.5062116404809859
-4.546575526800633,-0.5137691693992228
-4.545238040743499,-0.5217296568762501
-4.5438178990551075,-0.5295655076107434
-4.541693808237226,-0.5384013997443995
-4.540069714715769,-0.5475957902573402
-4.538853559273103,-0.5572871306064602
-4.539324618572221,-0.5648161531668386
-4.539971632946965,-0.5724967342784006
-4.540773046875031,-0.5805395231514076
-4.541524000261591,-0.5885170395651727
-4.54306151968884,-0.5971708629730558
-4.545119635552445,-0.6064895676461346
-4.547294352759757,-0.6160712353308633
-4.550053256546606,-0.6261533054195149
-4.553058970494125,-0.6365531221006285
-4.556218605413185,-0.6467728469830821
-4.5598202539285495,-0.6573380877078815
-4.563734387939657,-0.668307559086012
-4.567716961580422,-0.6794461006818961
-4.5723865572602485,-0.691180819814023
-4.577304376794474,-0.702975076347802
-4.582558578529464,-0.715174872212693
-4.588020076460919,-0.7276415148527842
-4.593074832319495,-0.7398931193487159
-4.598498596382551,-0.7525889162565605
-4.604625986929545,-0.7656702238575317
-4.610672465522276,-0.7788389940798488
-4.616049365477258,-0.7928726669779256
-4.621984314034896,-0.8074435852284023
-4.628117343728409,-0.8221310734765884
-4.6356360370177,-0.8350419913173914
-4.643907694118529,-0.8484630247885597
-4.652547119107997,-0.8621744100017298
-4.660882364908992,-0.875716097885547
-4.669851716056139,-0.8897127905384941
-4.679511067959453,-0.9042246737375954
-4.6894495979977195,-0.9186693806835531
-4.700035118059487,-0.9337603217674181
-4.710638631366624,-0.9487183423866232
-4.721416351139221,-0.9638270575615923
-4.732607417442529,-0.9790657548242117
-4.743807946294492,-0.9935617053409318
-4.755794257320868,-1.008739290195581
-4.768169956713974,-1.024130029441822
-4.780812866984489,-1.0391825474862975
-4.793661703372409,-1.0544140978556273
-4.806332074650303,-1.0689093027623855
-4.819173407417053,-1.083084350267656
-4.831884743888876,-1.0970814511849565
-4.844561022431066,-1.1109557843575353
-4.856738173027836,-1.1253929724409084
-4.868719927197743,-1.1394198716856578
-4.8805762366189915,-1.1533604345554331
-4.8928720092659255,-1.1659566577458207
-4.904646019005576,-1.178201015170471
-4.915666498450407,-1.1896988423656791
-4.9266826828029,-1.2010884147486918
-4.9373474253387934,-1.2121960886674403
-4.947440167562674,-1.222728724451761
-4.957304170825755,-1.2329910230952392
-4.9662670725216005,-1.242846879002166
-4.9738832070877015,-1.2512579041671215
-4.981581708784012,-1.2596074058177646
-4.988528847306201,-1.2672510059577635
-4.994665880614086,-1.2740923203290033
-5.000537689909182,-1.2811423997256695
-5.005696316366812,-1.2874778892858865
-5.010265870846864,-1.2931747990118037
-5.014835783153659,-1.2988731033441143
-5.018694401584821,-1.303894853629676
-5.0220139090476765,-1.3086031350944052
-5.024934287912139,-1.3127153501945574
-5.02726125595234,-1.3162025404550646
-5.029578365578881,-1.3195455225997508
-5.0313912262964715,-1.3227665887668043
-5.03256115886519,-1.325530631095215
-5.033762355426689,-1.3281432722921986
-5.035233475387461,-1.3295336475507402
-5.036309239933811,-1.3302794999479768
-5.036643893844498,-1.3303077035427624
-5.036622018334656,-1.330056553611232
-5.035782790639228,-1.3293584378418166
-5.03439208009767,-1.3281494554554063
-5.032859908213439,-1.3267230874185882
-5.03061520172131,-1.324492312692286
-5.02686373204839,-1.3209504563807855
-5.022762062321461,-1.3172388825282937
-5.01789083851993,-1.3126679617291654
-5.012725362091654,-1.3078990615797308
-5.0069833366937315,-1.3027112240391967
-5.000608784832433,-1.2968976507918561
-4.9934714763082555,-1.2909263974583727
-4.985693517465308,-1.2841046218128096
-4.977381462200724,-1.2767326046633332
-4.968539008248331,-1.2693863317584275
-4.959363748207344,-1.261587300207764
-4.950587829543113,-1.2536663893886313
-4.941424174862122,-1.2458792798153195
-4.931746414287275,-1.2374975965748882
-4.922444402124672,-1.2289748324884404
-4.913049320775772,-1.2193174557138773
-4.903719406114346,-1.2096083958270951
-4.894076399334418,-1.1994858677130495
-4.884700382356092,-1.1896960505083476
-4.875631264640747,-1.179663878308638
-4.866936812236173,-1.1699233876497748
-4.857970253586896,-1.1599652861689433
-4.849136851131566,-1.1499006363823148
-4.8404391803222016,-1.139887553858854
-4.831847172771236,-1.1300418243291213
-4.823556485432147,-1.1199561141601047
-4.816058177824414,-1.110648869491764
-4.808749999732309,-1.1013074773403049
-4.8015059886712415,-1.0920428909068796
-4.794784881887013,-1.0832143640048713
-4.787929681851311,-1.0741332642684835
-4.781250638553063,-1.0652631385711884
-4.774990384961947,-1.0564022656040584
-4.769011309581261,-1.047712098161237
-4.763608536176801,-1.0383753044763946
-4.7587857665335935,-1.029586896894499
-4.753946842433732,-1.0208092913801627
-4.749429828105371,-1.0124215969851447
-4.7449419947911515,-1.004037929297092
-4.740789208990397,-0.9952870789255142
-4.736896648311948,-0.9866589320450563
-4.7332894907309795,-0.9783727162553554
-4.73012607844353,-0.9703728851687692
-4.7270958203214635,-0.962629541055016
-4.7241387995813175,-0.9549734951813476
-4.721633854968095,-0.9475129315523426
-4.719357049349414,-0.9398023632513663
-4.717298592020348,-0.9323531646481276
-4.7156834812728725,-0.9248757267923696
-4.714508860029314,-0.9178084512353829
-4.713735117594839,-0.9110360145312821
-4.713071444952033,-0.9046296254570838
-4.712497515450431,-0.898299561068412
-4.712086930102286,-0.8921647725041932
-4.711790854344093,-0.88593684131963
-4.711810770538973,-0.8799714063560778
-4.712115908045684,-0.8745508403191602
-4.712763650708085,-0.868597490159538
-4.713562305724319,-0.8627321845334404
-4.714487455186001,-0.8570429601520866
-4.715262636086886,-0.8514734495817604
-4.715891433191026,-0.846329936008303
-4.716278356456409,-0.840976973612141
-4.717006242589721,-0.8362633491159821
-4.717328393572981,-0.8316576614878369
-4.718110985721348,-0.8275039073108279
-4.718679593679644,-0.823521896080585
-4.719776114125072,-0.8201772020591107
-4.720640393569341,-0.8166324403288007
-4.721266357927524,-0.8132793341389294
-4.721925494419766,-0.8099664911817365
-4.7229072967798675,-0.8069317278096999
-4.723677824029134,-0.8040669154912289
-4.724817473626313,-0.8016485056583803
-4.725948639306414,-0.7992230603024534
-4.7270853111187074,-0.7967933067736607
-4.728191812024301,-0.7943273604670197
-4.72887433564592,-0.7917289789856518
-4.729607980556977,-0.7892858079683593
-4.730425060325627,-0.7869656060963398
-4.731553040991756,-0.7849132365655124
-4.733214930578471,-0.7824542027049064
-4.734827609582125,-0.7801223885972527
-4.735995681624367,-0.7774089554661848
-4.736909944515577,-0.7751616032281842
-4.737646904757591,-0.7726999189251306
-4.738485877389198,-0.7703984191798103
-4.739697439914165,-0.7680618454136038
-4.740942530034582,-0.7657764765217199
-4.742111619916272,-0.7632357752349612
-4.743226066497933,-0.7606484405148871
-4.744529569563925,-0.7580451977347029
-4.746537952932457,-0.7562019798762921
-4.748737350794196,-0.7538403976019089
-4.751531951793192,-0.7522012524021106
-4.75488061725091,-0.750813201048116
-4.758517002982869,-0.7497607343787063
-4.763306727589932,-0.7489231508911486
-4.768385833452637,-0.7475899369111457
-4.773638009423523,-0.7465387698286723
-4.7800451325477775,-0.7458583908152925
-4.78670247094673,-0.7453687763357486
-4.793920306950306,-0.7446000923872066
-4.801566853403415,-0.7442190048668803
-4.809285485168243,-0.7440571756253119
-4.817596609360719,-0.7435691287825978
-4.826565164565037,-0.743475568412767
-4.835055200665685,-0.7440954784958242
-4.844086758482086,-0.7445247140409378
-4.8532792586686035,-0.7450908121883739
-4.862289804180022,-0.745328427598773
-4.871847002873368,-0.7449389546528611
-4.882141567427046,-0.7451776624527328
-4.8925923969487295,-0.7453728583336331
-4.903517402724377,-0.7454073180289186
-4.914628332504567,-0.7455979199496285
-4.925526578915143,-0.7454015252735974
-4.936810215190149,-0.7447130751213636
-4.948521838068512,-0.7443856560746555
-4.9602308065204,-0.7440645017765867
-4.972471684614968,-0.7434645304490435
-4.985066551566409,-0.7431612742074607
-4.997358824562466,-0.7422915663296465
-5.010776311735022,-0.7395382600378848
-5.02481211022073,-0.7365144616659873
-5.038748846244487,-0.7335341625129674
-5.052420727090808,-0.7302188184375941
-5.066833312190355,-0.726671789535628
-5.081465344225258,-0.7232260781288467
-5.095708759219475,-0.7192885804955591
-5.110010609421785,-0.7151473950924965
-5.123339549524438,-0.7109410652719939
-5.136639691195911,-0.706674745334571
-5.149960337184588,-0.702337828695601
-5.162608860993945,-0.6978934228040553
-5.175134432485119,-0.6936283373773809
-5.187367778424614,-0.689047349451244
-5.198970901999421,-0.6842789536788432
-5.210365159275841,-0.679727504627049
-5.221845691592465,-0.6757402913629194
-5.232569227501283,-0.6711093495200049
-5.242498525662447,-0.6665347392811202
-5.251622353789546,-0.6611988928036954
-5.259996097447513,-0.6559150675180949
-5.267503047616304,-0.6504282923874705
-5.274587679330375,-0.6451158194935263
-5.282978596089554,-0.6374460980677118
-5.2894608790585975,-0.6289113577936297
-5.295145778171028,-0.6212888520031388
-5.3005901687301025,-0.6133627467415769
-5.3046863893704135,-0.6049865000667214
-5.3082434978384745,-0.5966478787357609
-5.311624445158122,-0.5890522950689914
-5.314513497211827,-0.5810462216458655
-5.3171435910888185,-0.5729699612943756
-5.319385649398691,-0.5654779423442214
-5.320758521374911,-0.5572616733060621
-5.321909047455151,-0.5491504316330241
-5.322721336308433,-0.5415011625436481
-5.323559776911922,-0.5338757454382088
-5.324703058664493,-0.5264847208046796
-5.325277652989438,-0.5197249953446021
-5.32536930292896,-0.5125652673109299
-5.325541507590276,-0.5052640541434744
-5.325250798556141,-0.4981471700425262
-5.325049703175842,-0.49110731455522394
-5.325247653653915,-0.484446694559613
-5.3252995897683695,-0.47845441932101507
-5.3251313891435,-0.4719947182949264
-5.325951789737322,-0.4642331619896441
-5.32650035326941,-0.4568655998200759
-5.326472034545976,-0.44892255102482587
-5.3275120328643615,-0.4416338101736058
-5.327242091060283,-0.4359550323205721
-5.326580005889855,-0.4305922295037085
-5.326002246754043,-0.42530130224409346
-5.325533406408862,-0.4201504500599477
-5.324691393646223,-0.4153006569160022
-5.323889832454404,-0.41048617821786143
-5.323240584320571,-0.40586681495806554
-5.322463760319429,-0.4013519401317646
-5.3224091988293925,-0.39757851795368876
-5.322077760923776,-0.39372270048761693
-5.321866945909462,-0.39017594714421555
-5.3217996979041775,-0.38674977066307253
-5.321768203370026,-0.38301979413072296
-5.321796973419586,-0.37955285786080156
-5.322138673772151,-0.3763467532629583
-5.322748435388756,-0.37297544163474117
-5.32297036300942,-0.3695994385364873
-5.324633703800406,-0.36564385888485434
-5.3263671830560195,-0.3611109285646181
-5.328062659055031,-0.3565327307627132
-5.329898194715718,-0.3523842192732012
-5.332058787324964,-0.34780295012469203
-5.334191183936775,-0.3431888778124959
-5.334455817603535,-0.34085539897688416
-5.335257292751899,-0.3389664570620595
-5.3363002219728575,-0.3368247198755703
-5.336931024808731,-0.33475908666702175
-5.337664858195058,-0.3327791902411905
-5.3389784677283005,-0.3308199730003147
-5.339698596997773,-0.3287340012349643
-5.340689051036568,-0.32687192435610574
-5.341882327867347,-0.3250132603192819
-5.342671250601813,-0.32320460452732414
-5.343594994327464,-0.32150777865371666
-5.344935255755132,-0.3199586885041675
-5.346062254678593,-0.31839004905686696
-5.347386803948629,-0.31703482331371546
-5.348470652738429,-0.3158730962918565
-5.349451733008803,-0.3145806552721764
-5.350558981618616,-0.31339279441999957
-5.351501997760213,-0.312360229316372
-5.352522878700003,-0.3114523334156718
-5.353424069842654,-0.3104753870233091
-5.354021464258346,-0.3093196521586253
-5.354199868354888,-0.30795629230810606
-5.354297296025344,-0.3067478748748961
-5.353493083998098,-0.30688801543074434
-5.3523239778030165,-0.307148850164071
-5.351589787111819,-0.30796514339845626
-5.349842627254911,-0.3083517937374371
-5.347878069866584,-0.30900796791717167
-5.345770743193171,-0.3096742234926791
-5.343614315810352,-0.31029916008030173
-5.341447195055371,-0.31138089596962515
-5.339306475772395,-0.3128055619664769
-5.336978038511135,-0.3140739327987168
-5.334651362335639,-0.31564531430936155
-5.3322579755139285,-0.31717488814276923
-5.3297217249295326,-0.3185849063682657
-5.32703589792213,-0.3204200880992786
-5.324565353759259,-0.3223738259065574
-5.3225485905004115,-0.32470069553855435
-5.320656177668824,-0.32720249221061004
-5.318974994326503,-0.3297874580563683
-5.316288475961851,-0.33360914162576055
-5.313432815879547,-0.33727823013915625
-5.310670811600492,-0.34087150475678224
-5.3071678061648475,-0.3456455271011849
-5.304176044058944,-0.35084059269624995
-5.3010688719454855,-0.3562743168867259
-5.298333034596364,-0.36178496383163866
-5.295604592293375,-0.3674095696085582
-5.292692669677004,-0.3727984883791154
-5.290047409576459,-0.37797242380548535
-5.287627149659797,-0.3834250461153429
-5.285330120218429,-0.38883645559441554
-5.283549857313151,-0.39417918566896093
-5.282063930906285,-0.39962557828066947
-5.280456589559776,-0.40491843949839773
-5.27940125811012,-0.4096170922528095
-5.278433187604811,-0.4143874897335442
-5.277530241580211,-0.4192395852936675
-5.277060094331544,-0.4237440478337833
-5.276843281569315,-0.4284586305726013
-5.275659031081356,-0.43384744801286995
-5.274616871759924,-0.43916805878370235
-5.273431703612513,-0.4440484257233933
-5.272616033752513,-0.44896662117414005
-5.271879649674099,-0.45398539473755517
-5.271344241807746,-0.4587734506988705
-5.271347332393099,-0.4639123479843949
-5.271485980175364,-0.4691986899951668
-5.271710102043042,-0.47428348488140104
-5.272268553237574,-0.4796473889657334
-5.272877779008514,-0.48490307495470075
-5.273992291363664,-0.49005624572169093
-5.2754785832234585,-0.49552001976283
-5.277269385347517,-0.5010132998801364
-5.279079482262472,-0.5060643941470129
-5.281436584000503,-0.511572545992045
-5.283908784316329,-0.5166875779547132
-5.286679117932076,-0.5216704002119408
-5.289571434189929,-0.5267557820616781
-5.292804016688913,-0.5318065253992769
-5.295959487285599,-0.5365611356809988
-5.299376497705263,-0.541534758692763
-5.30277823964811,-0.546191019850775
-5.306394817021315,-0.5507733670663669
-5.309737859049003,-0.5556954721925358
-5.313364367298571,-0.5603710495707862
-5.3167928503637105,-0.5647968926253644
-5.320290005839759,-0.5688404278727334
-5.32406925661767,-0.5731054092814942
-5.327645032705198,-0.5771134895183901
-5.332270097355273,-0.5797768098487359
-5.336947044726413,-0.5824665748064162
-5.34190443359938,-0.5849360902597118
-5.346798883449079,-0.5873245761369348
-5.351387243141292,-0.5894567674186549
-5.356107418842923,-0.5914866531832876
-5.3605182194916825,-0.5931242247133689
-5.3649476134292255,-0.5946658797955529
-5.369452901286045,-0.5960496324769005
-5.373978884083569,-0.5973168479848796
-5.378079183910364,-0.5981359900917855
-5.381927136153357,-0.5991571894265948
-5.3854221636253135,-0.5998577884973729
-5.388792232769262,-0.6005932226345575
-5.391886105438062,-0.6013186008417477
-5.394970134198831,-0.6027047993013855
-5.397505894127609,-0.6036332231013534
-5.399697849190706,-0.6045374465477344
-5.401939153502378,-0.6052880595526615
-5.404076505256087,-0.6059473780332718
-5.406846005373733,-0.6055374164295716
-5.409442945746322,-0.6052190946576521
-5.412083382156323,-0.6053042855871257
-5.414521161065964,-0.6052201477056698
-5.416949412675321,-0.6050174321556347
-5.419120274413497,-0.6049966972948669
-5.4205067431827025,-0.6043219038886946
-5.421709012002787,-0.6035382653328002
-5.4227988780025855,-0.6029252669331479
-5.4239685392998185,-0.6021777892136638
-5.425217645001128,-0.6015307225881477
-5.426085074029542,-0.6011858364454796
-5.42628487659843,-0.6002846342638278
-5.426346916750505,-0.5992088481058014
-5.426285346877222,-0.5982308871976224
-5.426027140183961,-0.597089087704249
-5.425887619428619,-0.5960976755952889
-5.425659804668415,-0.5951761747804043
-5.4253966734703525,-0.5942252576634168
-5.424740175028607,-0.5927758192931414
-5.423976269693938,-0.5914113733313695
-5.422866643680012,-0.5892613606279309
-5.422095927852609,-0.5871752731322203
-5.420881691761308,-0.5848759864698557
-5.420064180758402,-0.5823374993088735
-5.419275317093689,-0.5798004183955894
-5.418459321314139,-0.577228972241253
-5.41709562087809,-0.5746443600852403
-5.41558267608725,-0.5717331991957219
-5.413908108788444,-0.5686171820168986
-5.412057140101606,-0.5654831294951351
-5.410217064905737,-0.562422704741917
-5.408092875538204,-0.5593515304937479
-5.4059267662765516,-0.5562272299929855
-5.4038146900751975,-0.5532480008762185
-5.401505399315668,-0.5500101671590456
-5.3992607864514355,-0.5468543756896392
-5.397016375569691,-0.5438337474049173
-5.394740238624926,-0.5409868104999666
-5.392544938240594,-0.5382423774390017
-5.390652863836445,-0.5356844275731586
-5.388639465583174,-0.5327659905880954
-5.387195502950807,-0.5294103520121658
-5.385757430760633,-0.5257597261799822
-5.384395724433768,-0.5219016982079686
-5.382864526266951,-0.5178289085602115
-5.381452980062667,-0.5141464261252492
-5.38011154055622,-0.5101970437291857
-5.378371128870732,-0.5062971004592656
-5.376680151196052,-0.5023783535686963
-5.374823601303309,-0.4983220901245265
-5.373135337893877,-0.49416780850046427
-5.371261212875197,-0.48972165057004036
-5.369478955240889,-0.4853518601281655
-5.3673855976953115,-0.480693362225911
-5.365377666071271,-0.4759888649094712
-5.3633420979935,-0.47126135199920305
-5.361167779904747,-0.46623266288493553
-5.358979755889074,-0.46113234883101145
-5.356183893177091,-0.4556072657228608
-5.353345303857839,-0.45001992248282746
-5.350329643549866,-0.4441710981474993
-5.347326563761002,-0.4383324242825042
-5.344409579997008,-0.43243657212937403
-5.3412870547735425,-0.4264979471430556
-5.338441979569879,-0.4201694587294716
-5.335147805080509,-0.4134808396601593
-5.331487475889106,-0.40708524360933623
-5.327331637314585,-0.40010265122050964
-5.323291557994407,-0.3933400889028946
-5.319185438843835,-0.3866305263733108
-5.315082925852128,-0.3803933117407952
-5.310358433283619,-0.37392892034894076
-5.305752034090788,-0.367941806451819
-5.300723363401558,-0.36147671489276006
-5.295467448552083,-0.3548459243045379
-5.290137480774281,-0.3484559558025472
-5.285038184159268,-0.34223789794891657
-5.2794295434137455,-0.33580032878617716
-5.2738925464781605,-0.3298182350991418
-5.268223360362189,-0.3236251063880965
-5.261939477775597,-0.3172726064934518
-5.255785109200848,-0.3110204528744275
-5.2494236394239,-0.30499122169092974
-5.242889278638237,-0.2987190348059348
-5.236507764396083,-0.2925283661851823
-5.22992869497915,-0.286636488472822
-5.222905817746747,-0.2802425019768609
-5.215770718427553,-0.27374545588256843
-5.208772885526022,-0.2669933490937918
-5.201593083260512,-0.2603911633304641
-5.194532062143503,-0.2538874521736352
-5.187088347639395,-0.2480551612557589
-5.179518332173035,-0.24269069352500186
-5.171815845979394,-0.2372163640523937
-5.163961409927221,-0.2315482645811503
-5.156177909364767,-0.2258249989642003
-5.1484959162741015,-0.2201856358299383
-5.141141405546347,-0.2149608426489721
-5.1338469891292915,-0.20968971058047847
-5.1268967021704555,-0.20467397974656962
-5.1199358244512,-0.199632351132612
-5.1130764425226225,-0.19477453097630834
-5.106119618083306,-0.18983585028963382
-5.099599860270337,-0.18509069393632807
-5.092808850953654,-0.18015484514786156
-5.08666983273631,-0.17575883922546154
-5.080821865281324,-0.17154689835726677
-5.074906986610161,-0.16730347955268718
-5.069468723074164,-0.16357638807431646
-5.064301955539695,-0.15962901068743748
-5.0590900021405965,-0.15562398709903388
-5.054003567167816,-0.15187580702002595
-5.048838107701467,-0.1481926405579937
-5.043739244438662,-0.1446666219682283
-5.0382847682406515,-0.1414346831809122
-5.033440934720602,-0.13870847378259937
-5.028813596639867,-0.13580551464924703
-5.024628855324589,-0.13346212620187117
-5.020506916053778,-0.13117064383473548
-5.0164431587711125,-0.12872199697712086
-5.012705648361762,-0.1265700617369708
-5.0095151048941124,-0.12491825886654459
-5.006409060218267,-0.12319744565364074
-5.003594520168306,-0.12184575551743582
-5.000873004187595,-0.1205197802874265
-4.998428299582099,-0.11896693046398887
-4.996071769292483,-0.11750630106643269
-4.994258437220913,-0.11656655665942063
-4.992477930879273,-0.11559996341405313
-4.991098653062118,-0.11506684285608391
-4.9903245506300555,-0.11460191818176835
-4.989599774640749,-0.11413007569299011
-4.988926927863955,-0.11331994947119675
-4.9886779899413645,-0.11294454085257438
-4.988429180613004,-0.11278384652579174
-4.988342807193374,-0.11253486129152843
-4.988849266875964,-0.11277723797862857
-4.989431158496152,-0.11311489352154447
-4.989709405724503,-0.113778456512282
-4.990190275562376,-0.11440249527244434
-4.990694576953822,-0.11504597046222696
-4.991080867102813,-0.11564569730067242
-4.991664752015085,-0.1161536566789659
-4.99242374633411,-0.1168067626696279
-4.993065417998432,-0.11772038355363593
-4.993680391016991,-0.11837783862894481
-4.994410123400816,-0.1191304315822111
-4.995097916300997,-0.11962608747918603
-4.995643555964442,-0.12014408626777577
-4.995842029665083,-0.12040352929386802
-4.995965591682846,-0.12072446777637204
-4.995728794635322,-0.12059011964338175
-4.995447477333866,-0.12041887501546683
-4.994984403414989,-0.12039671287541126
-4.994561435010837,-0.12042527603758892
-4.993458338554378,-0.11991866300386948
-4.991903572772356,-0.11902499507380973
-4.990003813436562,-0.11866313312651289
-4.987894956871965,-0.1181280537898199
-4.985469165935284,-0.11776283860712061
-4.983229266915626,-0.11775358425951386
-4.980986160611747,-0.11758861570438908
-4.978544272089185,-0.11717259292130836
-4.975980497179531,-0.11685650944368556
-4.973127387768823,-0.11632835467892381
-4.969981317866367,-0.11549068496234549
-4.9667588632313215,-0.11471567011914303
-4.963499967047553,-0.11389374223134224
-4.960151509398683,-0.11291568382860875
-4.95648297677088,-0.11231101176251129
-4.9521546638265,-0.11115887203320324
-4.94760284079888,-0.10972483394919032
-4.942887787754812,-0.10842503722765084
-4.937952071552425,-0.10694203328653736
-4.933181960519109,-0.10566756509470428
-4.9279628605112595,-0.1047628326643163
-4.922427318904371,-0.10359504698856296
-4.916660735563642,-0.10213578896617356
-4.9108058315986005,-0.10074973046003528
-4.904914270781581,-0.09938914748776272
-4.898741970548972,-0.0978326574682401
-4.892196987546556,-0.09673539266407316
-4.885563593782881,-0.09600759459457787
-4.878628266936933,-0.09489943400001129
-4.871808211324282,-0.09371681413311053
-4.864773833904614,-0.09266754496415242
-4.857846893396076,-0.09178256812678573
-4.850523245616501,-0.09054468227275368
-4.843215123918189,-0.08929505612304646
-4.83585564522986,-0.08797983909557484
-4.828587499263795,-0.0867399831327522
-4.821245434772491,-0.0855622225055753
-4.814009993136973,-0.08451694042257683
-4.806817497569022,-0.08350667968881641
-4.799694399445116,-0.08244003300259706
-4.792731163982984,-0.08157237410829687
-4.785512659540903,-0.08049111078173923
-4.777975076884696,-0.07967538118230144
-4.770451625389114,-0.07887558181890564
-4.76336537343972,-0.07843939751116832
-4.756256690057208,-0.07802289634890117
-4.7495302506871395,-0.07808239534743888
-4.742686137881385,-0.07804243651690919
-4.735820850310932,-0.07802131926740306
-4.729054737933355,-0.07812202820476084
-4.721944605978009,-0.07932914530055257
-4.715275929610064,-0.08105555178334646
-4.708998129546479,-0.08248735133916649
-4.702873920049817,-0.08404608902730237
-4.696585733262241,-0.08539867619576907
-4.690371816537477,-0.086690337003358
-4.6840985468071565,-0.08793108587732426
-4.678021834216706,-0.08941454735579768
-4.672138551570275,-0.09073804996820849
-4.66671399494441,-0.09244451854946135
-4.661088727637549,-0.09390018543366696
-4.655740703242346,-0.09512586709274638
-4.650169156966424,-0.09616345376019081
-4.644677205969804,-0.09729868345943916
-4.639526837083026,-0.09815036534738772
-4.6346626492996865,-0.09919984187626416
-4.629976605046695,-0.10044518701446031
-4.625646756737057,-0.10139446145237593
-4.621431056911387,-0.10239701324893165
-4.617005762768527,-0.10320437342152686
-4.613031592160551,-0.10363644793347802
-4.609251851888744,-0.10420197451792693
-4.60541265014843,-0.10474508351954873
-4.6016411617288915,-0.1052318465464185
-4.597091153185727,-0.10635976797432713
-4.592689102083546,-0.10752659411190067
-4.588873929096813,-0.10831054955361434
-4.585377678371209,-0.10894280600121684
-4.58196622263113,-0.10973382579623729
-4.578374945016415,-0.11037402801285336
-4.57495185440775,-0.11057998601000982
-4.571367388956696,-0.1105471407269726
-4.568407173817965,-0.11103986390036664
-4.565728352649392,-0.11163543916830082
-4.56296733226207,-0.11228058963634172
-4.560347053972778,-0.11304471890354419
-4.557822390442476,-0.11367170612466244
-4.555018734886286,-0.11423860869779448
-4.552166180204428,-0.11476496170914732
-4.549692147201731,-0.11550047561645155
-4.547049844039036,-0.11632589096687816
-4.54481333579122,-0.1174935921839224
-4.542966268414358,-0.11868494074388951
-4.540937069535778,-0.1200975240836766
-4.5386047113871655,-0.12125529991669559
-4.53658046141039,-0.12260434108381531
-4.534340103625772,-0.12382927286925213
-4.53180717107828,-0.12576526477839786
-4.529498236536133,-0.12783697033903524
-4.527443883121596,-0.1302234311444478
-4.525830996052429,-0.13195846942522663
-4.524066513300664,-0.13356603705267575
-4.522416680435032,-0.13513272666920909
-4.520736748229198,-0.13664271612279225
-4.51925739994791,-0.13840408246347835
-4.518072791175658,-0.14056077565488442
-4.516944257224078,-0.14289696508538471
-4.515881449389969,-0.14531423125787532
-4.514911537353967,-0.14787261539282312
-4.513747385704014,-0.15041080626647907
-4.513209434185217,-0.1537191541123787
-4.512333311268864,-0.15710157601097957
-4.511800913909596,-0.1605688004599374
-4.5114250934310025,-0.1642283618645987
-4.511220431893823,-0.16804706197857353
-4.511241251047128,-0.1718932524769571
-4.511400626161349,-0.17593279321089092
-4.5115333102858735,-0.18015874827657063
-4.51213437553498,-0.1842136925047454
-4.513025199374782,-0.18856237581980237
-4.514269771972654,-0.19341772315292696
-4.515857690543157,-0.19814211488294464
-4.51707143550427,-0.20360259292488186
-4.518883568043689,-0.20947266611351004
-4.522171368546803,-0.2152303044402141
-4.526108000051833,-0.22089663675323148
-4.530356658204138,-0.2271947705120902
-4.535401862050619,-0.23414601204130367
-4.54081967856856,-0.24078829848592684
-4.546973138189147,-0.24826935019156152
-4.554341642753116,-0.2568334504204244
-4.562066330833611,-0.26510338026794855
-4.5701429728466705,-0.27391315016416573
-4.578690165329092,-0.28305934299575164
-4.587813089455463,-0.291730650355259
-4.597164556275054,-0.30071888805778085
-4.606966566290192,-0.31009935036732683
-4.617412749243666,-0.3189500942713949
-4.628312689635294,-0.3283372612223533
-4.639253036226893,-0.33766223364602294
-4.651020385361067,-0.3460579207380255
-4.662488507264686,-0.354199821092017
-4.674486558443959,-0.3615222998763262
-4.687364707550026,-0.368554599305543
-4.700940509692585,-0.3745371999002162
-4.71399726571763,-0.37987692851698374
-4.727829938030569,-0.38441355197365623
-4.741649647486255,-0.38778987109919094
-4.756157826132741,-0.3903442958017609
-4.77000914766634,-0.39208002320769053
-4.7849005826174595,-0.39297403642984385
-4.800046037771729,-0.39407451312519537
-4.814811722905593,-0.3946929859745056
-4.8302576561577295,-0.39476610701916887
-4.84568264584337,-0.39481130708671724
-4.8604005388307625,-0.393964888885705
-4.876008955726522,-0.39240295889972915
-4.891677601994156,-0.39085465323093666
-4.9070820009598135,-0.38901142574488407
-4.923086478989492,-0.386690388404748
-4.938745269997132,-0.383957549657979
-4.95420382171929,-0.380900918462308
-4.969943686320781,-0.3776258954975671
-4.985734184361064,-0.3743584997321504
-5.0012876002135345,-0.37084581734544353
-5.018675122730322,-0.3649230388104043
-5.036165564641618,-0.3585198609533689
-5.053622620408247,-0.3520696918188335
-5.070542514794869,-0.34569057141628307
-5.087642863453076,-0.3389124996349481
-5.104276657315895,-0.3317260754045542
-5.120597576399312,-0.32469424827719057
-5.13755492836389,-0.3169126506462467
-5.154427083355002,-0.30885494054106566
-5.170377269347738,-0.29997662854567886
-5.185850055075927,-0.2914880359867663
-5.200732192563079,-0.2822534570705469
-5.214773151064436,-0.2723174412154595
-5.228473006929104,-0.26265849504031813
-5.2417235846503525,-0.25236329761331017
-5.254108608288961,-0.2414430009449483
-5.265806630689805,-0.23107774066188239
-5.276913631964599,-0.21992898534184188
-5.287387711713711,-0.20825211938232105
-5.297177798849645,-0.19712639578361787
-5.30698524875237,-0.18600668304824594
-5.316238883737746,-0.17441883725084686
-5.324690714299349,-0.1634774861679056
-5.332815531780585,-0.15210299348769885
-5.343798862195838,-0.136628675364405
-5.353783032862635,-0.12221448372961576
-5.3642272645608156,-0.10835725981781408
-5.373797779640549,-0.09501067857188751
-5.382384374042873,-0.0820338506552623
-5.390465660594295,-0.07038469317608584
-5.398980785643988,-0.05923530638900413
-5.406319947355813,-0.04921802926131556
-5.41433163158967,-0.040075939398722206
-5.421456250812215,-0.03163929217523816
-5.428893103233804,-0.023936078937620845
-5.435633382246755,-0.017049536470698713
-5.441987974258262,-0.009854783148837937
-5.448190799567255,-0.0033582502230563283
-5.453886137853735,0.0022836358452290794
-5.45969777833545,0.007825337023661973
-5.465579803607686,0.012567645269005966
-5.470871692280606,0.01632820239538971
-5.475945995995055,0.020259348537069337
-5.480855537680471,0.023753832018262262
-5.485350358890543,0.02669696420810606
-5.490054248522677,0.029465511261839283
-5.494794343481057,0.031554069237917474
-5.499450649432569,0.03289745712648309
-5.505567358443154,0.03631171732256266
-5.511714459579677,0.03965831682062181
-5.515722323822418,0.040336613761483744
-5.519460857758489,0.04074930619027667
-5.523101872257562,0.04123764153938391
-5.526623033566988,0.041259378924845116
-5.5301074556858145,0.040699115778301875
-5.533754543964211,0.040005114088498724
-5.537377718917396,0.039132998256418326
-5.540578834047908,0.03808241233580301
-5.543585360865,0.03711513942134151
-5.546743252091938,0.03622881723253565
-5.5501900466960254,0.035178122818908586
-5.553564488968644,0.03424936932944647
-5.557192808402671,0.03339579331107612
-5.56071796349053,0.03265624982442257
-5.564157476658916,0.03200547020233788
-5.567301867338561,0.031708730605459305
-5.5702645026928845,0.032294093838113894
-5.573363965812097,0.03302907902844359
-5.576514277902711,0.033729813700030316
-5.579655177652959,0.0343378957238809
-5.582012706136372,0.03597086329278306
-5.584631318995707,0.037623406852189005
-5.587064090571821,0.03987167456913654
-5.58871696385266,0.04314085311746595
-5.587642946168405,0.04293588628269838
-5.586485571948666,0.04325153658802884
-5.5844995072490695,0.044656677708460685
-5.582514430409105,0.04582534352680797
-5.580133483790497,0.04781800365600569
-5.577126796419713,0.050633208668866156
-5.573793849099433,0.05339235624829799
-5.570144903696676,0.05711624983942298
-5.566099903733922,0.06136075168005882
-5.561665124594331,0.06533006192489148
-5.556739197759138,0.06993934199619987
-5.551430718554408,0.07505160689515138
-5.545999895003212,0.07972190043137574
-5.540163524699312,0.08538992775294478
-5.534074694683838,0.0913899996940578
-5.527595528994039,0.09718821041292043
-5.520989447797888,0.10361638275204062
-5.5141162185892085,0.11039586346903049
-5.506803326820069,0.11664462460055204
-5.4991028924227345,0.12224082019351461
-5.490600309984086,0.12853432573489143
-5.481957206590601,0.13495887621993316
-5.473158186987253,0.14125324160386737
-5.463591919769957,0.14832592724267038
-5.452611634015024,0.1532874443475889
-5.441083799742244,0.15775105418720395
-5.429616980309382,0.1626325760393411
-5.41788738375483,0.1677380493657473
-5.406029849510562,0.17267118150891989
-5.394549520156767,0.17772189220481976
-5.382190996970222,0.18361218843143395
-5.369431296108697,0.18945532543715773
-5.356494919870725,0.19573289277244346
-5.34377159856719,0.2021408463313854
-5.33074604508655,0.20860506869435488
-5.317634958034822,0.21490319015560008
-5.3039984342946855,0.22162631696515692
-5.2905435832395655,0.2282194787746982
-5.276617489190316,0.23502378008845728
-5.262675917992017,0.24179577174764622
-5.248722760545737,0.2485554657299562
-5.234721811606897,0.2554070396869217
-5.221278877247429,0.26156731934767746
-5.206794668770821,0.26647136441055397
-5.192361712000417,0.27153328095703544
-5.1779628385353735,0.277004307692471
-5.163919369658774,0.2819589442753791
-5.149683325524324,0.2867510804284395
-5.135911240452742,0.2911638160126828
-5.123166993188826,0.29438807434841574
-5.110153518297364,0.2973856291575382
-5.097620732385356,0.29993633237363754
-5.085749636593549,0.30173072758659514
-5.074107385256508,0.3037129218551827
-5.063206029077186,0.3050734746715513
-5.053355593046848,0.3053190706078
-5.043680067293084,0.30570878217990566
-5.035100925737065,0.30503932553201724
-5.027433260674547,0.3037901323499712
-5.020261061180778,0.3026603180482716
-5.013621768334725,0.3009387391941883
-5.0082822420593445,0.2977205217230325
-5.003200620670512,0.29471738038906226
-5.000396706391403,0.2895703419488062
-4.997140918988027,0.2837273416604983
-4.994028902125752,0.2780045185519478
-4.992921076886888,0.27027609158640215
-4.991918289863434,0.26255742015484307
-4.993079151737724,0.2536671118292683
-4.995564265294585,0.2452580760545298
-4.999586775852468,0.23559483807811013
-5.004234434093094,0.22556659122290443
-5.009913299913826,0.2154213017323923
-5.016205965992172,0.20469590968407275
-5.022699854845934,0.19436695150240485
-5.0305783970520395,0.1838431990255319
-5.038872641131711,0.17278631863139682
-5.047477102629342,0.16159447514325845
-5.056482772345352,0.15034926624972103
-5.065343414160074,0.13929008374857121
-5.074944591725434,0.1278352181177624
-5.085170351046416,0.11623933151574763
-5.0958711319229595,0.10403464511040912
-5.106643737423428,0.09176960727302848
-5.117768478057728,0.07947489791115514
-5.128405169468894,0.0665175795363018
-5.139270413442669,0.05339748069204619
-5.150217767165872,0.04033727957671613
-5.161274572804106,0.027097351267815796
-5.172505515600674,0.013684877467732375
-5.183756069528742,0.00028116780799948094
-5.195358700336166,-0.013462065292681536
-5.20690508740412,-0.02716351706143088
-5.219258521685039,-0.03979686982930076
-5.231413979192716,-0.0524673397378609
-5.243828854167865,-0.06547020167314488
-5.256517631544635,-0.0784453044464469
-5.26942270611727,-0.09151039575296868
-5.28246502321811,-0.10475098765026383
-5.2951367057269305,-0.11781995123265114
-5.307669246319047,-0.13087472075925463
-5.32008837900756,-0.1437832958838201
-5.332347871175106,-0.15649580466835133
-5.344673799007491,-0.16946962874217056
-5.356817091246687,-0.18227322422954678
-5.368342731114814,-0.19475385752432267
-5.379893414131656,-0.2072238182587924
-5.391239024452384,-0.21936314466931767
-5.4017616258683745,-0.23124839723734517
-5.411633315686937,-0.24363768019457105
-5.421824527597733,-0.2562323506420362
-5.430678825579829,-0.2674315248329308
-5.439696636638886,-0.27850250634581347
-5.447232245471696,-0.2880739379544846
-5.45530318951949,-0.297031512573709
-5.4634955516368775,-0.30589387376819777
-5.470207745924297,-0.313215506672139
-5.476792979337574,-0.3205457941854356
-5.481824275912135,-0.3261851997482801
-5.486209529468026,-0.33138389828788345
-5.489668608409031,-0.3358213877467021
-5.492496703651808,-0.33998276282193424
-5.49471461789614,-0.34363989608992784
-5.496959736189982,-0.3472430597587843
-5.499114138392997,-0.3509194159000372
-5.500459418012552,-0.35394133233622976
-5.50149693799694,-0.3566025089795954
-5.502484499679004,-0.35930388966879395
-5.5031382598106235,-0.3616861693172498
-5.50427262548583,-0.3641826222779803
-5.505326155943391,-0.3668474660338569
-5.5061842526088824,-0.36901318974439445
-5.506666137970887,-0.3711535881575696
-5.506997665635932,-0.3730999324457279
-5.507167527648382,-0.3748593558468953
-5.507874560277956,-0.37599545190011663
-5.5087787184687755,-0.3773849160211588
-5.509684841031075,-0.37877294492392277
-5.5109550909463385,-0.3804607462010088
-5.512004729373074,-0.38186502285297014
-5.5129499672655395,-0.38335273275189763
-5.513657138895937,-0.38464453563924594
-5.514375912069596,-0.38595128183147015
-5.515289028504925,-0.38710338168943254
-5.5162930898677915,-0.3883353138147898
-5.5174321358500436,-0.3896264899833218
-5.518467718458282,-0.3910003543035394
-5.519393623186194,-0.392308034332007
-5.520140057711869,-0.3934022856493005
-5.521009809737929,-0.394398563541642
-5.522009998772338,-0.39552495760246337
-5.5231106832540675,-0.3967319501266541
-5.524131733834032,-0.398002618760786
-5.52503574211052,-0.39912286261388474
-5.526282041488262,-0.40052500763586135
-5.528138407076424,-0.40118271599014677
-5.530120757578527,-0.4020021453751028
-5.531911628353946,-0.4026638344802427
-5.533810146169373,-0.403062771253903
-5.536418149318566,-0.4029382094059959
-5.538958912135525,-0.4027269107434481
-5.541651032933167,-0.40291710891562754
-5.544268305527756,-0.4031941436212093
-5.546878124867099,-0.4034613121873126
-5.549498229347061,-0.40365316259935974
-5.552153508392557,-0.4037901600773572
-5.554889444067519,-0.40403065768591734
-5.557487269797916,-0.40447636902182593
-5.5600776311894125,-0.40504976702570467
-5.562615583650709,-0.40555548178338086
-5.565078558000681,-0.406218544099388
-5.567504361879165,-0.4067765908217401
-5.570076285740399,-0.40752264263069793
-5.572335066740877,-0.408205480782414
-5.574600154993452,-0.4092597744540766
-5.576924094737,-0.4103898180298362
-5.579098602893477,-0.41176095862793266
-5.581125079324654,-0.4130490900635019
-5.5833806712153,-0.4143272876950747
-5.585172785357687,-0.41558916095855963
-5.586888866491165,-0.4167654009255113
-5.588624546953512,-0.4184040406453562
-5.59029685730297,-0.41996012849009356
-5.592075466127977,-0.4216532785915933
-5.593919017290154,-0.42345399530627653
-5.595700504822918,-0.42523615645789214
-5.597484998083196,-0.427022260032125
-5.599031062408295,-0.42882590158812756
-5.600177692055222,-0.4304960407937447
-5.601284918424596,-0.4321153628380515
-5.602636337563992,-0.4337914442026454
-5.603936752899538,-0.435496682228006
-5.605219284307041,-0.4371788667397944
-5.606188738665376,-0.4387852758502258
-5.607114837652166,-0.4404035426493339
-5.607484585469753,-0.44142043999644315
-5.60776852600273,-0.44245249817263294
-5.607849237179991,-0.44353749975233625
-5.607849236698813,-0.4445009198209804
-5.607795118779218,-0.44548694526793525
-5.607660061085333,-0.44643526350581425
-5.607356986652303,-0.44721598783660643
-5.60672560159269,-0.44845751884020496
-5.605456443950686,-0.4496129757321642
-5.603992727815777,-0.45061113583635876
-5.601896436472174,-0.4523741727407779
-5.599694257001988,-0.45398988708633925
-5.59770730261125,-0.45586040814115447
-5.595367632312392,-0.4581864870984626
-5.592666731499581,-0.4602143695112763
-5.589802336982936,-0.46203091554353853
-5.586901133122464,-0.46387669031918305
-5.583990867517764,-0.4657142689955902
-5.581390919929635,-0.4679497576866183
-5.578489980601595,-0.47042358919006116
-5.575621712286107,-0.4729232486396607
-5.572638042837414,-0.47527329837030563
-5.569560452576418,-0.47769773358590606
-5.566229058630891,-0.4799116899454097
-5.563220445189034,-0.4825383196031584
-5.560176861086433,-0.4851925785047781
-5.557391748156445,-0.4880587947018128
-5.554598218765283,-0.49091256331156796
-5.55162991061551,-0.4939045754858371
-5.54864459155699,-0.4969784674342471
-5.545485339634262,-0.499869687898822
-5.541936375419556,-0.5034042298619679
-5.538548749709424,-0.5070105773164986
-5.535107904420997,-0.5108509348704516
-5.531780148074049,-0.5147264223044743
-5.528398768826355,-0.5186865164094129
-5.524880988949157,-0.5224705918433017
-5.521633225950926,-0.5261232020339335
-5.518400434842302,-0.5298546774513182
-5.515212038977464,-0.5336854530410459
-5.511928191466036,-0.5374035145552687
-5.508547639307968,-0.540897269681693
-5.505140929643139,-0.5443092929744856
-5.502056098000389,-0.5477930841102827
-5.499110176110889,-0.5515776473485714
-5.495968300953471,-0.555179720376484
-5.492794182845951,-0.5586831237162776
-5.489834831557674,-0.5620164226820964
-5.486897979408996,-0.5652893018962547
-5.484112966335843,-0.5686351964202545
-5.481704281011431,-0.5722886945907096
-5.479374735129999,-0.5760071415635605
-5.476900576682164,-0.5792313996931134
-5.474756695445952,-0.5824384667672092
-5.47181365850966,-0.5867399624253501
-5.4688075181735645,-0.5909373993933548
-5.465759744396763,-0.5950819189359994
-5.463072415782633,-0.598740198797809
-5.46106348705896,-0.602511737223763
-5.4588305686957925,-0.605999067494059
-5.4567583651798115,-0.6093594022785435
-5.454308096475177,-0.6124051023357733
-5.451546798151879,-0.6150565166719273
-5.449153332508863,-0.617417204278175
-5.446789086645967,-0.6198025646040232
-5.444331489225973,-0.622070054346878
-5.442037254552025,-0.6242084504493035
-5.439555990485189,-0.6261913233886153
-5.436676764515133,-0.6276707229765882
-5.434058862814638,-0.6289434544449602
-5.431485508088855,-0.6302797959473286
-5.428625830391532,-0.631360156984386
-5.425885723442739,-0.63234583960457
-5.423150163615483,-0.6332611321719661
-5.420255755760206,-0.6339424009763606
-5.417648522658645,-0.6343962765974851
-5.41496446478068,-0.6348283874371091
-5.411849363337321,-0.634844791643777
-5.408980177502802,-0.6346662255749296
-5.4056014750419905,-0.634606831473213
-5.402129980956661,-0.6343917063694053
-5.399258893229569,-0.6333356015459894
-5.396421780504727,-0.63225187573746
-5.393577796042025,-0.6311600282288181
-5.390782955917342,-0.6297917479516197
-5.387915112951057,-0.6281671524787216
-5.385092405094415,-0.6263146261238582
-5.3821503994952655,-0.6243625902528898
-5.379104030504891,-0.6222188517993686
-5.3761445868682,-0.6197108200891563
-5.373283810527581,-0.6172851920475513
-5.370273569629959,-0.6147697007180586
-5.367503174502748,-0.612336118744644
-5.364199743039881,-0.6094572684877321
-5.360708495441657,-0.6062179307446971
-5.357498157229933,-0.6028420942678044
-5.3543555592263115,-0.5995226101607394
-5.350877427499981,-0.5962197337957125
-5.347648775985312,-0.5930837847666458
-5.344131622604212,-0.5897067506182726
-5.340228885193058,-0.5860132406768552
-5.33622341680995,-0.5823526212244591
-5.332646721308763,-0.5789631335408353
-5.328589291599176,-0.5755170312672915
-5.325298381968189,-0.5709118190594933
-5.322277766120251,-0.5662449457920531
-5.319267133790281,-0.5616311929760102
-5.3159184200035545,-0.5565731500610641
-5.312467916225787,-0.5514698779247013
-5.308799926861635,-0.5462786379271019
-5.3050324752237925,-0.5410086826593179
-5.30177100019543,-0.5359144737615748
-5.298435415180326,-0.5307265451872395
-5.294998569311308,-0.5254915614076776
-5.291618420892435,-0.5204311610816751
-5.288305988146448,-0.5154560587710824
-5.284639529787074,-0.5101147355134645
-5.2812347158014745,-0.5048564684652112
-5.277893512910397,-0.4996783072026935
-5.274258113563416,-0.4942768421540488
-5.2704548816102905,-0.48888244796213315
-5.266765745269129,-0.4835268985439944
-5.263157450021301,-0.47796165855612455
-5.259761357365847,-0.4725877979442518
-5.25630697802151,-0.46717392179393397
-5.252462691481309,-0.4616276557153381
-5.248998597046335,-0.4553265269597379
-5.245838502100733,-0.44926977362880743
-5.242586706643907,-0.4430000209809252
-5.239666465400641,-0.4363672641546954
-5.236805451698582,-0.4300724316006328
-5.234121901821022,-0.42399379933639336
-5.231135753406154,-0.41778006597151157
-5.2282634541555515,-0.41132108918585253
-5.225049737577534,-0.4048045195692405
-5.221900882781564,-0.39840839096453506
-5.218836170683496,-0.3919439851277917
-5.215734914986707,-0.3854039031639892
-5.212809023441931,-0.37906768287688075
-5.209620344726931,-0.3722646240394093
-5.2062787580578656,-0.365333967257936
-5.202963731953871,-0.3581138551059576
-5.199619857336827,-0.3510452825665706
-5.196307073837874,-0.3438721299162734
-5.193522726276634,-0.3367898187638251
-5.190347126231538,-0.3297727760193103
-5.186954592459733,-0.32247743528068884
-5.183941781383717,-0.3151268571439879
-5.1816665317588635,-0.3067803901454348
-5.179526065467913,-0.29854522650506704
-5.177725728798825,-0.2904120159389608
-5.1757009979999244,-0.2818511693747056
-5.173755606815012,-0.27308910138749176
-5.172080285776934,-0.2645512561376082
-5.170145695563765,-0.25582198596699196
-5.168107666443791,-0.2471755363142159
-5.165927171758655,-0.23830579548634442
-5.164250002804367,-0.22981687446337778
-5.16257486701873,-0.22127862261207035
-5.16133190569285,-0.21310338086366737
-5.159858402680597,-0.2047705821078983
-5.1580710890133235,-0.19635217309774122
-5.156518799156534,-0.18820015448072344
-5.154867869118575,-0.17996599237647637
-5.153257942010922,-0.1716204837386716
-5.1517120428824335,-0.16330543081166118
-5.150508372173211,-0.1552722947342923
-5.149075657315881,-0.14711895557149587
-5.147588377503834,-0.13908623475590567
-5.1459981647333715,-0.13096781740331712
-5.145406279317928,-0.12161344081103602
-5.144770687713765,-0.11220321843991535
-5.1443145537830715,-0.10278992770374581
-5.143701660998807,-0.09330780382044333
-5.142949453969811,-0.08364775648569273
-5.142325545399943,-0.07432683608408663
-5.140799003087961,-0.06528130589378943
-5.138979346947363,-0.05587191855404836
-5.137379367371333,-0.04657363700089294
-5.135423158615344,-0.036981805043524045
-5.133448401738143,-0.027098588661247938
-5.131194567308255,-0.017105325237782316
-5.128708977501482,-0.006920931849734583
-5.125655665870537,0.0035955308797479407
-5.122790015672295,0.013812958193302976
-5.119416177637246,0.02444793690000838
-5.11571614013893,0.035032101772944114
-5.112068793122508,0.04543958357755278
-5.1080943342630905,0.056115382908497206
-5.1037816892860794,0.06660302418563607
-5.0994548721289386,0.07680215809542205
-5.095028787414701,0.08680070215482213
-5.0898717173692445,0.09739745991158855
-5.084996697473926,0.10759048769286826
-5.080518712860333,0.11840887085220723
-5.075887125893805,0.1294937209298813
-5.071051216408892,0.14063943659252331
-5.065710530602456,0.15136401598407836
-5.059294804636545,0.1613864266509778
-5.052378200543273,0.17181744954284242
-5.045316493899501,0.1818283166477794
-5.038313257121787,0.19176395973754706
-5.030390704067566,0.20196791549570725
-5.02224512164617,0.21198771625994978
-5.014128196804232,0.2221168969758992
-5.0055771509850535,0.232480827573069
-4.997156867853535,0.24244205927389248
-4.98841824107731,0.2525514513888506
-4.979047428299806,0.2631652274369714
-4.969707514936739,0.2737985652411226
-4.9601844769415715,0.2848097139508686
-4.950389159896107,0.2959651312627499
-4.940429825188263,0.3069772400695876
-4.930474929586063,0.31806552940269434
-4.920004335840989,0.32955592335079276
-4.909626266364985,0.34111717962152
-4.898810694005113,0.3532647688942303
-4.887638446606713,0.3656328605584289
-4.876435192552876,0.37796782955792346
-4.865998317046184,0.39118441892315337
-4.854397341455719,0.4034921919912141
-4.843053682287273,0.4156335988575281
-4.831211682367711,0.42822186086206077
-4.819072530060315,0.44105138044392417
-4.807091259265166,0.4537536917771493
-4.795019665926775,0.46687097254135596
-4.7833365384390545,0.47967130271294656
-4.7716979587402415,0.4925310074220518
-4.759817924633484,0.5054549477134964
-4.747927589735796,0.5185185429075508
-4.736075952919797,0.5315329297711912
-4.723995410111651,0.5447367951950992
-4.712082072300929,0.5579387399079934
-4.700618798947451,0.5705829069627595
-4.689195378473401,0.5832357841328237
-4.678228140927208,0.5952992330175316
-4.667208345550356,0.6073559140092831
-4.656059753776361,0.6196866258943416
-4.645515904782759,0.6321802184110754
-4.63532019653057,0.6439667150753922
-4.625370725485093,0.655820215552861
-4.615312745575004,0.6671914755601832
-4.605856411599723,0.678073511190006
-4.596273453866632,0.6891593209039779
-4.585751720589533,0.6991964868064934
-4.575389584109618,0.7089577601737281
-4.56547965168017,0.7183378038266239
-4.555604093194373,0.7277454241013632
-4.54601989720557,0.7367922583660248
-4.5370081676024885,0.7453514502605962
-4.527768913029133,0.7537119663586852
-4.518389887588372,0.7620783577784359
-4.5096888946009175,0.7699026858840656
-4.500960918385027,0.7777016992291618
-4.492634207452257,0.785038422759454
-4.484833538731527,0.7918692811067549
-4.476789898798448,0.7984871751867074
-4.468751186962204,0.8050208320491715
-4.461388659444707,0.8109906630008359
-4.453696615004505,0.8166720248034136
-4.446430133765435,0.8217745807981272
-4.439942852373877,0.8260832129948572
-4.432914411993521,0.8296983404109187
-4.425586813296516,0.8326720672634744
-4.4189597125473306,0.8350777309290877
-4.412304676191209,0.8372828549593254
-4.4058791824308186,0.8386034625845037
-4.399857296112317,0.839597207949291
-4.394317621838791,0.8402404246418261
-4.388137702241816,0.839488545182146
-4.382255252392363,0.8384788392787365
-4.376499319723693,0.8372410148109507
-4.370751819919242,0.8351104368938015
-4.3657643450414865,0.8322035451689181
-4.3608847058670746,0.8291530282764963
-4.356064670015353,0.825643445544004
-4.351615564917635,0.8216775404012162
-4.347800383029247,0.8169665747871405
-4.343850558714746,0.811865867295201
-4.340604079984594,0.8058980157372019
-4.338114374884198,0.7992654729121091
-4.3359242660988295,0.7925097411175661
-4.334530858014348,0.784748079023419
-4.333543159206427,0.7766700449770048
-4.332362860927068,0.7684493047108704
-4.331669712547753,0.7598907900884916
-4.329439819197201,0.7491991769072158
-4.32822026876841,0.7376027832106399
-4.326615050180185,0.7255695016155168
-4.325680012932223,0.7129520905250355
-4.325370845855122,0.6998549470180518
-4.325403895009995,0.6870580727396264
-4.325964865882122,0.6736145230782421
-4.327921515074351,0.6589631473279034
-4.330055260233287,0.6444681612243021
-4.333270173402982,0.6286803721835883
-4.338133050650624,0.6115539137898958
-4.343405354454785,0.5947842675885306
-4.349375097367691,0.577128186647498
-4.356556540488298,0.5584975793188341
-4.3641222333305345,0.540200214329768
-4.372922354800811,0.5205113441107273
-4.382916587655811,0.4998311257815562
-4.393216406134906,0.4794143077891858
-4.404136679183513,0.4581735014389969
-4.415302062672319,0.4364879557165866
-4.427448034329252,0.4143116974157645
-4.4394684296377225,0.3917488222724449
-4.452221875739032,0.3683869622441325
-4.463740763122775,0.3434166516772417
-4.47518140632691,0.3176074544705084
-4.4861825310609404,0.29230838426916705
-4.498431137836268,0.2671440119961
-4.51023109145408,0.2422299527802597
-4.5220352869394596,0.21724687066321796
-4.533411430586017,0.19207606474779423
-4.545058632082007,0.16714526468787727
-4.557105192816179,0.14175701165466273
-4.5684339060463515,0.11650972737212184
-4.579705745400716,0.09172838076176233
-4.590918889794158,0.06702198796340164
-4.601932032240881,0.042489628179046036
-4.613297059533618,0.018357310095121177
-4.624345496368302,-0.005379442103322265
-4.635475298339169,-0.028808177268111315
-4.6468078283424346,-0.052102740947432766
-4.657582963894862,-0.07470344807190195
-4.66827494170303,-0.09674075539295444
-4.679097060419317,-0.11838645346641011
-4.689262767070872,-0.13921668029187065
-4.699270511687164,-0.15909863955986656
-4.707939610080465,-0.1806864266707785
-4.716205912644162,-0.20174146246202374
-4.723654530517452,-0.22197348394430652
-4.7316276419127155,-0.2417796415102564
-4.739036309616106,-0.2609754484412857
-4.747656064784973,-0.27752943891040016
-4.755889583858137,-0.293011269157554
-4.764280294546335,-0.3085268965428915
-4.7717003008713,-0.3228420016936313
-4.778666166912549,-0.3363662908822193
-4.7855744174922386,-0.3499389259137375
-4.791438569431142,-0.3622213680432855
-4.796312096901813,-0.3732133509652611
-4.801013862502128,-0.38394307589822896
-4.804520170519781,-0.3931964823816194
-4.806614105144118,-0.40077088514277676
-4.808453520844822,-0.40847551733454024
-4.809178165132497,-0.41480468386112784
-4.80875494999482,-0.4199408025142462
-4.808130799978695,-0.42490174228330874
-4.806219469425687,-0.428446063013451
-4.8032395733251265,-0.43087416954057106
-4.799862413020183,-0.432945017822657
-4.795523960560073,-0.433928096477405
-4.790683460792965,-0.434302731393909
-4.785028631246611,-0.43415785435486803
-4.779484134802266,-0.43354468088766557
-4.772792737942028,-0.4317775737046481
-4.767520604874034,-0.4281479174674079
-4.7623341727480675,-0.42366823806857673
-4.75688997880829,-0.4189703331127657
-4.7506832225079965,-0.4137527595770318
-4.745283359021076,-0.4082439708497635
-4.739492169218995,-0.4023420229122966
-4.734051213018078,-0.39614821605913725
-4.7287018886186,-0.3900662339935703
-4.722646020456362,-0.38326807088299597
-4.716869283977386,-0.37623510370859703
-4.7112718915277245,-0.36930483465877545
-4.7056725337320415,-0.36237926383045493
-4.699981920191107,-0.35552205744082144
-4.694552480107876,-0.3489632429604806
-4.688972619245251,-0.342265405018643
-4.683268733713026,-0.3356634325643161
-4.677510453272403,-0.329003655415694
-4.671938716998241,-0.32258607435467307
-4.666165675265368,-0.3163286260349636
-4.6606668877910975,-0.31034340272951166
-4.655838697237483,-0.30425261387116476
-4.651194001015123,-0.2983532705587573
-4.64774340136924,-0.2904369361930988
-4.644372914725627,-0.2823040262154004
-4.641197724850681,-0.2744710196404658
-4.637637836361903,-0.26686268203003255
-4.634647168587431,-0.2591457550418667
-4.632195745439109,-0.252020316108792
-4.6295256417948405,-0.24507326992795286
-4.626709583491323,-0.2379964454633732
-4.62440680598137,-0.23122846152179766
-4.622065555912481,-0.22490555061228007
-4.619900182764534,-0.2184386439539809
-4.618658484815845,-0.21299476015180968
-4.617142865770508,-0.20777684420772885
-4.616195335759274,-0.2031634687255058
-4.615664704600294,-0.1990165882383023
-4.615151551758771,-0.19495318938157796
-4.614991467688886,-0.19118701285137676
-4.6155510544799485,-0.18755796545968845
-4.616220287478065,-0.1843447977429589
-4.6172457543002965,-0.1811855307179889
-4.618793296351244,-0.178465940327471
-4.620223855021065,-0.17586908000045642
-4.622291715375856,-0.17344234817363888
-4.624799164695464,-0.1713855941788781
-4.62748872153795,-0.16939077068240282
-4.630743366749029,-0.16684441834984037
-4.634436331753526,-0.1647404014098407
-4.638325792838111,-0.16272817084734822
-4.642785093540992,-0.16024344721810066
-4.64712401997106,-0.1576887416447797
-4.651459040358472,-0.15498813739738004
-4.656532513381298,-0.15167532522726543
-4.661778149409028,-0.14855623730823156
-4.667101917881453,-0.14544005507164953
-4.672724727800703,-0.14207624049542839
-4.6780144255007325,-0.13839390431410392
-4.683222762134118,-0.1344465846150736
-4.688957753459175,-0.13006276500786906
-4.694540028970506,-0.12559836473402264
-4.699840110032915,-0.12077169795173921
-4.705584200608587,-0.11557675840044163
-4.712340294532837,-0.10859796487068675
-4.719102535105536,-0.10162067373969154
-4.725277539422279,-0.09412685104299574
-4.731754679931933,-0.08644034927600587
-4.737784591252204,-0.07837584676631817
-4.743505158123045,-0.07012887500511092
-4.749392839111559,-0.0615206930938109
-4.754647093932543,-0.0530504638596662
-4.759109028898703,-0.044705301661357
-4.763962199162518,-0.03645493977474042
-4.768526770332518,-0.028193777796034165
-4.772901431576706,-0.019770204424472235
-4.777582385977419,-0.011181731729643296
-4.781688708245693,-0.002608795211390032
-4.785460231497333,0.006205563512180187
-4.789028491022019,0.014852809190957647
-4.792498726587372,0.023642444637850386
-4.795614389704673,0.03246651112192201
-4.798720869260993,0.041703907758559026
-4.801559395967732,0.050913889146127704
-4.803668880342992,0.060752994960598404
-4.805906734179519,0.0707013077943763
-4.807669339103472,0.08125293871699396
-4.809383679254896,0.09184863487365348
-4.811002715228582,0.10246755643457535
-4.814040230625771,0.11550631098560235
-4.816826555081486,0.12810957595840974
-4.819146418571988,0.14120778621988708
-4.821406949822006,0.15425839733052688
-4.823384333653791,0.16763299196657075
-4.8254339033991345,0.1812110021345321
-4.827118751181835,0.1946168608288528
-4.828872149042717,0.20840552715985963
-4.830473286340899,0.2223682008622687
-4.831366607833412,0.2364424141268022
-4.832155574048917,0.2508551905197039
-4.832973586049319,0.2651635582782706
-4.8332348742250275,0.27917147375117307
-4.833994523462599,0.29326146951010734
-4.835274787694783,0.30676535831628515
-4.835835670525049,0.3200466623671998
-4.8364329030039706,0.33343440342596425
-4.837015783246552,0.34676546995691193
-4.837192989270954,0.3599701296925302
-4.837740133652614,0.373080422452572
-4.838855393134946,0.38550498881887557
-4.839519288560242,0.39756161852079913
-4.840436783663793,0.40936288775443047
-4.843442246699054,0.4229861087702654
-4.8461029155202695,0.436316336031039
-4.847544380562691,0.44814038363083597
-4.8492324605523995,0.4597023167514882
-4.851246882392911,0.470770188466248
-4.8530583729061405,0.4816653037382034
-4.8553955993511435,0.4921131771448205
-4.858069339300882,0.5021865964453901
-4.860375534259888,0.5119479137210922
-4.863238659218628,0.5209895855338118
-4.866045578444082,0.530074471490532
-4.868664300420243,0.5389984994940178
-4.871493536111163,0.5476480730353241
-4.874768961104792,0.5559342058641468
-4.877879117264555,0.5632680490626535
-4.881417517995997,0.5701464487462485
-4.885497982828096,0.5764403122195251
-4.889440950827325,0.5826166519437014
-4.893718354158527,0.5884481053228091
-4.898651735744587,0.5935229407742323
-4.903358042437697,0.5984047975865744
-4.9087752402022105,0.6026653356217667
-4.914967316284568,0.6061045466175424
-4.922422067715097,0.611141843304272
-4.930442072168859,0.6156427921636247
-4.938721714847946,0.6197620286004141
-4.947006774436548,0.6238874298775756
-4.9543369899034495,0.6252912262812464
-4.961920494393415,0.6263620666688796
-4.96992352943632,0.6274220034635772
-4.978373616321993,0.6279058186276683
-4.986883967512273,0.6283079983438635
-4.995751947292171,0.6289004888605506
-5.005093733270875,0.629080135568456
-5.014212385324096,0.6289805575554034
-5.02359641985354,0.6290249810584586
-5.0337637420276415,0.6282741826704696
-5.043567112065732,0.6276708799317855
-5.053793475890563,0.6271703654974526
-5.064001084876032,0.6266919010305103
-5.07379314698218,0.6260586882345774
-5.083595813164477,0.6257084747330419
-5.093364665926445,0.6253998335678258
-5.103088835957595,0.6249916221697025
-5.113012891366797,0.6244787221546465
-5.12295192576658,0.6239435920203331
-5.1334823147470585,0.6241980371693797
-5.143692884039988,0.624705349370224
-5.153853124411231,0.6251610715681728
-5.16408145551524,0.6255871498147025
-5.17238355146382,0.6239821768340987
-5.180452737605834,0.6221830279037792
-5.188640136388741,0.6202399522319625
-5.196791452453415,0.6183904086374319
-5.205040528225374,0.6163674724701537
-5.213479885571177,0.6139366595420493
-5.221281123887556,0.6115620189929695
-5.229015010235666,0.6092080016924059
-5.236733738501581,0.606843411866317
-5.2441469767471665,0.604871832909476
-5.251975361938703,0.6024378570474621
-5.259710354998903,0.599927677205866
-5.267167147223863,0.597685083191921
-5.274504185511056,0.5955487982061747
-5.281666896806696,0.5940637070493973
-5.28844454660061,0.5928842179900247
-5.295092524360621,0.5918746594285024
-5.3018802460237415,0.5909833071105541
-5.308523197645613,0.5902062216513323
-5.314653551027354,0.5901065626456281
-5.321060587064164,0.5903460312726418
-5.326833954589984,0.5910773232769438
-5.332092204780962,0.5924206845933788
-5.336050393870256,0.5919861912977868
-5.339846301569707,0.5920996303424193
-5.343624986357261,0.5924018046974704
-5.347140034847134,0.5925510785214689
-5.349953119642555,0.5933622718296568
-5.352663294546291,0.5944129144929128
-5.355100341778876,0.5953920535682301
-5.357063114687559,0.5969272946721577
-5.359257220204752,0.5981550257907375
-5.361328908459913,0.5987499557878592
-5.363145926339609,0.599813219168913
-5.36482916532237,0.6010539163705217
-5.366704918953751,0.6017846194857391
-5.36823421206634,0.6029766132437898
-5.370172632151881,0.6036243572252296
-5.371942375870825,0.603964150917751
-5.374035367095737,0.604376167906234
-5.376210249144494,0.6047426735648952
-5.3786031867418975,0.6046441353602149
-5.381135930381569,0.604221224764652
-5.383967950569471,0.6033787115542883
-5.386761727390354,0.6025036095882074
-5.389635195487895,0.6015219130502166
-5.391857836644973,0.5996943153080171
-5.394405214557309,0.5975591009999407
-5.39719590192952,0.5953169396508564
-5.399707604606513,0.5929310047265385
-5.4026374750559105,0.5900859465984588
-5.405980017590625,0.5872635478789474
-5.409219148043283,0.5845972144174081
-5.412490623022409,0.5818382046321157
-5.41576891396982,0.5791681866250076
-5.4189233930107505,0.5766062156927066
-5.423061035556245,0.5737352343147069
-5.427340769060061,0.5706749481254049
-5.431635104852149,0.5676270544359322
-5.435949763317227,0.56456303961548
-5.440025011199778,0.5618179054510046
-5.444286955352677,0.5592280076342834
-5.448981043488624,0.5562956150621207
-5.453909037642192,0.5530515719365284
-5.458936685760287,0.5498902254475176
-5.464328611963292,0.5464402098776837
-5.469474744133745,0.5433181079054248
-5.474697532235422,0.540259104022289
-5.4801909146812795,0.5376398265525297
-5.485848072643916,0.5348559823224603
-5.491394266020899,0.531568974881303
-5.497028547002367,0.5283545900220415
-5.502665956798398,0.5252072594160015
-5.508690754497508,0.5217842170297143
-5.514661301780606,0.5183153127271464
-5.52035606874321,0.5150448557802376
-5.52605198261985,0.5117568535407114
-5.531679030191714,0.5084112738593254
-5.5370591336990165,0.5052903206918463
-5.542771308837954,0.5018675045902199
-5.548480091965889,0.4984412664806618
-5.554125769355743,0.49509972499169336
-5.5595991514798815,0.4918946928626935
-5.565026012542696,0.488650716185051
-5.570705712569658,0.4850687743543341
-5.5758153052605675,0.481686628980226
-5.580699319485716,0.4782965146609243
-5.58545491930544,0.47507821018309215
-5.5899949255489165,0.4718494447319993
-5.594609130479276,0.46818420483758266
-5.599549336718839,0.4640825070349787
-5.603837958495526,0.4600918365705231
-5.608098963051773,0.45611834397010104
-5.612031184230716,0.45258495755181377
-5.615771035458744,0.4488950332191996
-5.619677036810613,0.44507360737878665
-5.623750033609601,0.44090823688880304
-5.627475474726712,0.4366568837896383
-5.63109028686656,0.4324932439012383
-5.635028996241377,0.42841389977703304
-5.638495863823066,0.4244534566915552
-5.641590682310501,0.4207877573155494
-5.644934894780765,0.4167692936254622
-5.648043582506415,0.4128237782902102
-5.6513869758341295,0.4086925344240028
-5.6546168900477545,0.4047702519981195
-5.657188166345907,0.4009320941440567
-5.659440352881753,0.39745655561811716
-5.661905296600736,0.3938980916602898
-5.664292664473243,0.39028376241337764
-5.666848299337267,0.38654017262833734
-5.669393702095737,0.3826021587456216
-5.671442560918407,0.37865515577384046
-5.673258247523612,0.3750206431531487
-5.674999291113433,0.37142629885618633
-5.676335321047641,0.36770847473750384
-5.677648143421726,0.36378396227905013
-5.678903601395654,0.3596913618452968
-5.679720025679117,0.3552935028165576
-5.680434621628214,0.3509738794554603
-5.680791421243259,0.34713360130823984
-5.68123884783731,0.3430904549068912
-5.68177198703237,0.3388451380059691
-5.6818569150999725,0.33495720387025496
-5.68152503784586,0.331071703568468
-5.68126595812778,0.3273251381972968
-5.680631280645038,0.3240978322179737
-5.679890713844937,0.3209628203004273
-5.6789694625966,0.31756718665974276
-5.677700310535281,0.3144958907183965
-5.67594342400675,0.3116399305392174
-5.673976716207049,0.3086898785342131
-5.671750040495059,0.3060042204209616
-5.669076382388202,0.30348503062850213
-5.6658798294256005,0.30088434745466536
-5.662778443350523,0.2984929399320663
-5.659793111959228,0.29601025088916705
-5.656590378604366,0.29350504405772676
-5.653560647471833,0.29101130743800063
-5.649326668945662,0.28833753164613707
-5.644578786987738,0.2858629664484729
-5.640103237890907,0.28356446974440075
-5.635695611281825,0.28132159541823065
-5.631166963838645,0.278706534086625
-5.626712336744722,0.2763475156141863
-5.62199722877582,0.27424828948924573
-5.616968373404584,0.2723689921070367
-5.6120129900747004,0.27084219315571384
-5.606788462866426,0.2691621352300766
-5.601480265350447,0.26759463918941084
-5.5962132340355035,0.2665203609475616
-5.591099407376285,0.26533442595977913
-5.585155940765502,0.2646677270504873
-5.5790258174573015,0.26448884600288675
-5.572628979304659,0.26452365183637877
-5.566187273343117,0.2645658542565973
-5.559875666338646,0.2650143002935969
-5.553620792701174,0.2653184055232583
-5.5468910860635745,0.2660654448146327
-5.539466727526836,0.26587860648242645
-5.531615304097126,0.2661657011346001
-5.523584592110655,0.2664921390975328
-5.5154919312079835,0.26726939397134075
-5.507092199743915,0.26845216772734676
-5.498742935990761,0.269576540093532
-5.490450280706344,0.27110339047110044
-5.482087205624763,0.27295677730553297
-5.473491043848744,0.27474126981013236
-5.46455369874872,0.27679912943101925
-5.45533065455971,0.27923741675491665
-5.446281924733338,0.2813421412667665
-5.436838892479038,0.2837631299517488
-5.427336431268964,0.28634862192239585
-5.417644045997371,0.28877347600255915
-5.4076807329110546,0.2914158981789138
-5.397311820043697,0.29436088299365315
-5.387157922831115,0.29660339790019535
-5.376673365213684,0.29911194947385633
-5.366420389116954,0.3018098659698987
-5.355961645071583,0.30414791637127714
-5.34556491957766,0.30643670426166736
-5.3352009806547445,0.30905104503209097
-5.324699999836143,0.3113230255471673
-5.3133221358423715,0.31279656730584215
-5.302353006602982,0.3144995114486482
-5.291226960517443,0.3159394223941942
-5.280090409021115,0.31738802577346636
-5.269172354920846,0.31885843866025027
-5.2578665209720254,0.32013874065539566
-5.247280622312397,0.32199126709184983
-5.236991590003709,0.32393377810473284
-5.226591246377694,0.3258296715061277
-5.216291448147928,0.3276072682677266
-5.205977926060876,0.32986509846349976
-5.1956322699056665,0.33189988811872856
-5.185390303138012,0.3338006190601582
-5.175307045366969,0.3357230449733544
-5.165381842295364,0.33748359759471774
-5.155877739695568,0.3391557965638985
-5.146303025788933,0.34088552291247887
-5.136969054676206,0.34234648337576973
-5.127641742240383,0.3437998777646079
-5.119299494227944,0.3447370317545037
-5.111277169888377,0.34528759762235994
-5.103526097285102,0.34552778422136154
-5.096033158262028,0.34559945599762604
-5.08895408579271,0.3457097752131305
-5.081323628988522,0.3451008730937014
-5.07400635668569,0.34425560093753177
-5.0678823698094275,0.3440696320183494
-5.062092158718245,0.34361039100910185
-5.056589156551846,0.34297315910987786
-5.051917582039128,0.341661836379017
-5.04779091252493,0.3400839186109813
-5.043788078169977,0.33836903951721103
-5.040321307447435,0.33621923083994804
-5.0370649268283065,0.33385439845911546
-5.034276494480189,0.3312531508562492
-5.032870376722237,0.3275294275823267
-5.0318122655546516,0.3234715652029822
-5.031326404024059,0.3187767012701032
-5.031722497735911,0.3133651815233379
-5.03239476515288,0.30796744065836035
-5.033663262000354,0.3022027030828364
-5.0361807142841934,0.29542227835342116
-5.039121110296092,0.2883493776809434
-5.04276017015517,0.2807875684688504
-5.047655975120396,0.2722030277743776
-5.053058118372091,0.2635757507101687
-5.059267807437753,0.2547710093704048
-5.065885950087754,0.24483235429869088
-5.0727327775358635,0.23459885710118414
-5.080629735902516,0.22443179327981672
-5.0899261294675044,0.21455723888091602
-5.099258313565731,0.20481755653946393
-5.10886009191765,0.19521601489730536
-5.1184506218551995,0.185632242124081
-5.128154127335155,0.1762966825861549
-5.138399001833379,0.16705369746089602
-5.148822135922637,0.15766893124372822
-5.159294157840974,0.14847377101747053
-5.169972585625062,0.1392582404856741
-5.18064666668001,0.1300497969212622
-5.191545958627697,0.1208180812069878
-5.202532813669039,0.1117648033838485
-5.213386009834254,0.10288582108015809
-5.224375175991963,0.09422164861392221
-5.235619444922781,0.08538444750545517
-5.246657638429755,0.07681563410860633
-5.257750455816402,0.068166200817389
-5.268617686665342,0.05963741128245327
-5.279311098519111,0.05133549887986967
-5.289263707234987,0.04296571448071246
-5.299341284352476,0.03469104051789503
-5.309164207237046,0.026712867272041033
-5.318782691519954,0.018888249165520832
-5.328092289781936,0.010804986266781313
-5.337810218358369,0.00366798578858084
-5.347372698235192,-0.003266021385349212
-5.3565466206035826,-0.009849130727452247
-5.365301014922951,-0.016213195124370635
-5.373903941669984,-0.022379637970284104
-5.381855547845678,-0.028207174210511422
-5.389474277167728,-0.03410394644099537
-5.39692217311052,-0.03977838890059187
-5.403875850389808,-0.045225112624134776
-5.410309544058929,-0.050292345107499505
-5.416514425867122,-0.05506231859594736
-5.421853752293569,-0.05900403579651493
-5.427002265836945,-0.06288010195400685
-5.431628930082859,-0.0660789646501194
-5.43553352140498,-0.0687670307771532
-5.439166402855012,-0.07147711391921144
-5.442275129704896,-0.07356680431601645
-5.444885781887943,-0.07477579297732977
-5.447355477768516,-0.07605794358361553
-5.449149348818485,-0.07654957115967383
-5.450081908729971,-0.0763881844595907
-5.450555935166618,-0.07614450590958978
-5.450329371975665,-0.07524561387741102
-5.450131575332224,-0.0735639079313382
-5.4500675291336655,-0.07159683851272045
-5.449227682149199,-0.06954748182536126
-5.44798495756067,-0.06707952635399776
-5.44691974481158,-0.06446754777326734
-5.445551553226596,-0.06148662179937545
-5.4442329928592,-0.058554946718256735
-5.442837388425592,-0.055685176139606336
-5.44119306573415,-0.05259762734892164
-5.439573979503613,-0.04953417960989337
-5.438089849908912,-0.046360874720899004
-5.436205972148722,-0.04272389534423975
-5.434157392432959,-0.0389196496581184
-5.4322025892208945,-0.0350385660546709
-5.4301958205766,-0.031055947165747017
-5.4283680243878845,-0.027282371684429506
-5.426720450819616,-0.023361705901453783
-5.424600697369541,-0.018940362843818823
-5.422272289087876,-0.01433656117499144
-5.420102033697211,-0.009603197242989685
-5.4178957606895874,-0.004728580902867345
-5.41659638241462,0.0008294139062231821
-5.41566761410793,0.006759805389435246
-5.414842879810462,0.012775379147914082
-5.413894743564176,0.018987805329484474
-5.4125114196375375,0.025567516174490573
-5.411324738370946,0.03230802601137923
-5.409938822169605,0.03940800108777004
-5.408389991901387,0.04661487361101469
-5.406652237652237,0.05402384009471891
-5.405511309417361,0.061353557371556816
-5.403462041752647,0.06967522476990742
-5.401579059267124,0.07813465658313691
-5.398677668042902,0.08760743044176993
-5.3953656697369405,0.0978992139651573
-5.3917531753938,0.10861212504454652
-5.388190808965623,0.1195066165875391
-5.384496782665897,0.13042800659994788
-5.3799122920368205,0.14194878196536626
-5.3749517821019115,0.15402974552681256
-5.369778107259462,0.16592900678119796
-5.363654324915853,0.17867637982327617
-5.358695231521166,0.19267918811460527
-5.353607256630367,0.20691347578809896
-5.347897941093419,0.2206402665383386
-5.34130038468478,0.2350749262323587
-5.334678512844923,0.2496317703024868
-5.327722030070299,0.2639255458160632
-5.319658321237132,0.27903047031695344
-5.311426802667848,0.2943549595555438
-5.302910346025014,0.30965071903598895
-5.293570463398123,0.32525440339373696
-5.283990977586276,0.3411715097235762
-5.274267370322916,0.3566168047197643
-5.263315908210129,0.3726179995427918
-5.2521485523487925,0.3889016290710547
-5.240914230377141,0.4051776790954536
-5.228761299380622,0.42200808884631325
-5.2164242564782715,0.43907940901272063
-5.203949324111572,0.4560604787966853
-5.190515777057418,0.4733929355336994
-5.1768565923436425,0.4910208828564781
-5.163277387751343,0.5085530406023875
-5.148664689016384,0.5265977778441351
-5.133835578191469,0.5449261266888957
-5.119066337774069,0.563375193594339
-5.104773917290202,0.5825625064668182
-5.090395047000384,0.6016922413611546
-5.07571683134739,0.6213057673842639
-5.060980328172528,0.6408591924066342
-5.045924733882817,0.6605461768269897
-5.029627526752959,0.6799965981311553
-5.013577335016311,0.6997322431163555
-4.996974195941137,0.7196828873237264
-4.9804053357048925,0.7395018179272984
-4.964405480225172,0.7591336948544544
-4.94776235974113,0.7792745884786786
-4.931458351669998,0.7989327512093413
-4.9157216109021125,0.8184189579532424
-4.899832638019368,0.8381045781940161
-4.883360482523356,0.8578507467357317
-4.8679417529061,0.8767962939824756
-4.851987992144047,0.8963396098866004
-4.837155072817545,0.9147890312353273
-4.823043506616464,0.9325039423975005
-4.809122430242615,0.9501736302828953
-4.795445092109368,0.9674135143001366
-4.782072974762803,0.9849103469213814
-4.7691103313746535,1.0022780030530185
-4.756523562791204,1.0190755733654433
-4.7451903145051375,1.0372923076770901
-4.734743921093859,1.0548459993298847
-4.723100785616463,1.0711525734419585
-4.711864559746482,1.0872438814539707
-4.700676800643332,1.1039671345401922
-4.690135215195194,1.1201768616876202
-4.679648900687121,1.13597648933917
-4.669399043919463,1.1522250403105696
-4.660287026487616,1.1675710741748628
-4.651616967466807,1.182528278850353
-4.642989386223,1.1977668370020809
-4.63479452498298,1.212734332092395
-4.626696364429273,1.2275754840113169
-4.618800188097796,1.2425959737945071
-4.611719487811673,1.2569719966037214
-4.605312556017082,1.2704654672301012
-4.598749479610058,1.283822634123758
-4.5927751992273365,1.2967149581359365
-4.586907264992133,1.3094683123932618
-4.580887819082793,1.3220894195659538
-4.575494308028131,1.3341068725790874
-4.571073053698748,1.3459384251471624
-4.566567152965178,1.3576948131929767
-4.562900717721498,1.368807044781966
-4.559313759976587,1.379212438908091
-4.555811396373488,1.3892836230986914
-4.551145095912928,1.3985617196044493
-4.546758465368448,1.4075383320877375
-4.542902464517135,1.4158177017890874
-4.539138024415465,1.4239079372709094
-4.535853256119783,1.4311914450599887
-4.533318378578725,1.4376056732019376
-4.530675613722045,1.443525698322182
-4.528298048419269,1.4489561537666853
-4.526283048637217,1.4541010392402358
-4.52427713430437,1.4588800663380082
-4.522899633139008,1.463107459206798
-4.522166346079165,1.4668278449316807
-4.521480741647628,1.470023392139685
-4.5210472970182956,1.4727063652053554
-4.5211810943297825,1.4749430360216882
-4.521180948602476,1.4769723111585764
-4.521800812780833,1.4784512932762248
-4.522872148489331,1.4795750978896913
-4.523343832727216,1.4800633390840712
-4.524320354632009,1.4798868343851763
-4.525525207083468,1.4795540299298822
-4.5268729463155335,1.478720196377871
-4.528696337669032,1.4772599593983344
-4.530706267201606,1.4757127612442897
-4.532018770065057,1.472675722342029
-4.533861479943417,1.4689407750471206
-4.53570531727724,1.4650497109215965
-4.538098699452428,1.4604848066823917
-4.541230978035618,1.454947453787415
-4.544527511889851,1.4491623480810107
-4.548570056103563,1.4430487470278943
-4.553506556197004,1.4357586873655177
-4.558136802387411,1.4283822805747672
-4.564782131045578,1.4188182399117188
-4.5712782598614865,1.4088798446845976
-4.5788994727558245,1.397472541343136
-4.587837398301774,1.3849767184470398
-4.597047249873145,1.3727274252236998
-4.607242184175594,1.3592464214274327
-4.618425177763506,1.3450871315042636
-4.629930521214025,1.3312182638894574
-4.641350609147407,1.3168671449706861
-4.653237966862952,1.3019009896199367
-4.666444150692792,1.2863463067730685
-4.67995569665977,1.2710670284242556
-4.693442745958652,1.2547338588254695
-4.707235674716561,1.2383311535562023
-4.721000639042674,1.2219136029227213
-4.735225704479944,1.2054921384563988
-4.7494977781893795,1.1891304503571092
-4.763858230809966,1.1723638892620256
-4.778772345402242,1.1549749371981988
-4.793522084109258,1.13773279031333
-4.807900528962662,1.1204394108931115
-4.822538517563789,1.103267795091801
-4.836833037157665,1.086368353600827
-4.850686035588746,1.0694756742080715
-4.864808385268492,1.0523683331171425
-4.879077115932266,1.0352771283496036
-4.89314824010561,1.0184461058980072
-4.907138655340321,1.0015483462862858
-4.920476507634546,0.9851681596276253
-4.93339374991738,0.9693421237478911
-4.946641740643357,0.9538032541610048
-4.959836771198308,0.9383067830298241
-4.97244872057945,0.9222004818098258
-4.984790255076079,0.9061851180619781
-4.996802662204749,0.8906084755599265
-5.009096377667192,0.8755443205868042
-5.0208368940666315,0.8612093558815319
-5.032748112970614,0.8470206403390061
-5.044170860807161,0.8332198747965475
-5.055378080257419,0.8197032304362455
-5.0667670111081575,0.8063417292998571
-5.0773697913049665,0.7938135340805834
-5.087595446310576,0.7818936117206732
-5.097754404376984,0.770266307577153
-5.106700925230123,0.7596025251158635
-5.115267813437169,0.749592152756162
-5.123483865115884,0.7402013934273002
-5.1309123122195714,0.731436685605
-5.137469356396431,0.7235721288113276
-5.144096108484303,0.7160474463788625
-5.14820762198671,0.7109621373390295
-5.152601999643158,0.7061147530754573
-5.155824869811902,0.702813158944505
-5.157527396224621,0.7007209171373442
-5.158946275328682,0.6983885994564087
-5.15924765270939,0.6971444283321705
-5.158240303503546,0.6969413305775846
-5.157060877398834,0.6965930523553321
-5.156168282001259,0.6965644390420844
-5.154453435323161,0.6973695947513537
-5.151658089526758,0.699165210871341
-5.14864874682995,0.7007254994755835
-5.145318812093489,0.7027083883709709
-5.1417098329884485,0.7047958595444687
-5.137848248856128,0.7071036392278278
-5.1336935736276805,0.7097976094424958
-5.129243418402663,0.7126270326790555
-5.124880036596855,0.7157227079435288
-5.120190270372871,0.7192482724236305
-5.115536701852958,0.7225858009469619
-5.111007768879117,0.7261695518051781
-5.106145563764702,0.7301920388565979
-5.101431720861946,0.7341428369699093
-5.096757079404284,0.7384992417060786
-5.091948419758905,0.7430318431422954
-5.086719862508479,0.7476490298377055
-5.081683974347049,0.7520971601834513
-5.076570548548686,0.7565452102870082
-5.071589973006761,0.761017566453946
-5.066850826565505,0.7651394887034838
-5.06194614966127,0.7691217038495852
-5.056965481525961,0.7731092925157477
-5.0527019257787895,0.7776256069375074
-5.048602557284063,0.781961442655639
-5.04433492340196,0.7862845694111023
-5.040314752603218,0.7904108056867678
-5.036778116882208,0.7943628546417826
-5.03321061398641,0.7979534719032689
-5.029794336667882,0.801423765844894
-5.026548451548042,0.8047492612275147
-5.02305299310429,0.8079299008657919
-5.020355413815879,0.8102676638401978
-5.0177536782368435,0.8126869630233721
-5.015622009267412,0.814487964199758
-5.014010415944995,0.8158752141656411
-5.012294265381489,0.8171731654489928
-5.011190945184425,0.8176651335812881
-5.010556395565795,0.8176511915176817
-5.0105987120082665,0.816996294394579
-5.010879803849273,0.8162996298582262
-5.011565147163399,0.8152597588573546
-5.012736767591761,0.8138028964992391
-5.014563829560459,0.8114840087594131
-5.016743270574855,0.8090062410350414
-5.019511485210335,0.8063128372013527
-5.02300775350239,0.8030481763288545
-5.026963531038012,0.7999975746061425
-5.031741540056213,0.7963514123665832
-5.036734017793047,0.7924228170139401
-5.042552261868877,0.7884120410175282
-5.048895393590532,0.783852856371082
-5.055369619319231,0.7791036165078415
-5.062328532410717,0.7749428849635036
-5.070062386714905,0.7702830641804385
-5.078197990946521,0.7652318180870619
-5.08677427465281,0.7603139455383278
-5.095884253422085,0.755071379242118
-5.104976733123139,0.7499137918205885
-5.114289700711251,0.7453101702769425
-5.1239783721469445,0.740557697787455
-5.134093689294928,0.7360239682751628
-5.144081683157772,0.7316602487453183
-5.154377483364065,0.7270063395154711
-5.165320732899744,0.7226911727408801
-5.176387168377583,0.7186304981958254
-5.187427594797553,0.7147633061897068
-5.198122769266057,0.711171557243174
-5.209126468738911,0.7077730283684097
-5.219772044572589,0.7046927680230182
-5.230303116830629,0.70177705348491
-5.240886754904423,0.6989018644222665
-5.2511791921740025,0.6964163574872451
-5.260933169641099,0.6943598175660971
-5.27090118750153,0.6924800253603673
-5.280578828362425,0.6909895280403642
-5.289596052580265,0.6900245147789097
-5.298376363795591,0.6888578111374266
-5.306663733381678,0.6883496271686408
-5.3147302118808755,0.6880184599314013
-5.32271954998131,0.6876201545129831
-5.330607536342174,0.6873601784726767
-5.337679815192146,0.6877475335006172
-5.344618469611015,0.6880212411145756
-5.350948895941437,0.6891082473448373
-5.357073338755324,0.6903601755699772
-5.363069367400523,0.6913549001872684
-5.369430409936363,0.6932801720145784
-5.375089798321161,0.6958949560662241
-5.379999866544532,0.6995127190740491
-5.384814204234104,0.703005819909305
-5.389154191005363,0.7068972268358242
-5.392994858930408,0.711177317032275
-5.396143886052474,0.7157802112883944
-5.398960851472504,0.7205248250696894
-5.401193788334778,0.725808972708008
-5.402829053098868,0.7315530438983255
-5.403574901071138,0.7374166391623176
-5.403579065203905,0.7438323109720156
-5.403084077065787,0.7503231282074839
-5.402056464687564,0.756661854738447
-5.400343320316766,0.7632778441628139
-5.398496528912587,0.7700733401377581
-5.395826109869685,0.7765795014988095
-5.392369525522517,0.7835896448820063
-5.388900442123758,0.7906164960854629
-5.384870598987098,0.7975390926887588
-5.380100703656189,0.8046194148356695
-5.3754506301446865,0.81153893625688
-5.370532851500851,0.8180248836549867
-5.365441127683645,0.8248299425735607
-5.360406524559346,0.8318442353506328
-5.355726647637278,0.8383826475664011
-5.350557323889385,0.8453007670495185
-5.344672177520969,0.8521017898391818
-5.338849766127081,0.8589532765738985
-5.333285385971145,0.8655457987685244
-5.327893804326103,0.8720100658445074
-5.322320927770484,0.8783188302087579
-5.317056252858756,0.8842155831624956
-5.311636025696488,0.8903460902924485
-5.306162269778401,0.8964289392016785
-5.300812281369097,0.902308816313536
-5.2958103029395645,0.9079262773815076
-5.290672065128599,0.9134260430298945
-5.285993547126941,0.9183682079127211
-5.281658463937078,0.9231274312463909
-5.277217432541835,0.9277949678798335
-5.2729862793280455,0.9321064746715302
-5.268902729132275,0.9363205191968718
-5.264898474603877,0.9406000498797271
-5.261140135932884,0.9446111825873329
-5.2577708536221905,0.9483482366241847
-5.254359605518166,0.9520482144904312
-5.251734996731397,0.9559224459400024
-5.2492448244535455,0.9596907309764325
-5.246866003027135,0.9638184149050664
-5.243926509251415,0.9672571417062656
-5.2414214746545875,0.9703550788612676
-5.2393306225531875,0.9728979741917158
-5.237211340277699,0.9754157195284946
-5.235684763155005,0.9774903233075717
-5.234091243431738,0.9795363449746808
-5.232898932337775,0.9816485527335461
-5.231861570141382,0.9836391344804246
-5.2310678231397185,0.9855261678659394
-5.230363076969292,0.9876350919366117
-5.23044663748767,0.9891261338502207
-5.230394024327977,0.9906335736723261
-5.2306996898608755,0.9922529930925281
-5.231107290932781,0.9937862075638089
-5.231728214963471,0.9955012022276646
-5.232216159456383,0.9973943684837041
-5.232945820007503,0.9990981394697613
-5.233648493259427,1.000778866425626
-5.234214613750108,1.0026426887619566
-5.235070258030558,1.0042798138412108
-5.236467311188771,1.0064860683703964
-5.237931429505268,1.0087165119931323
-5.23917527327936,1.011172140782195
-5.24020144844671,1.0136262681243366
-5.240784644573151,1.0155506413995978
-5.24110962288184,1.0178217998162467
-5.241647567304558,1.0199303787150742
-5.242460389508105,1.021610703539135
-5.243040479886511,1.0230475961218677
-5.243059761191278,1.0249230175886879
-5.243104054401237,1.0267886890910085
-5.2427527607068445,1.0289757690432901
-5.2422552415691435,1.0312771473072975
-5.241890348338039,1.0332484839486498
-5.241422137594305,1.0351797463032726
-5.240829504607297,1.037208180679016
-5.2400642129717845,1.0395112172675118
-5.238761009890648,1.0420867639742522
-5.237147304793726,1.044492508204109
-5.235423490211092,1.0468963927834585
-5.233487026120128,1.0496494812930197
-5.231416857884793,1.0519677876276436
-5.228804352110636,1.0547486795478458
-5.225848388351043,1.0572354979439924
-5.2227405652892,1.0598651313506713
-5.2191142237170505,1.0624714544868306
-5.215445567143472,1.065199415118381
-5.210970833282127,1.0675601517930515
-5.2066940043472965,1.0696889662937754
-5.202126525201225,1.071451677101996
-5.197421966318355,1.0733426870523546
-5.192662929834286,1.0752951626032303
-5.18762835131493,1.077483354180269
-5.182800203543741,1.0795444624227302
-5.178086286235181,1.0813716073499207
-5.173266188974201,1.0831066739599304
-5.168162944339338,1.0851337874754259
-5.163129345647615,1.087124491233036
-5.157982143697813,1.0890166343918612
-5.153066704123713,1.0906905325377474
-5.148065020794366,1.0923353530305697
-5.142958971313289,1.0938892944650283
-5.137872932549162,1.095477369058759
-5.132570847113397,1.0966543527824026
-5.127277170491792,1.0977042537804649
-5.122089522955307,1.0986153714665188
-5.117049503736338,1.0994115230919619
-5.112333646398809,1.0999857246611713
-5.107780961620909,1.1006721230084222
-5.103685662429987,1.1010008894781125
-5.099343554386212,1.1009327001379865
-5.094827822435534,1.1007146689344407
-5.0906061741100315,1.100214296391465
-5.086584453769725,1.0995093603845445
-5.0827809940650805,1.0989918831304508
-5.079540429528346,1.0979350601318558
-5.07639214052422,1.0967223220436009
-5.073208172196411,1.095478667363219
-5.070268987943946,1.0940548794072011
-5.067790895634028,1.0922374344324883
-5.065404447336028,1.0904988506586875
-5.06371437780794,1.0879323292799878
-5.0621543433498895,1.085242685376844
-5.060670780116382,1.0826017719830776
-5.059670517308531,1.0795698058579617
-5.058767325260687,1.0763100716695229
-5.057851051561784,1.072497881420268
-5.057674480412018,1.0679429749312646
-5.057798835740517,1.0635625253049352
-5.058177072908153,1.0589666386337175
-5.059129988830659,1.0538264324548294
-5.060713755012673,1.048731222476447
-5.062631436080177,1.0429260510199942
-5.0652797746564735,1.0368175559949753
-5.068222624467663,1.0304543326328865
-5.07160747624655,1.023928767138296
-5.075394839339812,1.0168677286448935
-5.0798280075429,1.0093382273897848
-5.0838076445259,1.0017232346559686
-5.088635245939605,0.9937276676306501
-5.094137887666437,0.9852010073126264
-5.09959698352938,0.9765652632663787
-5.105668851089904,0.9672477663957672
-5.111913063484589,0.9577950277238898
-5.117930076099002,0.94863024847502
-5.124459887891831,0.9391329462685986
-5.1318956312963175,0.9289219644169022
-5.139512829024933,0.9187975218806922
-5.147563980851261,0.9081246212737349
-5.155880729204867,0.8972425983280584
-5.164263413614034,0.8867953450151594
-5.172307241199805,0.8758688209422143
-5.180885367471461,0.8645204464402959
-5.189843770206135,0.8536053701354882
-5.198921105164665,0.8425321500715172
-5.208729555283399,0.8308799392027301
-5.218695627400461,0.8195952062414859
-5.228425458826683,0.8086249641052147
-5.238184299363243,0.7973855988954295
-5.24777292072404,0.7864303267272659
-5.25786247934741,0.7753376761506179
-5.268190302040733,0.7641959077823712
-5.278393838417755,0.7531011538159583
-5.288646591848526,0.7419411617514057
-5.298575503042082,0.7305065976095331
-5.308179250468906,0.7193288644272056
-5.31766251493132,0.7083116424587724
-5.327095421082347,0.6972507426315123
-5.3363757540569,0.6863102958494511
-5.345822200544879,0.6751487278101523
-5.354165343180157,0.6627453329826494
-5.3617843624865085,0.651026891700367
-5.369449727273061,0.6392753497471697
-5.376928473796373,0.6273830914089551
-5.3839424500370106,0.6158586232420452
-5.391341223640079,0.6040240564401106
-5.39857421326848,0.5921388464422976
-5.405371918437825,0.5807554557024105
-5.412110067452313,0.5693983065889628
-5.4186986369807295,0.5579170861590282
-5.424825892419359,0.5469235895139513
-5.43085327690361,0.5358667185716565
-5.437028757265288,0.5249340549067959
-5.442785669049275,0.5145574726906579
-5.4482939890076905,0.5043750016197435
-5.453852903950888,0.4942350471885034
-5.458998895796332,0.4845964071694851
-5.4638754699991985,0.4751430510072314
-5.469102524143415,0.4659801175073054
-5.47411237044753,0.4572547825655389
-5.478588329872476,0.4489543006243808
-5.48314950580878,0.4407238882417767
-5.48703717519,0.43331757952164807
-5.49049531792519,0.42628896490688123
-5.493405312808604,0.4185539160910577
-5.49617376656657,0.41144671918058745
-5.498327031967533,0.4048285907140679
-5.500371441688471,0.39802681058461276
-5.502139217224382,0.39188559264112044
-5.5035565536422455,0.3861091117703015
-5.504903693487251,0.3802735615210958
-5.506916788035207,0.3748790438596559
-5.508234418806632,0.3700386629106445
-5.509546410254637,0.36519330581232745
-5.510538072637887,0.36077264983440244
-5.5111545356253115,0.3566509710334161
-5.511619107872645,0.35240410611221035
-5.512134203644826,0.3480900552931373
-5.51252596075308,0.34387425059729954
-5.5127993852872255,0.33997569361437313
-5.512440773739415,0.3363896613295882
-5.512189218207345,0.33277722735725335
-5.511829513938393,0.3292478319185724
-5.511340712796391,0.3258891925899579
-5.5112344067195345,0.32246548990272517
-5.51113380701108,0.31914493457794335
-5.510951365762707,0.31593238819399394
-5.510746529921377,0.3126366777087875
-5.510251968106909,0.3095721158240461
-5.509425362490187,0.3067105485073542
-5.509544706612403,0.3050843362276873
-5.510154413909007,0.3030659180411582
-5.510699564383503,0.3010633246025434
-5.511447867858086,0.29917899230729394
-5.511990818999358,0.2974587461543774
-5.512086410803403,0.29599207063732297
-5.512418893977385,0.29500769299074775
-5.512818178273122,0.2939697684022028
-5.513100788406301,0.2929195500633333
-5.513635312568831,0.2918793256791202
-5.5143878746444965,0.2906645858416602
-5.514842165232499,0.2897738268152543
-5.515312990172056,0.289060445671182
-5.515339750716145,0.2883042383563208
-5.515601921207903,0.2872365252083903
-5.5159433455272495,0.2862335684348896
-5.516426504839735,0.28514305478541907
-5.516526784778065,0.28385438456177464
-5.516556009955694,0.2824783158723536
-5.5162991298809105,0.28131862835252175
-5.515950024272864,0.28008134407421
-5.51579949900416,0.27860032765773063
-5.515767104556057,0.2768760332044331
-5.515737837063903,0.2751135669822293
-5.516426433607191,0.2738550670374392
-5.516745503633996,0.27229381713847384
-5.516848295823208,0.27090573112448674
-5.5169200178816205,0.2695587556396106
-5.51694256509885,0.26817154362381546
-5.517145793711406,0.266554787080909
-5.517314062933575,0.26461439066575865
-5.517163454441633,0.26274607506233844
-5.516871565117598,0.26099105203917405
-5.516427157246599,0.25925180607731046
-5.516123620609414,0.2573184817078584
-5.515474587306536,0.2556621463489527
-5.514735046615892,0.25379895398652164
-5.5138506369115605,0.25190086409693785
-5.512865207503011,0.2500840959966528
-5.51148160418333,0.24829454117025912
-5.510262597275844,0.24644941503330559
-5.50838495945032,0.244213433944453
-5.506386418113141,0.2421289203494161
-5.504447588046315,0.23996622624386021
-5.5022825668621005,0.2379978057191959
-5.500124061470785,0.23591655350659846
-5.497794269673449,0.2340618492654291
-5.495647452672369,0.2324222359410746
-5.493429945771789,0.23083982731674177
-5.491130161042843,0.2296015566744781
-5.489035396018147,0.22842230201590422
-5.486747979653945,0.2273980392835357
-5.4843857880453095,0.22654190952985045
-5.481889471836212,0.22562390067629626
-5.479279191860016,0.22479776122432665
-5.476457892600868,0.2245862870957383
-5.473888596944932,0.224293381733395
-5.470777866494315,0.2245283840751312
-5.467592697299069,0.22470218891718988
-5.463953999337613,0.22547294193894518
-5.460073340074532,0.22643822739292863
-5.456200502215812,0.22740969492287505
-5.452308905076403,0.22840604987145458
-5.448313872899152,0.22988316842073508
-5.4439624523976935,0.23158545673992617
-5.439495242404649,0.23313828206717013
-5.434726403774012,0.23503592450132682
-5.430048363762311,0.23739236242046202
-5.425269567939997,0.23969545864069847
-5.420559561521599,0.24192358112174867
-5.4157027702929135,0.2444202461083481
-5.410697926356741,0.2472016143857218
-5.405553760760994,0.25032079671887003
-5.400322034613671,0.25351036450889525
-5.394893293357631,0.25688538224954505
-5.389553116672803,0.2604923823081174
-5.384417966361896,0.26393439817311787
-5.379444249219443,0.2675359951964283
-5.37437888689758,0.27107118690116944
-5.368922749348414,0.2749207060249981
-5.363276190421746,0.2789103327376947
-5.357680737266296,0.2831788578236661
-5.3524866726380775,0.2871244270080932
-5.347451035456621,0.29106035264875174
-5.342469549315175,0.2949330627007496
-5.337652819891966,0.29881453740855973
-5.332685853776139,0.30289251998211425
-5.327857652322669,0.30710182637344907
-5.323182661404531,0.3112667195440073
-5.318847586406348,0.3149860377570537
-5.314615681182316,0.31879158962187065
-5.311032035215233,0.32299812311262854
-5.307561092080841,0.32713453809708726
-5.3039188622291045,0.3312675230326828
-5.300255841183329,0.33540500763595665
-5.296699540787487,0.33936604166285894
-5.293482837611088,0.34312316707007423
-5.2905700689457325,0.3465462029098515
-5.287840728270143,0.34972289358687003
-5.2855499624928175,0.35232521769388186
-5.283265700202154,0.3546726823648183
-5.281043322780324,0.3570113817192102
-5.27920171042527,0.35885146244462707
-5.277769952528885,0.36054365355666407
-5.276730029857664,0.3620437271036373
-5.276291334430805,0.3627565428963217
-5.276162654044041,0.3630299273343214
-5.276689024126266,0.36274205119642106
-5.277655536793664,0.36220178223571947
-5.2791336451161515,0.3610650372704276
-5.2808206424716015,0.35965653856807245
-5.28267809434246,0.3584206958546007
-5.2850784023508055,0.35669945891636756
-5.288175950494282,0.35434097474724846
-5.291405382954437,0.3520914080742647
-5.294695801710951,0.3500358953334591
-5.298071167753433,0.34786922520066565
-5.301867959102622,0.34566612890117526
-5.305802975892836,0.34357778352239876
-5.3097784572018,0.34143668234859514
-5.313987073813551,0.3390982231977118
-5.318046273628942,0.3367848409607292
-5.322149223707865,0.3344143728743078
-5.3263184735601765,0.33185070330883526
-5.330249923440566,0.3295339149743972
-5.334196620190194,0.32719734353255414
-5.337929551692996,0.3249018926174307
-5.341465704814856,0.3224807185250326
-5.344789260016581,0.3203385825583231
-5.34820753814943,0.31806853308734423
-5.351297437469787,0.31614594703883153
-5.354317307399177,0.31431538015473115
-5.357155899207829,0.31268698922493426
-5.3598838928494486,0.31095917187112315
-5.362403081409929,0.30945327503763104
-5.364613522603593,0.3078542580169553
-5.366401453977943,0.30671241626703966
-5.36827774364625,0.3056277304149125
-5.369964165124687,0.30465729738465347
-5.371007337877538,0.3042922149890246
-5.371720185113753,0.3036547436592104
-5.371963676469177,0.30352867815971973
-5.372056848153932,0.30350284952356404
-5.372225128561755,0.3035389424672886
-5.372473998130354,0.3034757596054883
-5.372030866868338,0.30405981496297807
-5.371361469805213,0.30445731041716034
-5.37016406541648,0.3053870234384056
-5.368796050811124,0.30655285453598047
-5.36694506281077,0.3078397681819013
-5.364851855050063,0.3093631207307294
-5.362498771427175,0.31105425789180413
-5.360044712028744,0.3132416461203288
-5.35699934556283,0.31605256293951234
-5.353486508796869,0.3191160182374082
-5.349714346308595,0.3224508116870334
-5.345677776305079,0.32633805194287463
-5.34122193451305,0.3306994296233237
-5.336628169545732,0.3356261200741953
-5.331586997601914,0.34106569781914
-5.326698950377667,0.3466548588537662
-5.321263887954307,0.3524144321268575
-5.314886571390124,0.35918278265740244
-5.30848452562391,0.36625559445901806
-5.301798423495872,0.37352721924757926
-5.294954965600287,0.38103389689399697
-5.288309548462909,0.3883456604961699
-5.2811817059159765,0.395742194620132
-5.273682556729033,0.4036258781293289
-5.266043456790354,0.41161682725622994
-5.257978921292905,0.4199594234608472
-5.249908590906653,0.4283559892781169
-5.241798584885252,0.43648069611059054
-5.233606355956659,0.4448115577988802
-5.225509612398517,0.4531552465587279
-5.217052453928101,0.4610701673527892
-5.2083523972016215,0.4692678035007672
-5.19947311371533,0.4772786661958405
-5.190807081059824,0.48501018726177453
-5.182321760306695,0.4929509971937847
-5.1739236885648445,0.5003449343184482
-5.16586592260751,0.5072933922466748
-5.157631284202615,0.5143271755586617
-5.1491608760963485,0.5211694679731335
-5.141042943580057,0.527602513958346
-5.132943468065156,0.534220431708092
-5.125157772350889,0.5400962068052817
-5.117369187039566,0.5457153127324753
-5.109809307311862,0.5511102049142594
-5.1023830760309545,0.5558510513532505
-5.095404026370922,0.5603297289986119
-5.088587531151124,0.5645431559160388
-5.081783406813213,0.5684546050648682
-5.075105090796906,0.5722705066308277
-5.068651845059775,0.5759408484293687
-5.062829297490681,0.5783884584514297
-5.057306867462807,0.5807797160855945
-5.05206506528284,0.5828056804834275
-5.047132031892319,0.5847141705688408
-5.04267175686233,0.5866338529382958
-5.038606307499578,0.5880391312647257
-5.034646419534342,0.5891507197976539
-5.030363827473901,0.5899271293123945
-5.027016110205318,0.58980489664558
-5.0242288658943055,0.5891464468929638
-5.021448279844114,0.5884932762921585
-5.018736910585199,0.5874457235306971
-5.01680182822327,0.5853873643336319
-5.014601196722331,0.5830415278598072
-5.013396989861588,0.5797432114548275
-5.012599228180245,0.5756977207275341
-5.012137362815712,0.5712848261542793
-5.012962553837041,0.5655884139303587
-5.014162110789773,0.5591370435026801
-5.01561346527502,0.5524687980214832
-5.018612338211553,0.5441952883773166
-5.021540886649664,0.5358663967824571
-5.024872753862333,0.5271596473449119
-5.02949305178246,0.5172315965593713
-5.034454284176454,0.5075949813732268
-5.039975032413616,0.4974423216179859
-5.045952792682636,0.48687481755099143
-5.05224709833675,0.4765774653023523
-5.058606947341798,0.4662771598673487
-5.065087068005038,0.45464966338472207
-5.071954269129033,0.44334922081037287
-5.079339031408491,0.43157504289744325
-5.087029252659089,0.4198837107648061
-5.09462346895694,0.4081022016423697
-5.102162907603569,0.3960161468513474
-5.109805674008816,0.38385256346296265
-5.117561290897058,0.3715426278879915
-5.125282373913799,0.3589725229901921
-5.133421465964085,0.3464799783600763
-5.141617393512435,0.3339137872829276
-5.149564926226908,0.32097248759544017
-5.157687217007829,0.3082159767422396
-5.165803418385899,0.2954675559541606
-5.173723139282535,0.28279716059453314
-5.18228082687908,0.2701547948174306
-5.190804184272167,0.25755705635885656
-5.1992040023991954,0.24468414573584527
-5.207695465035906,0.2320281994866037
-5.216106261748357,0.2194769843357462
-5.224031353938873,0.20700437540152145
-5.231704237440805,0.19544098967209783
-5.239337399953963,0.18383819547611846
-5.2459349796157735,0.17116224341621775
-5.252253829007102,0.15825575110570447
-5.258317288053803,0.14555629861189365
-5.264016345690026,0.13332896151457124
-5.269613097860919,0.12101646700267733
-5.274885509431513,0.10928808620676939
-5.279644472204673,0.09791572553313328
-5.284125274289336,0.08667559408384462
-5.288236881199788,0.07588270866216783
-5.291868017259833,0.0650824404206838
-5.295017874434318,0.05490522683304961
-5.297918764142023,0.04512473499790234
-5.3000396734173085,0.035840582412054144
-5.301461156320974,0.027461151212805093
-5.3027109915375545,0.0193201312525178
-5.303081809344978,0.011752103344106438
-5.302738214399096,0.005107371909030256
-5.302341332002724,-0.001477774461033167
-5.300620160658478,-0.0067344433154418
-5.2987928744043025,-0.011770781041912884
-5.29652537996407,-0.016395843545745206
-5.293345685727746,-0.020260439881122822
-5.289499048587701,-0.023916523776234173
-5.284303199683278,-0.029072856387645996
-5.278662375173699,-0.03399804210729718
-5.2728023174251675,-0.03899973538354029
-5.266697122631762,-0.04384717458701651
-5.2606792910494065,-0.04753670950140807
-5.254389555361868,-0.05081795363792558
-5.247671080874558,-0.05365567030200403
-5.240584149312817,-0.05661924809945788
-5.233598266023725,-0.05949984284865495
-5.226289053710961,-0.06207161559228124
-5.218868153566658,-0.06417166917398934
-5.210798819607736,-0.06561578759998735
-5.202580428696535,-0.06695478324306138
-5.194102133949664,-0.06808039822199903
-5.185194480488913,-0.06865662697454131
-5.176399158512189,-0.06914080217078203
-5.1672255414766655,-0.06931432618634455
-5.157828872722419,-0.06920317675046152
-5.148255385401827,-0.06923628399082352
-5.138315322657279,-0.06896797148595986
-5.1280583958989805,-0.06829562997546618
-5.117766352784106,-0.06765165479593879
-5.106912173943463,-0.06790690243323598
-5.09584299428383,-0.06791591831046961
-5.084675936703892,-0.06800399452079627
-5.073782038250929,-0.06838095932584075
-5.062519644230174,-0.06838845730096726
-5.051723575353238,-0.06757868446324651
-5.041127002654072,-0.06660656156635839
-5.0306010481682755,-0.06569273090982426
-5.019704307339718,-0.06520883171692257
-5.009255289486216,-0.06481477341087281
-4.998621419350224,-0.06496111091255585
-4.987895073692143,-0.06498960311268863
-4.976988267844029,-0.0651670175485243
-4.966292997688866,-0.06561534072860013
-4.955942979031001,-0.06599493033322583
-4.945489301830599,-0.0666780365570061
-4.935201549102328,-0.06749768801390073
-4.925024849615677,-0.06828042984713724
-4.914821698479928,-0.06951273538779286
-4.90461148205182,-0.07073793683653866
-4.894615914329031,-0.07205042982220457
-4.884701101405666,-0.07377346496031742
-4.875003957124964,-0.07567564860101338
-4.864483337323608,-0.07861910688172706
-4.854270756088297,-0.08194834365336286
-4.844122297211475,-0.08576435290725153
-4.833899235818892,-0.08953244931090543
-4.824074228324368,-0.09379772800265475
-4.815573540415566,-0.09632499790441537
-4.807415163168576,-0.09900345285701391
-4.799565703285869,-0.10206510950165795
-4.792023455678495,-0.10543180414842739
-4.78461135803708,-0.10897371500780179
-4.777439663576572,-0.11281260461603483
-4.770592618531643,-0.11676007640627656
-4.764064316605581,-0.12054421863897583
-4.7576003784963925,-0.12440577988288569
-4.751542491736001,-0.12830663346216015
-4.746076873440425,-0.13260459384385215
-4.740777430971401,-0.136954894760296
-4.7359023096618476,-0.14118350861201512
-4.731022907174713,-0.1453990488823817
-4.726538974131764,-0.14966851497620295
-4.722111857911131,-0.1535212562479908
-4.718307979032672,-0.15789562838293017
-4.714493630126246,-0.1625147948329204
-4.709558374266469,-0.16864194516415215
-4.7046581298069095,-0.1747896568813029
-4.699825867142292,-0.18101832273119292
-4.695330909593478,-0.18696823928224557
-4.691458709860496,-0.19204158738596663
-4.68775189696269,-0.19731288886460652
-4.68426099601781,-0.20240573501660872
-4.6805735432242885,-0.20725554425318227
-4.677315891874194,-0.21246741489764864
-4.6745643585436865,-0.21726123491528418
-4.672063554734965,-0.22236596084516913
-4.669580028184107,-0.22748585700578156
-4.667564397708909,-0.23221951475950559
-4.665306900685023,-0.2366553028618019
-4.664029982219907,-0.24122650033885612
-4.662740237394774,-0.24573292297536506
-4.662038532403512,-0.2503813525088698
-4.661562750261373,-0.2552214509967783
-4.6610473608640435,-0.25988023452736253
-4.660806867846412,-0.26445464386012835
-4.660935247671944,-0.26934158765006294
-4.660874395100838,-0.2743320733840445
-4.661374439046941,-0.27954232263883894
-4.6625077410647044,-0.2852885867613806
-4.6626792654695866,-0.29193249600436694
-4.662945822628597,-0.2985007890480569
-4.663341431029854,-0.30528942106455004
-4.6648184960208345,-0.31124571242110466
-4.666026438329922,-0.31709742843251015
-4.668041375303514,-0.32340833072254527
-4.670851941818665,-0.3303934727733718
-4.674212561239684,-0.33804037268658127
-4.678156279941869,-0.34630519879136124
-4.682409099190147,-0.35510495888209925
-4.687904546427865,-0.36513487482783646
-4.693469619015895,-0.3751109356928084
-4.699306117957325,-0.3854862997877214
-4.706403212015145,-0.39649473537622626
-4.713918094239691,-0.4082143148062672
-4.721490366707664,-0.4197900826369021
-4.7294734873083435,-0.431691187827506
-4.7373667561794175,-0.44384990790427337
-4.7453890762034465,-0.4554207282965169
-4.754396173392817,-0.4679072665323503
-4.762871263012532,-0.48103407338465387
-4.771768181998244,-0.49465059036043235
-4.780781571443122,-0.5081777875724973
-4.790335508227667,-0.5222332799868662
-4.799655927041713,-0.5360900752736243
-4.809381713569988,-0.5496237260722974
-4.820757918275272,-0.5616909933843859
-4.832071289244707,-0.5736807843179244
-4.843776654658111,-0.5853394946158553
-4.85555511756253,-0.5971926672740511
-4.867146502502644,-0.6088154786074276
-4.8789386090874265,-0.6203459869685444
-4.890456887860953,-0.631530583518718
-4.901775047701998,-0.6424685858942052
-4.913126728346736,-0.653022931730965
-4.924324169025221,-0.6635012237840207
-4.93502706056146,-0.6733706847739435
-4.945608587099194,-0.6832299108792037
-4.955624529493947,-0.6926819381054412
-4.96524323693106,-0.7016446797230453
-4.974617810064248,-0.710250874173905
-4.983618127086402,-0.7185799929746332
-4.992246968963692,-0.7264513730758058
-5.000852389883653,-0.7342743724668999
-5.00908813319289,-0.7418922172443689
-5.017035109497321,-0.7489613882130469
-5.024824660898538,-0.7558697039502871
-5.032159743109241,-0.762117742739568
-5.039030915931528,-0.7677938843502747
-5.045464557028287,-0.7731528798761147
-5.052124916801842,-0.7767867519137938
-5.058699985752277,-0.78049015659534
-5.064858437442129,-0.7836793923082415
-5.070175369815693,-0.7861528269744471
-5.075623127020156,-0.7885234126115093
-5.080200566436151,-0.7898201923664494
-5.08367565054001,-0.7901794934622598
-5.086408085326871,-0.7899879647988519
-5.088126887421309,-0.7888022868125666
-5.088843739472794,-0.7864959910821921
-5.08820209582877,-0.7825211895458956
-5.087233951616131,-0.7782199875696609
-5.0851042251532785,-0.7727644277926136
-5.081734841505635,-0.7667621900516524
-5.07733808098486,-0.759491342422864
-5.072449956244162,-0.7519968391585035
-5.067155811179753,-0.7440310557890029
-5.061449624092714,-0.7355561496480673
-5.055931615085242,-0.7266083882055021
-5.048965887081142,-0.7164316067499052
-5.042568951444637,-0.7055778340833497
-5.035331566036022,-0.6936857077581263
-5.027455982894933,-0.6817970775123537
-5.019098462550273,-0.6696909537891587
-5.010546759710931,-0.6573447333261441
-5.001286040497863,-0.644859800505809
-4.991773309441004,-0.6320663476652104
-4.981999720564103,-0.6189505101191443
-4.971203904781906,-0.6056370918013584
-4.960087784902959,-0.5923303329558098
-4.949079539134312,-0.5791568582533012
-4.937636557564844,-0.5658802221468214
-4.92652645929609,-0.5529102523084959
-4.915360742580243,-0.5398715531232948
-4.903428749665364,-0.5265991900233227
-4.891303189011022,-0.5133163000155307
-4.879156748465072,-0.5001130292713277
-4.866864952318267,-0.48684795461254793
-4.854651134087381,-0.4735480414715421
-4.84363329123224,-0.4597787793985326
-4.832439179255637,-0.4459767961387298
-4.821302064528466,-0.43232532421516795
-4.810067698750547,-0.4185537341108796
-4.798965788654851,-0.40467746268359767
-4.78822258537043,-0.39110476963345736
-4.777761473687471,-0.3780736320589961
-4.767254294405701,-0.36508331778999126
-4.757223788779215,-0.3524959826954579
-4.747211756274808,-0.339931485056982
-4.73741333069084,-0.32719410430744683
-4.728481675385761,-0.31533172688992533
-4.719876358147027,-0.3035861594662947
-4.7115076760175025,-0.2919433922072399
-4.70394766686337,-0.2809830466547465
-4.696401809833418,-0.2700766868893756
-4.689194379529931,-0.25959622130479926
-4.6825222701840215,-0.24956734593703706
-4.676160105814389,-0.23957100681012952
-4.670267797457089,-0.22991503404191038
-4.665399351068666,-0.22112184069159568
-4.660556870903437,-0.21265879674402402
-4.656458291688119,-0.20399635086509144
-4.653118813455063,-0.195903782526211
-4.65001865508257,-0.18797118264220278
-4.647565580641849,-0.1808392467572657
-4.64560796139331,-0.17390853168943912
-4.643918259541687,-0.16732916656114996
-4.642818119347169,-0.16147982594751326
-4.640949282628051,-0.15653682300095312
-4.639919728978937,-0.15229954420620584
-4.638790211341114,-0.1482225068285225
-4.638171528841773,-0.14481935248752634
-4.638015304379212,-0.14180503781030113
-4.6381729243269945,-0.1389426235108116
-4.63837167117587,-0.13646434375944722
-4.639249788624174,-0.13455696678599932
-4.640066611346461,-0.13269091259732885
-4.641132098368825,-0.1313510415730401
-4.643002357335276,-0.1307945693391639
-4.6449178780680676,-0.1302004147011069
-4.647120554794629,-0.12996250656867825
-4.64979833435026,-0.1301236856399944
-4.6520904348229495,-0.1306047983897161
-4.654954734625273,-0.13179573461896282
-4.65829393363687,-0.13338547641738066
-4.661924007124378,-0.13512777770502804
-4.665687115391422,-0.13720640945768278
-4.669862591023907,-0.1395636563700857
-4.674564391004345,-0.1424677523099296
-4.678265390993058,-0.14653239302219478
-4.682171396258788,-0.15085146357001372
-4.686594765899707,-0.1555032227188441
-4.691137736964294,-0.16041389389866206
-4.695829269190455,-0.16581335853612128
-4.700397495406606,-0.17110908487351398
-4.704751268758155,-0.17646801628348988
-4.709193210316333,-0.18187205531787035
-4.71394031831675,-0.1875320010580625
-4.7186474654034765,-0.19348021414413766
-4.723395858765326,-0.19984903524114295
-4.7279040562110355,-0.2060156159237253
-4.732241443566906,-0.21193749447000562
-4.736468660918193,-0.21791247436642716
-4.7405249673949,-0.2237433458748826
-4.74436758929352,-0.22968383254887528
-4.748342178718732,-0.23578009170255004
-4.752345944191834,-0.2419001665050545
-4.756282818499451,-0.24778746319246228
-4.7600636953928674,-0.2537215292646643
-4.762791044880362,-0.25975492687287743
-4.765258971398272,-0.2655019722115892
-4.767205763646392,-0.27187434489286844
-4.769260586717736,-0.2784661135808125
-4.771546757582568,-0.2851079696422906
-4.773856515432128,-0.2917783832065786
-4.776052540882564,-0.298540578122752
-4.7780138458838115,-0.3051185416180567
-4.779746999362239,-0.31135470564219897
-4.782068179461974,-0.3179398595543145
-4.784202732955068,-0.32435927356631983
-4.786947855515545,-0.33135442534527026
-4.790192597582614,-0.3391383776374161
-4.793635298410234,-0.3470879459529917
-4.797342107884123,-0.3551010162848664
-4.801973131205444,-0.36362460187898066
-4.806903191527919,-0.37261957915663085
-4.811840807240765,-0.3816145996505774
-4.81746325943517,-0.3910112010098298
-4.822457811168644,-0.4006940591763194
-4.827880044428233,-0.41065751094304315
-4.833437903428631,-0.4201706053888531
-4.839489215744912,-0.43009986764051233
-4.846303474953624,-0.4401498210504473
-4.853010584653333,-0.4497699371286205
-4.86036896421748,-0.45994009775931605
-4.868031377090762,-0.4704174563822573
-4.876012767877907,-0.4806355415096146
-4.884028384845742,-0.49080152748179534
-4.892149251046317,-0.5011287089468957
-4.900689333418762,-0.5111166542461318
-4.909661914500368,-0.5214253874904258
-4.918601532038593,-0.5317812053632787
-4.927700115219488,-0.5420095189417388
-4.936626345524475,-0.5519784602911738
-4.945639753786395,-0.5620275662435064
-4.955098455074456,-0.5717196674444557
-4.964677616946936,-0.5814917062494369
-4.97432237217811,-0.5914087532959212
-4.984212677359656,-0.6011304750154197
-4.994087778731527,-0.6107546912508853
-5.003770590459423,-0.6201501038775089
-5.013563795466969,-0.6294602120542575
-5.0230917484375155,-0.6391644018605842
-5.032469629773891,-0.6487419467923429
-5.042141220008742,-0.6583091742764865
-5.05184549705601,-0.667595433691243
-5.061330482912664,-0.6766413491167894
-5.070823473689336,-0.685685032750427
-5.08040174180226,-0.694833618214544
-5.090136125016315,-0.7031224510798257
-5.099998084506325,-0.7114621564489785
-5.109857020344741,-0.7196405515565607
-5.11946608857032,-0.7275495579344702
-5.128671574401732,-0.7351848380315287
-5.137610995137286,-0.7424897120305286
-5.14638650120953,-0.7496828130443847
-5.155280077908628,-0.7565918847852802
-5.164006881241716,-0.7633517508111423
-5.171962456637878,-0.7693754974945118
-5.179996516774174,-0.7753395635457491
-5.187054293825298,-0.7802732888077253
-5.1936830749113625,-0.7844465278229135
-5.200236454996032,-0.7880823605921805
-5.206080145287711,-0.7910998412725442
-5.210836439469778,-0.7931965562088721
-5.215190699531611,-0.7944990658035161
-5.219645434823564,-0.7956682207273726
-5.223020416796783,-0.7957288892728855
-5.226638167427209,-0.7950670918978041
-5.230133738801248,-0.7938883346685981
-5.233128234063596,-0.7927084332076189
-5.235227144009065,-0.7907702181168401
-5.2372743389380565,-0.7881481908766496
-5.238806123873933,-0.7851839093222676
-5.239261298517852,-0.7815981819532418
-5.239426432876001,-0.777650344865056
-5.2393930874735455,-0.7738582330240517
-5.239073976418209,-0.7698236384181016
-5.238486740007818,-0.7654541972070629
-5.237586944565548,-0.761330536873784
-5.235756806936308,-0.7564205631295857
-5.233814142730796,-0.7513698428542925
-5.23175627972535,-0.7464087522099391
-5.229395461636307,-0.7411912778119613
-5.227076358501646,-0.7360252841671425
-5.224388864477832,-0.7311498360596949
-5.221219148581,-0.7258247850139281
-5.218468083032758,-0.7193600420928529
-5.215604328402222,-0.7129836581655601
-5.212209849382432,-0.7061563398958145
-5.209068274916658,-0.6994718981843917
-5.205526467146495,-0.692545635271413
-5.202139477450673,-0.6851367767113268
-5.198737634410056,-0.6778936702706035
-5.1951122726901735,-0.6703716519302468
-5.1908608208498555,-0.6625828020368422
-5.1866865604410455,-0.654802411294538
-5.18203102021848,-0.6465842178575104
-5.177065471002129,-0.6380865789625683
-5.1721538636986555,-0.6296376740826045
-5.166804946986275,-0.6208779277180589
-5.161107525472849,-0.6116831324364845
-5.15559089907072,-0.60251508179721
-5.14959727185379,-0.5930215451007247
-5.143313746922975,-0.5831659740542897
-5.137188103633025,-0.5734287318723652
-5.130462168671985,-0.5635583528761647
-5.123526378008334,-0.5534258392133161
-5.116793752501841,-0.5436631988151612
-5.109190365925645,-0.5333029940836732
-5.102502725474675,-0.5225887321321093
-5.095355028789668,-0.5113148653341089
-5.087978434067249,-0.5002254786329082
-5.080453663740508,-0.48911727995014054
-5.073027266433528,-0.47800418347192386
-5.065252070962171,-0.46717312364895
-5.056819695664077,-0.45601442934396813
-5.04850242248944,-0.4449996153625211
-5.040253467800586,-0.43423425448279873
-5.031397131649653,-0.42325339533162787
-5.022640961089091,-0.4123976812063395
-5.013777906132855,-0.40193481904738027
-5.0042829333649035,-0.391440949671071
-4.994843726820829,-0.38101646156378494
-4.985664213751164,-0.37083030979291903
-4.9760034017285,-0.3602233911297435
-4.966164855093388,-0.3497651692791015
-4.956146567756781,-0.33906580128848957
-4.9461040608347755,-0.32838250555243265
-4.936041330306348,-0.31772000387652083
-4.92626412660414,-0.30726187689058887
-4.916038718396085,-0.29639659192881096
-4.90576676382436,-0.28557342689055454
-4.896171621038437,-0.2742708133632518
-4.886372410636762,-0.26271326828742897
-4.876311199474289,-0.2508078265326981
-4.866277896933261,-0.2394293292964305
-4.855440731349775,-0.22870552350883588
-4.844482237790909,-0.21782937854494488
-4.833832337352073,-0.2072412574083958
-4.823038729938334,-0.1966453548363544
-4.812216495778636,-0.1861405250946657
-4.80133186809487,-0.17590047814902723
-4.790361508750344,-0.16533068515456897
-4.779633288434931,-0.15501193909967928
-4.769327150761336,-0.14511074576659977
-4.758991270460608,-0.13531283348285666
-4.748792851919027,-0.1258632808944051
-4.738578511395861,-0.1162865253459095
-4.728604035188435,-0.10694154377001373
-4.71888856302794,-0.09781336915265315
-4.709580130651389,-0.08919173262717958
-4.700387169960079,-0.08047814096282685
-4.691551662674248,-0.07206366933687505
-4.682896000030798,-0.0638726508131164
-4.674171851351964,-0.055742108742610014
-4.665531721952314,-0.04768200441621809
-4.657130923800247,-0.03991926771378362
-4.64881616492095,-0.03210302691851266
-4.6412275239182055,-0.024973595949299845
-4.63302019901487,-0.01857321620045888
-4.625059982782303,-0.012479854761598325
-4.616929026240737,-0.006531086803378924
-4.608908904722955,-0.000674844424314768
-4.600943461693078,0.005114034891347958
-4.5931713777400835,0.011062725067106607
-4.585821095247687,0.0166581835762918
-4.5788643634209,0.021770579531537528
-4.571959534607035,0.02705612701860281
-4.565584161279047,0.03189902067786702
-4.5591629331772445,0.03649120002991528
-4.55323759672175,0.04106345471827801
-4.547582570706417,0.04540971379644048
-4.542188202315989,0.04929437630098103
-4.536985699993401,0.053324696467517786
-4.532635225097543,0.05661711780585184
-4.528296638520811,0.059918925433514555
-4.5244851023135855,0.06256645639028212
-4.520798347990037,0.0651097040740037
-4.517308992176171,0.06781824965422242
-4.513901106593147,0.07042584669306527
-4.510395351412761,0.07215686445142684
-4.507109588122079,0.0737973106025132
-4.503153025609282,0.07467603266908475
-4.499576115715666,0.07508367884929515
-4.4965320822454204,0.0750455556615132
-4.493821290130225,0.0750918148796364
-4.491234875634619,0.07497303700461912
-4.488958386721495,0.07453109486374372
-4.4866171410946345,0.07403458472404828
-4.48461223782058,0.0732310458648001
-4.483093194589812,0.0719480213542591
-4.481572778354977,0.0706638402866559
-4.480084052360483,0.06927358446701794
-4.478469575596285,0.06799074693921275
-4.476941061247017,0.06678031767107728
-4.475546143125161,0.06547285209960957
-4.474590572720618,0.06379471328803668
-4.473865473949249,0.061725155504493937
-4.473353031650887,0.05950917844380549
-4.4729256207621555,0.05724240970217765
-4.472774889376509,0.05513655319216779
-4.472565382146988,0.05276750707959579
-4.472728269603752,0.04996381174226449
-4.473103658444999,0.04680462743313271
-4.473013668280478,0.04304790279477655
-4.473820355736919,0.03851068703724837
-4.4747629466847485,0.03383576134671724
-4.4760828118831135,0.028781309071329794
-4.47760060287924,0.02364028787654596
-4.47921944146435,0.018547927793811037
-4.48123573116163,0.012964167993033657
-4.4838192574262905,0.007093346954095755
-4.486817196515837,0.0010905629781784569
-4.49019783908418,-0.0053852994097436276
-4.4939111779189105,-0.01212669782346678
-4.497943386729218,-0.018802104193791577
-4.502070946910355,-0.02560112512840845
-4.506178727791885,-0.03240866023631079
-4.510199227478753,-0.039109739731898054
-4.514280145874229,-0.04557950717252683
-4.518338398565695,-0.051776492445820325
-4.522539549579074,-0.05812847366108602
-4.5267115227814365,-0.06450549267779347
-4.530583734023295,-0.07062792371607594
-4.5338744058120275,-0.0761733026136877
-4.53701242828431,-0.08198052302575214
-4.539831554088401,-0.08743225046339494
-4.542776734221078,-0.09299039397768241
-4.545785283182532,-0.09876138891443076
-4.548707330330357,-0.1046183144893849
-4.552116243188198,-0.1099205296166304
-4.555260954699925,-0.1149612723839919
-4.558606310796899,-0.1198352354004072
-4.561813747509119,-0.12450337976893007
-4.564899607051539,-0.1290987653302914
-4.568031026967716,-0.1334626578147289
-4.571486486308882,-0.13809957989239877
-4.574734034618054,-0.14247994309317716
-4.578141667545443,-0.14672816159979205
-4.581193133660619,-0.1506766182108406
-4.584206755036692,-0.15457839098885612
-4.587649131584662,-0.15812469459941342
-4.591436955955561,-0.1619620803723194
-4.59538179025527,-0.16599310747641544
-4.599370253432519,-0.16998915328610995
-4.603284925830728,-0.173932891195084
-4.607074401759374,-0.177636083054595
-4.6111867169952685,-0.18163174273336674
-4.615293213917025,-0.18562258532515513
-4.619496616733355,-0.18961927791017147
-4.62339444676777,-0.19387031226347795
-4.627379735486904,-0.19827951192065568
-4.631573782970555,-0.20274519141512154
-4.635788418312967,-0.20719512552404712
-4.640998422230243,-0.21156968588923566
-4.6458895277559495,-0.21564767264199816
-4.650814682459542,-0.21969790292786903
-4.655574851272419,-0.2235442387651305
-4.660841286449017,-0.22781713409720114
-4.666070738524751,-0.23212148937709567
-4.671363309611997,-0.2365036091426687
-4.676522395254453,-0.24077325027522736
-4.68174592475774,-0.2449904514047142
-4.686683239679518,-0.2488537196010448
-4.691541816156508,-0.25265061103306047
-4.69624920451771,-0.25657303810358983
-4.70105362684798,-0.26061521971832613
-4.7063910343434125,-0.26510646387989134
-4.711681316117309,-0.2696376918259764
-4.71729107853186,-0.2745637081384876
-4.722778712783184,-0.27955861781487645
-4.7280769619502605,-0.2845306454296723
-4.733671042228516,-0.2896693469967838
-4.7397291376945265,-0.2948456497931529
-4.746472646782562,-0.3006869475923351
-4.753695444470418,-0.3067342649842124
-4.76128678141207,-0.3130611595135045
-4.769089799664007,-0.3197052773509562
-4.776647208203613,-0.3262897194351969
-4.784683707217938,-0.3331215245935001
-4.793338175203359,-0.34072810155610866
-4.8018985456683465,-0.3486140539237607
-4.811066520365114,-0.3570661336192835
-4.8205085944313355,-0.36589413491873746
-4.829840381812181,-0.3746586029649234
-4.839982108253071,-0.3844625016910766
-4.849857760373383,-0.39398322214721954
-4.860042138826237,-0.4038867934988144
-4.870930076004985,-0.4145154908426299
-4.882047203946272,-0.4250943500411412
-4.893310989607153,-0.4358552719280657
-4.904844296807438,-0.4472424016266029
-4.916274720966092,-0.45841348740160276
-4.927786646874546,-0.4696859051834368
-4.939526750031611,-0.4813640275973495
-4.951055524996557,-0.49309539766123994
-4.962714261384447,-0.5050745001354032
-4.9742630653677775,-0.5165960723462362
-4.9858604588199364,-0.5281585347571294
-4.997655131204546,-0.5400796141759341
-5.009407216149285,-0.5520334394053829
-5.021012975751579,-0.5637799181714386
-5.032287835959373,-0.5753227002053285
-5.043679840012977,-0.5867692988844362
-5.054997389194739,-0.5979695955673148
-5.066301462037899,-0.6092745261802116
-5.0773744036064645,-0.6207630396358366
-5.0882799483806584,-0.6320423432280922
-5.098550433300543,-0.6427987562878349
-5.108688427010816,-0.6536587076555607
-5.11872030519357,-0.6643237463501073
-5.128720056105794,-0.6750803677724111
-5.13846314749581,-0.6860387445284063
-5.148371209420967,-0.6971638704922156
-5.157988821145512,-0.7080285603330804
-5.167501063268843,-0.7189737132195022
-5.176634493315869,-0.7295232714029161
-5.185446049279641,-0.7398540885339591
-5.194206602745455,-0.750221481321039
-5.202243026787682,-0.7609640679791926
-5.210189112873942,-0.7716297007533826
-5.2180790615722135,-0.7820134006474039
-5.2256730277227295,-0.7922364732940043
-5.232681988103282,-0.8023182465561747
-5.2388866361574955,-0.811586955948256
-5.245148932238573,-0.8200945945668484
-5.2503588501755605,-0.827555759685954
-5.255198983314748,-0.8346140667104581
-5.259589933853066,-0.8408698170235676
-5.263091940045767,-0.8463732467689375
-5.266049477508151,-0.851037346606598
-5.268807961429576,-0.8550582219142334
-5.270146063462053,-0.8578767464480075
-5.271072727685795,-0.8602955302639359
-5.27145622331686,-0.8619669468922907
-5.270468510975804,-0.8623033761148702
-5.2692561759212,-0.8628165048918216
-5.267503313340873,-0.8626586955996282
-5.26428731293542,-0.8612619099725861
-5.260926081368919,-0.859979269228644
-5.25683988813181,-0.8577969559130958
-5.2519188009263225,-0.8549075751397929
-5.24652033059959,-0.8525079638866927
-5.240718232946727,-0.8496079201081452
-5.23429073218462,-0.8461171698129819
-5.227879519197014,-0.842552651924039
-5.221031212553698,-0.8384464302543548
-5.213599417389037,-0.8341046658662897
-5.205619928890479,-0.8297986220829223
-5.197322364064414,-0.8250985850875177
-5.189037615828483,-0.8202364704534878
-5.180558239441521,-0.8154203642652224
-5.17181977865596,-0.8102837131541113
-5.162545051730307,-0.8048454458919031
-5.1526945238630235,-0.7992256503062768
-5.142399951934091,-0.7930565061294322
-5.1319007677483786,-0.7864164308321641
-5.121263529823311,-0.7798794817488331
-5.110537015369485,-0.7732322605988485
-5.099514575914683,-0.7661895167683539
-5.087981257792385,-0.7585981555041932
-5.0756760101016045,-0.7502360951749364
-5.06321478851139,-0.741898160744027
-5.050551843515115,-0.7336166234325743
-5.037324775780155,-0.7248989057448457
-5.024061078276697,-0.7160266384646835
-5.010232984648936,-0.7070415164494721
-4.996011549736517,-0.6975716815427964
-4.981704753420558,-0.6881693261343689
-4.967664118023022,-0.677909594447436
-4.953519270303101,-0.6675127558661785
-4.939503217214492,-0.6573418117181539
-4.925293776062138,-0.646839624802689
-4.911374123218921,-0.6365348318597259
-4.897784082134724,-0.6266561690980659
-4.883638963054351,-0.6166302978186331
-4.870024585315228,-0.6071423129388916
-4.856358752572969,-0.5976977117521498
-4.843180691038254,-0.5888878899717817
-4.830441655115223,-0.5804303358082936
-4.817565026151262,-0.5720864695818476
-4.804770961534719,-0.5639648511956868
-4.792486478191102,-0.5561815016330677
-4.780537979695775,-0.5481275531603479
-4.769313476819219,-0.5409124869901448
-4.758157915246276,-0.5345726480393399
-4.7472866158497595,-0.5282030960140877
-4.736771841430637,-0.5221457879335335
-4.726897034514094,-0.5166327030931314
-4.716973858289673,-0.5110666745095466
-4.7076442352664465,-0.5059488652541616
-4.698620656307272,-0.5010912930477432
-4.6901948490829986,-0.4960485302605925
-4.682110030344918,-0.4910984624222748
-4.674715475804584,-0.486735851403487
-4.667375814220415,-0.4822513937260781
-4.660492652906165,-0.47795390692582984
-4.6540750187348525,-0.4740527331457924
-4.648162188911021,-0.47015810281547854
-4.642704834468046,-0.4660551785663949
-4.637772434855573,-0.46239930451000383
-4.6332690382129265,-0.45901008723439873
-4.62890250336408,-0.45565605500866346
-4.625852406226446,-0.45358632660801085
-4.623195741595783,-0.451194087194798
-4.621344108124289,-0.4497848005886077
-4.6206511417845295,-0.4493623025858439
-4.620231991852964,-0.44871530683383515
-4.620346734245596,-0.4487201636254026
-4.62086497764597,-0.44901212856901734
-4.622949769397454,-0.4507505335803236
-4.626032039642121,-0.45244760638380055
-4.629961935379185,-0.45484861590565817
-4.634959095026704,-0.45793024140080807
-4.64117447954566,-0.4609896933812484
-4.647621434993069,-0.46433127553051806
-4.655921239236232,-0.4688837979255458
-4.6650410429759965,-0.47330216416546117
-4.674560683774171,-0.4778815452833361
-4.6849652230377865,-0.4832128948471526
-4.696036394801799,-0.48826801602291986
-4.707118683118449,-0.49326638391141486
-4.718765873567232,-0.49874349568747256
-4.730833902074271,-0.5041479932824076
-4.743036436016452,-0.5096925013957274
-4.755823490374891,-0.5157318187211627
-4.76911777222749,-0.5217197876182637
-4.782431695664125,-0.5275637345565334
-4.795661497312621,-0.5333336484769187
-4.809063905133751,-0.5390824221243867
-4.822497097070359,-0.5447412130814187
-4.836290722581904,-0.5507031875369155
-4.850485973387643,-0.5568610683868502
-4.864432632523706,-0.563283682963086
-4.878860249808615,-0.5688203798817631
-4.893544167894374,-0.5737539781239337
-4.908287535644519,-0.5784456900035675
-4.922906090045954,-0.5831039182870349
-4.9375806423606585,-0.5878067760347033
-4.952535588387096,-0.5927053579494137
-4.967551697986674,-0.5976568812396764
-4.982510873749826,-0.6025309856620539
-4.997356271709666,-0.6071836362869916
-5.012116011024248,-0.611762733823202
-5.026643654635396,-0.6161426925272865
-5.041327443178408,-0.6207113665986824
-5.055841551107201,-0.6254214781963215
-5.070193658456857,-0.6299923090620022
-5.084301201249465,-0.6342553185860653
-5.098081085546944,-0.6387855570243237
-5.111348594517742,-0.6428811862002568
-5.124266635664944,-0.6465386956826521
-5.1371599125198095,-0.65022043682487
-5.150183887345507,-0.6516509305922947
-5.1629370903628855,-0.6532050052614577
-5.175022665313044,-0.6539238030729496
-5.186393168661515,-0.653900184208329
-5.197229919566296,-0.6536647748736247
-5.207403995399815,-0.6525990667978954
-5.217786763433567,-0.6513828444071325
-5.226958852633947,-0.6491460678180067
-5.2355200348556705,-0.647266132605234
-5.243556683592465,-0.6445364215786822
-5.250379375578054,-0.6407851087952448
-5.25627345689638,-0.6371688009273808
-5.262299219716883,-0.6331712422385923
-5.267193563023154,-0.6282231088555638
-5.271436552794874,-0.623631160470659
-5.2755779091607975,-0.6186449892303076
-5.279029644232558,-0.6130801422644242
-5.281594339748482,-0.6075275124648782
-5.284408230916717,-0.6018285032301159
-5.28680680491314,-0.595781326243309
-5.288822687883168,-0.5898569350011681
-5.290971677546339,-0.5835871836671732
-5.292970479994658,-0.5771913891294987
-5.294477563496229,-0.5708675009502329
-5.2971829589209225,-0.5631275875544749
-5.3000818685097,-0.5555463355067409
-5.302645979267697,-0.5478732562919694
-5.305223093902895,-0.5402176977866358
-5.307829535333524,-0.5324910555988127
-5.310332151532617,-0.524926300785702
-5.3127053455105955,-0.5174107480109873
-5.31447183036584,-0.510658601395921
-5.316320812965331,-0.5039755821356751
-5.318108608627505,-0.4973416301089373
-5.320117365583819,-0.4909877602124535
-5.32190493253291,-0.48445040487144386
-5.323333309371315,-0.4778789214216179
-5.324457222052369,-0.4712332064499938
-5.325837395508317,-0.46483033518179245
-5.327092139488085,-0.45845163546984913
-5.328496884238121,-0.4525638291413618
-5.329579222029329,-0.4464089895848101
-5.330558091248107,-0.44010603676751986
-5.331527068653411,-0.43381413812874997
-5.332749895600436,-0.42773374616098764
-5.334035146443847,-0.42169981877597595
-5.335438310374662,-0.4159233369228935
-5.337934275853543,-0.4088644529589953
-5.3404859136662814,-0.4018783587873019
-5.343082761034232,-0.39485723757465147
-5.344750703205904,-0.3892482390479747
-5.3464742663542415,-0.38368623642212346
-5.348082281648778,-0.3782940580339582
-5.349716385670751,-0.3731115774477197
-5.352057578475299,-0.368515122593329
-5.354679721996232,-0.3641032855584819
-5.357118102309809,-0.35994197042738396
-5.359457781527808,-0.3557000080895732
-5.361799940306636,-0.35158735410298747
-5.364052943953784,-0.3475565684407499
-5.366770460893825,-0.34383979112176377
-5.369875488216543,-0.34061906079986504
-5.372798543148686,-0.33754445013545953
-5.375682545031208,-0.3343897360726683
-5.378648015101728,-0.3313324908663863
-5.3816076221007645,-0.3285648430813831
-5.3848314876445835,-0.3256225500857593
-5.388406772040936,-0.3230549612931218
-5.392328236749299,-0.31991663679842264
-5.3962781457778535,-0.3169837511103113
-5.4002747892033875,-0.31419159149628967
-5.404227165180139,-0.31143481003081025
-5.407953105931497,-0.3084253511458664
-5.411940461817184,-0.30570365035841357
-5.414741609979385,-0.30422466486961663
-5.417463965495241,-0.3026854000778899
-5.420201442260862,-0.30106524607889645
-5.423145178916447,-0.29932434970304594
-5.425685638323344,-0.29734843578162595
-5.427858464206545,-0.2949121513851903
-5.430368473421058,-0.2922054724262191
-5.432958687929798,-0.2895720183650983
-5.435145210329999,-0.28639680341160134
-5.437429484424362,-0.2831432361766664
-5.439209836258785,-0.279405324926998
-5.440501668081089,-0.27495277189376754
-5.4423397895509735,-0.270061634956193
-5.44407397722745,-0.26513409603268223
-5.4451813546236485,-0.2594878101050847
-5.4464860763584,-0.25368265615487445
-5.44800092152601,-0.24702447819134019
-5.449159513623305,-0.24007358783255922
-5.44968436316063,-0.23232337575680773
-5.450424031937706,-0.22439711326505524
-5.450329082220386,-0.2157860279016805
-5.449805282970789,-0.20665493960516282
-5.448999184208388,-0.19739777743207337
-5.446591463623393,-0.18898365688891994
-5.443615933004894,-0.17983559355760603
-5.44042076571395,-0.1708615549171472
-5.436200467847924,-0.16101331711971228
-5.431731410546838,-0.15084164792698915
-5.427084126987564,-0.14081090735222462
-5.421566103127103,-0.13001504731197258
-5.415489454491392,-0.1186466562870344
-5.408837229756854,-0.10774124510282053
-5.400899288096151,-0.09569918277821186
-5.392607523639622,-0.08405511401240914
-5.384233911832922,-0.07217862079379592
-5.374938926430908,-0.0595477294444664
-5.364902296163533,-0.04720403508247278
-5.354544153549338,-0.0344445346153333
-5.343361710931587,-0.021151096903282242
-5.331946853538899,-0.008144921753703365
-5.320787325581982,0.005190202301518037
-5.309522563583947,0.01868836172670057
-5.297182641383621,0.03266862530644704
-5.284542625682757,0.04635217484784855
-5.270928462696718,0.05981455949218265
-5.257015898770064,0.07369978655174737
-5.243023859862346,0.08751820505512611
-5.228666538678282,0.10137499018458933
-5.213955538356936,0.11544782039820295
-5.19917701602055,0.12963733431462715
-5.184124967557327,0.14402760685747001
-5.168796216047496,0.1586428134953937
-5.153632277851617,0.17295022231040189
-5.138076063403232,0.18737658969534834
-5.122692955944255,0.20166170052154417
-5.107772656047631,0.21562604447046804
-5.092217194997101,0.22991857188616086
-5.076200806725195,0.24462078599584378
-5.060299222145724,0.2591763730157955
-5.044376821989101,0.2737082218168044
-5.028770935138499,0.2879821784221556
-5.013577354825249,0.30172650223868375
-4.997967180841756,0.31511596588215735
-4.982418866038679,0.32883618633029976
-4.966995437670342,0.34239770584288703
-4.951484208958614,0.35587698550336827
-4.9353980329235005,0.36891166982396884
-4.919701030226156,0.38168495764654037
-4.904723721228064,0.3936904727789243
-4.88945139190907,0.40558621253048743
-4.8745460426683165,0.417334689111294
-4.8600264490886795,0.4284984156458583
-4.845279148557496,0.440066952910757
-4.831285087326042,0.45130979517605985
-4.817568717679186,0.46219812649931313
-4.804132764986765,0.47307724391949907
-4.791512446586071,0.48310182189963435
-4.779125617799537,0.49282838476830976
-4.766866169173076,0.5029848069384236
-4.755426305119236,0.5126042721907443
-4.744144011098726,0.5220227184444967
-4.733439378781161,0.5317649260823314
-4.723823873777188,0.5403558737481868
-4.7147009622480205,0.5491920963702289
-4.705839321002915,0.5577475060774205
-4.698412242338287,0.566241630052841
-4.69142404003579,0.5748674347056687
-4.684564100893016,0.5832797546493635
-4.67846796922632,0.5910502034346631
-4.672589753243315,0.599006577876571
-4.666618418583926,0.6064990825082354
-4.660807722326609,0.6137859703727483
-4.65558952655018,0.6202235728414521
-4.6505349454162035,0.62699429883598
-4.645830384099355,0.633317016567897
-4.641456565269863,0.6392559589587604
-4.637256054548764,0.6452482014726237
-4.633415794299343,0.6507793271610082
-4.629916359835228,0.6557786805484026
-4.626377935056717,0.6607479551046992
-4.623145745488623,0.6653252172134921
-4.620212244067328,0.6695803860608865
-4.617274504185316,0.6739132393734794
-4.614682950637299,0.6778029048041851
-4.6119670762750875,0.6813073417105271
-4.609462024263761,0.6844281050751875
-4.607458075360449,0.6869073387189009
-4.605598887505922,0.6888223540357165
-4.603692944362697,0.689765486223301
-4.601873317321811,0.6902519805759855
-4.600070926486688,0.6906975161261579
-4.598992757376537,0.6903345847871761
-4.597743339081706,0.689824160525691
-4.59689547650426,0.6884863316328984
-4.596703165963746,0.6864602684114941
-4.596368181755948,0.6843116164328907
-4.596493823641383,0.6816372492837846
-4.59688725470782,0.6786903674268174
-4.596858169910296,0.675380448791931
-4.597034366333626,0.6718493310320669
-4.597925276204821,0.6675865799816804
-4.598713537462735,0.6632365516512373
-4.600233611372028,0.6580761523862433
-4.601706252135556,0.6526688648298816
-4.603147986079221,0.6465681609665349
-4.604514038980437,0.6404987897011729
-4.606303218250185,0.6342773113186345
-4.607941405136503,0.6278694809662628
-4.610148575478611,0.6208265307852319
-4.612311669748605,0.6134795285227408
-4.614684736320319,0.605866012388608
-4.616148454681051,0.5973524447873088
-4.617415786671214,0.5886732757473501
-4.618765480246082,0.5799666267298826
-4.620315135632533,0.5709545418578271
-4.621106009259533,0.5611007120278185
-4.622357488241364,0.5512004912701558
-4.623951415144965,0.5409139287629421
-4.62527442664475,0.5304926615552531
-4.626738156246075,0.5200179649243527
-4.628257839734957,0.5093958589694491
-4.62947723358251,0.4989023858658266
-4.63135018768307,0.4882431753014287
-4.633665348479144,0.47707562123530395
-4.635784347193014,0.4656077019336931
-4.638140077413879,0.4540630987706103
-4.640611634787212,0.4423478181129111
-4.642685199375746,0.4307073452770724
-4.644981654329339,0.4191405411512109
-4.647573741307787,0.407201777449354
-4.650044010679989,0.3950688385747583
-4.653074850681544,0.38251345883068777
-4.655924776537533,0.36972804776953877
-4.658938773929289,0.35673747698664654
-4.661165572511229,0.3428765813958774
-4.662967782852728,0.3292211665944108
-4.664686761412934,0.31567340826567086
-4.666927632122276,0.3021078825552623
-4.669390768570791,0.28890900666955066
-4.671698847735813,0.2759081915728624
-4.674102694700711,0.2628575796475892
-4.675989762677138,0.25017852441467214
-4.678051105112231,0.23766537985686043
-4.679864780933631,0.2254711531530957
-4.681138502120491,0.21335930056313973
-4.68250666218804,0.20132887605459068
-4.683772804607654,0.18952394637466013
-4.6848260590387305,0.17779001462612273
-4.686191392464808,0.16639812734412684
-4.6872653041145185,0.155299053642952
-4.687754426513629,0.1446531107751529
-4.688561564544072,0.13398607261841478
-4.688855767789042,0.12364247880341037
-4.6890146149196825,0.11341216699187322
-4.689233010775161,0.10382464858769018
-4.689445041436502,0.09437362978566795
-4.68811254652262,0.08364140768078833
-4.686943356970731,0.07306889589746929
-4.685566687746715,0.06275526679204416
-4.683869990528137,0.052441143809000265
-4.682039042028936,0.04228609172141344
-4.680893645883859,0.033280721397378844
-4.679878014523361,0.024383539862022876
-4.67812096138154,0.016104008974843313
-4.676192413896747,0.008038923183996129
-4.674133665959563,-0.00013471009549233923
-4.671352635048839,-0.0077054603527213095
-4.668304860399609,-0.014942797007602135
-4.665108646617311,-0.022303679798157037
-4.661341417357686,-0.029184311156837794
-4.657107460848439,-0.03598156458180612
-4.6529369023270615,-0.04260742886869134
-4.647958211874229,-0.04855651739581811
-4.6423066066145005,-0.05438772699762897
-4.636699160168505,-0.05973456723551273
-4.6305998360542215,-0.06466861707748861
-4.624173759008575,-0.0695156863604165
-4.617835465689282,-0.07404870591998272
-4.61087591795476,-0.07805990292650918
-4.602056489031173,-0.08357547382744204
-4.592996567452456,-0.08845194005763896
-4.583135861050382,-0.09270174894009854
-4.573351134074042,-0.09657586377842675
-4.563144490500751,-0.10019361019424501
-4.553573629573819,-0.10230045248224327
-4.54362387049969,-0.10375947371684083
-4.533541902616034,-0.10532472869536674
-4.522853915120509,-0.10637975873379726
-4.5121943914693565,-0.10709907998168228
-4.501423710705511,-0.1077214081977188
-4.490355758030958,-0.10809322031477198
-4.478982484647417,-0.10792158919617159
-4.467536533422505,-0.10782633383112879
-4.455703515308745,-0.10740460692870983
-4.443806872267022,-0.10645655365799053
-4.431981741550791,-0.10544732825025584
-4.419947521689944,-0.10426190248683416
-4.407711696123645,-0.1026993399647026
-4.395384631362352,-0.1012902518477907
-4.38304079787031,-0.09986758010105445
-4.370563468499809,-0.09816889125444893
-4.356758622396104,-0.09774837393132284
-4.343133302046977,-0.09711714692466134
-4.329576409258193,-0.09654630218963021
-4.3162606667270715,-0.09627319237820398
-4.302735165207729,-0.09617440250313317
-4.290515412588119,-0.09456309569799123
-4.278090795248218,-0.092697835899445
-4.2654039218220055,-0.09070696517537043
-4.252890601973783,-0.08840654649027811
-4.240323558147652,-0.08618179601581175
-4.227815578606982,-0.08402994487886661
-4.215696598009719,-0.081899428229236
-4.2038855668159245,-0.0804713279917478
-4.192285700994289,-0.07930106968841369
-4.181088643764572,-0.07790094894760999
-4.169968292458323,-0.07695763985363917
-4.159135985107511,-0.07636498473895373
-4.149043818718005,-0.0757789045537104
-4.139034793480633,-0.07590226912070357
-4.129707169248111,-0.07636657040940222
-4.120816728065334,-0.07722608117321374
-4.112291079579692,-0.07840233158749692
-4.1044184791901275,-0.07966845212276612
-4.0968871568596565,-0.08130597712309001
-4.088792907693576,-0.08428574053356112
-4.080749616486081,-0.08722114231732501
-4.0731389474621,-0.09068148581868044
-4.066413470498175,-0.0949019145625424
-4.061063895539399,-0.09744150499721256
-4.056564593566643,-0.10100579350534765
-4.052397832243427,-0.10477088749735515
-4.048308495618694,-0.10878909516901557
-4.044587246323473,-0.11299331016618197
-4.041609337630318,-0.11783540949091655
-4.038850799727757,-0.1234753486103891
-4.036735170969753,-0.1296252422441642
-4.035191649428684,-0.13626625295508057
-4.033983041070624,-0.14357910947495545
-4.033103988407344,-0.15114262281089416
-4.033038112396218,-0.15960831765031358
-4.03327708954109,-0.16862723146091427
-4.034730482608564,-0.17855509582273318
-4.037105574865151,-0.18946171493111935
-4.0398202928526965,-0.2006678949521237
-4.043798389079533,-0.2130836456324666
-4.048756776027708,-0.22657545023265613
-4.052502822029939,-0.2421988018214085
-4.059471829070691,-0.2607387432353725
-4.066750876125018,-0.2793390758593622
-4.075433428166534,-0.2996171466742825
-4.087309874481693,-0.32019825033892296
-4.099463643289709,-0.34054737453534467
-4.112691967134799,-0.3621988376581687
-4.127638986127865,-0.38513702000652267
-4.143765461867697,-0.4091858697679011
-4.159916836096725,-0.4331348666628519
-4.1778339061995355,-0.4586836174544031
-4.197031241915594,-0.4855699183749106
-4.216102436895046,-0.5127214789247236
-4.236161100682048,-0.5406072585140764
-4.257132586137896,-0.569580743611637
-4.277637562512233,-0.5985823328077833
-4.299113974769126,-0.6279854347460113
-4.321088092033516,-0.6579810385713533
-4.3427783652168985,-0.6880910808911243
-4.3649750012840025,-0.7182488548140515
-4.3871005012380415,-0.7483215593404661
-4.408800448383706,-0.7781007065450685
-4.430633832428325,-0.8073592967330961
-4.450982790864451,-0.8374217459914287
-4.471080213144844,-0.8673077481362874
-4.491168399806379,-0.8972010374700482
-4.510471989087328,-0.9263127367091827
-4.529432887102252,-0.9550558314294584
-4.549169150788529,-0.9827563602143412
-4.568192698303557,-1.009665950430351
-4.5865018541692315,-1.0357264311725556
-4.604584982063444,-1.061375725644675
-4.622287540384792,-1.0863024217002235
-4.639081656202354,-1.1101502858087646
-4.655849798951998,-1.1339338062137136
-4.671840651205615,-1.156904646527968
-4.686872637292502,-1.178737548289755
-4.701869149826705,-1.2000744665301586
-4.716369411854168,-1.2205331889858282
-4.7297769991781315,-1.239696056650802
-4.7430872067949,-1.2585190782054456
-4.755439453514927,-1.2759403839822145
-4.766941963125876,-1.2926179253099102
-4.778028351021678,-1.3084927394683061
-4.788713574766291,-1.3237067536804208
-4.797346389776093,-1.3371211073815434
-4.805785825314554,-1.3496494425325385
-4.813413400019234,-1.3632341726785333
-4.818773220973098,-1.3745547311384243
-4.822513968751894,-1.3842627765799438
-4.8279939389276585,-1.3918309801743782
-4.829591432527162,-1.3954419594040282
-4.83006675978571,-1.3982760489968977
-4.829836729835089,-1.3996474074844756
-4.826588631262502,-1.3980795706845182
-4.821842625467072,-1.395766367934819
-4.816008378116061,-1.392153324869082
-4.80758644366625,-1.3862156683736087
-4.79718739868882,-1.3782367443298154
-4.786853391578083,-1.3702020265479784
-4.774205222599914,-1.3599123383388583
-4.759255183325176,-1.3472494902485919
-4.744668892272198,-1.3342934309648373
-4.728323440022639,-1.3195433538421733
-4.710413584577858,-1.303165687184096
-4.692827530982941,-1.286520629072405
-4.67388180838237,-1.268490797932944
-4.653267558089644,-1.248739541659697
-4.633072575872052,-1.228639337515272
-4.611736002555921,-1.207278455758659
-4.589541911951355,-1.185106670323516
-4.568387998551365,-1.1615756247014541
-4.547100339578639,-1.1375065665002746
-4.526295591100085,-1.1115891472721535
-4.505573343895092,-1.0853259122354046
-4.484115500445296,-1.0581709928652905
-4.462403218511842,-1.0307888077159437
-4.440384948134709,-1.003086652186727
-4.418079361598021,-0.9749859926236722
-4.3961683556674735,-0.9466810321411674
-4.374123132541758,-0.9182161042349942
-4.351442307494146,-0.889201231417549
-4.328988420736999,-0.8602665286614993
-4.306619357605369,-0.8315193377771839
-4.2839057895043435,-0.8024133345061057
-4.262018717631361,-0.7740429118021267
-4.240392999230491,-0.746124317131839
-4.218275825918697,-0.7181786459449361
-4.196731856967335,-0.6910183849578321
-4.175159692516709,-0.6640198057855496
-4.154582955632649,-0.6356885326435859
-4.134473117947506,-0.6079077068835055
-4.114770539942104,-0.5806714771680862
-4.0945303305442255,-0.5532273720622977
-4.0748509126598895,-0.5264454076650019
-4.055780515044669,-0.5006353866738973
-4.0358106157576055,-0.47460010863214747
-4.016337371754537,-0.447220186051419
-3.9977186399677387,-0.4210283342343058
-3.979525882200181,-0.3952061175725919
-3.961008433261611,-0.36962146805343865
-3.943118857991485,-0.3451565220903732
-3.9258752524213683,-0.3212527248600069
-3.908149567941406,-0.2974125219421731
-3.8913565101173875,-0.27480952189391555
-3.8753470004949406,-0.252886980905807
-3.8592036947557244,-0.2308188762170745
-3.8440130684318343,-0.2098141758094455
-3.8299132493970496,-0.1897557438972111
-3.8155915680211296,-0.16971461621070788
-3.801887321290295,-0.15072160931775958
-3.7892121433649337,-0.13262054508586218
-3.77629322882077,-0.11449335860112345
-3.7643076039766927,-0.09733740555593615
-3.753182661992702,-0.08092692471412655
-3.742300406587063,-0.06454407090834406
-3.731900190496494,-0.049104139125677786
-3.7225733478982637,-0.03459323617351458
-3.713109364999168,-0.020341471611274656
-3.7045099972236883,-0.007183486576734318
-3.696958842540451,0.004937362180965909
-3.6885443749377527,0.0156345907491442
-3.6803639359168154,0.025403628479171356
-3.672945040112948,0.03444177270783471
-3.665815496977306,0.04285284384021139
-3.6591317641100636,0.05005875305068657
-3.653739175560951,0.055960465976798435
-3.6490972179183006,0.06108143127596568
-3.644606736246044,0.06572183404914989
-3.640936909004409,0.06896264327532114
-3.6381588929205257,0.0712539550015449
-3.6355020895255574,0.07261010271763234
-3.6337920474905916,0.07284354266897537
-3.6327905052042277,0.07243247602211973
-3.6319851305949866,0.07153996606456597
-3.6317029486145525,0.07004973962508461
-3.6321020892592153,0.0679720128282621
-3.6323372605060684,0.06532553126566205
-3.6332707759160816,0.06219484010779953
-3.634735266265955,0.05842338264461534
-3.635561495211159,0.05278147930493925
-3.636510739901866,0.04650332667560598
-3.6383393511819393,0.039412614532566274
-3.6410664163834987,0.031547621174887824
-3.6436082582340856,0.023618805233165473
-3.647159534287117,0.015019667984738016
-3.652697324294988,0.004704181236572316
-3.6584727637986596,-0.006022459077111285
-3.6655141036049135,-0.01806970908830487
-3.6747969137379317,-0.03205517110369156
-3.6841649770675473,-0.045992403350083304
-3.6951370676495183,-0.0614529809204114
-3.709002224990282,-0.07941813779615427
-3.723078967743133,-0.09754097980642298
-3.7392711866919646,-0.1180349856870678
-3.758899760625878,-0.14150652306684644
-3.780796832397268,-0.1667583817863991
-3.8029889205739646,-0.19174368391223495
-3.828974801017543,-0.22051959384687028
-3.855237328526241,-0.2492151386894341
-3.8848427178857525,-0.2809674037286358
-3.9139418154857397,-0.3134955175458022
-3.944205114784931,-0.3478089214618007
-3.9752920766124347,-0.3829486417251554
-4.0071296235452945,-0.41902620574916316
-4.038321165487903,-0.45540158352850774
-4.069879542027019,-0.49178237352726323
-4.101712924711159,-0.5285761126369483
-4.133314743615201,-0.5653999587257073
-4.1651070392835,-0.6023291068364004
-4.197051161943334,-0.6394383956660523
-4.228710661460807,-0.6764206481140889
-4.260447711573705,-0.7131825759680345
-4.291936797310873,-0.7496512149145832
-4.323351595956283,-0.7852843653670298
-4.355399188904098,-0.8209022230121332
-4.38676477801848,-0.8557130715235666
-4.418591744993615,-0.8897706902305007
-4.450699464990605,-0.9237255940895925
-4.4816137826654945,-0.956267098451773
-4.513093787709641,-0.9877689824527541
-4.54468342905572,-1.0187441910256425
-4.57488508045268,-1.0480735512585786
-4.605640081829699,-1.0764175212406293
-4.635519644223566,-1.1059710547167239
-4.664470569100851,-1.1345623935520128
-4.692072210091643,-1.161621354581702
-4.720716787838159,-1.1878704090684813
-4.74814269004607,-1.2128974624638431
-4.774746738707181,-1.2367336702836484
-4.8013524695906735,-1.259646316114703
-4.827815525569927,-1.2820212717298434
-4.8528306228194324,-1.3026684678730025
-4.877539992189482,-1.3226630340848609
-4.901753453168818,-1.3419832238456058
-4.924528860498092,-1.3595841162079854
-4.946034489678058,-1.375723615815004
-4.9669735808242805,-1.3912557858236878
-4.986373452440278,-1.4049455219836293
-5.003498964899198,-1.4169256348386667
-5.0200039263827865,-1.4283090309679034
-5.034480432586296,-1.4374920529401352
-5.046081298728093,-1.4444656970261849
-5.057381010406345,-1.451168955762318
-5.065602430351343,-1.4545632934261614
-5.070289053357796,-1.455331520111937
-5.072447289808364,-1.4539879096317556
-5.0734026571605915,-1.452168297592819
-5.0708280515466395,-1.445838639270357
-5.067748275521485,-1.4398950387099665
-5.061230780078101,-1.4304675710973986
-5.054093420625131,-1.4192699977949483
-5.0458269277002925,-1.4065927024663982
-5.0361125361152075,-1.3924861100494894
-5.024462426419763,-1.3764053476830935
-5.012939849038034,-1.3602136019341553
-5.000775473672563,-1.3433191480713442
-4.987210688006305,-1.3250241926777155
-4.973771894853045,-1.3066161281854511
-4.959629288089355,-1.2874220360147763
-4.944149044084102,-1.2668828151111922
-4.928727099445368,-1.2462792764976753
-4.91281687610523,-1.2250642434109762
-4.896658953613129,-1.2036342418187154
-4.880399459126703,-1.182262847629885
-4.863392445491787,-1.1601003557314988
-4.845921817009397,-1.1375663020068345
-4.828062588158535,-1.1153179684936898
-4.809508099304874,-1.0922644106990902
-4.791448615989492,-1.0699069367106042
-4.77280066760505,-1.0479980750952957
-4.7539770678799735,-1.0257919668097861
-4.7376276756679525,-1.0024786162875172
-4.720934839945605,-0.9794295769061484
-4.705056287820939,-0.9548915138159987
-4.68891345001461,-0.9298828220495873
-4.674208512565476,-0.9060001216958324
-4.658380463390521,-0.8822411875862727
-4.642810559053316,-0.8585447700891998
-4.628504137840692,-0.8357005885178752
-4.612912948190388,-0.8125145246827505
-4.597771490494352,-0.7896401343726113
-4.582578410152557,-0.7668820716279378
-4.567360360253563,-0.7441435460110053
-4.5521965695312785,-0.7213660296405074
-4.537699799621739,-0.6995982586310736
-4.522810071363657,-0.677782526224973
-4.508184826674344,-0.6561950592537458
-4.493941382448689,-0.6353153259648892
-4.479407956599054,-0.6139025641241582
-4.465463903229883,-0.5931993917212437
-4.452189057312653,-0.5731353490830359
-4.4391419398092395,-0.5529596725329161
-4.427295275226048,-0.5319419379067105
-4.416977884342505,-0.5123718804178986
-4.406590022354692,-0.49286447198113237
-4.396431775807755,-0.4737271087321137
-4.387303881751152,-0.4555429598697751
-4.377648245267604,-0.43798864227811257
-4.368351445520205,-0.42025795667549853
-4.359849120984946,-0.4034868268284572
-4.352429889513504,-0.38775562950990966
-4.34529482702211,-0.3720295930442965
-4.339116040653825,-0.3574593778058604
-4.3339889311018105,-0.34377262540056197
-4.329316878139132,-0.3301297671876076
-4.3259040751186815,-0.3180102411354261
-4.323390228408349,-0.30655550336512316
-4.321767950438152,-0.29582604870795753
-4.321565814343993,-0.2868164768145266
-4.322240859384582,-0.2783862052208085
-4.324048440830825,-0.27090970200919184
-4.327411996095435,-0.26531994279293947
-4.331515023008671,-0.2595333546990386
-4.337026266665439,-0.2555733722738697
-4.344075330339651,-0.2534809007534811
-4.352118312534736,-0.2514897384088061
-4.360632865698263,-0.248782021016366
-4.371546886668143,-0.2483441843790331
-4.383463322893632,-0.24901709733344357
-4.395807284055098,-0.24933045895757566
-4.40921216071434,-0.25093982929166
-4.422371043439624,-0.25579993813011453
-4.435699745942332,-0.26051703561269
-4.449538980417958,-0.26578747138879893
-4.465530488029959,-0.273157573991271
-4.481966674765651,-0.28015677107855175
-4.499233891017098,-0.28800106589075664
-4.517776303146333,-0.2971080063003782
-4.536466280237623,-0.3060913898306062
-4.555912000912207,-0.3159152006435386
-4.5760772123617475,-0.32642628830996856
-4.597320446439393,-0.33750603156276504
-4.618481661830719,-0.3489099786627936
-4.640620374437926,-0.3612380772833601
-4.663218908469829,-0.3731881566201514
-4.685811958907378,-0.3851312036676101
-4.708897096923006,-0.39749098948567635
-4.732292677082316,-0.4095229908536705
-4.755888046884229,-0.42162164975451666
-4.779849190246657,-0.434024326862621
-4.804285917597807,-0.44604510669059305
-4.830013704919786,-0.4563254487200674
-4.854579149982114,-0.46744999873646415
-4.8786549582665355,-0.4780152282217485
-4.903248199104822,-0.48816769506081237
-4.927708398525706,-0.49804354267895445
-4.952040378252298,-0.5077041306382106
-4.976319124377373,-0.5171113886968383
-5.000432624120046,-0.5265456386684698
-5.02369841138735,-0.5350481311934396
-5.046633687885681,-0.5429961607355444
-5.0692170836560235,-0.5510001572016454
-5.090828810780214,-0.5580147827748172
-5.112297211394984,-0.5648667026332245
-5.133324207692862,-0.5716619447591733
-5.153097343168204,-0.5770815751630665
-5.172270881158365,-0.5818762538601038
-5.190099206591901,-0.5862869057117206
-5.205931973635364,-0.5886702994404137
-5.221412856914084,-0.5908222142580678
-5.23522632606914,-0.5924077751370117
-5.2478196450233465,-0.5924569173613947
-5.25894095868475,-0.5921009644450066
-5.267389202900538,-0.5908655520269361
-5.2760121291070705,-0.5863421984615523
-5.2829072859590935,-0.5811226597586145
-5.288269657960328,-0.5775215095255336
-5.291678084309143,-0.5722449454095352
-5.293327267201544,-0.5652156346244853
-5.293506780560839,-0.5593576192723307
-5.292859831999561,-0.5524589754330402
-5.289990983899584,-0.5437052108415492
-5.285813089129893,-0.535998279337042
-5.281248292366577,-0.527804281308035
-5.274340160858162,-0.5176555433743445
-5.265907388107362,-0.5080311406590134
-5.256714286677853,-0.49762048819276605
-5.24609548178689,-0.48678896168461905
-5.234395049512986,-0.47585862452132105
-5.222415693433115,-0.4645743556183379
-5.209426057237612,-0.4528276135806213
-5.195705816460419,-0.4409245480011417
-5.181882436280817,-0.4288877117357968
-5.1673322374816015,-0.4168160376134015
-5.1523412954116345,-0.4049724034129365
-5.137340040848104,-0.39363282551994433
-5.12186216579638,-0.38205899932642046
-5.105865129719761,-0.37042100026897645
-5.090120258733677,-0.3590930381425925
-5.073976291225703,-0.34748860627052114
-5.057688683558941,-0.33648249481822773
-5.040092181376342,-0.3271623666703894
-5.022639394289488,-0.31827150911355134
-5.005434847136478,-0.30958358755818216
-4.988065533391333,-0.30100422138685196
-4.971158739179503,-0.2929068669844131
-4.954554370916909,-0.28508835637398006
-4.938399181225736,-0.27782160832420305
-4.9222546604283695,-0.2705632104495902
-4.906478363444093,-0.26362253480256326
-4.891656401654694,-0.25764261573841285
-4.877365026331594,-0.25124287037460014
-4.863819907859121,-0.24553621649549323
-4.850620509998026,-0.24017255477097568
-4.837713684238418,-0.2345810675318784
-4.825137116669641,-0.22919937363892706
-4.813447771872141,-0.22478080943751935
-4.802328293383035,-0.21990372541223208
-4.792407235603524,-0.21605329841709137
-4.7822235852285715,-0.21318725994534088
-4.772578417618241,-0.20994422673091184
-4.763097043708192,-0.20717434996811743
-4.7543672211456975,-0.2049546043470665
-4.746537799117293,-0.20214525542775827
-4.7373617002492425,-0.20131764575088795
-4.729379264211425,-0.2014759222859108
-4.722222491023737,-0.20107768121119604
-4.715244915011008,-0.20073738959995427
-4.709299244941762,-0.20125408726808566
-4.703707193319451,-0.20120791357250817
-4.698390517598916,-0.20150252655126566
-4.693871426327866,-0.20236736142671963
-4.690228730150573,-0.20305797740369327
-4.686835910564932,-0.20405813368598757
-4.684137221337919,-0.20588790758630177
-4.6821485657419055,-0.20777269907561438
-4.680476117365288,-0.20989368312987983
-4.679367191432885,-0.21178453748438603
-4.679004322996776,-0.21430350067705198
-4.679069668222739,-0.21735261799763067
-4.679266306143811,-0.22029357641110647
-4.680066934596658,-0.22374331121193486
-4.680902760207461,-0.22723694359209964
-4.680961939783648,-0.23185809446457595
-4.680896697719524,-0.2367270475833425
-4.680914143422352,-0.2412311743175945
-4.681658617443868,-0.24632033465014871
-4.682505595214249,-0.25182433006793636
-4.6834783584269895,-0.25744356133791024
-4.684654636275355,-0.2632438344038613
-4.685196474188034,-0.26911148921209593
-4.686085091557383,-0.27540801095586664
-4.686950284060917,-0.2814807959172073
-4.687599662085718,-0.28755514368762775
-4.688470487106214,-0.293903187765349
-4.689428583952682,-0.3003945716469041
-4.689838106977705,-0.3067854947000041
-4.690148811633769,-0.3130548500156001
-4.690679652800299,-0.3193374130548342
-4.69113173969385,-0.3256105390930023
-4.691271581924485,-0.3317043538924842
-4.691123911718632,-0.33805829106716523
-4.69093733520721,-0.3440781935908466
-4.690547074852507,-0.34992172928473786
-4.690361251664553,-0.3560906364953614
-4.690300161676633,-0.3624755594669396
-4.690034436171876,-0.36873486360904584
-4.68846146586306,-0.37660200552559114
-4.686826612054544,-0.38439373850959957
-4.685822947045438,-0.3914313853396573
-4.684673583664513,-0.3983041456963196
-4.683967154109775,-0.4053321310330475
-4.683320327131798,-0.4127058169788137
-4.6827677310691245,-0.4202291372849377
-4.682433388757967,-0.42777404197657537
-4.682245212144453,-0.4350635672681415
-4.682038564606073,-0.4423378656420303
-4.681803527373631,-0.4497390572498057
-4.681585744676266,-0.45717307177227734
-4.682152525990199,-0.46507064707421103
-4.682595168953606,-0.4728170544829713
-4.683065559122208,-0.4805417410223039
-4.6832022494896295,-0.4879832666757083
-4.683194705771855,-0.49524914467666886
-4.683398608017977,-0.5023432804740612
-4.683804304382633,-0.5096101877928114
-4.684397174042774,-0.5171066664099928
-4.684985496548626,-0.524607804035032
-4.685309725955318,-0.5318845987745268
-4.685440687523919,-0.5389262216974005
-4.685734247408124,-0.5458362900588105
-4.685404278092307,-0.5532136005251542
-4.685110949010819,-0.5606369149437733
-4.685796420872979,-0.5665127347076524
-4.686582172016512,-0.5723072329409479
-4.687351784486993,-0.5780368536800478
-4.687888660232786,-0.5834394206799757
-4.688606740870887,-0.5886953822702945
-4.689354155403924,-0.5940257076411408
-4.689736690054573,-0.5989833263168185
-4.690433568442373,-0.6036862187888075
-4.690689499429428,-0.6078529632572435
-4.691108670991786,-0.6121600402684202
-4.691669406146219,-0.6163530987630333
-4.692027880528845,-0.6203008176135334
-4.692159821184967,-0.6239182659025821
-4.692386832322211,-0.627210370357875
-4.692330973173169,-0.6303448957542399
-4.692044704598262,-0.6332829780169956
-4.69169444016951,-0.6360577633932749
-4.691202783312436,-0.6385048879581482
-4.690680445660972,-0.6409265323160354
-4.689928619108247,-0.6433533445677768
-4.688932932139183,-0.6460873208480223
-4.687254584877452,-0.6482374881224273
-4.685370287591752,-0.6500766563337994
-4.683325881677429,-0.6517928263552577
-4.682380798456989,-0.6518876783007163
-4.681333083155385,-0.6518582654305306
-4.680069892553507,-0.6520034216723092
-4.678547122391361,-0.6519655500587787
-4.6764431584999935,-0.651333537432373
-4.674543160943519,-0.6505358582894631
-4.6722240700772355,-0.6493134016120405
-4.669721482135468,-0.6479113522853124
-4.667069650068655,-0.6468374407659407
-4.66437451395942,-0.6457265167301504
-4.661399185583999,-0.6442758487094558
-4.6583128623803365,-0.6429148128389617
-4.654363861612351,-0.6408142234539475
-4.650557517959117,-0.6388867909260528
-4.646707074923823,-0.6369949970729236
-4.64264272141636,-0.6348427724657283
-4.638535749303753,-0.6326452709752545
-4.634222228024368,-0.6306153463008118
-4.629752512186112,-0.6284522864474293
-4.625123912301603,-0.6261133198335398
-4.620278021819555,-0.6240690580403957
-4.615537201734537,-0.6220980878053901
-4.610749111105836,-0.6200701521707326
-4.605805789084338,-0.6180243458442312
-4.601250109441763,-0.6154444677525523
-4.596459340489177,-0.6125800009906689
-4.591820373309994,-0.6098458685343902
-4.587334068099377,-0.6069869737871406
-4.582977846130263,-0.6042856811573603
-4.5782159493317,-0.6012362232268365
-4.573470582682003,-0.598173146411767
-4.5684713517746784,-0.5948029749166028
-4.563774224198405,-0.5916921913316844
-4.559110465018638,-0.5885536827745131
-4.554725285722548,-0.5857522939818072
-4.5503242352271975,-0.5829373190736994
-4.54588471414967,-0.5801535224239796
-4.541314663718961,-0.5772120019287919
-4.536861987485726,-0.5745089424970515
-4.532360299119648,-0.572097285610672
-4.5281307730484,-0.5698296451846696
-4.524064357188977,-0.5677021176838309
-4.520051596124096,-0.5657488322894988
-4.515988960806633,-0.5638913535004967
-4.5119405391421585,-0.5620500859388111
-4.507825096949393,-0.5601828687254484
-4.504070025944582,-0.5582367853544924
-4.500982579146628,-0.5568642325742972
-4.498237415763486,-0.5559049895008582
-4.495541615531062,-0.5549053876248716
-4.4928537175163425,-0.5539125399793766
-4.490232577634805,-0.5531439429992491
-4.487743230867445,-0.5523037589358729
-4.48563981868792,-0.5520862224444266
-4.483736991186858,-0.5521106547757074
-4.48197189336085,-0.5521822534834755
-4.480551900208938,-0.5525891762571367
-4.478930407240776,-0.5528448238131668
-4.477337095665205,-0.5530774316089968
-4.475608983104696,-0.5531517624623824
-4.474209588492338,-0.5535617670999408
-4.4730787746385525,-0.5540615527093207
-4.472259929496706,-0.5549091078084805
-4.471238826907809,-0.5555602321628244
-4.469980077873413,-0.5564924194672968
-4.468914156143133,-0.557656955712066
-4.4680391524673935,-0.5586942363515337
-4.467414356658753,-0.5597086498310826
-4.466834020838989,-0.5607765894804281
-4.466413267704855,-0.5617916674928912
-4.4664183622338225,-0.5626278897501451
-4.466368589684407,-0.5634184468482615
-4.466509826926596,-0.5641923824815847
-4.466651518950401,-0.5649666862589543
-4.466821814925206,-0.5656059752230587
-4.467488778031413,-0.5661509869288728
-4.46848910000299,-0.5669828555549532
-4.469589630544001,-0.5680202082441044
-4.470994510949159,-0.5688321027344087
-4.472868043083546,-0.5700472578957658
-4.474715712544104,-0.5712330612182546
-4.4770682592764075,-0.5722458868390534
-4.479841445484539,-0.5736205652085224
-4.4828349302644375,-0.5752336109971623
-4.486016997858453,-0.5763442879509509
-4.489793216417285,-0.5779658918598113
-4.493390623467079,-0.5793574189390953
-4.49749159823825,-0.5806051817998673
-4.501611210690312,-0.5817874201729356
-4.50613012812481,-0.5830226336105302
-4.51046472483134,-0.5840345181286478
-4.515162220236943,-0.5846670938518086
-4.520342378936798,-0.5856231742144117
-4.525350080520131,-0.5863694473602171
-4.5304567381322975,-0.5870354871803978
-4.535697915920884,-0.5878072048487679
-4.5407174056818285,-0.5882621057321592
-4.5455011619319095,-0.588434250262616
-4.550137870383225,-0.5884267824030801
-4.554757204605907,-0.5884278204746382
-4.559255102015592,-0.5886803357644133
-4.563921542358512,-0.5889907129401802
-4.568438654961474,-0.5891717300775542
-4.572761165821784,-0.5891915043314297
-4.577474844509936,-0.5896831674302678
-4.581672083866059,-0.5899206941403812
-4.58541109165153,-0.5903071670767402
-4.589581669876704,-0.5911210487677716
-4.593757882620601,-0.5919228163817978
-4.597956128105267,-0.5929542070691299
-4.602387070926186,-0.5943286110441376
-4.606313346307277,-0.5952158082367166
-4.610256060149961,-0.5960903029760968
-4.614833205030354,-0.5964522686519073
-4.619582031347103,-0.5965408325099073
-4.624337588701793,-0.596644060078465
-4.628854968692347,-0.5969416356114725
-4.6334749334776975,-0.5974024560082288
-4.637899656092156,-0.5976792642502448
-4.642288836328945,-0.5979852006105534
-4.646375252112774,-0.5979844251907968
-4.650233565619428,-0.5978041770815995
-4.653847952177879,-0.5978224373254429
-4.657504205210404,-0.5978606090613745
-4.661298970333427,-0.5980369476023217
-4.66493245438253,-0.5983444978718229
-4.667988176548173,-0.5980756643327905
-4.670671621720707,-0.5974374148946496
-4.6731471615006805,-0.5969681918010306
-4.675195734395969,-0.5960471030899936
-4.677333381610704,-0.59521116388105
-4.679105695960482,-0.5943706803745399
-4.680311311505554,-0.5930456740310773
-4.681203731969226,-0.5910013110708038
-4.682147556132613,-0.5887209244922984
-4.682423259681394,-0.5856963192872177
-4.682592385389467,-0.582542179155276
-4.682766617551692,-0.5796106546433284
-4.682874983299906,-0.5766937591846365
-4.682702342838669,-0.5736254576401656
-4.6822527731084,-0.5703223374749065
-4.681210811153418,-0.5671418130344154
-4.679886180966874,-0.563472708459772
-4.678857461461018,-0.5601098821228828
-4.677842582677307,-0.5569599168864935
-4.676889904530678,-0.5538104382649266
-4.676001994230487,-0.5507166056317452
-4.674992883333425,-0.5475717359495778
-4.673968529688148,-0.5445314674165717
-4.672838838187487,-0.5414016429434952
-4.672023551107122,-0.5382196794753348
-4.6710589123419854,-0.5348965557394472
-4.670392218366706,-0.5318279676224543
-4.670078827393076,-0.5288256754954489
-4.669388666189231,-0.5254869681947696
-4.668802156840074,-0.5222369303951457
-4.668639354938091,-0.5187939360323459
-4.669043840103401,-0.5142209301303688
-4.669561126537352,-0.5095649640506792
-4.670346313858933,-0.5049697996151264
-4.670931517247747,-0.500130959785042
-4.671860327456309,-0.49560152974100286
-4.6727129156706395,-0.4909540712580712
-4.67300900787145,-0.4868570514404977
-4.673483174590613,-0.482659525716978
-4.673986599536873,-0.4784869065714762
-4.674805631580306,-0.47457048375929206
-4.675496312446294,-0.47032843268351654
-4.676621274928227,-0.4664557390410704
-4.677648231717487,-0.4626231540837565
-4.678897358990351,-0.45887741919679265
-4.680486111876991,-0.45542026172109973
-4.682365745193012,-0.45207235749659613
-4.684513929256896,-0.4485947262337422
-4.686657672786527,-0.4451427771602704
-4.689129144323819,-0.44227660592972917
-4.691899339764551,-0.4396300174098798
-4.6951158661064385,-0.43744335907622667
-4.698590081538759,-0.4356217180844372
-4.702571143826315,-0.4338749022712356
-4.706602869011481,-0.43221427960406494
-4.710906720775034,-0.430498513899564
-4.71560542378142,-0.42911776831163706
-4.720521235798161,-0.4281189638004841
-4.725024858446263,-0.42765071763439566
-4.730050495944343,-0.4277988410446258
-4.735655511423765,-0.4280683271646955
-4.741004427649612,-0.4285741221113318
-4.746522695219233,-0.4292340930820285
-4.752152270342191,-0.42980314642152473
-4.758095736339625,-0.4306504705771216
-4.764558887252137,-0.43200545080283903
-4.7707513583638335,-0.43358144627009093
-4.77708670672576,-0.4353912845011027
-4.7832249041478265,-0.43699223980395996
-4.789259829426769,-0.43867717904912884
-4.795479110762069,-0.4405679654384258
-4.801806462968965,-0.4425787449887922
-4.807930926136097,-0.4447543851822237
-4.814597337744791,-0.4475562598926856
-4.821348776971463,-0.4503918360599423
-4.828079113448973,-0.4532438950824907
-4.83483456533061,-0.45619321042563693
-4.8414828736082525,-0.4589851890323967
-4.848199244335739,-0.46172108816470747
-4.855397072714786,-0.46497150443597407
-4.862965495031949,-0.46755736258266317
-4.8702371431002875,-0.47143220262617347
-4.877724585317854,-0.47513160395948256
-4.885029672611768,-0.4786716016348343
-4.892454935190884,-0.4818971508048874
-4.8997036621655745,-0.48488413701868094
-4.907189419692856,-0.48785976267742653
-4.9146701310207455,-0.4908154460180069
-4.922159135771771,-0.49376481426427077
-4.929425640710726,-0.49644771697208795
-4.936446423827616,-0.49887566129499633
-4.9431771501203,-0.501196436735191
-4.949382513085471,-0.5029795372963928
-4.955719681187303,-0.5046960539172298
-4.962085959730654,-0.5065879207518217
-4.968357365520584,-0.5083884559779883
-4.97451728958744,-0.509936715236963
-4.980396571809339,-0.5116222642371245
-4.985969556833824,-0.5129270650283324
-4.991186147834247,-0.5136660656514372
-4.996635019184354,-0.514068725072912
-5.001945329861178,-0.5142697481642307
-5.00691716074683,-0.5141894556950415
-5.011542279290154,-0.5143888838943327
-5.016036412989571,-0.5144326323497248
-5.020250363197609,-0.5148717173405188
-5.024076058639562,-0.5150224611066768
-5.027525079697749,-0.5150396802944052
-5.03117334601033,-0.5153047956770092
-5.034294564840703,-0.5152364109886384
-5.037082004447327,-0.5153677784367948
-5.039917659060507,-0.5155593988685319
-5.042459434419657,-0.5157518988336919
-5.0445458635173015,-0.5156583442132049
-5.046586702840459,-0.5155083391623762
-5.048274788798685,-0.5150711148148764
-5.049965456050602,-0.5144333391946446
-5.051524209474643,-0.5136315956727784
-5.053101586411071,-0.5129604381473408
-5.054685350353994,-0.5121856856240892
-5.055944585164138,-0.5110067843970081
-5.057360890297351,-0.5096433564406411
-5.05879308171281,-0.5078566608412768
-5.059789412781648,-0.5055267444795032
-5.060802654327284,-0.5028765615739995
-5.062186157857689,-0.49976479141344926
-5.063443635783976,-0.4964690398268536
-5.064271386757707,-0.4926642670547551
-5.065443211191013,-0.4885823327184031
-5.066052198764474,-0.4837975428710243
-5.066027280359396,-0.47942293996543617
-5.065969875185993,-0.474367597024846
-5.065085016352445,-0.46894955992652143
-5.064292331103327,-0.46361379017926874
-5.0635828677617605,-0.45816738804345875
-5.062676337208563,-0.45247393902500066
-5.061565278547787,-0.4468196864980233
-5.0609690542055,-0.44090111898760403
-5.059786243881611,-0.43459011393947666
-5.058585628002941,-0.42834474174558346
-5.057541556548351,-0.4219170860423557
-5.056230277545094,-0.4150677699766143
-5.0551205396183905,-0.4084838748472554
-5.054024679309157,-0.4018870285464477
-5.052605828421453,-0.3949345601146716
-5.0506362027696445,-0.3875313888208863
-5.048508806195308,-0.38025417262998723
-5.046110653326903,-0.3726139611009283
-5.044055706373151,-0.3643188533860655
-5.041610837414841,-0.35633866640737777
-5.038895087278259,-0.34879188859401533
-5.035673935290334,-0.34082218380456525
-5.032202333150175,-0.3330334287427605
-5.028683419650919,-0.3250263460379626
-5.024749211598651,-0.3166720278294104
-5.020384336866662,-0.3086418910143956
-5.016268085009346,-0.3008750001465449
-5.012137171753165,-0.29343883643309415
-5.007822372227805,-0.2857717964010941
-5.003185949532646,-0.2783663926591362
-4.998263348636754,-0.270722240523078
-4.993292806592039,-0.2630179047948433
-4.988443176106216,-0.25521494193730726
-4.983911475548115,-0.24767702180570353
-4.979495252615281,-0.24028407653691142
-4.9750046650248,-0.23295172054371174
-4.970413877167342,-0.2255087912349571
-4.9655696641043425,-0.21794541097542067
-4.960790587037905,-0.21035372193478583
-4.956721531401669,-0.20198025622551513
-4.952871955892346,-0.193840813313037
-4.948771705484477,-0.18578547645211052
-4.945035766343837,-0.17803375411857342
-4.94123297277422,-0.17035715893797765
-4.937408082646289,-0.16307441024670014
-4.933226379926622,-0.15619499356882688
-4.9290588037663525,-0.14910401552570277
-4.925572605347355,-0.14273609079707703
-4.921910795522135,-0.13687731402081127
-4.918553554476396,-0.13138024390521505
-4.9155147829949675,-0.12614834586432466
-4.912052517736685,-0.12120646752620193
-4.909257668332583,-0.11676852228128916
-4.9065594340530705,-0.11241127932738042
-4.903747287123388,-0.10859864550086173
-4.901469705450135,-0.10514929955866786
-4.8997558174121165,-0.10216882122036479
-4.8976729456873365,-0.09965177133811184
-4.896023524208197,-0.09766141559187187
-4.894711705090309,-0.09595179337316385
-4.893269796046643,-0.09440703337425456
-4.892459538729382,-0.09334001511791869
-4.892276172626681,-0.09249537713352475
-4.89215528175721,-0.0919916118036467
-4.8922234998954295,-0.09175606086272944
-4.8931003657473005,-0.09219253240034544
-4.893982057752916,-0.09242492004712463
-4.895337244757366,-0.09294750389525978
-4.896697040140328,-0.09450099477070927
-4.898380992251636,-0.09599016616457652
-4.899930672637898,-0.09751984457052944
-4.902119103221592,-0.09958021167295165
-4.904381051221984,-0.1012377398699957
-4.906702860043046,-0.1031041252394241
-4.909362785515501,-0.10525146100663182
-4.912617391888336,-0.1072830081141735
-4.915476617571214,-0.10916956662267839
-4.918623211886907,-0.11095716880901141
-4.921953481034438,-0.11288972992954206
-4.925532750861931,-0.11461705062720397
-4.929652899571679,-0.11688592667402477
-4.933547065904974,-0.11891452642889545
-4.937372692339405,-0.1209991594478068
-4.9414357235704855,-0.12334968671993977
-4.945479789368981,-0.12564078428100195
-4.949416441592863,-0.12801978856444068
-4.953642922744538,-0.13051862379027726
-4.958083686561189,-0.13308992560584548
-4.962686642777765,-0.1357632245501827
-4.9665814841674045,-0.139311801814806
-4.970701894711024,-0.1431866019748836
-4.974768342816332,-0.14704174743194784
-4.978447766266798,-0.1510246032007617
-4.98233491430135,-0.15511052138128903
-4.986281872356238,-0.15916890794569732
-4.990107358521252,-0.16336755433584962
-4.99415868782008,-0.16810824701856494
-4.997827256877994,-0.17253087412038248
-5.001165654989641,-0.1768617332447985
-5.004524420177764,-0.1812396946640176
-5.007730487850238,-0.18580823591594398
-5.011258094941717,-0.19078208816745343
-5.0146975040976605,-0.19582682680195754
-5.018158402414413,-0.20088907870624198
-5.021444413894659,-0.2057307567693338
-5.024578538178919,-0.21069540842991327
-5.027290237399068,-0.21530853954046345
-5.030128325279623,-0.22008076157406894
-5.033019317080213,-0.22480846980896763
-5.035764647087389,-0.23054355463877865
-5.038546396137485,-0.2363242976138186
-5.041141224864241,-0.24225649868584972
-5.0433723249639275,-0.24818369650093813
-5.045530097512886,-0.2540181529380932
-5.047828305767602,-0.2597374298619215
-5.050248204180286,-0.2655576127202695
-5.053039635731382,-0.2718453642040694
-5.055553530054985,-0.2783576621681161
-5.05814076305654,-0.2850155019449793
-5.060999547277276,-0.2918576116013363
-5.063942796302174,-0.2986297584026883
-5.067013217037042,-0.3056511847374518
-5.070430932044894,-0.31303007463081267
-5.073904721581917,-0.3203614657156
-5.077577106227502,-0.32790309824579994
-5.081560717834751,-0.3356280776695364
-5.08557893144182,-0.343323431374867
-5.089953642736732,-0.3514666618315449
-5.094286741567901,-0.3595743526058993
-5.098873807607367,-0.36747447316820697
-5.1033692695885815,-0.37525909022621023
-5.108198614464558,-0.3833218134229201
-5.112528102826553,-0.3920353469312097
-5.1169706250913505,-0.40089065666609347
-5.121611315719766,-0.4099110464892196
-5.126642097766525,-0.4187588820580765
-5.13178752393347,-0.42785104640741056
-5.136915270316837,-0.43692089726911953
-5.1419512177202025,-0.44580358771577194
-5.1473632480404214,-0.45490111384761445
-5.152577186478667,-0.46374987923590744
-5.1579185015898155,-0.47268131141526326
-5.163477522579267,-0.48134710199344866
-5.168778440823193,-0.48968895258719725
-5.174074473894026,-0.49764150328358425
-5.17973440346891,-0.5056583236551278
-5.18525599536966,-0.5135015913879768
-5.190838348526858,-0.52140991286552
-5.196642030117205,-0.5292471440256348
-5.202320300135463,-0.5369270503682383
-5.208155666148991,-0.5442107048860413
-5.213616265761017,-0.5510598172998495
-5.219150462894594,-0.5581532458411677
-5.224462023783997,-0.5651029238280343
-5.229975743988915,-0.5722060497611727
-5.235029967294231,-0.5796964093245008
-5.240048875216561,-0.5871084463740325
-5.24501603029751,-0.5944557660643597
-5.24972647877091,-0.6016911550685643
-5.254527736564423,-0.6077616973686982
-5.259233021563615,-0.6137118292314058
-5.264067281237578,-0.6197139891414664
-5.26874289972323,-0.6254683419819406
-5.273345079901053,-0.6311305404148084
-5.277707694287021,-0.6367996474216673
-5.281891104326521,-0.6420237643043899
-5.285802039240852,-0.6469060084506438
-5.289799013491057,-0.6516467715927361
-5.293609017634582,-0.6561325645742209
-5.296885356139746,-0.6601032981842457
-5.300385466069741,-0.6642356929199705
-5.303883309941516,-0.6676859550844263
-5.307164538545751,-0.6709421425388573
-5.31036688192158,-0.6738171029037181
-5.313232978743303,-0.6762698631608068
-5.31575917452339,-0.6781863502232467
-5.318504771416746,-0.6800651335054027
-5.320894410252424,-0.6814967660300546
-5.322932856428515,-0.6830421076142728
-5.324960006167914,-0.6845972504794453
-5.326784266158913,-0.6859319713376348
-5.328192882520546,-0.6868419786798419
-5.330180549821611,-0.6870237037358509
-5.331749712463593,-0.6867418673903707
-5.333160859007058,-0.6863799303208541
-5.334593243907603,-0.6858605878908959
-5.335809998425588,-0.6851599920431718
-5.336768979166749,-0.6841351071281176
-5.3376617253887915,-0.6831625626149722
-5.337949254209636,-0.6816821056137227
-5.338171043089322,-0.6801186808117686
-5.3384436969837505,-0.6785147168387355
-5.338764858359945,-0.676951033862256
-5.33916536534041,-0.6754866521475549
-5.339336476635397,-0.6742035977641323
-5.339020596540689,-0.6725120836206366
-5.338462579427129,-0.6705159965795723
-5.338090742420398,-0.6683720640209254
-5.337624865667905,-0.6661366719694979
-5.337015976650899,-0.663821006593366
-5.336425523237146,-0.661490274022733
-5.335753205108391,-0.6590200274714727
-5.334958085070087,-0.6563850590972424
-5.3345947838727685,-0.6531892061384891
-5.334026980504687,-0.6497595908851075
-5.333922811705724,-0.6459386179896685
-5.333534769447611,-0.6419291838878975
-5.333234789098268,-0.6375484242545101
-5.332890871071736,-0.6330290811892748
-5.332554033157569,-0.6286196610930763
-5.33235819166426,-0.6241665381274002
-5.3321309066386355,-0.6197131662176297
-5.331675274004559,-0.6151837129274341
-5.33151003196053,-0.6103455107512412
-5.331226125890705,-0.6053088414039453
-5.330652902230675,-0.6003256860919644
-5.330250741938978,-0.595204467008345
-5.329794622629767,-0.5899949461922933
-5.32933603433216,-0.5847987059133498
-5.329270105760774,-0.5796241477627168
-5.328846594529984,-0.5740863824124715
-5.3279384430074055,-0.5686869696548199
-5.327138603798005,-0.5630552647912077
-5.3266247223348095,-0.5579655611847815
-5.326147956341838,-0.5529218204718577
-5.325663477513974,-0.5478831431827405
-5.32596681122114,-0.5416214407409838
-5.326099886652676,-0.5352145670011917
-5.326040225850388,-0.5280743588733723
-5.326274871607734,-0.5206987703307218
-5.326553364520002,-0.5133587425548118
-5.326853814083547,-0.5060454917803822
-5.327326264089599,-0.4985940950405338
-5.327876908917863,-0.4912066749987185
-5.327820373781689,-0.4830490221749146
-5.327731425031104,-0.47491551653858277
-5.327337473744294,-0.4665267436875329
-5.326865333447273,-0.4580373428992586
-5.326444573904588,-0.4495051042927106
-5.325955338473696,-0.44075840512388714
-5.325512406407855,-0.43205747811591794
-5.325071743183494,-0.42335238286412386
-5.3245592187330475,-0.4145505357209508
-5.323644144676474,-0.4054340659997882
-5.3224641740981316,-0.39652764081174446
-5.32133484744185,-0.3875649651281411
-5.319826586891868,-0.3783216104776457
-5.317966933007275,-0.3693580385874589
-5.3158742430419155,-0.36009665378685735
-5.313562623255632,-0.3507068761448528
-5.312167838262233,-0.3400371320834556
-5.31072356030911,-0.3293036751284145
-5.308916651072776,-0.3188221463023357
-5.305964562751985,-0.30826514130578236
-5.30261712789679,-0.2972830965196197
-5.29900908232194,-0.2865080670713633
-5.295139970515651,-0.27551695475959714
-5.291020974694714,-0.26469728904091
-5.286660354776867,-0.2545762912145388
-5.281464385409541,-0.24376632421603125
-5.2759571875056075,-0.23278389766774502
-5.270006550326,-0.22202846717835026
-5.263832611872365,-0.21108947686632165
-5.257556713802517,-0.20070629939102677
-5.25127315094345,-0.19082051577380593
-5.2448680549459015,-0.18083552246446272
-5.238238456676711,-0.17092281925484423
-5.231490946358342,-0.16131883595392307
-5.2243628964792155,-0.15140246918735795
-5.217089814330305,-0.14178083494866686
-5.2098874935432296,-0.13242054027208983
-5.202897210382824,-0.1232358160743573
-5.19578231922909,-0.11426531810495562
-5.188958965742226,-0.10450694293535798
-5.182270395951674,-0.09505518605872264
-5.1753073030631525,-0.08561923877766317
-5.167440580369018,-0.07728256142638498
-5.1599040592677365,-0.06894860190939628
-5.152924275749729,-0.06124857754516805
-5.145501141312817,-0.05381867872616088
-5.138048956419347,-0.04648177594613618
-5.130682827774946,-0.039254003614287415
-5.123350575971004,-0.03230974618518924
-5.116256174862336,-0.025292983063085576
-5.10973411077784,-0.019006280787351483
-5.103130251874879,-0.012967505739301433
-5.096940884301716,-0.007137147148046595
-5.090884136227738,-0.0014752734201583485
-5.085227568556057,0.003771378948464668
-5.080003273977937,0.008615390027089576
-5.074974025759145,0.0132001088739483
-5.0700020223317255,0.017626843647663145
-5.065280302616604,0.022087722475813695
-5.060931168384621,0.026275913283495347
-5.057153641880173,0.030410471524739035
-5.053600895325995,0.03426539821573519
-5.050721886540474,0.03746607482645439
-5.0483461865995585,0.040532876282476246
-5.0463438598754555,0.04339864845630228
-5.044764461274047,0.045924203901017625
-5.042342122971766,0.046786474854336804
-5.040337984243712,0.04720532109470476
-5.038538525779746,0.04779252566241992
-5.037869255380819,0.04726756161236628
-5.038063359989521,0.045870138854214884
-5.038621982566673,0.0447738179239311
-5.040036787815553,0.042815411888917826
-5.041775659877603,0.04058434924721013
-5.044111422538654,0.038846221007371874
-5.047473078883611,0.0361405094051067
-5.051625782438408,0.03269162756392346
-5.056646752556937,0.02914877874911677
-5.062428414490364,0.02498066020401008
-5.06805584004208,0.021009155248796662
-5.074150179706202,0.01742234776652788
-5.080654424404381,0.013498674150214142
-5.08739402495764,0.009304139329691933
-5.094585109476663,0.0050954373739972875
-5.102179942858062,0.0010253099762230864
-5.109741879381518,-0.0028771751945661714
-5.117371790297457,-0.0066962237973754645
-5.12473944769428,-0.010224711402340346
-5.131901181126253,-0.01348943312343372
-5.138598738896109,-0.017377236858723718
-5.145145769793896,-0.020938342868165066
-5.151857922812694,-0.02457905602685535
-5.158251074346417,-0.02797009983606806
-5.164227272913386,-0.03116991466514578
-5.17001409012447,-0.03425028692588542
-5.175460814026648,-0.037072415731970385
-5.180767535362204,-0.039566183974332786
-5.186293258786772,-0.04204763318099923
-5.191530110848801,-0.044291691139389425
-5.196497493855042,-0.04653260638730208
-5.201366674440994,-0.048677780047479274
-5.205667472619585,-0.05035636070993301
-5.209633681099755,-0.051775089656598564
-5.213939820231712,-0.05314424190387958
-5.217757899170421,-0.05411278272376384
-5.221530456702169,-0.05517132976016203
-5.2251376812375385,-0.05591320167273538
-5.228463070764115,-0.05642369505095797
-5.231434148935289,-0.057311635084589745
-5.23424831912494,-0.05799786067453195
-5.236884987252824,-0.05830778037400772
-5.239301015911585,-0.05844202711071635
-5.241612087660965,-0.05844120713283848
-5.243652720364317,-0.058114042363399274
-5.2455633570380105,-0.057905931098003974
